Ref,Val,Package,PosX,PosY,Rot,Side
"C1","2.2uF","0402-TIGHT",60.7441,-164.3126,180.0000,bottom
"C3","1.0uF","0402-TIGHT",60.6806,-160.4391,180.0000,bottom
"C4","1.0uF","0402-TIGHT",60.7441,-156.6291,0.0000,bottom
"C5","22pF","0402-TIGHT",61.6331,-150.9141,-90.0000,bottom
"C6","0.1uF","0402-TIGHT",62.5856,-150.9141,-90.0000,bottom
"C7","22pF","0402-TIGHT",62.9031,-146.4691,0.0000,bottom
"C8","0.1uF","0402-TIGHT",60.8076,-146.0246,180.0000,bottom
"C9","1.0uF","0402-TIGHT",64.5541,-148.5011,-90.0000,bottom
"C10","47nF","0402-TIGHT",63.6016,-148.5011,-90.0000,bottom
"C14","10uF","0402-TIGHT",62.7761,-132.3721,0.0000,bottom
"C15","2.2uF","0402-TIGHT",63.7921,-135.7376,90.0000,bottom
"C16","2.2uF","0402-TIGHT",62.7761,-133.3246,0.0000,bottom
"C17","1.0nF","0402-TIGHT",60.1726,-148.3487,90.0000,bottom
"C18","22pF","0402-TIGHT",62.8396,-135.7376,90.0000,bottom
"C19","100pF","0402-TIGHT",62.7761,-134.2771,0.0000,bottom
"C20","2.2uF","0402-TIGHT",62.0141,-138.1506,90.0000,bottom
"C21","100pF","0402-TIGHT",61.0616,-138.1506,90.0000,bottom
"C22","100pF","0402-TIGHT",60.7441,-133.3246,0.0000,bottom
"C34","22pF","0402-TIGHT",68.4276,-145.3261,90.0000,bottom
"C35","0.1uF","0402-TIGHT",66.7131,-144.9451,90.0000,bottom
"C38","0.1uF","0402-TIGHT",66.5226,-150.9141,-90.0000,bottom
"C39","22pF","0402-TIGHT",67.4751,-150.9141,-90.0000,bottom
"C40","22pF","0402-TIGHT",66.0781,-148.5011,-90.0000,bottom
"C41","0.1uF","0402-TIGHT",67.0306,-148.5011,-90.0000,bottom
"C45","2.2uF","0402-TIGHT",60.6806,-161.3916,180.0000,bottom
"C46","1.0uF","0402-TIGHT",69.3801,-133.1341,90.0000,bottom
"C48","2.2uF","0402-TIGHT",68.6181,-164.3126,0.0000,bottom
"C49","0.1uF","0402-TIGHT",62.3951,-158.7246,90.0000,bottom
"C50","0.1uF","0402-TIGHT",67.7291,-155.7401,180.0000,bottom
"C51","0.1uF","0402-TIGHT",62.9666,-160.9471,0.0000,bottom
"C57","1.0uF","0402-TIGHT",71.9201,-156.6291,0.0000,bottom
"C58","1.0uF","0402-TIGHT",71.8566,-160.4391,180.0000,bottom
"C59","2.2uF","0402-TIGHT",71.9201,-164.3126,180.0000,bottom
"C62","22pF","0402-TIGHT",79.6036,-145.3261,90.0000,bottom
"C63","0.1uF","0402-TIGHT",77.8891,-144.9451,90.0000,bottom
"C64","22pF","0402-TIGHT",77.2541,-148.5011,-90.0000,bottom
"C65","0.1uF","0402-TIGHT",78.2066,-148.5011,-90.0000,bottom
"C70","22pF","0402-TIGHT",74.0791,-146.4691,0.0000,bottom
"C71","0.1uF","0402-TIGHT",71.9836,-146.0246,180.0000,bottom
"C72","22pF","0402-TIGHT",72.8091,-150.9141,-90.0000,bottom
"C73","0.1uF","0402-TIGHT",73.7616,-150.9141,-90.0000,bottom
"C74","1.0uF","0402-TIGHT",75.7301,-148.5011,-90.0000,bottom
"C75","47nF","0402-TIGHT",74.7776,-148.5011,-90.0000,bottom
"C76","1.0nF","0402-TIGHT",71.3486,-148.3487,90.0000,bottom
"C82","100pF","0402-TIGHT",71.9201,-133.3246,0.0000,bottom
"C83","100pF","0402-TIGHT",72.2376,-138.1506,90.0000,bottom
"C84","2.2uF","0402-TIGHT",73.1901,-138.1506,90.0000,bottom
"C85","22pF","0402-TIGHT",74.0156,-135.7376,90.0000,bottom
"C86","2.2uF","0402-TIGHT",74.9681,-135.7376,90.0000,bottom
"C89","100pF","0402-TIGHT",73.9521,-134.2771,0.0000,bottom
"C90","2.2uF","0402-TIGHT",73.9521,-133.3246,0.0000,bottom
"C91","10uF","0402-TIGHT",73.9521,-132.3721,0.0000,bottom
"C94","22pF","0402-TIGHT",78.6511,-150.9141,-90.0000,bottom
"C95","0.1uF","0402-TIGHT",77.6986,-150.9141,-90.0000,bottom
"C96","2.2uF","0402-TIGHT",79.7941,-164.3126,0.0000,bottom
"C99","2.2uF","0402-TIGHT",71.8566,-161.3916,180.0000,bottom
"C100","0.1uF","0402-TIGHT",73.5711,-158.7246,90.0000,bottom
"C101","1.0uF","0402-TIGHT",80.5561,-133.1341,90.0000,bottom
"C102","0.1uF","0402-TIGHT",78.9051,-155.7401,180.0000,bottom
"C104","0.1uF","0402-TIGHT",74.1426,-160.9471,0.0000,bottom
"C110","1.0uF","0402-TIGHT",83.0961,-156.6291,0.0000,bottom
"C111","1.0uF","0402-TIGHT",83.0326,-160.4391,180.0000,bottom
"C112","2.2uF","0402-TIGHT",83.0961,-164.3126,180.0000,bottom
"C115","22pF","0402-TIGHT",90.7796,-145.3261,90.0000,bottom
"C116","0.1uF","0402-TIGHT",89.0651,-144.9451,90.0000,bottom
"C117","22pF","0402-TIGHT",88.4301,-148.5011,-90.0000,bottom
"C118","0.1uF","0402-TIGHT",89.3826,-148.5011,-90.0000,bottom
"C123","22pF","0402-TIGHT",85.2551,-146.4691,0.0000,bottom
"C124","0.1uF","0402-TIGHT",83.1596,-146.0246,180.0000,bottom
"C125","22pF","0402-TIGHT",83.9851,-150.9141,-90.0000,bottom
"C126","0.1uF","0402-TIGHT",84.9376,-150.9141,-90.0000,bottom
"C127","1.0uF","0402-TIGHT",86.9061,-148.5011,-90.0000,bottom
"C128","47nF","0402-TIGHT",85.9536,-148.5011,-90.0000,bottom
"C129","1.0nF","0402-TIGHT",82.5246,-148.3487,90.0000,bottom
"C135","100pF","0402-TIGHT",83.0961,-133.3246,0.0000,bottom
"C136","100pF","0402-TIGHT",83.4136,-138.1506,90.0000,bottom
"C137","2.2uF","0402-TIGHT",84.3661,-138.1506,90.0000,bottom
"C138","22pF","0402-TIGHT",85.1916,-135.7376,90.0000,bottom
"C139","2.2uF","0402-TIGHT",86.1441,-135.7376,90.0000,bottom
"C142","100pF","0402-TIGHT",85.1281,-134.2771,0.0000,bottom
"C143","2.2uF","0402-TIGHT",85.1281,-133.3246,0.0000,bottom
"C144","10uF","0402-TIGHT",85.1281,-132.3721,0.0000,bottom
"C147","22pF","0402-TIGHT",89.8271,-150.9141,-90.0000,bottom
"C148","0.1uF","0402-TIGHT",88.8746,-150.9141,-90.0000,bottom
"C149","2.2uF","0402-TIGHT",90.9701,-164.3126,0.0000,bottom
"C152","2.2uF","0402-TIGHT",83.0326,-161.3916,180.0000,bottom
"C153","0.1uF","0402-TIGHT",84.7471,-158.7246,90.0000,bottom
"C154","1.0uF","0402-TIGHT",91.7321,-133.1341,90.0000,bottom
"C155","0.1uF","0402-TIGHT",90.0811,-155.7401,180.0000,bottom
"C157","0.1uF","0402-TIGHT",85.3186,-160.9471,0.0000,bottom
"C163","1.0uF","0402-TIGHT",94.2721,-156.6291,0.0000,bottom
"C164","1.0uF","0402-TIGHT",94.2086,-160.4391,180.0000,bottom
"C165","2.2uF","0402-TIGHT",94.2721,-164.3126,180.0000,bottom
"C168","22pF","0402-TIGHT",101.9556,-145.3261,90.0000,bottom
"C169","0.1uF","0402-TIGHT",100.2411,-144.9451,90.0000,bottom
"C170","22pF","0402-TIGHT",99.6061,-148.5011,-90.0000,bottom
"C171","0.1uF","0402-TIGHT",100.5586,-148.5011,-90.0000,bottom
"C176","22pF","0402-TIGHT",96.4311,-146.4691,0.0000,bottom
"C177","0.1uF","0402-TIGHT",94.3356,-146.0246,180.0000,bottom
"C178","22pF","0402-TIGHT",95.1611,-150.9141,-90.0000,bottom
"C179","0.1uF","0402-TIGHT",96.1136,-150.9141,-90.0000,bottom
"C180","1.0uF","0402-TIGHT",98.0821,-148.5011,-90.0000,bottom
"C181","47nF","0402-TIGHT",97.1296,-148.5011,-90.0000,bottom
"C182","1.0nF","0402-TIGHT",93.7006,-148.3487,90.0000,bottom
"C188","100pF","0402-TIGHT",94.2721,-133.3246,0.0000,bottom
"C189","100pF","0402-TIGHT",94.5896,-138.1506,90.0000,bottom
"C190","2.2uF","0402-TIGHT",95.5421,-138.1506,90.0000,bottom
"C191","22pF","0402-TIGHT",96.3676,-135.7376,90.0000,bottom
"C192","2.2uF","0402-TIGHT",97.3201,-135.7376,90.0000,bottom
"C195","100pF","0402-TIGHT",96.3041,-134.2771,0.0000,bottom
"C196","2.2uF","0402-TIGHT",96.3041,-133.3246,0.0000,bottom
"C197","10uF","0402-TIGHT",96.3041,-132.3721,0.0000,bottom
"C200","22pF","0402-TIGHT",101.0031,-150.9141,-90.0000,bottom
"C201","0.1uF","0402-TIGHT",100.0506,-150.9141,-90.0000,bottom
"C202","2.2uF","0402-TIGHT",102.1461,-164.3126,0.0000,bottom
"C205","2.2uF","0402-TIGHT",94.2086,-161.3916,180.0000,bottom
"C206","0.1uF","0402-TIGHT",95.9231,-158.7246,90.0000,bottom
"C207","1.0uF","0402-TIGHT",102.9081,-133.1341,90.0000,bottom
"C208","0.1uF","0402-TIGHT",101.2571,-155.7401,180.0000,bottom
"C210","0.1uF","0402-TIGHT",96.4946,-160.9471,0.0000,bottom
"C216","1.0uF","0402-TIGHT",105.4481,-156.6291,0.0000,bottom
"C217","1.0uF","0402-TIGHT",105.3846,-160.4391,180.0000,bottom
"C218","2.2uF","0402-TIGHT",105.4481,-164.3126,180.0000,bottom
"C221","22pF","0402-TIGHT",113.1316,-145.3261,90.0000,bottom
"C222","0.1uF","0402-TIGHT",111.4171,-144.9451,90.0000,bottom
"C223","22pF","0402-TIGHT",110.7821,-148.5011,-90.0000,bottom
"C224","0.1uF","0402-TIGHT",111.7346,-148.5011,-90.0000,bottom
"C229","22pF","0402-TIGHT",107.6071,-146.4691,0.0000,bottom
"C230","0.1uF","0402-TIGHT",105.5116,-146.0246,180.0000,bottom
"C231","22pF","0402-TIGHT",106.3371,-150.9141,-90.0000,bottom
"C232","0.1uF","0402-TIGHT",107.2896,-150.9141,-90.0000,bottom
"C233","1.0uF","0402-TIGHT",109.2581,-148.5011,-90.0000,bottom
"C234","47nF","0402-TIGHT",108.3056,-148.5011,-90.0000,bottom
"C235","1.0nF","0402-TIGHT",104.8766,-148.3487,90.0000,bottom
"C241","100pF","0402-TIGHT",105.4481,-133.3246,0.0000,bottom
"C242","100pF","0402-TIGHT",105.7656,-138.1506,90.0000,bottom
"C243","2.2uF","0402-TIGHT",106.7181,-138.1506,90.0000,bottom
"C244","22pF","0402-TIGHT",107.5436,-135.7376,90.0000,bottom
"C245","2.2uF","0402-TIGHT",108.4961,-135.7376,90.0000,bottom
"C248","100pF","0402-TIGHT",107.4801,-134.2771,0.0000,bottom
"C249","2.2uF","0402-TIGHT",107.4801,-133.3246,0.0000,bottom
"C250","10uF","0402-TIGHT",107.4801,-132.3721,0.0000,bottom
"C253","22pF","0402-TIGHT",112.1791,-150.9141,-90.0000,bottom
"C254","0.1uF","0402-TIGHT",111.2266,-150.9141,-90.0000,bottom
"C255","2.2uF","0402-TIGHT",113.3221,-164.3126,0.0000,bottom
"C258","2.2uF","0402-TIGHT",105.3846,-161.3916,180.0000,bottom
"C259","0.1uF","0402-TIGHT",107.0991,-158.7246,90.0000,bottom
"C260","1.0uF","0402-TIGHT",114.0841,-133.1341,90.0000,bottom
"C261","0.1uF","0402-TIGHT",112.4331,-155.7401,180.0000,bottom
"C263","0.1uF","0402-TIGHT",107.6706,-160.9471,0.0000,bottom
"C269","1.0uF","0402-TIGHT",116.6241,-156.6291,0.0000,bottom
"C270","1.0uF","0402-TIGHT",116.5606,-160.4391,180.0000,bottom
"C271","2.2uF","0402-TIGHT",116.6241,-164.3126,180.0000,bottom
"C274","22pF","0402-TIGHT",124.3076,-145.3261,90.0000,bottom
"C275","0.1uF","0402-TIGHT",122.5931,-144.9451,90.0000,bottom
"C276","22pF","0402-TIGHT",121.9581,-148.5011,-90.0000,bottom
"C277","0.1uF","0402-TIGHT",122.9106,-148.5011,-90.0000,bottom
"C282","22pF","0402-TIGHT",118.7831,-146.4691,0.0000,bottom
"C283","0.1uF","0402-TIGHT",116.6876,-146.0246,180.0000,bottom
"C284","22pF","0402-TIGHT",117.5131,-150.9141,-90.0000,bottom
"C285","0.1uF","0402-TIGHT",118.4656,-150.9141,-90.0000,bottom
"C286","1.0uF","0402-TIGHT",120.4341,-148.5011,-90.0000,bottom
"C287","47nF","0402-TIGHT",119.4816,-148.5011,-90.0000,bottom
"C288","1.0nF","0402-TIGHT",116.0526,-148.3487,90.0000,bottom
"C294","100pF","0402-TIGHT",116.6241,-133.3246,0.0000,bottom
"C295","100pF","0402-TIGHT",116.9416,-138.1506,90.0000,bottom
"C296","2.2uF","0402-TIGHT",117.8941,-138.1506,90.0000,bottom
"C297","22pF","0402-TIGHT",118.7196,-135.7376,90.0000,bottom
"C298","2.2uF","0402-TIGHT",119.6721,-135.7376,90.0000,bottom
"C301","100pF","0402-TIGHT",118.6561,-134.2771,0.0000,bottom
"C302","2.2uF","0402-TIGHT",118.6561,-133.3246,0.0000,bottom
"C303","10uF","0402-TIGHT",118.6561,-132.3721,0.0000,bottom
"C306","22pF","0402-TIGHT",123.3551,-150.9141,-90.0000,bottom
"C307","0.1uF","0402-TIGHT",122.4026,-150.9141,-90.0000,bottom
"C308","2.2uF","0402-TIGHT",124.4981,-164.3126,0.0000,bottom
"C311","2.2uF","0402-TIGHT",116.5606,-161.3916,180.0000,bottom
"C312","0.1uF","0402-TIGHT",118.2751,-158.7246,90.0000,bottom
"C313","1.0uF","0402-TIGHT",125.2601,-133.1341,90.0000,bottom
"C314","0.1uF","0402-TIGHT",123.6091,-155.7401,180.0000,bottom
"C316","0.1uF","0402-TIGHT",118.8466,-160.9471,0.0000,bottom
"C322","1.0uF","0402-TIGHT",127.8001,-156.6291,0.0000,bottom
"C323","1.0uF","0402-TIGHT",127.7366,-160.4391,180.0000,bottom
"C324","2.2uF","0402-TIGHT",127.8001,-164.3126,180.0000,bottom
"C327","22pF","0402-TIGHT",135.4836,-145.3261,90.0000,bottom
"C328","0.1uF","0402-TIGHT",133.7691,-144.9451,90.0000,bottom
"C329","22pF","0402-TIGHT",133.1341,-148.5011,-90.0000,bottom
"C330","0.1uF","0402-TIGHT",134.0866,-148.5011,-90.0000,bottom
"C335","22pF","0402-TIGHT",129.9591,-146.4691,0.0000,bottom
"C336","0.1uF","0402-TIGHT",127.8636,-146.0246,180.0000,bottom
"C337","22pF","0402-TIGHT",128.6891,-150.9141,-90.0000,bottom
"C338","0.1uF","0402-TIGHT",129.6416,-150.9141,-90.0000,bottom
"C339","1.0uF","0402-TIGHT",131.6101,-148.5011,-90.0000,bottom
"C340","47nF","0402-TIGHT",130.6576,-148.5011,-90.0000,bottom
"C341","1.0nF","0402-TIGHT",127.2286,-148.3487,90.0000,bottom
"C347","100pF","0402-TIGHT",127.8001,-133.3246,0.0000,bottom
"C348","100pF","0402-TIGHT",128.1176,-138.1506,90.0000,bottom
"C349","2.2uF","0402-TIGHT",129.0701,-138.1506,90.0000,bottom
"C350","22pF","0402-TIGHT",129.8956,-135.7376,90.0000,bottom
"C351","2.2uF","0402-TIGHT",130.8481,-135.7376,90.0000,bottom
"C354","100pF","0402-TIGHT",129.8321,-134.2771,0.0000,bottom
"C355","2.2uF","0402-TIGHT",129.8321,-133.3246,0.0000,bottom
"C356","10uF","0402-TIGHT",129.8321,-132.3721,0.0000,bottom
"C359","22pF","0402-TIGHT",134.5311,-150.9141,-90.0000,bottom
"C360","0.1uF","0402-TIGHT",133.5786,-150.9141,-90.0000,bottom
"C361","2.2uF","0402-TIGHT",135.6741,-164.3126,0.0000,bottom
"C364","2.2uF","0402-TIGHT",127.7366,-161.3916,180.0000,bottom
"C365","0.1uF","0402-TIGHT",129.4511,-158.7246,90.0000,bottom
"C366","1.0uF","0402-TIGHT",136.4361,-133.1341,90.0000,bottom
"C367","0.1uF","0402-TIGHT",134.7851,-155.7401,180.0000,bottom
"C369","0.1uF","0402-TIGHT",130.0226,-160.9471,0.0000,bottom
"C375","1.0uF","0402-TIGHT",138.9761,-156.6291,0.0000,bottom
"C376","1.0uF","0402-TIGHT",138.9126,-160.4391,180.0000,bottom
"C377","2.2uF","0402-TIGHT",138.9761,-164.3126,180.0000,bottom
"C380","22pF","0402-TIGHT",146.6596,-145.3261,90.0000,bottom
"C381","0.1uF","0402-TIGHT",144.9451,-144.9451,90.0000,bottom
"C382","22pF","0402-TIGHT",144.3101,-148.5011,-90.0000,bottom
"C383","0.1uF","0402-TIGHT",145.2626,-148.5011,-90.0000,bottom
"C388","22pF","0402-TIGHT",141.1351,-146.4691,0.0000,bottom
"C389","0.1uF","0402-TIGHT",139.0396,-146.0246,180.0000,bottom
"C390","22pF","0402-TIGHT",139.8651,-150.9141,-90.0000,bottom
"C391","0.1uF","0402-TIGHT",140.8176,-150.9141,-90.0000,bottom
"C392","1.0uF","0402-TIGHT",142.7861,-148.5011,-90.0000,bottom
"C393","47nF","0402-TIGHT",141.8336,-148.5011,-90.0000,bottom
"C394","1.0nF","0402-TIGHT",138.4046,-148.3487,90.0000,bottom
"C400","100pF","0402-TIGHT",138.9761,-133.3246,0.0000,bottom
"C401","100pF","0402-TIGHT",139.2936,-138.1506,90.0000,bottom
"C402","2.2uF","0402-TIGHT",140.2461,-138.1506,90.0000,bottom
"C403","22pF","0402-TIGHT",141.0716,-135.7376,90.0000,bottom
"C404","2.2uF","0402-TIGHT",142.0241,-135.7376,90.0000,bottom
"C407","100pF","0402-TIGHT",141.0081,-134.2771,0.0000,bottom
"C408","2.2uF","0402-TIGHT",141.0081,-133.3246,0.0000,bottom
"C409","10uF","0402-TIGHT",141.0081,-132.3721,0.0000,bottom
"C412","22pF","0402-TIGHT",145.7071,-150.9141,-90.0000,bottom
"C413","0.1uF","0402-TIGHT",144.7546,-150.9141,-90.0000,bottom
"C414","2.2uF","0402-TIGHT",146.8501,-164.3126,0.0000,bottom
"C417","2.2uF","0402-TIGHT",138.9126,-161.3916,180.0000,bottom
"C418","0.1uF","0402-TIGHT",140.6271,-158.7246,90.0000,bottom
"C419","1.0uF","0402-TIGHT",147.6121,-133.1341,90.0000,bottom
"C420","0.1uF","0402-TIGHT",145.9611,-155.7401,180.0000,bottom
"C422","0.1uF","0402-TIGHT",141.1986,-160.9471,0.0000,bottom
"C428","1.0uF","0402-TIGHT",150.1521,-156.6291,0.0000,bottom
"C429","1.0uF","0402-TIGHT",150.0886,-160.4391,180.0000,bottom
"C430","2.2uF","0402-TIGHT",150.1521,-164.3126,180.0000,bottom
"C433","22pF","0402-TIGHT",157.8356,-145.3261,90.0000,bottom
"C434","0.1uF","0402-TIGHT",156.1211,-144.9451,90.0000,bottom
"C435","22pF","0402-TIGHT",155.4861,-148.5011,-90.0000,bottom
"C436","0.1uF","0402-TIGHT",156.4386,-148.5011,-90.0000,bottom
"C441","22pF","0402-TIGHT",152.3111,-146.4691,0.0000,bottom
"C442","0.1uF","0402-TIGHT",150.2156,-146.0246,180.0000,bottom
"C443","22pF","0402-TIGHT",151.0411,-150.9141,-90.0000,bottom
"C444","0.1uF","0402-TIGHT",151.9936,-150.9141,-90.0000,bottom
"C445","1.0uF","0402-TIGHT",153.9621,-148.5011,-90.0000,bottom
"C446","47nF","0402-TIGHT",153.0096,-148.5011,-90.0000,bottom
"C447","1.0nF","0402-TIGHT",149.5806,-148.3487,90.0000,bottom
"C453","100pF","0402-TIGHT",150.1521,-133.3246,0.0000,bottom
"C454","100pF","0402-TIGHT",150.4696,-138.1506,90.0000,bottom
"C455","2.2uF","0402-TIGHT",151.4221,-138.1506,90.0000,bottom
"C456","22pF","0402-TIGHT",152.2476,-135.7376,90.0000,bottom
"C457","2.2uF","0402-TIGHT",153.2001,-135.7376,90.0000,bottom
"C460","100pF","0402-TIGHT",152.1841,-134.2771,0.0000,bottom
"C461","2.2uF","0402-TIGHT",152.1841,-133.3246,0.0000,bottom
"C462","10uF","0402-TIGHT",152.1841,-132.3721,0.0000,bottom
"C465","22pF","0402-TIGHT",156.8831,-150.9141,-90.0000,bottom
"C466","0.1uF","0402-TIGHT",155.9306,-150.9141,-90.0000,bottom
"C467","2.2uF","0402-TIGHT",158.0261,-164.3126,0.0000,bottom
"C470","2.2uF","0402-TIGHT",150.0886,-161.3916,180.0000,bottom
"C471","0.1uF","0402-TIGHT",151.8031,-158.7246,90.0000,bottom
"C472","1.0uF","0402-TIGHT",158.7881,-133.1341,90.0000,bottom
"C473","0.1uF","0402-TIGHT",157.1371,-155.7401,180.0000,bottom
"C475","0.1uF","0402-TIGHT",152.3746,-160.9471,0.0000,bottom
"C481","1.0uF","0402-TIGHT",161.3281,-156.6291,0.0000,bottom
"C482","1.0uF","0402-TIGHT",161.2646,-160.4391,180.0000,bottom
"C483","2.2uF","0402-TIGHT",161.3281,-164.3126,180.0000,bottom
"C486","22pF","0402-TIGHT",169.0116,-145.3261,90.0000,bottom
"C487","0.1uF","0402-TIGHT",167.2971,-144.9451,90.0000,bottom
"C488","22pF","0402-TIGHT",166.6621,-148.5011,-90.0000,bottom
"C489","0.1uF","0402-TIGHT",167.6146,-148.5011,-90.0000,bottom
"C494","22pF","0402-TIGHT",163.4871,-146.4691,0.0000,bottom
"C495","0.1uF","0402-TIGHT",161.3916,-146.0246,180.0000,bottom
"C496","22pF","0402-TIGHT",162.2171,-150.9141,-90.0000,bottom
"C497","0.1uF","0402-TIGHT",163.1696,-150.9141,-90.0000,bottom
"C498","1.0uF","0402-TIGHT",165.1381,-148.5011,-90.0000,bottom
"C499","47nF","0402-TIGHT",164.1856,-148.5011,-90.0000,bottom
"C500","1.0nF","0402-TIGHT",160.7566,-148.3487,90.0000,bottom
"C506","100pF","0402-TIGHT",161.3281,-133.3246,0.0000,bottom
"C507","100pF","0402-TIGHT",161.6456,-138.1506,90.0000,bottom
"C508","2.2uF","0402-TIGHT",162.5981,-138.1506,90.0000,bottom
"C509","22pF","0402-TIGHT",163.4236,-135.7376,90.0000,bottom
"C510","2.2uF","0402-TIGHT",164.3761,-135.7376,90.0000,bottom
"C513","100pF","0402-TIGHT",163.3601,-134.2771,0.0000,bottom
"C514","2.2uF","0402-TIGHT",163.3601,-133.3246,0.0000,bottom
"C515","10uF","0402-TIGHT",163.3601,-132.3721,0.0000,bottom
"C518","22pF","0402-TIGHT",168.0591,-150.9141,-90.0000,bottom
"C519","0.1uF","0402-TIGHT",167.1066,-150.9141,-90.0000,bottom
"C520","2.2uF","0402-TIGHT",169.2021,-164.3126,0.0000,bottom
"C523","2.2uF","0402-TIGHT",161.2646,-161.3916,180.0000,bottom
"C524","0.1uF","0402-TIGHT",162.9791,-158.7246,90.0000,bottom
"C525","1.0uF","0402-TIGHT",169.9641,-133.1341,90.0000,bottom
"C526","0.1uF","0402-TIGHT",168.3131,-155.7401,180.0000,bottom
"C528","0.1uF","0402-TIGHT",163.5506,-160.9471,0.0000,bottom
"C534","1.0uF","0402-TIGHT",172.5041,-156.6291,0.0000,bottom
"C535","1.0uF","0402-TIGHT",172.4406,-160.4391,180.0000,bottom
"C536","2.2uF","0402-TIGHT",172.5041,-164.3126,180.0000,bottom
"C539","22pF","0402-TIGHT",180.1876,-145.3261,90.0000,bottom
"C540","0.1uF","0402-TIGHT",178.4731,-144.9451,90.0000,bottom
"C541","22pF","0402-TIGHT",177.8381,-148.5011,-90.0000,bottom
"C542","0.1uF","0402-TIGHT",178.7906,-148.5011,-90.0000,bottom
"C547","22pF","0402-TIGHT",174.6631,-146.4691,0.0000,bottom
"C548","0.1uF","0402-TIGHT",172.5676,-146.0246,180.0000,bottom
"C549","22pF","0402-TIGHT",173.3931,-150.9141,-90.0000,bottom
"C550","0.1uF","0402-TIGHT",174.3456,-150.9141,-90.0000,bottom
"C551","1.0uF","0402-TIGHT",176.3141,-148.5011,-90.0000,bottom
"C552","47nF","0402-TIGHT",175.3616,-148.5011,-90.0000,bottom
"C553","1.0nF","0402-TIGHT",171.9326,-148.3487,90.0000,bottom
"C559","100pF","0402-TIGHT",172.5041,-133.3246,0.0000,bottom
"C560","100pF","0402-TIGHT",172.8216,-138.1506,90.0000,bottom
"C561","2.2uF","0402-TIGHT",173.7741,-138.1506,90.0000,bottom
"C562","22pF","0402-TIGHT",174.5996,-135.7376,90.0000,bottom
"C563","2.2uF","0402-TIGHT",175.5521,-135.7376,90.0000,bottom
"C566","100pF","0402-TIGHT",174.5361,-134.2771,0.0000,bottom
"C567","2.2uF","0402-TIGHT",174.5361,-133.3246,0.0000,bottom
"C568","10uF","0402-TIGHT",174.5361,-132.3721,0.0000,bottom
"C571","22pF","0402-TIGHT",179.2351,-150.9141,-90.0000,bottom
"C572","0.1uF","0402-TIGHT",178.2826,-150.9141,-90.0000,bottom
"C573","2.2uF","0402-TIGHT",180.3781,-164.3126,0.0000,bottom
"C576","2.2uF","0402-TIGHT",172.4406,-161.3916,180.0000,bottom
"C577","0.1uF","0402-TIGHT",174.1551,-158.7246,90.0000,bottom
"C578","1.0uF","0402-TIGHT",181.1401,-133.1341,90.0000,bottom
"C579","0.1uF","0402-TIGHT",179.4891,-155.7401,180.0000,bottom
"C581","0.1uF","0402-TIGHT",174.7266,-160.9471,0.0000,bottom
"C587","1.0uF","0402-TIGHT",183.6801,-156.6291,0.0000,bottom
"C588","1.0uF","0402-TIGHT",183.6166,-160.4391,180.0000,bottom
"C589","2.2uF","0402-TIGHT",183.6801,-164.3126,180.0000,bottom
"C592","22pF","0402-TIGHT",191.3636,-145.3261,90.0000,bottom
"C593","0.1uF","0402-TIGHT",189.6491,-144.9451,90.0000,bottom
"C594","22pF","0402-TIGHT",189.0141,-148.5011,-90.0000,bottom
"C595","0.1uF","0402-TIGHT",189.9666,-148.5011,-90.0000,bottom
"C600","22pF","0402-TIGHT",185.8391,-146.4691,0.0000,bottom
"C601","0.1uF","0402-TIGHT",183.7436,-146.0246,180.0000,bottom
"C602","22pF","0402-TIGHT",184.5691,-150.9141,-90.0000,bottom
"C603","0.1uF","0402-TIGHT",185.5216,-150.9141,-90.0000,bottom
"C604","1.0uF","0402-TIGHT",187.4901,-148.5011,-90.0000,bottom
"C605","47nF","0402-TIGHT",186.5376,-148.5011,-90.0000,bottom
"C606","1.0nF","0402-TIGHT",183.1086,-148.3487,90.0000,bottom
"C612","100pF","0402-TIGHT",183.6801,-133.3246,0.0000,bottom
"C613","100pF","0402-TIGHT",183.9976,-138.1506,90.0000,bottom
"C614","2.2uF","0402-TIGHT",184.9501,-138.1506,90.0000,bottom
"C615","22pF","0402-TIGHT",185.7756,-135.7376,90.0000,bottom
"C616","2.2uF","0402-TIGHT",186.7281,-135.7376,90.0000,bottom
"C619","100pF","0402-TIGHT",185.7121,-134.2771,0.0000,bottom
"C620","2.2uF","0402-TIGHT",185.7121,-133.3246,0.0000,bottom
"C621","10uF","0402-TIGHT",185.7121,-132.3721,0.0000,bottom
"C624","22pF","0402-TIGHT",190.4111,-150.9141,-90.0000,bottom
"C625","0.1uF","0402-TIGHT",189.4586,-150.9141,-90.0000,bottom
"C626","2.2uF","0402-TIGHT",191.5541,-164.3126,0.0000,bottom
"C629","2.2uF","0402-TIGHT",183.6166,-161.3916,180.0000,bottom
"C630","0.1uF","0402-TIGHT",185.3311,-158.7246,90.0000,bottom
"C631","1.0uF","0402-TIGHT",192.3161,-133.1341,90.0000,bottom
"C632","0.1uF","0402-TIGHT",190.6651,-155.7401,180.0000,bottom
"C634","0.1uF","0402-TIGHT",185.9026,-160.9471,0.0000,bottom
"C640","1.0uF","0402-TIGHT",194.8561,-156.6291,0.0000,bottom
"C641","1.0uF","0402-TIGHT",194.7926,-160.4391,180.0000,bottom
"C642","2.2uF","0402-TIGHT",194.8561,-164.3126,180.0000,bottom
"C645","22pF","0402-TIGHT",202.5396,-145.3261,90.0000,bottom
"C646","0.1uF","0402-TIGHT",200.8251,-144.9451,90.0000,bottom
"C647","22pF","0402-TIGHT",200.1901,-148.5011,-90.0000,bottom
"C648","0.1uF","0402-TIGHT",201.1426,-148.5011,-90.0000,bottom
"C653","22pF","0402-TIGHT",197.0151,-146.4691,0.0000,bottom
"C654","0.1uF","0402-TIGHT",194.9196,-146.0246,180.0000,bottom
"C655","22pF","0402-TIGHT",195.7451,-150.9141,-90.0000,bottom
"C656","0.1uF","0402-TIGHT",196.6976,-150.9141,-90.0000,bottom
"C657","1.0uF","0402-TIGHT",198.6661,-148.5011,-90.0000,bottom
"C658","47nF","0402-TIGHT",197.7136,-148.5011,-90.0000,bottom
"C659","1.0nF","0402-TIGHT",194.2846,-148.3487,90.0000,bottom
"C665","100pF","0402-TIGHT",194.8561,-133.3246,0.0000,bottom
"C666","100pF","0402-TIGHT",195.1736,-138.1506,90.0000,bottom
"C667","2.2uF","0402-TIGHT",196.1261,-138.1506,90.0000,bottom
"C668","22pF","0402-TIGHT",196.9516,-135.7376,90.0000,bottom
"C669","2.2uF","0402-TIGHT",197.9041,-135.7376,90.0000,bottom
"C672","100pF","0402-TIGHT",196.8881,-134.2771,0.0000,bottom
"C673","2.2uF","0402-TIGHT",196.8881,-133.3246,0.0000,bottom
"C674","10uF","0402-TIGHT",196.8881,-132.3721,0.0000,bottom
"C677","22pF","0402-TIGHT",201.5871,-150.9141,-90.0000,bottom
"C678","0.1uF","0402-TIGHT",200.6346,-150.9141,-90.0000,bottom
"C679","2.2uF","0402-TIGHT",202.7301,-164.3126,0.0000,bottom
"C682","2.2uF","0402-TIGHT",194.7926,-161.3916,180.0000,bottom
"C683","0.1uF","0402-TIGHT",196.5071,-158.7246,90.0000,bottom
"C684","1.0uF","0402-TIGHT",203.4921,-133.1341,90.0000,bottom
"C685","0.1uF","0402-TIGHT",201.8411,-155.7401,180.0000,bottom
"C687","0.1uF","0402-TIGHT",197.0786,-160.9471,0.0000,bottom
"C693","1.0uF","0402-TIGHT",206.0321,-156.6291,0.0000,bottom
"C694","1.0uF","0402-TIGHT",205.9686,-160.4391,180.0000,bottom
"C695","2.2uF","0402-TIGHT",206.0321,-164.3126,180.0000,bottom
"C698","22pF","0402-TIGHT",213.7156,-145.3261,90.0000,bottom
"C699","0.1uF","0402-TIGHT",212.0011,-144.9451,90.0000,bottom
"C700","22pF","0402-TIGHT",211.3661,-148.5011,-90.0000,bottom
"C701","0.1uF","0402-TIGHT",212.3186,-148.5011,-90.0000,bottom
"C706","22pF","0402-TIGHT",208.1911,-146.4691,0.0000,bottom
"C707","0.1uF","0402-TIGHT",206.0956,-146.0246,180.0000,bottom
"C708","22pF","0402-TIGHT",206.9211,-150.9141,-90.0000,bottom
"C709","0.1uF","0402-TIGHT",207.8736,-150.9141,-90.0000,bottom
"C710","1.0uF","0402-TIGHT",209.8421,-148.5011,-90.0000,bottom
"C711","47nF","0402-TIGHT",208.8896,-148.5011,-90.0000,bottom
"C712","1.0nF","0402-TIGHT",205.4606,-148.3487,90.0000,bottom
"C718","100pF","0402-TIGHT",206.0321,-133.3246,0.0000,bottom
"C719","100pF","0402-TIGHT",206.3496,-138.1506,90.0000,bottom
"C720","2.2uF","0402-TIGHT",207.3021,-138.1506,90.0000,bottom
"C721","22pF","0402-TIGHT",208.1276,-135.7376,90.0000,bottom
"C722","2.2uF","0402-TIGHT",209.0801,-135.7376,90.0000,bottom
"C725","100pF","0402-TIGHT",208.0641,-134.2771,0.0000,bottom
"C726","2.2uF","0402-TIGHT",208.0641,-133.3246,0.0000,bottom
"C727","10uF","0402-TIGHT",208.0641,-132.3721,0.0000,bottom
"C730","22pF","0402-TIGHT",212.7631,-150.9141,-90.0000,bottom
"C731","0.1uF","0402-TIGHT",211.8106,-150.9141,-90.0000,bottom
"C732","2.2uF","0402-TIGHT",213.9061,-164.3126,0.0000,bottom
"C735","2.2uF","0402-TIGHT",205.9686,-161.3916,180.0000,bottom
"C736","0.1uF","0402-TIGHT",207.6831,-158.7246,90.0000,bottom
"C737","1.0uF","0402-TIGHT",214.6681,-133.1341,90.0000,bottom
"C738","0.1uF","0402-TIGHT",213.0171,-155.7401,180.0000,bottom
"C740","0.1uF","0402-TIGHT",208.2546,-160.9471,0.0000,bottom
"C746","1.0uF","0402-TIGHT",217.2081,-156.6291,0.0000,bottom
"C747","1.0uF","0402-TIGHT",217.1446,-160.4391,180.0000,bottom
"C748","2.2uF","0402-TIGHT",217.2081,-164.3126,180.0000,bottom
"C751","22pF","0402-TIGHT",224.8916,-145.3261,90.0000,bottom
"C752","0.1uF","0402-TIGHT",223.1771,-144.9451,90.0000,bottom
"C753","22pF","0402-TIGHT",222.5421,-148.5011,-90.0000,bottom
"C754","0.1uF","0402-TIGHT",223.4946,-148.5011,-90.0000,bottom
"C759","22pF","0402-TIGHT",219.3671,-146.4691,0.0000,bottom
"C760","0.1uF","0402-TIGHT",217.2716,-146.0246,180.0000,bottom
"C761","22pF","0402-TIGHT",218.0971,-150.9141,-90.0000,bottom
"C762","0.1uF","0402-TIGHT",219.0496,-150.9141,-90.0000,bottom
"C763","1.0uF","0402-TIGHT",221.0181,-148.5011,-90.0000,bottom
"C764","47nF","0402-TIGHT",220.0656,-148.5011,-90.0000,bottom
"C765","1.0nF","0402-TIGHT",216.6366,-148.3487,90.0000,bottom
"C771","100pF","0402-TIGHT",217.2081,-133.3246,0.0000,bottom
"C772","100pF","0402-TIGHT",217.5256,-138.1506,90.0000,bottom
"C773","2.2uF","0402-TIGHT",218.4781,-138.1506,90.0000,bottom
"C774","22pF","0402-TIGHT",219.3036,-135.7376,90.0000,bottom
"C775","2.2uF","0402-TIGHT",220.2561,-135.7376,90.0000,bottom
"C778","100pF","0402-TIGHT",219.2401,-134.2771,0.0000,bottom
"C779","2.2uF","0402-TIGHT",219.2401,-133.3246,0.0000,bottom
"C780","10uF","0402-TIGHT",219.2401,-132.3721,0.0000,bottom
"C783","22pF","0402-TIGHT",223.9391,-150.9141,-90.0000,bottom
"C784","0.1uF","0402-TIGHT",222.9866,-150.9141,-90.0000,bottom
"C785","2.2uF","0402-TIGHT",225.0821,-164.3126,0.0000,bottom
"C788","2.2uF","0402-TIGHT",217.1446,-161.3916,180.0000,bottom
"C789","0.1uF","0402-TIGHT",218.8591,-158.7246,90.0000,bottom
"C790","1.0uF","0402-TIGHT",225.8441,-133.1341,90.0000,bottom
"C791","0.1uF","0402-TIGHT",224.1931,-155.7401,180.0000,bottom
"C793","0.1uF","0402-TIGHT",219.4306,-160.9471,0.0000,bottom
"C799","1.0uF","0402-TIGHT",228.3841,-156.6291,0.0000,bottom
"C800","1.0uF","0402-TIGHT",228.3206,-160.4391,180.0000,bottom
"C801","2.2uF","0402-TIGHT",228.3841,-164.3126,180.0000,bottom
"C804","22pF","0402-TIGHT",236.0676,-145.3261,90.0000,bottom
"C805","0.1uF","0402-TIGHT",234.3531,-144.9451,90.0000,bottom
"C806","22pF","0402-TIGHT",233.7181,-148.5011,-90.0000,bottom
"C807","0.1uF","0402-TIGHT",234.6706,-148.5011,-90.0000,bottom
"C812","22pF","0402-TIGHT",230.5431,-146.4691,0.0000,bottom
"C813","0.1uF","0402-TIGHT",228.4476,-146.0246,180.0000,bottom
"C814","22pF","0402-TIGHT",229.2731,-150.9141,-90.0000,bottom
"C815","0.1uF","0402-TIGHT",230.2256,-150.9141,-90.0000,bottom
"C816","1.0uF","0402-TIGHT",232.1941,-148.5011,-90.0000,bottom
"C817","47nF","0402-TIGHT",231.2416,-148.5011,-90.0000,bottom
"C818","1.0nF","0402-TIGHT",227.8126,-148.3487,90.0000,bottom
"C824","100pF","0402-TIGHT",228.3841,-133.3246,0.0000,bottom
"C825","100pF","0402-TIGHT",228.7016,-138.1506,90.0000,bottom
"C826","2.2uF","0402-TIGHT",229.6541,-138.1506,90.0000,bottom
"C827","22pF","0402-TIGHT",230.4796,-135.7376,90.0000,bottom
"C828","2.2uF","0402-TIGHT",231.4321,-135.7376,90.0000,bottom
"C831","100pF","0402-TIGHT",230.4161,-134.2771,0.0000,bottom
"C832","2.2uF","0402-TIGHT",230.4161,-133.3246,0.0000,bottom
"C833","10uF","0402-TIGHT",230.4161,-132.3721,0.0000,bottom
"C836","22pF","0402-TIGHT",235.1151,-150.9141,-90.0000,bottom
"C837","0.1uF","0402-TIGHT",234.1626,-150.9141,-90.0000,bottom
"C838","2.2uF","0402-TIGHT",236.2581,-164.3126,0.0000,bottom
"C841","2.2uF","0402-TIGHT",228.3206,-161.3916,180.0000,bottom
"C842","0.1uF","0402-TIGHT",230.0351,-158.7246,90.0000,bottom
"C843","1.0uF","0402-TIGHT",237.0201,-133.1341,90.0000,bottom
"C844","0.1uF","0402-TIGHT",235.3691,-155.7401,180.0000,bottom
"C846","0.1uF","0402-TIGHT",230.6066,-160.9471,0.0000,bottom
"C852","1.0uF","0402-TIGHT",60.7441,-115.4811,0.0000,bottom
"C853","1.0uF","0402-TIGHT",60.6806,-119.2911,180.0000,bottom
"C854","2.2uF","0402-TIGHT",60.7441,-123.1646,180.0000,bottom
"C857","22pF","0402-TIGHT",68.4276,-104.1781,90.0000,bottom
"C858","0.1uF","0402-TIGHT",66.7131,-103.7971,90.0000,bottom
"C859","22pF","0402-TIGHT",66.0781,-107.3531,-90.0000,bottom
"C860","0.1uF","0402-TIGHT",67.0306,-107.3531,-90.0000,bottom
"C865","22pF","0402-TIGHT",62.9031,-105.3211,0.0000,bottom
"C866","0.1uF","0402-TIGHT",60.8076,-104.8766,180.0000,bottom
"C867","22pF","0402-TIGHT",61.6331,-109.7661,-90.0000,bottom
"C868","0.1uF","0402-TIGHT",62.5856,-109.7661,-90.0000,bottom
"C869","1.0uF","0402-TIGHT",64.5541,-107.3531,-90.0000,bottom
"C870","47nF","0402-TIGHT",63.6016,-107.3531,-90.0000,bottom
"C871","1.0nF","0402-TIGHT",60.1726,-107.2007,90.0000,bottom
"C877","100pF","0402-TIGHT",60.7441,-92.1766,0.0000,bottom
"C878","100pF","0402-TIGHT",61.0616,-97.0026,90.0000,bottom
"C879","2.2uF","0402-TIGHT",62.0141,-97.0026,90.0000,bottom
"C880","22pF","0402-TIGHT",62.8396,-94.5896,90.0000,bottom
"C881","2.2uF","0402-TIGHT",63.7921,-94.5896,90.0000,bottom
"C884","100pF","0402-TIGHT",62.7761,-93.1291,0.0000,bottom
"C885","2.2uF","0402-TIGHT",62.7761,-92.1766,0.0000,bottom
"C886","10uF","0402-TIGHT",62.7761,-91.2241,0.0000,bottom
"C889","22pF","0402-TIGHT",67.4751,-109.7661,-90.0000,bottom
"C890","0.1uF","0402-TIGHT",66.5226,-109.7661,-90.0000,bottom
"C891","2.2uF","0402-TIGHT",68.6181,-123.1646,0.0000,bottom
"C894","2.2uF","0402-TIGHT",60.6806,-120.2436,180.0000,bottom
"C895","0.1uF","0402-TIGHT",62.3951,-117.5766,90.0000,bottom
"C896","1.0uF","0402-TIGHT",69.3801,-91.9861,90.0000,bottom
"C897","0.1uF","0402-TIGHT",67.7291,-114.5921,180.0000,bottom
"C899","0.1uF","0402-TIGHT",62.9666,-119.7991,0.0000,bottom
"C905","1.0uF","0402-TIGHT",71.9201,-115.4811,0.0000,bottom
"C906","1.0uF","0402-TIGHT",71.8566,-119.2911,180.0000,bottom
"C907","2.2uF","0402-TIGHT",71.9201,-123.1646,180.0000,bottom
"C910","22pF","0402-TIGHT",79.6036,-104.1781,90.0000,bottom
"C911","0.1uF","0402-TIGHT",77.8891,-103.7971,90.0000,bottom
"C912","22pF","0402-TIGHT",77.2541,-107.3531,-90.0000,bottom
"C913","0.1uF","0402-TIGHT",78.2066,-107.3531,-90.0000,bottom
"C918","22pF","0402-TIGHT",74.0791,-105.3211,0.0000,bottom
"C919","0.1uF","0402-TIGHT",71.9836,-104.8766,180.0000,bottom
"C920","22pF","0402-TIGHT",72.8091,-109.7661,-90.0000,bottom
"C921","0.1uF","0402-TIGHT",73.7616,-109.7661,-90.0000,bottom
"C922","1.0uF","0402-TIGHT",75.7301,-107.3531,-90.0000,bottom
"C923","47nF","0402-TIGHT",74.7776,-107.3531,-90.0000,bottom
"C924","1.0nF","0402-TIGHT",71.3486,-107.2007,90.0000,bottom
"C930","100pF","0402-TIGHT",71.9201,-92.1766,0.0000,bottom
"C931","100pF","0402-TIGHT",72.2376,-97.0026,90.0000,bottom
"C932","2.2uF","0402-TIGHT",73.1901,-97.0026,90.0000,bottom
"C933","22pF","0402-TIGHT",74.0156,-94.5896,90.0000,bottom
"C934","2.2uF","0402-TIGHT",74.9681,-94.5896,90.0000,bottom
"C937","100pF","0402-TIGHT",73.9521,-93.1291,0.0000,bottom
"C938","2.2uF","0402-TIGHT",73.9521,-92.1766,0.0000,bottom
"C939","10uF","0402-TIGHT",73.9521,-91.2241,0.0000,bottom
"C942","22pF","0402-TIGHT",78.6511,-109.7661,-90.0000,bottom
"C943","0.1uF","0402-TIGHT",77.6986,-109.7661,-90.0000,bottom
"C944","2.2uF","0402-TIGHT",79.7941,-123.1646,0.0000,bottom
"C947","2.2uF","0402-TIGHT",71.8566,-120.2436,180.0000,bottom
"C948","0.1uF","0402-TIGHT",73.5711,-117.5766,90.0000,bottom
"C949","1.0uF","0402-TIGHT",80.5561,-91.9861,90.0000,bottom
"C950","0.1uF","0402-TIGHT",78.9051,-114.5921,180.0000,bottom
"C952","0.1uF","0402-TIGHT",74.1426,-119.7991,0.0000,bottom
"C958","1.0uF","0402-TIGHT",83.0961,-115.4811,0.0000,bottom
"C959","1.0uF","0402-TIGHT",83.0326,-119.2911,180.0000,bottom
"C960","2.2uF","0402-TIGHT",83.0961,-123.1646,180.0000,bottom
"C963","22pF","0402-TIGHT",90.7796,-104.1781,90.0000,bottom
"C964","0.1uF","0402-TIGHT",89.0651,-103.7971,90.0000,bottom
"C965","22pF","0402-TIGHT",88.4301,-107.3531,-90.0000,bottom
"C966","0.1uF","0402-TIGHT",89.3826,-107.3531,-90.0000,bottom
"C971","22pF","0402-TIGHT",85.2551,-105.3211,0.0000,bottom
"C972","0.1uF","0402-TIGHT",83.1596,-104.8766,180.0000,bottom
"C973","22pF","0402-TIGHT",83.9851,-109.7661,-90.0000,bottom
"C974","0.1uF","0402-TIGHT",84.9376,-109.7661,-90.0000,bottom
"C975","1.0uF","0402-TIGHT",86.9061,-107.3531,-90.0000,bottom
"C976","47nF","0402-TIGHT",85.9536,-107.3531,-90.0000,bottom
"C977","1.0nF","0402-TIGHT",82.5246,-107.2007,90.0000,bottom
"C983","100pF","0402-TIGHT",83.0961,-92.1766,0.0000,bottom
"C984","100pF","0402-TIGHT",83.4136,-97.0026,90.0000,bottom
"C985","2.2uF","0402-TIGHT",84.3661,-97.0026,90.0000,bottom
"C986","22pF","0402-TIGHT",85.1916,-94.5896,90.0000,bottom
"C987","2.2uF","0402-TIGHT",86.1441,-94.5896,90.0000,bottom
"C990","100pF","0402-TIGHT",85.1281,-93.1291,0.0000,bottom
"C991","2.2uF","0402-TIGHT",85.1281,-92.1766,0.0000,bottom
"C992","10uF","0402-TIGHT",85.1281,-91.2241,0.0000,bottom
"C995","22pF","0402-TIGHT",89.8271,-109.7661,-90.0000,bottom
"C996","0.1uF","0402-TIGHT",88.8746,-109.7661,-90.0000,bottom
"C997","2.2uF","0402-TIGHT",90.9701,-123.1646,0.0000,bottom
"C1000","2.2uF","0402-TIGHT",83.0326,-120.2436,180.0000,bottom
"C1001","0.1uF","0402-TIGHT",84.7471,-117.5766,90.0000,bottom
"C1002","1.0uF","0402-TIGHT",91.7321,-91.9861,90.0000,bottom
"C1003","0.1uF","0402-TIGHT",90.0811,-114.5921,180.0000,bottom
"C1005","0.1uF","0402-TIGHT",85.3186,-119.7991,0.0000,bottom
"C1011","1.0uF","0402-TIGHT",94.2721,-115.4811,0.0000,bottom
"C1012","1.0uF","0402-TIGHT",94.2086,-119.2911,180.0000,bottom
"C1013","2.2uF","0402-TIGHT",94.2721,-123.1646,180.0000,bottom
"C1016","22pF","0402-TIGHT",101.9556,-104.1781,90.0000,bottom
"C1017","0.1uF","0402-TIGHT",100.2411,-103.7971,90.0000,bottom
"C1018","22pF","0402-TIGHT",99.6061,-107.3531,-90.0000,bottom
"C1019","0.1uF","0402-TIGHT",100.5586,-107.3531,-90.0000,bottom
"C1024","22pF","0402-TIGHT",96.4311,-105.3211,0.0000,bottom
"C1025","0.1uF","0402-TIGHT",94.3356,-104.8766,180.0000,bottom
"C1026","22pF","0402-TIGHT",95.1611,-109.7661,-90.0000,bottom
"C1027","0.1uF","0402-TIGHT",96.1136,-109.7661,-90.0000,bottom
"C1028","1.0uF","0402-TIGHT",98.0821,-107.3531,-90.0000,bottom
"C1029","47nF","0402-TIGHT",97.1296,-107.3531,-90.0000,bottom
"C1030","1.0nF","0402-TIGHT",93.7006,-107.2007,90.0000,bottom
"C1036","100pF","0402-TIGHT",94.2721,-92.1766,0.0000,bottom
"C1037","100pF","0402-TIGHT",94.5896,-97.0026,90.0000,bottom
"C1038","2.2uF","0402-TIGHT",95.5421,-97.0026,90.0000,bottom
"C1039","22pF","0402-TIGHT",96.3676,-94.5896,90.0000,bottom
"C1040","2.2uF","0402-TIGHT",97.3201,-94.5896,90.0000,bottom
"C1043","100pF","0402-TIGHT",96.3041,-93.1291,0.0000,bottom
"C1044","2.2uF","0402-TIGHT",96.3041,-92.1766,0.0000,bottom
"C1045","10uF","0402-TIGHT",96.3041,-91.2241,0.0000,bottom
"C1048","22pF","0402-TIGHT",101.0031,-109.7661,-90.0000,bottom
"C1049","0.1uF","0402-TIGHT",100.0506,-109.7661,-90.0000,bottom
"C1050","2.2uF","0402-TIGHT",102.1461,-123.1646,0.0000,bottom
"C1053","2.2uF","0402-TIGHT",94.2086,-120.2436,180.0000,bottom
"C1054","0.1uF","0402-TIGHT",95.9231,-117.5766,90.0000,bottom
"C1055","1.0uF","0402-TIGHT",102.9081,-91.9861,90.0000,bottom
"C1056","0.1uF","0402-TIGHT",101.2571,-114.5921,180.0000,bottom
"C1058","0.1uF","0402-TIGHT",96.4946,-119.7991,0.0000,bottom
"C1064","1.0uF","0402-TIGHT",105.4481,-115.4811,0.0000,bottom
"C1065","1.0uF","0402-TIGHT",105.3846,-119.2911,180.0000,bottom
"C1066","2.2uF","0402-TIGHT",105.4481,-123.1646,180.0000,bottom
"C1069","22pF","0402-TIGHT",113.1316,-104.1781,90.0000,bottom
"C1070","0.1uF","0402-TIGHT",111.4171,-103.7971,90.0000,bottom
"C1071","22pF","0402-TIGHT",110.7821,-107.3531,-90.0000,bottom
"C1072","0.1uF","0402-TIGHT",111.7346,-107.3531,-90.0000,bottom
"C1077","22pF","0402-TIGHT",107.6071,-105.3211,0.0000,bottom
"C1078","0.1uF","0402-TIGHT",105.5116,-104.8766,180.0000,bottom
"C1079","22pF","0402-TIGHT",106.3371,-109.7661,-90.0000,bottom
"C1080","0.1uF","0402-TIGHT",107.2896,-109.7661,-90.0000,bottom
"C1081","1.0uF","0402-TIGHT",109.2581,-107.3531,-90.0000,bottom
"C1082","47nF","0402-TIGHT",108.3056,-107.3531,-90.0000,bottom
"C1083","1.0nF","0402-TIGHT",104.8766,-107.2007,90.0000,bottom
"C1089","100pF","0402-TIGHT",105.4481,-92.1766,0.0000,bottom
"C1090","100pF","0402-TIGHT",105.7656,-97.0026,90.0000,bottom
"C1091","2.2uF","0402-TIGHT",106.7181,-97.0026,90.0000,bottom
"C1092","22pF","0402-TIGHT",107.5436,-94.5896,90.0000,bottom
"C1093","2.2uF","0402-TIGHT",108.4961,-94.5896,90.0000,bottom
"C1096","100pF","0402-TIGHT",107.4801,-93.1291,0.0000,bottom
"C1097","2.2uF","0402-TIGHT",107.4801,-92.1766,0.0000,bottom
"C1098","10uF","0402-TIGHT",107.4801,-91.2241,0.0000,bottom
"C1101","22pF","0402-TIGHT",112.1791,-109.7661,-90.0000,bottom
"C1102","0.1uF","0402-TIGHT",111.2266,-109.7661,-90.0000,bottom
"C1103","2.2uF","0402-TIGHT",113.3221,-123.1646,0.0000,bottom
"C1106","2.2uF","0402-TIGHT",105.3846,-120.2436,180.0000,bottom
"C1107","0.1uF","0402-TIGHT",107.0991,-117.5766,90.0000,bottom
"C1108","1.0uF","0402-TIGHT",114.0841,-91.9861,90.0000,bottom
"C1109","0.1uF","0402-TIGHT",112.4331,-114.5921,180.0000,bottom
"C1111","0.1uF","0402-TIGHT",107.6706,-119.7991,0.0000,bottom
"C1117","1.0uF","0402-TIGHT",116.6241,-115.4811,0.0000,bottom
"C1118","1.0uF","0402-TIGHT",116.5606,-119.2911,180.0000,bottom
"C1119","2.2uF","0402-TIGHT",116.6241,-123.1646,180.0000,bottom
"C1122","22pF","0402-TIGHT",124.3076,-104.1781,90.0000,bottom
"C1123","0.1uF","0402-TIGHT",122.5931,-103.7971,90.0000,bottom
"C1124","22pF","0402-TIGHT",121.9581,-107.3531,-90.0000,bottom
"C1125","0.1uF","0402-TIGHT",122.9106,-107.3531,-90.0000,bottom
"C1130","22pF","0402-TIGHT",118.7831,-105.3211,0.0000,bottom
"C1131","0.1uF","0402-TIGHT",116.6876,-104.8766,180.0000,bottom
"C1132","22pF","0402-TIGHT",117.5131,-109.7661,-90.0000,bottom
"C1133","0.1uF","0402-TIGHT",118.4656,-109.7661,-90.0000,bottom
"C1134","1.0uF","0402-TIGHT",120.4341,-107.3531,-90.0000,bottom
"C1135","47nF","0402-TIGHT",119.4816,-107.3531,-90.0000,bottom
"C1136","1.0nF","0402-TIGHT",116.0526,-107.2007,90.0000,bottom
"C1142","100pF","0402-TIGHT",116.6241,-92.1766,0.0000,bottom
"C1143","100pF","0402-TIGHT",116.9416,-97.0026,90.0000,bottom
"C1144","2.2uF","0402-TIGHT",117.8941,-97.0026,90.0000,bottom
"C1145","22pF","0402-TIGHT",118.7196,-94.5896,90.0000,bottom
"C1146","2.2uF","0402-TIGHT",119.6721,-94.5896,90.0000,bottom
"C1149","100pF","0402-TIGHT",118.6561,-93.1291,0.0000,bottom
"C1150","2.2uF","0402-TIGHT",118.6561,-92.1766,0.0000,bottom
"C1151","10uF","0402-TIGHT",118.6561,-91.2241,0.0000,bottom
"C1154","22pF","0402-TIGHT",123.3551,-109.7661,-90.0000,bottom
"C1155","0.1uF","0402-TIGHT",122.4026,-109.7661,-90.0000,bottom
"C1156","2.2uF","0402-TIGHT",124.4981,-123.1646,0.0000,bottom
"C1159","2.2uF","0402-TIGHT",116.5606,-120.2436,180.0000,bottom
"C1160","0.1uF","0402-TIGHT",118.2751,-117.5766,90.0000,bottom
"C1161","1.0uF","0402-TIGHT",125.2601,-91.9861,90.0000,bottom
"C1162","0.1uF","0402-TIGHT",123.6091,-114.5921,180.0000,bottom
"C1164","0.1uF","0402-TIGHT",118.8466,-119.7991,0.0000,bottom
"C1170","1.0uF","0402-TIGHT",127.8001,-115.4811,0.0000,bottom
"C1171","1.0uF","0402-TIGHT",127.7366,-119.2911,180.0000,bottom
"C1172","2.2uF","0402-TIGHT",127.8001,-123.1646,180.0000,bottom
"C1175","22pF","0402-TIGHT",135.4836,-104.1781,90.0000,bottom
"C1176","0.1uF","0402-TIGHT",133.7691,-103.7971,90.0000,bottom
"C1177","22pF","0402-TIGHT",133.1341,-107.3531,-90.0000,bottom
"C1178","0.1uF","0402-TIGHT",134.0866,-107.3531,-90.0000,bottom
"C1183","22pF","0402-TIGHT",129.9591,-105.3211,0.0000,bottom
"C1184","0.1uF","0402-TIGHT",127.8636,-104.8766,180.0000,bottom
"C1185","22pF","0402-TIGHT",128.6891,-109.7661,-90.0000,bottom
"C1186","0.1uF","0402-TIGHT",129.6416,-109.7661,-90.0000,bottom
"C1187","1.0uF","0402-TIGHT",131.6101,-107.3531,-90.0000,bottom
"C1188","47nF","0402-TIGHT",130.6576,-107.3531,-90.0000,bottom
"C1189","1.0nF","0402-TIGHT",127.2286,-107.2007,90.0000,bottom
"C1195","100pF","0402-TIGHT",127.8001,-92.1766,0.0000,bottom
"C1196","100pF","0402-TIGHT",128.1176,-97.0026,90.0000,bottom
"C1197","2.2uF","0402-TIGHT",129.0701,-97.0026,90.0000,bottom
"C1198","22pF","0402-TIGHT",129.8956,-94.5896,90.0000,bottom
"C1199","2.2uF","0402-TIGHT",130.8481,-94.5896,90.0000,bottom
"C1202","100pF","0402-TIGHT",129.8321,-93.1291,0.0000,bottom
"C1203","2.2uF","0402-TIGHT",129.8321,-92.1766,0.0000,bottom
"C1204","10uF","0402-TIGHT",129.8321,-91.2241,0.0000,bottom
"C1207","22pF","0402-TIGHT",134.5311,-109.7661,-90.0000,bottom
"C1208","0.1uF","0402-TIGHT",133.5786,-109.7661,-90.0000,bottom
"C1209","2.2uF","0402-TIGHT",135.6741,-123.1646,0.0000,bottom
"C1212","2.2uF","0402-TIGHT",127.7366,-120.2436,180.0000,bottom
"C1213","0.1uF","0402-TIGHT",129.4511,-117.5766,90.0000,bottom
"C1214","1.0uF","0402-TIGHT",136.4361,-91.9861,90.0000,bottom
"C1215","0.1uF","0402-TIGHT",134.7851,-114.5921,180.0000,bottom
"C1217","0.1uF","0402-TIGHT",130.0226,-119.7991,0.0000,bottom
"C1223","1.0uF","0402-TIGHT",138.9761,-115.4811,0.0000,bottom
"C1224","1.0uF","0402-TIGHT",138.9126,-119.2911,180.0000,bottom
"C1225","2.2uF","0402-TIGHT",138.9761,-123.1646,180.0000,bottom
"C1228","22pF","0402-TIGHT",146.6596,-104.1781,90.0000,bottom
"C1229","0.1uF","0402-TIGHT",144.9451,-103.7971,90.0000,bottom
"C1230","22pF","0402-TIGHT",144.3101,-107.3531,-90.0000,bottom
"C1231","0.1uF","0402-TIGHT",145.2626,-107.3531,-90.0000,bottom
"C1236","22pF","0402-TIGHT",141.1351,-105.3211,0.0000,bottom
"C1237","0.1uF","0402-TIGHT",139.0396,-104.8766,180.0000,bottom
"C1238","22pF","0402-TIGHT",139.8651,-109.7661,-90.0000,bottom
"C1239","0.1uF","0402-TIGHT",140.8176,-109.7661,-90.0000,bottom
"C1240","1.0uF","0402-TIGHT",142.7861,-107.3531,-90.0000,bottom
"C1241","47nF","0402-TIGHT",141.8336,-107.3531,-90.0000,bottom
"C1242","1.0nF","0402-TIGHT",138.4046,-107.2007,90.0000,bottom
"C1248","100pF","0402-TIGHT",138.9761,-92.1766,0.0000,bottom
"C1249","100pF","0402-TIGHT",139.2936,-97.0026,90.0000,bottom
"C1250","2.2uF","0402-TIGHT",140.2461,-97.0026,90.0000,bottom
"C1251","22pF","0402-TIGHT",141.0716,-94.5896,90.0000,bottom
"C1252","2.2uF","0402-TIGHT",142.0241,-94.5896,90.0000,bottom
"C1255","100pF","0402-TIGHT",141.0081,-93.1291,0.0000,bottom
"C1256","2.2uF","0402-TIGHT",141.0081,-92.1766,0.0000,bottom
"C1257","10uF","0402-TIGHT",141.0081,-91.2241,0.0000,bottom
"C1260","22pF","0402-TIGHT",145.7071,-109.7661,-90.0000,bottom
"C1261","0.1uF","0402-TIGHT",144.7546,-109.7661,-90.0000,bottom
"C1262","2.2uF","0402-TIGHT",146.8501,-123.1646,0.0000,bottom
"C1265","2.2uF","0402-TIGHT",138.9126,-120.2436,180.0000,bottom
"C1266","0.1uF","0402-TIGHT",140.6271,-117.5766,90.0000,bottom
"C1267","1.0uF","0402-TIGHT",147.6121,-91.9861,90.0000,bottom
"C1268","0.1uF","0402-TIGHT",145.9611,-114.5921,180.0000,bottom
"C1270","0.1uF","0402-TIGHT",141.1986,-119.7991,0.0000,bottom
"C1276","1.0uF","0402-TIGHT",150.1521,-115.4811,0.0000,bottom
"C1277","1.0uF","0402-TIGHT",150.0886,-119.2911,180.0000,bottom
"C1278","2.2uF","0402-TIGHT",150.1521,-123.1646,180.0000,bottom
"C1281","22pF","0402-TIGHT",157.8356,-104.1781,90.0000,bottom
"C1282","0.1uF","0402-TIGHT",156.1211,-103.7971,90.0000,bottom
"C1283","22pF","0402-TIGHT",155.4861,-107.3531,-90.0000,bottom
"C1284","0.1uF","0402-TIGHT",156.4386,-107.3531,-90.0000,bottom
"C1289","22pF","0402-TIGHT",152.3111,-105.3211,0.0000,bottom
"C1290","0.1uF","0402-TIGHT",150.2156,-104.8766,180.0000,bottom
"C1291","22pF","0402-TIGHT",151.0411,-109.7661,-90.0000,bottom
"C1292","0.1uF","0402-TIGHT",151.9936,-109.7661,-90.0000,bottom
"C1293","1.0uF","0402-TIGHT",153.9621,-107.3531,-90.0000,bottom
"C1294","47nF","0402-TIGHT",153.0096,-107.3531,-90.0000,bottom
"C1295","1.0nF","0402-TIGHT",149.5806,-107.2007,90.0000,bottom
"C1301","100pF","0402-TIGHT",150.1521,-92.1766,0.0000,bottom
"C1302","100pF","0402-TIGHT",150.4696,-97.0026,90.0000,bottom
"C1303","2.2uF","0402-TIGHT",151.4221,-97.0026,90.0000,bottom
"C1304","22pF","0402-TIGHT",152.2476,-94.5896,90.0000,bottom
"C1305","2.2uF","0402-TIGHT",153.2001,-94.5896,90.0000,bottom
"C1308","100pF","0402-TIGHT",152.1841,-93.1291,0.0000,bottom
"C1309","2.2uF","0402-TIGHT",152.1841,-92.1766,0.0000,bottom
"C1310","10uF","0402-TIGHT",152.1841,-91.2241,0.0000,bottom
"C1313","22pF","0402-TIGHT",156.8831,-109.7661,-90.0000,bottom
"C1314","0.1uF","0402-TIGHT",155.9306,-109.7661,-90.0000,bottom
"C1315","2.2uF","0402-TIGHT",158.0261,-123.1646,0.0000,bottom
"C1318","2.2uF","0402-TIGHT",150.0886,-120.2436,180.0000,bottom
"C1319","0.1uF","0402-TIGHT",151.8031,-117.5766,90.0000,bottom
"C1320","1.0uF","0402-TIGHT",158.7881,-91.9861,90.0000,bottom
"C1321","0.1uF","0402-TIGHT",157.1371,-114.5921,180.0000,bottom
"C1323","0.1uF","0402-TIGHT",152.3746,-119.7991,0.0000,bottom
"C1329","1.0uF","0402-TIGHT",161.3281,-115.4811,0.0000,bottom
"C1330","1.0uF","0402-TIGHT",161.2646,-119.2911,180.0000,bottom
"C1331","2.2uF","0402-TIGHT",161.3281,-123.1646,180.0000,bottom
"C1334","22pF","0402-TIGHT",169.0116,-104.1781,90.0000,bottom
"C1335","0.1uF","0402-TIGHT",167.2971,-103.7971,90.0000,bottom
"C1336","22pF","0402-TIGHT",166.6621,-107.3531,-90.0000,bottom
"C1337","0.1uF","0402-TIGHT",167.6146,-107.3531,-90.0000,bottom
"C1342","22pF","0402-TIGHT",163.4871,-105.3211,0.0000,bottom
"C1343","0.1uF","0402-TIGHT",161.3916,-104.8766,180.0000,bottom
"C1344","22pF","0402-TIGHT",162.2171,-109.7661,-90.0000,bottom
"C1345","0.1uF","0402-TIGHT",163.1696,-109.7661,-90.0000,bottom
"C1346","1.0uF","0402-TIGHT",165.1381,-107.3531,-90.0000,bottom
"C1347","47nF","0402-TIGHT",164.1856,-107.3531,-90.0000,bottom
"C1348","1.0nF","0402-TIGHT",160.7566,-107.2007,90.0000,bottom
"C1354","100pF","0402-TIGHT",161.3281,-92.1766,0.0000,bottom
"C1355","100pF","0402-TIGHT",161.6456,-97.0026,90.0000,bottom
"C1356","2.2uF","0402-TIGHT",162.5981,-97.0026,90.0000,bottom
"C1357","22pF","0402-TIGHT",163.4236,-94.5896,90.0000,bottom
"C1358","2.2uF","0402-TIGHT",164.3761,-94.5896,90.0000,bottom
"C1361","100pF","0402-TIGHT",163.3601,-93.1291,0.0000,bottom
"C1362","2.2uF","0402-TIGHT",163.3601,-92.1766,0.0000,bottom
"C1363","10uF","0402-TIGHT",163.3601,-91.2241,0.0000,bottom
"C1366","22pF","0402-TIGHT",168.0591,-109.7661,-90.0000,bottom
"C1367","0.1uF","0402-TIGHT",167.1066,-109.7661,-90.0000,bottom
"C1368","2.2uF","0402-TIGHT",169.2021,-123.1646,0.0000,bottom
"C1371","2.2uF","0402-TIGHT",161.2646,-120.2436,180.0000,bottom
"C1372","0.1uF","0402-TIGHT",162.9791,-117.5766,90.0000,bottom
"C1373","1.0uF","0402-TIGHT",169.9641,-91.9861,90.0000,bottom
"C1374","0.1uF","0402-TIGHT",168.3131,-114.5921,180.0000,bottom
"C1376","0.1uF","0402-TIGHT",163.5506,-119.7991,0.0000,bottom
"C1382","1.0uF","0402-TIGHT",172.5041,-115.4811,0.0000,bottom
"C1383","1.0uF","0402-TIGHT",172.4406,-119.2911,180.0000,bottom
"C1384","2.2uF","0402-TIGHT",172.5041,-123.1646,180.0000,bottom
"C1387","22pF","0402-TIGHT",180.1876,-104.1781,90.0000,bottom
"C1388","0.1uF","0402-TIGHT",178.4731,-103.7971,90.0000,bottom
"C1389","22pF","0402-TIGHT",177.8381,-107.3531,-90.0000,bottom
"C1390","0.1uF","0402-TIGHT",178.7906,-107.3531,-90.0000,bottom
"C1395","22pF","0402-TIGHT",174.6631,-105.3211,0.0000,bottom
"C1396","0.1uF","0402-TIGHT",172.5676,-104.8766,180.0000,bottom
"C1397","22pF","0402-TIGHT",173.3931,-109.7661,-90.0000,bottom
"C1398","0.1uF","0402-TIGHT",174.3456,-109.7661,-90.0000,bottom
"C1399","1.0uF","0402-TIGHT",176.3141,-107.3531,-90.0000,bottom
"C1400","47nF","0402-TIGHT",175.3616,-107.3531,-90.0000,bottom
"C1401","1.0nF","0402-TIGHT",171.9326,-107.2007,90.0000,bottom
"C1407","100pF","0402-TIGHT",172.5041,-92.1766,0.0000,bottom
"C1408","100pF","0402-TIGHT",172.8216,-97.0026,90.0000,bottom
"C1409","2.2uF","0402-TIGHT",173.7741,-97.0026,90.0000,bottom
"C1410","22pF","0402-TIGHT",174.5996,-94.5896,90.0000,bottom
"C1411","2.2uF","0402-TIGHT",175.5521,-94.5896,90.0000,bottom
"C1414","100pF","0402-TIGHT",174.5361,-93.1291,0.0000,bottom
"C1415","2.2uF","0402-TIGHT",174.5361,-92.1766,0.0000,bottom
"C1416","10uF","0402-TIGHT",174.5361,-91.2241,0.0000,bottom
"C1419","22pF","0402-TIGHT",179.2351,-109.7661,-90.0000,bottom
"C1420","0.1uF","0402-TIGHT",178.2826,-109.7661,-90.0000,bottom
"C1421","2.2uF","0402-TIGHT",180.3781,-123.1646,0.0000,bottom
"C1424","2.2uF","0402-TIGHT",172.4406,-120.2436,180.0000,bottom
"C1425","0.1uF","0402-TIGHT",174.1551,-117.5766,90.0000,bottom
"C1426","1.0uF","0402-TIGHT",181.1401,-91.9861,90.0000,bottom
"C1427","0.1uF","0402-TIGHT",179.4891,-114.5921,180.0000,bottom
"C1429","0.1uF","0402-TIGHT",174.7266,-119.7991,0.0000,bottom
"C1435","1.0uF","0402-TIGHT",183.6801,-115.4811,0.0000,bottom
"C1436","1.0uF","0402-TIGHT",183.6166,-119.2911,180.0000,bottom
"C1437","2.2uF","0402-TIGHT",183.6801,-123.1646,180.0000,bottom
"C1440","22pF","0402-TIGHT",191.3636,-104.1781,90.0000,bottom
"C1441","0.1uF","0402-TIGHT",189.6491,-103.7971,90.0000,bottom
"C1442","22pF","0402-TIGHT",189.0141,-107.3531,-90.0000,bottom
"C1443","0.1uF","0402-TIGHT",189.9666,-107.3531,-90.0000,bottom
"C1448","22pF","0402-TIGHT",185.8391,-105.3211,0.0000,bottom
"C1449","0.1uF","0402-TIGHT",183.7436,-104.8766,180.0000,bottom
"C1450","22pF","0402-TIGHT",184.5691,-109.7661,-90.0000,bottom
"C1451","0.1uF","0402-TIGHT",185.5216,-109.7661,-90.0000,bottom
"C1452","1.0uF","0402-TIGHT",187.4901,-107.3531,-90.0000,bottom
"C1453","47nF","0402-TIGHT",186.5376,-107.3531,-90.0000,bottom
"C1454","1.0nF","0402-TIGHT",183.1086,-107.2007,90.0000,bottom
"C1460","100pF","0402-TIGHT",183.6801,-92.1766,0.0000,bottom
"C1461","100pF","0402-TIGHT",183.9976,-97.0026,90.0000,bottom
"C1462","2.2uF","0402-TIGHT",184.9501,-97.0026,90.0000,bottom
"C1463","22pF","0402-TIGHT",185.7756,-94.5896,90.0000,bottom
"C1464","2.2uF","0402-TIGHT",186.7281,-94.5896,90.0000,bottom
"C1467","100pF","0402-TIGHT",185.7121,-93.1291,0.0000,bottom
"C1468","2.2uF","0402-TIGHT",185.7121,-92.1766,0.0000,bottom
"C1469","10uF","0402-TIGHT",185.7121,-91.2241,0.0000,bottom
"C1472","22pF","0402-TIGHT",190.4111,-109.7661,-90.0000,bottom
"C1473","0.1uF","0402-TIGHT",189.4586,-109.7661,-90.0000,bottom
"C1474","2.2uF","0402-TIGHT",191.5541,-123.1646,0.0000,bottom
"C1477","2.2uF","0402-TIGHT",183.6166,-120.2436,180.0000,bottom
"C1478","0.1uF","0402-TIGHT",185.3311,-117.5766,90.0000,bottom
"C1479","1.0uF","0402-TIGHT",192.3161,-91.9861,90.0000,bottom
"C1480","0.1uF","0402-TIGHT",190.6651,-114.5921,180.0000,bottom
"C1482","0.1uF","0402-TIGHT",185.9026,-119.7991,0.0000,bottom
"C1488","1.0uF","0402-TIGHT",194.8561,-115.4811,0.0000,bottom
"C1489","1.0uF","0402-TIGHT",194.7926,-119.2911,180.0000,bottom
"C1490","2.2uF","0402-TIGHT",194.8561,-123.1646,180.0000,bottom
"C1493","22pF","0402-TIGHT",202.5396,-104.1781,90.0000,bottom
"C1494","0.1uF","0402-TIGHT",200.8251,-103.7971,90.0000,bottom
"C1495","22pF","0402-TIGHT",200.1901,-107.3531,-90.0000,bottom
"C1496","0.1uF","0402-TIGHT",201.1426,-107.3531,-90.0000,bottom
"C1501","22pF","0402-TIGHT",197.0151,-105.3211,0.0000,bottom
"C1502","0.1uF","0402-TIGHT",194.9196,-104.8766,180.0000,bottom
"C1503","22pF","0402-TIGHT",195.7451,-109.7661,-90.0000,bottom
"C1504","0.1uF","0402-TIGHT",196.6976,-109.7661,-90.0000,bottom
"C1505","1.0uF","0402-TIGHT",198.6661,-107.3531,-90.0000,bottom
"C1506","47nF","0402-TIGHT",197.7136,-107.3531,-90.0000,bottom
"C1507","1.0nF","0402-TIGHT",194.2846,-107.2007,90.0000,bottom
"C1513","100pF","0402-TIGHT",194.8561,-92.1766,0.0000,bottom
"C1514","100pF","0402-TIGHT",195.1736,-97.0026,90.0000,bottom
"C1515","2.2uF","0402-TIGHT",196.1261,-97.0026,90.0000,bottom
"C1516","22pF","0402-TIGHT",196.9516,-94.5896,90.0000,bottom
"C1517","2.2uF","0402-TIGHT",197.9041,-94.5896,90.0000,bottom
"C1520","100pF","0402-TIGHT",196.8881,-93.1291,0.0000,bottom
"C1521","2.2uF","0402-TIGHT",196.8881,-92.1766,0.0000,bottom
"C1522","10uF","0402-TIGHT",196.8881,-91.2241,0.0000,bottom
"C1525","22pF","0402-TIGHT",201.5871,-109.7661,-90.0000,bottom
"C1526","0.1uF","0402-TIGHT",200.6346,-109.7661,-90.0000,bottom
"C1527","2.2uF","0402-TIGHT",202.7301,-123.1646,0.0000,bottom
"C1530","2.2uF","0402-TIGHT",194.7926,-120.2436,180.0000,bottom
"C1531","0.1uF","0402-TIGHT",196.5071,-117.5766,90.0000,bottom
"C1532","1.0uF","0402-TIGHT",203.4921,-91.9861,90.0000,bottom
"C1533","0.1uF","0402-TIGHT",201.8411,-114.5921,180.0000,bottom
"C1535","0.1uF","0402-TIGHT",197.0786,-119.7991,0.0000,bottom
"C1541","1.0uF","0402-TIGHT",206.0321,-115.4811,0.0000,bottom
"C1542","1.0uF","0402-TIGHT",205.9686,-119.2911,180.0000,bottom
"C1543","2.2uF","0402-TIGHT",206.0321,-123.1646,180.0000,bottom
"C1546","22pF","0402-TIGHT",213.7156,-104.1781,90.0000,bottom
"C1547","0.1uF","0402-TIGHT",212.0011,-103.7971,90.0000,bottom
"C1548","22pF","0402-TIGHT",211.3661,-107.3531,-90.0000,bottom
"C1549","0.1uF","0402-TIGHT",212.3186,-107.3531,-90.0000,bottom
"C1554","22pF","0402-TIGHT",208.1911,-105.3211,0.0000,bottom
"C1555","0.1uF","0402-TIGHT",206.0956,-104.8766,180.0000,bottom
"C1556","22pF","0402-TIGHT",206.9211,-109.7661,-90.0000,bottom
"C1557","0.1uF","0402-TIGHT",207.8736,-109.7661,-90.0000,bottom
"C1558","1.0uF","0402-TIGHT",209.8421,-107.3531,-90.0000,bottom
"C1559","47nF","0402-TIGHT",208.8896,-107.3531,-90.0000,bottom
"C1560","1.0nF","0402-TIGHT",205.4606,-107.2007,90.0000,bottom
"C1566","100pF","0402-TIGHT",206.0321,-92.1766,0.0000,bottom
"C1567","100pF","0402-TIGHT",206.3496,-97.0026,90.0000,bottom
"C1568","2.2uF","0402-TIGHT",207.3021,-97.0026,90.0000,bottom
"C1569","22pF","0402-TIGHT",208.1276,-94.5896,90.0000,bottom
"C1570","2.2uF","0402-TIGHT",209.0801,-94.5896,90.0000,bottom
"C1573","100pF","0402-TIGHT",208.0641,-93.1291,0.0000,bottom
"C1574","2.2uF","0402-TIGHT",208.0641,-92.1766,0.0000,bottom
"C1575","10uF","0402-TIGHT",208.0641,-91.2241,0.0000,bottom
"C1578","22pF","0402-TIGHT",212.7631,-109.7661,-90.0000,bottom
"C1579","0.1uF","0402-TIGHT",211.8106,-109.7661,-90.0000,bottom
"C1580","2.2uF","0402-TIGHT",213.9061,-123.1646,0.0000,bottom
"C1583","2.2uF","0402-TIGHT",205.9686,-120.2436,180.0000,bottom
"C1584","0.1uF","0402-TIGHT",207.6831,-117.5766,90.0000,bottom
"C1585","1.0uF","0402-TIGHT",214.6681,-91.9861,90.0000,bottom
"C1586","0.1uF","0402-TIGHT",213.0171,-114.5921,180.0000,bottom
"C1588","0.1uF","0402-TIGHT",208.2546,-119.7991,0.0000,bottom
"C1594","1.0uF","0402-TIGHT",217.2081,-115.4811,0.0000,bottom
"C1595","1.0uF","0402-TIGHT",217.1446,-119.2911,180.0000,bottom
"C1596","2.2uF","0402-TIGHT",217.2081,-123.1646,180.0000,bottom
"C1599","22pF","0402-TIGHT",224.8916,-104.1781,90.0000,bottom
"C1600","0.1uF","0402-TIGHT",223.1771,-103.7971,90.0000,bottom
"C1601","22pF","0402-TIGHT",222.5421,-107.3531,-90.0000,bottom
"C1602","0.1uF","0402-TIGHT",223.4946,-107.3531,-90.0000,bottom
"C1607","22pF","0402-TIGHT",219.3671,-105.3211,0.0000,bottom
"C1608","0.1uF","0402-TIGHT",217.2716,-104.8766,180.0000,bottom
"C1609","22pF","0402-TIGHT",218.0971,-109.7661,-90.0000,bottom
"C1610","0.1uF","0402-TIGHT",219.0496,-109.7661,-90.0000,bottom
"C1611","1.0uF","0402-TIGHT",221.0181,-107.3531,-90.0000,bottom
"C1612","47nF","0402-TIGHT",220.0656,-107.3531,-90.0000,bottom
"C1613","1.0nF","0402-TIGHT",216.6366,-107.2007,90.0000,bottom
"C1619","100pF","0402-TIGHT",217.2081,-92.1766,0.0000,bottom
"C1620","100pF","0402-TIGHT",217.5256,-97.0026,90.0000,bottom
"C1621","2.2uF","0402-TIGHT",218.4781,-97.0026,90.0000,bottom
"C1622","22pF","0402-TIGHT",219.3036,-94.5896,90.0000,bottom
"C1623","2.2uF","0402-TIGHT",220.2561,-94.5896,90.0000,bottom
"C1626","100pF","0402-TIGHT",219.2401,-93.1291,0.0000,bottom
"C1627","2.2uF","0402-TIGHT",219.2401,-92.1766,0.0000,bottom
"C1628","10uF","0402-TIGHT",219.2401,-91.2241,0.0000,bottom
"C1631","22pF","0402-TIGHT",223.9391,-109.7661,-90.0000,bottom
"C1632","0.1uF","0402-TIGHT",222.9866,-109.7661,-90.0000,bottom
"C1633","2.2uF","0402-TIGHT",225.0821,-123.1646,0.0000,bottom
"C1636","2.2uF","0402-TIGHT",217.1446,-120.2436,180.0000,bottom
"C1637","0.1uF","0402-TIGHT",218.8591,-117.5766,90.0000,bottom
"C1638","1.0uF","0402-TIGHT",225.8441,-91.9861,90.0000,bottom
"C1639","0.1uF","0402-TIGHT",224.1931,-114.5921,180.0000,bottom
"C1641","0.1uF","0402-TIGHT",219.4306,-119.7991,0.0000,bottom
"C1647","1.0uF","0402-TIGHT",228.3841,-115.4811,0.0000,bottom
"C1648","1.0uF","0402-TIGHT",228.3206,-119.2911,180.0000,bottom
"C1649","2.2uF","0402-TIGHT",228.3841,-123.1646,180.0000,bottom
"C1652","22pF","0402-TIGHT",236.0676,-104.1781,90.0000,bottom
"C1653","0.1uF","0402-TIGHT",234.3531,-103.7971,90.0000,bottom
"C1654","22pF","0402-TIGHT",233.7181,-107.3531,-90.0000,bottom
"C1655","0.1uF","0402-TIGHT",234.6706,-107.3531,-90.0000,bottom
"C1660","22pF","0402-TIGHT",230.5431,-105.3211,0.0000,bottom
"C1661","0.1uF","0402-TIGHT",228.4476,-104.8766,180.0000,bottom
"C1662","22pF","0402-TIGHT",229.2731,-109.7661,-90.0000,bottom
"C1663","0.1uF","0402-TIGHT",230.2256,-109.7661,-90.0000,bottom
"C1664","1.0uF","0402-TIGHT",232.1941,-107.3531,-90.0000,bottom
"C1665","47nF","0402-TIGHT",231.2416,-107.3531,-90.0000,bottom
"C1666","1.0nF","0402-TIGHT",227.8126,-107.2007,90.0000,bottom
"C1672","100pF","0402-TIGHT",228.3841,-92.1766,0.0000,bottom
"C1673","100pF","0402-TIGHT",228.7016,-97.0026,90.0000,bottom
"C1674","2.2uF","0402-TIGHT",229.6541,-97.0026,90.0000,bottom
"C1675","22pF","0402-TIGHT",230.4796,-94.5896,90.0000,bottom
"C1676","2.2uF","0402-TIGHT",231.4321,-94.5896,90.0000,bottom
"C1679","100pF","0402-TIGHT",230.4161,-93.1291,0.0000,bottom
"C1680","2.2uF","0402-TIGHT",230.4161,-92.1766,0.0000,bottom
"C1681","10uF","0402-TIGHT",230.4161,-91.2241,0.0000,bottom
"C1684","22pF","0402-TIGHT",235.1151,-109.7661,-90.0000,bottom
"C1685","0.1uF","0402-TIGHT",234.1626,-109.7661,-90.0000,bottom
"C1686","2.2uF","0402-TIGHT",236.2581,-123.1646,0.0000,bottom
"C1689","2.2uF","0402-TIGHT",228.3206,-120.2436,180.0000,bottom
"C1690","0.1uF","0402-TIGHT",230.0351,-117.5766,90.0000,bottom
"C1691","1.0uF","0402-TIGHT",237.0201,-91.9861,90.0000,bottom
"C1692","0.1uF","0402-TIGHT",235.3691,-114.5921,180.0000,bottom
"C1694","0.1uF","0402-TIGHT",230.6066,-119.7991,0.0000,bottom
"C1700","1.0uF","0402-TIGHT",60.7441,-74.3331,0.0000,bottom
"C1701","1.0uF","0402-TIGHT",60.6806,-78.1431,180.0000,bottom
"C1702","2.2uF","0402-TIGHT",60.7441,-82.0166,180.0000,bottom
"C1705","22pF","0402-TIGHT",68.4276,-63.0301,90.0000,bottom
"C1706","0.1uF","0402-TIGHT",66.7131,-62.6491,90.0000,bottom
"C1707","22pF","0402-TIGHT",66.0781,-66.2051,-90.0000,bottom
"C1708","0.1uF","0402-TIGHT",67.0306,-66.2051,-90.0000,bottom
"C1713","22pF","0402-TIGHT",62.9031,-64.1731,0.0000,bottom
"C1714","0.1uF","0402-TIGHT",60.8076,-63.7286,180.0000,bottom
"C1715","22pF","0402-TIGHT",61.6331,-68.6181,-90.0000,bottom
"C1716","0.1uF","0402-TIGHT",62.5856,-68.6181,-90.0000,bottom
"C1717","1.0uF","0402-TIGHT",64.5541,-66.2051,-90.0000,bottom
"C1718","47nF","0402-TIGHT",63.6016,-66.2051,-90.0000,bottom
"C1719","1.0nF","0402-TIGHT",60.1726,-66.0527,90.0000,bottom
"C1725","100pF","0402-TIGHT",60.7441,-51.0286,0.0000,bottom
"C1726","100pF","0402-TIGHT",61.0616,-55.8546,90.0000,bottom
"C1727","2.2uF","0402-TIGHT",62.0141,-55.8546,90.0000,bottom
"C1728","22pF","0402-TIGHT",62.8396,-53.4416,90.0000,bottom
"C1729","2.2uF","0402-TIGHT",63.7921,-53.4416,90.0000,bottom
"C1732","100pF","0402-TIGHT",62.7761,-51.9811,0.0000,bottom
"C1733","2.2uF","0402-TIGHT",62.7761,-51.0286,0.0000,bottom
"C1734","10uF","0402-TIGHT",62.7761,-50.0761,0.0000,bottom
"C1737","22pF","0402-TIGHT",67.4751,-68.6181,-90.0000,bottom
"C1738","0.1uF","0402-TIGHT",66.5226,-68.6181,-90.0000,bottom
"C1739","2.2uF","0402-TIGHT",68.6181,-82.0166,0.0000,bottom
"C1742","2.2uF","0402-TIGHT",60.6806,-79.0956,180.0000,bottom
"C1743","0.1uF","0402-TIGHT",62.3951,-76.4286,90.0000,bottom
"C1744","1.0uF","0402-TIGHT",69.3801,-50.8381,90.0000,bottom
"C1745","0.1uF","0402-TIGHT",67.7291,-73.4441,180.0000,bottom
"C1747","0.1uF","0402-TIGHT",62.9666,-78.6511,0.0000,bottom
"C1753","1.0uF","0402-TIGHT",71.9201,-74.3331,0.0000,bottom
"C1754","1.0uF","0402-TIGHT",71.8566,-78.1431,180.0000,bottom
"C1755","2.2uF","0402-TIGHT",71.9201,-82.0166,180.0000,bottom
"C1758","22pF","0402-TIGHT",79.6036,-63.0301,90.0000,bottom
"C1759","0.1uF","0402-TIGHT",77.8891,-62.6491,90.0000,bottom
"C1760","22pF","0402-TIGHT",77.2541,-66.2051,-90.0000,bottom
"C1761","0.1uF","0402-TIGHT",78.2066,-66.2051,-90.0000,bottom
"C1766","22pF","0402-TIGHT",74.0791,-64.1731,0.0000,bottom
"C1767","0.1uF","0402-TIGHT",71.9836,-63.7286,180.0000,bottom
"C1768","22pF","0402-TIGHT",72.8091,-68.6181,-90.0000,bottom
"C1769","0.1uF","0402-TIGHT",73.7616,-68.6181,-90.0000,bottom
"C1770","1.0uF","0402-TIGHT",75.7301,-66.2051,-90.0000,bottom
"C1771","47nF","0402-TIGHT",74.7776,-66.2051,-90.0000,bottom
"C1772","1.0nF","0402-TIGHT",71.3486,-66.0527,90.0000,bottom
"C1778","100pF","0402-TIGHT",71.9201,-51.0286,0.0000,bottom
"C1779","100pF","0402-TIGHT",72.2376,-55.8546,90.0000,bottom
"C1780","2.2uF","0402-TIGHT",73.1901,-55.8546,90.0000,bottom
"C1781","22pF","0402-TIGHT",74.0156,-53.4416,90.0000,bottom
"C1782","2.2uF","0402-TIGHT",74.9681,-53.4416,90.0000,bottom
"C1785","100pF","0402-TIGHT",73.9521,-51.9811,0.0000,bottom
"C1786","2.2uF","0402-TIGHT",73.9521,-51.0286,0.0000,bottom
"C1787","10uF","0402-TIGHT",73.9521,-50.0761,0.0000,bottom
"C1790","22pF","0402-TIGHT",78.6511,-68.6181,-90.0000,bottom
"C1791","0.1uF","0402-TIGHT",77.6986,-68.6181,-90.0000,bottom
"C1792","2.2uF","0402-TIGHT",79.7941,-82.0166,0.0000,bottom
"C1795","2.2uF","0402-TIGHT",71.8566,-79.0956,180.0000,bottom
"C1796","0.1uF","0402-TIGHT",73.5711,-76.4286,90.0000,bottom
"C1797","1.0uF","0402-TIGHT",80.5561,-50.8381,90.0000,bottom
"C1798","0.1uF","0402-TIGHT",78.9051,-73.4441,180.0000,bottom
"C1800","0.1uF","0402-TIGHT",74.1426,-78.6511,0.0000,bottom
"C1806","1.0uF","0402-TIGHT",83.0961,-74.3331,0.0000,bottom
"C1807","1.0uF","0402-TIGHT",83.0326,-78.1431,180.0000,bottom
"C1808","2.2uF","0402-TIGHT",83.0961,-82.0166,180.0000,bottom
"C1811","22pF","0402-TIGHT",90.7796,-63.0301,90.0000,bottom
"C1812","0.1uF","0402-TIGHT",89.0651,-62.6491,90.0000,bottom
"C1813","22pF","0402-TIGHT",88.4301,-66.2051,-90.0000,bottom
"C1814","0.1uF","0402-TIGHT",89.3826,-66.2051,-90.0000,bottom
"C1819","22pF","0402-TIGHT",85.2551,-64.1731,0.0000,bottom
"C1820","0.1uF","0402-TIGHT",83.1596,-63.7286,180.0000,bottom
"C1821","22pF","0402-TIGHT",83.9851,-68.6181,-90.0000,bottom
"C1822","0.1uF","0402-TIGHT",84.9376,-68.6181,-90.0000,bottom
"C1823","1.0uF","0402-TIGHT",86.9061,-66.2051,-90.0000,bottom
"C1824","47nF","0402-TIGHT",85.9536,-66.2051,-90.0000,bottom
"C1825","1.0nF","0402-TIGHT",82.5246,-66.0527,90.0000,bottom
"C1831","100pF","0402-TIGHT",83.0961,-51.0286,0.0000,bottom
"C1832","100pF","0402-TIGHT",83.4136,-55.8546,90.0000,bottom
"C1833","2.2uF","0402-TIGHT",84.3661,-55.8546,90.0000,bottom
"C1834","22pF","0402-TIGHT",85.1916,-53.4416,90.0000,bottom
"C1835","2.2uF","0402-TIGHT",86.1441,-53.4416,90.0000,bottom
"C1838","100pF","0402-TIGHT",85.1281,-51.9811,0.0000,bottom
"C1839","2.2uF","0402-TIGHT",85.1281,-51.0286,0.0000,bottom
"C1840","10uF","0402-TIGHT",85.1281,-50.0761,0.0000,bottom
"C1843","22pF","0402-TIGHT",89.8271,-68.6181,-90.0000,bottom
"C1844","0.1uF","0402-TIGHT",88.8746,-68.6181,-90.0000,bottom
"C1845","2.2uF","0402-TIGHT",90.9701,-82.0166,0.0000,bottom
"C1848","2.2uF","0402-TIGHT",83.0326,-79.0956,180.0000,bottom
"C1849","0.1uF","0402-TIGHT",84.7471,-76.4286,90.0000,bottom
"C1850","1.0uF","0402-TIGHT",91.7321,-50.8381,90.0000,bottom
"C1851","0.1uF","0402-TIGHT",90.0811,-73.4441,180.0000,bottom
"C1853","0.1uF","0402-TIGHT",85.3186,-78.6511,0.0000,bottom
"C1859","1.0uF","0402-TIGHT",94.2721,-74.3331,0.0000,bottom
"C1860","1.0uF","0402-TIGHT",94.2086,-78.1431,180.0000,bottom
"C1861","2.2uF","0402-TIGHT",94.2721,-82.0166,180.0000,bottom
"C1864","22pF","0402-TIGHT",101.9556,-63.0301,90.0000,bottom
"C1865","0.1uF","0402-TIGHT",100.2411,-62.6491,90.0000,bottom
"C1866","22pF","0402-TIGHT",99.6061,-66.2051,-90.0000,bottom
"C1867","0.1uF","0402-TIGHT",100.5586,-66.2051,-90.0000,bottom
"C1872","22pF","0402-TIGHT",96.4311,-64.1731,0.0000,bottom
"C1873","0.1uF","0402-TIGHT",94.3356,-63.7286,180.0000,bottom
"C1874","22pF","0402-TIGHT",95.1611,-68.6181,-90.0000,bottom
"C1875","0.1uF","0402-TIGHT",96.1136,-68.6181,-90.0000,bottom
"C1876","1.0uF","0402-TIGHT",98.0821,-66.2051,-90.0000,bottom
"C1877","47nF","0402-TIGHT",97.1296,-66.2051,-90.0000,bottom
"C1878","1.0nF","0402-TIGHT",93.7006,-66.0527,90.0000,bottom
"C1884","100pF","0402-TIGHT",94.2721,-51.0286,0.0000,bottom
"C1885","100pF","0402-TIGHT",94.5896,-55.8546,90.0000,bottom
"C1886","2.2uF","0402-TIGHT",95.5421,-55.8546,90.0000,bottom
"C1887","22pF","0402-TIGHT",96.3676,-53.4416,90.0000,bottom
"C1888","2.2uF","0402-TIGHT",97.3201,-53.4416,90.0000,bottom
"C1891","100pF","0402-TIGHT",96.3041,-51.9811,0.0000,bottom
"C1892","2.2uF","0402-TIGHT",96.3041,-51.0286,0.0000,bottom
"C1893","10uF","0402-TIGHT",96.3041,-50.0761,0.0000,bottom
"C1896","22pF","0402-TIGHT",101.0031,-68.6181,-90.0000,bottom
"C1897","0.1uF","0402-TIGHT",100.0506,-68.6181,-90.0000,bottom
"C1898","2.2uF","0402-TIGHT",102.1461,-82.0166,0.0000,bottom
"C1901","2.2uF","0402-TIGHT",94.2086,-79.0956,180.0000,bottom
"C1902","0.1uF","0402-TIGHT",95.9231,-76.4286,90.0000,bottom
"C1903","1.0uF","0402-TIGHT",102.9081,-50.8381,90.0000,bottom
"C1904","0.1uF","0402-TIGHT",101.2571,-73.4441,180.0000,bottom
"C1906","0.1uF","0402-TIGHT",96.4946,-78.6511,0.0000,bottom
"C1912","1.0uF","0402-TIGHT",105.4481,-74.3331,0.0000,bottom
"C1913","1.0uF","0402-TIGHT",105.3846,-78.1431,180.0000,bottom
"C1914","2.2uF","0402-TIGHT",105.4481,-82.0166,180.0000,bottom
"C1917","22pF","0402-TIGHT",113.1316,-63.0301,90.0000,bottom
"C1918","0.1uF","0402-TIGHT",111.4171,-62.6491,90.0000,bottom
"C1919","22pF","0402-TIGHT",110.7821,-66.2051,-90.0000,bottom
"C1920","0.1uF","0402-TIGHT",111.7346,-66.2051,-90.0000,bottom
"C1925","22pF","0402-TIGHT",107.6071,-64.1731,0.0000,bottom
"C1926","0.1uF","0402-TIGHT",105.5116,-63.7286,180.0000,bottom
"C1927","22pF","0402-TIGHT",106.3371,-68.6181,-90.0000,bottom
"C1928","0.1uF","0402-TIGHT",107.2896,-68.6181,-90.0000,bottom
"C1929","1.0uF","0402-TIGHT",109.2581,-66.2051,-90.0000,bottom
"C1930","47nF","0402-TIGHT",108.3056,-66.2051,-90.0000,bottom
"C1931","1.0nF","0402-TIGHT",104.8766,-66.0527,90.0000,bottom
"C1937","100pF","0402-TIGHT",105.4481,-51.0286,0.0000,bottom
"C1938","100pF","0402-TIGHT",105.7656,-55.8546,90.0000,bottom
"C1939","2.2uF","0402-TIGHT",106.7181,-55.8546,90.0000,bottom
"C1940","22pF","0402-TIGHT",107.5436,-53.4416,90.0000,bottom
"C1941","2.2uF","0402-TIGHT",108.4961,-53.4416,90.0000,bottom
"C1944","100pF","0402-TIGHT",107.4801,-51.9811,0.0000,bottom
"C1945","2.2uF","0402-TIGHT",107.4801,-51.0286,0.0000,bottom
"C1946","10uF","0402-TIGHT",107.4801,-50.0761,0.0000,bottom
"C1949","22pF","0402-TIGHT",112.1791,-68.6181,-90.0000,bottom
"C1950","0.1uF","0402-TIGHT",111.2266,-68.6181,-90.0000,bottom
"C1951","2.2uF","0402-TIGHT",113.3221,-82.0166,0.0000,bottom
"C1954","2.2uF","0402-TIGHT",105.3846,-79.0956,180.0000,bottom
"C1955","0.1uF","0402-TIGHT",107.0991,-76.4286,90.0000,bottom
"C1956","1.0uF","0402-TIGHT",114.0841,-50.8381,90.0000,bottom
"C1957","0.1uF","0402-TIGHT",112.4331,-73.4441,180.0000,bottom
"C1959","0.1uF","0402-TIGHT",107.6706,-78.6511,0.0000,bottom
"C1965","1.0uF","0402-TIGHT",116.6241,-74.3331,0.0000,bottom
"C1966","1.0uF","0402-TIGHT",116.5606,-78.1431,180.0000,bottom
"C1967","2.2uF","0402-TIGHT",116.6241,-82.0166,180.0000,bottom
"C1970","22pF","0402-TIGHT",124.3076,-63.0301,90.0000,bottom
"C1971","0.1uF","0402-TIGHT",122.5931,-62.6491,90.0000,bottom
"C1972","22pF","0402-TIGHT",121.9581,-66.2051,-90.0000,bottom
"C1973","0.1uF","0402-TIGHT",122.9106,-66.2051,-90.0000,bottom
"C1978","22pF","0402-TIGHT",118.7831,-64.1731,0.0000,bottom
"C1979","0.1uF","0402-TIGHT",116.6876,-63.7286,180.0000,bottom
"C1980","22pF","0402-TIGHT",117.5131,-68.6181,-90.0000,bottom
"C1981","0.1uF","0402-TIGHT",118.4656,-68.6181,-90.0000,bottom
"C1982","1.0uF","0402-TIGHT",120.4341,-66.2051,-90.0000,bottom
"C1983","47nF","0402-TIGHT",119.4816,-66.2051,-90.0000,bottom
"C1984","1.0nF","0402-TIGHT",116.0526,-66.0527,90.0000,bottom
"C1990","100pF","0402-TIGHT",116.6241,-51.0286,0.0000,bottom
"C1991","100pF","0402-TIGHT",116.9416,-55.8546,90.0000,bottom
"C1992","2.2uF","0402-TIGHT",117.8941,-55.8546,90.0000,bottom
"C1993","22pF","0402-TIGHT",118.7196,-53.4416,90.0000,bottom
"C1994","2.2uF","0402-TIGHT",119.6721,-53.4416,90.0000,bottom
"C1997","100pF","0402-TIGHT",118.6561,-51.9811,0.0000,bottom
"C1998","2.2uF","0402-TIGHT",118.6561,-51.0286,0.0000,bottom
"C1999","10uF","0402-TIGHT",118.6561,-50.0761,0.0000,bottom
"C2002","22pF","0402-TIGHT",123.3551,-68.6181,-90.0000,bottom
"C2003","0.1uF","0402-TIGHT",122.4026,-68.6181,-90.0000,bottom
"C2004","2.2uF","0402-TIGHT",124.4981,-82.0166,0.0000,bottom
"C2007","2.2uF","0402-TIGHT",116.5606,-79.0956,180.0000,bottom
"C2008","0.1uF","0402-TIGHT",118.2751,-76.4286,90.0000,bottom
"C2009","1.0uF","0402-TIGHT",125.2601,-50.8381,90.0000,bottom
"C2010","0.1uF","0402-TIGHT",123.6091,-73.4441,180.0000,bottom
"C2012","0.1uF","0402-TIGHT",118.8466,-78.6511,0.0000,bottom
"C2018","1.0uF","0402-TIGHT",127.8001,-74.3331,0.0000,bottom
"C2019","1.0uF","0402-TIGHT",127.7366,-78.1431,180.0000,bottom
"C2020","2.2uF","0402-TIGHT",127.8001,-82.0166,180.0000,bottom
"C2023","22pF","0402-TIGHT",135.4836,-63.0301,90.0000,bottom
"C2024","0.1uF","0402-TIGHT",133.7691,-62.6491,90.0000,bottom
"C2025","22pF","0402-TIGHT",133.1341,-66.2051,-90.0000,bottom
"C2026","0.1uF","0402-TIGHT",134.0866,-66.2051,-90.0000,bottom
"C2031","22pF","0402-TIGHT",129.9591,-64.1731,0.0000,bottom
"C2032","0.1uF","0402-TIGHT",127.8636,-63.7286,180.0000,bottom
"C2033","22pF","0402-TIGHT",128.6891,-68.6181,-90.0000,bottom
"C2034","0.1uF","0402-TIGHT",129.6416,-68.6181,-90.0000,bottom
"C2035","1.0uF","0402-TIGHT",131.6101,-66.2051,-90.0000,bottom
"C2036","47nF","0402-TIGHT",130.6576,-66.2051,-90.0000,bottom
"C2037","1.0nF","0402-TIGHT",127.2286,-66.0527,90.0000,bottom
"C2043","100pF","0402-TIGHT",127.8001,-51.0286,0.0000,bottom
"C2044","100pF","0402-TIGHT",128.1176,-55.8546,90.0000,bottom
"C2045","2.2uF","0402-TIGHT",129.0701,-55.8546,90.0000,bottom
"C2046","22pF","0402-TIGHT",129.8956,-53.4416,90.0000,bottom
"C2047","2.2uF","0402-TIGHT",130.8481,-53.4416,90.0000,bottom
"C2050","100pF","0402-TIGHT",129.8321,-51.9811,0.0000,bottom
"C2051","2.2uF","0402-TIGHT",129.8321,-51.0286,0.0000,bottom
"C2052","10uF","0402-TIGHT",129.8321,-50.0761,0.0000,bottom
"C2055","22pF","0402-TIGHT",134.5311,-68.6181,-90.0000,bottom
"C2056","0.1uF","0402-TIGHT",133.5786,-68.6181,-90.0000,bottom
"C2057","2.2uF","0402-TIGHT",135.6741,-82.0166,0.0000,bottom
"C2060","2.2uF","0402-TIGHT",127.7366,-79.0956,180.0000,bottom
"C2061","0.1uF","0402-TIGHT",129.4511,-76.4286,90.0000,bottom
"C2062","1.0uF","0402-TIGHT",136.4361,-50.8381,90.0000,bottom
"C2063","0.1uF","0402-TIGHT",134.7851,-73.4441,180.0000,bottom
"C2065","0.1uF","0402-TIGHT",130.0226,-78.6511,0.0000,bottom
"C2071","1.0uF","0402-TIGHT",138.9761,-74.3331,0.0000,bottom
"C2072","1.0uF","0402-TIGHT",138.9126,-78.1431,180.0000,bottom
"C2073","2.2uF","0402-TIGHT",138.9761,-82.0166,180.0000,bottom
"C2076","22pF","0402-TIGHT",146.6596,-63.0301,90.0000,bottom
"C2077","0.1uF","0402-TIGHT",144.9451,-62.6491,90.0000,bottom
"C2078","22pF","0402-TIGHT",144.3101,-66.2051,-90.0000,bottom
"C2079","0.1uF","0402-TIGHT",145.2626,-66.2051,-90.0000,bottom
"C2084","22pF","0402-TIGHT",141.1351,-64.1731,0.0000,bottom
"C2085","0.1uF","0402-TIGHT",139.0396,-63.7286,180.0000,bottom
"C2086","22pF","0402-TIGHT",139.8651,-68.6181,-90.0000,bottom
"C2087","0.1uF","0402-TIGHT",140.8176,-68.6181,-90.0000,bottom
"C2088","1.0uF","0402-TIGHT",142.7861,-66.2051,-90.0000,bottom
"C2089","47nF","0402-TIGHT",141.8336,-66.2051,-90.0000,bottom
"C2090","1.0nF","0402-TIGHT",138.4046,-66.0527,90.0000,bottom
"C2096","100pF","0402-TIGHT",138.9761,-51.0286,0.0000,bottom
"C2097","100pF","0402-TIGHT",139.2936,-55.8546,90.0000,bottom
"C2098","2.2uF","0402-TIGHT",140.2461,-55.8546,90.0000,bottom
"C2099","22pF","0402-TIGHT",141.0716,-53.4416,90.0000,bottom
"C2100","2.2uF","0402-TIGHT",142.0241,-53.4416,90.0000,bottom
"C2103","100pF","0402-TIGHT",141.0081,-51.9811,0.0000,bottom
"C2104","2.2uF","0402-TIGHT",141.0081,-51.0286,0.0000,bottom
"C2105","10uF","0402-TIGHT",141.0081,-50.0761,0.0000,bottom
"C2108","22pF","0402-TIGHT",145.7071,-68.6181,-90.0000,bottom
"C2109","0.1uF","0402-TIGHT",144.7546,-68.6181,-90.0000,bottom
"C2110","2.2uF","0402-TIGHT",146.8501,-82.0166,0.0000,bottom
"C2113","2.2uF","0402-TIGHT",138.9126,-79.0956,180.0000,bottom
"C2114","0.1uF","0402-TIGHT",140.6271,-76.4286,90.0000,bottom
"C2115","1.0uF","0402-TIGHT",147.6121,-50.8381,90.0000,bottom
"C2116","0.1uF","0402-TIGHT",145.9611,-73.4441,180.0000,bottom
"C2118","0.1uF","0402-TIGHT",141.1986,-78.6511,0.0000,bottom
"C2124","1.0uF","0402-TIGHT",150.1521,-74.3331,0.0000,bottom
"C2125","1.0uF","0402-TIGHT",150.0886,-78.1431,180.0000,bottom
"C2126","2.2uF","0402-TIGHT",150.1521,-82.0166,180.0000,bottom
"C2129","22pF","0402-TIGHT",157.8356,-63.0301,90.0000,bottom
"C2130","0.1uF","0402-TIGHT",156.1211,-62.6491,90.0000,bottom
"C2131","22pF","0402-TIGHT",155.4861,-66.2051,-90.0000,bottom
"C2132","0.1uF","0402-TIGHT",156.4386,-66.2051,-90.0000,bottom
"C2137","22pF","0402-TIGHT",152.3111,-64.1731,0.0000,bottom
"C2138","0.1uF","0402-TIGHT",150.2156,-63.7286,180.0000,bottom
"C2139","22pF","0402-TIGHT",151.0411,-68.6181,-90.0000,bottom
"C2140","0.1uF","0402-TIGHT",151.9936,-68.6181,-90.0000,bottom
"C2141","1.0uF","0402-TIGHT",153.9621,-66.2051,-90.0000,bottom
"C2142","47nF","0402-TIGHT",153.0096,-66.2051,-90.0000,bottom
"C2143","1.0nF","0402-TIGHT",149.5806,-66.0527,90.0000,bottom
"C2149","100pF","0402-TIGHT",150.1521,-51.0286,0.0000,bottom
"C2150","100pF","0402-TIGHT",150.4696,-55.8546,90.0000,bottom
"C2151","2.2uF","0402-TIGHT",151.4221,-55.8546,90.0000,bottom
"C2152","22pF","0402-TIGHT",152.2476,-53.4416,90.0000,bottom
"C2153","2.2uF","0402-TIGHT",153.2001,-53.4416,90.0000,bottom
"C2156","100pF","0402-TIGHT",152.1841,-51.9811,0.0000,bottom
"C2157","2.2uF","0402-TIGHT",152.1841,-51.0286,0.0000,bottom
"C2158","10uF","0402-TIGHT",152.1841,-50.0761,0.0000,bottom
"C2161","22pF","0402-TIGHT",156.8831,-68.6181,-90.0000,bottom
"C2162","0.1uF","0402-TIGHT",155.9306,-68.6181,-90.0000,bottom
"C2163","2.2uF","0402-TIGHT",158.0261,-82.0166,0.0000,bottom
"C2166","2.2uF","0402-TIGHT",150.0886,-79.0956,180.0000,bottom
"C2167","0.1uF","0402-TIGHT",151.8031,-76.4286,90.0000,bottom
"C2168","1.0uF","0402-TIGHT",158.7881,-50.8381,90.0000,bottom
"C2169","0.1uF","0402-TIGHT",157.1371,-73.4441,180.0000,bottom
"C2171","0.1uF","0402-TIGHT",152.3746,-78.6511,0.0000,bottom
"C2177","1.0uF","0402-TIGHT",161.3281,-74.3331,0.0000,bottom
"C2178","1.0uF","0402-TIGHT",161.2646,-78.1431,180.0000,bottom
"C2179","2.2uF","0402-TIGHT",161.3281,-82.0166,180.0000,bottom
"C2182","22pF","0402-TIGHT",169.0116,-63.0301,90.0000,bottom
"C2183","0.1uF","0402-TIGHT",167.2971,-62.6491,90.0000,bottom
"C2184","22pF","0402-TIGHT",166.6621,-66.2051,-90.0000,bottom
"C2185","0.1uF","0402-TIGHT",167.6146,-66.2051,-90.0000,bottom
"C2190","22pF","0402-TIGHT",163.4871,-64.1731,0.0000,bottom
"C2191","0.1uF","0402-TIGHT",161.3916,-63.7286,180.0000,bottom
"C2192","22pF","0402-TIGHT",162.2171,-68.6181,-90.0000,bottom
"C2193","0.1uF","0402-TIGHT",163.1696,-68.6181,-90.0000,bottom
"C2194","1.0uF","0402-TIGHT",165.1381,-66.2051,-90.0000,bottom
"C2195","47nF","0402-TIGHT",164.1856,-66.2051,-90.0000,bottom
"C2196","1.0nF","0402-TIGHT",160.7566,-66.0527,90.0000,bottom
"C2202","100pF","0402-TIGHT",161.3281,-51.0286,0.0000,bottom
"C2203","100pF","0402-TIGHT",161.6456,-55.8546,90.0000,bottom
"C2204","2.2uF","0402-TIGHT",162.5981,-55.8546,90.0000,bottom
"C2205","22pF","0402-TIGHT",163.4236,-53.4416,90.0000,bottom
"C2206","2.2uF","0402-TIGHT",164.3761,-53.4416,90.0000,bottom
"C2209","100pF","0402-TIGHT",163.3601,-51.9811,0.0000,bottom
"C2210","2.2uF","0402-TIGHT",163.3601,-51.0286,0.0000,bottom
"C2211","10uF","0402-TIGHT",163.3601,-50.0761,0.0000,bottom
"C2214","22pF","0402-TIGHT",168.0591,-68.6181,-90.0000,bottom
"C2215","0.1uF","0402-TIGHT",167.1066,-68.6181,-90.0000,bottom
"C2216","2.2uF","0402-TIGHT",169.2021,-82.0166,0.0000,bottom
"C2219","2.2uF","0402-TIGHT",161.2646,-79.0956,180.0000,bottom
"C2220","0.1uF","0402-TIGHT",162.9791,-76.4286,90.0000,bottom
"C2221","1.0uF","0402-TIGHT",169.9641,-50.8381,90.0000,bottom
"C2222","0.1uF","0402-TIGHT",168.3131,-73.4441,180.0000,bottom
"C2224","0.1uF","0402-TIGHT",163.5506,-78.6511,0.0000,bottom
"C2230","1.0uF","0402-TIGHT",172.5041,-74.3331,0.0000,bottom
"C2231","1.0uF","0402-TIGHT",172.4406,-78.1431,180.0000,bottom
"C2232","2.2uF","0402-TIGHT",172.5041,-82.0166,180.0000,bottom
"C2235","22pF","0402-TIGHT",180.1876,-63.0301,90.0000,bottom
"C2236","0.1uF","0402-TIGHT",178.4731,-62.6491,90.0000,bottom
"C2237","22pF","0402-TIGHT",177.8381,-66.2051,-90.0000,bottom
"C2238","0.1uF","0402-TIGHT",178.7906,-66.2051,-90.0000,bottom
"C2243","22pF","0402-TIGHT",174.6631,-64.1731,0.0000,bottom
"C2244","0.1uF","0402-TIGHT",172.5676,-63.7286,180.0000,bottom
"C2245","22pF","0402-TIGHT",173.3931,-68.6181,-90.0000,bottom
"C2246","0.1uF","0402-TIGHT",174.3456,-68.6181,-90.0000,bottom
"C2247","1.0uF","0402-TIGHT",176.3141,-66.2051,-90.0000,bottom
"C2248","47nF","0402-TIGHT",175.3616,-66.2051,-90.0000,bottom
"C2249","1.0nF","0402-TIGHT",171.9326,-66.0527,90.0000,bottom
"C2255","100pF","0402-TIGHT",172.5041,-51.0286,0.0000,bottom
"C2256","100pF","0402-TIGHT",172.8216,-55.8546,90.0000,bottom
"C2257","2.2uF","0402-TIGHT",173.7741,-55.8546,90.0000,bottom
"C2258","22pF","0402-TIGHT",174.5996,-53.4416,90.0000,bottom
"C2259","2.2uF","0402-TIGHT",175.5521,-53.4416,90.0000,bottom
"C2262","100pF","0402-TIGHT",174.5361,-51.9811,0.0000,bottom
"C2263","2.2uF","0402-TIGHT",174.5361,-51.0286,0.0000,bottom
"C2264","10uF","0402-TIGHT",174.5361,-50.0761,0.0000,bottom
"C2267","22pF","0402-TIGHT",179.2351,-68.6181,-90.0000,bottom
"C2268","0.1uF","0402-TIGHT",178.2826,-68.6181,-90.0000,bottom
"C2269","2.2uF","0402-TIGHT",180.3781,-82.0166,0.0000,bottom
"C2272","2.2uF","0402-TIGHT",172.4406,-79.0956,180.0000,bottom
"C2273","0.1uF","0402-TIGHT",174.1551,-76.4286,90.0000,bottom
"C2274","1.0uF","0402-TIGHT",181.1401,-50.8381,90.0000,bottom
"C2275","0.1uF","0402-TIGHT",179.4891,-73.4441,180.0000,bottom
"C2277","0.1uF","0402-TIGHT",174.7266,-78.6511,0.0000,bottom
"C2283","1.0uF","0402-TIGHT",183.6801,-74.3331,0.0000,bottom
"C2284","1.0uF","0402-TIGHT",183.6166,-78.1431,180.0000,bottom
"C2285","2.2uF","0402-TIGHT",183.6801,-82.0166,180.0000,bottom
"C2288","22pF","0402-TIGHT",191.3636,-63.0301,90.0000,bottom
"C2289","0.1uF","0402-TIGHT",189.6491,-62.6491,90.0000,bottom
"C2290","22pF","0402-TIGHT",189.0141,-66.2051,-90.0000,bottom
"C2291","0.1uF","0402-TIGHT",189.9666,-66.2051,-90.0000,bottom
"C2296","22pF","0402-TIGHT",185.8391,-64.1731,0.0000,bottom
"C2297","0.1uF","0402-TIGHT",183.7436,-63.7286,180.0000,bottom
"C2298","22pF","0402-TIGHT",184.5691,-68.6181,-90.0000,bottom
"C2299","0.1uF","0402-TIGHT",185.5216,-68.6181,-90.0000,bottom
"C2300","1.0uF","0402-TIGHT",187.4901,-66.2051,-90.0000,bottom
"C2301","47nF","0402-TIGHT",186.5376,-66.2051,-90.0000,bottom
"C2302","1.0nF","0402-TIGHT",183.1086,-66.0527,90.0000,bottom
"C2308","100pF","0402-TIGHT",183.6801,-51.0286,0.0000,bottom
"C2309","100pF","0402-TIGHT",183.9976,-55.8546,90.0000,bottom
"C2310","2.2uF","0402-TIGHT",184.9501,-55.8546,90.0000,bottom
"C2311","22pF","0402-TIGHT",185.7756,-53.4416,90.0000,bottom
"C2312","2.2uF","0402-TIGHT",186.7281,-53.4416,90.0000,bottom
"C2315","100pF","0402-TIGHT",185.7121,-51.9811,0.0000,bottom
"C2316","2.2uF","0402-TIGHT",185.7121,-51.0286,0.0000,bottom
"C2317","10uF","0402-TIGHT",185.7121,-50.0761,0.0000,bottom
"C2320","22pF","0402-TIGHT",190.4111,-68.6181,-90.0000,bottom
"C2321","0.1uF","0402-TIGHT",189.4586,-68.6181,-90.0000,bottom
"C2322","2.2uF","0402-TIGHT",191.5541,-82.0166,0.0000,bottom
"C2325","2.2uF","0402-TIGHT",183.6166,-79.0956,180.0000,bottom
"C2326","0.1uF","0402-TIGHT",185.3311,-76.4286,90.0000,bottom
"C2327","1.0uF","0402-TIGHT",192.3161,-50.8381,90.0000,bottom
"C2328","0.1uF","0402-TIGHT",190.6651,-73.4441,180.0000,bottom
"C2330","0.1uF","0402-TIGHT",185.9026,-78.6511,0.0000,bottom
"C2336","1.0uF","0402-TIGHT",194.8561,-74.3331,0.0000,bottom
"C2337","1.0uF","0402-TIGHT",194.7926,-78.1431,180.0000,bottom
"C2338","2.2uF","0402-TIGHT",194.8561,-82.0166,180.0000,bottom
"C2341","22pF","0402-TIGHT",202.5396,-63.0301,90.0000,bottom
"C2342","0.1uF","0402-TIGHT",200.8251,-62.6491,90.0000,bottom
"C2343","22pF","0402-TIGHT",200.1901,-66.2051,-90.0000,bottom
"C2344","0.1uF","0402-TIGHT",201.1426,-66.2051,-90.0000,bottom
"C2349","22pF","0402-TIGHT",197.0151,-64.1731,0.0000,bottom
"C2350","0.1uF","0402-TIGHT",194.9196,-63.7286,180.0000,bottom
"C2351","22pF","0402-TIGHT",195.7451,-68.6181,-90.0000,bottom
"C2352","0.1uF","0402-TIGHT",196.6976,-68.6181,-90.0000,bottom
"C2353","1.0uF","0402-TIGHT",198.6661,-66.2051,-90.0000,bottom
"C2354","47nF","0402-TIGHT",197.7136,-66.2051,-90.0000,bottom
"C2355","1.0nF","0402-TIGHT",194.2846,-66.0527,90.0000,bottom
"C2361","100pF","0402-TIGHT",194.8561,-51.0286,0.0000,bottom
"C2362","100pF","0402-TIGHT",195.1736,-55.8546,90.0000,bottom
"C2363","2.2uF","0402-TIGHT",196.1261,-55.8546,90.0000,bottom
"C2364","22pF","0402-TIGHT",196.9516,-53.4416,90.0000,bottom
"C2365","2.2uF","0402-TIGHT",197.9041,-53.4416,90.0000,bottom
"C2368","100pF","0402-TIGHT",196.8881,-51.9811,0.0000,bottom
"C2369","2.2uF","0402-TIGHT",196.8881,-51.0286,0.0000,bottom
"C2370","10uF","0402-TIGHT",196.8881,-50.0761,0.0000,bottom
"C2373","22pF","0402-TIGHT",201.5871,-68.6181,-90.0000,bottom
"C2374","0.1uF","0402-TIGHT",200.6346,-68.6181,-90.0000,bottom
"C2375","2.2uF","0402-TIGHT",202.7301,-82.0166,0.0000,bottom
"C2378","2.2uF","0402-TIGHT",194.7926,-79.0956,180.0000,bottom
"C2379","0.1uF","0402-TIGHT",196.5071,-76.4286,90.0000,bottom
"C2380","1.0uF","0402-TIGHT",203.4921,-50.8381,90.0000,bottom
"C2381","0.1uF","0402-TIGHT",201.8411,-73.4441,180.0000,bottom
"C2383","0.1uF","0402-TIGHT",197.0786,-78.6511,0.0000,bottom
"C2389","1.0uF","0402-TIGHT",206.0321,-74.3331,0.0000,bottom
"C2390","1.0uF","0402-TIGHT",205.9686,-78.1431,180.0000,bottom
"C2391","2.2uF","0402-TIGHT",206.0321,-82.0166,180.0000,bottom
"C2394","22pF","0402-TIGHT",213.7156,-63.0301,90.0000,bottom
"C2395","0.1uF","0402-TIGHT",212.0011,-62.6491,90.0000,bottom
"C2396","22pF","0402-TIGHT",211.3661,-66.2051,-90.0000,bottom
"C2397","0.1uF","0402-TIGHT",212.3186,-66.2051,-90.0000,bottom
"C2402","22pF","0402-TIGHT",208.1911,-64.1731,0.0000,bottom
"C2403","0.1uF","0402-TIGHT",206.0956,-63.7286,180.0000,bottom
"C2404","22pF","0402-TIGHT",206.9211,-68.6181,-90.0000,bottom
"C2405","0.1uF","0402-TIGHT",207.8736,-68.6181,-90.0000,bottom
"C2406","1.0uF","0402-TIGHT",209.8421,-66.2051,-90.0000,bottom
"C2407","47nF","0402-TIGHT",208.8896,-66.2051,-90.0000,bottom
"C2408","1.0nF","0402-TIGHT",205.4606,-66.0527,90.0000,bottom
"C2414","100pF","0402-TIGHT",206.0321,-51.0286,0.0000,bottom
"C2415","100pF","0402-TIGHT",206.3496,-55.8546,90.0000,bottom
"C2416","2.2uF","0402-TIGHT",207.3021,-55.8546,90.0000,bottom
"C2417","22pF","0402-TIGHT",208.1276,-53.4416,90.0000,bottom
"C2418","2.2uF","0402-TIGHT",209.0801,-53.4416,90.0000,bottom
"C2421","100pF","0402-TIGHT",208.0641,-51.9811,0.0000,bottom
"C2422","2.2uF","0402-TIGHT",208.0641,-51.0286,0.0000,bottom
"C2423","10uF","0402-TIGHT",208.0641,-50.0761,0.0000,bottom
"C2426","22pF","0402-TIGHT",212.7631,-68.6181,-90.0000,bottom
"C2427","0.1uF","0402-TIGHT",211.8106,-68.6181,-90.0000,bottom
"C2428","2.2uF","0402-TIGHT",213.9061,-82.0166,0.0000,bottom
"C2431","2.2uF","0402-TIGHT",205.9686,-79.0956,180.0000,bottom
"C2432","0.1uF","0402-TIGHT",207.6831,-76.4286,90.0000,bottom
"C2433","1.0uF","0402-TIGHT",214.6681,-50.8381,90.0000,bottom
"C2434","0.1uF","0402-TIGHT",213.0171,-73.4441,180.0000,bottom
"C2436","0.1uF","0402-TIGHT",208.2546,-78.6511,0.0000,bottom
"C2442","1.0uF","0402-TIGHT",217.2081,-74.3331,0.0000,bottom
"C2443","1.0uF","0402-TIGHT",217.1446,-78.1431,180.0000,bottom
"C2444","2.2uF","0402-TIGHT",217.2081,-82.0166,180.0000,bottom
"C2447","22pF","0402-TIGHT",224.8916,-63.0301,90.0000,bottom
"C2448","0.1uF","0402-TIGHT",223.1771,-62.6491,90.0000,bottom
"C2449","22pF","0402-TIGHT",222.5421,-66.2051,-90.0000,bottom
"C2450","0.1uF","0402-TIGHT",223.4946,-66.2051,-90.0000,bottom
"C2455","22pF","0402-TIGHT",219.3671,-64.1731,0.0000,bottom
"C2456","0.1uF","0402-TIGHT",217.2716,-63.7286,180.0000,bottom
"C2457","22pF","0402-TIGHT",218.0971,-68.6181,-90.0000,bottom
"C2458","0.1uF","0402-TIGHT",219.0496,-68.6181,-90.0000,bottom
"C2459","1.0uF","0402-TIGHT",221.0181,-66.2051,-90.0000,bottom
"C2460","47nF","0402-TIGHT",220.0656,-66.2051,-90.0000,bottom
"C2461","1.0nF","0402-TIGHT",216.6366,-66.0527,90.0000,bottom
"C2467","100pF","0402-TIGHT",217.2081,-51.0286,0.0000,bottom
"C2468","100pF","0402-TIGHT",217.5256,-55.8546,90.0000,bottom
"C2469","2.2uF","0402-TIGHT",218.4781,-55.8546,90.0000,bottom
"C2470","22pF","0402-TIGHT",219.3036,-53.4416,90.0000,bottom
"C2471","2.2uF","0402-TIGHT",220.2561,-53.4416,90.0000,bottom
"C2474","100pF","0402-TIGHT",219.2401,-51.9811,0.0000,bottom
"C2475","2.2uF","0402-TIGHT",219.2401,-51.0286,0.0000,bottom
"C2476","10uF","0402-TIGHT",219.2401,-50.0761,0.0000,bottom
"C2479","22pF","0402-TIGHT",223.9391,-68.6181,-90.0000,bottom
"C2480","0.1uF","0402-TIGHT",222.9866,-68.6181,-90.0000,bottom
"C2481","2.2uF","0402-TIGHT",225.0821,-82.0166,0.0000,bottom
"C2484","2.2uF","0402-TIGHT",217.1446,-79.0956,180.0000,bottom
"C2485","0.1uF","0402-TIGHT",218.8591,-76.4286,90.0000,bottom
"C2486","1.0uF","0402-TIGHT",225.8441,-50.8381,90.0000,bottom
"C2487","0.1uF","0402-TIGHT",224.1931,-73.4441,180.0000,bottom
"C2489","0.1uF","0402-TIGHT",219.4306,-78.6511,0.0000,bottom
"C2495","1.0uF","0402-TIGHT",228.3841,-74.3331,0.0000,bottom
"C2496","1.0uF","0402-TIGHT",228.3206,-78.1431,180.0000,bottom
"C2497","2.2uF","0402-TIGHT",228.3841,-82.0166,180.0000,bottom
"C2500","22pF","0402-TIGHT",236.0676,-63.0301,90.0000,bottom
"C2501","0.1uF","0402-TIGHT",234.3531,-62.6491,90.0000,bottom
"C2502","22pF","0402-TIGHT",233.7181,-66.2051,-90.0000,bottom
"C2503","0.1uF","0402-TIGHT",234.6706,-66.2051,-90.0000,bottom
"C2508","22pF","0402-TIGHT",230.5431,-64.1731,0.0000,bottom
"C2509","0.1uF","0402-TIGHT",228.4476,-63.7286,180.0000,bottom
"C2510","22pF","0402-TIGHT",229.2731,-68.6181,-90.0000,bottom
"C2511","0.1uF","0402-TIGHT",230.2256,-68.6181,-90.0000,bottom
"C2512","1.0uF","0402-TIGHT",232.1941,-66.2051,-90.0000,bottom
"C2513","47nF","0402-TIGHT",231.2416,-66.2051,-90.0000,bottom
"C2514","1.0nF","0402-TIGHT",227.8126,-66.0527,90.0000,bottom
"C2520","100pF","0402-TIGHT",228.3841,-51.0286,0.0000,bottom
"C2521","100pF","0402-TIGHT",228.7016,-55.8546,90.0000,bottom
"C2522","2.2uF","0402-TIGHT",229.6541,-55.8546,90.0000,bottom
"C2523","22pF","0402-TIGHT",230.4796,-53.4416,90.0000,bottom
"C2524","2.2uF","0402-TIGHT",231.4321,-53.4416,90.0000,bottom
"C2527","100pF","0402-TIGHT",230.4161,-51.9811,0.0000,bottom
"C2528","2.2uF","0402-TIGHT",230.4161,-51.0286,0.0000,bottom
"C2529","10uF","0402-TIGHT",230.4161,-50.0761,0.0000,bottom
"C2532","22pF","0402-TIGHT",235.1151,-68.6181,-90.0000,bottom
"C2533","0.1uF","0402-TIGHT",234.1626,-68.6181,-90.0000,bottom
"C2534","2.2uF","0402-TIGHT",236.2581,-82.0166,0.0000,bottom
"C2537","2.2uF","0402-TIGHT",228.3206,-79.0956,180.0000,bottom
"C2538","0.1uF","0402-TIGHT",230.0351,-76.4286,90.0000,bottom
"C2539","1.0uF","0402-TIGHT",237.0201,-50.8381,90.0000,bottom
"C2540","0.1uF","0402-TIGHT",235.3691,-73.4441,180.0000,bottom
"C2542","0.1uF","0402-TIGHT",230.6066,-78.6511,0.0000,bottom
"CS0","TEST-POINT3","PAD.03X.03",59.9821,-130.9116,180.0000,bottom
"CS1","TEST-POINT3","PAD.03X.03",71.1581,-130.9116,180.0000,bottom
"CS2","TEST-POINT3","PAD.03X.03",82.3341,-130.9116,180.0000,bottom
"CS3","TEST-POINT3","PAD.03X.03",93.5101,-130.9116,180.0000,bottom
"CS4","TEST-POINT3","PAD.03X.03",104.6861,-130.9116,180.0000,bottom
"CS5","TEST-POINT3","PAD.03X.03",115.8621,-130.9116,180.0000,bottom
"CS6","TEST-POINT3","PAD.03X.03",127.0381,-130.9116,180.0000,bottom
"CS7","TEST-POINT3","PAD.03X.03",138.2141,-130.9116,180.0000,bottom
"CS8","TEST-POINT3","PAD.03X.03",149.3901,-130.9116,180.0000,bottom
"CS9","TEST-POINT3","PAD.03X.03",160.5661,-130.9116,180.0000,bottom
"CS10","TEST-POINT3","PAD.03X.03",171.7421,-130.9116,180.0000,bottom
"CS11","TEST-POINT3","PAD.03X.03",182.9181,-130.9116,180.0000,bottom
"CS12","TEST-POINT3","PAD.03X.03",194.0941,-130.9116,180.0000,bottom
"CS13","TEST-POINT3","PAD.03X.03",205.2701,-130.9116,180.0000,bottom
"CS14","TEST-POINT3","PAD.03X.03",216.4461,-130.9116,180.0000,bottom
"CS15","TEST-POINT3","PAD.03X.03",227.6221,-130.9116,180.0000,bottom
"CS16","TEST-POINT3","PAD.03X.03",59.9821,-89.7636,180.0000,bottom
"CS17","TEST-POINT3","PAD.03X.03",71.1581,-89.7636,180.0000,bottom
"CS18","TEST-POINT3","PAD.03X.03",82.3341,-89.7636,180.0000,bottom
"CS19","TEST-POINT3","PAD.03X.03",93.5101,-89.7636,180.0000,bottom
"CS20","TEST-POINT3","PAD.03X.03",104.6861,-89.7636,180.0000,bottom
"CS21","TEST-POINT3","PAD.03X.03",115.8621,-89.7636,180.0000,bottom
"CS22","TEST-POINT3","PAD.03X.03",127.0381,-89.7636,180.0000,bottom
"CS23","TEST-POINT3","PAD.03X.03",138.2141,-89.7636,180.0000,bottom
"CS24","TEST-POINT3","PAD.03X.03",149.3901,-89.7636,180.0000,bottom
"CS25","TEST-POINT3","PAD.03X.03",160.5661,-89.7636,180.0000,bottom
"CS26","TEST-POINT3","PAD.03X.03",171.7421,-89.7636,180.0000,bottom
"CS27","TEST-POINT3","PAD.03X.03",182.9181,-89.7636,180.0000,bottom
"CS28","TEST-POINT3","PAD.03X.03",194.0941,-89.7636,180.0000,bottom
"CS29","TEST-POINT3","PAD.03X.03",205.2701,-89.7636,180.0000,bottom
"CS30","TEST-POINT3","PAD.03X.03",216.4461,-89.7636,180.0000,bottom
"CS31","TEST-POINT3","PAD.03X.03",227.6221,-89.7636,180.0000,bottom
"CS32","TEST-POINT3","PAD.03X.03",59.9821,-48.6156,180.0000,bottom
"CS33","TEST-POINT3","PAD.03X.03",71.1581,-48.6156,180.0000,bottom
"CS34","TEST-POINT3","PAD.03X.03",82.3341,-48.6156,180.0000,bottom
"CS35","TEST-POINT3","PAD.03X.03",93.5101,-48.6156,180.0000,bottom
"CS36","TEST-POINT3","PAD.03X.03",104.6861,-48.6156,180.0000,bottom
"CS37","TEST-POINT3","PAD.03X.03",115.8621,-48.6156,180.0000,bottom
"CS38","TEST-POINT3","PAD.03X.03",127.0381,-48.6156,180.0000,bottom
"CS39","TEST-POINT3","PAD.03X.03",138.2141,-48.6156,180.0000,bottom
"CS40","TEST-POINT3","PAD.03X.03",149.3901,-48.6156,180.0000,bottom
"CS41","TEST-POINT3","PAD.03X.03",160.5661,-48.6156,180.0000,bottom
"CS42","TEST-POINT3","PAD.03X.03",171.7421,-48.6156,180.0000,bottom
"CS43","TEST-POINT3","PAD.03X.03",182.9181,-48.6156,180.0000,bottom
"CS44","TEST-POINT3","PAD.03X.03",194.0941,-48.6156,180.0000,bottom
"CS45","TEST-POINT3","PAD.03X.03",205.2701,-48.6156,180.0000,bottom
"CS46","TEST-POINT3","PAD.03X.03",216.4461,-48.6156,180.0000,bottom
"CS47","TEST-POINT3","PAD.03X.03",227.6221,-48.6156,180.0000,bottom
"E$2","","FIDUCIAL-1X2",66.2051,-41.4401,180.0000,bottom
"E$4","","FIDUCIAL-1X2",230.7336,-41.4401,180.0000,bottom
"E$6","","FIDUCIAL-1.5X3",66.2051,-168.5671,180.0000,bottom
"FD2","FIDUCIALUFIDUCIAL","FIDUCIAL-MICRO",69.3801,-126.4666,180.0000,bottom
"FD4","FIDUCIALUFIDUCIAL","FIDUCIAL-MICRO",59.9821,-165.9636,180.0000,bottom
"FD6","FIDUCIALUFIDUCIAL","FIDUCIAL-MICRO",80.5561,-126.4666,180.0000,bottom
"FD8","FIDUCIALUFIDUCIAL","FIDUCIAL-MICRO",71.1581,-165.9636,180.0000,bottom
"FD10","FIDUCIALUFIDUCIAL","FIDUCIAL-MICRO",91.7321,-126.4666,180.0000,bottom
"FD12","FIDUCIALUFIDUCIAL","FIDUCIAL-MICRO",82.3341,-165.9636,180.0000,bottom
"FD14","FIDUCIALUFIDUCIAL","FIDUCIAL-MICRO",102.9081,-126.4666,180.0000,bottom
"FD16","FIDUCIALUFIDUCIAL","FIDUCIAL-MICRO",93.5101,-165.9636,180.0000,bottom
"FD18","FIDUCIALUFIDUCIAL","FIDUCIAL-MICRO",114.0841,-126.4666,180.0000,bottom
"FD20","FIDUCIALUFIDUCIAL","FIDUCIAL-MICRO",104.6861,-165.9636,180.0000,bottom
"FD22","FIDUCIALUFIDUCIAL","FIDUCIAL-MICRO",125.2601,-126.4666,180.0000,bottom
"FD24","FIDUCIALUFIDUCIAL","FIDUCIAL-MICRO",115.8621,-165.9636,180.0000,bottom
"FD26","FIDUCIALUFIDUCIAL","FIDUCIAL-MICRO",136.4361,-126.4666,180.0000,bottom
"FD28","FIDUCIALUFIDUCIAL","FIDUCIAL-MICRO",127.0381,-165.9636,180.0000,bottom
"FD30","FIDUCIALUFIDUCIAL","FIDUCIAL-MICRO",147.6121,-126.4666,180.0000,bottom
"FD32","FIDUCIALUFIDUCIAL","FIDUCIAL-MICRO",138.2141,-165.9636,180.0000,bottom
"FD34","FIDUCIALUFIDUCIAL","FIDUCIAL-MICRO",158.7881,-126.4666,180.0000,bottom
"FD36","FIDUCIALUFIDUCIAL","FIDUCIAL-MICRO",149.3901,-165.9636,180.0000,bottom
"FD38","FIDUCIALUFIDUCIAL","FIDUCIAL-MICRO",169.9641,-126.4666,180.0000,bottom
"FD40","FIDUCIALUFIDUCIAL","FIDUCIAL-MICRO",160.5661,-165.9636,180.0000,bottom
"FD42","FIDUCIALUFIDUCIAL","FIDUCIAL-MICRO",181.1401,-126.4666,180.0000,bottom
"FD44","FIDUCIALUFIDUCIAL","FIDUCIAL-MICRO",171.7421,-165.9636,180.0000,bottom
"FD46","FIDUCIALUFIDUCIAL","FIDUCIAL-MICRO",192.3161,-126.4666,180.0000,bottom
"FD48","FIDUCIALUFIDUCIAL","FIDUCIAL-MICRO",182.9181,-165.9636,180.0000,bottom
"FD50","FIDUCIALUFIDUCIAL","FIDUCIAL-MICRO",203.4921,-126.4666,180.0000,bottom
"FD52","FIDUCIALUFIDUCIAL","FIDUCIAL-MICRO",194.0941,-165.9636,180.0000,bottom
"FD54","FIDUCIALUFIDUCIAL","FIDUCIAL-MICRO",214.6681,-126.4666,180.0000,bottom
"FD56","FIDUCIALUFIDUCIAL","FIDUCIAL-MICRO",205.2701,-165.9636,180.0000,bottom
"FD58","FIDUCIALUFIDUCIAL","FIDUCIAL-MICRO",225.8441,-126.4666,180.0000,bottom
"FD60","FIDUCIALUFIDUCIAL","FIDUCIAL-MICRO",216.4461,-165.9636,180.0000,bottom
"FD62","FIDUCIALUFIDUCIAL","FIDUCIAL-MICRO",237.0201,-126.4666,180.0000,bottom
"FD64","FIDUCIALUFIDUCIAL","FIDUCIAL-MICRO",227.6221,-165.9636,180.0000,bottom
"FD66","FIDUCIALUFIDUCIAL","FIDUCIAL-MICRO",69.3801,-85.3186,180.0000,bottom
"FD68","FIDUCIALUFIDUCIAL","FIDUCIAL-MICRO",59.9821,-124.8156,180.0000,bottom
"FD70","FIDUCIALUFIDUCIAL","FIDUCIAL-MICRO",80.5561,-85.3186,180.0000,bottom
"FD72","FIDUCIALUFIDUCIAL","FIDUCIAL-MICRO",71.1581,-124.8156,180.0000,bottom
"FD74","FIDUCIALUFIDUCIAL","FIDUCIAL-MICRO",91.7321,-85.3186,180.0000,bottom
"FD76","FIDUCIALUFIDUCIAL","FIDUCIAL-MICRO",82.3341,-124.8156,180.0000,bottom
"FD78","FIDUCIALUFIDUCIAL","FIDUCIAL-MICRO",102.9081,-85.3186,180.0000,bottom
"FD80","FIDUCIALUFIDUCIAL","FIDUCIAL-MICRO",93.5101,-124.8156,180.0000,bottom
"FD82","FIDUCIALUFIDUCIAL","FIDUCIAL-MICRO",114.0841,-85.3186,180.0000,bottom
"FD84","FIDUCIALUFIDUCIAL","FIDUCIAL-MICRO",104.6861,-124.8156,180.0000,bottom
"FD86","FIDUCIALUFIDUCIAL","FIDUCIAL-MICRO",125.2601,-85.3186,180.0000,bottom
"FD88","FIDUCIALUFIDUCIAL","FIDUCIAL-MICRO",115.8621,-124.8156,180.0000,bottom
"FD90","FIDUCIALUFIDUCIAL","FIDUCIAL-MICRO",136.4361,-85.3186,180.0000,bottom
"FD92","FIDUCIALUFIDUCIAL","FIDUCIAL-MICRO",127.0381,-124.8156,180.0000,bottom
"FD94","FIDUCIALUFIDUCIAL","FIDUCIAL-MICRO",147.6121,-85.3186,180.0000,bottom
"FD96","FIDUCIALUFIDUCIAL","FIDUCIAL-MICRO",138.2141,-124.8156,180.0000,bottom
"FD98","FIDUCIALUFIDUCIAL","FIDUCIAL-MICRO",158.7881,-85.3186,180.0000,bottom
"FD100","FIDUCIALUFIDUCIAL","FIDUCIAL-MICRO",149.3901,-124.8156,180.0000,bottom
"FD102","FIDUCIALUFIDUCIAL","FIDUCIAL-MICRO",169.9641,-85.3186,180.0000,bottom
"FD104","FIDUCIALUFIDUCIAL","FIDUCIAL-MICRO",160.5661,-124.8156,180.0000,bottom
"FD106","FIDUCIALUFIDUCIAL","FIDUCIAL-MICRO",181.1401,-85.3186,180.0000,bottom
"FD108","FIDUCIALUFIDUCIAL","FIDUCIAL-MICRO",171.7421,-124.8156,180.0000,bottom
"FD110","FIDUCIALUFIDUCIAL","FIDUCIAL-MICRO",192.3161,-85.3186,180.0000,bottom
"FD112","FIDUCIALUFIDUCIAL","FIDUCIAL-MICRO",182.9181,-124.8156,180.0000,bottom
"FD114","FIDUCIALUFIDUCIAL","FIDUCIAL-MICRO",203.4921,-85.3186,180.0000,bottom
"FD116","FIDUCIALUFIDUCIAL","FIDUCIAL-MICRO",194.0941,-124.8156,180.0000,bottom
"FD118","FIDUCIALUFIDUCIAL","FIDUCIAL-MICRO",214.6681,-85.3186,180.0000,bottom
"FD120","FIDUCIALUFIDUCIAL","FIDUCIAL-MICRO",205.2701,-124.8156,180.0000,bottom
"FD122","FIDUCIALUFIDUCIAL","FIDUCIAL-MICRO",225.8441,-85.3186,180.0000,bottom
"FD124","FIDUCIALUFIDUCIAL","FIDUCIAL-MICRO",216.4461,-124.8156,180.0000,bottom
"FD126","FIDUCIALUFIDUCIAL","FIDUCIAL-MICRO",237.0201,-85.3186,180.0000,bottom
"FD128","FIDUCIALUFIDUCIAL","FIDUCIAL-MICRO",227.6221,-124.8156,180.0000,bottom
"FD130","FIDUCIALUFIDUCIAL","FIDUCIAL-MICRO",69.3801,-44.1706,180.0000,bottom
"FD132","FIDUCIALUFIDUCIAL","FIDUCIAL-MICRO",59.9821,-83.6676,180.0000,bottom
"FD134","FIDUCIALUFIDUCIAL","FIDUCIAL-MICRO",80.5561,-44.1706,180.0000,bottom
"FD136","FIDUCIALUFIDUCIAL","FIDUCIAL-MICRO",71.1581,-83.6676,180.0000,bottom
"FD138","FIDUCIALUFIDUCIAL","FIDUCIAL-MICRO",91.7321,-44.1706,180.0000,bottom
"FD140","FIDUCIALUFIDUCIAL","FIDUCIAL-MICRO",82.3341,-83.6676,180.0000,bottom
"FD142","FIDUCIALUFIDUCIAL","FIDUCIAL-MICRO",102.9081,-44.1706,180.0000,bottom
"FD144","FIDUCIALUFIDUCIAL","FIDUCIAL-MICRO",93.5101,-83.6676,180.0000,bottom
"FD146","FIDUCIALUFIDUCIAL","FIDUCIAL-MICRO",114.0841,-44.1706,180.0000,bottom
"FD148","FIDUCIALUFIDUCIAL","FIDUCIAL-MICRO",104.6861,-83.6676,180.0000,bottom
"FD150","FIDUCIALUFIDUCIAL","FIDUCIAL-MICRO",125.2601,-44.1706,180.0000,bottom
"FD152","FIDUCIALUFIDUCIAL","FIDUCIAL-MICRO",115.8621,-83.6676,180.0000,bottom
"FD154","FIDUCIALUFIDUCIAL","FIDUCIAL-MICRO",136.4361,-44.1706,180.0000,bottom
"FD156","FIDUCIALUFIDUCIAL","FIDUCIAL-MICRO",127.0381,-83.6676,180.0000,bottom
"FD158","FIDUCIALUFIDUCIAL","FIDUCIAL-MICRO",147.6121,-44.1706,180.0000,bottom
"FD160","FIDUCIALUFIDUCIAL","FIDUCIAL-MICRO",138.2141,-83.6676,180.0000,bottom
"FD162","FIDUCIALUFIDUCIAL","FIDUCIAL-MICRO",158.7881,-44.1706,180.0000,bottom
"FD164","FIDUCIALUFIDUCIAL","FIDUCIAL-MICRO",149.3901,-83.6676,180.0000,bottom
"FD166","FIDUCIALUFIDUCIAL","FIDUCIAL-MICRO",169.9641,-44.1706,180.0000,bottom
"FD168","FIDUCIALUFIDUCIAL","FIDUCIAL-MICRO",160.5661,-83.6676,180.0000,bottom
"FD170","FIDUCIALUFIDUCIAL","FIDUCIAL-MICRO",181.1401,-44.1706,180.0000,bottom
"FD172","FIDUCIALUFIDUCIAL","FIDUCIAL-MICRO",171.7421,-83.6676,180.0000,bottom
"FD174","FIDUCIALUFIDUCIAL","FIDUCIAL-MICRO",192.3161,-44.1706,180.0000,bottom
"FD176","FIDUCIALUFIDUCIAL","FIDUCIAL-MICRO",182.9181,-83.6676,180.0000,bottom
"FD178","FIDUCIALUFIDUCIAL","FIDUCIAL-MICRO",203.4921,-44.1706,180.0000,bottom
"FD180","FIDUCIALUFIDUCIAL","FIDUCIAL-MICRO",194.0941,-83.6676,180.0000,bottom
"FD182","FIDUCIALUFIDUCIAL","FIDUCIAL-MICRO",214.6681,-44.1706,180.0000,bottom
"FD184","FIDUCIALUFIDUCIAL","FIDUCIAL-MICRO",205.2701,-83.6676,180.0000,bottom
"FD186","FIDUCIALUFIDUCIAL","FIDUCIAL-MICRO",225.8441,-44.1706,180.0000,bottom
"FD188","FIDUCIALUFIDUCIAL","FIDUCIAL-MICRO",216.4461,-83.6676,180.0000,bottom
"FD190","FIDUCIALUFIDUCIAL","FIDUCIAL-MICRO",237.0201,-44.1706,180.0000,bottom
"FD192","FIDUCIALUFIDUCIAL","FIDUCIAL-MICRO",227.6221,-83.6676,180.0000,bottom
"FLSH_CEN0","TEST-POINT3","PAD.03X.03",69.3801,-148.6916,180.0000,bottom
"FLSH_CEN1","TEST-POINT3","PAD.03X.03",80.5561,-148.6916,180.0000,bottom
"FLSH_CEN2","TEST-POINT3","PAD.03X.03",91.7321,-148.6916,180.0000,bottom
"FLSH_CEN3","TEST-POINT3","PAD.03X.03",102.9081,-148.6916,180.0000,bottom
"FLSH_CEN4","TEST-POINT3","PAD.03X.03",114.0841,-148.6916,180.0000,bottom
"FLSH_CEN5","TEST-POINT3","PAD.03X.03",125.2601,-148.6916,180.0000,bottom
"FLSH_CEN6","TEST-POINT3","PAD.03X.03",136.4361,-148.6916,180.0000,bottom
"FLSH_CEN7","TEST-POINT3","PAD.03X.03",147.6121,-148.6916,180.0000,bottom
"FLSH_CEN8","TEST-POINT3","PAD.03X.03",158.7881,-148.6916,180.0000,bottom
"FLSH_CEN9","TEST-POINT3","PAD.03X.03",169.9641,-148.6916,180.0000,bottom
"FLSH_CEN10","TEST-POINT3","PAD.03X.03",181.1401,-148.6916,180.0000,bottom
"FLSH_CEN11","TEST-POINT3","PAD.03X.03",192.3161,-148.6916,180.0000,bottom
"FLSH_CEN12","TEST-POINT3","PAD.03X.03",203.4921,-148.6916,180.0000,bottom
"FLSH_CEN13","TEST-POINT3","PAD.03X.03",214.6681,-148.6916,180.0000,bottom
"FLSH_CEN14","TEST-POINT3","PAD.03X.03",225.8441,-148.6916,180.0000,bottom
"FLSH_CEN15","TEST-POINT3","PAD.03X.03",237.0201,-148.6916,180.0000,bottom
"FLSH_CEN16","TEST-POINT3","PAD.03X.03",69.3801,-107.5436,180.0000,bottom
"FLSH_CEN17","TEST-POINT3","PAD.03X.03",80.5561,-107.5436,180.0000,bottom
"FLSH_CEN18","TEST-POINT3","PAD.03X.03",91.7321,-107.5436,180.0000,bottom
"FLSH_CEN19","TEST-POINT3","PAD.03X.03",102.9081,-107.5436,180.0000,bottom
"FLSH_CEN20","TEST-POINT3","PAD.03X.03",114.0841,-107.5436,180.0000,bottom
"FLSH_CEN21","TEST-POINT3","PAD.03X.03",125.2601,-107.5436,180.0000,bottom
"FLSH_CEN22","TEST-POINT3","PAD.03X.03",136.4361,-107.5436,180.0000,bottom
"FLSH_CEN23","TEST-POINT3","PAD.03X.03",147.6121,-107.5436,180.0000,bottom
"FLSH_CEN24","TEST-POINT3","PAD.03X.03",158.7881,-107.5436,180.0000,bottom
"FLSH_CEN25","TEST-POINT3","PAD.03X.03",169.9641,-107.5436,180.0000,bottom
"FLSH_CEN26","TEST-POINT3","PAD.03X.03",181.1401,-107.5436,180.0000,bottom
"FLSH_CEN27","TEST-POINT3","PAD.03X.03",192.3161,-107.5436,180.0000,bottom
"FLSH_CEN28","TEST-POINT3","PAD.03X.03",203.4921,-107.5436,180.0000,bottom
"FLSH_CEN29","TEST-POINT3","PAD.03X.03",214.6681,-107.5436,180.0000,bottom
"FLSH_CEN30","TEST-POINT3","PAD.03X.03",225.8441,-107.5436,180.0000,bottom
"FLSH_CEN31","TEST-POINT3","PAD.03X.03",237.0201,-107.5436,180.0000,bottom
"FLSH_CEN32","TEST-POINT3","PAD.03X.03",69.3801,-66.3956,180.0000,bottom
"FLSH_CEN33","TEST-POINT3","PAD.03X.03",80.5561,-66.3956,180.0000,bottom
"FLSH_CEN34","TEST-POINT3","PAD.03X.03",91.7321,-66.3956,180.0000,bottom
"FLSH_CEN35","TEST-POINT3","PAD.03X.03",102.9081,-66.3956,180.0000,bottom
"FLSH_CEN36","TEST-POINT3","PAD.03X.03",114.0841,-66.3956,180.0000,bottom
"FLSH_CEN37","TEST-POINT3","PAD.03X.03",125.2601,-66.3956,180.0000,bottom
"FLSH_CEN38","TEST-POINT3","PAD.03X.03",136.4361,-66.3956,180.0000,bottom
"FLSH_CEN39","TEST-POINT3","PAD.03X.03",147.6121,-66.3956,180.0000,bottom
"FLSH_CEN40","TEST-POINT3","PAD.03X.03",158.7881,-66.3956,180.0000,bottom
"FLSH_CEN41","TEST-POINT3","PAD.03X.03",169.9641,-66.3956,180.0000,bottom
"FLSH_CEN42","TEST-POINT3","PAD.03X.03",181.1401,-66.3956,180.0000,bottom
"FLSH_CEN43","TEST-POINT3","PAD.03X.03",192.3161,-66.3956,180.0000,bottom
"FLSH_CEN44","TEST-POINT3","PAD.03X.03",203.4921,-66.3956,180.0000,bottom
"FLSH_CEN45","TEST-POINT3","PAD.03X.03",214.6681,-66.3956,180.0000,bottom
"FLSH_CEN46","TEST-POINT3","PAD.03X.03",225.8441,-66.3956,180.0000,bottom
"FLSH_CEN47","TEST-POINT3","PAD.03X.03",237.0201,-66.3956,180.0000,bottom
"FLSH_SCLK0","TEST-POINT3","PAD.03X.03",69.3801,-161.3916,180.0000,bottom
"FLSH_SCLK1","TEST-POINT3","PAD.03X.03",80.5561,-161.3916,180.0000,bottom
"FLSH_SCLK2","TEST-POINT3","PAD.03X.03",91.7321,-161.3916,180.0000,bottom
"FLSH_SCLK3","TEST-POINT3","PAD.03X.03",102.9081,-161.3916,180.0000,bottom
"FLSH_SCLK4","TEST-POINT3","PAD.03X.03",114.0841,-161.3916,180.0000,bottom
"FLSH_SCLK5","TEST-POINT3","PAD.03X.03",125.2601,-161.3916,180.0000,bottom
"FLSH_SCLK6","TEST-POINT3","PAD.03X.03",136.4361,-161.3916,180.0000,bottom
"FLSH_SCLK7","TEST-POINT3","PAD.03X.03",147.6121,-161.3916,180.0000,bottom
"FLSH_SCLK8","TEST-POINT3","PAD.03X.03",158.7881,-161.3916,180.0000,bottom
"FLSH_SCLK9","TEST-POINT3","PAD.03X.03",169.9641,-161.3916,180.0000,bottom
"FLSH_SCLK10","TEST-POINT3","PAD.03X.03",181.1401,-161.3916,180.0000,bottom
"FLSH_SCLK11","TEST-POINT3","PAD.03X.03",192.3161,-161.3916,180.0000,bottom
"FLSH_SCLK12","TEST-POINT3","PAD.03X.03",203.4921,-161.3916,180.0000,bottom
"FLSH_SCLK13","TEST-POINT3","PAD.03X.03",214.6681,-161.3916,180.0000,bottom
"FLSH_SCLK14","TEST-POINT3","PAD.03X.03",225.8441,-161.3916,180.0000,bottom
"FLSH_SCLK15","TEST-POINT3","PAD.03X.03",237.0201,-161.3916,180.0000,bottom
"FLSH_SCLK16","TEST-POINT3","PAD.03X.03",69.3801,-120.2436,180.0000,bottom
"FLSH_SCLK17","TEST-POINT3","PAD.03X.03",80.5561,-120.2436,180.0000,bottom
"FLSH_SCLK18","TEST-POINT3","PAD.03X.03",91.7321,-120.2436,180.0000,bottom
"FLSH_SCLK19","TEST-POINT3","PAD.03X.03",102.9081,-120.2436,180.0000,bottom
"FLSH_SCLK20","TEST-POINT3","PAD.03X.03",114.0841,-120.2436,180.0000,bottom
"FLSH_SCLK21","TEST-POINT3","PAD.03X.03",125.2601,-120.2436,180.0000,bottom
"FLSH_SCLK22","TEST-POINT3","PAD.03X.03",136.4361,-120.2436,180.0000,bottom
"FLSH_SCLK23","TEST-POINT3","PAD.03X.03",147.6121,-120.2436,180.0000,bottom
"FLSH_SCLK24","TEST-POINT3","PAD.03X.03",158.7881,-120.2436,180.0000,bottom
"FLSH_SCLK25","TEST-POINT3","PAD.03X.03",169.9641,-120.2436,180.0000,bottom
"FLSH_SCLK26","TEST-POINT3","PAD.03X.03",181.1401,-120.2436,180.0000,bottom
"FLSH_SCLK27","TEST-POINT3","PAD.03X.03",192.3161,-120.2436,180.0000,bottom
"FLSH_SCLK28","TEST-POINT3","PAD.03X.03",203.4921,-120.2436,180.0000,bottom
"FLSH_SCLK29","TEST-POINT3","PAD.03X.03",214.6681,-120.2436,180.0000,bottom
"FLSH_SCLK30","TEST-POINT3","PAD.03X.03",225.8441,-120.2436,180.0000,bottom
"FLSH_SCLK31","TEST-POINT3","PAD.03X.03",237.0201,-120.2436,180.0000,bottom
"FLSH_SCLK32","TEST-POINT3","PAD.03X.03",69.3801,-79.0956,180.0000,bottom
"FLSH_SCLK33","TEST-POINT3","PAD.03X.03",80.5561,-79.0956,180.0000,bottom
"FLSH_SCLK34","TEST-POINT3","PAD.03X.03",91.7321,-79.0956,180.0000,bottom
"FLSH_SCLK35","TEST-POINT3","PAD.03X.03",102.9081,-79.0956,180.0000,bottom
"FLSH_SCLK36","TEST-POINT3","PAD.03X.03",114.0841,-79.0956,180.0000,bottom
"FLSH_SCLK37","TEST-POINT3","PAD.03X.03",125.2601,-79.0956,180.0000,bottom
"FLSH_SCLK38","TEST-POINT3","PAD.03X.03",136.4361,-79.0956,180.0000,bottom
"FLSH_SCLK39","TEST-POINT3","PAD.03X.03",147.6121,-79.0956,180.0000,bottom
"FLSH_SCLK40","TEST-POINT3","PAD.03X.03",158.7881,-79.0956,180.0000,bottom
"FLSH_SCLK41","TEST-POINT3","PAD.03X.03",169.9641,-79.0956,180.0000,bottom
"FLSH_SCLK42","TEST-POINT3","PAD.03X.03",181.1401,-79.0956,180.0000,bottom
"FLSH_SCLK43","TEST-POINT3","PAD.03X.03",192.3161,-79.0956,180.0000,bottom
"FLSH_SCLK44","TEST-POINT3","PAD.03X.03",203.4921,-79.0956,180.0000,bottom
"FLSH_SCLK45","TEST-POINT3","PAD.03X.03",214.6681,-79.0956,180.0000,bottom
"FLSH_SCLK46","TEST-POINT3","PAD.03X.03",225.8441,-79.0956,180.0000,bottom
"FLSH_SCLK47","TEST-POINT3","PAD.03X.03",237.0201,-79.0956,180.0000,bottom
"FLSH_SI0","TEST-POINT3","PAD.03X.03",69.3801,-158.8516,180.0000,bottom
"FLSH_SI1","TEST-POINT3","PAD.03X.03",80.5561,-158.8516,180.0000,bottom
"FLSH_SI2","TEST-POINT3","PAD.03X.03",91.7321,-158.8516,180.0000,bottom
"FLSH_SI3","TEST-POINT3","PAD.03X.03",102.9081,-158.8516,180.0000,bottom
"FLSH_SI4","TEST-POINT3","PAD.03X.03",114.0841,-158.8516,180.0000,bottom
"FLSH_SI5","TEST-POINT3","PAD.03X.03",125.2601,-158.8516,180.0000,bottom
"FLSH_SI6","TEST-POINT3","PAD.03X.03",136.4361,-158.8516,180.0000,bottom
"FLSH_SI7","TEST-POINT3","PAD.03X.03",147.6121,-158.8516,180.0000,bottom
"FLSH_SI8","TEST-POINT3","PAD.03X.03",158.7881,-158.8516,180.0000,bottom
"FLSH_SI9","TEST-POINT3","PAD.03X.03",169.9641,-158.8516,180.0000,bottom
"FLSH_SI10","TEST-POINT3","PAD.03X.03",181.1401,-158.8516,180.0000,bottom
"FLSH_SI11","TEST-POINT3","PAD.03X.03",192.3161,-158.8516,180.0000,bottom
"FLSH_SI12","TEST-POINT3","PAD.03X.03",203.4921,-158.8516,180.0000,bottom
"FLSH_SI13","TEST-POINT3","PAD.03X.03",214.6681,-158.8516,180.0000,bottom
"FLSH_SI14","TEST-POINT3","PAD.03X.03",225.8441,-158.8516,180.0000,bottom
"FLSH_SI15","TEST-POINT3","PAD.03X.03",237.0201,-158.8516,180.0000,bottom
"FLSH_SI16","TEST-POINT3","PAD.03X.03",69.3801,-117.7036,180.0000,bottom
"FLSH_SI17","TEST-POINT3","PAD.03X.03",80.5561,-117.7036,180.0000,bottom
"FLSH_SI18","TEST-POINT3","PAD.03X.03",91.7321,-117.7036,180.0000,bottom
"FLSH_SI19","TEST-POINT3","PAD.03X.03",102.9081,-117.7036,180.0000,bottom
"FLSH_SI20","TEST-POINT3","PAD.03X.03",114.0841,-117.7036,180.0000,bottom
"FLSH_SI21","TEST-POINT3","PAD.03X.03",125.2601,-117.7036,180.0000,bottom
"FLSH_SI22","TEST-POINT3","PAD.03X.03",136.4361,-117.7036,180.0000,bottom
"FLSH_SI23","TEST-POINT3","PAD.03X.03",147.6121,-117.7036,180.0000,bottom
"FLSH_SI24","TEST-POINT3","PAD.03X.03",158.7881,-117.7036,180.0000,bottom
"FLSH_SI25","TEST-POINT3","PAD.03X.03",169.9641,-117.7036,180.0000,bottom
"FLSH_SI26","TEST-POINT3","PAD.03X.03",181.1401,-117.7036,180.0000,bottom
"FLSH_SI27","TEST-POINT3","PAD.03X.03",192.3161,-117.7036,180.0000,bottom
"FLSH_SI28","TEST-POINT3","PAD.03X.03",203.4921,-117.7036,180.0000,bottom
"FLSH_SI29","TEST-POINT3","PAD.03X.03",214.6681,-117.7036,180.0000,bottom
"FLSH_SI30","TEST-POINT3","PAD.03X.03",225.8441,-117.7036,180.0000,bottom
"FLSH_SI31","TEST-POINT3","PAD.03X.03",237.0201,-117.7036,180.0000,bottom
"FLSH_SI32","TEST-POINT3","PAD.03X.03",69.3801,-76.5556,180.0000,bottom
"FLSH_SI33","TEST-POINT3","PAD.03X.03",80.5561,-76.5556,180.0000,bottom
"FLSH_SI34","TEST-POINT3","PAD.03X.03",91.7321,-76.5556,180.0000,bottom
"FLSH_SI35","TEST-POINT3","PAD.03X.03",102.9081,-76.5556,180.0000,bottom
"FLSH_SI36","TEST-POINT3","PAD.03X.03",114.0841,-76.5556,180.0000,bottom
"FLSH_SI37","TEST-POINT3","PAD.03X.03",125.2601,-76.5556,180.0000,bottom
"FLSH_SI38","TEST-POINT3","PAD.03X.03",136.4361,-76.5556,180.0000,bottom
"FLSH_SI39","TEST-POINT3","PAD.03X.03",147.6121,-76.5556,180.0000,bottom
"FLSH_SI40","TEST-POINT3","PAD.03X.03",158.7881,-76.5556,180.0000,bottom
"FLSH_SI41","TEST-POINT3","PAD.03X.03",169.9641,-76.5556,180.0000,bottom
"FLSH_SI42","TEST-POINT3","PAD.03X.03",181.1401,-76.5556,180.0000,bottom
"FLSH_SI43","TEST-POINT3","PAD.03X.03",192.3161,-76.5556,180.0000,bottom
"FLSH_SI44","TEST-POINT3","PAD.03X.03",203.4921,-76.5556,180.0000,bottom
"FLSH_SI45","TEST-POINT3","PAD.03X.03",214.6681,-76.5556,180.0000,bottom
"FLSH_SI46","TEST-POINT3","PAD.03X.03",225.8441,-76.5556,180.0000,bottom
"FLSH_SI47","TEST-POINT3","PAD.03X.03",237.0201,-76.5556,180.0000,bottom
"FLSH_SO0","TEST-POINT3","PAD.03X.03",69.3801,-156.3116,180.0000,bottom
"FLSH_SO1","TEST-POINT3","PAD.03X.03",80.5561,-156.3116,180.0000,bottom
"FLSH_SO2","TEST-POINT3","PAD.03X.03",91.7321,-156.3116,180.0000,bottom
"FLSH_SO3","TEST-POINT3","PAD.03X.03",102.9081,-156.3116,180.0000,bottom
"FLSH_SO4","TEST-POINT3","PAD.03X.03",114.0841,-156.3116,180.0000,bottom
"FLSH_SO5","TEST-POINT3","PAD.03X.03",125.2601,-156.3116,180.0000,bottom
"FLSH_SO6","TEST-POINT3","PAD.03X.03",136.4361,-156.3116,180.0000,bottom
"FLSH_SO7","TEST-POINT3","PAD.03X.03",147.6121,-156.3116,180.0000,bottom
"FLSH_SO8","TEST-POINT3","PAD.03X.03",158.7881,-156.3116,180.0000,bottom
"FLSH_SO9","TEST-POINT3","PAD.03X.03",169.9641,-156.3116,180.0000,bottom
"FLSH_SO10","TEST-POINT3","PAD.03X.03",181.1401,-156.3116,180.0000,bottom
"FLSH_SO11","TEST-POINT3","PAD.03X.03",192.3161,-156.3116,180.0000,bottom
"FLSH_SO12","TEST-POINT3","PAD.03X.03",203.4921,-156.3116,180.0000,bottom
"FLSH_SO13","TEST-POINT3","PAD.03X.03",214.6681,-156.3116,180.0000,bottom
"FLSH_SO14","TEST-POINT3","PAD.03X.03",225.8441,-156.3116,180.0000,bottom
"FLSH_SO15","TEST-POINT3","PAD.03X.03",237.0201,-156.3116,180.0000,bottom
"FLSH_SO16","TEST-POINT3","PAD.03X.03",69.3801,-115.1636,180.0000,bottom
"FLSH_SO17","TEST-POINT3","PAD.03X.03",80.5561,-115.1636,180.0000,bottom
"FLSH_SO18","TEST-POINT3","PAD.03X.03",91.7321,-115.1636,180.0000,bottom
"FLSH_SO19","TEST-POINT3","PAD.03X.03",102.9081,-115.1636,180.0000,bottom
"FLSH_SO20","TEST-POINT3","PAD.03X.03",114.0841,-115.1636,180.0000,bottom
"FLSH_SO21","TEST-POINT3","PAD.03X.03",125.2601,-115.1636,180.0000,bottom
"FLSH_SO22","TEST-POINT3","PAD.03X.03",136.4361,-115.1636,180.0000,bottom
"FLSH_SO23","TEST-POINT3","PAD.03X.03",147.6121,-115.1636,180.0000,bottom
"FLSH_SO24","TEST-POINT3","PAD.03X.03",158.7881,-115.1636,180.0000,bottom
"FLSH_SO25","TEST-POINT3","PAD.03X.03",169.9641,-115.1636,180.0000,bottom
"FLSH_SO26","TEST-POINT3","PAD.03X.03",181.1401,-115.1636,180.0000,bottom
"FLSH_SO27","TEST-POINT3","PAD.03X.03",192.3161,-115.1636,180.0000,bottom
"FLSH_SO28","TEST-POINT3","PAD.03X.03",203.4921,-115.1636,180.0000,bottom
"FLSH_SO29","TEST-POINT3","PAD.03X.03",214.6681,-115.1636,180.0000,bottom
"FLSH_SO30","TEST-POINT3","PAD.03X.03",225.8441,-115.1636,180.0000,bottom
"FLSH_SO31","TEST-POINT3","PAD.03X.03",237.0201,-115.1636,180.0000,bottom
"FLSH_SO32","TEST-POINT3","PAD.03X.03",69.3801,-74.0156,180.0000,bottom
"FLSH_SO33","TEST-POINT3","PAD.03X.03",80.5561,-74.0156,180.0000,bottom
"FLSH_SO34","TEST-POINT3","PAD.03X.03",91.7321,-74.0156,180.0000,bottom
"FLSH_SO35","TEST-POINT3","PAD.03X.03",102.9081,-74.0156,180.0000,bottom
"FLSH_SO36","TEST-POINT3","PAD.03X.03",114.0841,-74.0156,180.0000,bottom
"FLSH_SO37","TEST-POINT3","PAD.03X.03",125.2601,-74.0156,180.0000,bottom
"FLSH_SO38","TEST-POINT3","PAD.03X.03",136.4361,-74.0156,180.0000,bottom
"FLSH_SO39","TEST-POINT3","PAD.03X.03",147.6121,-74.0156,180.0000,bottom
"FLSH_SO40","TEST-POINT3","PAD.03X.03",158.7881,-74.0156,180.0000,bottom
"FLSH_SO41","TEST-POINT3","PAD.03X.03",169.9641,-74.0156,180.0000,bottom
"FLSH_SO42","TEST-POINT3","PAD.03X.03",181.1401,-74.0156,180.0000,bottom
"FLSH_SO43","TEST-POINT3","PAD.03X.03",192.3161,-74.0156,180.0000,bottom
"FLSH_SO44","TEST-POINT3","PAD.03X.03",203.4921,-74.0156,180.0000,bottom
"FLSH_SO45","TEST-POINT3","PAD.03X.03",214.6681,-74.0156,180.0000,bottom
"FLSH_SO46","TEST-POINT3","PAD.03X.03",225.8441,-74.0156,180.0000,bottom
"FLSH_SO47","TEST-POINT3","PAD.03X.03",237.0201,-74.0156,180.0000,bottom
"GPIO0","TEST-POINT3","PAD.03X.03",59.9821,-162.6616,180.0000,bottom
"GPIO1","TEST-POINT3","PAD.03X.03",71.1581,-162.6616,180.0000,bottom
"GPIO2","TEST-POINT3","PAD.03X.03",82.3341,-162.6616,180.0000,bottom
"GPIO3","TEST-POINT3","PAD.03X.03",93.5101,-162.6616,180.0000,bottom
"GPIO4","TEST-POINT3","PAD.03X.03",104.6861,-162.6616,180.0000,bottom
"GPIO5","TEST-POINT3","PAD.03X.03",115.8621,-162.6616,180.0000,bottom
"GPIO6","TEST-POINT3","PAD.03X.03",127.0381,-162.6616,180.0000,bottom
"GPIO7","TEST-POINT3","PAD.03X.03",138.2141,-162.6616,180.0000,bottom
"GPIO8","TEST-POINT3","PAD.03X.03",149.3901,-162.6616,180.0000,bottom
"GPIO9","TEST-POINT3","PAD.03X.03",160.5661,-162.6616,180.0000,bottom
"GPIO10","TEST-POINT3","PAD.03X.03",171.7421,-162.6616,180.0000,bottom
"GPIO11","TEST-POINT3","PAD.03X.03",182.9181,-162.6616,180.0000,bottom
"GPIO12","TEST-POINT3","PAD.03X.03",194.0941,-162.6616,180.0000,bottom
"GPIO13","TEST-POINT3","PAD.03X.03",205.2701,-162.6616,180.0000,bottom
"GPIO14","TEST-POINT3","PAD.03X.03",216.4461,-162.6616,180.0000,bottom
"GPIO15","TEST-POINT3","PAD.03X.03",227.6221,-162.6616,180.0000,bottom
"GPIO16","TEST-POINT3","PAD.03X.03",59.9821,-121.5136,180.0000,bottom
"GPIO17","TEST-POINT3","PAD.03X.03",71.1581,-121.5136,180.0000,bottom
"GPIO18","TEST-POINT3","PAD.03X.03",82.3341,-121.5136,180.0000,bottom
"GPIO19","TEST-POINT3","PAD.03X.03",93.5101,-121.5136,180.0000,bottom
"GPIO20","TEST-POINT3","PAD.03X.03",104.6861,-121.5136,180.0000,bottom
"GPIO21","TEST-POINT3","PAD.03X.03",115.8621,-121.5136,180.0000,bottom
"GPIO22","TEST-POINT3","PAD.03X.03",127.0381,-121.5136,180.0000,bottom
"GPIO23","TEST-POINT3","PAD.03X.03",138.2141,-121.5136,180.0000,bottom
"GPIO24","TEST-POINT3","PAD.03X.03",149.3901,-121.5136,180.0000,bottom
"GPIO25","TEST-POINT3","PAD.03X.03",160.5661,-121.5136,180.0000,bottom
"GPIO26","TEST-POINT3","PAD.03X.03",171.7421,-121.5136,180.0000,bottom
"GPIO27","TEST-POINT3","PAD.03X.03",182.9181,-121.5136,180.0000,bottom
"GPIO28","TEST-POINT3","PAD.03X.03",194.0941,-121.5136,180.0000,bottom
"GPIO29","TEST-POINT3","PAD.03X.03",205.2701,-121.5136,180.0000,bottom
"GPIO30","TEST-POINT3","PAD.03X.03",216.4461,-121.5136,180.0000,bottom
"GPIO31","TEST-POINT3","PAD.03X.03",227.6221,-121.5136,180.0000,bottom
"GPIO32","TEST-POINT3","PAD.03X.03",59.9821,-80.3656,180.0000,bottom
"GPIO33","TEST-POINT3","PAD.03X.03",71.1581,-80.3656,180.0000,bottom
"GPIO34","TEST-POINT3","PAD.03X.03",82.3341,-80.3656,180.0000,bottom
"GPIO35","TEST-POINT3","PAD.03X.03",93.5101,-80.3656,180.0000,bottom
"GPIO36","TEST-POINT3","PAD.03X.03",104.6861,-80.3656,180.0000,bottom
"GPIO37","TEST-POINT3","PAD.03X.03",115.8621,-80.3656,180.0000,bottom
"GPIO38","TEST-POINT3","PAD.03X.03",127.0381,-80.3656,180.0000,bottom
"GPIO39","TEST-POINT3","PAD.03X.03",138.2141,-80.3656,180.0000,bottom
"GPIO40","TEST-POINT3","PAD.03X.03",149.3901,-80.3656,180.0000,bottom
"GPIO41","TEST-POINT3","PAD.03X.03",160.5661,-80.3656,180.0000,bottom
"GPIO42","TEST-POINT3","PAD.03X.03",171.7421,-80.3656,180.0000,bottom
"GPIO43","TEST-POINT3","PAD.03X.03",182.9181,-80.3656,180.0000,bottom
"GPIO44","TEST-POINT3","PAD.03X.03",194.0941,-80.3656,180.0000,bottom
"GPIO45","TEST-POINT3","PAD.03X.03",205.2701,-80.3656,180.0000,bottom
"GPIO46","TEST-POINT3","PAD.03X.03",216.4461,-80.3656,180.0000,bottom
"GPIO47","TEST-POINT3","PAD.03X.03",227.6221,-80.3656,180.0000,bottom
"IN0","","FPC_16_0.5MM",64.6811,-127.9271,180.0000,bottom
"IN1","","FPC_16_0.5MM",75.8571,-127.9271,180.0000,bottom
"IN2","","FPC_16_0.5MM",87.0331,-127.9271,180.0000,bottom
"IN3","","FPC_16_0.5MM",98.2091,-127.9271,180.0000,bottom
"IN4","","FPC_16_0.5MM",109.3851,-127.9271,180.0000,bottom
"IN5","","FPC_16_0.5MM",120.5611,-127.9271,180.0000,bottom
"IN6","","FPC_16_0.5MM",131.7371,-127.9271,180.0000,bottom
"IN7","","FPC_16_0.5MM",142.9131,-127.9271,180.0000,bottom
"IN8","","FPC_16_0.5MM",154.0891,-127.9271,180.0000,bottom
"IN9","","FPC_16_0.5MM",165.2651,-127.9271,180.0000,bottom
"IN10","","FPC_16_0.5MM",176.4411,-127.9271,180.0000,bottom
"IN11","","FPC_16_0.5MM",187.6171,-127.9271,180.0000,bottom
"IN12","","FPC_16_0.5MM",198.7931,-127.9271,180.0000,bottom
"IN13","","FPC_16_0.5MM",209.9691,-127.9271,180.0000,bottom
"IN14","","FPC_16_0.5MM",221.1451,-127.9271,180.0000,bottom
"IN15","","FPC_16_0.5MM",232.3211,-127.9271,180.0000,bottom
"IN16","","FPC_16_0.5MM",64.6811,-86.7791,180.0000,bottom
"IN17","","FPC_16_0.5MM",75.8571,-86.7791,180.0000,bottom
"IN18","","FPC_16_0.5MM",87.0331,-86.7791,180.0000,bottom
"IN19","","FPC_16_0.5MM",98.2091,-86.7791,180.0000,bottom
"IN20","","FPC_16_0.5MM",109.3851,-86.7791,180.0000,bottom
"IN21","","FPC_16_0.5MM",120.5611,-86.7791,180.0000,bottom
"IN22","","FPC_16_0.5MM",131.7371,-86.7791,180.0000,bottom
"IN23","","FPC_16_0.5MM",142.9131,-86.7791,180.0000,bottom
"IN24","","FPC_16_0.5MM",154.0891,-86.7791,180.0000,bottom
"IN25","","FPC_16_0.5MM",165.2651,-86.7791,180.0000,bottom
"IN26","","FPC_16_0.5MM",176.4411,-86.7791,180.0000,bottom
"IN27","","FPC_16_0.5MM",187.6171,-86.7791,180.0000,bottom
"IN28","","FPC_16_0.5MM",198.7931,-86.7791,180.0000,bottom
"IN29","","FPC_16_0.5MM",209.9691,-86.7791,180.0000,bottom
"IN30","","FPC_16_0.5MM",221.1451,-86.7791,180.0000,bottom
"IN31","","FPC_16_0.5MM",232.3211,-86.7791,180.0000,bottom
"IN32","","FPC_16_0.5MM",64.6811,-45.6311,180.0000,bottom
"IN33","","FPC_16_0.5MM",75.8571,-45.6311,180.0000,bottom
"IN34","","FPC_16_0.5MM",87.0331,-45.6311,180.0000,bottom
"IN35","","FPC_16_0.5MM",98.2091,-45.6311,180.0000,bottom
"IN36","","FPC_16_0.5MM",109.3851,-45.6311,180.0000,bottom
"IN37","","FPC_16_0.5MM",120.5611,-45.6311,180.0000,bottom
"IN38","","FPC_16_0.5MM",131.7371,-45.6311,180.0000,bottom
"IN39","","FPC_16_0.5MM",142.9131,-45.6311,180.0000,bottom
"IN40","","FPC_16_0.5MM",154.0891,-45.6311,180.0000,bottom
"IN41","","FPC_16_0.5MM",165.2651,-45.6311,180.0000,bottom
"IN42","","FPC_16_0.5MM",176.4411,-45.6311,180.0000,bottom
"IN43","","FPC_16_0.5MM",187.6171,-45.6311,180.0000,bottom
"IN44","","FPC_16_0.5MM",198.7931,-45.6311,180.0000,bottom
"IN45","","FPC_16_0.5MM",209.9691,-45.6311,180.0000,bottom
"IN46","","FPC_16_0.5MM",221.1451,-45.6311,180.0000,bottom
"IN47","","FPC_16_0.5MM",232.3211,-45.6311,180.0000,bottom
"L1","30Ω","0402-TIGHT",67.7291,-156.6926,180.0000,bottom
"L2","30Ω","0402-TIGHT",63.5381,-150.9141,-90.0000,bottom
"L3","30Ω","0402-TIGHT",61.1251,-143.8656,90.0000,bottom
"L5","15nH","0402_COILCRAFT",60.9981,-136.3091,-90.0000,bottom
"L13","30Ω","0402-TIGHT",66.9036,-146.4691,180.0000,bottom
"L14","30Ω","0402-TIGHT",65.5701,-150.9141,-90.0000,bottom
"L15","30Ω","0402-TIGHT",67.9831,-148.5011,-90.0000,bottom
"L16","30Ω","0402-TIGHT",78.0796,-146.4691,180.0000,bottom
"L17","30Ω","0402-TIGHT",79.1591,-148.5011,-90.0000,bottom
"L21","30Ω","0402-TIGHT",72.3011,-143.8656,90.0000,bottom
"L22","30Ω","0402-TIGHT",74.7141,-150.9141,-90.0000,bottom
"L24","15nH","0402_COILCRAFT",72.1741,-136.3091,-90.0000,bottom
"L29","30Ω","0402-TIGHT",76.7461,-150.9141,-90.0000,bottom
"L30","30Ω","0402-TIGHT",78.9051,-156.6926,180.0000,bottom
"L31","30Ω","0402-TIGHT",89.2556,-146.4691,180.0000,bottom
"L32","30Ω","0402-TIGHT",90.3351,-148.5011,-90.0000,bottom
"L36","30Ω","0402-TIGHT",83.4771,-143.8656,90.0000,bottom
"L37","30Ω","0402-TIGHT",85.8901,-150.9141,-90.0000,bottom
"L39","15nH","0402_COILCRAFT",83.3501,-136.3091,-90.0000,bottom
"L44","30Ω","0402-TIGHT",87.9221,-150.9141,-90.0000,bottom
"L45","30Ω","0402-TIGHT",90.0811,-156.6926,180.0000,bottom
"L46","30Ω","0402-TIGHT",100.4316,-146.4691,180.0000,bottom
"L47","30Ω","0402-TIGHT",101.5111,-148.5011,-90.0000,bottom
"L51","30Ω","0402-TIGHT",94.6531,-143.8656,90.0000,bottom
"L52","30Ω","0402-TIGHT",97.0661,-150.9141,-90.0000,bottom
"L54","15nH","0402_COILCRAFT",94.5261,-136.3091,-90.0000,bottom
"L59","30Ω","0402-TIGHT",99.0981,-150.9141,-90.0000,bottom
"L60","30Ω","0402-TIGHT",101.2571,-156.6926,180.0000,bottom
"L61","30Ω","0402-TIGHT",111.6076,-146.4691,180.0000,bottom
"L62","30Ω","0402-TIGHT",112.6871,-148.5011,-90.0000,bottom
"L66","30Ω","0402-TIGHT",105.8291,-143.8656,90.0000,bottom
"L67","30Ω","0402-TIGHT",108.2421,-150.9141,-90.0000,bottom
"L69","15nH","0402_COILCRAFT",105.7021,-136.3091,-90.0000,bottom
"L74","30Ω","0402-TIGHT",110.2741,-150.9141,-90.0000,bottom
"L75","30Ω","0402-TIGHT",112.4331,-156.6926,180.0000,bottom
"L76","30Ω","0402-TIGHT",122.7836,-146.4691,180.0000,bottom
"L77","30Ω","0402-TIGHT",123.8631,-148.5011,-90.0000,bottom
"L81","30Ω","0402-TIGHT",117.0051,-143.8656,90.0000,bottom
"L82","30Ω","0402-TIGHT",119.4181,-150.9141,-90.0000,bottom
"L84","15nH","0402_COILCRAFT",116.8781,-136.3091,-90.0000,bottom
"L89","30Ω","0402-TIGHT",121.4501,-150.9141,-90.0000,bottom
"L90","30Ω","0402-TIGHT",123.6091,-156.6926,180.0000,bottom
"L91","30Ω","0402-TIGHT",133.9596,-146.4691,180.0000,bottom
"L92","30Ω","0402-TIGHT",135.0391,-148.5011,-90.0000,bottom
"L96","30Ω","0402-TIGHT",128.1811,-143.8656,90.0000,bottom
"L97","30Ω","0402-TIGHT",130.5941,-150.9141,-90.0000,bottom
"L99","15nH","0402_COILCRAFT",128.0541,-136.3091,-90.0000,bottom
"L104","30Ω","0402-TIGHT",132.6261,-150.9141,-90.0000,bottom
"L105","30Ω","0402-TIGHT",134.7851,-156.6926,180.0000,bottom
"L106","30Ω","0402-TIGHT",145.1356,-146.4691,180.0000,bottom
"L107","30Ω","0402-TIGHT",146.2151,-148.5011,-90.0000,bottom
"L111","30Ω","0402-TIGHT",139.3571,-143.8656,90.0000,bottom
"L112","30Ω","0402-TIGHT",141.7701,-150.9141,-90.0000,bottom
"L114","15nH","0402_COILCRAFT",139.2301,-136.3091,-90.0000,bottom
"L119","30Ω","0402-TIGHT",143.8021,-150.9141,-90.0000,bottom
"L120","30Ω","0402-TIGHT",145.9611,-156.6926,180.0000,bottom
"L121","30Ω","0402-TIGHT",156.3116,-146.4691,180.0000,bottom
"L122","30Ω","0402-TIGHT",157.3911,-148.5011,-90.0000,bottom
"L126","30Ω","0402-TIGHT",150.5331,-143.8656,90.0000,bottom
"L127","30Ω","0402-TIGHT",152.9461,-150.9141,-90.0000,bottom
"L129","15nH","0402_COILCRAFT",150.4061,-136.3091,-90.0000,bottom
"L134","30Ω","0402-TIGHT",154.9781,-150.9141,-90.0000,bottom
"L135","30Ω","0402-TIGHT",157.1371,-156.6926,180.0000,bottom
"L136","30Ω","0402-TIGHT",167.4876,-146.4691,180.0000,bottom
"L137","30Ω","0402-TIGHT",168.5671,-148.5011,-90.0000,bottom
"L141","30Ω","0402-TIGHT",161.7091,-143.8656,90.0000,bottom
"L142","30Ω","0402-TIGHT",164.1221,-150.9141,-90.0000,bottom
"L144","15nH","0402_COILCRAFT",161.5821,-136.3091,-90.0000,bottom
"L149","30Ω","0402-TIGHT",166.1541,-150.9141,-90.0000,bottom
"L150","30Ω","0402-TIGHT",168.3131,-156.6926,180.0000,bottom
"L151","30Ω","0402-TIGHT",178.6636,-146.4691,180.0000,bottom
"L152","30Ω","0402-TIGHT",179.7431,-148.5011,-90.0000,bottom
"L156","30Ω","0402-TIGHT",172.8851,-143.8656,90.0000,bottom
"L157","30Ω","0402-TIGHT",175.2981,-150.9141,-90.0000,bottom
"L159","15nH","0402_COILCRAFT",172.7581,-136.3091,-90.0000,bottom
"L164","30Ω","0402-TIGHT",177.3301,-150.9141,-90.0000,bottom
"L165","30Ω","0402-TIGHT",179.4891,-156.6926,180.0000,bottom
"L166","30Ω","0402-TIGHT",189.8396,-146.4691,180.0000,bottom
"L167","30Ω","0402-TIGHT",190.9191,-148.5011,-90.0000,bottom
"L171","30Ω","0402-TIGHT",184.0611,-143.8656,90.0000,bottom
"L172","30Ω","0402-TIGHT",186.4741,-150.9141,-90.0000,bottom
"L174","15nH","0402_COILCRAFT",183.9341,-136.3091,-90.0000,bottom
"L179","30Ω","0402-TIGHT",188.5061,-150.9141,-90.0000,bottom
"L180","30Ω","0402-TIGHT",190.6651,-156.6926,180.0000,bottom
"L181","30Ω","0402-TIGHT",201.0156,-146.4691,180.0000,bottom
"L182","30Ω","0402-TIGHT",202.0951,-148.5011,-90.0000,bottom
"L186","30Ω","0402-TIGHT",195.2371,-143.8656,90.0000,bottom
"L187","30Ω","0402-TIGHT",197.6501,-150.9141,-90.0000,bottom
"L189","15nH","0402_COILCRAFT",195.1101,-136.3091,-90.0000,bottom
"L194","30Ω","0402-TIGHT",199.6821,-150.9141,-90.0000,bottom
"L195","30Ω","0402-TIGHT",201.8411,-156.6926,180.0000,bottom
"L196","30Ω","0402-TIGHT",212.1916,-146.4691,180.0000,bottom
"L197","30Ω","0402-TIGHT",213.2711,-148.5011,-90.0000,bottom
"L201","30Ω","0402-TIGHT",206.4131,-143.8656,90.0000,bottom
"L202","30Ω","0402-TIGHT",208.8261,-150.9141,-90.0000,bottom
"L204","15nH","0402_COILCRAFT",206.2861,-136.3091,-90.0000,bottom
"L209","30Ω","0402-TIGHT",210.8581,-150.9141,-90.0000,bottom
"L210","30Ω","0402-TIGHT",213.0171,-156.6926,180.0000,bottom
"L211","30Ω","0402-TIGHT",223.3676,-146.4691,180.0000,bottom
"L212","30Ω","0402-TIGHT",224.4471,-148.5011,-90.0000,bottom
"L216","30Ω","0402-TIGHT",217.5891,-143.8656,90.0000,bottom
"L217","30Ω","0402-TIGHT",220.0021,-150.9141,-90.0000,bottom
"L219","15nH","0402_COILCRAFT",217.4621,-136.3091,-90.0000,bottom
"L224","30Ω","0402-TIGHT",222.0341,-150.9141,-90.0000,bottom
"L225","30Ω","0402-TIGHT",224.1931,-156.6926,180.0000,bottom
"L226","30Ω","0402-TIGHT",234.5436,-146.4691,180.0000,bottom
"L227","30Ω","0402-TIGHT",235.6231,-148.5011,-90.0000,bottom
"L231","30Ω","0402-TIGHT",228.7651,-143.8656,90.0000,bottom
"L232","30Ω","0402-TIGHT",231.1781,-150.9141,-90.0000,bottom
"L234","15nH","0402_COILCRAFT",228.6381,-136.3091,-90.0000,bottom
"L239","30Ω","0402-TIGHT",233.2101,-150.9141,-90.0000,bottom
"L240","30Ω","0402-TIGHT",235.3691,-156.6926,180.0000,bottom
"L241","30Ω","0402-TIGHT",66.9036,-105.3211,180.0000,bottom
"L242","30Ω","0402-TIGHT",67.9831,-107.3531,-90.0000,bottom
"L246","30Ω","0402-TIGHT",61.1251,-102.7176,90.0000,bottom
"L247","30Ω","0402-TIGHT",63.5381,-109.7661,-90.0000,bottom
"L249","15nH","0402_COILCRAFT",60.9981,-95.1611,-90.0000,bottom
"L254","30Ω","0402-TIGHT",65.5701,-109.7661,-90.0000,bottom
"L255","30Ω","0402-TIGHT",67.7291,-115.5446,180.0000,bottom
"L256","30Ω","0402-TIGHT",78.0796,-105.3211,180.0000,bottom
"L257","30Ω","0402-TIGHT",79.1591,-107.3531,-90.0000,bottom
"L261","30Ω","0402-TIGHT",72.3011,-102.7176,90.0000,bottom
"L262","30Ω","0402-TIGHT",74.7141,-109.7661,-90.0000,bottom
"L264","15nH","0402_COILCRAFT",72.1741,-95.1611,-90.0000,bottom
"L269","30Ω","0402-TIGHT",76.7461,-109.7661,-90.0000,bottom
"L270","30Ω","0402-TIGHT",78.9051,-115.5446,180.0000,bottom
"L271","30Ω","0402-TIGHT",89.2556,-105.3211,180.0000,bottom
"L272","30Ω","0402-TIGHT",90.3351,-107.3531,-90.0000,bottom
"L276","30Ω","0402-TIGHT",83.4771,-102.7176,90.0000,bottom
"L277","30Ω","0402-TIGHT",85.8901,-109.7661,-90.0000,bottom
"L279","15nH","0402_COILCRAFT",83.3501,-95.1611,-90.0000,bottom
"L284","30Ω","0402-TIGHT",87.9221,-109.7661,-90.0000,bottom
"L285","30Ω","0402-TIGHT",90.0811,-115.5446,180.0000,bottom
"L286","30Ω","0402-TIGHT",100.4316,-105.3211,180.0000,bottom
"L287","30Ω","0402-TIGHT",101.5111,-107.3531,-90.0000,bottom
"L291","30Ω","0402-TIGHT",94.6531,-102.7176,90.0000,bottom
"L292","30Ω","0402-TIGHT",97.0661,-109.7661,-90.0000,bottom
"L294","15nH","0402_COILCRAFT",94.5261,-95.1611,-90.0000,bottom
"L299","30Ω","0402-TIGHT",99.0981,-109.7661,-90.0000,bottom
"L300","30Ω","0402-TIGHT",101.2571,-115.5446,180.0000,bottom
"L301","30Ω","0402-TIGHT",111.6076,-105.3211,180.0000,bottom
"L302","30Ω","0402-TIGHT",112.6871,-107.3531,-90.0000,bottom
"L306","30Ω","0402-TIGHT",105.8291,-102.7176,90.0000,bottom
"L307","30Ω","0402-TIGHT",108.2421,-109.7661,-90.0000,bottom
"L309","15nH","0402_COILCRAFT",105.7021,-95.1611,-90.0000,bottom
"L314","30Ω","0402-TIGHT",110.2741,-109.7661,-90.0000,bottom
"L315","30Ω","0402-TIGHT",112.4331,-115.5446,180.0000,bottom
"L316","30Ω","0402-TIGHT",122.7836,-105.3211,180.0000,bottom
"L317","30Ω","0402-TIGHT",123.8631,-107.3531,-90.0000,bottom
"L321","30Ω","0402-TIGHT",117.0051,-102.7176,90.0000,bottom
"L322","30Ω","0402-TIGHT",119.4181,-109.7661,-90.0000,bottom
"L324","15nH","0402_COILCRAFT",116.8781,-95.1611,-90.0000,bottom
"L329","30Ω","0402-TIGHT",121.4501,-109.7661,-90.0000,bottom
"L330","30Ω","0402-TIGHT",123.6091,-115.5446,180.0000,bottom
"L331","30Ω","0402-TIGHT",133.9596,-105.3211,180.0000,bottom
"L332","30Ω","0402-TIGHT",135.0391,-107.3531,-90.0000,bottom
"L336","30Ω","0402-TIGHT",128.1811,-102.7176,90.0000,bottom
"L337","30Ω","0402-TIGHT",130.5941,-109.7661,-90.0000,bottom
"L339","15nH","0402_COILCRAFT",128.0541,-95.1611,-90.0000,bottom
"L344","30Ω","0402-TIGHT",132.6261,-109.7661,-90.0000,bottom
"L345","30Ω","0402-TIGHT",134.7851,-115.5446,180.0000,bottom
"L346","30Ω","0402-TIGHT",145.1356,-105.3211,180.0000,bottom
"L347","30Ω","0402-TIGHT",146.2151,-107.3531,-90.0000,bottom
"L351","30Ω","0402-TIGHT",139.3571,-102.7176,90.0000,bottom
"L352","30Ω","0402-TIGHT",141.7701,-109.7661,-90.0000,bottom
"L354","15nH","0402_COILCRAFT",139.2301,-95.1611,-90.0000,bottom
"L359","30Ω","0402-TIGHT",143.8021,-109.7661,-90.0000,bottom
"L360","30Ω","0402-TIGHT",145.9611,-115.5446,180.0000,bottom
"L361","30Ω","0402-TIGHT",156.3116,-105.3211,180.0000,bottom
"L362","30Ω","0402-TIGHT",157.3911,-107.3531,-90.0000,bottom
"L366","30Ω","0402-TIGHT",150.5331,-102.7176,90.0000,bottom
"L367","30Ω","0402-TIGHT",152.9461,-109.7661,-90.0000,bottom
"L369","15nH","0402_COILCRAFT",150.4061,-95.1611,-90.0000,bottom
"L374","30Ω","0402-TIGHT",154.9781,-109.7661,-90.0000,bottom
"L375","30Ω","0402-TIGHT",157.1371,-115.5446,180.0000,bottom
"L376","30Ω","0402-TIGHT",167.4876,-105.3211,180.0000,bottom
"L377","30Ω","0402-TIGHT",168.5671,-107.3531,-90.0000,bottom
"L381","30Ω","0402-TIGHT",161.7091,-102.7176,90.0000,bottom
"L382","30Ω","0402-TIGHT",164.1221,-109.7661,-90.0000,bottom
"L384","15nH","0402_COILCRAFT",161.5821,-95.1611,-90.0000,bottom
"L389","30Ω","0402-TIGHT",166.1541,-109.7661,-90.0000,bottom
"L390","30Ω","0402-TIGHT",168.3131,-115.5446,180.0000,bottom
"L391","30Ω","0402-TIGHT",178.6636,-105.3211,180.0000,bottom
"L392","30Ω","0402-TIGHT",179.7431,-107.3531,-90.0000,bottom
"L396","30Ω","0402-TIGHT",172.8851,-102.7176,90.0000,bottom
"L397","30Ω","0402-TIGHT",175.2981,-109.7661,-90.0000,bottom
"L399","15nH","0402_COILCRAFT",172.7581,-95.1611,-90.0000,bottom
"L404","30Ω","0402-TIGHT",177.3301,-109.7661,-90.0000,bottom
"L405","30Ω","0402-TIGHT",179.4891,-115.5446,180.0000,bottom
"L406","30Ω","0402-TIGHT",189.8396,-105.3211,180.0000,bottom
"L407","30Ω","0402-TIGHT",190.9191,-107.3531,-90.0000,bottom
"L411","30Ω","0402-TIGHT",184.0611,-102.7176,90.0000,bottom
"L412","30Ω","0402-TIGHT",186.4741,-109.7661,-90.0000,bottom
"L414","15nH","0402_COILCRAFT",183.9341,-95.1611,-90.0000,bottom
"L419","30Ω","0402-TIGHT",188.5061,-109.7661,-90.0000,bottom
"L420","30Ω","0402-TIGHT",190.6651,-115.5446,180.0000,bottom
"L421","30Ω","0402-TIGHT",201.0156,-105.3211,180.0000,bottom
"L422","30Ω","0402-TIGHT",202.0951,-107.3531,-90.0000,bottom
"L426","30Ω","0402-TIGHT",195.2371,-102.7176,90.0000,bottom
"L427","30Ω","0402-TIGHT",197.6501,-109.7661,-90.0000,bottom
"L429","15nH","0402_COILCRAFT",195.1101,-95.1611,-90.0000,bottom
"L434","30Ω","0402-TIGHT",199.6821,-109.7661,-90.0000,bottom
"L435","30Ω","0402-TIGHT",201.8411,-115.5446,180.0000,bottom
"L436","30Ω","0402-TIGHT",212.1916,-105.3211,180.0000,bottom
"L437","30Ω","0402-TIGHT",213.2711,-107.3531,-90.0000,bottom
"L441","30Ω","0402-TIGHT",206.4131,-102.7176,90.0000,bottom
"L442","30Ω","0402-TIGHT",208.8261,-109.7661,-90.0000,bottom
"L444","15nH","0402_COILCRAFT",206.2861,-95.1611,-90.0000,bottom
"L449","30Ω","0402-TIGHT",210.8581,-109.7661,-90.0000,bottom
"L450","30Ω","0402-TIGHT",213.0171,-115.5446,180.0000,bottom
"L451","30Ω","0402-TIGHT",223.3676,-105.3211,180.0000,bottom
"L452","30Ω","0402-TIGHT",224.4471,-107.3531,-90.0000,bottom
"L456","30Ω","0402-TIGHT",217.5891,-102.7176,90.0000,bottom
"L457","30Ω","0402-TIGHT",220.0021,-109.7661,-90.0000,bottom
"L459","15nH","0402_COILCRAFT",217.4621,-95.1611,-90.0000,bottom
"L464","30Ω","0402-TIGHT",222.0341,-109.7661,-90.0000,bottom
"L465","30Ω","0402-TIGHT",224.1931,-115.5446,180.0000,bottom
"L466","30Ω","0402-TIGHT",234.5436,-105.3211,180.0000,bottom
"L467","30Ω","0402-TIGHT",235.6231,-107.3531,-90.0000,bottom
"L471","30Ω","0402-TIGHT",228.7651,-102.7176,90.0000,bottom
"L472","30Ω","0402-TIGHT",231.1781,-109.7661,-90.0000,bottom
"L474","15nH","0402_COILCRAFT",228.6381,-95.1611,-90.0000,bottom
"L479","30Ω","0402-TIGHT",233.2101,-109.7661,-90.0000,bottom
"L480","30Ω","0402-TIGHT",235.3691,-115.5446,180.0000,bottom
"L481","30Ω","0402-TIGHT",66.9036,-64.1731,180.0000,bottom
"L482","30Ω","0402-TIGHT",67.9831,-66.2051,-90.0000,bottom
"L486","30Ω","0402-TIGHT",61.1251,-61.5696,90.0000,bottom
"L487","30Ω","0402-TIGHT",63.5381,-68.6181,-90.0000,bottom
"L489","15nH","0402_COILCRAFT",60.9981,-54.0131,-90.0000,bottom
"L494","30Ω","0402-TIGHT",65.5701,-68.6181,-90.0000,bottom
"L495","30Ω","0402-TIGHT",67.7291,-74.3966,180.0000,bottom
"L496","30Ω","0402-TIGHT",78.0796,-64.1731,180.0000,bottom
"L497","30Ω","0402-TIGHT",79.1591,-66.2051,-90.0000,bottom
"L501","30Ω","0402-TIGHT",72.3011,-61.5696,90.0000,bottom
"L502","30Ω","0402-TIGHT",74.7141,-68.6181,-90.0000,bottom
"L504","15nH","0402_COILCRAFT",72.1741,-54.0131,-90.0000,bottom
"L509","30Ω","0402-TIGHT",76.7461,-68.6181,-90.0000,bottom
"L510","30Ω","0402-TIGHT",78.9051,-74.3966,180.0000,bottom
"L511","30Ω","0402-TIGHT",89.2556,-64.1731,180.0000,bottom
"L512","30Ω","0402-TIGHT",90.3351,-66.2051,-90.0000,bottom
"L516","30Ω","0402-TIGHT",83.4771,-61.5696,90.0000,bottom
"L517","30Ω","0402-TIGHT",85.8901,-68.6181,-90.0000,bottom
"L519","15nH","0402_COILCRAFT",83.3501,-54.0131,-90.0000,bottom
"L524","30Ω","0402-TIGHT",87.9221,-68.6181,-90.0000,bottom
"L525","30Ω","0402-TIGHT",90.0811,-74.3966,180.0000,bottom
"L526","30Ω","0402-TIGHT",100.4316,-64.1731,180.0000,bottom
"L527","30Ω","0402-TIGHT",101.5111,-66.2051,-90.0000,bottom
"L531","30Ω","0402-TIGHT",94.6531,-61.5696,90.0000,bottom
"L532","30Ω","0402-TIGHT",97.0661,-68.6181,-90.0000,bottom
"L534","15nH","0402_COILCRAFT",94.5261,-54.0131,-90.0000,bottom
"L539","30Ω","0402-TIGHT",99.0981,-68.6181,-90.0000,bottom
"L540","30Ω","0402-TIGHT",101.2571,-74.3966,180.0000,bottom
"L541","30Ω","0402-TIGHT",111.6076,-64.1731,180.0000,bottom
"L542","30Ω","0402-TIGHT",112.6871,-66.2051,-90.0000,bottom
"L546","30Ω","0402-TIGHT",105.8291,-61.5696,90.0000,bottom
"L547","30Ω","0402-TIGHT",108.2421,-68.6181,-90.0000,bottom
"L549","15nH","0402_COILCRAFT",105.7021,-54.0131,-90.0000,bottom
"L554","30Ω","0402-TIGHT",110.2741,-68.6181,-90.0000,bottom
"L555","30Ω","0402-TIGHT",112.4331,-74.3966,180.0000,bottom
"L556","30Ω","0402-TIGHT",122.7836,-64.1731,180.0000,bottom
"L557","30Ω","0402-TIGHT",123.8631,-66.2051,-90.0000,bottom
"L561","30Ω","0402-TIGHT",117.0051,-61.5696,90.0000,bottom
"L562","30Ω","0402-TIGHT",119.4181,-68.6181,-90.0000,bottom
"L564","15nH","0402_COILCRAFT",116.8781,-54.0131,-90.0000,bottom
"L569","30Ω","0402-TIGHT",121.4501,-68.6181,-90.0000,bottom
"L570","30Ω","0402-TIGHT",123.6091,-74.3966,180.0000,bottom
"L571","30Ω","0402-TIGHT",133.9596,-64.1731,180.0000,bottom
"L572","30Ω","0402-TIGHT",135.0391,-66.2051,-90.0000,bottom
"L576","30Ω","0402-TIGHT",128.1811,-61.5696,90.0000,bottom
"L577","30Ω","0402-TIGHT",130.5941,-68.6181,-90.0000,bottom
"L579","15nH","0402_COILCRAFT",128.0541,-54.0131,-90.0000,bottom
"L584","30Ω","0402-TIGHT",132.6261,-68.6181,-90.0000,bottom
"L585","30Ω","0402-TIGHT",134.7851,-74.3966,180.0000,bottom
"L586","30Ω","0402-TIGHT",145.1356,-64.1731,180.0000,bottom
"L587","30Ω","0402-TIGHT",146.2151,-66.2051,-90.0000,bottom
"L591","30Ω","0402-TIGHT",139.3571,-61.5696,90.0000,bottom
"L592","30Ω","0402-TIGHT",141.7701,-68.6181,-90.0000,bottom
"L594","15nH","0402_COILCRAFT",139.2301,-54.0131,-90.0000,bottom
"L599","30Ω","0402-TIGHT",143.8021,-68.6181,-90.0000,bottom
"L600","30Ω","0402-TIGHT",145.9611,-74.3966,180.0000,bottom
"L601","30Ω","0402-TIGHT",156.3116,-64.1731,180.0000,bottom
"L602","30Ω","0402-TIGHT",157.3911,-66.2051,-90.0000,bottom
"L606","30Ω","0402-TIGHT",150.5331,-61.5696,90.0000,bottom
"L607","30Ω","0402-TIGHT",152.9461,-68.6181,-90.0000,bottom
"L609","15nH","0402_COILCRAFT",150.4061,-54.0131,-90.0000,bottom
"L614","30Ω","0402-TIGHT",154.9781,-68.6181,-90.0000,bottom
"L615","30Ω","0402-TIGHT",157.1371,-74.3966,180.0000,bottom
"L616","30Ω","0402-TIGHT",167.4876,-64.1731,180.0000,bottom
"L617","30Ω","0402-TIGHT",168.5671,-66.2051,-90.0000,bottom
"L621","30Ω","0402-TIGHT",161.7091,-61.5696,90.0000,bottom
"L622","30Ω","0402-TIGHT",164.1221,-68.6181,-90.0000,bottom
"L624","15nH","0402_COILCRAFT",161.5821,-54.0131,-90.0000,bottom
"L629","30Ω","0402-TIGHT",166.1541,-68.6181,-90.0000,bottom
"L630","30Ω","0402-TIGHT",168.3131,-74.3966,180.0000,bottom
"L631","30Ω","0402-TIGHT",178.6636,-64.1731,180.0000,bottom
"L632","30Ω","0402-TIGHT",179.7431,-66.2051,-90.0000,bottom
"L636","30Ω","0402-TIGHT",172.8851,-61.5696,90.0000,bottom
"L637","30Ω","0402-TIGHT",175.2981,-68.6181,-90.0000,bottom
"L639","15nH","0402_COILCRAFT",172.7581,-54.0131,-90.0000,bottom
"L644","30Ω","0402-TIGHT",177.3301,-68.6181,-90.0000,bottom
"L645","30Ω","0402-TIGHT",179.4891,-74.3966,180.0000,bottom
"L646","30Ω","0402-TIGHT",189.8396,-64.1731,180.0000,bottom
"L647","30Ω","0402-TIGHT",190.9191,-66.2051,-90.0000,bottom
"L651","30Ω","0402-TIGHT",184.0611,-61.5696,90.0000,bottom
"L652","30Ω","0402-TIGHT",186.4741,-68.6181,-90.0000,bottom
"L654","15nH","0402_COILCRAFT",183.9341,-54.0131,-90.0000,bottom
"L659","30Ω","0402-TIGHT",188.5061,-68.6181,-90.0000,bottom
"L660","30Ω","0402-TIGHT",190.6651,-74.3966,180.0000,bottom
"L661","30Ω","0402-TIGHT",201.0156,-64.1731,180.0000,bottom
"L662","30Ω","0402-TIGHT",202.0951,-66.2051,-90.0000,bottom
"L666","30Ω","0402-TIGHT",195.2371,-61.5696,90.0000,bottom
"L667","30Ω","0402-TIGHT",197.6501,-68.6181,-90.0000,bottom
"L669","15nH","0402_COILCRAFT",195.1101,-54.0131,-90.0000,bottom
"L674","30Ω","0402-TIGHT",199.6821,-68.6181,-90.0000,bottom
"L675","30Ω","0402-TIGHT",201.8411,-74.3966,180.0000,bottom
"L676","30Ω","0402-TIGHT",212.1916,-64.1731,180.0000,bottom
"L677","30Ω","0402-TIGHT",213.2711,-66.2051,-90.0000,bottom
"L681","30Ω","0402-TIGHT",206.4131,-61.5696,90.0000,bottom
"L682","30Ω","0402-TIGHT",208.8261,-68.6181,-90.0000,bottom
"L684","15nH","0402_COILCRAFT",206.2861,-54.0131,-90.0000,bottom
"L689","30Ω","0402-TIGHT",210.8581,-68.6181,-90.0000,bottom
"L690","30Ω","0402-TIGHT",213.0171,-74.3966,180.0000,bottom
"L691","30Ω","0402-TIGHT",223.3676,-64.1731,180.0000,bottom
"L692","30Ω","0402-TIGHT",224.4471,-66.2051,-90.0000,bottom
"L696","30Ω","0402-TIGHT",217.5891,-61.5696,90.0000,bottom
"L697","30Ω","0402-TIGHT",220.0021,-68.6181,-90.0000,bottom
"L699","15nH","0402_COILCRAFT",217.4621,-54.0131,-90.0000,bottom
"L704","30Ω","0402-TIGHT",222.0341,-68.6181,-90.0000,bottom
"L705","30Ω","0402-TIGHT",224.1931,-74.3966,180.0000,bottom
"L706","30Ω","0402-TIGHT",234.5436,-64.1731,180.0000,bottom
"L707","30Ω","0402-TIGHT",235.6231,-66.2051,-90.0000,bottom
"L711","30Ω","0402-TIGHT",228.7651,-61.5696,90.0000,bottom
"L712","30Ω","0402-TIGHT",231.1781,-68.6181,-90.0000,bottom
"L714","15nH","0402_COILCRAFT",228.6381,-54.0131,-90.0000,bottom
"L719","30Ω","0402-TIGHT",233.2101,-68.6181,-90.0000,bottom
"L720","30Ω","0402-TIGHT",235.3691,-74.3966,180.0000,bottom
"LOGO3","OSHW-LOGOMINI","OSHW-LOGO-MINI",64.6811,-137.8966,180.0000,bottom
"LOGO4","OSHW-LOGOMINI","OSHW-LOGO-MINI",75.8571,-137.8966,180.0000,bottom
"LOGO6","OSHW-LOGOMINI","OSHW-LOGO-MINI",87.0331,-137.8966,180.0000,bottom
"LOGO8","OSHW-LOGOMINI","OSHW-LOGO-MINI",98.2091,-137.8966,180.0000,bottom
"LOGO10","OSHW-LOGOMINI","OSHW-LOGO-MINI",109.3851,-137.8966,180.0000,bottom
"LOGO12","OSHW-LOGOMINI","OSHW-LOGO-MINI",120.5611,-137.8966,180.0000,bottom
"LOGO14","OSHW-LOGOMINI","OSHW-LOGO-MINI",131.7371,-137.8966,180.0000,bottom
"LOGO16","OSHW-LOGOMINI","OSHW-LOGO-MINI",142.9131,-137.8966,180.0000,bottom
"LOGO18","OSHW-LOGOMINI","OSHW-LOGO-MINI",154.0891,-137.8966,180.0000,bottom
"LOGO20","OSHW-LOGOMINI","OSHW-LOGO-MINI",165.2651,-137.8966,180.0000,bottom
"LOGO22","OSHW-LOGOMINI","OSHW-LOGO-MINI",176.4411,-137.8966,180.0000,bottom
"LOGO24","OSHW-LOGOMINI","OSHW-LOGO-MINI",187.6171,-137.8966,180.0000,bottom
"LOGO26","OSHW-LOGOMINI","OSHW-LOGO-MINI",198.7931,-137.8966,180.0000,bottom
"LOGO28","OSHW-LOGOMINI","OSHW-LOGO-MINI",209.9691,-137.8966,180.0000,bottom
"LOGO30","OSHW-LOGOMINI","OSHW-LOGO-MINI",221.1451,-137.8966,180.0000,bottom
"LOGO32","OSHW-LOGOMINI","OSHW-LOGO-MINI",232.3211,-137.8966,180.0000,bottom
"LOGO34","OSHW-LOGOMINI","OSHW-LOGO-MINI",64.6811,-96.7486,180.0000,bottom
"LOGO36","OSHW-LOGOMINI","OSHW-LOGO-MINI",75.8571,-96.7486,180.0000,bottom
"LOGO38","OSHW-LOGOMINI","OSHW-LOGO-MINI",87.0331,-96.7486,180.0000,bottom
"LOGO40","OSHW-LOGOMINI","OSHW-LOGO-MINI",98.2091,-96.7486,180.0000,bottom
"LOGO42","OSHW-LOGOMINI","OSHW-LOGO-MINI",109.3851,-96.7486,180.0000,bottom
"LOGO44","OSHW-LOGOMINI","OSHW-LOGO-MINI",120.5611,-96.7486,180.0000,bottom
"LOGO46","OSHW-LOGOMINI","OSHW-LOGO-MINI",131.7371,-96.7486,180.0000,bottom
"LOGO48","OSHW-LOGOMINI","OSHW-LOGO-MINI",142.9131,-96.7486,180.0000,bottom
"LOGO50","OSHW-LOGOMINI","OSHW-LOGO-MINI",154.0891,-96.7486,180.0000,bottom
"LOGO52","OSHW-LOGOMINI","OSHW-LOGO-MINI",165.2651,-96.7486,180.0000,bottom
"LOGO54","OSHW-LOGOMINI","OSHW-LOGO-MINI",176.4411,-96.7486,180.0000,bottom
"LOGO56","OSHW-LOGOMINI","OSHW-LOGO-MINI",187.6171,-96.7486,180.0000,bottom
"LOGO58","OSHW-LOGOMINI","OSHW-LOGO-MINI",198.7931,-96.7486,180.0000,bottom
"LOGO60","OSHW-LOGOMINI","OSHW-LOGO-MINI",209.9691,-96.7486,180.0000,bottom
"LOGO62","OSHW-LOGOMINI","OSHW-LOGO-MINI",221.1451,-96.7486,180.0000,bottom
"LOGO64","OSHW-LOGOMINI","OSHW-LOGO-MINI",232.3211,-96.7486,180.0000,bottom
"LOGO66","OSHW-LOGOMINI","OSHW-LOGO-MINI",64.6811,-55.6006,180.0000,bottom
"LOGO68","OSHW-LOGOMINI","OSHW-LOGO-MINI",75.8571,-55.6006,180.0000,bottom
"LOGO70","OSHW-LOGOMINI","OSHW-LOGO-MINI",87.0331,-55.6006,180.0000,bottom
"LOGO72","OSHW-LOGOMINI","OSHW-LOGO-MINI",98.2091,-55.6006,180.0000,bottom
"LOGO74","OSHW-LOGOMINI","OSHW-LOGO-MINI",109.3851,-55.6006,180.0000,bottom
"LOGO76","OSHW-LOGOMINI","OSHW-LOGO-MINI",120.5611,-55.6006,180.0000,bottom
"LOGO78","OSHW-LOGOMINI","OSHW-LOGO-MINI",131.7371,-55.6006,180.0000,bottom
"LOGO80","OSHW-LOGOMINI","OSHW-LOGO-MINI",142.9131,-55.6006,180.0000,bottom
"LOGO82","OSHW-LOGOMINI","OSHW-LOGO-MINI",154.0891,-55.6006,180.0000,bottom
"LOGO84","OSHW-LOGOMINI","OSHW-LOGO-MINI",165.2651,-55.6006,180.0000,bottom
"LOGO86","OSHW-LOGOMINI","OSHW-LOGO-MINI",176.4411,-55.6006,180.0000,bottom
"LOGO88","OSHW-LOGOMINI","OSHW-LOGO-MINI",187.6171,-55.6006,180.0000,bottom
"LOGO90","OSHW-LOGOMINI","OSHW-LOGO-MINI",198.7931,-55.6006,180.0000,bottom
"LOGO92","OSHW-LOGOMINI","OSHW-LOGO-MINI",209.9691,-55.6006,180.0000,bottom
"LOGO94","OSHW-LOGOMINI","OSHW-LOGO-MINI",221.1451,-55.6006,180.0000,bottom
"LOGO96","OSHW-LOGOMINI","OSHW-LOGO-MINI",232.3211,-55.6006,180.0000,bottom
"R3","3.9","0402-TIGHT",61.8871,-135.7376,90.0000,bottom
"R4","33k","0402-TIGHT",60.1853,-151.9301,-90.0000,bottom
"R5","100k","0402-TIGHT",62.4586,-155.4861,0.0000,bottom
"R7","10k","0402-TIGHT",60.7441,-132.3721,180.0000,bottom
"R8","100k","0402-TIGHT",62.4586,-154.5336,180.0000,bottom
"R10","100k","0402-TIGHT",73.6346,-154.5336,180.0000,bottom
"R13","100k","0402-TIGHT",73.6346,-155.4861,0.0000,bottom
"R15","33k","0402-TIGHT",71.3613,-151.9301,-90.0000,bottom
"R18","10k","0402-TIGHT",71.9201,-132.3721,180.0000,bottom
"R19","3.9","0402-TIGHT",73.0631,-135.7376,90.0000,bottom
"R27","100k","0402-TIGHT",84.8106,-154.5336,180.0000,bottom
"R28","100k","0402-TIGHT",84.8106,-155.4861,0.0000,bottom
"R29","33k","0402-TIGHT",82.5373,-151.9301,-90.0000,bottom
"R31","10k","0402-TIGHT",83.0961,-132.3721,180.0000,bottom
"R32","3.9","0402-TIGHT",84.2391,-135.7376,90.0000,bottom
"R40","100k","0402-TIGHT",95.9866,-154.5336,180.0000,bottom
"R41","100k","0402-TIGHT",95.9866,-155.4861,0.0000,bottom
"R42","33k","0402-TIGHT",93.7133,-151.9301,-90.0000,bottom
"R44","10k","0402-TIGHT",94.2721,-132.3721,180.0000,bottom
"R45","3.9","0402-TIGHT",95.4151,-135.7376,90.0000,bottom
"R53","100k","0402-TIGHT",107.1626,-154.5336,180.0000,bottom
"R54","100k","0402-TIGHT",107.1626,-155.4861,0.0000,bottom
"R55","33k","0402-TIGHT",104.8893,-151.9301,-90.0000,bottom
"R57","10k","0402-TIGHT",105.4481,-132.3721,180.0000,bottom
"R58","3.9","0402-TIGHT",106.5911,-135.7376,90.0000,bottom
"R66","100k","0402-TIGHT",118.3386,-154.5336,180.0000,bottom
"R67","100k","0402-TIGHT",118.3386,-155.4861,0.0000,bottom
"R68","33k","0402-TIGHT",116.0653,-151.9301,-90.0000,bottom
"R70","10k","0402-TIGHT",116.6241,-132.3721,180.0000,bottom
"R71","3.9","0402-TIGHT",117.7671,-135.7376,90.0000,bottom
"R79","100k","0402-TIGHT",129.5146,-154.5336,180.0000,bottom
"R80","100k","0402-TIGHT",129.5146,-155.4861,0.0000,bottom
"R81","33k","0402-TIGHT",127.2413,-151.9301,-90.0000,bottom
"R83","10k","0402-TIGHT",127.8001,-132.3721,180.0000,bottom
"R84","3.9","0402-TIGHT",128.9431,-135.7376,90.0000,bottom
"R92","100k","0402-TIGHT",140.6906,-154.5336,180.0000,bottom
"R93","100k","0402-TIGHT",140.6906,-155.4861,0.0000,bottom
"R94","33k","0402-TIGHT",138.4173,-151.9301,-90.0000,bottom
"R96","10k","0402-TIGHT",138.9761,-132.3721,180.0000,bottom
"R97","3.9","0402-TIGHT",140.1191,-135.7376,90.0000,bottom
"R105","100k","0402-TIGHT",151.8666,-154.5336,180.0000,bottom
"R106","100k","0402-TIGHT",151.8666,-155.4861,0.0000,bottom
"R107","33k","0402-TIGHT",149.5933,-151.9301,-90.0000,bottom
"R109","10k","0402-TIGHT",150.1521,-132.3721,180.0000,bottom
"R110","3.9","0402-TIGHT",151.2951,-135.7376,90.0000,bottom
"R118","100k","0402-TIGHT",163.0426,-154.5336,180.0000,bottom
"R119","100k","0402-TIGHT",163.0426,-155.4861,0.0000,bottom
"R120","33k","0402-TIGHT",160.7693,-151.9301,-90.0000,bottom
"R122","10k","0402-TIGHT",161.3281,-132.3721,180.0000,bottom
"R123","3.9","0402-TIGHT",162.4711,-135.7376,90.0000,bottom
"R131","100k","0402-TIGHT",174.2186,-154.5336,180.0000,bottom
"R132","100k","0402-TIGHT",174.2186,-155.4861,0.0000,bottom
"R133","33k","0402-TIGHT",171.9453,-151.9301,-90.0000,bottom
"R135","10k","0402-TIGHT",172.5041,-132.3721,180.0000,bottom
"R136","3.9","0402-TIGHT",173.6471,-135.7376,90.0000,bottom
"R144","100k","0402-TIGHT",185.3946,-154.5336,180.0000,bottom
"R145","100k","0402-TIGHT",185.3946,-155.4861,0.0000,bottom
"R146","33k","0402-TIGHT",183.1213,-151.9301,-90.0000,bottom
"R148","10k","0402-TIGHT",183.6801,-132.3721,180.0000,bottom
"R149","3.9","0402-TIGHT",184.8231,-135.7376,90.0000,bottom
"R157","100k","0402-TIGHT",196.5706,-154.5336,180.0000,bottom
"R158","100k","0402-TIGHT",196.5706,-155.4861,0.0000,bottom
"R159","33k","0402-TIGHT",194.2973,-151.9301,-90.0000,bottom
"R161","10k","0402-TIGHT",194.8561,-132.3721,180.0000,bottom
"R162","3.9","0402-TIGHT",195.9991,-135.7376,90.0000,bottom
"R170","100k","0402-TIGHT",207.7466,-154.5336,180.0000,bottom
"R171","100k","0402-TIGHT",207.7466,-155.4861,0.0000,bottom
"R172","33k","0402-TIGHT",205.4733,-151.9301,-90.0000,bottom
"R174","10k","0402-TIGHT",206.0321,-132.3721,180.0000,bottom
"R175","3.9","0402-TIGHT",207.1751,-135.7376,90.0000,bottom
"R183","100k","0402-TIGHT",218.9226,-154.5336,180.0000,bottom
"R184","100k","0402-TIGHT",218.9226,-155.4861,0.0000,bottom
"R185","33k","0402-TIGHT",216.6493,-151.9301,-90.0000,bottom
"R187","10k","0402-TIGHT",217.2081,-132.3721,180.0000,bottom
"R188","3.9","0402-TIGHT",218.3511,-135.7376,90.0000,bottom
"R196","100k","0402-TIGHT",230.0986,-154.5336,180.0000,bottom
"R197","100k","0402-TIGHT",230.0986,-155.4861,0.0000,bottom
"R198","33k","0402-TIGHT",227.8253,-151.9301,-90.0000,bottom
"R200","10k","0402-TIGHT",228.3841,-132.3721,180.0000,bottom
"R201","3.9","0402-TIGHT",229.5271,-135.7376,90.0000,bottom
"R209","100k","0402-TIGHT",62.4586,-113.3856,180.0000,bottom
"R210","100k","0402-TIGHT",62.4586,-114.3381,0.0000,bottom
"R211","33k","0402-TIGHT",60.1853,-110.7821,-90.0000,bottom
"R213","10k","0402-TIGHT",60.7441,-91.2241,180.0000,bottom
"R214","3.9","0402-TIGHT",61.8871,-94.5896,90.0000,bottom
"R222","100k","0402-TIGHT",73.6346,-113.3856,180.0000,bottom
"R223","100k","0402-TIGHT",73.6346,-114.3381,0.0000,bottom
"R224","33k","0402-TIGHT",71.3613,-110.7821,-90.0000,bottom
"R226","10k","0402-TIGHT",71.9201,-91.2241,180.0000,bottom
"R227","3.9","0402-TIGHT",73.0631,-94.5896,90.0000,bottom
"R235","100k","0402-TIGHT",84.8106,-113.3856,180.0000,bottom
"R236","100k","0402-TIGHT",84.8106,-114.3381,0.0000,bottom
"R237","33k","0402-TIGHT",82.5373,-110.7821,-90.0000,bottom
"R239","10k","0402-TIGHT",83.0961,-91.2241,180.0000,bottom
"R240","3.9","0402-TIGHT",84.2391,-94.5896,90.0000,bottom
"R248","100k","0402-TIGHT",95.9866,-113.3856,180.0000,bottom
"R249","100k","0402-TIGHT",95.9866,-114.3381,0.0000,bottom
"R250","33k","0402-TIGHT",93.7133,-110.7821,-90.0000,bottom
"R252","10k","0402-TIGHT",94.2721,-91.2241,180.0000,bottom
"R253","3.9","0402-TIGHT",95.4151,-94.5896,90.0000,bottom
"R261","100k","0402-TIGHT",107.1626,-113.3856,180.0000,bottom
"R262","100k","0402-TIGHT",107.1626,-114.3381,0.0000,bottom
"R263","33k","0402-TIGHT",104.8893,-110.7821,-90.0000,bottom
"R265","10k","0402-TIGHT",105.4481,-91.2241,180.0000,bottom
"R266","3.9","0402-TIGHT",106.5911,-94.5896,90.0000,bottom
"R274","100k","0402-TIGHT",118.3386,-113.3856,180.0000,bottom
"R275","100k","0402-TIGHT",118.3386,-114.3381,0.0000,bottom
"R276","33k","0402-TIGHT",116.0653,-110.7821,-90.0000,bottom
"R278","10k","0402-TIGHT",116.6241,-91.2241,180.0000,bottom
"R279","3.9","0402-TIGHT",117.7671,-94.5896,90.0000,bottom
"R287","100k","0402-TIGHT",129.5146,-113.3856,180.0000,bottom
"R288","100k","0402-TIGHT",129.5146,-114.3381,0.0000,bottom
"R289","33k","0402-TIGHT",127.2413,-110.7821,-90.0000,bottom
"R291","10k","0402-TIGHT",127.8001,-91.2241,180.0000,bottom
"R292","3.9","0402-TIGHT",128.9431,-94.5896,90.0000,bottom
"R300","100k","0402-TIGHT",140.6906,-113.3856,180.0000,bottom
"R301","100k","0402-TIGHT",140.6906,-114.3381,0.0000,bottom
"R302","33k","0402-TIGHT",138.4173,-110.7821,-90.0000,bottom
"R304","10k","0402-TIGHT",138.9761,-91.2241,180.0000,bottom
"R305","3.9","0402-TIGHT",140.1191,-94.5896,90.0000,bottom
"R313","100k","0402-TIGHT",151.8666,-113.3856,180.0000,bottom
"R314","100k","0402-TIGHT",151.8666,-114.3381,0.0000,bottom
"R315","33k","0402-TIGHT",149.5933,-110.7821,-90.0000,bottom
"R317","10k","0402-TIGHT",150.1521,-91.2241,180.0000,bottom
"R318","3.9","0402-TIGHT",151.2951,-94.5896,90.0000,bottom
"R326","100k","0402-TIGHT",163.0426,-113.3856,180.0000,bottom
"R327","100k","0402-TIGHT",163.0426,-114.3381,0.0000,bottom
"R328","33k","0402-TIGHT",160.7693,-110.7821,-90.0000,bottom
"R330","10k","0402-TIGHT",161.3281,-91.2241,180.0000,bottom
"R331","3.9","0402-TIGHT",162.4711,-94.5896,90.0000,bottom
"R339","100k","0402-TIGHT",174.2186,-113.3856,180.0000,bottom
"R340","100k","0402-TIGHT",174.2186,-114.3381,0.0000,bottom
"R341","33k","0402-TIGHT",171.9453,-110.7821,-90.0000,bottom
"R343","10k","0402-TIGHT",172.5041,-91.2241,180.0000,bottom
"R344","3.9","0402-TIGHT",173.6471,-94.5896,90.0000,bottom
"R352","100k","0402-TIGHT",185.3946,-113.3856,180.0000,bottom
"R353","100k","0402-TIGHT",185.3946,-114.3381,0.0000,bottom
"R354","33k","0402-TIGHT",183.1213,-110.7821,-90.0000,bottom
"R356","10k","0402-TIGHT",183.6801,-91.2241,180.0000,bottom
"R357","3.9","0402-TIGHT",184.8231,-94.5896,90.0000,bottom
"R365","100k","0402-TIGHT",196.5706,-113.3856,180.0000,bottom
"R366","100k","0402-TIGHT",196.5706,-114.3381,0.0000,bottom
"R367","33k","0402-TIGHT",194.2973,-110.7821,-90.0000,bottom
"R369","10k","0402-TIGHT",194.8561,-91.2241,180.0000,bottom
"R370","3.9","0402-TIGHT",195.9991,-94.5896,90.0000,bottom
"R378","100k","0402-TIGHT",207.7466,-113.3856,180.0000,bottom
"R379","100k","0402-TIGHT",207.7466,-114.3381,0.0000,bottom
"R380","33k","0402-TIGHT",205.4733,-110.7821,-90.0000,bottom
"R382","10k","0402-TIGHT",206.0321,-91.2241,180.0000,bottom
"R383","3.9","0402-TIGHT",207.1751,-94.5896,90.0000,bottom
"R391","100k","0402-TIGHT",218.9226,-113.3856,180.0000,bottom
"R392","100k","0402-TIGHT",218.9226,-114.3381,0.0000,bottom
"R393","33k","0402-TIGHT",216.6493,-110.7821,-90.0000,bottom
"R395","10k","0402-TIGHT",217.2081,-91.2241,180.0000,bottom
"R396","3.9","0402-TIGHT",218.3511,-94.5896,90.0000,bottom
"R404","100k","0402-TIGHT",230.0986,-113.3856,180.0000,bottom
"R405","100k","0402-TIGHT",230.0986,-114.3381,0.0000,bottom
"R406","33k","0402-TIGHT",227.8253,-110.7821,-90.0000,bottom
"R408","10k","0402-TIGHT",228.3841,-91.2241,180.0000,bottom
"R409","3.9","0402-TIGHT",229.5271,-94.5896,90.0000,bottom
"R417","100k","0402-TIGHT",62.4586,-72.2376,180.0000,bottom
"R418","100k","0402-TIGHT",62.4586,-73.1901,0.0000,bottom
"R419","33k","0402-TIGHT",60.1853,-69.6341,-90.0000,bottom
"R421","10k","0402-TIGHT",60.7441,-50.0761,180.0000,bottom
"R422","3.9","0402-TIGHT",61.8871,-53.4416,90.0000,bottom
"R430","100k","0402-TIGHT",73.6346,-72.2376,180.0000,bottom
"R431","100k","0402-TIGHT",73.6346,-73.1901,0.0000,bottom
"R432","33k","0402-TIGHT",71.3613,-69.6341,-90.0000,bottom
"R434","10k","0402-TIGHT",71.9201,-50.0761,180.0000,bottom
"R435","3.9","0402-TIGHT",73.0631,-53.4416,90.0000,bottom
"R443","100k","0402-TIGHT",84.8106,-72.2376,180.0000,bottom
"R444","100k","0402-TIGHT",84.8106,-73.1901,0.0000,bottom
"R445","33k","0402-TIGHT",82.5373,-69.6341,-90.0000,bottom
"R447","10k","0402-TIGHT",83.0961,-50.0761,180.0000,bottom
"R448","3.9","0402-TIGHT",84.2391,-53.4416,90.0000,bottom
"R456","100k","0402-TIGHT",95.9866,-72.2376,180.0000,bottom
"R457","100k","0402-TIGHT",95.9866,-73.1901,0.0000,bottom
"R458","33k","0402-TIGHT",93.7133,-69.6341,-90.0000,bottom
"R460","10k","0402-TIGHT",94.2721,-50.0761,180.0000,bottom
"R461","3.9","0402-TIGHT",95.4151,-53.4416,90.0000,bottom
"R469","100k","0402-TIGHT",107.1626,-72.2376,180.0000,bottom
"R470","100k","0402-TIGHT",107.1626,-73.1901,0.0000,bottom
"R471","33k","0402-TIGHT",104.8893,-69.6341,-90.0000,bottom
"R473","10k","0402-TIGHT",105.4481,-50.0761,180.0000,bottom
"R474","3.9","0402-TIGHT",106.5911,-53.4416,90.0000,bottom
"R482","100k","0402-TIGHT",118.3386,-72.2376,180.0000,bottom
"R483","100k","0402-TIGHT",118.3386,-73.1901,0.0000,bottom
"R484","33k","0402-TIGHT",116.0653,-69.6341,-90.0000,bottom
"R486","10k","0402-TIGHT",116.6241,-50.0761,180.0000,bottom
"R487","3.9","0402-TIGHT",117.7671,-53.4416,90.0000,bottom
"R495","100k","0402-TIGHT",129.5146,-72.2376,180.0000,bottom
"R496","100k","0402-TIGHT",129.5146,-73.1901,0.0000,bottom
"R497","33k","0402-TIGHT",127.2413,-69.6341,-90.0000,bottom
"R499","10k","0402-TIGHT",127.8001,-50.0761,180.0000,bottom
"R500","3.9","0402-TIGHT",128.9431,-53.4416,90.0000,bottom
"R508","100k","0402-TIGHT",140.6906,-72.2376,180.0000,bottom
"R509","100k","0402-TIGHT",140.6906,-73.1901,0.0000,bottom
"R510","33k","0402-TIGHT",138.4173,-69.6341,-90.0000,bottom
"R512","10k","0402-TIGHT",138.9761,-50.0761,180.0000,bottom
"R513","3.9","0402-TIGHT",140.1191,-53.4416,90.0000,bottom
"R521","100k","0402-TIGHT",151.8666,-72.2376,180.0000,bottom
"R522","100k","0402-TIGHT",151.8666,-73.1901,0.0000,bottom
"R523","33k","0402-TIGHT",149.5933,-69.6341,-90.0000,bottom
"R525","10k","0402-TIGHT",150.1521,-50.0761,180.0000,bottom
"R526","3.9","0402-TIGHT",151.2951,-53.4416,90.0000,bottom
"R534","100k","0402-TIGHT",163.0426,-72.2376,180.0000,bottom
"R535","100k","0402-TIGHT",163.0426,-73.1901,0.0000,bottom
"R536","33k","0402-TIGHT",160.7693,-69.6341,-90.0000,bottom
"R538","10k","0402-TIGHT",161.3281,-50.0761,180.0000,bottom
"R539","3.9","0402-TIGHT",162.4711,-53.4416,90.0000,bottom
"R547","100k","0402-TIGHT",174.2186,-72.2376,180.0000,bottom
"R548","100k","0402-TIGHT",174.2186,-73.1901,0.0000,bottom
"R549","33k","0402-TIGHT",171.9453,-69.6341,-90.0000,bottom
"R551","10k","0402-TIGHT",172.5041,-50.0761,180.0000,bottom
"R552","3.9","0402-TIGHT",173.6471,-53.4416,90.0000,bottom
"R560","100k","0402-TIGHT",185.3946,-72.2376,180.0000,bottom
"R561","100k","0402-TIGHT",185.3946,-73.1901,0.0000,bottom
"R562","33k","0402-TIGHT",183.1213,-69.6341,-90.0000,bottom
"R564","10k","0402-TIGHT",183.6801,-50.0761,180.0000,bottom
"R565","3.9","0402-TIGHT",184.8231,-53.4416,90.0000,bottom
"R573","100k","0402-TIGHT",196.5706,-72.2376,180.0000,bottom
"R574","100k","0402-TIGHT",196.5706,-73.1901,0.0000,bottom
"R575","33k","0402-TIGHT",194.2973,-69.6341,-90.0000,bottom
"R577","10k","0402-TIGHT",194.8561,-50.0761,180.0000,bottom
"R578","3.9","0402-TIGHT",195.9991,-53.4416,90.0000,bottom
"R586","100k","0402-TIGHT",207.7466,-72.2376,180.0000,bottom
"R587","100k","0402-TIGHT",207.7466,-73.1901,0.0000,bottom
"R588","33k","0402-TIGHT",205.4733,-69.6341,-90.0000,bottom
"R590","10k","0402-TIGHT",206.0321,-50.0761,180.0000,bottom
"R591","3.9","0402-TIGHT",207.1751,-53.4416,90.0000,bottom
"R599","100k","0402-TIGHT",218.9226,-72.2376,180.0000,bottom
"R600","100k","0402-TIGHT",218.9226,-73.1901,0.0000,bottom
"R601","33k","0402-TIGHT",216.6493,-69.6341,-90.0000,bottom
"R603","10k","0402-TIGHT",217.2081,-50.0761,180.0000,bottom
"R604","3.9","0402-TIGHT",218.3511,-53.4416,90.0000,bottom
"R612","100k","0402-TIGHT",230.0986,-72.2376,180.0000,bottom
"R613","100k","0402-TIGHT",230.0986,-73.1901,0.0000,bottom
"R614","33k","0402-TIGHT",227.8253,-69.6341,-90.0000,bottom
"R616","10k","0402-TIGHT",228.3841,-50.0761,180.0000,bottom
"R617","3.9","0402-TIGHT",229.5271,-53.4416,90.0000,bottom
"U2","1.8V/100mA","SC70",60.7441,-158.3436,180.0000,bottom
"U6","3.0V","SOT23-5",68.4276,-136.3726,0.0000,bottom
"U7","SST25VF020BUSON","USON_3X2MM",67.3481,-153.8986,180.0000,bottom
"U8","PCA9536","MSOP8",64.6811,-163.2966,180.0000,bottom
"U12","1.8V/100mA","SC70",71.9201,-158.3436,180.0000,bottom
"U13","3.0V","SOT23-5",79.6036,-136.3726,0.0000,bottom
"U15","SST25VF020BUSON","USON_3X2MM",78.5241,-153.8986,180.0000,bottom
"U16","PCA9536","MSOP8",75.8571,-163.2966,180.0000,bottom
"U20","1.8V/100mA","SC70",83.0961,-158.3436,180.0000,bottom
"U21","3.0V","SOT23-5",90.7796,-136.3726,0.0000,bottom
"U23","SST25VF020BUSON","USON_3X2MM",89.7001,-153.8986,180.0000,bottom
"U24","PCA9536","MSOP8",87.0331,-163.2966,180.0000,bottom
"U28","1.8V/100mA","SC70",94.2721,-158.3436,180.0000,bottom
"U29","3.0V","SOT23-5",101.9556,-136.3726,0.0000,bottom
"U31","SST25VF020BUSON","USON_3X2MM",100.8761,-153.8986,180.0000,bottom
"U32","PCA9536","MSOP8",98.2091,-163.2966,180.0000,bottom
"U36","1.8V/100mA","SC70",105.4481,-158.3436,180.0000,bottom
"U37","3.0V","SOT23-5",113.1316,-136.3726,0.0000,bottom
"U39","SST25VF020BUSON","USON_3X2MM",112.0521,-153.8986,180.0000,bottom
"U40","PCA9536","MSOP8",109.3851,-163.2966,180.0000,bottom
"U44","1.8V/100mA","SC70",116.6241,-158.3436,180.0000,bottom
"U45","3.0V","SOT23-5",124.3076,-136.3726,0.0000,bottom
"U47","SST25VF020BUSON","USON_3X2MM",123.2281,-153.8986,180.0000,bottom
"U48","PCA9536","MSOP8",120.5611,-163.2966,180.0000,bottom
"U52","1.8V/100mA","SC70",127.8001,-158.3436,180.0000,bottom
"U53","3.0V","SOT23-5",135.4836,-136.3726,0.0000,bottom
"U55","SST25VF020BUSON","USON_3X2MM",134.4041,-153.8986,180.0000,bottom
"U56","PCA9536","MSOP8",131.7371,-163.2966,180.0000,bottom
"U60","1.8V/100mA","SC70",138.9761,-158.3436,180.0000,bottom
"U61","3.0V","SOT23-5",146.6596,-136.3726,0.0000,bottom
"U63","SST25VF020BUSON","USON_3X2MM",145.5801,-153.8986,180.0000,bottom
"U64","PCA9536","MSOP8",142.9131,-163.2966,180.0000,bottom
"U68","1.8V/100mA","SC70",150.1521,-158.3436,180.0000,bottom
"U69","3.0V","SOT23-5",157.8356,-136.3726,0.0000,bottom
"U71","SST25VF020BUSON","USON_3X2MM",156.7561,-153.8986,180.0000,bottom
"U72","PCA9536","MSOP8",154.0891,-163.2966,180.0000,bottom
"U76","1.8V/100mA","SC70",161.3281,-158.3436,180.0000,bottom
"U77","3.0V","SOT23-5",169.0116,-136.3726,0.0000,bottom
"U79","SST25VF020BUSON","USON_3X2MM",167.9321,-153.8986,180.0000,bottom
"U80","PCA9536","MSOP8",165.2651,-163.2966,180.0000,bottom
"U84","1.8V/100mA","SC70",172.5041,-158.3436,180.0000,bottom
"U85","3.0V","SOT23-5",180.1876,-136.3726,0.0000,bottom
"U87","SST25VF020BUSON","USON_3X2MM",179.1081,-153.8986,180.0000,bottom
"U88","PCA9536","MSOP8",176.4411,-163.2966,180.0000,bottom
"U92","1.8V/100mA","SC70",183.6801,-158.3436,180.0000,bottom
"U93","3.0V","SOT23-5",191.3636,-136.3726,0.0000,bottom
"U95","SST25VF020BUSON","USON_3X2MM",190.2841,-153.8986,180.0000,bottom
"U96","PCA9536","MSOP8",187.6171,-163.2966,180.0000,bottom
"U100","1.8V/100mA","SC70",194.8561,-158.3436,180.0000,bottom
"U101","3.0V","SOT23-5",202.5396,-136.3726,0.0000,bottom
"U103","SST25VF020BUSON","USON_3X2MM",201.4601,-153.8986,180.0000,bottom
"U104","PCA9536","MSOP8",198.7931,-163.2966,180.0000,bottom
"U108","1.8V/100mA","SC70",206.0321,-158.3436,180.0000,bottom
"U109","3.0V","SOT23-5",213.7156,-136.3726,0.0000,bottom
"U111","SST25VF020BUSON","USON_3X2MM",212.6361,-153.8986,180.0000,bottom
"U112","PCA9536","MSOP8",209.9691,-163.2966,180.0000,bottom
"U116","1.8V/100mA","SC70",217.2081,-158.3436,180.0000,bottom
"U117","3.0V","SOT23-5",224.8916,-136.3726,0.0000,bottom
"U119","SST25VF020BUSON","USON_3X2MM",223.8121,-153.8986,180.0000,bottom
"U120","PCA9536","MSOP8",221.1451,-163.2966,180.0000,bottom
"U124","1.8V/100mA","SC70",228.3841,-158.3436,180.0000,bottom
"U125","3.0V","SOT23-5",236.0676,-136.3726,0.0000,bottom
"U127","SST25VF020BUSON","USON_3X2MM",234.9881,-153.8986,180.0000,bottom
"U128","PCA9536","MSOP8",232.3211,-163.2966,180.0000,bottom
"U132","1.8V/100mA","SC70",60.7441,-117.1956,180.0000,bottom
"U133","3.0V","SOT23-5",68.4276,-95.2246,0.0000,bottom
"U135","SST25VF020BUSON","USON_3X2MM",67.3481,-112.7506,180.0000,bottom
"U136","PCA9536","MSOP8",64.6811,-122.1486,180.0000,bottom
"U140","1.8V/100mA","SC70",71.9201,-117.1956,180.0000,bottom
"U141","3.0V","SOT23-5",79.6036,-95.2246,0.0000,bottom
"U143","SST25VF020BUSON","USON_3X2MM",78.5241,-112.7506,180.0000,bottom
"U144","PCA9536","MSOP8",75.8571,-122.1486,180.0000,bottom
"U148","1.8V/100mA","SC70",83.0961,-117.1956,180.0000,bottom
"U149","3.0V","SOT23-5",90.7796,-95.2246,0.0000,bottom
"U151","SST25VF020BUSON","USON_3X2MM",89.7001,-112.7506,180.0000,bottom
"U152","PCA9536","MSOP8",87.0331,-122.1486,180.0000,bottom
"U156","1.8V/100mA","SC70",94.2721,-117.1956,180.0000,bottom
"U157","3.0V","SOT23-5",101.9556,-95.2246,0.0000,bottom
"U159","SST25VF020BUSON","USON_3X2MM",100.8761,-112.7506,180.0000,bottom
"U160","PCA9536","MSOP8",98.2091,-122.1486,180.0000,bottom
"U164","1.8V/100mA","SC70",105.4481,-117.1956,180.0000,bottom
"U165","3.0V","SOT23-5",113.1316,-95.2246,0.0000,bottom
"U167","SST25VF020BUSON","USON_3X2MM",112.0521,-112.7506,180.0000,bottom
"U168","PCA9536","MSOP8",109.3851,-122.1486,180.0000,bottom
"U172","1.8V/100mA","SC70",116.6241,-117.1956,180.0000,bottom
"U173","3.0V","SOT23-5",124.3076,-95.2246,0.0000,bottom
"U175","SST25VF020BUSON","USON_3X2MM",123.2281,-112.7506,180.0000,bottom
"U176","PCA9536","MSOP8",120.5611,-122.1486,180.0000,bottom
"U180","1.8V/100mA","SC70",127.8001,-117.1956,180.0000,bottom
"U181","3.0V","SOT23-5",135.4836,-95.2246,0.0000,bottom
"U183","SST25VF020BUSON","USON_3X2MM",134.4041,-112.7506,180.0000,bottom
"U184","PCA9536","MSOP8",131.7371,-122.1486,180.0000,bottom
"U188","1.8V/100mA","SC70",138.9761,-117.1956,180.0000,bottom
"U189","3.0V","SOT23-5",146.6596,-95.2246,0.0000,bottom
"U191","SST25VF020BUSON","USON_3X2MM",145.5801,-112.7506,180.0000,bottom
"U192","PCA9536","MSOP8",142.9131,-122.1486,180.0000,bottom
"U196","1.8V/100mA","SC70",150.1521,-117.1956,180.0000,bottom
"U197","3.0V","SOT23-5",157.8356,-95.2246,0.0000,bottom
"U199","SST25VF020BUSON","USON_3X2MM",156.7561,-112.7506,180.0000,bottom
"U200","PCA9536","MSOP8",154.0891,-122.1486,180.0000,bottom
"U204","1.8V/100mA","SC70",161.3281,-117.1956,180.0000,bottom
"U205","3.0V","SOT23-5",169.0116,-95.2246,0.0000,bottom
"U207","SST25VF020BUSON","USON_3X2MM",167.9321,-112.7506,180.0000,bottom
"U208","PCA9536","MSOP8",165.2651,-122.1486,180.0000,bottom
"U212","1.8V/100mA","SC70",172.5041,-117.1956,180.0000,bottom
"U213","3.0V","SOT23-5",180.1876,-95.2246,0.0000,bottom
"U215","SST25VF020BUSON","USON_3X2MM",179.1081,-112.7506,180.0000,bottom
"U216","PCA9536","MSOP8",176.4411,-122.1486,180.0000,bottom
"U220","1.8V/100mA","SC70",183.6801,-117.1956,180.0000,bottom
"U221","3.0V","SOT23-5",191.3636,-95.2246,0.0000,bottom
"U223","SST25VF020BUSON","USON_3X2MM",190.2841,-112.7506,180.0000,bottom
"U224","PCA9536","MSOP8",187.6171,-122.1486,180.0000,bottom
"U228","1.8V/100mA","SC70",194.8561,-117.1956,180.0000,bottom
"U229","3.0V","SOT23-5",202.5396,-95.2246,0.0000,bottom
"U231","SST25VF020BUSON","USON_3X2MM",201.4601,-112.7506,180.0000,bottom
"U232","PCA9536","MSOP8",198.7931,-122.1486,180.0000,bottom
"U236","1.8V/100mA","SC70",206.0321,-117.1956,180.0000,bottom
"U237","3.0V","SOT23-5",213.7156,-95.2246,0.0000,bottom
"U239","SST25VF020BUSON","USON_3X2MM",212.6361,-112.7506,180.0000,bottom
"U240","PCA9536","MSOP8",209.9691,-122.1486,180.0000,bottom
"U244","1.8V/100mA","SC70",217.2081,-117.1956,180.0000,bottom
"U245","3.0V","SOT23-5",224.8916,-95.2246,0.0000,bottom
"U247","SST25VF020BUSON","USON_3X2MM",223.8121,-112.7506,180.0000,bottom
"U248","PCA9536","MSOP8",221.1451,-122.1486,180.0000,bottom
"U252","1.8V/100mA","SC70",228.3841,-117.1956,180.0000,bottom
"U253","3.0V","SOT23-5",236.0676,-95.2246,0.0000,bottom
"U255","SST25VF020BUSON","USON_3X2MM",234.9881,-112.7506,180.0000,bottom
"U256","PCA9536","MSOP8",232.3211,-122.1486,180.0000,bottom
"U260","1.8V/100mA","SC70",60.7441,-76.0476,180.0000,bottom
"U261","3.0V","SOT23-5",68.4276,-54.0766,0.0000,bottom
"U263","SST25VF020BUSON","USON_3X2MM",67.3481,-71.6026,180.0000,bottom
"U264","PCA9536","MSOP8",64.6811,-81.0006,180.0000,bottom
"U268","1.8V/100mA","SC70",71.9201,-76.0476,180.0000,bottom
"U269","3.0V","SOT23-5",79.6036,-54.0766,0.0000,bottom
"U271","SST25VF020BUSON","USON_3X2MM",78.5241,-71.6026,180.0000,bottom
"U272","PCA9536","MSOP8",75.8571,-81.0006,180.0000,bottom
"U276","1.8V/100mA","SC70",83.0961,-76.0476,180.0000,bottom
"U277","3.0V","SOT23-5",90.7796,-54.0766,0.0000,bottom
"U279","SST25VF020BUSON","USON_3X2MM",89.7001,-71.6026,180.0000,bottom
"U280","PCA9536","MSOP8",87.0331,-81.0006,180.0000,bottom
"U284","1.8V/100mA","SC70",94.2721,-76.0476,180.0000,bottom
"U285","3.0V","SOT23-5",101.9556,-54.0766,0.0000,bottom
"U287","SST25VF020BUSON","USON_3X2MM",100.8761,-71.6026,180.0000,bottom
"U288","PCA9536","MSOP8",98.2091,-81.0006,180.0000,bottom
"U292","1.8V/100mA","SC70",105.4481,-76.0476,180.0000,bottom
"U293","3.0V","SOT23-5",113.1316,-54.0766,0.0000,bottom
"U295","SST25VF020BUSON","USON_3X2MM",112.0521,-71.6026,180.0000,bottom
"U296","PCA9536","MSOP8",109.3851,-81.0006,180.0000,bottom
"U300","1.8V/100mA","SC70",116.6241,-76.0476,180.0000,bottom
"U301","3.0V","SOT23-5",124.3076,-54.0766,0.0000,bottom
"U303","SST25VF020BUSON","USON_3X2MM",123.2281,-71.6026,180.0000,bottom
"U304","PCA9536","MSOP8",120.5611,-81.0006,180.0000,bottom
"U308","1.8V/100mA","SC70",127.8001,-76.0476,180.0000,bottom
"U309","3.0V","SOT23-5",135.4836,-54.0766,0.0000,bottom
"U311","SST25VF020BUSON","USON_3X2MM",134.4041,-71.6026,180.0000,bottom
"U312","PCA9536","MSOP8",131.7371,-81.0006,180.0000,bottom
"U316","1.8V/100mA","SC70",138.9761,-76.0476,180.0000,bottom
"U317","3.0V","SOT23-5",146.6596,-54.0766,0.0000,bottom
"U319","SST25VF020BUSON","USON_3X2MM",145.5801,-71.6026,180.0000,bottom
"U320","PCA9536","MSOP8",142.9131,-81.0006,180.0000,bottom
"U324","1.8V/100mA","SC70",150.1521,-76.0476,180.0000,bottom
"U325","3.0V","SOT23-5",157.8356,-54.0766,0.0000,bottom
"U327","SST25VF020BUSON","USON_3X2MM",156.7561,-71.6026,180.0000,bottom
"U328","PCA9536","MSOP8",154.0891,-81.0006,180.0000,bottom
"U332","1.8V/100mA","SC70",161.3281,-76.0476,180.0000,bottom
"U333","3.0V","SOT23-5",169.0116,-54.0766,0.0000,bottom
"U335","SST25VF020BUSON","USON_3X2MM",167.9321,-71.6026,180.0000,bottom
"U336","PCA9536","MSOP8",165.2651,-81.0006,180.0000,bottom
"U340","1.8V/100mA","SC70",172.5041,-76.0476,180.0000,bottom
"U341","3.0V","SOT23-5",180.1876,-54.0766,0.0000,bottom
"U343","SST25VF020BUSON","USON_3X2MM",179.1081,-71.6026,180.0000,bottom
"U344","PCA9536","MSOP8",176.4411,-81.0006,180.0000,bottom
"U348","1.8V/100mA","SC70",183.6801,-76.0476,180.0000,bottom
"U349","3.0V","SOT23-5",191.3636,-54.0766,0.0000,bottom
"U351","SST25VF020BUSON","USON_3X2MM",190.2841,-71.6026,180.0000,bottom
"U352","PCA9536","MSOP8",187.6171,-81.0006,180.0000,bottom
"U356","1.8V/100mA","SC70",194.8561,-76.0476,180.0000,bottom
"U357","3.0V","SOT23-5",202.5396,-54.0766,0.0000,bottom
"U359","SST25VF020BUSON","USON_3X2MM",201.4601,-71.6026,180.0000,bottom
"U360","PCA9536","MSOP8",198.7931,-81.0006,180.0000,bottom
"U364","1.8V/100mA","SC70",206.0321,-76.0476,180.0000,bottom
"U365","3.0V","SOT23-5",213.7156,-54.0766,0.0000,bottom
"U367","SST25VF020BUSON","USON_3X2MM",212.6361,-71.6026,180.0000,bottom
"U368","PCA9536","MSOP8",209.9691,-81.0006,180.0000,bottom
"U372","1.8V/100mA","SC70",217.2081,-76.0476,180.0000,bottom
"U373","3.0V","SOT23-5",224.8916,-54.0766,0.0000,bottom
"U375","SST25VF020BUSON","USON_3X2MM",223.8121,-71.6026,180.0000,bottom
"U376","PCA9536","MSOP8",221.1451,-81.0006,180.0000,bottom
"U380","1.8V/100mA","SC70",228.3841,-76.0476,180.0000,bottom
"U381","3.0V","SOT23-5",236.0676,-54.0766,0.0000,bottom
"U383","SST25VF020BUSON","USON_3X2MM",234.9881,-71.6026,180.0000,bottom
"U384","PCA9536","MSOP8",232.3211,-81.0006,180.0000,bottom
"U$3","SMOL_LOGOSMALL","SMOL_SMALL",64.6811,-130.6576,180.0000,bottom
"U$4","SPARKX-LOGO3","SPARKX-SMALL",64.6811,-140.3731,180.0000,bottom
"U$5","SPARKX-LOGO3","SPARKX-SMALL",75.8571,-140.3731,180.0000,bottom
"U$7","","IN0",64.6811,-132.1816,180.0000,bottom
"U$10","","SM�L_ARTIC_R20",64.6811,-142.0241,180.0000,bottom
"U$13","SMOL_LOGOSMALL","SMOL_SMALL",75.8571,-130.6576,180.0000,bottom
"U$14","","IN0",75.8571,-132.1816,180.0000,bottom
"U$16","","SM�L_ARTIC_R20",75.8571,-142.0241,180.0000,bottom
"U$17","SPARKX-LOGO3","SPARKX-SMALL",87.0331,-140.3731,180.0000,bottom
"U$21","SMOL_LOGOSMALL","SMOL_SMALL",87.0331,-130.6576,180.0000,bottom
"U$22","","IN0",87.0331,-132.1816,180.0000,bottom
"U$24","","SM�L_ARTIC_R20",87.0331,-142.0241,180.0000,bottom
"U$25","SPARKX-LOGO3","SPARKX-SMALL",98.2091,-140.3731,180.0000,bottom
"U$29","SMOL_LOGOSMALL","SMOL_SMALL",98.2091,-130.6576,180.0000,bottom
"U$30","","IN0",98.2091,-132.1816,180.0000,bottom
"U$32","","SM�L_ARTIC_R20",98.2091,-142.0241,180.0000,bottom
"U$33","SPARKX-LOGO3","SPARKX-SMALL",109.3851,-140.3731,180.0000,bottom
"U$37","SMOL_LOGOSMALL","SMOL_SMALL",109.3851,-130.6576,180.0000,bottom
"U$38","","IN0",109.3851,-132.1816,180.0000,bottom
"U$40","","SM�L_ARTIC_R20",109.3851,-142.0241,180.0000,bottom
"U$41","SPARKX-LOGO3","SPARKX-SMALL",120.5611,-140.3731,180.0000,bottom
"U$45","SMOL_LOGOSMALL","SMOL_SMALL",120.5611,-130.6576,180.0000,bottom
"U$46","","IN0",120.5611,-132.1816,180.0000,bottom
"U$48","","SM�L_ARTIC_R20",120.5611,-142.0241,180.0000,bottom
"U$49","SPARKX-LOGO3","SPARKX-SMALL",131.7371,-140.3731,180.0000,bottom
"U$53","SMOL_LOGOSMALL","SMOL_SMALL",131.7371,-130.6576,180.0000,bottom
"U$54","","IN0",131.7371,-132.1816,180.0000,bottom
"U$56","","SM�L_ARTIC_R20",131.7371,-142.0241,180.0000,bottom
"U$57","SPARKX-LOGO3","SPARKX-SMALL",142.9131,-140.3731,180.0000,bottom
"U$61","SMOL_LOGOSMALL","SMOL_SMALL",142.9131,-130.6576,180.0000,bottom
"U$62","","IN0",142.9131,-132.1816,180.0000,bottom
"U$64","","SM�L_ARTIC_R20",142.9131,-142.0241,180.0000,bottom
"U$65","SPARKX-LOGO3","SPARKX-SMALL",154.0891,-140.3731,180.0000,bottom
"U$69","SMOL_LOGOSMALL","SMOL_SMALL",154.0891,-130.6576,180.0000,bottom
"U$70","","IN0",154.0891,-132.1816,180.0000,bottom
"U$72","","SM�L_ARTIC_R20",154.0891,-142.0241,180.0000,bottom
"U$73","SPARKX-LOGO3","SPARKX-SMALL",165.2651,-140.3731,180.0000,bottom
"U$77","SMOL_LOGOSMALL","SMOL_SMALL",165.2651,-130.6576,180.0000,bottom
"U$78","","IN0",165.2651,-132.1816,180.0000,bottom
"U$80","","SM�L_ARTIC_R20",165.2651,-142.0241,180.0000,bottom
"U$81","SPARKX-LOGO3","SPARKX-SMALL",176.4411,-140.3731,180.0000,bottom
"U$85","SMOL_LOGOSMALL","SMOL_SMALL",176.4411,-130.6576,180.0000,bottom
"U$86","","IN0",176.4411,-132.1816,180.0000,bottom
"U$88","","SM�L_ARTIC_R20",176.4411,-142.0241,180.0000,bottom
"U$89","SPARKX-LOGO3","SPARKX-SMALL",187.6171,-140.3731,180.0000,bottom
"U$93","SMOL_LOGOSMALL","SMOL_SMALL",187.6171,-130.6576,180.0000,bottom
"U$94","","IN0",187.6171,-132.1816,180.0000,bottom
"U$96","","SM�L_ARTIC_R20",187.6171,-142.0241,180.0000,bottom
"U$97","SPARKX-LOGO3","SPARKX-SMALL",198.7931,-140.3731,180.0000,bottom
"U$101","SMOL_LOGOSMALL","SMOL_SMALL",198.7931,-130.6576,180.0000,bottom
"U$102","","IN0",198.7931,-132.1816,180.0000,bottom
"U$104","","SM�L_ARTIC_R20",198.7931,-142.0241,180.0000,bottom
"U$105","SPARKX-LOGO3","SPARKX-SMALL",209.9691,-140.3731,180.0000,bottom
"U$109","SMOL_LOGOSMALL","SMOL_SMALL",209.9691,-130.6576,180.0000,bottom
"U$110","","IN0",209.9691,-132.1816,180.0000,bottom
"U$112","","SM�L_ARTIC_R20",209.9691,-142.0241,180.0000,bottom
"U$113","SPARKX-LOGO3","SPARKX-SMALL",221.1451,-140.3731,180.0000,bottom
"U$117","SMOL_LOGOSMALL","SMOL_SMALL",221.1451,-130.6576,180.0000,bottom
"U$118","","IN0",221.1451,-132.1816,180.0000,bottom
"U$120","","SM�L_ARTIC_R20",221.1451,-142.0241,180.0000,bottom
"U$121","SPARKX-LOGO3","SPARKX-SMALL",232.3211,-140.3731,180.0000,bottom
"U$125","SMOL_LOGOSMALL","SMOL_SMALL",232.3211,-130.6576,180.0000,bottom
"U$126","","IN0",232.3211,-132.1816,180.0000,bottom
"U$128","","SM�L_ARTIC_R20",232.3211,-142.0241,180.0000,bottom
"U$129","SPARKX-LOGO3","SPARKX-SMALL",64.6811,-99.2251,180.0000,bottom
"U$133","SMOL_LOGOSMALL","SMOL_SMALL",64.6811,-89.5096,180.0000,bottom
"U$134","","IN0",64.6811,-91.0336,180.0000,bottom
"U$136","","SM�L_ARTIC_R20",64.6811,-100.8761,180.0000,bottom
"U$137","SPARKX-LOGO3","SPARKX-SMALL",75.8571,-99.2251,180.0000,bottom
"U$141","SMOL_LOGOSMALL","SMOL_SMALL",75.8571,-89.5096,180.0000,bottom
"U$142","","IN0",75.8571,-91.0336,180.0000,bottom
"U$144","","SM�L_ARTIC_R20",75.8571,-100.8761,180.0000,bottom
"U$145","SPARKX-LOGO3","SPARKX-SMALL",87.0331,-99.2251,180.0000,bottom
"U$149","SMOL_LOGOSMALL","SMOL_SMALL",87.0331,-89.5096,180.0000,bottom
"U$150","","IN0",87.0331,-91.0336,180.0000,bottom
"U$152","","SM�L_ARTIC_R20",87.0331,-100.8761,180.0000,bottom
"U$153","SPARKX-LOGO3","SPARKX-SMALL",98.2091,-99.2251,180.0000,bottom
"U$157","SMOL_LOGOSMALL","SMOL_SMALL",98.2091,-89.5096,180.0000,bottom
"U$158","","IN0",98.2091,-91.0336,180.0000,bottom
"U$160","","SM�L_ARTIC_R20",98.2091,-100.8761,180.0000,bottom
"U$161","SPARKX-LOGO3","SPARKX-SMALL",109.3851,-99.2251,180.0000,bottom
"U$165","SMOL_LOGOSMALL","SMOL_SMALL",109.3851,-89.5096,180.0000,bottom
"U$166","","IN0",109.3851,-91.0336,180.0000,bottom
"U$168","","SM�L_ARTIC_R20",109.3851,-100.8761,180.0000,bottom
"U$169","SPARKX-LOGO3","SPARKX-SMALL",120.5611,-99.2251,180.0000,bottom
"U$173","SMOL_LOGOSMALL","SMOL_SMALL",120.5611,-89.5096,180.0000,bottom
"U$174","","IN0",120.5611,-91.0336,180.0000,bottom
"U$176","","SM�L_ARTIC_R20",120.5611,-100.8761,180.0000,bottom
"U$177","SPARKX-LOGO3","SPARKX-SMALL",131.7371,-99.2251,180.0000,bottom
"U$181","SMOL_LOGOSMALL","SMOL_SMALL",131.7371,-89.5096,180.0000,bottom
"U$182","","IN0",131.7371,-91.0336,180.0000,bottom
"U$184","","SM�L_ARTIC_R20",131.7371,-100.8761,180.0000,bottom
"U$185","SPARKX-LOGO3","SPARKX-SMALL",142.9131,-99.2251,180.0000,bottom
"U$189","SMOL_LOGOSMALL","SMOL_SMALL",142.9131,-89.5096,180.0000,bottom
"U$190","","IN0",142.9131,-91.0336,180.0000,bottom
"U$192","","SM�L_ARTIC_R20",142.9131,-100.8761,180.0000,bottom
"U$193","SPARKX-LOGO3","SPARKX-SMALL",154.0891,-99.2251,180.0000,bottom
"U$197","SMOL_LOGOSMALL","SMOL_SMALL",154.0891,-89.5096,180.0000,bottom
"U$198","","IN0",154.0891,-91.0336,180.0000,bottom
"U$200","","SM�L_ARTIC_R20",154.0891,-100.8761,180.0000,bottom
"U$201","SPARKX-LOGO3","SPARKX-SMALL",165.2651,-99.2251,180.0000,bottom
"U$205","SMOL_LOGOSMALL","SMOL_SMALL",165.2651,-89.5096,180.0000,bottom
"U$206","","IN0",165.2651,-91.0336,180.0000,bottom
"U$208","","SM�L_ARTIC_R20",165.2651,-100.8761,180.0000,bottom
"U$209","SPARKX-LOGO3","SPARKX-SMALL",176.4411,-99.2251,180.0000,bottom
"U$213","SMOL_LOGOSMALL","SMOL_SMALL",176.4411,-89.5096,180.0000,bottom
"U$214","","IN0",176.4411,-91.0336,180.0000,bottom
"U$216","","SM�L_ARTIC_R20",176.4411,-100.8761,180.0000,bottom
"U$217","SPARKX-LOGO3","SPARKX-SMALL",187.6171,-99.2251,180.0000,bottom
"U$221","SMOL_LOGOSMALL","SMOL_SMALL",187.6171,-89.5096,180.0000,bottom
"U$222","","IN0",187.6171,-91.0336,180.0000,bottom
"U$224","","SM�L_ARTIC_R20",187.6171,-100.8761,180.0000,bottom
"U$225","SPARKX-LOGO3","SPARKX-SMALL",198.7931,-99.2251,180.0000,bottom
"U$229","SMOL_LOGOSMALL","SMOL_SMALL",198.7931,-89.5096,180.0000,bottom
"U$230","","IN0",198.7931,-91.0336,180.0000,bottom
"U$232","","SM�L_ARTIC_R20",198.7931,-100.8761,180.0000,bottom
"U$233","SPARKX-LOGO3","SPARKX-SMALL",209.9691,-99.2251,180.0000,bottom
"U$237","SMOL_LOGOSMALL","SMOL_SMALL",209.9691,-89.5096,180.0000,bottom
"U$238","","IN0",209.9691,-91.0336,180.0000,bottom
"U$240","","SM�L_ARTIC_R20",209.9691,-100.8761,180.0000,bottom
"U$241","SPARKX-LOGO3","SPARKX-SMALL",221.1451,-99.2251,180.0000,bottom
"U$245","SMOL_LOGOSMALL","SMOL_SMALL",221.1451,-89.5096,180.0000,bottom
"U$246","","IN0",221.1451,-91.0336,180.0000,bottom
"U$248","","SM�L_ARTIC_R20",221.1451,-100.8761,180.0000,bottom
"U$249","SPARKX-LOGO3","SPARKX-SMALL",232.3211,-99.2251,180.0000,bottom
"U$253","SMOL_LOGOSMALL","SMOL_SMALL",232.3211,-89.5096,180.0000,bottom
"U$254","","IN0",232.3211,-91.0336,180.0000,bottom
"U$256","","SM�L_ARTIC_R20",232.3211,-100.8761,180.0000,bottom
"U$257","SPARKX-LOGO3","SPARKX-SMALL",64.6811,-58.0771,180.0000,bottom
"U$261","SMOL_LOGOSMALL","SMOL_SMALL",64.6811,-48.3616,180.0000,bottom
"U$262","","IN0",64.6811,-49.8856,180.0000,bottom
"U$264","","SM�L_ARTIC_R20",64.6811,-59.7281,180.0000,bottom
"U$265","SPARKX-LOGO3","SPARKX-SMALL",75.8571,-58.0771,180.0000,bottom
"U$269","SMOL_LOGOSMALL","SMOL_SMALL",75.8571,-48.3616,180.0000,bottom
"U$270","","IN0",75.8571,-49.8856,180.0000,bottom
"U$272","","SM�L_ARTIC_R20",75.8571,-59.7281,180.0000,bottom
"U$273","SPARKX-LOGO3","SPARKX-SMALL",87.0331,-58.0771,180.0000,bottom
"U$277","SMOL_LOGOSMALL","SMOL_SMALL",87.0331,-48.3616,180.0000,bottom
"U$278","","IN0",87.0331,-49.8856,180.0000,bottom
"U$280","","SM�L_ARTIC_R20",87.0331,-59.7281,180.0000,bottom
"U$281","SPARKX-LOGO3","SPARKX-SMALL",98.2091,-58.0771,180.0000,bottom
"U$285","SMOL_LOGOSMALL","SMOL_SMALL",98.2091,-48.3616,180.0000,bottom
"U$286","","IN0",98.2091,-49.8856,180.0000,bottom
"U$288","","SM�L_ARTIC_R20",98.2091,-59.7281,180.0000,bottom
"U$289","SPARKX-LOGO3","SPARKX-SMALL",109.3851,-58.0771,180.0000,bottom
"U$293","SMOL_LOGOSMALL","SMOL_SMALL",109.3851,-48.3616,180.0000,bottom
"U$294","","IN0",109.3851,-49.8856,180.0000,bottom
"U$296","","SM�L_ARTIC_R20",109.3851,-59.7281,180.0000,bottom
"U$297","SPARKX-LOGO3","SPARKX-SMALL",120.5611,-58.0771,180.0000,bottom
"U$301","SMOL_LOGOSMALL","SMOL_SMALL",120.5611,-48.3616,180.0000,bottom
"U$302","","IN0",120.5611,-49.8856,180.0000,bottom
"U$304","","SM�L_ARTIC_R20",120.5611,-59.7281,180.0000,bottom
"U$305","SPARKX-LOGO3","SPARKX-SMALL",131.7371,-58.0771,180.0000,bottom
"U$309","SMOL_LOGOSMALL","SMOL_SMALL",131.7371,-48.3616,180.0000,bottom
"U$310","","IN0",131.7371,-49.8856,180.0000,bottom
"U$312","","SM�L_ARTIC_R20",131.7371,-59.7281,180.0000,bottom
"U$313","SPARKX-LOGO3","SPARKX-SMALL",142.9131,-58.0771,180.0000,bottom
"U$317","SMOL_LOGOSMALL","SMOL_SMALL",142.9131,-48.3616,180.0000,bottom
"U$318","","IN0",142.9131,-49.8856,180.0000,bottom
"U$320","","SM�L_ARTIC_R20",142.9131,-59.7281,180.0000,bottom
"U$321","SPARKX-LOGO3","SPARKX-SMALL",154.0891,-58.0771,180.0000,bottom
"U$325","SMOL_LOGOSMALL","SMOL_SMALL",154.0891,-48.3616,180.0000,bottom
"U$326","","IN0",154.0891,-49.8856,180.0000,bottom
"U$328","","SM�L_ARTIC_R20",154.0891,-59.7281,180.0000,bottom
"U$329","SPARKX-LOGO3","SPARKX-SMALL",165.2651,-58.0771,180.0000,bottom
"U$333","SMOL_LOGOSMALL","SMOL_SMALL",165.2651,-48.3616,180.0000,bottom
"U$334","","IN0",165.2651,-49.8856,180.0000,bottom
"U$336","","SM�L_ARTIC_R20",165.2651,-59.7281,180.0000,bottom
"U$337","SPARKX-LOGO3","SPARKX-SMALL",176.4411,-58.0771,180.0000,bottom
"U$341","SMOL_LOGOSMALL","SMOL_SMALL",176.4411,-48.3616,180.0000,bottom
"U$342","","IN0",176.4411,-49.8856,180.0000,bottom
"U$344","","SM�L_ARTIC_R20",176.4411,-59.7281,180.0000,bottom
"U$345","SPARKX-LOGO3","SPARKX-SMALL",187.6171,-58.0771,180.0000,bottom
"U$349","SMOL_LOGOSMALL","SMOL_SMALL",187.6171,-48.3616,180.0000,bottom
"U$350","","IN0",187.6171,-49.8856,180.0000,bottom
"U$352","","SM�L_ARTIC_R20",187.6171,-59.7281,180.0000,bottom
"U$353","SPARKX-LOGO3","SPARKX-SMALL",198.7931,-58.0771,180.0000,bottom
"U$357","SMOL_LOGOSMALL","SMOL_SMALL",198.7931,-48.3616,180.0000,bottom
"U$358","","IN0",198.7931,-49.8856,180.0000,bottom
"U$360","","SM�L_ARTIC_R20",198.7931,-59.7281,180.0000,bottom
"U$361","SPARKX-LOGO3","SPARKX-SMALL",209.9691,-58.0771,180.0000,bottom
"U$365","SMOL_LOGOSMALL","SMOL_SMALL",209.9691,-48.3616,180.0000,bottom
"U$366","","IN0",209.9691,-49.8856,180.0000,bottom
"U$368","","SM�L_ARTIC_R20",209.9691,-59.7281,180.0000,bottom
"U$369","SPARKX-LOGO3","SPARKX-SMALL",221.1451,-58.0771,180.0000,bottom
"U$373","SMOL_LOGOSMALL","SMOL_SMALL",221.1451,-48.3616,180.0000,bottom
"U$374","","IN0",221.1451,-49.8856,180.0000,bottom
"U$376","","SM�L_ARTIC_R20",221.1451,-59.7281,180.0000,bottom
"U$377","SPARKX-LOGO3","SPARKX-SMALL",232.3211,-58.0771,180.0000,bottom
"U$381","SMOL_LOGOSMALL","SMOL_SMALL",232.3211,-48.3616,180.0000,bottom
"U$382","","IN0",232.3211,-49.8856,180.0000,bottom
"U$384","","SM�L_ARTIC_R20",232.3211,-59.7281,180.0000,bottom
"UNK1V34","TEST-POINT3","PAD.03X.03",80.5561,-63.8556,180.0000,bottom
"UNK1V22","TEST-POINT3","PAD.03X.03",125.2601,-105.0036,180.0000,bottom
"UNK1V33","TEST-POINT3","PAD.03X.03",69.3801,-63.8556,180.0000,bottom
"UNK1V18","TEST-POINT3","PAD.03X.03",80.5561,-105.0036,180.0000,bottom
"UNK1V9","TEST-POINT3","PAD.03X.03",158.7881,-146.1516,180.0000,bottom
"UNK1V37","TEST-POINT3","PAD.03X.03",114.0841,-63.8556,180.0000,bottom
"UNK1V40","TEST-POINT3","PAD.03X.03",147.6121,-63.8556,180.0000,bottom
"UNK1V2","TEST-POINT3","PAD.03X.03",91.7321,-146.1516,180.0000,bottom
"UNK1V44","TEST-POINT3","PAD.03X.03",192.3161,-63.8556,180.0000,bottom
"UNK1V30","TEST-POINT3","PAD.03X.03",214.6681,-105.0036,180.0000,bottom
"UNK1V3","TEST-POINT3","PAD.03X.03",102.9081,-146.1516,180.0000,bottom
"UNK1V35","TEST-POINT3","PAD.03X.03",91.7321,-63.8556,180.0000,bottom
"UNK1V21","TEST-POINT3","PAD.03X.03",114.0841,-105.0036,180.0000,bottom
"UNK1V27","TEST-POINT3","PAD.03X.03",181.1401,-105.0036,180.0000,bottom
"UNK1V32","TEST-POINT3","PAD.03X.03",237.0201,-105.0036,180.0000,bottom
"UNK1V19","TEST-POINT3","PAD.03X.03",91.7321,-105.0036,180.0000,bottom
"UNK1V15","TEST-POINT3","PAD.03X.03",225.8441,-146.1516,180.0000,bottom
"UNK1V42","TEST-POINT3","PAD.03X.03",169.9641,-63.8556,180.0000,bottom
"UNK1V20","TEST-POINT3","PAD.03X.03",102.9081,-105.0036,180.0000,bottom
"UNK1V25","TEST-POINT3","PAD.03X.03",158.7881,-105.0036,180.0000,bottom
"UNK1V12","TEST-POINT3","PAD.03X.03",192.3161,-146.1516,180.0000,bottom
"UNK1V39","TEST-POINT3","PAD.03X.03",136.4361,-63.8556,180.0000,bottom
"UNK1V1","TEST-POINT3","PAD.03X.03",80.5561,-146.1516,180.0000,bottom
"UNK1V5","TEST-POINT3","PAD.03X.03",125.2601,-146.1516,180.0000,bottom
"UNK1V23","TEST-POINT3","PAD.03X.03",136.4361,-105.0036,180.0000,bottom
"UNK1V17","TEST-POINT3","PAD.03X.03",69.3801,-105.0036,180.0000,bottom
"UNK1V16","TEST-POINT3","PAD.03X.03",237.0201,-146.1516,180.0000,bottom
"UNK1V26","TEST-POINT3","PAD.03X.03",169.9641,-105.0036,180.0000,bottom
"UNK1V13","TEST-POINT3","PAD.03X.03",203.4921,-146.1516,180.0000,bottom
"UNK1V14","TEST-POINT3","PAD.03X.03",214.6681,-146.1516,180.0000,bottom
"UNK1V28","TEST-POINT3","PAD.03X.03",192.3161,-105.0036,180.0000,bottom
"UNK1V6","TEST-POINT3","PAD.03X.03",136.4361,-146.1516,180.0000,bottom
"UNK1V31","TEST-POINT3","PAD.03X.03",225.8441,-105.0036,180.0000,bottom
"UNK1V11","TEST-POINT3","PAD.03X.03",181.1401,-146.1516,180.0000,bottom
"UNK1V36","TEST-POINT3","PAD.03X.03",102.9081,-63.8556,180.0000,bottom
"UNK1V8","TEST-POINT3","PAD.03X.03",69.3801,-146.1516,180.0000,bottom
"UNK1V4","TEST-POINT3","PAD.03X.03",114.0841,-146.1516,180.0000,bottom
"UNK1V43","TEST-POINT3","PAD.03X.03",181.1401,-63.8556,180.0000,bottom
"UNK1V29","TEST-POINT3","PAD.03X.03",203.4921,-105.0036,180.0000,bottom
"UNK1V45","TEST-POINT3","PAD.03X.03",203.4921,-63.8556,180.0000,bottom
"UNK1V48","TEST-POINT3","PAD.03X.03",237.0201,-63.8556,180.0000,bottom
"UNK1V46","TEST-POINT3","PAD.03X.03",214.6681,-63.8556,180.0000,bottom
"UNK1V7","TEST-POINT3","PAD.03X.03",147.6121,-146.1516,180.0000,bottom
"UNK1V38","TEST-POINT3","PAD.03X.03",125.2601,-63.8556,180.0000,bottom
"UNK1V24","TEST-POINT3","PAD.03X.03",147.6121,-105.0036,180.0000,bottom
"UNK1V41","TEST-POINT3","PAD.03X.03",158.7881,-63.8556,180.0000,bottom
"UNK1V10","TEST-POINT3","PAD.03X.03",169.9641,-146.1516,180.0000,bottom
"UNK1V47","TEST-POINT3","PAD.03X.03",225.8441,-63.8556,180.0000,bottom
"UNK3V44","TEST-POINT3","PAD.03X.03",194.0941,-56.2356,180.0000,bottom
"UNK3V30","TEST-POINT3","PAD.03X.03",216.4461,-97.3836,180.0000,bottom
"UNK3V32","TEST-POINT3","PAD.03X.03",59.9821,-56.2356,180.0000,bottom
"UNK3V41","TEST-POINT3","PAD.03X.03",160.5661,-56.2356,180.0000,bottom
"UNK3V38","TEST-POINT3","PAD.03X.03",127.0381,-56.2356,180.0000,bottom
"UNK3V24","TEST-POINT3","PAD.03X.03",149.3901,-97.3836,180.0000,bottom
"UNK3V18","TEST-POINT3","PAD.03X.03",82.3341,-97.3836,180.0000,bottom
"UNK3V36","TEST-POINT3","PAD.03X.03",104.6861,-56.2356,180.0000,bottom
"UNK3V35","TEST-POINT3","PAD.03X.03",93.5101,-56.2356,180.0000,bottom
"UNK3V4","TEST-POINT3","PAD.03X.03",104.6861,-138.5316,180.0000,bottom
"UNK3V8","TEST-POINT3","PAD.03X.03",149.3901,-138.5316,180.0000,bottom
"UNK3V27","TEST-POINT3","PAD.03X.03",182.9181,-97.3836,180.0000,bottom
"UNK3V16","TEST-POINT3","PAD.03X.03",59.9821,-97.3836,180.0000,bottom
"UNK3V6","TEST-POINT3","PAD.03X.03",127.0381,-138.5316,180.0000,bottom
"UNK3V25","TEST-POINT3","PAD.03X.03",160.5661,-97.3836,180.0000,bottom
"UNK3V3","TEST-POINT3","PAD.03X.03",93.5101,-138.5316,180.0000,bottom
"UNK3V7","TEST-POINT3","PAD.03X.03",138.2141,-138.5316,180.0000,bottom
"UNK3V14","TEST-POINT3","PAD.03X.03",216.4461,-138.5316,180.0000,bottom
"UNK3V39","TEST-POINT3","PAD.03X.03",138.2141,-56.2356,180.0000,bottom
"UNK3V2","TEST-POINT3","PAD.03X.03",82.3341,-138.5316,180.0000,bottom
"UNK3V46","TEST-POINT3","PAD.03X.03",216.4461,-56.2356,180.0000,bottom
"UNK3V10","TEST-POINT3","PAD.03X.03",171.7421,-138.5316,180.0000,bottom
"UNK3V17","TEST-POINT3","PAD.03X.03",71.1581,-97.3836,180.0000,bottom
"UNK3V13","TEST-POINT3","PAD.03X.03",205.2701,-138.5316,180.0000,bottom
"UNK3V37","TEST-POINT3","PAD.03X.03",115.8621,-56.2356,180.0000,bottom
"UNK3V45","TEST-POINT3","PAD.03X.03",205.2701,-56.2356,180.0000,bottom
"UNK3V9","TEST-POINT3","PAD.03X.03",160.5661,-138.5316,180.0000,bottom
"UNK3V22","TEST-POINT3","PAD.03X.03",127.0381,-97.3836,180.0000,bottom
"UNK3V11","TEST-POINT3","PAD.03X.03",182.9181,-138.5316,180.0000,bottom
"UNK3V23","TEST-POINT3","PAD.03X.03",138.2141,-97.3836,180.0000,bottom
"UNK3V33","TEST-POINT3","PAD.03X.03",71.1581,-56.2356,180.0000,bottom
"UNK3V31","TEST-POINT3","PAD.03X.03",227.6221,-97.3836,180.0000,bottom
"UNK3V40","TEST-POINT3","PAD.03X.03",149.3901,-56.2356,180.0000,bottom
"UNK3V1","TEST-POINT3","PAD.03X.03",71.1581,-138.5316,180.0000,bottom
"UNK3V0","TEST-POINT3","PAD.03X.03",59.9821,-138.5316,180.0000,bottom
"UNK3V26","TEST-POINT3","PAD.03X.03",171.7421,-97.3836,180.0000,bottom
"UNK3V28","TEST-POINT3","PAD.03X.03",194.0941,-97.3836,180.0000,bottom
"UNK3V29","TEST-POINT3","PAD.03X.03",205.2701,-97.3836,180.0000,bottom
"UNK3V12","TEST-POINT3","PAD.03X.03",194.0941,-138.5316,180.0000,bottom
"UNK3V34","TEST-POINT3","PAD.03X.03",82.3341,-56.2356,180.0000,bottom
"UNK3V21","TEST-POINT3","PAD.03X.03",115.8621,-97.3836,180.0000,bottom
"UNK3V20","TEST-POINT3","PAD.03X.03",104.6861,-97.3836,180.0000,bottom
"UNK3V47","TEST-POINT3","PAD.03X.03",227.6221,-56.2356,180.0000,bottom
"UNK3V15","TEST-POINT3","PAD.03X.03",227.6221,-138.5316,180.0000,bottom
"UNK3V43","TEST-POINT3","PAD.03X.03",182.9181,-56.2356,180.0000,bottom
"UNK3V5","TEST-POINT3","PAD.03X.03",115.8621,-138.5316,180.0000,bottom
"UNK3V19","TEST-POINT3","PAD.03X.03",93.5101,-97.3836,180.0000,bottom
"UNK3V42","TEST-POINT3","PAD.03X.03",171.7421,-56.2356,180.0000,bottom
"VDD0","TEST-POINT3","PAD.03X.03",69.3801,-141.0716,180.0000,bottom
"VDD1","TEST-POINT3","PAD.03X.03",80.5561,-141.0716,180.0000,bottom
"VDD2","TEST-POINT3","PAD.03X.03",91.7321,-141.0716,180.0000,bottom
"VDD3","TEST-POINT3","PAD.03X.03",102.9081,-141.0716,180.0000,bottom
"VDD4","TEST-POINT3","PAD.03X.03",114.0841,-141.0716,180.0000,bottom
"VDD5","TEST-POINT3","PAD.03X.03",125.2601,-141.0716,180.0000,bottom
"VDD6","TEST-POINT3","PAD.03X.03",136.4361,-141.0716,180.0000,bottom
"VDD7","TEST-POINT3","PAD.03X.03",147.6121,-141.0716,180.0000,bottom
"VDD8","TEST-POINT3","PAD.03X.03",158.7881,-141.0716,180.0000,bottom
"VDD9","TEST-POINT3","PAD.03X.03",169.9641,-141.0716,180.0000,bottom
"VDD10","TEST-POINT3","PAD.03X.03",181.1401,-141.0716,180.0000,bottom
"VDD11","TEST-POINT3","PAD.03X.03",192.3161,-141.0716,180.0000,bottom
"VDD12","TEST-POINT3","PAD.03X.03",203.4921,-141.0716,180.0000,bottom
"VDD13","TEST-POINT3","PAD.03X.03",214.6681,-141.0716,180.0000,bottom
"VDD14","TEST-POINT3","PAD.03X.03",225.8441,-141.0716,180.0000,bottom
"VDD15","TEST-POINT3","PAD.03X.03",237.0201,-141.0716,180.0000,bottom
"VDD16","TEST-POINT3","PAD.03X.03",69.3801,-99.9236,180.0000,bottom
"VDD17","TEST-POINT3","PAD.03X.03",80.5561,-99.9236,180.0000,bottom
"VDD18","TEST-POINT3","PAD.03X.03",91.7321,-99.9236,180.0000,bottom
"VDD19","TEST-POINT3","PAD.03X.03",102.9081,-99.9236,180.0000,bottom
"VDD20","TEST-POINT3","PAD.03X.03",114.0841,-99.9236,180.0000,bottom
"VDD21","TEST-POINT3","PAD.03X.03",125.2601,-99.9236,180.0000,bottom
"VDD22","TEST-POINT3","PAD.03X.03",136.4361,-99.9236,180.0000,bottom
"VDD23","TEST-POINT3","PAD.03X.03",147.6121,-99.9236,180.0000,bottom
"VDD24","TEST-POINT3","PAD.03X.03",158.7881,-99.9236,180.0000,bottom
"VDD25","TEST-POINT3","PAD.03X.03",169.9641,-99.9236,180.0000,bottom
"VDD26","TEST-POINT3","PAD.03X.03",181.1401,-99.9236,180.0000,bottom
"VDD27","TEST-POINT3","PAD.03X.03",192.3161,-99.9236,180.0000,bottom
"VDD28","TEST-POINT3","PAD.03X.03",203.4921,-99.9236,180.0000,bottom
"VDD29","TEST-POINT3","PAD.03X.03",214.6681,-99.9236,180.0000,bottom
"VDD30","TEST-POINT3","PAD.03X.03",225.8441,-99.9236,180.0000,bottom
"VDD31","TEST-POINT3","PAD.03X.03",237.0201,-99.9236,180.0000,bottom
"VDD32","TEST-POINT3","PAD.03X.03",69.3801,-58.7756,180.0000,bottom
"VDD33","TEST-POINT3","PAD.03X.03",80.5561,-58.7756,180.0000,bottom
"VDD34","TEST-POINT3","PAD.03X.03",91.7321,-58.7756,180.0000,bottom
"VDD35","TEST-POINT3","PAD.03X.03",102.9081,-58.7756,180.0000,bottom
"VDD36","TEST-POINT3","PAD.03X.03",114.0841,-58.7756,180.0000,bottom
"VDD37","TEST-POINT3","PAD.03X.03",125.2601,-58.7756,180.0000,bottom
"VDD38","TEST-POINT3","PAD.03X.03",136.4361,-58.7756,180.0000,bottom
"VDD39","TEST-POINT3","PAD.03X.03",147.6121,-58.7756,180.0000,bottom
"VDD40","TEST-POINT3","PAD.03X.03",158.7881,-58.7756,180.0000,bottom
"VDD41","TEST-POINT3","PAD.03X.03",169.9641,-58.7756,180.0000,bottom
"VDD42","TEST-POINT3","PAD.03X.03",181.1401,-58.7756,180.0000,bottom
"VDD43","TEST-POINT3","PAD.03X.03",192.3161,-58.7756,180.0000,bottom
"VDD44","TEST-POINT3","PAD.03X.03",203.4921,-58.7756,180.0000,bottom
"VDD45","TEST-POINT3","PAD.03X.03",214.6681,-58.7756,180.0000,bottom
"VDD46","TEST-POINT3","PAD.03X.03",225.8441,-58.7756,180.0000,bottom
"VDD47","TEST-POINT3","PAD.03X.03",237.0201,-58.7756,180.0000,bottom
"X1","CRYSTAL-TCXO-26MHZ","CRYSTAL-TCXO-SMD-1.65X1.25",61.8871,-148.5011,180.0000,bottom
"X2","CRYSTAL-TCXO-26MHZ","CRYSTAL-TCXO-SMD-1.65X1.25",73.0631,-148.5011,180.0000,bottom
"X3","CRYSTAL-TCXO-26MHZ","CRYSTAL-TCXO-SMD-1.65X1.25",84.2391,-148.5011,180.0000,bottom
"X4","CRYSTAL-TCXO-26MHZ","CRYSTAL-TCXO-SMD-1.65X1.25",95.4151,-148.5011,180.0000,bottom
"X5","CRYSTAL-TCXO-26MHZ","CRYSTAL-TCXO-SMD-1.65X1.25",106.5911,-148.5011,180.0000,bottom
"X6","CRYSTAL-TCXO-26MHZ","CRYSTAL-TCXO-SMD-1.65X1.25",117.7671,-148.5011,180.0000,bottom
"X7","CRYSTAL-TCXO-26MHZ","CRYSTAL-TCXO-SMD-1.65X1.25",128.9431,-148.5011,180.0000,bottom
"X8","CRYSTAL-TCXO-26MHZ","CRYSTAL-TCXO-SMD-1.65X1.25",140.1191,-148.5011,180.0000,bottom
"X9","CRYSTAL-TCXO-26MHZ","CRYSTAL-TCXO-SMD-1.65X1.25",151.2951,-148.5011,180.0000,bottom
"X10","CRYSTAL-TCXO-26MHZ","CRYSTAL-TCXO-SMD-1.65X1.25",162.4711,-148.5011,180.0000,bottom
"X11","CRYSTAL-TCXO-26MHZ","CRYSTAL-TCXO-SMD-1.65X1.25",173.6471,-148.5011,180.0000,bottom
"X12","CRYSTAL-TCXO-26MHZ","CRYSTAL-TCXO-SMD-1.65X1.25",184.8231,-148.5011,180.0000,bottom
"X13","CRYSTAL-TCXO-26MHZ","CRYSTAL-TCXO-SMD-1.65X1.25",195.9991,-148.5011,180.0000,bottom
"X14","CRYSTAL-TCXO-26MHZ","CRYSTAL-TCXO-SMD-1.65X1.25",207.1751,-148.5011,180.0000,bottom
"X15","CRYSTAL-TCXO-26MHZ","CRYSTAL-TCXO-SMD-1.65X1.25",218.3511,-148.5011,180.0000,bottom
"X16","CRYSTAL-TCXO-26MHZ","CRYSTAL-TCXO-SMD-1.65X1.25",229.5271,-148.5011,180.0000,bottom
"X17","CRYSTAL-TCXO-26MHZ","CRYSTAL-TCXO-SMD-1.65X1.25",61.8871,-107.3531,180.0000,bottom
"X18","CRYSTAL-TCXO-26MHZ","CRYSTAL-TCXO-SMD-1.65X1.25",73.0631,-107.3531,180.0000,bottom
"X19","CRYSTAL-TCXO-26MHZ","CRYSTAL-TCXO-SMD-1.65X1.25",84.2391,-107.3531,180.0000,bottom
"X20","CRYSTAL-TCXO-26MHZ","CRYSTAL-TCXO-SMD-1.65X1.25",95.4151,-107.3531,180.0000,bottom
"X21","CRYSTAL-TCXO-26MHZ","CRYSTAL-TCXO-SMD-1.65X1.25",106.5911,-107.3531,180.0000,bottom
"X22","CRYSTAL-TCXO-26MHZ","CRYSTAL-TCXO-SMD-1.65X1.25",117.7671,-107.3531,180.0000,bottom
"X23","CRYSTAL-TCXO-26MHZ","CRYSTAL-TCXO-SMD-1.65X1.25",128.9431,-107.3531,180.0000,bottom
"X24","CRYSTAL-TCXO-26MHZ","CRYSTAL-TCXO-SMD-1.65X1.25",140.1191,-107.3531,180.0000,bottom
"X25","CRYSTAL-TCXO-26MHZ","CRYSTAL-TCXO-SMD-1.65X1.25",151.2951,-107.3531,180.0000,bottom
"X26","CRYSTAL-TCXO-26MHZ","CRYSTAL-TCXO-SMD-1.65X1.25",162.4711,-107.3531,180.0000,bottom
"X27","CRYSTAL-TCXO-26MHZ","CRYSTAL-TCXO-SMD-1.65X1.25",173.6471,-107.3531,180.0000,bottom
"X28","CRYSTAL-TCXO-26MHZ","CRYSTAL-TCXO-SMD-1.65X1.25",184.8231,-107.3531,180.0000,bottom
"X29","CRYSTAL-TCXO-26MHZ","CRYSTAL-TCXO-SMD-1.65X1.25",195.9991,-107.3531,180.0000,bottom
"X30","CRYSTAL-TCXO-26MHZ","CRYSTAL-TCXO-SMD-1.65X1.25",207.1751,-107.3531,180.0000,bottom
"X31","CRYSTAL-TCXO-26MHZ","CRYSTAL-TCXO-SMD-1.65X1.25",218.3511,-107.3531,180.0000,bottom
"X32","CRYSTAL-TCXO-26MHZ","CRYSTAL-TCXO-SMD-1.65X1.25",229.5271,-107.3531,180.0000,bottom
"X33","CRYSTAL-TCXO-26MHZ","CRYSTAL-TCXO-SMD-1.65X1.25",61.8871,-66.2051,180.0000,bottom
"X34","CRYSTAL-TCXO-26MHZ","CRYSTAL-TCXO-SMD-1.65X1.25",73.0631,-66.2051,180.0000,bottom
"X35","CRYSTAL-TCXO-26MHZ","CRYSTAL-TCXO-SMD-1.65X1.25",84.2391,-66.2051,180.0000,bottom
"X36","CRYSTAL-TCXO-26MHZ","CRYSTAL-TCXO-SMD-1.65X1.25",95.4151,-66.2051,180.0000,bottom
"X37","CRYSTAL-TCXO-26MHZ","CRYSTAL-TCXO-SMD-1.65X1.25",106.5911,-66.2051,180.0000,bottom
"X38","CRYSTAL-TCXO-26MHZ","CRYSTAL-TCXO-SMD-1.65X1.25",117.7671,-66.2051,180.0000,bottom
"X39","CRYSTAL-TCXO-26MHZ","CRYSTAL-TCXO-SMD-1.65X1.25",128.9431,-66.2051,180.0000,bottom
"X40","CRYSTAL-TCXO-26MHZ","CRYSTAL-TCXO-SMD-1.65X1.25",140.1191,-66.2051,180.0000,bottom
"X41","CRYSTAL-TCXO-26MHZ","CRYSTAL-TCXO-SMD-1.65X1.25",151.2951,-66.2051,180.0000,bottom
"X42","CRYSTAL-TCXO-26MHZ","CRYSTAL-TCXO-SMD-1.65X1.25",162.4711,-66.2051,180.0000,bottom
"X43","CRYSTAL-TCXO-26MHZ","CRYSTAL-TCXO-SMD-1.65X1.25",173.6471,-66.2051,180.0000,bottom
"X44","CRYSTAL-TCXO-26MHZ","CRYSTAL-TCXO-SMD-1.65X1.25",184.8231,-66.2051,180.0000,bottom
"X45","CRYSTAL-TCXO-26MHZ","CRYSTAL-TCXO-SMD-1.65X1.25",195.9991,-66.2051,180.0000,bottom
"X46","CRYSTAL-TCXO-26MHZ","CRYSTAL-TCXO-SMD-1.65X1.25",207.1751,-66.2051,180.0000,bottom
"X47","CRYSTAL-TCXO-26MHZ","CRYSTAL-TCXO-SMD-1.65X1.25",218.3511,-66.2051,180.0000,bottom
"X48","CRYSTAL-TCXO-26MHZ","CRYSTAL-TCXO-SMD-1.65X1.25",229.5271,-66.2051,180.0000,bottom
