Ref,Val,Package,PosX,PosY,Rot,Side
"C2","10nF","0402-TIGHT",60.1091,-158.9151,-90.0000,top
"C11","100pF","0402-TIGHT",61.3156,-144.4371,0.0000,top
"C12","1.0uF","0402-TIGHT",61.3156,-143.0401,0.0000,top
"C13","10uF","0402-TIGHT",61.3156,-141.6431,0.0000,top
"C23","1.0uF","0402-TIGHT",61.9506,-158.2801,180.0000,top
"C24","100pF","0402-TIGHT",62.7761,-144.6276,90.0000,top
"C25","100pF","0402-TIGHT",62.7761,-141.5796,90.0000,top
"C26","0.1uF","0402-TIGHT",61.0616,-154.9781,-90.0000,top
"C27","22pF","0402-TIGHT",62.0141,-154.9781,-90.0000,top
"C28","9.1pF","0402-TIGHT",62.5221,-132.1181,0.0000,top
"C29","2.4 pF","0402_MURATA",66.7766,-141.9606,90.0000,top
"C30","100pF","0402-TIGHT",66.7766,-137.7696,-90.0000,top
"C31","100pF","0402-TIGHT",63.9826,-132.6261,90.0000,top
"C32","0.1uF","0402-TIGHT",63.9191,-155.2956,-90.0000,top
"C33","22pF","0402-TIGHT",64.8716,-154.9781,-90.0000,top
"C36","100pF","0402-TIGHT",63.2841,-130.8481,180.0000,top
"C37","100pF","0402-TIGHT",65.3161,-129.8956,0.0000,top
"C42","100pF","0402-TIGHT",67.7291,-130.4036,90.0000,top
"C43","100pF","0402-TIGHT",65.1256,-138.4681,90.0000,top
"C44","2.2uF","0402-TIGHT",65.1256,-136.0551,90.0000,top
"C47","100pF","0402-TIGHT",59.9186,-135.4836,90.0000,top
"C52","2.2uF","0402-TIGHT",60.1726,-127.0381,90.0000,top
"C53","2.2uF","0402-TIGHT",69.1896,-127.0381,90.0000,top
"C54","100pF","0402-TIGHT",75.1586,-132.6261,90.0000,top
"C55","100pF","0402-TIGHT",77.9526,-137.7696,-90.0000,top
"C56","100pF","0402-TIGHT",76.4921,-129.8956,0.0000,top
"C60","100pF","0402-TIGHT",74.4601,-130.8481,180.0000,top
"C61","100pF","0402-TIGHT",78.9051,-130.4036,90.0000,top
"C66","22pF","0402-TIGHT",73.1901,-154.9781,-90.0000,top
"C67","0.1uF","0402-TIGHT",72.2376,-154.9781,-90.0000,top
"C68","22pF","0402-TIGHT",76.0476,-154.9781,-90.0000,top
"C69","0.1uF","0402-TIGHT",75.0951,-155.2956,-90.0000,top
"C77","100pF","0402-TIGHT",72.4916,-144.4371,0.0000,top
"C78","1.0uF","0402-TIGHT",72.4916,-143.0401,0.0000,top
"C79","10uF","0402-TIGHT",72.4916,-141.6431,0.0000,top
"C80","100pF","0402-TIGHT",73.9521,-144.6276,90.0000,top
"C81","100pF","0402-TIGHT",73.9521,-141.5796,90.0000,top
"C87","2.4 pF","0402_MURATA",77.9526,-141.9606,90.0000,top
"C88","9.1pF","0402-TIGHT",73.6981,-132.1181,0.0000,top
"C92","100pF","0402-TIGHT",76.3016,-138.4681,90.0000,top
"C93","2.2uF","0402-TIGHT",76.3016,-136.0551,90.0000,top
"C97","10nF","0402-TIGHT",71.2851,-158.9151,-90.0000,top
"C98","1.0uF","0402-TIGHT",73.1266,-158.2801,180.0000,top
"C103","100pF","0402-TIGHT",71.0946,-135.4836,90.0000,top
"C105","2.2uF","0402-TIGHT",71.3486,-127.0381,90.0000,top
"C106","2.2uF","0402-TIGHT",80.3656,-127.0381,90.0000,top
"C107","100pF","0402-TIGHT",86.3346,-132.6261,90.0000,top
"C108","100pF","0402-TIGHT",89.1286,-137.7696,-90.0000,top
"C109","100pF","0402-TIGHT",87.6681,-129.8956,0.0000,top
"C113","100pF","0402-TIGHT",85.6361,-130.8481,180.0000,top
"C114","100pF","0402-TIGHT",90.0811,-130.4036,90.0000,top
"C119","22pF","0402-TIGHT",84.3661,-154.9781,-90.0000,top
"C120","0.1uF","0402-TIGHT",83.4136,-154.9781,-90.0000,top
"C121","22pF","0402-TIGHT",87.2236,-154.9781,-90.0000,top
"C122","0.1uF","0402-TIGHT",86.2711,-155.2956,-90.0000,top
"C130","100pF","0402-TIGHT",83.6676,-144.4371,0.0000,top
"C131","1.0uF","0402-TIGHT",83.6676,-143.0401,0.0000,top
"C132","10uF","0402-TIGHT",83.6676,-141.6431,0.0000,top
"C133","100pF","0402-TIGHT",85.1281,-144.6276,90.0000,top
"C134","100pF","0402-TIGHT",85.1281,-141.5796,90.0000,top
"C140","2.4 pF","0402_MURATA",89.1286,-141.9606,90.0000,top
"C141","9.1pF","0402-TIGHT",84.8741,-132.1181,0.0000,top
"C145","100pF","0402-TIGHT",87.4776,-138.4681,90.0000,top
"C146","2.2uF","0402-TIGHT",87.4776,-136.0551,90.0000,top
"C150","10nF","0402-TIGHT",82.4611,-158.9151,-90.0000,top
"C151","1.0uF","0402-TIGHT",84.3026,-158.2801,180.0000,top
"C156","100pF","0402-TIGHT",82.2706,-135.4836,90.0000,top
"C158","2.2uF","0402-TIGHT",82.5246,-127.0381,90.0000,top
"C159","2.2uF","0402-TIGHT",91.5416,-127.0381,90.0000,top
"C160","100pF","0402-TIGHT",97.5106,-132.6261,90.0000,top
"C161","100pF","0402-TIGHT",100.3046,-137.7696,-90.0000,top
"C162","100pF","0402-TIGHT",98.8441,-129.8956,0.0000,top
"C166","100pF","0402-TIGHT",96.8121,-130.8481,180.0000,top
"C167","100pF","0402-TIGHT",101.2571,-130.4036,90.0000,top
"C172","22pF","0402-TIGHT",95.5421,-154.9781,-90.0000,top
"C173","0.1uF","0402-TIGHT",94.5896,-154.9781,-90.0000,top
"C174","22pF","0402-TIGHT",98.3996,-154.9781,-90.0000,top
"C175","0.1uF","0402-TIGHT",97.4471,-155.2956,-90.0000,top
"C183","100pF","0402-TIGHT",94.8436,-144.4371,0.0000,top
"C184","1.0uF","0402-TIGHT",94.8436,-143.0401,0.0000,top
"C185","10uF","0402-TIGHT",94.8436,-141.6431,0.0000,top
"C186","100pF","0402-TIGHT",96.3041,-144.6276,90.0000,top
"C187","100pF","0402-TIGHT",96.3041,-141.5796,90.0000,top
"C193","2.4 pF","0402_MURATA",100.3046,-141.9606,90.0000,top
"C194","9.1pF","0402-TIGHT",96.0501,-132.1181,0.0000,top
"C198","100pF","0402-TIGHT",98.6536,-138.4681,90.0000,top
"C199","2.2uF","0402-TIGHT",98.6536,-136.0551,90.0000,top
"C203","10nF","0402-TIGHT",93.6371,-158.9151,-90.0000,top
"C204","1.0uF","0402-TIGHT",95.4786,-158.2801,180.0000,top
"C209","100pF","0402-TIGHT",93.4466,-135.4836,90.0000,top
"C211","2.2uF","0402-TIGHT",93.7006,-127.0381,90.0000,top
"C212","2.2uF","0402-TIGHT",102.7176,-127.0381,90.0000,top
"C213","100pF","0402-TIGHT",108.6866,-132.6261,90.0000,top
"C214","100pF","0402-TIGHT",111.4806,-137.7696,-90.0000,top
"C215","100pF","0402-TIGHT",110.0201,-129.8956,0.0000,top
"C219","100pF","0402-TIGHT",107.9881,-130.8481,180.0000,top
"C220","100pF","0402-TIGHT",112.4331,-130.4036,90.0000,top
"C225","22pF","0402-TIGHT",106.7181,-154.9781,-90.0000,top
"C226","0.1uF","0402-TIGHT",105.7656,-154.9781,-90.0000,top
"C227","22pF","0402-TIGHT",109.5756,-154.9781,-90.0000,top
"C228","0.1uF","0402-TIGHT",108.6231,-155.2956,-90.0000,top
"C236","100pF","0402-TIGHT",106.0196,-144.4371,0.0000,top
"C237","1.0uF","0402-TIGHT",106.0196,-143.0401,0.0000,top
"C238","10uF","0402-TIGHT",106.0196,-141.6431,0.0000,top
"C239","100pF","0402-TIGHT",107.4801,-144.6276,90.0000,top
"C240","100pF","0402-TIGHT",107.4801,-141.5796,90.0000,top
"C246","2.4 pF","0402_MURATA",111.4806,-141.9606,90.0000,top
"C247","9.1pF","0402-TIGHT",107.2261,-132.1181,0.0000,top
"C251","100pF","0402-TIGHT",109.8296,-138.4681,90.0000,top
"C252","2.2uF","0402-TIGHT",109.8296,-136.0551,90.0000,top
"C256","10nF","0402-TIGHT",104.8131,-158.9151,-90.0000,top
"C257","1.0uF","0402-TIGHT",106.6546,-158.2801,180.0000,top
"C262","100pF","0402-TIGHT",104.6226,-135.4836,90.0000,top
"C264","2.2uF","0402-TIGHT",104.8766,-127.0381,90.0000,top
"C265","2.2uF","0402-TIGHT",113.8936,-127.0381,90.0000,top
"C266","100pF","0402-TIGHT",119.8626,-132.6261,90.0000,top
"C267","100pF","0402-TIGHT",122.6566,-137.7696,-90.0000,top
"C268","100pF","0402-TIGHT",121.1961,-129.8956,0.0000,top
"C272","100pF","0402-TIGHT",119.1641,-130.8481,180.0000,top
"C273","100pF","0402-TIGHT",123.6091,-130.4036,90.0000,top
"C278","22pF","0402-TIGHT",117.8941,-154.9781,-90.0000,top
"C279","0.1uF","0402-TIGHT",116.9416,-154.9781,-90.0000,top
"C280","22pF","0402-TIGHT",120.7516,-154.9781,-90.0000,top
"C281","0.1uF","0402-TIGHT",119.7991,-155.2956,-90.0000,top
"C289","100pF","0402-TIGHT",117.1956,-144.4371,0.0000,top
"C290","1.0uF","0402-TIGHT",117.1956,-143.0401,0.0000,top
"C291","10uF","0402-TIGHT",117.1956,-141.6431,0.0000,top
"C292","100pF","0402-TIGHT",118.6561,-144.6276,90.0000,top
"C293","100pF","0402-TIGHT",118.6561,-141.5796,90.0000,top
"C299","2.4 pF","0402_MURATA",122.6566,-141.9606,90.0000,top
"C300","9.1pF","0402-TIGHT",118.4021,-132.1181,0.0000,top
"C304","100pF","0402-TIGHT",121.0056,-138.4681,90.0000,top
"C305","2.2uF","0402-TIGHT",121.0056,-136.0551,90.0000,top
"C309","10nF","0402-TIGHT",115.9891,-158.9151,-90.0000,top
"C310","1.0uF","0402-TIGHT",117.8306,-158.2801,180.0000,top
"C315","100pF","0402-TIGHT",115.7986,-135.4836,90.0000,top
"C317","2.2uF","0402-TIGHT",116.0526,-127.0381,90.0000,top
"C318","2.2uF","0402-TIGHT",125.0696,-127.0381,90.0000,top
"C319","100pF","0402-TIGHT",131.0386,-132.6261,90.0000,top
"C320","100pF","0402-TIGHT",133.8326,-137.7696,-90.0000,top
"C321","100pF","0402-TIGHT",132.3721,-129.8956,0.0000,top
"C325","100pF","0402-TIGHT",130.3401,-130.8481,180.0000,top
"C326","100pF","0402-TIGHT",134.7851,-130.4036,90.0000,top
"C331","22pF","0402-TIGHT",129.0701,-154.9781,-90.0000,top
"C332","0.1uF","0402-TIGHT",128.1176,-154.9781,-90.0000,top
"C333","22pF","0402-TIGHT",131.9276,-154.9781,-90.0000,top
"C334","0.1uF","0402-TIGHT",130.9751,-155.2956,-90.0000,top
"C342","100pF","0402-TIGHT",128.3716,-144.4371,0.0000,top
"C343","1.0uF","0402-TIGHT",128.3716,-143.0401,0.0000,top
"C344","10uF","0402-TIGHT",128.3716,-141.6431,0.0000,top
"C345","100pF","0402-TIGHT",129.8321,-144.6276,90.0000,top
"C346","100pF","0402-TIGHT",129.8321,-141.5796,90.0000,top
"C352","2.4 pF","0402_MURATA",133.8326,-141.9606,90.0000,top
"C353","9.1pF","0402-TIGHT",129.5781,-132.1181,0.0000,top
"C357","100pF","0402-TIGHT",132.1816,-138.4681,90.0000,top
"C358","2.2uF","0402-TIGHT",132.1816,-136.0551,90.0000,top
"C362","10nF","0402-TIGHT",127.1651,-158.9151,-90.0000,top
"C363","1.0uF","0402-TIGHT",129.0066,-158.2801,180.0000,top
"C368","100pF","0402-TIGHT",126.9746,-135.4836,90.0000,top
"C370","2.2uF","0402-TIGHT",127.2286,-127.0381,90.0000,top
"C371","2.2uF","0402-TIGHT",136.2456,-127.0381,90.0000,top
"C372","100pF","0402-TIGHT",142.2146,-132.6261,90.0000,top
"C373","100pF","0402-TIGHT",145.0086,-137.7696,-90.0000,top
"C374","100pF","0402-TIGHT",143.5481,-129.8956,0.0000,top
"C378","100pF","0402-TIGHT",141.5161,-130.8481,180.0000,top
"C379","100pF","0402-TIGHT",145.9611,-130.4036,90.0000,top
"C384","22pF","0402-TIGHT",140.2461,-154.9781,-90.0000,top
"C385","0.1uF","0402-TIGHT",139.2936,-154.9781,-90.0000,top
"C386","22pF","0402-TIGHT",143.1036,-154.9781,-90.0000,top
"C387","0.1uF","0402-TIGHT",142.1511,-155.2956,-90.0000,top
"C395","100pF","0402-TIGHT",139.5476,-144.4371,0.0000,top
"C396","1.0uF","0402-TIGHT",139.5476,-143.0401,0.0000,top
"C397","10uF","0402-TIGHT",139.5476,-141.6431,0.0000,top
"C398","100pF","0402-TIGHT",141.0081,-144.6276,90.0000,top
"C399","100pF","0402-TIGHT",141.0081,-141.5796,90.0000,top
"C405","2.4 pF","0402_MURATA",145.0086,-141.9606,90.0000,top
"C406","9.1pF","0402-TIGHT",140.7541,-132.1181,0.0000,top
"C410","100pF","0402-TIGHT",143.3576,-138.4681,90.0000,top
"C411","2.2uF","0402-TIGHT",143.3576,-136.0551,90.0000,top
"C415","10nF","0402-TIGHT",138.3411,-158.9151,-90.0000,top
"C416","1.0uF","0402-TIGHT",140.1826,-158.2801,180.0000,top
"C421","100pF","0402-TIGHT",138.1506,-135.4836,90.0000,top
"C423","2.2uF","0402-TIGHT",138.4046,-127.0381,90.0000,top
"C424","2.2uF","0402-TIGHT",147.4216,-127.0381,90.0000,top
"C425","100pF","0402-TIGHT",153.3906,-132.6261,90.0000,top
"C426","100pF","0402-TIGHT",156.1846,-137.7696,-90.0000,top
"C427","100pF","0402-TIGHT",154.7241,-129.8956,0.0000,top
"C431","100pF","0402-TIGHT",152.6921,-130.8481,180.0000,top
"C432","100pF","0402-TIGHT",157.1371,-130.4036,90.0000,top
"C437","22pF","0402-TIGHT",151.4221,-154.9781,-90.0000,top
"C438","0.1uF","0402-TIGHT",150.4696,-154.9781,-90.0000,top
"C439","22pF","0402-TIGHT",154.2796,-154.9781,-90.0000,top
"C440","0.1uF","0402-TIGHT",153.3271,-155.2956,-90.0000,top
"C448","100pF","0402-TIGHT",150.7236,-144.4371,0.0000,top
"C449","1.0uF","0402-TIGHT",150.7236,-143.0401,0.0000,top
"C450","10uF","0402-TIGHT",150.7236,-141.6431,0.0000,top
"C451","100pF","0402-TIGHT",152.1841,-144.6276,90.0000,top
"C452","100pF","0402-TIGHT",152.1841,-141.5796,90.0000,top
"C458","2.4 pF","0402_MURATA",156.1846,-141.9606,90.0000,top
"C459","9.1pF","0402-TIGHT",151.9301,-132.1181,0.0000,top
"C463","100pF","0402-TIGHT",154.5336,-138.4681,90.0000,top
"C464","2.2uF","0402-TIGHT",154.5336,-136.0551,90.0000,top
"C468","10nF","0402-TIGHT",149.5171,-158.9151,-90.0000,top
"C469","1.0uF","0402-TIGHT",151.3586,-158.2801,180.0000,top
"C474","100pF","0402-TIGHT",149.3266,-135.4836,90.0000,top
"C476","2.2uF","0402-TIGHT",149.5806,-127.0381,90.0000,top
"C477","2.2uF","0402-TIGHT",158.5976,-127.0381,90.0000,top
"C478","100pF","0402-TIGHT",164.5666,-132.6261,90.0000,top
"C479","100pF","0402-TIGHT",167.3606,-137.7696,-90.0000,top
"C480","100pF","0402-TIGHT",165.9001,-129.8956,0.0000,top
"C484","100pF","0402-TIGHT",163.8681,-130.8481,180.0000,top
"C485","100pF","0402-TIGHT",168.3131,-130.4036,90.0000,top
"C490","22pF","0402-TIGHT",162.5981,-154.9781,-90.0000,top
"C491","0.1uF","0402-TIGHT",161.6456,-154.9781,-90.0000,top
"C492","22pF","0402-TIGHT",165.4556,-154.9781,-90.0000,top
"C493","0.1uF","0402-TIGHT",164.5031,-155.2956,-90.0000,top
"C501","100pF","0402-TIGHT",161.8996,-144.4371,0.0000,top
"C502","1.0uF","0402-TIGHT",161.8996,-143.0401,0.0000,top
"C503","10uF","0402-TIGHT",161.8996,-141.6431,0.0000,top
"C504","100pF","0402-TIGHT",163.3601,-144.6276,90.0000,top
"C505","100pF","0402-TIGHT",163.3601,-141.5796,90.0000,top
"C511","2.4 pF","0402_MURATA",167.3606,-141.9606,90.0000,top
"C512","9.1pF","0402-TIGHT",163.1061,-132.1181,0.0000,top
"C516","100pF","0402-TIGHT",165.7096,-138.4681,90.0000,top
"C517","2.2uF","0402-TIGHT",165.7096,-136.0551,90.0000,top
"C521","10nF","0402-TIGHT",160.6931,-158.9151,-90.0000,top
"C522","1.0uF","0402-TIGHT",162.5346,-158.2801,180.0000,top
"C527","100pF","0402-TIGHT",160.5026,-135.4836,90.0000,top
"C529","2.2uF","0402-TIGHT",160.7566,-127.0381,90.0000,top
"C530","2.2uF","0402-TIGHT",169.7736,-127.0381,90.0000,top
"C531","100pF","0402-TIGHT",175.7426,-132.6261,90.0000,top
"C532","100pF","0402-TIGHT",178.5366,-137.7696,-90.0000,top
"C533","100pF","0402-TIGHT",177.0761,-129.8956,0.0000,top
"C537","100pF","0402-TIGHT",175.0441,-130.8481,180.0000,top
"C538","100pF","0402-TIGHT",179.4891,-130.4036,90.0000,top
"C543","22pF","0402-TIGHT",173.7741,-154.9781,-90.0000,top
"C544","0.1uF","0402-TIGHT",172.8216,-154.9781,-90.0000,top
"C545","22pF","0402-TIGHT",176.6316,-154.9781,-90.0000,top
"C546","0.1uF","0402-TIGHT",175.6791,-155.2956,-90.0000,top
"C554","100pF","0402-TIGHT",173.0756,-144.4371,0.0000,top
"C555","1.0uF","0402-TIGHT",173.0756,-143.0401,0.0000,top
"C556","10uF","0402-TIGHT",173.0756,-141.6431,0.0000,top
"C557","100pF","0402-TIGHT",174.5361,-144.6276,90.0000,top
"C558","100pF","0402-TIGHT",174.5361,-141.5796,90.0000,top
"C564","2.4 pF","0402_MURATA",178.5366,-141.9606,90.0000,top
"C565","9.1pF","0402-TIGHT",174.2821,-132.1181,0.0000,top
"C569","100pF","0402-TIGHT",176.8856,-138.4681,90.0000,top
"C570","2.2uF","0402-TIGHT",176.8856,-136.0551,90.0000,top
"C574","10nF","0402-TIGHT",171.8691,-158.9151,-90.0000,top
"C575","1.0uF","0402-TIGHT",173.7106,-158.2801,180.0000,top
"C580","100pF","0402-TIGHT",171.6786,-135.4836,90.0000,top
"C582","2.2uF","0402-TIGHT",171.9326,-127.0381,90.0000,top
"C583","2.2uF","0402-TIGHT",180.9496,-127.0381,90.0000,top
"C584","100pF","0402-TIGHT",186.9186,-132.6261,90.0000,top
"C585","100pF","0402-TIGHT",189.7126,-137.7696,-90.0000,top
"C586","100pF","0402-TIGHT",188.2521,-129.8956,0.0000,top
"C590","100pF","0402-TIGHT",186.2201,-130.8481,180.0000,top
"C591","100pF","0402-TIGHT",190.6651,-130.4036,90.0000,top
"C596","22pF","0402-TIGHT",184.9501,-154.9781,-90.0000,top
"C597","0.1uF","0402-TIGHT",183.9976,-154.9781,-90.0000,top
"C598","22pF","0402-TIGHT",187.8076,-154.9781,-90.0000,top
"C599","0.1uF","0402-TIGHT",186.8551,-155.2956,-90.0000,top
"C607","100pF","0402-TIGHT",184.2516,-144.4371,0.0000,top
"C608","1.0uF","0402-TIGHT",184.2516,-143.0401,0.0000,top
"C609","10uF","0402-TIGHT",184.2516,-141.6431,0.0000,top
"C610","100pF","0402-TIGHT",185.7121,-144.6276,90.0000,top
"C611","100pF","0402-TIGHT",185.7121,-141.5796,90.0000,top
"C617","2.4 pF","0402_MURATA",189.7126,-141.9606,90.0000,top
"C618","9.1pF","0402-TIGHT",185.4581,-132.1181,0.0000,top
"C622","100pF","0402-TIGHT",188.0616,-138.4681,90.0000,top
"C623","2.2uF","0402-TIGHT",188.0616,-136.0551,90.0000,top
"C627","10nF","0402-TIGHT",183.0451,-158.9151,-90.0000,top
"C628","1.0uF","0402-TIGHT",184.8866,-158.2801,180.0000,top
"C633","100pF","0402-TIGHT",182.8546,-135.4836,90.0000,top
"C635","2.2uF","0402-TIGHT",183.1086,-127.0381,90.0000,top
"C636","2.2uF","0402-TIGHT",192.1256,-127.0381,90.0000,top
"C637","100pF","0402-TIGHT",198.0946,-132.6261,90.0000,top
"C638","100pF","0402-TIGHT",200.8886,-137.7696,-90.0000,top
"C639","100pF","0402-TIGHT",199.4281,-129.8956,0.0000,top
"C643","100pF","0402-TIGHT",197.3961,-130.8481,180.0000,top
"C644","100pF","0402-TIGHT",201.8411,-130.4036,90.0000,top
"C649","22pF","0402-TIGHT",196.1261,-154.9781,-90.0000,top
"C650","0.1uF","0402-TIGHT",195.1736,-154.9781,-90.0000,top
"C651","22pF","0402-TIGHT",198.9836,-154.9781,-90.0000,top
"C652","0.1uF","0402-TIGHT",198.0311,-155.2956,-90.0000,top
"C660","100pF","0402-TIGHT",195.4276,-144.4371,0.0000,top
"C661","1.0uF","0402-TIGHT",195.4276,-143.0401,0.0000,top
"C662","10uF","0402-TIGHT",195.4276,-141.6431,0.0000,top
"C663","100pF","0402-TIGHT",196.8881,-144.6276,90.0000,top
"C664","100pF","0402-TIGHT",196.8881,-141.5796,90.0000,top
"C670","2.4 pF","0402_MURATA",200.8886,-141.9606,90.0000,top
"C671","9.1pF","0402-TIGHT",196.6341,-132.1181,0.0000,top
"C675","100pF","0402-TIGHT",199.2376,-138.4681,90.0000,top
"C676","2.2uF","0402-TIGHT",199.2376,-136.0551,90.0000,top
"C680","10nF","0402-TIGHT",194.2211,-158.9151,-90.0000,top
"C681","1.0uF","0402-TIGHT",196.0626,-158.2801,180.0000,top
"C686","100pF","0402-TIGHT",194.0306,-135.4836,90.0000,top
"C688","2.2uF","0402-TIGHT",194.2846,-127.0381,90.0000,top
"C689","2.2uF","0402-TIGHT",203.3016,-127.0381,90.0000,top
"C690","100pF","0402-TIGHT",209.2706,-132.6261,90.0000,top
"C691","100pF","0402-TIGHT",212.0646,-137.7696,-90.0000,top
"C692","100pF","0402-TIGHT",210.6041,-129.8956,0.0000,top
"C696","100pF","0402-TIGHT",208.5721,-130.8481,180.0000,top
"C697","100pF","0402-TIGHT",213.0171,-130.4036,90.0000,top
"C702","22pF","0402-TIGHT",207.3021,-154.9781,-90.0000,top
"C703","0.1uF","0402-TIGHT",206.3496,-154.9781,-90.0000,top
"C704","22pF","0402-TIGHT",210.1596,-154.9781,-90.0000,top
"C705","0.1uF","0402-TIGHT",209.2071,-155.2956,-90.0000,top
"C713","100pF","0402-TIGHT",206.6036,-144.4371,0.0000,top
"C714","1.0uF","0402-TIGHT",206.6036,-143.0401,0.0000,top
"C715","10uF","0402-TIGHT",206.6036,-141.6431,0.0000,top
"C716","100pF","0402-TIGHT",208.0641,-144.6276,90.0000,top
"C717","100pF","0402-TIGHT",208.0641,-141.5796,90.0000,top
"C723","2.4 pF","0402_MURATA",212.0646,-141.9606,90.0000,top
"C724","9.1pF","0402-TIGHT",207.8101,-132.1181,0.0000,top
"C728","100pF","0402-TIGHT",210.4136,-138.4681,90.0000,top
"C729","2.2uF","0402-TIGHT",210.4136,-136.0551,90.0000,top
"C733","10nF","0402-TIGHT",205.3971,-158.9151,-90.0000,top
"C734","1.0uF","0402-TIGHT",207.2386,-158.2801,180.0000,top
"C739","100pF","0402-TIGHT",205.2066,-135.4836,90.0000,top
"C741","2.2uF","0402-TIGHT",205.4606,-127.0381,90.0000,top
"C742","2.2uF","0402-TIGHT",214.4776,-127.0381,90.0000,top
"C743","100pF","0402-TIGHT",220.4466,-132.6261,90.0000,top
"C744","100pF","0402-TIGHT",223.2406,-137.7696,-90.0000,top
"C745","100pF","0402-TIGHT",221.7801,-129.8956,0.0000,top
"C749","100pF","0402-TIGHT",219.7481,-130.8481,180.0000,top
"C750","100pF","0402-TIGHT",224.1931,-130.4036,90.0000,top
"C755","22pF","0402-TIGHT",218.4781,-154.9781,-90.0000,top
"C756","0.1uF","0402-TIGHT",217.5256,-154.9781,-90.0000,top
"C757","22pF","0402-TIGHT",221.3356,-154.9781,-90.0000,top
"C758","0.1uF","0402-TIGHT",220.3831,-155.2956,-90.0000,top
"C766","100pF","0402-TIGHT",217.7796,-144.4371,0.0000,top
"C767","1.0uF","0402-TIGHT",217.7796,-143.0401,0.0000,top
"C768","10uF","0402-TIGHT",217.7796,-141.6431,0.0000,top
"C769","100pF","0402-TIGHT",219.2401,-144.6276,90.0000,top
"C770","100pF","0402-TIGHT",219.2401,-141.5796,90.0000,top
"C776","2.4 pF","0402_MURATA",223.2406,-141.9606,90.0000,top
"C777","9.1pF","0402-TIGHT",218.9861,-132.1181,0.0000,top
"C781","100pF","0402-TIGHT",221.5896,-138.4681,90.0000,top
"C782","2.2uF","0402-TIGHT",221.5896,-136.0551,90.0000,top
"C786","10nF","0402-TIGHT",216.5731,-158.9151,-90.0000,top
"C787","1.0uF","0402-TIGHT",218.4146,-158.2801,180.0000,top
"C792","100pF","0402-TIGHT",216.3826,-135.4836,90.0000,top
"C794","2.2uF","0402-TIGHT",216.6366,-127.0381,90.0000,top
"C795","2.2uF","0402-TIGHT",225.6536,-127.0381,90.0000,top
"C796","100pF","0402-TIGHT",231.6226,-132.6261,90.0000,top
"C797","100pF","0402-TIGHT",234.4166,-137.7696,-90.0000,top
"C798","100pF","0402-TIGHT",232.9561,-129.8956,0.0000,top
"C802","100pF","0402-TIGHT",230.9241,-130.8481,180.0000,top
"C803","100pF","0402-TIGHT",235.3691,-130.4036,90.0000,top
"C808","22pF","0402-TIGHT",229.6541,-154.9781,-90.0000,top
"C809","0.1uF","0402-TIGHT",228.7016,-154.9781,-90.0000,top
"C810","22pF","0402-TIGHT",232.5116,-154.9781,-90.0000,top
"C811","0.1uF","0402-TIGHT",231.5591,-155.2956,-90.0000,top
"C819","100pF","0402-TIGHT",228.9556,-144.4371,0.0000,top
"C820","1.0uF","0402-TIGHT",228.9556,-143.0401,0.0000,top
"C821","10uF","0402-TIGHT",228.9556,-141.6431,0.0000,top
"C822","100pF","0402-TIGHT",230.4161,-144.6276,90.0000,top
"C823","100pF","0402-TIGHT",230.4161,-141.5796,90.0000,top
"C829","2.4 pF","0402_MURATA",234.4166,-141.9606,90.0000,top
"C830","9.1pF","0402-TIGHT",230.1621,-132.1181,0.0000,top
"C834","100pF","0402-TIGHT",232.7656,-138.4681,90.0000,top
"C835","2.2uF","0402-TIGHT",232.7656,-136.0551,90.0000,top
"C839","10nF","0402-TIGHT",227.7491,-158.9151,-90.0000,top
"C840","1.0uF","0402-TIGHT",229.5906,-158.2801,180.0000,top
"C845","100pF","0402-TIGHT",227.5586,-135.4836,90.0000,top
"C847","2.2uF","0402-TIGHT",227.8126,-127.0381,90.0000,top
"C848","2.2uF","0402-TIGHT",236.8296,-127.0381,90.0000,top
"C849","100pF","0402-TIGHT",63.9826,-91.4781,90.0000,top
"C850","100pF","0402-TIGHT",66.7766,-96.6216,-90.0000,top
"C851","100pF","0402-TIGHT",65.3161,-88.7476,0.0000,top
"C855","100pF","0402-TIGHT",63.2841,-89.7001,180.0000,top
"C856","100pF","0402-TIGHT",67.7291,-89.2556,90.0000,top
"C861","22pF","0402-TIGHT",62.0141,-113.8301,-90.0000,top
"C862","0.1uF","0402-TIGHT",61.0616,-113.8301,-90.0000,top
"C863","22pF","0402-TIGHT",64.8716,-113.8301,-90.0000,top
"C864","0.1uF","0402-TIGHT",63.9191,-114.1476,-90.0000,top
"C872","100pF","0402-TIGHT",61.3156,-103.2891,0.0000,top
"C873","1.0uF","0402-TIGHT",61.3156,-101.8921,0.0000,top
"C874","10uF","0402-TIGHT",61.3156,-100.4951,0.0000,top
"C875","100pF","0402-TIGHT",62.7761,-103.4796,90.0000,top
"C876","100pF","0402-TIGHT",62.7761,-100.4316,90.0000,top
"C882","2.4 pF","0402_MURATA",66.7766,-100.8126,90.0000,top
"C883","9.1pF","0402-TIGHT",62.5221,-90.9701,0.0000,top
"C887","100pF","0402-TIGHT",65.1256,-97.3201,90.0000,top
"C888","2.2uF","0402-TIGHT",65.1256,-94.9071,90.0000,top
"C892","10nF","0402-TIGHT",60.1091,-117.7671,-90.0000,top
"C893","1.0uF","0402-TIGHT",61.9506,-117.1321,180.0000,top
"C898","100pF","0402-TIGHT",59.9186,-94.3356,90.0000,top
"C900","2.2uF","0402-TIGHT",60.1726,-85.8901,90.0000,top
"C901","2.2uF","0402-TIGHT",69.1896,-85.8901,90.0000,top
"C902","100pF","0402-TIGHT",75.1586,-91.4781,90.0000,top
"C903","100pF","0402-TIGHT",77.9526,-96.6216,-90.0000,top
"C904","100pF","0402-TIGHT",76.4921,-88.7476,0.0000,top
"C908","100pF","0402-TIGHT",74.4601,-89.7001,180.0000,top
"C909","100pF","0402-TIGHT",78.9051,-89.2556,90.0000,top
"C914","22pF","0402-TIGHT",73.1901,-113.8301,-90.0000,top
"C915","0.1uF","0402-TIGHT",72.2376,-113.8301,-90.0000,top
"C916","22pF","0402-TIGHT",76.0476,-113.8301,-90.0000,top
"C917","0.1uF","0402-TIGHT",75.0951,-114.1476,-90.0000,top
"C925","100pF","0402-TIGHT",72.4916,-103.2891,0.0000,top
"C926","1.0uF","0402-TIGHT",72.4916,-101.8921,0.0000,top
"C927","10uF","0402-TIGHT",72.4916,-100.4951,0.0000,top
"C928","100pF","0402-TIGHT",73.9521,-103.4796,90.0000,top
"C929","100pF","0402-TIGHT",73.9521,-100.4316,90.0000,top
"C935","2.4 pF","0402_MURATA",77.9526,-100.8126,90.0000,top
"C936","9.1pF","0402-TIGHT",73.6981,-90.9701,0.0000,top
"C940","100pF","0402-TIGHT",76.3016,-97.3201,90.0000,top
"C941","2.2uF","0402-TIGHT",76.3016,-94.9071,90.0000,top
"C945","10nF","0402-TIGHT",71.2851,-117.7671,-90.0000,top
"C946","1.0uF","0402-TIGHT",73.1266,-117.1321,180.0000,top
"C951","100pF","0402-TIGHT",71.0946,-94.3356,90.0000,top
"C953","2.2uF","0402-TIGHT",71.3486,-85.8901,90.0000,top
"C954","2.2uF","0402-TIGHT",80.3656,-85.8901,90.0000,top
"C955","100pF","0402-TIGHT",86.3346,-91.4781,90.0000,top
"C956","100pF","0402-TIGHT",89.1286,-96.6216,-90.0000,top
"C957","100pF","0402-TIGHT",87.6681,-88.7476,0.0000,top
"C961","100pF","0402-TIGHT",85.6361,-89.7001,180.0000,top
"C962","100pF","0402-TIGHT",90.0811,-89.2556,90.0000,top
"C967","22pF","0402-TIGHT",84.3661,-113.8301,-90.0000,top
"C968","0.1uF","0402-TIGHT",83.4136,-113.8301,-90.0000,top
"C969","22pF","0402-TIGHT",87.2236,-113.8301,-90.0000,top
"C970","0.1uF","0402-TIGHT",86.2711,-114.1476,-90.0000,top
"C978","100pF","0402-TIGHT",83.6676,-103.2891,0.0000,top
"C979","1.0uF","0402-TIGHT",83.6676,-101.8921,0.0000,top
"C980","10uF","0402-TIGHT",83.6676,-100.4951,0.0000,top
"C981","100pF","0402-TIGHT",85.1281,-103.4796,90.0000,top
"C982","100pF","0402-TIGHT",85.1281,-100.4316,90.0000,top
"C988","2.4 pF","0402_MURATA",89.1286,-100.8126,90.0000,top
"C989","9.1pF","0402-TIGHT",84.8741,-90.9701,0.0000,top
"C993","100pF","0402-TIGHT",87.4776,-97.3201,90.0000,top
"C994","2.2uF","0402-TIGHT",87.4776,-94.9071,90.0000,top
"C998","10nF","0402-TIGHT",82.4611,-117.7671,-90.0000,top
"C999","1.0uF","0402-TIGHT",84.3026,-117.1321,180.0000,top
"C1004","100pF","0402-TIGHT",82.2706,-94.3356,90.0000,top
"C1006","2.2uF","0402-TIGHT",82.5246,-85.8901,90.0000,top
"C1007","2.2uF","0402-TIGHT",91.5416,-85.8901,90.0000,top
"C1008","100pF","0402-TIGHT",97.5106,-91.4781,90.0000,top
"C1009","100pF","0402-TIGHT",100.3046,-96.6216,-90.0000,top
"C1010","100pF","0402-TIGHT",98.8441,-88.7476,0.0000,top
"C1014","100pF","0402-TIGHT",96.8121,-89.7001,180.0000,top
"C1015","100pF","0402-TIGHT",101.2571,-89.2556,90.0000,top
"C1020","22pF","0402-TIGHT",95.5421,-113.8301,-90.0000,top
"C1021","0.1uF","0402-TIGHT",94.5896,-113.8301,-90.0000,top
"C1022","22pF","0402-TIGHT",98.3996,-113.8301,-90.0000,top
"C1023","0.1uF","0402-TIGHT",97.4471,-114.1476,-90.0000,top
"C1031","100pF","0402-TIGHT",94.8436,-103.2891,0.0000,top
"C1032","1.0uF","0402-TIGHT",94.8436,-101.8921,0.0000,top
"C1033","10uF","0402-TIGHT",94.8436,-100.4951,0.0000,top
"C1034","100pF","0402-TIGHT",96.3041,-103.4796,90.0000,top
"C1035","100pF","0402-TIGHT",96.3041,-100.4316,90.0000,top
"C1041","2.4 pF","0402_MURATA",100.3046,-100.8126,90.0000,top
"C1042","9.1pF","0402-TIGHT",96.0501,-90.9701,0.0000,top
"C1046","100pF","0402-TIGHT",98.6536,-97.3201,90.0000,top
"C1047","2.2uF","0402-TIGHT",98.6536,-94.9071,90.0000,top
"C1051","10nF","0402-TIGHT",93.6371,-117.7671,-90.0000,top
"C1052","1.0uF","0402-TIGHT",95.4786,-117.1321,180.0000,top
"C1057","100pF","0402-TIGHT",93.4466,-94.3356,90.0000,top
"C1059","2.2uF","0402-TIGHT",93.7006,-85.8901,90.0000,top
"C1060","2.2uF","0402-TIGHT",102.7176,-85.8901,90.0000,top
"C1061","100pF","0402-TIGHT",108.6866,-91.4781,90.0000,top
"C1062","100pF","0402-TIGHT",111.4806,-96.6216,-90.0000,top
"C1063","100pF","0402-TIGHT",110.0201,-88.7476,0.0000,top
"C1067","100pF","0402-TIGHT",107.9881,-89.7001,180.0000,top
"C1068","100pF","0402-TIGHT",112.4331,-89.2556,90.0000,top
"C1073","22pF","0402-TIGHT",106.7181,-113.8301,-90.0000,top
"C1074","0.1uF","0402-TIGHT",105.7656,-113.8301,-90.0000,top
"C1075","22pF","0402-TIGHT",109.5756,-113.8301,-90.0000,top
"C1076","0.1uF","0402-TIGHT",108.6231,-114.1476,-90.0000,top
"C1084","100pF","0402-TIGHT",106.0196,-103.2891,0.0000,top
"C1085","1.0uF","0402-TIGHT",106.0196,-101.8921,0.0000,top
"C1086","10uF","0402-TIGHT",106.0196,-100.4951,0.0000,top
"C1087","100pF","0402-TIGHT",107.4801,-103.4796,90.0000,top
"C1088","100pF","0402-TIGHT",107.4801,-100.4316,90.0000,top
"C1094","2.4 pF","0402_MURATA",111.4806,-100.8126,90.0000,top
"C1095","9.1pF","0402-TIGHT",107.2261,-90.9701,0.0000,top
"C1099","100pF","0402-TIGHT",109.8296,-97.3201,90.0000,top
"C1100","2.2uF","0402-TIGHT",109.8296,-94.9071,90.0000,top
"C1104","10nF","0402-TIGHT",104.8131,-117.7671,-90.0000,top
"C1105","1.0uF","0402-TIGHT",106.6546,-117.1321,180.0000,top
"C1110","100pF","0402-TIGHT",104.6226,-94.3356,90.0000,top
"C1112","2.2uF","0402-TIGHT",104.8766,-85.8901,90.0000,top
"C1113","2.2uF","0402-TIGHT",113.8936,-85.8901,90.0000,top
"C1114","100pF","0402-TIGHT",119.8626,-91.4781,90.0000,top
"C1115","100pF","0402-TIGHT",122.6566,-96.6216,-90.0000,top
"C1116","100pF","0402-TIGHT",121.1961,-88.7476,0.0000,top
"C1120","100pF","0402-TIGHT",119.1641,-89.7001,180.0000,top
"C1121","100pF","0402-TIGHT",123.6091,-89.2556,90.0000,top
"C1126","22pF","0402-TIGHT",117.8941,-113.8301,-90.0000,top
"C1127","0.1uF","0402-TIGHT",116.9416,-113.8301,-90.0000,top
"C1128","22pF","0402-TIGHT",120.7516,-113.8301,-90.0000,top
"C1129","0.1uF","0402-TIGHT",119.7991,-114.1476,-90.0000,top
"C1137","100pF","0402-TIGHT",117.1956,-103.2891,0.0000,top
"C1138","1.0uF","0402-TIGHT",117.1956,-101.8921,0.0000,top
"C1139","10uF","0402-TIGHT",117.1956,-100.4951,0.0000,top
"C1140","100pF","0402-TIGHT",118.6561,-103.4796,90.0000,top
"C1141","100pF","0402-TIGHT",118.6561,-100.4316,90.0000,top
"C1147","2.4 pF","0402_MURATA",122.6566,-100.8126,90.0000,top
"C1148","9.1pF","0402-TIGHT",118.4021,-90.9701,0.0000,top
"C1152","100pF","0402-TIGHT",121.0056,-97.3201,90.0000,top
"C1153","2.2uF","0402-TIGHT",121.0056,-94.9071,90.0000,top
"C1157","10nF","0402-TIGHT",115.9891,-117.7671,-90.0000,top
"C1158","1.0uF","0402-TIGHT",117.8306,-117.1321,180.0000,top
"C1163","100pF","0402-TIGHT",115.7986,-94.3356,90.0000,top
"C1165","2.2uF","0402-TIGHT",116.0526,-85.8901,90.0000,top
"C1166","2.2uF","0402-TIGHT",125.0696,-85.8901,90.0000,top
"C1167","100pF","0402-TIGHT",131.0386,-91.4781,90.0000,top
"C1168","100pF","0402-TIGHT",133.8326,-96.6216,-90.0000,top
"C1169","100pF","0402-TIGHT",132.3721,-88.7476,0.0000,top
"C1173","100pF","0402-TIGHT",130.3401,-89.7001,180.0000,top
"C1174","100pF","0402-TIGHT",134.7851,-89.2556,90.0000,top
"C1179","22pF","0402-TIGHT",129.0701,-113.8301,-90.0000,top
"C1180","0.1uF","0402-TIGHT",128.1176,-113.8301,-90.0000,top
"C1181","22pF","0402-TIGHT",131.9276,-113.8301,-90.0000,top
"C1182","0.1uF","0402-TIGHT",130.9751,-114.1476,-90.0000,top
"C1190","100pF","0402-TIGHT",128.3716,-103.2891,0.0000,top
"C1191","1.0uF","0402-TIGHT",128.3716,-101.8921,0.0000,top
"C1192","10uF","0402-TIGHT",128.3716,-100.4951,0.0000,top
"C1193","100pF","0402-TIGHT",129.8321,-103.4796,90.0000,top
"C1194","100pF","0402-TIGHT",129.8321,-100.4316,90.0000,top
"C1200","2.4 pF","0402_MURATA",133.8326,-100.8126,90.0000,top
"C1201","9.1pF","0402-TIGHT",129.5781,-90.9701,0.0000,top
"C1205","100pF","0402-TIGHT",132.1816,-97.3201,90.0000,top
"C1206","2.2uF","0402-TIGHT",132.1816,-94.9071,90.0000,top
"C1210","10nF","0402-TIGHT",127.1651,-117.7671,-90.0000,top
"C1211","1.0uF","0402-TIGHT",129.0066,-117.1321,180.0000,top
"C1216","100pF","0402-TIGHT",126.9746,-94.3356,90.0000,top
"C1218","2.2uF","0402-TIGHT",127.2286,-85.8901,90.0000,top
"C1219","2.2uF","0402-TIGHT",136.2456,-85.8901,90.0000,top
"C1220","100pF","0402-TIGHT",142.2146,-91.4781,90.0000,top
"C1221","100pF","0402-TIGHT",145.0086,-96.6216,-90.0000,top
"C1222","100pF","0402-TIGHT",143.5481,-88.7476,0.0000,top
"C1226","100pF","0402-TIGHT",141.5161,-89.7001,180.0000,top
"C1227","100pF","0402-TIGHT",145.9611,-89.2556,90.0000,top
"C1232","22pF","0402-TIGHT",140.2461,-113.8301,-90.0000,top
"C1233","0.1uF","0402-TIGHT",139.2936,-113.8301,-90.0000,top
"C1234","22pF","0402-TIGHT",143.1036,-113.8301,-90.0000,top
"C1235","0.1uF","0402-TIGHT",142.1511,-114.1476,-90.0000,top
"C1243","100pF","0402-TIGHT",139.5476,-103.2891,0.0000,top
"C1244","1.0uF","0402-TIGHT",139.5476,-101.8921,0.0000,top
"C1245","10uF","0402-TIGHT",139.5476,-100.4951,0.0000,top
"C1246","100pF","0402-TIGHT",141.0081,-103.4796,90.0000,top
"C1247","100pF","0402-TIGHT",141.0081,-100.4316,90.0000,top
"C1253","2.4 pF","0402_MURATA",145.0086,-100.8126,90.0000,top
"C1254","9.1pF","0402-TIGHT",140.7541,-90.9701,0.0000,top
"C1258","100pF","0402-TIGHT",143.3576,-97.3201,90.0000,top
"C1259","2.2uF","0402-TIGHT",143.3576,-94.9071,90.0000,top
"C1263","10nF","0402-TIGHT",138.3411,-117.7671,-90.0000,top
"C1264","1.0uF","0402-TIGHT",140.1826,-117.1321,180.0000,top
"C1269","100pF","0402-TIGHT",138.1506,-94.3356,90.0000,top
"C1271","2.2uF","0402-TIGHT",138.4046,-85.8901,90.0000,top
"C1272","2.2uF","0402-TIGHT",147.4216,-85.8901,90.0000,top
"C1273","100pF","0402-TIGHT",153.3906,-91.4781,90.0000,top
"C1274","100pF","0402-TIGHT",156.1846,-96.6216,-90.0000,top
"C1275","100pF","0402-TIGHT",154.7241,-88.7476,0.0000,top
"C1279","100pF","0402-TIGHT",152.6921,-89.7001,180.0000,top
"C1280","100pF","0402-TIGHT",157.1371,-89.2556,90.0000,top
"C1285","22pF","0402-TIGHT",151.4221,-113.8301,-90.0000,top
"C1286","0.1uF","0402-TIGHT",150.4696,-113.8301,-90.0000,top
"C1287","22pF","0402-TIGHT",154.2796,-113.8301,-90.0000,top
"C1288","0.1uF","0402-TIGHT",153.3271,-114.1476,-90.0000,top
"C1296","100pF","0402-TIGHT",150.7236,-103.2891,0.0000,top
"C1297","1.0uF","0402-TIGHT",150.7236,-101.8921,0.0000,top
"C1298","10uF","0402-TIGHT",150.7236,-100.4951,0.0000,top
"C1299","100pF","0402-TIGHT",152.1841,-103.4796,90.0000,top
"C1300","100pF","0402-TIGHT",152.1841,-100.4316,90.0000,top
"C1306","2.4 pF","0402_MURATA",156.1846,-100.8126,90.0000,top
"C1307","9.1pF","0402-TIGHT",151.9301,-90.9701,0.0000,top
"C1311","100pF","0402-TIGHT",154.5336,-97.3201,90.0000,top
"C1312","2.2uF","0402-TIGHT",154.5336,-94.9071,90.0000,top
"C1316","10nF","0402-TIGHT",149.5171,-117.7671,-90.0000,top
"C1317","1.0uF","0402-TIGHT",151.3586,-117.1321,180.0000,top
"C1322","100pF","0402-TIGHT",149.3266,-94.3356,90.0000,top
"C1324","2.2uF","0402-TIGHT",149.5806,-85.8901,90.0000,top
"C1325","2.2uF","0402-TIGHT",158.5976,-85.8901,90.0000,top
"C1326","100pF","0402-TIGHT",164.5666,-91.4781,90.0000,top
"C1327","100pF","0402-TIGHT",167.3606,-96.6216,-90.0000,top
"C1328","100pF","0402-TIGHT",165.9001,-88.7476,0.0000,top
"C1332","100pF","0402-TIGHT",163.8681,-89.7001,180.0000,top
"C1333","100pF","0402-TIGHT",168.3131,-89.2556,90.0000,top
"C1338","22pF","0402-TIGHT",162.5981,-113.8301,-90.0000,top
"C1339","0.1uF","0402-TIGHT",161.6456,-113.8301,-90.0000,top
"C1340","22pF","0402-TIGHT",165.4556,-113.8301,-90.0000,top
"C1341","0.1uF","0402-TIGHT",164.5031,-114.1476,-90.0000,top
"C1349","100pF","0402-TIGHT",161.8996,-103.2891,0.0000,top
"C1350","1.0uF","0402-TIGHT",161.8996,-101.8921,0.0000,top
"C1351","10uF","0402-TIGHT",161.8996,-100.4951,0.0000,top
"C1352","100pF","0402-TIGHT",163.3601,-103.4796,90.0000,top
"C1353","100pF","0402-TIGHT",163.3601,-100.4316,90.0000,top
"C1359","2.4 pF","0402_MURATA",167.3606,-100.8126,90.0000,top
"C1360","9.1pF","0402-TIGHT",163.1061,-90.9701,0.0000,top
"C1364","100pF","0402-TIGHT",165.7096,-97.3201,90.0000,top
"C1365","2.2uF","0402-TIGHT",165.7096,-94.9071,90.0000,top
"C1369","10nF","0402-TIGHT",160.6931,-117.7671,-90.0000,top
"C1370","1.0uF","0402-TIGHT",162.5346,-117.1321,180.0000,top
"C1375","100pF","0402-TIGHT",160.5026,-94.3356,90.0000,top
"C1377","2.2uF","0402-TIGHT",160.7566,-85.8901,90.0000,top
"C1378","2.2uF","0402-TIGHT",169.7736,-85.8901,90.0000,top
"C1379","100pF","0402-TIGHT",175.7426,-91.4781,90.0000,top
"C1380","100pF","0402-TIGHT",178.5366,-96.6216,-90.0000,top
"C1381","100pF","0402-TIGHT",177.0761,-88.7476,0.0000,top
"C1385","100pF","0402-TIGHT",175.0441,-89.7001,180.0000,top
"C1386","100pF","0402-TIGHT",179.4891,-89.2556,90.0000,top
"C1391","22pF","0402-TIGHT",173.7741,-113.8301,-90.0000,top
"C1392","0.1uF","0402-TIGHT",172.8216,-113.8301,-90.0000,top
"C1393","22pF","0402-TIGHT",176.6316,-113.8301,-90.0000,top
"C1394","0.1uF","0402-TIGHT",175.6791,-114.1476,-90.0000,top
"C1402","100pF","0402-TIGHT",173.0756,-103.2891,0.0000,top
"C1403","1.0uF","0402-TIGHT",173.0756,-101.8921,0.0000,top
"C1404","10uF","0402-TIGHT",173.0756,-100.4951,0.0000,top
"C1405","100pF","0402-TIGHT",174.5361,-103.4796,90.0000,top
"C1406","100pF","0402-TIGHT",174.5361,-100.4316,90.0000,top
"C1412","2.4 pF","0402_MURATA",178.5366,-100.8126,90.0000,top
"C1413","9.1pF","0402-TIGHT",174.2821,-90.9701,0.0000,top
"C1417","100pF","0402-TIGHT",176.8856,-97.3201,90.0000,top
"C1418","2.2uF","0402-TIGHT",176.8856,-94.9071,90.0000,top
"C1422","10nF","0402-TIGHT",171.8691,-117.7671,-90.0000,top
"C1423","1.0uF","0402-TIGHT",173.7106,-117.1321,180.0000,top
"C1428","100pF","0402-TIGHT",171.6786,-94.3356,90.0000,top
"C1430","2.2uF","0402-TIGHT",171.9326,-85.8901,90.0000,top
"C1431","2.2uF","0402-TIGHT",180.9496,-85.8901,90.0000,top
"C1432","100pF","0402-TIGHT",186.9186,-91.4781,90.0000,top
"C1433","100pF","0402-TIGHT",189.7126,-96.6216,-90.0000,top
"C1434","100pF","0402-TIGHT",188.2521,-88.7476,0.0000,top
"C1438","100pF","0402-TIGHT",186.2201,-89.7001,180.0000,top
"C1439","100pF","0402-TIGHT",190.6651,-89.2556,90.0000,top
"C1444","22pF","0402-TIGHT",184.9501,-113.8301,-90.0000,top
"C1445","0.1uF","0402-TIGHT",183.9976,-113.8301,-90.0000,top
"C1446","22pF","0402-TIGHT",187.8076,-113.8301,-90.0000,top
"C1447","0.1uF","0402-TIGHT",186.8551,-114.1476,-90.0000,top
"C1455","100pF","0402-TIGHT",184.2516,-103.2891,0.0000,top
"C1456","1.0uF","0402-TIGHT",184.2516,-101.8921,0.0000,top
"C1457","10uF","0402-TIGHT",184.2516,-100.4951,0.0000,top
"C1458","100pF","0402-TIGHT",185.7121,-103.4796,90.0000,top
"C1459","100pF","0402-TIGHT",185.7121,-100.4316,90.0000,top
"C1465","2.4 pF","0402_MURATA",189.7126,-100.8126,90.0000,top
"C1466","9.1pF","0402-TIGHT",185.4581,-90.9701,0.0000,top
"C1470","100pF","0402-TIGHT",188.0616,-97.3201,90.0000,top
"C1471","2.2uF","0402-TIGHT",188.0616,-94.9071,90.0000,top
"C1475","10nF","0402-TIGHT",183.0451,-117.7671,-90.0000,top
"C1476","1.0uF","0402-TIGHT",184.8866,-117.1321,180.0000,top
"C1481","100pF","0402-TIGHT",182.8546,-94.3356,90.0000,top
"C1483","2.2uF","0402-TIGHT",183.1086,-85.8901,90.0000,top
"C1484","2.2uF","0402-TIGHT",192.1256,-85.8901,90.0000,top
"C1485","100pF","0402-TIGHT",198.0946,-91.4781,90.0000,top
"C1486","100pF","0402-TIGHT",200.8886,-96.6216,-90.0000,top
"C1487","100pF","0402-TIGHT",199.4281,-88.7476,0.0000,top
"C1491","100pF","0402-TIGHT",197.3961,-89.7001,180.0000,top
"C1492","100pF","0402-TIGHT",201.8411,-89.2556,90.0000,top
"C1497","22pF","0402-TIGHT",196.1261,-113.8301,-90.0000,top
"C1498","0.1uF","0402-TIGHT",195.1736,-113.8301,-90.0000,top
"C1499","22pF","0402-TIGHT",198.9836,-113.8301,-90.0000,top
"C1500","0.1uF","0402-TIGHT",198.0311,-114.1476,-90.0000,top
"C1508","100pF","0402-TIGHT",195.4276,-103.2891,0.0000,top
"C1509","1.0uF","0402-TIGHT",195.4276,-101.8921,0.0000,top
"C1510","10uF","0402-TIGHT",195.4276,-100.4951,0.0000,top
"C1511","100pF","0402-TIGHT",196.8881,-103.4796,90.0000,top
"C1512","100pF","0402-TIGHT",196.8881,-100.4316,90.0000,top
"C1518","2.4 pF","0402_MURATA",200.8886,-100.8126,90.0000,top
"C1519","9.1pF","0402-TIGHT",196.6341,-90.9701,0.0000,top
"C1523","100pF","0402-TIGHT",199.2376,-97.3201,90.0000,top
"C1524","2.2uF","0402-TIGHT",199.2376,-94.9071,90.0000,top
"C1528","10nF","0402-TIGHT",194.2211,-117.7671,-90.0000,top
"C1529","1.0uF","0402-TIGHT",196.0626,-117.1321,180.0000,top
"C1534","100pF","0402-TIGHT",194.0306,-94.3356,90.0000,top
"C1536","2.2uF","0402-TIGHT",194.2846,-85.8901,90.0000,top
"C1537","2.2uF","0402-TIGHT",203.3016,-85.8901,90.0000,top
"C1538","100pF","0402-TIGHT",209.2706,-91.4781,90.0000,top
"C1539","100pF","0402-TIGHT",212.0646,-96.6216,-90.0000,top
"C1540","100pF","0402-TIGHT",210.6041,-88.7476,0.0000,top
"C1544","100pF","0402-TIGHT",208.5721,-89.7001,180.0000,top
"C1545","100pF","0402-TIGHT",213.0171,-89.2556,90.0000,top
"C1550","22pF","0402-TIGHT",207.3021,-113.8301,-90.0000,top
"C1551","0.1uF","0402-TIGHT",206.3496,-113.8301,-90.0000,top
"C1552","22pF","0402-TIGHT",210.1596,-113.8301,-90.0000,top
"C1553","0.1uF","0402-TIGHT",209.2071,-114.1476,-90.0000,top
"C1561","100pF","0402-TIGHT",206.6036,-103.2891,0.0000,top
"C1562","1.0uF","0402-TIGHT",206.6036,-101.8921,0.0000,top
"C1563","10uF","0402-TIGHT",206.6036,-100.4951,0.0000,top
"C1564","100pF","0402-TIGHT",208.0641,-103.4796,90.0000,top
"C1565","100pF","0402-TIGHT",208.0641,-100.4316,90.0000,top
"C1571","2.4 pF","0402_MURATA",212.0646,-100.8126,90.0000,top
"C1572","9.1pF","0402-TIGHT",207.8101,-90.9701,0.0000,top
"C1576","100pF","0402-TIGHT",210.4136,-97.3201,90.0000,top
"C1577","2.2uF","0402-TIGHT",210.4136,-94.9071,90.0000,top
"C1581","10nF","0402-TIGHT",205.3971,-117.7671,-90.0000,top
"C1582","1.0uF","0402-TIGHT",207.2386,-117.1321,180.0000,top
"C1587","100pF","0402-TIGHT",205.2066,-94.3356,90.0000,top
"C1589","2.2uF","0402-TIGHT",205.4606,-85.8901,90.0000,top
"C1590","2.2uF","0402-TIGHT",214.4776,-85.8901,90.0000,top
"C1591","100pF","0402-TIGHT",220.4466,-91.4781,90.0000,top
"C1592","100pF","0402-TIGHT",223.2406,-96.6216,-90.0000,top
"C1593","100pF","0402-TIGHT",221.7801,-88.7476,0.0000,top
"C1597","100pF","0402-TIGHT",219.7481,-89.7001,180.0000,top
"C1598","100pF","0402-TIGHT",224.1931,-89.2556,90.0000,top
"C1603","22pF","0402-TIGHT",218.4781,-113.8301,-90.0000,top
"C1604","0.1uF","0402-TIGHT",217.5256,-113.8301,-90.0000,top
"C1605","22pF","0402-TIGHT",221.3356,-113.8301,-90.0000,top
"C1606","0.1uF","0402-TIGHT",220.3831,-114.1476,-90.0000,top
"C1614","100pF","0402-TIGHT",217.7796,-103.2891,0.0000,top
"C1615","1.0uF","0402-TIGHT",217.7796,-101.8921,0.0000,top
"C1616","10uF","0402-TIGHT",217.7796,-100.4951,0.0000,top
"C1617","100pF","0402-TIGHT",219.2401,-103.4796,90.0000,top
"C1618","100pF","0402-TIGHT",219.2401,-100.4316,90.0000,top
"C1624","2.4 pF","0402_MURATA",223.2406,-100.8126,90.0000,top
"C1625","9.1pF","0402-TIGHT",218.9861,-90.9701,0.0000,top
"C1629","100pF","0402-TIGHT",221.5896,-97.3201,90.0000,top
"C1630","2.2uF","0402-TIGHT",221.5896,-94.9071,90.0000,top
"C1634","10nF","0402-TIGHT",216.5731,-117.7671,-90.0000,top
"C1635","1.0uF","0402-TIGHT",218.4146,-117.1321,180.0000,top
"C1640","100pF","0402-TIGHT",216.3826,-94.3356,90.0000,top
"C1642","2.2uF","0402-TIGHT",216.6366,-85.8901,90.0000,top
"C1643","2.2uF","0402-TIGHT",225.6536,-85.8901,90.0000,top
"C1644","100pF","0402-TIGHT",231.6226,-91.4781,90.0000,top
"C1645","100pF","0402-TIGHT",234.4166,-96.6216,-90.0000,top
"C1646","100pF","0402-TIGHT",232.9561,-88.7476,0.0000,top
"C1650","100pF","0402-TIGHT",230.9241,-89.7001,180.0000,top
"C1651","100pF","0402-TIGHT",235.3691,-89.2556,90.0000,top
"C1656","22pF","0402-TIGHT",229.6541,-113.8301,-90.0000,top
"C1657","0.1uF","0402-TIGHT",228.7016,-113.8301,-90.0000,top
"C1658","22pF","0402-TIGHT",232.5116,-113.8301,-90.0000,top
"C1659","0.1uF","0402-TIGHT",231.5591,-114.1476,-90.0000,top
"C1667","100pF","0402-TIGHT",228.9556,-103.2891,0.0000,top
"C1668","1.0uF","0402-TIGHT",228.9556,-101.8921,0.0000,top
"C1669","10uF","0402-TIGHT",228.9556,-100.4951,0.0000,top
"C1670","100pF","0402-TIGHT",230.4161,-103.4796,90.0000,top
"C1671","100pF","0402-TIGHT",230.4161,-100.4316,90.0000,top
"C1677","2.4 pF","0402_MURATA",234.4166,-100.8126,90.0000,top
"C1678","9.1pF","0402-TIGHT",230.1621,-90.9701,0.0000,top
"C1682","100pF","0402-TIGHT",232.7656,-97.3201,90.0000,top
"C1683","2.2uF","0402-TIGHT",232.7656,-94.9071,90.0000,top
"C1687","10nF","0402-TIGHT",227.7491,-117.7671,-90.0000,top
"C1688","1.0uF","0402-TIGHT",229.5906,-117.1321,180.0000,top
"C1693","100pF","0402-TIGHT",227.5586,-94.3356,90.0000,top
"C1695","2.2uF","0402-TIGHT",227.8126,-85.8901,90.0000,top
"C1696","2.2uF","0402-TIGHT",236.8296,-85.8901,90.0000,top
"C1697","100pF","0402-TIGHT",63.9826,-50.3301,90.0000,top
"C1698","100pF","0402-TIGHT",66.7766,-55.4736,-90.0000,top
"C1699","100pF","0402-TIGHT",65.3161,-47.5996,0.0000,top
"C1703","100pF","0402-TIGHT",63.2841,-48.5521,180.0000,top
"C1704","100pF","0402-TIGHT",67.7291,-48.1076,90.0000,top
"C1709","22pF","0402-TIGHT",62.0141,-72.6821,-90.0000,top
"C1710","0.1uF","0402-TIGHT",61.0616,-72.6821,-90.0000,top
"C1711","22pF","0402-TIGHT",64.8716,-72.6821,-90.0000,top
"C1712","0.1uF","0402-TIGHT",63.9191,-72.9996,-90.0000,top
"C1720","100pF","0402-TIGHT",61.3156,-62.1411,0.0000,top
"C1721","1.0uF","0402-TIGHT",61.3156,-60.7441,0.0000,top
"C1722","10uF","0402-TIGHT",61.3156,-59.3471,0.0000,top
"C1723","100pF","0402-TIGHT",62.7761,-62.3316,90.0000,top
"C1724","100pF","0402-TIGHT",62.7761,-59.2836,90.0000,top
"C1730","2.4 pF","0402_MURATA",66.7766,-59.6646,90.0000,top
"C1731","9.1pF","0402-TIGHT",62.5221,-49.8221,0.0000,top
"C1735","100pF","0402-TIGHT",65.1256,-56.1721,90.0000,top
"C1736","2.2uF","0402-TIGHT",65.1256,-53.7591,90.0000,top
"C1740","10nF","0402-TIGHT",60.1091,-76.6191,-90.0000,top
"C1741","1.0uF","0402-TIGHT",61.9506,-75.9841,180.0000,top
"C1746","100pF","0402-TIGHT",59.9186,-53.1876,90.0000,top
"C1748","2.2uF","0402-TIGHT",60.1726,-44.7421,90.0000,top
"C1749","2.2uF","0402-TIGHT",69.1896,-44.7421,90.0000,top
"C1750","100pF","0402-TIGHT",75.1586,-50.3301,90.0000,top
"C1751","100pF","0402-TIGHT",77.9526,-55.4736,-90.0000,top
"C1752","100pF","0402-TIGHT",76.4921,-47.5996,0.0000,top
"C1756","100pF","0402-TIGHT",74.4601,-48.5521,180.0000,top
"C1757","100pF","0402-TIGHT",78.9051,-48.1076,90.0000,top
"C1762","22pF","0402-TIGHT",73.1901,-72.6821,-90.0000,top
"C1763","0.1uF","0402-TIGHT",72.2376,-72.6821,-90.0000,top
"C1764","22pF","0402-TIGHT",76.0476,-72.6821,-90.0000,top
"C1765","0.1uF","0402-TIGHT",75.0951,-72.9996,-90.0000,top
"C1773","100pF","0402-TIGHT",72.4916,-62.1411,0.0000,top
"C1774","1.0uF","0402-TIGHT",72.4916,-60.7441,0.0000,top
"C1775","10uF","0402-TIGHT",72.4916,-59.3471,0.0000,top
"C1776","100pF","0402-TIGHT",73.9521,-62.3316,90.0000,top
"C1777","100pF","0402-TIGHT",73.9521,-59.2836,90.0000,top
"C1783","2.4 pF","0402_MURATA",77.9526,-59.6646,90.0000,top
"C1784","9.1pF","0402-TIGHT",73.6981,-49.8221,0.0000,top
"C1788","100pF","0402-TIGHT",76.3016,-56.1721,90.0000,top
"C1789","2.2uF","0402-TIGHT",76.3016,-53.7591,90.0000,top
"C1793","10nF","0402-TIGHT",71.2851,-76.6191,-90.0000,top
"C1794","1.0uF","0402-TIGHT",73.1266,-75.9841,180.0000,top
"C1799","100pF","0402-TIGHT",71.0946,-53.1876,90.0000,top
"C1801","2.2uF","0402-TIGHT",71.3486,-44.7421,90.0000,top
"C1802","2.2uF","0402-TIGHT",80.3656,-44.7421,90.0000,top
"C1803","100pF","0402-TIGHT",86.3346,-50.3301,90.0000,top
"C1804","100pF","0402-TIGHT",89.1286,-55.4736,-90.0000,top
"C1805","100pF","0402-TIGHT",87.6681,-47.5996,0.0000,top
"C1809","100pF","0402-TIGHT",85.6361,-48.5521,180.0000,top
"C1810","100pF","0402-TIGHT",90.0811,-48.1076,90.0000,top
"C1815","22pF","0402-TIGHT",84.3661,-72.6821,-90.0000,top
"C1816","0.1uF","0402-TIGHT",83.4136,-72.6821,-90.0000,top
"C1817","22pF","0402-TIGHT",87.2236,-72.6821,-90.0000,top
"C1818","0.1uF","0402-TIGHT",86.2711,-72.9996,-90.0000,top
"C1826","100pF","0402-TIGHT",83.6676,-62.1411,0.0000,top
"C1827","1.0uF","0402-TIGHT",83.6676,-60.7441,0.0000,top
"C1828","10uF","0402-TIGHT",83.6676,-59.3471,0.0000,top
"C1829","100pF","0402-TIGHT",85.1281,-62.3316,90.0000,top
"C1830","100pF","0402-TIGHT",85.1281,-59.2836,90.0000,top
"C1836","2.4 pF","0402_MURATA",89.1286,-59.6646,90.0000,top
"C1837","9.1pF","0402-TIGHT",84.8741,-49.8221,0.0000,top
"C1841","100pF","0402-TIGHT",87.4776,-56.1721,90.0000,top
"C1842","2.2uF","0402-TIGHT",87.4776,-53.7591,90.0000,top
"C1846","10nF","0402-TIGHT",82.4611,-76.6191,-90.0000,top
"C1847","1.0uF","0402-TIGHT",84.3026,-75.9841,180.0000,top
"C1852","100pF","0402-TIGHT",82.2706,-53.1876,90.0000,top
"C1854","2.2uF","0402-TIGHT",82.5246,-44.7421,90.0000,top
"C1855","2.2uF","0402-TIGHT",91.5416,-44.7421,90.0000,top
"C1856","100pF","0402-TIGHT",97.5106,-50.3301,90.0000,top
"C1857","100pF","0402-TIGHT",100.3046,-55.4736,-90.0000,top
"C1858","100pF","0402-TIGHT",98.8441,-47.5996,0.0000,top
"C1862","100pF","0402-TIGHT",96.8121,-48.5521,180.0000,top
"C1863","100pF","0402-TIGHT",101.2571,-48.1076,90.0000,top
"C1868","22pF","0402-TIGHT",95.5421,-72.6821,-90.0000,top
"C1869","0.1uF","0402-TIGHT",94.5896,-72.6821,-90.0000,top
"C1870","22pF","0402-TIGHT",98.3996,-72.6821,-90.0000,top
"C1871","0.1uF","0402-TIGHT",97.4471,-72.9996,-90.0000,top
"C1879","100pF","0402-TIGHT",94.8436,-62.1411,0.0000,top
"C1880","1.0uF","0402-TIGHT",94.8436,-60.7441,0.0000,top
"C1881","10uF","0402-TIGHT",94.8436,-59.3471,0.0000,top
"C1882","100pF","0402-TIGHT",96.3041,-62.3316,90.0000,top
"C1883","100pF","0402-TIGHT",96.3041,-59.2836,90.0000,top
"C1889","2.4 pF","0402_MURATA",100.3046,-59.6646,90.0000,top
"C1890","9.1pF","0402-TIGHT",96.0501,-49.8221,0.0000,top
"C1894","100pF","0402-TIGHT",98.6536,-56.1721,90.0000,top
"C1895","2.2uF","0402-TIGHT",98.6536,-53.7591,90.0000,top
"C1899","10nF","0402-TIGHT",93.6371,-76.6191,-90.0000,top
"C1900","1.0uF","0402-TIGHT",95.4786,-75.9841,180.0000,top
"C1905","100pF","0402-TIGHT",93.4466,-53.1876,90.0000,top
"C1907","2.2uF","0402-TIGHT",93.7006,-44.7421,90.0000,top
"C1908","2.2uF","0402-TIGHT",102.7176,-44.7421,90.0000,top
"C1909","100pF","0402-TIGHT",108.6866,-50.3301,90.0000,top
"C1910","100pF","0402-TIGHT",111.4806,-55.4736,-90.0000,top
"C1911","100pF","0402-TIGHT",110.0201,-47.5996,0.0000,top
"C1915","100pF","0402-TIGHT",107.9881,-48.5521,180.0000,top
"C1916","100pF","0402-TIGHT",112.4331,-48.1076,90.0000,top
"C1921","22pF","0402-TIGHT",106.7181,-72.6821,-90.0000,top
"C1922","0.1uF","0402-TIGHT",105.7656,-72.6821,-90.0000,top
"C1923","22pF","0402-TIGHT",109.5756,-72.6821,-90.0000,top
"C1924","0.1uF","0402-TIGHT",108.6231,-72.9996,-90.0000,top
"C1932","100pF","0402-TIGHT",106.0196,-62.1411,0.0000,top
"C1933","1.0uF","0402-TIGHT",106.0196,-60.7441,0.0000,top
"C1934","10uF","0402-TIGHT",106.0196,-59.3471,0.0000,top
"C1935","100pF","0402-TIGHT",107.4801,-62.3316,90.0000,top
"C1936","100pF","0402-TIGHT",107.4801,-59.2836,90.0000,top
"C1942","2.4 pF","0402_MURATA",111.4806,-59.6646,90.0000,top
"C1943","9.1pF","0402-TIGHT",107.2261,-49.8221,0.0000,top
"C1947","100pF","0402-TIGHT",109.8296,-56.1721,90.0000,top
"C1948","2.2uF","0402-TIGHT",109.8296,-53.7591,90.0000,top
"C1952","10nF","0402-TIGHT",104.8131,-76.6191,-90.0000,top
"C1953","1.0uF","0402-TIGHT",106.6546,-75.9841,180.0000,top
"C1958","100pF","0402-TIGHT",104.6226,-53.1876,90.0000,top
"C1960","2.2uF","0402-TIGHT",104.8766,-44.7421,90.0000,top
"C1961","2.2uF","0402-TIGHT",113.8936,-44.7421,90.0000,top
"C1962","100pF","0402-TIGHT",119.8626,-50.3301,90.0000,top
"C1963","100pF","0402-TIGHT",122.6566,-55.4736,-90.0000,top
"C1964","100pF","0402-TIGHT",121.1961,-47.5996,0.0000,top
"C1968","100pF","0402-TIGHT",119.1641,-48.5521,180.0000,top
"C1969","100pF","0402-TIGHT",123.6091,-48.1076,90.0000,top
"C1974","22pF","0402-TIGHT",117.8941,-72.6821,-90.0000,top
"C1975","0.1uF","0402-TIGHT",116.9416,-72.6821,-90.0000,top
"C1976","22pF","0402-TIGHT",120.7516,-72.6821,-90.0000,top
"C1977","0.1uF","0402-TIGHT",119.7991,-72.9996,-90.0000,top
"C1985","100pF","0402-TIGHT",117.1956,-62.1411,0.0000,top
"C1986","1.0uF","0402-TIGHT",117.1956,-60.7441,0.0000,top
"C1987","10uF","0402-TIGHT",117.1956,-59.3471,0.0000,top
"C1988","100pF","0402-TIGHT",118.6561,-62.3316,90.0000,top
"C1989","100pF","0402-TIGHT",118.6561,-59.2836,90.0000,top
"C1995","2.4 pF","0402_MURATA",122.6566,-59.6646,90.0000,top
"C1996","9.1pF","0402-TIGHT",118.4021,-49.8221,0.0000,top
"C2000","100pF","0402-TIGHT",121.0056,-56.1721,90.0000,top
"C2001","2.2uF","0402-TIGHT",121.0056,-53.7591,90.0000,top
"C2005","10nF","0402-TIGHT",115.9891,-76.6191,-90.0000,top
"C2006","1.0uF","0402-TIGHT",117.8306,-75.9841,180.0000,top
"C2011","100pF","0402-TIGHT",115.7986,-53.1876,90.0000,top
"C2013","2.2uF","0402-TIGHT",116.0526,-44.7421,90.0000,top
"C2014","2.2uF","0402-TIGHT",125.0696,-44.7421,90.0000,top
"C2015","100pF","0402-TIGHT",131.0386,-50.3301,90.0000,top
"C2016","100pF","0402-TIGHT",133.8326,-55.4736,-90.0000,top
"C2017","100pF","0402-TIGHT",132.3721,-47.5996,0.0000,top
"C2021","100pF","0402-TIGHT",130.3401,-48.5521,180.0000,top
"C2022","100pF","0402-TIGHT",134.7851,-48.1076,90.0000,top
"C2027","22pF","0402-TIGHT",129.0701,-72.6821,-90.0000,top
"C2028","0.1uF","0402-TIGHT",128.1176,-72.6821,-90.0000,top
"C2029","22pF","0402-TIGHT",131.9276,-72.6821,-90.0000,top
"C2030","0.1uF","0402-TIGHT",130.9751,-72.9996,-90.0000,top
"C2038","100pF","0402-TIGHT",128.3716,-62.1411,0.0000,top
"C2039","1.0uF","0402-TIGHT",128.3716,-60.7441,0.0000,top
"C2040","10uF","0402-TIGHT",128.3716,-59.3471,0.0000,top
"C2041","100pF","0402-TIGHT",129.8321,-62.3316,90.0000,top
"C2042","100pF","0402-TIGHT",129.8321,-59.2836,90.0000,top
"C2048","2.4 pF","0402_MURATA",133.8326,-59.6646,90.0000,top
"C2049","9.1pF","0402-TIGHT",129.5781,-49.8221,0.0000,top
"C2053","100pF","0402-TIGHT",132.1816,-56.1721,90.0000,top
"C2054","2.2uF","0402-TIGHT",132.1816,-53.7591,90.0000,top
"C2058","10nF","0402-TIGHT",127.1651,-76.6191,-90.0000,top
"C2059","1.0uF","0402-TIGHT",129.0066,-75.9841,180.0000,top
"C2064","100pF","0402-TIGHT",126.9746,-53.1876,90.0000,top
"C2066","2.2uF","0402-TIGHT",127.2286,-44.7421,90.0000,top
"C2067","2.2uF","0402-TIGHT",136.2456,-44.7421,90.0000,top
"C2068","100pF","0402-TIGHT",142.2146,-50.3301,90.0000,top
"C2069","100pF","0402-TIGHT",145.0086,-55.4736,-90.0000,top
"C2070","100pF","0402-TIGHT",143.5481,-47.5996,0.0000,top
"C2074","100pF","0402-TIGHT",141.5161,-48.5521,180.0000,top
"C2075","100pF","0402-TIGHT",145.9611,-48.1076,90.0000,top
"C2080","22pF","0402-TIGHT",140.2461,-72.6821,-90.0000,top
"C2081","0.1uF","0402-TIGHT",139.2936,-72.6821,-90.0000,top
"C2082","22pF","0402-TIGHT",143.1036,-72.6821,-90.0000,top
"C2083","0.1uF","0402-TIGHT",142.1511,-72.9996,-90.0000,top
"C2091","100pF","0402-TIGHT",139.5476,-62.1411,0.0000,top
"C2092","1.0uF","0402-TIGHT",139.5476,-60.7441,0.0000,top
"C2093","10uF","0402-TIGHT",139.5476,-59.3471,0.0000,top
"C2094","100pF","0402-TIGHT",141.0081,-62.3316,90.0000,top
"C2095","100pF","0402-TIGHT",141.0081,-59.2836,90.0000,top
"C2101","2.4 pF","0402_MURATA",145.0086,-59.6646,90.0000,top
"C2102","9.1pF","0402-TIGHT",140.7541,-49.8221,0.0000,top
"C2106","100pF","0402-TIGHT",143.3576,-56.1721,90.0000,top
"C2107","2.2uF","0402-TIGHT",143.3576,-53.7591,90.0000,top
"C2111","10nF","0402-TIGHT",138.3411,-76.6191,-90.0000,top
"C2112","1.0uF","0402-TIGHT",140.1826,-75.9841,180.0000,top
"C2117","100pF","0402-TIGHT",138.1506,-53.1876,90.0000,top
"C2119","2.2uF","0402-TIGHT",138.4046,-44.7421,90.0000,top
"C2120","2.2uF","0402-TIGHT",147.4216,-44.7421,90.0000,top
"C2121","100pF","0402-TIGHT",153.3906,-50.3301,90.0000,top
"C2122","100pF","0402-TIGHT",156.1846,-55.4736,-90.0000,top
"C2123","100pF","0402-TIGHT",154.7241,-47.5996,0.0000,top
"C2127","100pF","0402-TIGHT",152.6921,-48.5521,180.0000,top
"C2128","100pF","0402-TIGHT",157.1371,-48.1076,90.0000,top
"C2133","22pF","0402-TIGHT",151.4221,-72.6821,-90.0000,top
"C2134","0.1uF","0402-TIGHT",150.4696,-72.6821,-90.0000,top
"C2135","22pF","0402-TIGHT",154.2796,-72.6821,-90.0000,top
"C2136","0.1uF","0402-TIGHT",153.3271,-72.9996,-90.0000,top
"C2144","100pF","0402-TIGHT",150.7236,-62.1411,0.0000,top
"C2145","1.0uF","0402-TIGHT",150.7236,-60.7441,0.0000,top
"C2146","10uF","0402-TIGHT",150.7236,-59.3471,0.0000,top
"C2147","100pF","0402-TIGHT",152.1841,-62.3316,90.0000,top
"C2148","100pF","0402-TIGHT",152.1841,-59.2836,90.0000,top
"C2154","2.4 pF","0402_MURATA",156.1846,-59.6646,90.0000,top
"C2155","9.1pF","0402-TIGHT",151.9301,-49.8221,0.0000,top
"C2159","100pF","0402-TIGHT",154.5336,-56.1721,90.0000,top
"C2160","2.2uF","0402-TIGHT",154.5336,-53.7591,90.0000,top
"C2164","10nF","0402-TIGHT",149.5171,-76.6191,-90.0000,top
"C2165","1.0uF","0402-TIGHT",151.3586,-75.9841,180.0000,top
"C2170","100pF","0402-TIGHT",149.3266,-53.1876,90.0000,top
"C2172","2.2uF","0402-TIGHT",149.5806,-44.7421,90.0000,top
"C2173","2.2uF","0402-TIGHT",158.5976,-44.7421,90.0000,top
"C2174","100pF","0402-TIGHT",164.5666,-50.3301,90.0000,top
"C2175","100pF","0402-TIGHT",167.3606,-55.4736,-90.0000,top
"C2176","100pF","0402-TIGHT",165.9001,-47.5996,0.0000,top
"C2180","100pF","0402-TIGHT",163.8681,-48.5521,180.0000,top
"C2181","100pF","0402-TIGHT",168.3131,-48.1076,90.0000,top
"C2186","22pF","0402-TIGHT",162.5981,-72.6821,-90.0000,top
"C2187","0.1uF","0402-TIGHT",161.6456,-72.6821,-90.0000,top
"C2188","22pF","0402-TIGHT",165.4556,-72.6821,-90.0000,top
"C2189","0.1uF","0402-TIGHT",164.5031,-72.9996,-90.0000,top
"C2197","100pF","0402-TIGHT",161.8996,-62.1411,0.0000,top
"C2198","1.0uF","0402-TIGHT",161.8996,-60.7441,0.0000,top
"C2199","10uF","0402-TIGHT",161.8996,-59.3471,0.0000,top
"C2200","100pF","0402-TIGHT",163.3601,-62.3316,90.0000,top
"C2201","100pF","0402-TIGHT",163.3601,-59.2836,90.0000,top
"C2207","2.4 pF","0402_MURATA",167.3606,-59.6646,90.0000,top
"C2208","9.1pF","0402-TIGHT",163.1061,-49.8221,0.0000,top
"C2212","100pF","0402-TIGHT",165.7096,-56.1721,90.0000,top
"C2213","2.2uF","0402-TIGHT",165.7096,-53.7591,90.0000,top
"C2217","10nF","0402-TIGHT",160.6931,-76.6191,-90.0000,top
"C2218","1.0uF","0402-TIGHT",162.5346,-75.9841,180.0000,top
"C2223","100pF","0402-TIGHT",160.5026,-53.1876,90.0000,top
"C2225","2.2uF","0402-TIGHT",160.7566,-44.7421,90.0000,top
"C2226","2.2uF","0402-TIGHT",169.7736,-44.7421,90.0000,top
"C2227","100pF","0402-TIGHT",175.7426,-50.3301,90.0000,top
"C2228","100pF","0402-TIGHT",178.5366,-55.4736,-90.0000,top
"C2229","100pF","0402-TIGHT",177.0761,-47.5996,0.0000,top
"C2233","100pF","0402-TIGHT",175.0441,-48.5521,180.0000,top
"C2234","100pF","0402-TIGHT",179.4891,-48.1076,90.0000,top
"C2239","22pF","0402-TIGHT",173.7741,-72.6821,-90.0000,top
"C2240","0.1uF","0402-TIGHT",172.8216,-72.6821,-90.0000,top
"C2241","22pF","0402-TIGHT",176.6316,-72.6821,-90.0000,top
"C2242","0.1uF","0402-TIGHT",175.6791,-72.9996,-90.0000,top
"C2250","100pF","0402-TIGHT",173.0756,-62.1411,0.0000,top
"C2251","1.0uF","0402-TIGHT",173.0756,-60.7441,0.0000,top
"C2252","10uF","0402-TIGHT",173.0756,-59.3471,0.0000,top
"C2253","100pF","0402-TIGHT",174.5361,-62.3316,90.0000,top
"C2254","100pF","0402-TIGHT",174.5361,-59.2836,90.0000,top
"C2260","2.4 pF","0402_MURATA",178.5366,-59.6646,90.0000,top
"C2261","9.1pF","0402-TIGHT",174.2821,-49.8221,0.0000,top
"C2265","100pF","0402-TIGHT",176.8856,-56.1721,90.0000,top
"C2266","2.2uF","0402-TIGHT",176.8856,-53.7591,90.0000,top
"C2270","10nF","0402-TIGHT",171.8691,-76.6191,-90.0000,top
"C2271","1.0uF","0402-TIGHT",173.7106,-75.9841,180.0000,top
"C2276","100pF","0402-TIGHT",171.6786,-53.1876,90.0000,top
"C2278","2.2uF","0402-TIGHT",171.9326,-44.7421,90.0000,top
"C2279","2.2uF","0402-TIGHT",180.9496,-44.7421,90.0000,top
"C2280","100pF","0402-TIGHT",186.9186,-50.3301,90.0000,top
"C2281","100pF","0402-TIGHT",189.7126,-55.4736,-90.0000,top
"C2282","100pF","0402-TIGHT",188.2521,-47.5996,0.0000,top
"C2286","100pF","0402-TIGHT",186.2201,-48.5521,180.0000,top
"C2287","100pF","0402-TIGHT",190.6651,-48.1076,90.0000,top
"C2292","22pF","0402-TIGHT",184.9501,-72.6821,-90.0000,top
"C2293","0.1uF","0402-TIGHT",183.9976,-72.6821,-90.0000,top
"C2294","22pF","0402-TIGHT",187.8076,-72.6821,-90.0000,top
"C2295","0.1uF","0402-TIGHT",186.8551,-72.9996,-90.0000,top
"C2303","100pF","0402-TIGHT",184.2516,-62.1411,0.0000,top
"C2304","1.0uF","0402-TIGHT",184.2516,-60.7441,0.0000,top
"C2305","10uF","0402-TIGHT",184.2516,-59.3471,0.0000,top
"C2306","100pF","0402-TIGHT",185.7121,-62.3316,90.0000,top
"C2307","100pF","0402-TIGHT",185.7121,-59.2836,90.0000,top
"C2313","2.4 pF","0402_MURATA",189.7126,-59.6646,90.0000,top
"C2314","9.1pF","0402-TIGHT",185.4581,-49.8221,0.0000,top
"C2318","100pF","0402-TIGHT",188.0616,-56.1721,90.0000,top
"C2319","2.2uF","0402-TIGHT",188.0616,-53.7591,90.0000,top
"C2323","10nF","0402-TIGHT",183.0451,-76.6191,-90.0000,top
"C2324","1.0uF","0402-TIGHT",184.8866,-75.9841,180.0000,top
"C2329","100pF","0402-TIGHT",182.8546,-53.1876,90.0000,top
"C2331","2.2uF","0402-TIGHT",183.1086,-44.7421,90.0000,top
"C2332","2.2uF","0402-TIGHT",192.1256,-44.7421,90.0000,top
"C2333","100pF","0402-TIGHT",198.0946,-50.3301,90.0000,top
"C2334","100pF","0402-TIGHT",200.8886,-55.4736,-90.0000,top
"C2335","100pF","0402-TIGHT",199.4281,-47.5996,0.0000,top
"C2339","100pF","0402-TIGHT",197.3961,-48.5521,180.0000,top
"C2340","100pF","0402-TIGHT",201.8411,-48.1076,90.0000,top
"C2345","22pF","0402-TIGHT",196.1261,-72.6821,-90.0000,top
"C2346","0.1uF","0402-TIGHT",195.1736,-72.6821,-90.0000,top
"C2347","22pF","0402-TIGHT",198.9836,-72.6821,-90.0000,top
"C2348","0.1uF","0402-TIGHT",198.0311,-72.9996,-90.0000,top
"C2356","100pF","0402-TIGHT",195.4276,-62.1411,0.0000,top
"C2357","1.0uF","0402-TIGHT",195.4276,-60.7441,0.0000,top
"C2358","10uF","0402-TIGHT",195.4276,-59.3471,0.0000,top
"C2359","100pF","0402-TIGHT",196.8881,-62.3316,90.0000,top
"C2360","100pF","0402-TIGHT",196.8881,-59.2836,90.0000,top
"C2366","2.4 pF","0402_MURATA",200.8886,-59.6646,90.0000,top
"C2367","9.1pF","0402-TIGHT",196.6341,-49.8221,0.0000,top
"C2371","100pF","0402-TIGHT",199.2376,-56.1721,90.0000,top
"C2372","2.2uF","0402-TIGHT",199.2376,-53.7591,90.0000,top
"C2376","10nF","0402-TIGHT",194.2211,-76.6191,-90.0000,top
"C2377","1.0uF","0402-TIGHT",196.0626,-75.9841,180.0000,top
"C2382","100pF","0402-TIGHT",194.0306,-53.1876,90.0000,top
"C2384","2.2uF","0402-TIGHT",194.2846,-44.7421,90.0000,top
"C2385","2.2uF","0402-TIGHT",203.3016,-44.7421,90.0000,top
"C2386","100pF","0402-TIGHT",209.2706,-50.3301,90.0000,top
"C2387","100pF","0402-TIGHT",212.0646,-55.4736,-90.0000,top
"C2388","100pF","0402-TIGHT",210.6041,-47.5996,0.0000,top
"C2392","100pF","0402-TIGHT",208.5721,-48.5521,180.0000,top
"C2393","100pF","0402-TIGHT",213.0171,-48.1076,90.0000,top
"C2398","22pF","0402-TIGHT",207.3021,-72.6821,-90.0000,top
"C2399","0.1uF","0402-TIGHT",206.3496,-72.6821,-90.0000,top
"C2400","22pF","0402-TIGHT",210.1596,-72.6821,-90.0000,top
"C2401","0.1uF","0402-TIGHT",209.2071,-72.9996,-90.0000,top
"C2409","100pF","0402-TIGHT",206.6036,-62.1411,0.0000,top
"C2410","1.0uF","0402-TIGHT",206.6036,-60.7441,0.0000,top
"C2411","10uF","0402-TIGHT",206.6036,-59.3471,0.0000,top
"C2412","100pF","0402-TIGHT",208.0641,-62.3316,90.0000,top
"C2413","100pF","0402-TIGHT",208.0641,-59.2836,90.0000,top
"C2419","2.4 pF","0402_MURATA",212.0646,-59.6646,90.0000,top
"C2420","9.1pF","0402-TIGHT",207.8101,-49.8221,0.0000,top
"C2424","100pF","0402-TIGHT",210.4136,-56.1721,90.0000,top
"C2425","2.2uF","0402-TIGHT",210.4136,-53.7591,90.0000,top
"C2429","10nF","0402-TIGHT",205.3971,-76.6191,-90.0000,top
"C2430","1.0uF","0402-TIGHT",207.2386,-75.9841,180.0000,top
"C2435","100pF","0402-TIGHT",205.2066,-53.1876,90.0000,top
"C2437","2.2uF","0402-TIGHT",205.4606,-44.7421,90.0000,top
"C2438","2.2uF","0402-TIGHT",214.4776,-44.7421,90.0000,top
"C2439","100pF","0402-TIGHT",220.4466,-50.3301,90.0000,top
"C2440","100pF","0402-TIGHT",223.2406,-55.4736,-90.0000,top
"C2441","100pF","0402-TIGHT",221.7801,-47.5996,0.0000,top
"C2445","100pF","0402-TIGHT",219.7481,-48.5521,180.0000,top
"C2446","100pF","0402-TIGHT",224.1931,-48.1076,90.0000,top
"C2451","22pF","0402-TIGHT",218.4781,-72.6821,-90.0000,top
"C2452","0.1uF","0402-TIGHT",217.5256,-72.6821,-90.0000,top
"C2453","22pF","0402-TIGHT",221.3356,-72.6821,-90.0000,top
"C2454","0.1uF","0402-TIGHT",220.3831,-72.9996,-90.0000,top
"C2462","100pF","0402-TIGHT",217.7796,-62.1411,0.0000,top
"C2463","1.0uF","0402-TIGHT",217.7796,-60.7441,0.0000,top
"C2464","10uF","0402-TIGHT",217.7796,-59.3471,0.0000,top
"C2465","100pF","0402-TIGHT",219.2401,-62.3316,90.0000,top
"C2466","100pF","0402-TIGHT",219.2401,-59.2836,90.0000,top
"C2472","2.4 pF","0402_MURATA",223.2406,-59.6646,90.0000,top
"C2473","9.1pF","0402-TIGHT",218.9861,-49.8221,0.0000,top
"C2477","100pF","0402-TIGHT",221.5896,-56.1721,90.0000,top
"C2478","2.2uF","0402-TIGHT",221.5896,-53.7591,90.0000,top
"C2482","10nF","0402-TIGHT",216.5731,-76.6191,-90.0000,top
"C2483","1.0uF","0402-TIGHT",218.4146,-75.9841,180.0000,top
"C2488","100pF","0402-TIGHT",216.3826,-53.1876,90.0000,top
"C2490","2.2uF","0402-TIGHT",216.6366,-44.7421,90.0000,top
"C2491","2.2uF","0402-TIGHT",225.6536,-44.7421,90.0000,top
"C2492","100pF","0402-TIGHT",231.6226,-50.3301,90.0000,top
"C2493","100pF","0402-TIGHT",234.4166,-55.4736,-90.0000,top
"C2494","100pF","0402-TIGHT",232.9561,-47.5996,0.0000,top
"C2498","100pF","0402-TIGHT",230.9241,-48.5521,180.0000,top
"C2499","100pF","0402-TIGHT",235.3691,-48.1076,90.0000,top
"C2504","22pF","0402-TIGHT",229.6541,-72.6821,-90.0000,top
"C2505","0.1uF","0402-TIGHT",228.7016,-72.6821,-90.0000,top
"C2506","22pF","0402-TIGHT",232.5116,-72.6821,-90.0000,top
"C2507","0.1uF","0402-TIGHT",231.5591,-72.9996,-90.0000,top
"C2515","100pF","0402-TIGHT",228.9556,-62.1411,0.0000,top
"C2516","1.0uF","0402-TIGHT",228.9556,-60.7441,0.0000,top
"C2517","10uF","0402-TIGHT",228.9556,-59.3471,0.0000,top
"C2518","100pF","0402-TIGHT",230.4161,-62.3316,90.0000,top
"C2519","100pF","0402-TIGHT",230.4161,-59.2836,90.0000,top
"C2525","2.4 pF","0402_MURATA",234.4166,-59.6646,90.0000,top
"C2526","9.1pF","0402-TIGHT",230.1621,-49.8221,0.0000,top
"C2530","100pF","0402-TIGHT",232.7656,-56.1721,90.0000,top
"C2531","2.2uF","0402-TIGHT",232.7656,-53.7591,90.0000,top
"C2535","10nF","0402-TIGHT",227.7491,-76.6191,-90.0000,top
"C2536","1.0uF","0402-TIGHT",229.5906,-75.9841,180.0000,top
"C2541","100pF","0402-TIGHT",227.5586,-53.1876,90.0000,top
"C2543","2.2uF","0402-TIGHT",227.8126,-44.7421,90.0000,top
"C2544","2.2uF","0402-TIGHT",236.8296,-44.7421,90.0000,top
"E$1","","FIDUCIAL-1X2",66.2051,-41.4401,0.0000,top
"E$3","","FIDUCIAL-1X2",230.7336,-41.4401,0.0000,top
"E$5","","FIDUCIAL-1.5X3",66.2051,-168.5671,0.0000,top
"FD1","FIDUCIALUFIDUCIAL","FIDUCIAL-MICRO",67.6021,-129.0066,0.0000,top
"FD3","FIDUCIALUFIDUCIAL","FIDUCIAL-MICRO",59.9821,-165.9636,0.0000,top
"FD5","FIDUCIALUFIDUCIAL","FIDUCIAL-MICRO",78.7781,-129.0066,0.0000,top
"FD7","FIDUCIALUFIDUCIAL","FIDUCIAL-MICRO",71.1581,-165.9636,0.0000,top
"FD9","FIDUCIALUFIDUCIAL","FIDUCIAL-MICRO",89.9541,-129.0066,0.0000,top
"FD11","FIDUCIALUFIDUCIAL","FIDUCIAL-MICRO",82.3341,-165.9636,0.0000,top
"FD13","FIDUCIALUFIDUCIAL","FIDUCIAL-MICRO",101.1301,-129.0066,0.0000,top
"FD15","FIDUCIALUFIDUCIAL","FIDUCIAL-MICRO",93.5101,-165.9636,0.0000,top
"FD17","FIDUCIALUFIDUCIAL","FIDUCIAL-MICRO",112.3061,-129.0066,0.0000,top
"FD19","FIDUCIALUFIDUCIAL","FIDUCIAL-MICRO",104.6861,-165.9636,0.0000,top
"FD21","FIDUCIALUFIDUCIAL","FIDUCIAL-MICRO",123.4821,-129.0066,0.0000,top
"FD23","FIDUCIALUFIDUCIAL","FIDUCIAL-MICRO",115.8621,-165.9636,0.0000,top
"FD25","FIDUCIALUFIDUCIAL","FIDUCIAL-MICRO",134.6581,-129.0066,0.0000,top
"FD27","FIDUCIALUFIDUCIAL","FIDUCIAL-MICRO",127.0381,-165.9636,0.0000,top
"FD29","FIDUCIALUFIDUCIAL","FIDUCIAL-MICRO",145.8341,-129.0066,0.0000,top
"FD31","FIDUCIALUFIDUCIAL","FIDUCIAL-MICRO",138.2141,-165.9636,0.0000,top
"FD33","FIDUCIALUFIDUCIAL","FIDUCIAL-MICRO",157.0101,-129.0066,0.0000,top
"FD35","FIDUCIALUFIDUCIAL","FIDUCIAL-MICRO",149.3901,-165.9636,0.0000,top
"FD37","FIDUCIALUFIDUCIAL","FIDUCIAL-MICRO",168.1861,-129.0066,0.0000,top
"FD39","FIDUCIALUFIDUCIAL","FIDUCIAL-MICRO",160.5661,-165.9636,0.0000,top
"FD41","FIDUCIALUFIDUCIAL","FIDUCIAL-MICRO",179.3621,-129.0066,0.0000,top
"FD43","FIDUCIALUFIDUCIAL","FIDUCIAL-MICRO",171.7421,-165.9636,0.0000,top
"FD45","FIDUCIALUFIDUCIAL","FIDUCIAL-MICRO",190.5381,-129.0066,0.0000,top
"FD47","FIDUCIALUFIDUCIAL","FIDUCIAL-MICRO",182.9181,-165.9636,0.0000,top
"FD49","FIDUCIALUFIDUCIAL","FIDUCIAL-MICRO",201.7141,-129.0066,0.0000,top
"FD51","FIDUCIALUFIDUCIAL","FIDUCIAL-MICRO",194.0941,-165.9636,0.0000,top
"FD53","FIDUCIALUFIDUCIAL","FIDUCIAL-MICRO",212.8901,-129.0066,0.0000,top
"FD55","FIDUCIALUFIDUCIAL","FIDUCIAL-MICRO",205.2701,-165.9636,0.0000,top
"FD57","FIDUCIALUFIDUCIAL","FIDUCIAL-MICRO",224.0661,-129.0066,0.0000,top
"FD59","FIDUCIALUFIDUCIAL","FIDUCIAL-MICRO",216.4461,-165.9636,0.0000,top
"FD61","FIDUCIALUFIDUCIAL","FIDUCIAL-MICRO",235.2421,-129.0066,0.0000,top
"FD63","FIDUCIALUFIDUCIAL","FIDUCIAL-MICRO",227.6221,-165.9636,0.0000,top
"FD65","FIDUCIALUFIDUCIAL","FIDUCIAL-MICRO",67.6021,-87.8586,0.0000,top
"FD67","FIDUCIALUFIDUCIAL","FIDUCIAL-MICRO",59.9821,-124.8156,0.0000,top
"FD69","FIDUCIALUFIDUCIAL","FIDUCIAL-MICRO",78.7781,-87.8586,0.0000,top
"FD71","FIDUCIALUFIDUCIAL","FIDUCIAL-MICRO",71.1581,-124.8156,0.0000,top
"FD73","FIDUCIALUFIDUCIAL","FIDUCIAL-MICRO",89.9541,-87.8586,0.0000,top
"FD75","FIDUCIALUFIDUCIAL","FIDUCIAL-MICRO",82.3341,-124.8156,0.0000,top
"FD77","FIDUCIALUFIDUCIAL","FIDUCIAL-MICRO",101.1301,-87.8586,0.0000,top
"FD79","FIDUCIALUFIDUCIAL","FIDUCIAL-MICRO",93.5101,-124.8156,0.0000,top
"FD81","FIDUCIALUFIDUCIAL","FIDUCIAL-MICRO",112.3061,-87.8586,0.0000,top
"FD83","FIDUCIALUFIDUCIAL","FIDUCIAL-MICRO",104.6861,-124.8156,0.0000,top
"FD85","FIDUCIALUFIDUCIAL","FIDUCIAL-MICRO",123.4821,-87.8586,0.0000,top
"FD87","FIDUCIALUFIDUCIAL","FIDUCIAL-MICRO",115.8621,-124.8156,0.0000,top
"FD89","FIDUCIALUFIDUCIAL","FIDUCIAL-MICRO",134.6581,-87.8586,0.0000,top
"FD91","FIDUCIALUFIDUCIAL","FIDUCIAL-MICRO",127.0381,-124.8156,0.0000,top
"FD93","FIDUCIALUFIDUCIAL","FIDUCIAL-MICRO",145.8341,-87.8586,0.0000,top
"FD95","FIDUCIALUFIDUCIAL","FIDUCIAL-MICRO",138.2141,-124.8156,0.0000,top
"FD97","FIDUCIALUFIDUCIAL","FIDUCIAL-MICRO",157.0101,-87.8586,0.0000,top
"FD99","FIDUCIALUFIDUCIAL","FIDUCIAL-MICRO",149.3901,-124.8156,0.0000,top
"FD101","FIDUCIALUFIDUCIAL","FIDUCIAL-MICRO",168.1861,-87.8586,0.0000,top
"FD103","FIDUCIALUFIDUCIAL","FIDUCIAL-MICRO",160.5661,-124.8156,0.0000,top
"FD105","FIDUCIALUFIDUCIAL","FIDUCIAL-MICRO",179.3621,-87.8586,0.0000,top
"FD107","FIDUCIALUFIDUCIAL","FIDUCIAL-MICRO",171.7421,-124.8156,0.0000,top
"FD109","FIDUCIALUFIDUCIAL","FIDUCIAL-MICRO",190.5381,-87.8586,0.0000,top
"FD111","FIDUCIALUFIDUCIAL","FIDUCIAL-MICRO",182.9181,-124.8156,0.0000,top
"FD113","FIDUCIALUFIDUCIAL","FIDUCIAL-MICRO",201.7141,-87.8586,0.0000,top
"FD115","FIDUCIALUFIDUCIAL","FIDUCIAL-MICRO",194.0941,-124.8156,0.0000,top
"FD117","FIDUCIALUFIDUCIAL","FIDUCIAL-MICRO",212.8901,-87.8586,0.0000,top
"FD119","FIDUCIALUFIDUCIAL","FIDUCIAL-MICRO",205.2701,-124.8156,0.0000,top
"FD121","FIDUCIALUFIDUCIAL","FIDUCIAL-MICRO",224.0661,-87.8586,0.0000,top
"FD123","FIDUCIALUFIDUCIAL","FIDUCIAL-MICRO",216.4461,-124.8156,0.0000,top
"FD125","FIDUCIALUFIDUCIAL","FIDUCIAL-MICRO",235.2421,-87.8586,0.0000,top
"FD127","FIDUCIALUFIDUCIAL","FIDUCIAL-MICRO",227.6221,-124.8156,0.0000,top
"FD129","FIDUCIALUFIDUCIAL","FIDUCIAL-MICRO",67.6021,-46.7106,0.0000,top
"FD131","FIDUCIALUFIDUCIAL","FIDUCIAL-MICRO",59.9821,-83.6676,0.0000,top
"FD133","FIDUCIALUFIDUCIAL","FIDUCIAL-MICRO",78.7781,-46.7106,0.0000,top
"FD135","FIDUCIALUFIDUCIAL","FIDUCIAL-MICRO",71.1581,-83.6676,0.0000,top
"FD137","FIDUCIALUFIDUCIAL","FIDUCIAL-MICRO",89.9541,-46.7106,0.0000,top
"FD139","FIDUCIALUFIDUCIAL","FIDUCIAL-MICRO",82.3341,-83.6676,0.0000,top
"FD141","FIDUCIALUFIDUCIAL","FIDUCIAL-MICRO",101.1301,-46.7106,0.0000,top
"FD143","FIDUCIALUFIDUCIAL","FIDUCIAL-MICRO",93.5101,-83.6676,0.0000,top
"FD145","FIDUCIALUFIDUCIAL","FIDUCIAL-MICRO",112.3061,-46.7106,0.0000,top
"FD147","FIDUCIALUFIDUCIAL","FIDUCIAL-MICRO",104.6861,-83.6676,0.0000,top
"FD149","FIDUCIALUFIDUCIAL","FIDUCIAL-MICRO",123.4821,-46.7106,0.0000,top
"FD151","FIDUCIALUFIDUCIAL","FIDUCIAL-MICRO",115.8621,-83.6676,0.0000,top
"FD153","FIDUCIALUFIDUCIAL","FIDUCIAL-MICRO",134.6581,-46.7106,0.0000,top
"FD155","FIDUCIALUFIDUCIAL","FIDUCIAL-MICRO",127.0381,-83.6676,0.0000,top
"FD157","FIDUCIALUFIDUCIAL","FIDUCIAL-MICRO",145.8341,-46.7106,0.0000,top
"FD159","FIDUCIALUFIDUCIAL","FIDUCIAL-MICRO",138.2141,-83.6676,0.0000,top
"FD161","FIDUCIALUFIDUCIAL","FIDUCIAL-MICRO",157.0101,-46.7106,0.0000,top
"FD163","FIDUCIALUFIDUCIAL","FIDUCIAL-MICRO",149.3901,-83.6676,0.0000,top
"FD165","FIDUCIALUFIDUCIAL","FIDUCIAL-MICRO",168.1861,-46.7106,0.0000,top
"FD167","FIDUCIALUFIDUCIAL","FIDUCIAL-MICRO",160.5661,-83.6676,0.0000,top
"FD169","FIDUCIALUFIDUCIAL","FIDUCIAL-MICRO",179.3621,-46.7106,0.0000,top
"FD171","FIDUCIALUFIDUCIAL","FIDUCIAL-MICRO",171.7421,-83.6676,0.0000,top
"FD173","FIDUCIALUFIDUCIAL","FIDUCIAL-MICRO",190.5381,-46.7106,0.0000,top
"FD175","FIDUCIALUFIDUCIAL","FIDUCIAL-MICRO",182.9181,-83.6676,0.0000,top
"FD177","FIDUCIALUFIDUCIAL","FIDUCIAL-MICRO",201.7141,-46.7106,0.0000,top
"FD179","FIDUCIALUFIDUCIAL","FIDUCIAL-MICRO",194.0941,-83.6676,0.0000,top
"FD181","FIDUCIALUFIDUCIAL","FIDUCIAL-MICRO",212.8901,-46.7106,0.0000,top
"FD183","FIDUCIALUFIDUCIAL","FIDUCIAL-MICRO",205.2701,-83.6676,0.0000,top
"FD185","FIDUCIALUFIDUCIAL","FIDUCIAL-MICRO",224.0661,-46.7106,0.0000,top
"FD187","FIDUCIALUFIDUCIAL","FIDUCIAL-MICRO",216.4461,-83.6676,0.0000,top
"FD189","FIDUCIALUFIDUCIAL","FIDUCIAL-MICRO",235.2421,-46.7106,0.0000,top
"FD191","FIDUCIALUFIDUCIAL","FIDUCIAL-MICRO",227.6221,-83.6676,0.0000,top
"G1","JUMPER-SMT_2_NC_TRACE_NO-SILK","SMT-JUMPER_2_NC_TRACE_NO-SILK",71.6661,-132.6261,180.0000,top
"G2","JUMPER-SMT_2_NC_TRACE_NO-SILK","SMT-JUMPER_2_NC_TRACE_NO-SILK",82.8421,-132.6261,180.0000,top
"G3","JUMPER-SMT_2_NC_TRACE_NO-SILK","SMT-JUMPER_2_NC_TRACE_NO-SILK",94.0181,-132.6261,180.0000,top
"G4","JUMPER-SMT_2_NC_TRACE_NO-SILK","SMT-JUMPER_2_NC_TRACE_NO-SILK",105.1941,-132.6261,180.0000,top
"G5","JUMPER-SMT_2_NC_TRACE_NO-SILK","SMT-JUMPER_2_NC_TRACE_NO-SILK",116.3701,-132.6261,180.0000,top
"G6","JUMPER-SMT_2_NC_TRACE_NO-SILK","SMT-JUMPER_2_NC_TRACE_NO-SILK",127.5461,-132.6261,180.0000,top
"G7","JUMPER-SMT_2_NC_TRACE_NO-SILK","SMT-JUMPER_2_NC_TRACE_NO-SILK",138.7221,-132.6261,180.0000,top
"G8","JUMPER-SMT_2_NC_TRACE_NO-SILK","SMT-JUMPER_2_NC_TRACE_NO-SILK",149.8981,-132.6261,180.0000,top
"G9","JUMPER-SMT_2_NC_TRACE_NO-SILK","SMT-JUMPER_2_NC_TRACE_NO-SILK",161.0741,-132.6261,180.0000,top
"G10","JUMPER-SMT_2_NC_TRACE_NO-SILK","SMT-JUMPER_2_NC_TRACE_NO-SILK",172.2501,-132.6261,180.0000,top
"G11","JUMPER-SMT_2_NC_TRACE_NO-SILK","SMT-JUMPER_2_NC_TRACE_NO-SILK",183.4261,-132.6261,180.0000,top
"G12","JUMPER-SMT_2_NC_TRACE_NO-SILK","SMT-JUMPER_2_NC_TRACE_NO-SILK",194.6021,-132.6261,180.0000,top
"G13","JUMPER-SMT_2_NC_TRACE_NO-SILK","SMT-JUMPER_2_NC_TRACE_NO-SILK",205.7781,-132.6261,180.0000,top
"G14","JUMPER-SMT_2_NC_TRACE_NO-SILK","SMT-JUMPER_2_NC_TRACE_NO-SILK",216.9541,-132.6261,180.0000,top
"G15","JUMPER-SMT_2_NC_TRACE_NO-SILK","SMT-JUMPER_2_NC_TRACE_NO-SILK",228.1301,-132.6261,180.0000,top
"G16","JUMPER-SMT_2_NC_TRACE_NO-SILK","SMT-JUMPER_2_NC_TRACE_NO-SILK",60.4901,-132.6261,180.0000,top
"G17","JUMPER-SMT_2_NC_TRACE_NO-SILK","SMT-JUMPER_2_NC_TRACE_NO-SILK",60.4901,-91.4781,180.0000,top
"G18","JUMPER-SMT_2_NC_TRACE_NO-SILK","SMT-JUMPER_2_NC_TRACE_NO-SILK",71.6661,-91.4781,180.0000,top
"G19","JUMPER-SMT_2_NC_TRACE_NO-SILK","SMT-JUMPER_2_NC_TRACE_NO-SILK",82.8421,-91.4781,180.0000,top
"G20","JUMPER-SMT_2_NC_TRACE_NO-SILK","SMT-JUMPER_2_NC_TRACE_NO-SILK",94.0181,-91.4781,180.0000,top
"G21","JUMPER-SMT_2_NC_TRACE_NO-SILK","SMT-JUMPER_2_NC_TRACE_NO-SILK",105.1941,-91.4781,180.0000,top
"G22","JUMPER-SMT_2_NC_TRACE_NO-SILK","SMT-JUMPER_2_NC_TRACE_NO-SILK",116.3701,-91.4781,180.0000,top
"G23","JUMPER-SMT_2_NC_TRACE_NO-SILK","SMT-JUMPER_2_NC_TRACE_NO-SILK",127.5461,-91.4781,180.0000,top
"G24","JUMPER-SMT_2_NC_TRACE_NO-SILK","SMT-JUMPER_2_NC_TRACE_NO-SILK",138.7221,-91.4781,180.0000,top
"G25","JUMPER-SMT_2_NC_TRACE_NO-SILK","SMT-JUMPER_2_NC_TRACE_NO-SILK",149.8981,-91.4781,180.0000,top
"G26","JUMPER-SMT_2_NC_TRACE_NO-SILK","SMT-JUMPER_2_NC_TRACE_NO-SILK",161.0741,-91.4781,180.0000,top
"G27","JUMPER-SMT_2_NC_TRACE_NO-SILK","SMT-JUMPER_2_NC_TRACE_NO-SILK",172.2501,-91.4781,180.0000,top
"G28","JUMPER-SMT_2_NC_TRACE_NO-SILK","SMT-JUMPER_2_NC_TRACE_NO-SILK",183.4261,-91.4781,180.0000,top
"G29","JUMPER-SMT_2_NC_TRACE_NO-SILK","SMT-JUMPER_2_NC_TRACE_NO-SILK",194.6021,-91.4781,180.0000,top
"G30","JUMPER-SMT_2_NC_TRACE_NO-SILK","SMT-JUMPER_2_NC_TRACE_NO-SILK",205.7781,-91.4781,180.0000,top
"G31","JUMPER-SMT_2_NC_TRACE_NO-SILK","SMT-JUMPER_2_NC_TRACE_NO-SILK",216.9541,-91.4781,180.0000,top
"G32","JUMPER-SMT_2_NC_TRACE_NO-SILK","SMT-JUMPER_2_NC_TRACE_NO-SILK",228.1301,-91.4781,180.0000,top
"G33","JUMPER-SMT_2_NC_TRACE_NO-SILK","SMT-JUMPER_2_NC_TRACE_NO-SILK",60.4901,-50.3301,180.0000,top
"G34","JUMPER-SMT_2_NC_TRACE_NO-SILK","SMT-JUMPER_2_NC_TRACE_NO-SILK",71.6661,-50.3301,180.0000,top
"G35","JUMPER-SMT_2_NC_TRACE_NO-SILK","SMT-JUMPER_2_NC_TRACE_NO-SILK",82.8421,-50.3301,180.0000,top
"G36","JUMPER-SMT_2_NC_TRACE_NO-SILK","SMT-JUMPER_2_NC_TRACE_NO-SILK",94.0181,-50.3301,180.0000,top
"G37","JUMPER-SMT_2_NC_TRACE_NO-SILK","SMT-JUMPER_2_NC_TRACE_NO-SILK",105.1941,-50.3301,180.0000,top
"G38","JUMPER-SMT_2_NC_TRACE_NO-SILK","SMT-JUMPER_2_NC_TRACE_NO-SILK",116.3701,-50.3301,180.0000,top
"G39","JUMPER-SMT_2_NC_TRACE_NO-SILK","SMT-JUMPER_2_NC_TRACE_NO-SILK",127.5461,-50.3301,180.0000,top
"G40","JUMPER-SMT_2_NC_TRACE_NO-SILK","SMT-JUMPER_2_NC_TRACE_NO-SILK",138.7221,-50.3301,180.0000,top
"G41","JUMPER-SMT_2_NC_TRACE_NO-SILK","SMT-JUMPER_2_NC_TRACE_NO-SILK",149.8981,-50.3301,180.0000,top
"G42","JUMPER-SMT_2_NC_TRACE_NO-SILK","SMT-JUMPER_2_NC_TRACE_NO-SILK",161.0741,-50.3301,180.0000,top
"G43","JUMPER-SMT_2_NC_TRACE_NO-SILK","SMT-JUMPER_2_NC_TRACE_NO-SILK",172.2501,-50.3301,180.0000,top
"G44","JUMPER-SMT_2_NC_TRACE_NO-SILK","SMT-JUMPER_2_NC_TRACE_NO-SILK",183.4261,-50.3301,180.0000,top
"G45","JUMPER-SMT_2_NC_TRACE_NO-SILK","SMT-JUMPER_2_NC_TRACE_NO-SILK",194.6021,-50.3301,180.0000,top
"G46","JUMPER-SMT_2_NC_TRACE_NO-SILK","SMT-JUMPER_2_NC_TRACE_NO-SILK",205.7781,-50.3301,180.0000,top
"G47","JUMPER-SMT_2_NC_TRACE_NO-SILK","SMT-JUMPER_2_NC_TRACE_NO-SILK",216.9541,-50.3301,180.0000,top
"G48","JUMPER-SMT_2_NC_TRACE_NO-SILK","SMT-JUMPER_2_NC_TRACE_NO-SILK",228.1301,-50.3301,180.0000,top
"J1","U.FL","U.FL_REDUCED_FOOTPRINT",74.8411,-127.9906,-90.0000,top
"J2","U.FL","U.FL_REDUCED_FOOTPRINT",86.0171,-127.9906,-90.0000,top
"J3","U.FL","U.FL_REDUCED_FOOTPRINT",97.1931,-127.9906,-90.0000,top
"J4","U.FL","U.FL_REDUCED_FOOTPRINT",108.3691,-127.9906,-90.0000,top
"J5","U.FL","U.FL_REDUCED_FOOTPRINT",119.5451,-127.9906,-90.0000,top
"J6","U.FL","U.FL_REDUCED_FOOTPRINT",130.7211,-127.9906,-90.0000,top
"J7","U.FL","U.FL_REDUCED_FOOTPRINT",141.8971,-127.9906,-90.0000,top
"J8","U.FL","U.FL_REDUCED_FOOTPRINT",153.0731,-127.9906,-90.0000,top
"J9","U.FL","U.FL_REDUCED_FOOTPRINT",164.2491,-127.9906,-90.0000,top
"J10","U.FL","U.FL_REDUCED_FOOTPRINT",175.4251,-127.9906,-90.0000,top
"J11","U.FL","U.FL_REDUCED_FOOTPRINT",186.6011,-127.9906,-90.0000,top
"J12","U.FL","U.FL_REDUCED_FOOTPRINT",197.7771,-127.9906,-90.0000,top
"J13","U.FL","U.FL_REDUCED_FOOTPRINT",208.9531,-127.9906,-90.0000,top
"J14","U.FL","U.FL_REDUCED_FOOTPRINT",220.1291,-127.9906,-90.0000,top
"J15","U.FL","U.FL_REDUCED_FOOTPRINT",231.3051,-127.9906,-90.0000,top
"J16","U.FL","U.FL_REDUCED_FOOTPRINT",63.6651,-86.8426,-90.0000,top
"J17","U.FL","U.FL_REDUCED_FOOTPRINT",74.8411,-86.8426,-90.0000,top
"J18","U.FL","U.FL_REDUCED_FOOTPRINT",86.0171,-86.8426,-90.0000,top
"J19","U.FL","U.FL_REDUCED_FOOTPRINT",97.1931,-86.8426,-90.0000,top
"J20","U.FL","U.FL_REDUCED_FOOTPRINT",108.3691,-86.8426,-90.0000,top
"J21","U.FL","U.FL_REDUCED_FOOTPRINT",119.5451,-86.8426,-90.0000,top
"J22","U.FL","U.FL_REDUCED_FOOTPRINT",130.7211,-86.8426,-90.0000,top
"J23","U.FL","U.FL_REDUCED_FOOTPRINT",141.8971,-86.8426,-90.0000,top
"J24","U.FL","U.FL_REDUCED_FOOTPRINT",153.0731,-86.8426,-90.0000,top
"J25","U.FL","U.FL_REDUCED_FOOTPRINT",63.6651,-127.9906,-90.0000,top
"J26","U.FL","U.FL_REDUCED_FOOTPRINT",164.2491,-86.8426,-90.0000,top
"J27","U.FL","U.FL_REDUCED_FOOTPRINT",175.4251,-86.8426,-90.0000,top
"J28","U.FL","U.FL_REDUCED_FOOTPRINT",186.6011,-86.8426,-90.0000,top
"J29","U.FL","U.FL_REDUCED_FOOTPRINT",197.7771,-86.8426,-90.0000,top
"J30","U.FL","U.FL_REDUCED_FOOTPRINT",208.9531,-86.8426,-90.0000,top
"J31","U.FL","U.FL_REDUCED_FOOTPRINT",220.1291,-86.8426,-90.0000,top
"J32","U.FL","U.FL_REDUCED_FOOTPRINT",231.3051,-86.8426,-90.0000,top
"J33","U.FL","U.FL_REDUCED_FOOTPRINT",63.6651,-45.6946,-90.0000,top
"J34","U.FL","U.FL_REDUCED_FOOTPRINT",74.8411,-45.6946,-90.0000,top
"J35","U.FL","U.FL_REDUCED_FOOTPRINT",86.0171,-45.6946,-90.0000,top
"J36","U.FL","U.FL_REDUCED_FOOTPRINT",97.1931,-45.6946,-90.0000,top
"J37","U.FL","U.FL_REDUCED_FOOTPRINT",108.3691,-45.6946,-90.0000,top
"J38","U.FL","U.FL_REDUCED_FOOTPRINT",119.5451,-45.6946,-90.0000,top
"J39","U.FL","U.FL_REDUCED_FOOTPRINT",130.7211,-45.6946,-90.0000,top
"J40","U.FL","U.FL_REDUCED_FOOTPRINT",141.8971,-45.6946,-90.0000,top
"J41","U.FL","U.FL_REDUCED_FOOTPRINT",153.0731,-45.6946,-90.0000,top
"J42","U.FL","U.FL_REDUCED_FOOTPRINT",164.2491,-45.6946,-90.0000,top
"J43","U.FL","U.FL_REDUCED_FOOTPRINT",175.4251,-45.6946,-90.0000,top
"J44","U.FL","U.FL_REDUCED_FOOTPRINT",186.6011,-45.6946,-90.0000,top
"J45","U.FL","U.FL_REDUCED_FOOTPRINT",197.7771,-45.6946,-90.0000,top
"J46","U.FL","U.FL_REDUCED_FOOTPRINT",208.9531,-45.6946,-90.0000,top
"J47","U.FL","U.FL_REDUCED_FOOTPRINT",220.1291,-45.6946,-90.0000,top
"J48","U.FL","U.FL_REDUCED_FOOTPRINT",231.3051,-45.6946,-90.0000,top
"K1","TLP3475SRHA","TLP3475SRHA",60.4901,-130.0861,-90.0000,top
"K2","TLP3475SRHA","TLP3475SRHA",71.6661,-130.0861,-90.0000,top
"K3","TLP3475SRHA","TLP3475SRHA",82.8421,-130.0861,-90.0000,top
"K4","TLP3475SRHA","TLP3475SRHA",94.0181,-130.0861,-90.0000,top
"K5","TLP3475SRHA","TLP3475SRHA",105.1941,-130.0861,-90.0000,top
"K6","TLP3475SRHA","TLP3475SRHA",116.3701,-130.0861,-90.0000,top
"K7","TLP3475SRHA","TLP3475SRHA",127.5461,-130.0861,-90.0000,top
"K8","TLP3475SRHA","TLP3475SRHA",138.7221,-130.0861,-90.0000,top
"K9","TLP3475SRHA","TLP3475SRHA",149.8981,-130.0861,-90.0000,top
"K10","TLP3475SRHA","TLP3475SRHA",161.0741,-130.0861,-90.0000,top
"K11","TLP3475SRHA","TLP3475SRHA",172.2501,-130.0861,-90.0000,top
"K12","TLP3475SRHA","TLP3475SRHA",183.4261,-130.0861,-90.0000,top
"K13","TLP3475SRHA","TLP3475SRHA",194.6021,-130.0861,-90.0000,top
"K14","TLP3475SRHA","TLP3475SRHA",205.7781,-130.0861,-90.0000,top
"K15","TLP3475SRHA","TLP3475SRHA",216.9541,-130.0861,-90.0000,top
"K16","TLP3475SRHA","TLP3475SRHA",228.1301,-130.0861,-90.0000,top
"K17","TLP3475SRHA","TLP3475SRHA",60.4901,-88.9381,-90.0000,top
"K18","TLP3475SRHA","TLP3475SRHA",71.6661,-88.9381,-90.0000,top
"K19","TLP3475SRHA","TLP3475SRHA",82.8421,-88.9381,-90.0000,top
"K20","TLP3475SRHA","TLP3475SRHA",94.0181,-88.9381,-90.0000,top
"K21","TLP3475SRHA","TLP3475SRHA",105.1941,-88.9381,-90.0000,top
"K22","TLP3475SRHA","TLP3475SRHA",116.3701,-88.9381,-90.0000,top
"K23","TLP3475SRHA","TLP3475SRHA",127.5461,-88.9381,-90.0000,top
"K24","TLP3475SRHA","TLP3475SRHA",138.7221,-88.9381,-90.0000,top
"K25","TLP3475SRHA","TLP3475SRHA",149.8981,-88.9381,-90.0000,top
"K26","TLP3475SRHA","TLP3475SRHA",161.0741,-88.9381,-90.0000,top
"K27","TLP3475SRHA","TLP3475SRHA",172.2501,-88.9381,-90.0000,top
"K28","TLP3475SRHA","TLP3475SRHA",183.4261,-88.9381,-90.0000,top
"K29","TLP3475SRHA","TLP3475SRHA",194.6021,-88.9381,-90.0000,top
"K30","TLP3475SRHA","TLP3475SRHA",205.7781,-88.9381,-90.0000,top
"K31","TLP3475SRHA","TLP3475SRHA",216.9541,-88.9381,-90.0000,top
"K32","TLP3475SRHA","TLP3475SRHA",228.1301,-88.9381,-90.0000,top
"K33","TLP3475SRHA","TLP3475SRHA",60.4901,-47.7901,-90.0000,top
"K34","TLP3475SRHA","TLP3475SRHA",71.6661,-47.7901,-90.0000,top
"K35","TLP3475SRHA","TLP3475SRHA",82.8421,-47.7901,-90.0000,top
"K36","TLP3475SRHA","TLP3475SRHA",94.0181,-47.7901,-90.0000,top
"K37","TLP3475SRHA","TLP3475SRHA",105.1941,-47.7901,-90.0000,top
"K38","TLP3475SRHA","TLP3475SRHA",116.3701,-47.7901,-90.0000,top
"K39","TLP3475SRHA","TLP3475SRHA",127.5461,-47.7901,-90.0000,top
"K40","TLP3475SRHA","TLP3475SRHA",138.7221,-47.7901,-90.0000,top
"K41","TLP3475SRHA","TLP3475SRHA",149.8981,-47.7901,-90.0000,top
"K42","TLP3475SRHA","TLP3475SRHA",161.0741,-47.7901,-90.0000,top
"K43","TLP3475SRHA","TLP3475SRHA",172.2501,-47.7901,-90.0000,top
"K44","TLP3475SRHA","TLP3475SRHA",183.4261,-47.7901,-90.0000,top
"K45","TLP3475SRHA","TLP3475SRHA",194.6021,-47.7901,-90.0000,top
"K46","TLP3475SRHA","TLP3475SRHA",205.7781,-47.7901,-90.0000,top
"K47","TLP3475SRHA","TLP3475SRHA",216.9541,-47.7901,-90.0000,top
"K48","TLP3475SRHA","TLP3475SRHA",228.1301,-47.7901,-90.0000,top
"L4","30Ω","0402-TIGHT",60.8076,-140.1826,90.0000,top
"L6","27nH","0402_COILCRAFT",62.5856,-134.5311,0.0000,top
"L7","18nH","0402_COILCRAFT",62.7761,-139.8016,90.0000,top
"L8","12nH","0402_COILCRAFT",63.0301,-133.3246,90.0000,top
"L9","30Ω","0402-TIGHT",60.1091,-154.9781,90.0000,top
"L10","30Ω","0402-TIGHT",62.9666,-155.2956,-90.0000,top
"L11","30nH","0402_COILCRAFT",67.2211,-144.5006,180.0000,top
"L12","51nH","0402_COILCRAFT",67.2211,-139.4206,180.0000,top
"L18","30Ω","0402-TIGHT",71.2851,-154.9781,90.0000,top
"L19","30Ω","0402-TIGHT",74.1426,-155.2956,-90.0000,top
"L20","30Ω","0402-TIGHT",71.9836,-140.1826,90.0000,top
"L23","18nH","0402_COILCRAFT",73.9521,-139.8016,90.0000,top
"L25","27nH","0402_COILCRAFT",73.7616,-134.5311,0.0000,top
"L26","12nH","0402_COILCRAFT",74.2061,-133.3246,90.0000,top
"L27","30nH","0402_COILCRAFT",78.3971,-144.5006,180.0000,top
"L28","51nH","0402_COILCRAFT",78.3971,-139.4206,180.0000,top
"L33","30Ω","0402-TIGHT",82.4611,-154.9781,90.0000,top
"L34","30Ω","0402-TIGHT",85.3186,-155.2956,-90.0000,top
"L35","30Ω","0402-TIGHT",83.1596,-140.1826,90.0000,top
"L38","18nH","0402_COILCRAFT",85.1281,-139.8016,90.0000,top
"L40","27nH","0402_COILCRAFT",84.9376,-134.5311,0.0000,top
"L41","12nH","0402_COILCRAFT",85.3821,-133.3246,90.0000,top
"L42","30nH","0402_COILCRAFT",89.5731,-144.5006,180.0000,top
"L43","51nH","0402_COILCRAFT",89.5731,-139.4206,180.0000,top
"L48","30Ω","0402-TIGHT",93.6371,-154.9781,90.0000,top
"L49","30Ω","0402-TIGHT",96.4946,-155.2956,-90.0000,top
"L50","30Ω","0402-TIGHT",94.3356,-140.1826,90.0000,top
"L53","18nH","0402_COILCRAFT",96.3041,-139.8016,90.0000,top
"L55","27nH","0402_COILCRAFT",96.1136,-134.5311,0.0000,top
"L56","12nH","0402_COILCRAFT",96.5581,-133.3246,90.0000,top
"L57","30nH","0402_COILCRAFT",100.7491,-144.5006,180.0000,top
"L58","51nH","0402_COILCRAFT",100.7491,-139.4206,180.0000,top
"L63","30Ω","0402-TIGHT",104.8131,-154.9781,90.0000,top
"L64","30Ω","0402-TIGHT",107.6706,-155.2956,-90.0000,top
"L65","30Ω","0402-TIGHT",105.5116,-140.1826,90.0000,top
"L68","18nH","0402_COILCRAFT",107.4801,-139.8016,90.0000,top
"L70","27nH","0402_COILCRAFT",107.2896,-134.5311,0.0000,top
"L71","12nH","0402_COILCRAFT",107.7341,-133.3246,90.0000,top
"L72","30nH","0402_COILCRAFT",111.9251,-144.5006,180.0000,top
"L73","51nH","0402_COILCRAFT",111.9251,-139.4206,180.0000,top
"L78","30Ω","0402-TIGHT",115.9891,-154.9781,90.0000,top
"L79","30Ω","0402-TIGHT",118.8466,-155.2956,-90.0000,top
"L80","30Ω","0402-TIGHT",116.6876,-140.1826,90.0000,top
"L83","18nH","0402_COILCRAFT",118.6561,-139.8016,90.0000,top
"L85","27nH","0402_COILCRAFT",118.4656,-134.5311,0.0000,top
"L86","12nH","0402_COILCRAFT",118.9101,-133.3246,90.0000,top
"L87","30nH","0402_COILCRAFT",123.1011,-144.5006,180.0000,top
"L88","51nH","0402_COILCRAFT",123.1011,-139.4206,180.0000,top
"L93","30Ω","0402-TIGHT",127.1651,-154.9781,90.0000,top
"L94","30Ω","0402-TIGHT",130.0226,-155.2956,-90.0000,top
"L95","30Ω","0402-TIGHT",127.8636,-140.1826,90.0000,top
"L98","18nH","0402_COILCRAFT",129.8321,-139.8016,90.0000,top
"L100","27nH","0402_COILCRAFT",129.6416,-134.5311,0.0000,top
"L101","12nH","0402_COILCRAFT",130.0861,-133.3246,90.0000,top
"L102","30nH","0402_COILCRAFT",134.2771,-144.5006,180.0000,top
"L103","51nH","0402_COILCRAFT",134.2771,-139.4206,180.0000,top
"L108","30Ω","0402-TIGHT",138.3411,-154.9781,90.0000,top
"L109","30Ω","0402-TIGHT",141.1986,-155.2956,-90.0000,top
"L110","30Ω","0402-TIGHT",139.0396,-140.1826,90.0000,top
"L113","18nH","0402_COILCRAFT",141.0081,-139.8016,90.0000,top
"L115","27nH","0402_COILCRAFT",140.8176,-134.5311,0.0000,top
"L116","12nH","0402_COILCRAFT",141.2621,-133.3246,90.0000,top
"L117","30nH","0402_COILCRAFT",145.4531,-144.5006,180.0000,top
"L118","51nH","0402_COILCRAFT",145.4531,-139.4206,180.0000,top
"L123","30Ω","0402-TIGHT",149.5171,-154.9781,90.0000,top
"L124","30Ω","0402-TIGHT",152.3746,-155.2956,-90.0000,top
"L125","30Ω","0402-TIGHT",150.2156,-140.1826,90.0000,top
"L128","18nH","0402_COILCRAFT",152.1841,-139.8016,90.0000,top
"L130","27nH","0402_COILCRAFT",151.9936,-134.5311,0.0000,top
"L131","12nH","0402_COILCRAFT",152.4381,-133.3246,90.0000,top
"L132","30nH","0402_COILCRAFT",156.6291,-144.5006,180.0000,top
"L133","51nH","0402_COILCRAFT",156.6291,-139.4206,180.0000,top
"L138","30Ω","0402-TIGHT",160.6931,-154.9781,90.0000,top
"L139","30Ω","0402-TIGHT",163.5506,-155.2956,-90.0000,top
"L140","30Ω","0402-TIGHT",161.3916,-140.1826,90.0000,top
"L143","18nH","0402_COILCRAFT",163.3601,-139.8016,90.0000,top
"L145","27nH","0402_COILCRAFT",163.1696,-134.5311,0.0000,top
"L146","12nH","0402_COILCRAFT",163.6141,-133.3246,90.0000,top
"L147","30nH","0402_COILCRAFT",167.8051,-144.5006,180.0000,top
"L148","51nH","0402_COILCRAFT",167.8051,-139.4206,180.0000,top
"L153","30Ω","0402-TIGHT",171.8691,-154.9781,90.0000,top
"L154","30Ω","0402-TIGHT",174.7266,-155.2956,-90.0000,top
"L155","30Ω","0402-TIGHT",172.5676,-140.1826,90.0000,top
"L158","18nH","0402_COILCRAFT",174.5361,-139.8016,90.0000,top
"L160","27nH","0402_COILCRAFT",174.3456,-134.5311,0.0000,top
"L161","12nH","0402_COILCRAFT",174.7901,-133.3246,90.0000,top
"L162","30nH","0402_COILCRAFT",178.9811,-144.5006,180.0000,top
"L163","51nH","0402_COILCRAFT",178.9811,-139.4206,180.0000,top
"L168","30Ω","0402-TIGHT",183.0451,-154.9781,90.0000,top
"L169","30Ω","0402-TIGHT",185.9026,-155.2956,-90.0000,top
"L170","30Ω","0402-TIGHT",183.7436,-140.1826,90.0000,top
"L173","18nH","0402_COILCRAFT",185.7121,-139.8016,90.0000,top
"L175","27nH","0402_COILCRAFT",185.5216,-134.5311,0.0000,top
"L176","12nH","0402_COILCRAFT",185.9661,-133.3246,90.0000,top
"L177","30nH","0402_COILCRAFT",190.1571,-144.5006,180.0000,top
"L178","51nH","0402_COILCRAFT",190.1571,-139.4206,180.0000,top
"L183","30Ω","0402-TIGHT",194.2211,-154.9781,90.0000,top
"L184","30Ω","0402-TIGHT",197.0786,-155.2956,-90.0000,top
"L185","30Ω","0402-TIGHT",194.9196,-140.1826,90.0000,top
"L188","18nH","0402_COILCRAFT",196.8881,-139.8016,90.0000,top
"L190","27nH","0402_COILCRAFT",196.6976,-134.5311,0.0000,top
"L191","12nH","0402_COILCRAFT",197.1421,-133.3246,90.0000,top
"L192","30nH","0402_COILCRAFT",201.3331,-144.5006,180.0000,top
"L193","51nH","0402_COILCRAFT",201.3331,-139.4206,180.0000,top
"L198","30Ω","0402-TIGHT",205.3971,-154.9781,90.0000,top
"L199","30Ω","0402-TIGHT",208.2546,-155.2956,-90.0000,top
"L200","30Ω","0402-TIGHT",206.0956,-140.1826,90.0000,top
"L203","18nH","0402_COILCRAFT",208.0641,-139.8016,90.0000,top
"L205","27nH","0402_COILCRAFT",207.8736,-134.5311,0.0000,top
"L206","12nH","0402_COILCRAFT",208.3181,-133.3246,90.0000,top
"L207","30nH","0402_COILCRAFT",212.5091,-144.5006,180.0000,top
"L208","51nH","0402_COILCRAFT",212.5091,-139.4206,180.0000,top
"L213","30Ω","0402-TIGHT",216.5731,-154.9781,90.0000,top
"L214","30Ω","0402-TIGHT",219.4306,-155.2956,-90.0000,top
"L215","30Ω","0402-TIGHT",217.2716,-140.1826,90.0000,top
"L218","18nH","0402_COILCRAFT",219.2401,-139.8016,90.0000,top
"L220","27nH","0402_COILCRAFT",219.0496,-134.5311,0.0000,top
"L221","12nH","0402_COILCRAFT",219.4941,-133.3246,90.0000,top
"L222","30nH","0402_COILCRAFT",223.6851,-144.5006,180.0000,top
"L223","51nH","0402_COILCRAFT",223.6851,-139.4206,180.0000,top
"L228","30Ω","0402-TIGHT",227.7491,-154.9781,90.0000,top
"L229","30Ω","0402-TIGHT",230.6066,-155.2956,-90.0000,top
"L230","30Ω","0402-TIGHT",228.4476,-140.1826,90.0000,top
"L233","18nH","0402_COILCRAFT",230.4161,-139.8016,90.0000,top
"L235","27nH","0402_COILCRAFT",230.2256,-134.5311,0.0000,top
"L236","12nH","0402_COILCRAFT",230.6701,-133.3246,90.0000,top
"L237","30nH","0402_COILCRAFT",234.8611,-144.5006,180.0000,top
"L238","51nH","0402_COILCRAFT",234.8611,-139.4206,180.0000,top
"L243","30Ω","0402-TIGHT",60.1091,-113.8301,90.0000,top
"L244","30Ω","0402-TIGHT",62.9666,-114.1476,-90.0000,top
"L245","30Ω","0402-TIGHT",60.8076,-99.0346,90.0000,top
"L248","18nH","0402_COILCRAFT",62.7761,-98.6536,90.0000,top
"L250","27nH","0402_COILCRAFT",62.5856,-93.3831,0.0000,top
"L251","12nH","0402_COILCRAFT",63.0301,-92.1766,90.0000,top
"L252","30nH","0402_COILCRAFT",67.2211,-103.3526,180.0000,top
"L253","51nH","0402_COILCRAFT",67.2211,-98.2726,180.0000,top
"L258","30Ω","0402-TIGHT",71.2851,-113.8301,90.0000,top
"L259","30Ω","0402-TIGHT",74.1426,-114.1476,-90.0000,top
"L260","30Ω","0402-TIGHT",71.9836,-99.0346,90.0000,top
"L263","18nH","0402_COILCRAFT",73.9521,-98.6536,90.0000,top
"L265","27nH","0402_COILCRAFT",73.7616,-93.3831,0.0000,top
"L266","12nH","0402_COILCRAFT",74.2061,-92.1766,90.0000,top
"L267","30nH","0402_COILCRAFT",78.3971,-103.3526,180.0000,top
"L268","51nH","0402_COILCRAFT",78.3971,-98.2726,180.0000,top
"L273","30Ω","0402-TIGHT",82.4611,-113.8301,90.0000,top
"L274","30Ω","0402-TIGHT",85.3186,-114.1476,-90.0000,top
"L275","30Ω","0402-TIGHT",83.1596,-99.0346,90.0000,top
"L278","18nH","0402_COILCRAFT",85.1281,-98.6536,90.0000,top
"L280","27nH","0402_COILCRAFT",84.9376,-93.3831,0.0000,top
"L281","12nH","0402_COILCRAFT",85.3821,-92.1766,90.0000,top
"L282","30nH","0402_COILCRAFT",89.5731,-103.3526,180.0000,top
"L283","51nH","0402_COILCRAFT",89.5731,-98.2726,180.0000,top
"L288","30Ω","0402-TIGHT",93.6371,-113.8301,90.0000,top
"L289","30Ω","0402-TIGHT",96.4946,-114.1476,-90.0000,top
"L290","30Ω","0402-TIGHT",94.3356,-99.0346,90.0000,top
"L293","18nH","0402_COILCRAFT",96.3041,-98.6536,90.0000,top
"L295","27nH","0402_COILCRAFT",96.1136,-93.3831,0.0000,top
"L296","12nH","0402_COILCRAFT",96.5581,-92.1766,90.0000,top
"L297","30nH","0402_COILCRAFT",100.7491,-103.3526,180.0000,top
"L298","51nH","0402_COILCRAFT",100.7491,-98.2726,180.0000,top
"L303","30Ω","0402-TIGHT",104.8131,-113.8301,90.0000,top
"L304","30Ω","0402-TIGHT",107.6706,-114.1476,-90.0000,top
"L305","30Ω","0402-TIGHT",105.5116,-99.0346,90.0000,top
"L308","18nH","0402_COILCRAFT",107.4801,-98.6536,90.0000,top
"L310","27nH","0402_COILCRAFT",107.2896,-93.3831,0.0000,top
"L311","12nH","0402_COILCRAFT",107.7341,-92.1766,90.0000,top
"L312","30nH","0402_COILCRAFT",111.9251,-103.3526,180.0000,top
"L313","51nH","0402_COILCRAFT",111.9251,-98.2726,180.0000,top
"L318","30Ω","0402-TIGHT",115.9891,-113.8301,90.0000,top
"L319","30Ω","0402-TIGHT",118.8466,-114.1476,-90.0000,top
"L320","30Ω","0402-TIGHT",116.6876,-99.0346,90.0000,top
"L323","18nH","0402_COILCRAFT",118.6561,-98.6536,90.0000,top
"L325","27nH","0402_COILCRAFT",118.4656,-93.3831,0.0000,top
"L326","12nH","0402_COILCRAFT",118.9101,-92.1766,90.0000,top
"L327","30nH","0402_COILCRAFT",123.1011,-103.3526,180.0000,top
"L328","51nH","0402_COILCRAFT",123.1011,-98.2726,180.0000,top
"L333","30Ω","0402-TIGHT",127.1651,-113.8301,90.0000,top
"L334","30Ω","0402-TIGHT",130.0226,-114.1476,-90.0000,top
"L335","30Ω","0402-TIGHT",127.8636,-99.0346,90.0000,top
"L338","18nH","0402_COILCRAFT",129.8321,-98.6536,90.0000,top
"L340","27nH","0402_COILCRAFT",129.6416,-93.3831,0.0000,top
"L341","12nH","0402_COILCRAFT",130.0861,-92.1766,90.0000,top
"L342","30nH","0402_COILCRAFT",134.2771,-103.3526,180.0000,top
"L343","51nH","0402_COILCRAFT",134.2771,-98.2726,180.0000,top
"L348","30Ω","0402-TIGHT",138.3411,-113.8301,90.0000,top
"L349","30Ω","0402-TIGHT",141.1986,-114.1476,-90.0000,top
"L350","30Ω","0402-TIGHT",139.0396,-99.0346,90.0000,top
"L353","18nH","0402_COILCRAFT",141.0081,-98.6536,90.0000,top
"L355","27nH","0402_COILCRAFT",140.8176,-93.3831,0.0000,top
"L356","12nH","0402_COILCRAFT",141.2621,-92.1766,90.0000,top
"L357","30nH","0402_COILCRAFT",145.4531,-103.3526,180.0000,top
"L358","51nH","0402_COILCRAFT",145.4531,-98.2726,180.0000,top
"L363","30Ω","0402-TIGHT",149.5171,-113.8301,90.0000,top
"L364","30Ω","0402-TIGHT",152.3746,-114.1476,-90.0000,top
"L365","30Ω","0402-TIGHT",150.2156,-99.0346,90.0000,top
"L368","18nH","0402_COILCRAFT",152.1841,-98.6536,90.0000,top
"L370","27nH","0402_COILCRAFT",151.9936,-93.3831,0.0000,top
"L371","12nH","0402_COILCRAFT",152.4381,-92.1766,90.0000,top
"L372","30nH","0402_COILCRAFT",156.6291,-103.3526,180.0000,top
"L373","51nH","0402_COILCRAFT",156.6291,-98.2726,180.0000,top
"L378","30Ω","0402-TIGHT",160.6931,-113.8301,90.0000,top
"L379","30Ω","0402-TIGHT",163.5506,-114.1476,-90.0000,top
"L380","30Ω","0402-TIGHT",161.3916,-99.0346,90.0000,top
"L383","18nH","0402_COILCRAFT",163.3601,-98.6536,90.0000,top
"L385","27nH","0402_COILCRAFT",163.1696,-93.3831,0.0000,top
"L386","12nH","0402_COILCRAFT",163.6141,-92.1766,90.0000,top
"L387","30nH","0402_COILCRAFT",167.8051,-103.3526,180.0000,top
"L388","51nH","0402_COILCRAFT",167.8051,-98.2726,180.0000,top
"L393","30Ω","0402-TIGHT",171.8691,-113.8301,90.0000,top
"L394","30Ω","0402-TIGHT",174.7266,-114.1476,-90.0000,top
"L395","30Ω","0402-TIGHT",172.5676,-99.0346,90.0000,top
"L398","18nH","0402_COILCRAFT",174.5361,-98.6536,90.0000,top
"L400","27nH","0402_COILCRAFT",174.3456,-93.3831,0.0000,top
"L401","12nH","0402_COILCRAFT",174.7901,-92.1766,90.0000,top
"L402","30nH","0402_COILCRAFT",178.9811,-103.3526,180.0000,top
"L403","51nH","0402_COILCRAFT",178.9811,-98.2726,180.0000,top
"L408","30Ω","0402-TIGHT",183.0451,-113.8301,90.0000,top
"L409","30Ω","0402-TIGHT",185.9026,-114.1476,-90.0000,top
"L410","30Ω","0402-TIGHT",183.7436,-99.0346,90.0000,top
"L413","18nH","0402_COILCRAFT",185.7121,-98.6536,90.0000,top
"L415","27nH","0402_COILCRAFT",185.5216,-93.3831,0.0000,top
"L416","12nH","0402_COILCRAFT",185.9661,-92.1766,90.0000,top
"L417","30nH","0402_COILCRAFT",190.1571,-103.3526,180.0000,top
"L418","51nH","0402_COILCRAFT",190.1571,-98.2726,180.0000,top
"L423","30Ω","0402-TIGHT",194.2211,-113.8301,90.0000,top
"L424","30Ω","0402-TIGHT",197.0786,-114.1476,-90.0000,top
"L425","30Ω","0402-TIGHT",194.9196,-99.0346,90.0000,top
"L428","18nH","0402_COILCRAFT",196.8881,-98.6536,90.0000,top
"L430","27nH","0402_COILCRAFT",196.6976,-93.3831,0.0000,top
"L431","12nH","0402_COILCRAFT",197.1421,-92.1766,90.0000,top
"L432","30nH","0402_COILCRAFT",201.3331,-103.3526,180.0000,top
"L433","51nH","0402_COILCRAFT",201.3331,-98.2726,180.0000,top
"L438","30Ω","0402-TIGHT",205.3971,-113.8301,90.0000,top
"L439","30Ω","0402-TIGHT",208.2546,-114.1476,-90.0000,top
"L440","30Ω","0402-TIGHT",206.0956,-99.0346,90.0000,top
"L443","18nH","0402_COILCRAFT",208.0641,-98.6536,90.0000,top
"L445","27nH","0402_COILCRAFT",207.8736,-93.3831,0.0000,top
"L446","12nH","0402_COILCRAFT",208.3181,-92.1766,90.0000,top
"L447","30nH","0402_COILCRAFT",212.5091,-103.3526,180.0000,top
"L448","51nH","0402_COILCRAFT",212.5091,-98.2726,180.0000,top
"L453","30Ω","0402-TIGHT",216.5731,-113.8301,90.0000,top
"L454","30Ω","0402-TIGHT",219.4306,-114.1476,-90.0000,top
"L455","30Ω","0402-TIGHT",217.2716,-99.0346,90.0000,top
"L458","18nH","0402_COILCRAFT",219.2401,-98.6536,90.0000,top
"L460","27nH","0402_COILCRAFT",219.0496,-93.3831,0.0000,top
"L461","12nH","0402_COILCRAFT",219.4941,-92.1766,90.0000,top
"L462","30nH","0402_COILCRAFT",223.6851,-103.3526,180.0000,top
"L463","51nH","0402_COILCRAFT",223.6851,-98.2726,180.0000,top
"L468","30Ω","0402-TIGHT",227.7491,-113.8301,90.0000,top
"L469","30Ω","0402-TIGHT",230.6066,-114.1476,-90.0000,top
"L470","30Ω","0402-TIGHT",228.4476,-99.0346,90.0000,top
"L473","18nH","0402_COILCRAFT",230.4161,-98.6536,90.0000,top
"L475","27nH","0402_COILCRAFT",230.2256,-93.3831,0.0000,top
"L476","12nH","0402_COILCRAFT",230.6701,-92.1766,90.0000,top
"L477","30nH","0402_COILCRAFT",234.8611,-103.3526,180.0000,top
"L478","51nH","0402_COILCRAFT",234.8611,-98.2726,180.0000,top
"L483","30Ω","0402-TIGHT",60.1091,-72.6821,90.0000,top
"L484","30Ω","0402-TIGHT",62.9666,-72.9996,-90.0000,top
"L485","30Ω","0402-TIGHT",60.8076,-57.8866,90.0000,top
"L488","18nH","0402_COILCRAFT",62.7761,-57.5056,90.0000,top
"L490","27nH","0402_COILCRAFT",62.5856,-52.2351,0.0000,top
"L491","12nH","0402_COILCRAFT",63.0301,-51.0286,90.0000,top
"L492","30nH","0402_COILCRAFT",67.2211,-62.2046,180.0000,top
"L493","51nH","0402_COILCRAFT",67.2211,-57.1246,180.0000,top
"L498","30Ω","0402-TIGHT",71.2851,-72.6821,90.0000,top
"L499","30Ω","0402-TIGHT",74.1426,-72.9996,-90.0000,top
"L500","30Ω","0402-TIGHT",71.9836,-57.8866,90.0000,top
"L503","18nH","0402_COILCRAFT",73.9521,-57.5056,90.0000,top
"L505","27nH","0402_COILCRAFT",73.7616,-52.2351,0.0000,top
"L506","12nH","0402_COILCRAFT",74.2061,-51.0286,90.0000,top
"L507","30nH","0402_COILCRAFT",78.3971,-62.2046,180.0000,top
"L508","51nH","0402_COILCRAFT",78.3971,-57.1246,180.0000,top
"L513","30Ω","0402-TIGHT",82.4611,-72.6821,90.0000,top
"L514","30Ω","0402-TIGHT",85.3186,-72.9996,-90.0000,top
"L515","30Ω","0402-TIGHT",83.1596,-57.8866,90.0000,top
"L518","18nH","0402_COILCRAFT",85.1281,-57.5056,90.0000,top
"L520","27nH","0402_COILCRAFT",84.9376,-52.2351,0.0000,top
"L521","12nH","0402_COILCRAFT",85.3821,-51.0286,90.0000,top
"L522","30nH","0402_COILCRAFT",89.5731,-62.2046,180.0000,top
"L523","51nH","0402_COILCRAFT",89.5731,-57.1246,180.0000,top
"L528","30Ω","0402-TIGHT",93.6371,-72.6821,90.0000,top
"L529","30Ω","0402-TIGHT",96.4946,-72.9996,-90.0000,top
"L530","30Ω","0402-TIGHT",94.3356,-57.8866,90.0000,top
"L533","18nH","0402_COILCRAFT",96.3041,-57.5056,90.0000,top
"L535","27nH","0402_COILCRAFT",96.1136,-52.2351,0.0000,top
"L536","12nH","0402_COILCRAFT",96.5581,-51.0286,90.0000,top
"L537","30nH","0402_COILCRAFT",100.7491,-62.2046,180.0000,top
"L538","51nH","0402_COILCRAFT",100.7491,-57.1246,180.0000,top
"L543","30Ω","0402-TIGHT",104.8131,-72.6821,90.0000,top
"L544","30Ω","0402-TIGHT",107.6706,-72.9996,-90.0000,top
"L545","30Ω","0402-TIGHT",105.5116,-57.8866,90.0000,top
"L548","18nH","0402_COILCRAFT",107.4801,-57.5056,90.0000,top
"L550","27nH","0402_COILCRAFT",107.2896,-52.2351,0.0000,top
"L551","12nH","0402_COILCRAFT",107.7341,-51.0286,90.0000,top
"L552","30nH","0402_COILCRAFT",111.9251,-62.2046,180.0000,top
"L553","51nH","0402_COILCRAFT",111.9251,-57.1246,180.0000,top
"L558","30Ω","0402-TIGHT",115.9891,-72.6821,90.0000,top
"L559","30Ω","0402-TIGHT",118.8466,-72.9996,-90.0000,top
"L560","30Ω","0402-TIGHT",116.6876,-57.8866,90.0000,top
"L563","18nH","0402_COILCRAFT",118.6561,-57.5056,90.0000,top
"L565","27nH","0402_COILCRAFT",118.4656,-52.2351,0.0000,top
"L566","12nH","0402_COILCRAFT",118.9101,-51.0286,90.0000,top
"L567","30nH","0402_COILCRAFT",123.1011,-62.2046,180.0000,top
"L568","51nH","0402_COILCRAFT",123.1011,-57.1246,180.0000,top
"L573","30Ω","0402-TIGHT",127.1651,-72.6821,90.0000,top
"L574","30Ω","0402-TIGHT",130.0226,-72.9996,-90.0000,top
"L575","30Ω","0402-TIGHT",127.8636,-57.8866,90.0000,top
"L578","18nH","0402_COILCRAFT",129.8321,-57.5056,90.0000,top
"L580","27nH","0402_COILCRAFT",129.6416,-52.2351,0.0000,top
"L581","12nH","0402_COILCRAFT",130.0861,-51.0286,90.0000,top
"L582","30nH","0402_COILCRAFT",134.2771,-62.2046,180.0000,top
"L583","51nH","0402_COILCRAFT",134.2771,-57.1246,180.0000,top
"L588","30Ω","0402-TIGHT",138.3411,-72.6821,90.0000,top
"L589","30Ω","0402-TIGHT",141.1986,-72.9996,-90.0000,top
"L590","30Ω","0402-TIGHT",139.0396,-57.8866,90.0000,top
"L593","18nH","0402_COILCRAFT",141.0081,-57.5056,90.0000,top
"L595","27nH","0402_COILCRAFT",140.8176,-52.2351,0.0000,top
"L596","12nH","0402_COILCRAFT",141.2621,-51.0286,90.0000,top
"L597","30nH","0402_COILCRAFT",145.4531,-62.2046,180.0000,top
"L598","51nH","0402_COILCRAFT",145.4531,-57.1246,180.0000,top
"L603","30Ω","0402-TIGHT",149.5171,-72.6821,90.0000,top
"L604","30Ω","0402-TIGHT",152.3746,-72.9996,-90.0000,top
"L605","30Ω","0402-TIGHT",150.2156,-57.8866,90.0000,top
"L608","18nH","0402_COILCRAFT",152.1841,-57.5056,90.0000,top
"L610","27nH","0402_COILCRAFT",151.9936,-52.2351,0.0000,top
"L611","12nH","0402_COILCRAFT",152.4381,-51.0286,90.0000,top
"L612","30nH","0402_COILCRAFT",156.6291,-62.2046,180.0000,top
"L613","51nH","0402_COILCRAFT",156.6291,-57.1246,180.0000,top
"L618","30Ω","0402-TIGHT",160.6931,-72.6821,90.0000,top
"L619","30Ω","0402-TIGHT",163.5506,-72.9996,-90.0000,top
"L620","30Ω","0402-TIGHT",161.3916,-57.8866,90.0000,top
"L623","18nH","0402_COILCRAFT",163.3601,-57.5056,90.0000,top
"L625","27nH","0402_COILCRAFT",163.1696,-52.2351,0.0000,top
"L626","12nH","0402_COILCRAFT",163.6141,-51.0286,90.0000,top
"L627","30nH","0402_COILCRAFT",167.8051,-62.2046,180.0000,top
"L628","51nH","0402_COILCRAFT",167.8051,-57.1246,180.0000,top
"L633","30Ω","0402-TIGHT",171.8691,-72.6821,90.0000,top
"L634","30Ω","0402-TIGHT",174.7266,-72.9996,-90.0000,top
"L635","30Ω","0402-TIGHT",172.5676,-57.8866,90.0000,top
"L638","18nH","0402_COILCRAFT",174.5361,-57.5056,90.0000,top
"L640","27nH","0402_COILCRAFT",174.3456,-52.2351,0.0000,top
"L641","12nH","0402_COILCRAFT",174.7901,-51.0286,90.0000,top
"L642","30nH","0402_COILCRAFT",178.9811,-62.2046,180.0000,top
"L643","51nH","0402_COILCRAFT",178.9811,-57.1246,180.0000,top
"L648","30Ω","0402-TIGHT",183.0451,-72.6821,90.0000,top
"L649","30Ω","0402-TIGHT",185.9026,-72.9996,-90.0000,top
"L650","30Ω","0402-TIGHT",183.7436,-57.8866,90.0000,top
"L653","18nH","0402_COILCRAFT",185.7121,-57.5056,90.0000,top
"L655","27nH","0402_COILCRAFT",185.5216,-52.2351,0.0000,top
"L656","12nH","0402_COILCRAFT",185.9661,-51.0286,90.0000,top
"L657","30nH","0402_COILCRAFT",190.1571,-62.2046,180.0000,top
"L658","51nH","0402_COILCRAFT",190.1571,-57.1246,180.0000,top
"L663","30Ω","0402-TIGHT",194.2211,-72.6821,90.0000,top
"L664","30Ω","0402-TIGHT",197.0786,-72.9996,-90.0000,top
"L665","30Ω","0402-TIGHT",194.9196,-57.8866,90.0000,top
"L668","18nH","0402_COILCRAFT",196.8881,-57.5056,90.0000,top
"L670","27nH","0402_COILCRAFT",196.6976,-52.2351,0.0000,top
"L671","12nH","0402_COILCRAFT",197.1421,-51.0286,90.0000,top
"L672","30nH","0402_COILCRAFT",201.3331,-62.2046,180.0000,top
"L673","51nH","0402_COILCRAFT",201.3331,-57.1246,180.0000,top
"L678","30Ω","0402-TIGHT",205.3971,-72.6821,90.0000,top
"L679","30Ω","0402-TIGHT",208.2546,-72.9996,-90.0000,top
"L680","30Ω","0402-TIGHT",206.0956,-57.8866,90.0000,top
"L683","18nH","0402_COILCRAFT",208.0641,-57.5056,90.0000,top
"L685","27nH","0402_COILCRAFT",207.8736,-52.2351,0.0000,top
"L686","12nH","0402_COILCRAFT",208.3181,-51.0286,90.0000,top
"L687","30nH","0402_COILCRAFT",212.5091,-62.2046,180.0000,top
"L688","51nH","0402_COILCRAFT",212.5091,-57.1246,180.0000,top
"L693","30Ω","0402-TIGHT",216.5731,-72.6821,90.0000,top
"L694","30Ω","0402-TIGHT",219.4306,-72.9996,-90.0000,top
"L695","30Ω","0402-TIGHT",217.2716,-57.8866,90.0000,top
"L698","18nH","0402_COILCRAFT",219.2401,-57.5056,90.0000,top
"L700","27nH","0402_COILCRAFT",219.0496,-52.2351,0.0000,top
"L701","12nH","0402_COILCRAFT",219.4941,-51.0286,90.0000,top
"L702","30nH","0402_COILCRAFT",223.6851,-62.2046,180.0000,top
"L703","51nH","0402_COILCRAFT",223.6851,-57.1246,180.0000,top
"L708","30Ω","0402-TIGHT",227.7491,-72.6821,90.0000,top
"L709","30Ω","0402-TIGHT",230.6066,-72.9996,-90.0000,top
"L710","30Ω","0402-TIGHT",228.4476,-57.8866,90.0000,top
"L713","18nH","0402_COILCRAFT",230.4161,-57.5056,90.0000,top
"L715","27nH","0402_COILCRAFT",230.2256,-52.2351,0.0000,top
"L716","12nH","0402_COILCRAFT",230.6701,-51.0286,90.0000,top
"L717","30nH","0402_COILCRAFT",234.8611,-62.2046,180.0000,top
"L718","51nH","0402_COILCRAFT",234.8611,-57.1246,180.0000,top
"LOGO1","OSHW-LOGOMINI","OSHW-LOGO-MINI",78.6511,-127.3556,90.0000,top
"LOGO2","OSHW-LOGOMINI","OSHW-LOGO-MINI",67.4751,-127.3556,90.0000,top
"LOGO5","OSHW-LOGOMINI","OSHW-LOGO-MINI",89.8271,-127.3556,90.0000,top
"LOGO7","OSHW-LOGOMINI","OSHW-LOGO-MINI",101.0031,-127.3556,90.0000,top
"LOGO9","OSHW-LOGOMINI","OSHW-LOGO-MINI",112.1791,-127.3556,90.0000,top
"LOGO11","OSHW-LOGOMINI","OSHW-LOGO-MINI",123.3551,-127.3556,90.0000,top
"LOGO13","OSHW-LOGOMINI","OSHW-LOGO-MINI",134.5311,-127.3556,90.0000,top
"LOGO15","OSHW-LOGOMINI","OSHW-LOGO-MINI",145.7071,-127.3556,90.0000,top
"LOGO17","OSHW-LOGOMINI","OSHW-LOGO-MINI",156.8831,-127.3556,90.0000,top
"LOGO19","OSHW-LOGOMINI","OSHW-LOGO-MINI",168.0591,-127.3556,90.0000,top
"LOGO21","OSHW-LOGOMINI","OSHW-LOGO-MINI",179.2351,-127.3556,90.0000,top
"LOGO23","OSHW-LOGOMINI","OSHW-LOGO-MINI",190.4111,-127.3556,90.0000,top
"LOGO25","OSHW-LOGOMINI","OSHW-LOGO-MINI",201.5871,-127.3556,90.0000,top
"LOGO27","OSHW-LOGOMINI","OSHW-LOGO-MINI",212.7631,-127.3556,90.0000,top
"LOGO29","OSHW-LOGOMINI","OSHW-LOGO-MINI",223.9391,-127.3556,90.0000,top
"LOGO31","OSHW-LOGOMINI","OSHW-LOGO-MINI",235.1151,-127.3556,90.0000,top
"LOGO33","OSHW-LOGOMINI","OSHW-LOGO-MINI",67.4751,-86.2076,90.0000,top
"LOGO35","OSHW-LOGOMINI","OSHW-LOGO-MINI",78.6511,-86.2076,90.0000,top
"LOGO37","OSHW-LOGOMINI","OSHW-LOGO-MINI",89.8271,-86.2076,90.0000,top
"LOGO39","OSHW-LOGOMINI","OSHW-LOGO-MINI",101.0031,-86.2076,90.0000,top
"LOGO41","OSHW-LOGOMINI","OSHW-LOGO-MINI",112.1791,-86.2076,90.0000,top
"LOGO43","OSHW-LOGOMINI","OSHW-LOGO-MINI",123.3551,-86.2076,90.0000,top
"LOGO45","OSHW-LOGOMINI","OSHW-LOGO-MINI",134.5311,-86.2076,90.0000,top
"LOGO47","OSHW-LOGOMINI","OSHW-LOGO-MINI",145.7071,-86.2076,90.0000,top
"LOGO49","OSHW-LOGOMINI","OSHW-LOGO-MINI",156.8831,-86.2076,90.0000,top
"LOGO51","OSHW-LOGOMINI","OSHW-LOGO-MINI",168.0591,-86.2076,90.0000,top
"LOGO53","OSHW-LOGOMINI","OSHW-LOGO-MINI",179.2351,-86.2076,90.0000,top
"LOGO55","OSHW-LOGOMINI","OSHW-LOGO-MINI",190.4111,-86.2076,90.0000,top
"LOGO57","OSHW-LOGOMINI","OSHW-LOGO-MINI",201.5871,-86.2076,90.0000,top
"LOGO59","OSHW-LOGOMINI","OSHW-LOGO-MINI",212.7631,-86.2076,90.0000,top
"LOGO61","OSHW-LOGOMINI","OSHW-LOGO-MINI",223.9391,-86.2076,90.0000,top
"LOGO63","OSHW-LOGOMINI","OSHW-LOGO-MINI",235.1151,-86.2076,90.0000,top
"LOGO65","OSHW-LOGOMINI","OSHW-LOGO-MINI",67.4751,-45.0596,90.0000,top
"LOGO67","OSHW-LOGOMINI","OSHW-LOGO-MINI",78.6511,-45.0596,90.0000,top
"LOGO69","OSHW-LOGOMINI","OSHW-LOGO-MINI",89.8271,-45.0596,90.0000,top
"LOGO71","OSHW-LOGOMINI","OSHW-LOGO-MINI",101.0031,-45.0596,90.0000,top
"LOGO73","OSHW-LOGOMINI","OSHW-LOGO-MINI",112.1791,-45.0596,90.0000,top
"LOGO75","OSHW-LOGOMINI","OSHW-LOGO-MINI",123.3551,-45.0596,90.0000,top
"LOGO77","OSHW-LOGOMINI","OSHW-LOGO-MINI",134.5311,-45.0596,90.0000,top
"LOGO79","OSHW-LOGOMINI","OSHW-LOGO-MINI",145.7071,-45.0596,90.0000,top
"LOGO81","OSHW-LOGOMINI","OSHW-LOGO-MINI",156.8831,-45.0596,90.0000,top
"LOGO83","OSHW-LOGOMINI","OSHW-LOGO-MINI",168.0591,-45.0596,90.0000,top
"LOGO85","OSHW-LOGOMINI","OSHW-LOGO-MINI",179.2351,-45.0596,90.0000,top
"LOGO87","OSHW-LOGOMINI","OSHW-LOGO-MINI",190.4111,-45.0596,90.0000,top
"LOGO89","OSHW-LOGOMINI","OSHW-LOGO-MINI",201.5871,-45.0596,90.0000,top
"LOGO91","OSHW-LOGOMINI","OSHW-LOGO-MINI",212.7631,-45.0596,90.0000,top
"LOGO93","OSHW-LOGOMINI","OSHW-LOGO-MINI",223.9391,-45.0596,90.0000,top
"LOGO95","OSHW-LOGOMINI","OSHW-LOGO-MINI",235.1151,-45.0596,90.0000,top
"OUT0","","FPC_16_0.5MM",64.6811,-164.3761,180.0000,top
"OUT1","","FPC_16_0.5MM",75.8571,-164.3761,180.0000,top
"OUT2","","FPC_16_0.5MM",87.0331,-164.3761,180.0000,top
"OUT3","","FPC_16_0.5MM",98.2091,-164.3761,180.0000,top
"OUT4","","FPC_16_0.5MM",109.3851,-164.3761,180.0000,top
"OUT5","","FPC_16_0.5MM",120.5611,-164.3761,180.0000,top
"OUT6","","FPC_16_0.5MM",131.7371,-164.3761,180.0000,top
"OUT7","","FPC_16_0.5MM",142.9131,-164.3761,180.0000,top
"OUT8","","FPC_16_0.5MM",154.0891,-164.3761,180.0000,top
"OUT9","","FPC_16_0.5MM",165.2651,-164.3761,180.0000,top
"OUT10","","FPC_16_0.5MM",176.4411,-164.3761,180.0000,top
"OUT11","","FPC_16_0.5MM",187.6171,-164.3761,180.0000,top
"OUT12","","FPC_16_0.5MM",198.7931,-164.3761,180.0000,top
"OUT13","","FPC_16_0.5MM",209.9691,-164.3761,180.0000,top
"OUT14","","FPC_16_0.5MM",221.1451,-164.3761,180.0000,top
"OUT15","","FPC_16_0.5MM",232.3211,-164.3761,180.0000,top
"OUT16","","FPC_16_0.5MM",64.6811,-123.2281,180.0000,top
"OUT17","","FPC_16_0.5MM",75.8571,-123.2281,180.0000,top
"OUT18","","FPC_16_0.5MM",87.0331,-123.2281,180.0000,top
"OUT19","","FPC_16_0.5MM",98.2091,-123.2281,180.0000,top
"OUT20","","FPC_16_0.5MM",109.3851,-123.2281,180.0000,top
"OUT21","","FPC_16_0.5MM",120.5611,-123.2281,180.0000,top
"OUT22","","FPC_16_0.5MM",131.7371,-123.2281,180.0000,top
"OUT23","","FPC_16_0.5MM",142.9131,-123.2281,180.0000,top
"OUT24","","FPC_16_0.5MM",154.0891,-123.2281,180.0000,top
"OUT25","","FPC_16_0.5MM",165.2651,-123.2281,180.0000,top
"OUT26","","FPC_16_0.5MM",176.4411,-123.2281,180.0000,top
"OUT27","","FPC_16_0.5MM",187.6171,-123.2281,180.0000,top
"OUT28","","FPC_16_0.5MM",198.7931,-123.2281,180.0000,top
"OUT29","","FPC_16_0.5MM",209.9691,-123.2281,180.0000,top
"OUT30","","FPC_16_0.5MM",221.1451,-123.2281,180.0000,top
"OUT31","","FPC_16_0.5MM",232.3211,-123.2281,180.0000,top
"OUT32","","FPC_16_0.5MM",64.6811,-82.0801,180.0000,top
"OUT33","","FPC_16_0.5MM",75.8571,-82.0801,180.0000,top
"OUT34","","FPC_16_0.5MM",87.0331,-82.0801,180.0000,top
"OUT35","","FPC_16_0.5MM",98.2091,-82.0801,180.0000,top
"OUT36","","FPC_16_0.5MM",109.3851,-82.0801,180.0000,top
"OUT37","","FPC_16_0.5MM",120.5611,-82.0801,180.0000,top
"OUT38","","FPC_16_0.5MM",131.7371,-82.0801,180.0000,top
"OUT39","","FPC_16_0.5MM",142.9131,-82.0801,180.0000,top
"OUT40","","FPC_16_0.5MM",154.0891,-82.0801,180.0000,top
"OUT41","","FPC_16_0.5MM",165.2651,-82.0801,180.0000,top
"OUT42","","FPC_16_0.5MM",176.4411,-82.0801,180.0000,top
"OUT43","","FPC_16_0.5MM",187.6171,-82.0801,180.0000,top
"OUT44","","FPC_16_0.5MM",198.7931,-82.0801,180.0000,top
"OUT45","","FPC_16_0.5MM",209.9691,-82.0801,180.0000,top
"OUT46","","FPC_16_0.5MM",221.1451,-82.0801,180.0000,top
"OUT47","","FPC_16_0.5MM",232.3211,-82.0801,180.0000,top
"Q1","5.8A/30V/35mΩ","SOT23-3",78.3336,-155.2321,-90.0000,top
"Q2","5.8A/30V/35mΩ","SOT23-3",67.1576,-155.2321,-90.0000,top
"Q3","5.8A/30V/35mΩ","SOT23-3",89.5096,-155.2321,-90.0000,top
"Q4","5.8A/30V/35mΩ","SOT23-3",100.6856,-155.2321,-90.0000,top
"Q5","5.8A/30V/35mΩ","SOT23-3",111.8616,-155.2321,-90.0000,top
"Q6","5.8A/30V/35mΩ","SOT23-3",123.0376,-155.2321,-90.0000,top
"Q7","5.8A/30V/35mΩ","SOT23-3",134.2136,-155.2321,-90.0000,top
"Q8","5.8A/30V/35mΩ","SOT23-3",145.3896,-155.2321,-90.0000,top
"Q9","5.8A/30V/35mΩ","SOT23-3",156.5656,-155.2321,-90.0000,top
"Q10","5.8A/30V/35mΩ","SOT23-3",167.7416,-155.2321,-90.0000,top
"Q11","5.8A/30V/35mΩ","SOT23-3",178.9176,-155.2321,-90.0000,top
"Q12","5.8A/30V/35mΩ","SOT23-3",190.0936,-155.2321,-90.0000,top
"Q13","5.8A/30V/35mΩ","SOT23-3",201.2696,-155.2321,-90.0000,top
"Q14","5.8A/30V/35mΩ","SOT23-3",212.4456,-155.2321,-90.0000,top
"Q15","5.8A/30V/35mΩ","SOT23-3",223.6216,-155.2321,-90.0000,top
"Q16","5.8A/30V/35mΩ","SOT23-3",234.7976,-155.2321,-90.0000,top
"Q17","5.8A/30V/35mΩ","SOT23-3",67.1576,-114.0841,-90.0000,top
"Q18","5.8A/30V/35mΩ","SOT23-3",78.3336,-114.0841,-90.0000,top
"Q19","5.8A/30V/35mΩ","SOT23-3",89.5096,-114.0841,-90.0000,top
"Q20","5.8A/30V/35mΩ","SOT23-3",100.6856,-114.0841,-90.0000,top
"Q21","5.8A/30V/35mΩ","SOT23-3",111.8616,-114.0841,-90.0000,top
"Q22","5.8A/30V/35mΩ","SOT23-3",123.0376,-114.0841,-90.0000,top
"Q23","5.8A/30V/35mΩ","SOT23-3",134.2136,-114.0841,-90.0000,top
"Q24","5.8A/30V/35mΩ","SOT23-3",145.3896,-114.0841,-90.0000,top
"Q25","5.8A/30V/35mΩ","SOT23-3",156.5656,-114.0841,-90.0000,top
"Q26","5.8A/30V/35mΩ","SOT23-3",167.7416,-114.0841,-90.0000,top
"Q27","5.8A/30V/35mΩ","SOT23-3",178.9176,-114.0841,-90.0000,top
"Q28","5.8A/30V/35mΩ","SOT23-3",190.0936,-114.0841,-90.0000,top
"Q29","5.8A/30V/35mΩ","SOT23-3",201.2696,-114.0841,-90.0000,top
"Q30","5.8A/30V/35mΩ","SOT23-3",212.4456,-114.0841,-90.0000,top
"Q31","5.8A/30V/35mΩ","SOT23-3",223.6216,-114.0841,-90.0000,top
"Q32","5.8A/30V/35mΩ","SOT23-3",234.7976,-114.0841,-90.0000,top
"Q33","5.8A/30V/35mΩ","SOT23-3",67.1576,-72.9361,-90.0000,top
"Q34","5.8A/30V/35mΩ","SOT23-3",78.3336,-72.9361,-90.0000,top
"Q35","5.8A/30V/35mΩ","SOT23-3",89.5096,-72.9361,-90.0000,top
"Q36","5.8A/30V/35mΩ","SOT23-3",100.6856,-72.9361,-90.0000,top
"Q37","5.8A/30V/35mΩ","SOT23-3",111.8616,-72.9361,-90.0000,top
"Q38","5.8A/30V/35mΩ","SOT23-3",123.0376,-72.9361,-90.0000,top
"Q39","5.8A/30V/35mΩ","SOT23-3",134.2136,-72.9361,-90.0000,top
"Q40","5.8A/30V/35mΩ","SOT23-3",145.3896,-72.9361,-90.0000,top
"Q41","5.8A/30V/35mΩ","SOT23-3",156.5656,-72.9361,-90.0000,top
"Q42","5.8A/30V/35mΩ","SOT23-3",167.7416,-72.9361,-90.0000,top
"Q43","5.8A/30V/35mΩ","SOT23-3",178.9176,-72.9361,-90.0000,top
"Q44","5.8A/30V/35mΩ","SOT23-3",190.0936,-72.9361,-90.0000,top
"Q45","5.8A/30V/35mΩ","SOT23-3",201.2696,-72.9361,-90.0000,top
"Q46","5.8A/30V/35mΩ","SOT23-3",212.4456,-72.9361,-90.0000,top
"Q47","5.8A/30V/35mΩ","SOT23-3",223.6216,-72.9361,-90.0000,top
"Q48","5.8A/30V/35mΩ","SOT23-3",234.7976,-72.9361,-90.0000,top
"R1","10k","0402-TIGHT",60.4266,-134.0231,0.0000,top
"R2","100","0402-TIGHT",61.9506,-157.2641,180.0000,top
"R6","220","0402-TIGHT",63.2841,-143.1036,180.0000,top
"R9","0.1","0603",67.9831,-159.1691,-90.0000,top
"R11","100","0402-TIGHT",60.1091,-156.9466,-90.0000,top
"R12","10k","0402-TIGHT",61.9506,-159.2961,180.0000,top
"R14","470","0402-TIGHT",65.1256,-140.9446,-90.0000,top
"R16","220","0402-TIGHT",74.4601,-143.1036,180.0000,top
"R17","47","0402-TIGHT",65.1256,-143.3576,90.0000,top
"R20","470","0402-TIGHT",76.3016,-140.9446,-90.0000,top
"R21","47","0402-TIGHT",76.3016,-143.3576,90.0000,top
"R22","100","0402-TIGHT",73.1266,-157.2641,180.0000,top
"R23","0.1","0603",79.1591,-159.1691,-90.0000,top
"R24","100","0402-TIGHT",71.2851,-156.9466,-90.0000,top
"R25","10k","0402-TIGHT",73.1266,-159.2961,180.0000,top
"R26","10k","0402-TIGHT",71.6026,-134.0231,0.0000,top
"R30","220","0402-TIGHT",85.6361,-143.1036,180.0000,top
"R33","470","0402-TIGHT",87.4776,-140.9446,-90.0000,top
"R34","47","0402-TIGHT",87.4776,-143.3576,90.0000,top
"R35","100","0402-TIGHT",84.3026,-157.2641,180.0000,top
"R36","0.1","0603",90.3351,-159.1691,-90.0000,top
"R37","100","0402-TIGHT",82.4611,-156.9466,-90.0000,top
"R38","10k","0402-TIGHT",84.3026,-159.2961,180.0000,top
"R39","10k","0402-TIGHT",82.7786,-134.0231,0.0000,top
"R43","220","0402-TIGHT",96.8121,-143.1036,180.0000,top
"R46","470","0402-TIGHT",98.6536,-140.9446,-90.0000,top
"R47","47","0402-TIGHT",98.6536,-143.3576,90.0000,top
"R48","100","0402-TIGHT",95.4786,-157.2641,180.0000,top
"R49","0.1","0603",101.5111,-159.1691,-90.0000,top
"R50","100","0402-TIGHT",93.6371,-156.9466,-90.0000,top
"R51","10k","0402-TIGHT",95.4786,-159.2961,180.0000,top
"R52","10k","0402-TIGHT",93.9546,-134.0231,0.0000,top
"R56","220","0402-TIGHT",107.9881,-143.1036,180.0000,top
"R59","470","0402-TIGHT",109.8296,-140.9446,-90.0000,top
"R60","47","0402-TIGHT",109.8296,-143.3576,90.0000,top
"R61","100","0402-TIGHT",106.6546,-157.2641,180.0000,top
"R62","0.1","0603",112.6871,-159.1691,-90.0000,top
"R63","100","0402-TIGHT",104.8131,-156.9466,-90.0000,top
"R64","10k","0402-TIGHT",106.6546,-159.2961,180.0000,top
"R65","10k","0402-TIGHT",105.1306,-134.0231,0.0000,top
"R69","220","0402-TIGHT",119.1641,-143.1036,180.0000,top
"R72","470","0402-TIGHT",121.0056,-140.9446,-90.0000,top
"R73","47","0402-TIGHT",121.0056,-143.3576,90.0000,top
"R74","100","0402-TIGHT",117.8306,-157.2641,180.0000,top
"R75","0.1","0603",123.8631,-159.1691,-90.0000,top
"R76","100","0402-TIGHT",115.9891,-156.9466,-90.0000,top
"R77","10k","0402-TIGHT",117.8306,-159.2961,180.0000,top
"R78","10k","0402-TIGHT",116.3066,-134.0231,0.0000,top
"R82","220","0402-TIGHT",130.3401,-143.1036,180.0000,top
"R85","470","0402-TIGHT",132.1816,-140.9446,-90.0000,top
"R86","47","0402-TIGHT",132.1816,-143.3576,90.0000,top
"R87","100","0402-TIGHT",129.0066,-157.2641,180.0000,top
"R88","0.1","0603",135.0391,-159.1691,-90.0000,top
"R89","100","0402-TIGHT",127.1651,-156.9466,-90.0000,top
"R90","10k","0402-TIGHT",129.0066,-159.2961,180.0000,top
"R91","10k","0402-TIGHT",127.4826,-134.0231,0.0000,top
"R95","220","0402-TIGHT",141.5161,-143.1036,180.0000,top
"R98","470","0402-TIGHT",143.3576,-140.9446,-90.0000,top
"R99","47","0402-TIGHT",143.3576,-143.3576,90.0000,top
"R100","100","0402-TIGHT",140.1826,-157.2641,180.0000,top
"R101","0.1","0603",146.2151,-159.1691,-90.0000,top
"R102","100","0402-TIGHT",138.3411,-156.9466,-90.0000,top
"R103","10k","0402-TIGHT",140.1826,-159.2961,180.0000,top
"R104","10k","0402-TIGHT",138.6586,-134.0231,0.0000,top
"R108","220","0402-TIGHT",152.6921,-143.1036,180.0000,top
"R111","470","0402-TIGHT",154.5336,-140.9446,-90.0000,top
"R112","47","0402-TIGHT",154.5336,-143.3576,90.0000,top
"R113","100","0402-TIGHT",151.3586,-157.2641,180.0000,top
"R114","0.1","0603",157.3911,-159.1691,-90.0000,top
"R115","100","0402-TIGHT",149.5171,-156.9466,-90.0000,top
"R116","10k","0402-TIGHT",151.3586,-159.2961,180.0000,top
"R117","10k","0402-TIGHT",149.8346,-134.0231,0.0000,top
"R121","220","0402-TIGHT",163.8681,-143.1036,180.0000,top
"R124","470","0402-TIGHT",165.7096,-140.9446,-90.0000,top
"R125","47","0402-TIGHT",165.7096,-143.3576,90.0000,top
"R126","100","0402-TIGHT",162.5346,-157.2641,180.0000,top
"R127","0.1","0603",168.5671,-159.1691,-90.0000,top
"R128","100","0402-TIGHT",160.6931,-156.9466,-90.0000,top
"R129","10k","0402-TIGHT",162.5346,-159.2961,180.0000,top
"R130","10k","0402-TIGHT",161.0106,-134.0231,0.0000,top
"R134","220","0402-TIGHT",175.0441,-143.1036,180.0000,top
"R137","470","0402-TIGHT",176.8856,-140.9446,-90.0000,top
"R138","47","0402-TIGHT",176.8856,-143.3576,90.0000,top
"R139","100","0402-TIGHT",173.7106,-157.2641,180.0000,top
"R140","0.1","0603",179.7431,-159.1691,-90.0000,top
"R141","100","0402-TIGHT",171.8691,-156.9466,-90.0000,top
"R142","10k","0402-TIGHT",173.7106,-159.2961,180.0000,top
"R143","10k","0402-TIGHT",172.1866,-134.0231,0.0000,top
"R147","220","0402-TIGHT",186.2201,-143.1036,180.0000,top
"R150","470","0402-TIGHT",188.0616,-140.9446,-90.0000,top
"R151","47","0402-TIGHT",188.0616,-143.3576,90.0000,top
"R152","100","0402-TIGHT",184.8866,-157.2641,180.0000,top
"R153","0.1","0603",190.9191,-159.1691,-90.0000,top
"R154","100","0402-TIGHT",183.0451,-156.9466,-90.0000,top
"R155","10k","0402-TIGHT",184.8866,-159.2961,180.0000,top
"R156","10k","0402-TIGHT",183.3626,-134.0231,0.0000,top
"R160","220","0402-TIGHT",197.3961,-143.1036,180.0000,top
"R163","470","0402-TIGHT",199.2376,-140.9446,-90.0000,top
"R164","47","0402-TIGHT",199.2376,-143.3576,90.0000,top
"R165","100","0402-TIGHT",196.0626,-157.2641,180.0000,top
"R166","0.1","0603",202.0951,-159.1691,-90.0000,top
"R167","100","0402-TIGHT",194.2211,-156.9466,-90.0000,top
"R168","10k","0402-TIGHT",196.0626,-159.2961,180.0000,top
"R169","10k","0402-TIGHT",194.5386,-134.0231,0.0000,top
"R173","220","0402-TIGHT",208.5721,-143.1036,180.0000,top
"R176","470","0402-TIGHT",210.4136,-140.9446,-90.0000,top
"R177","47","0402-TIGHT",210.4136,-143.3576,90.0000,top
"R178","100","0402-TIGHT",207.2386,-157.2641,180.0000,top
"R179","0.1","0603",213.2711,-159.1691,-90.0000,top
"R180","100","0402-TIGHT",205.3971,-156.9466,-90.0000,top
"R181","10k","0402-TIGHT",207.2386,-159.2961,180.0000,top
"R182","10k","0402-TIGHT",205.7146,-134.0231,0.0000,top
"R186","220","0402-TIGHT",219.7481,-143.1036,180.0000,top
"R189","470","0402-TIGHT",221.5896,-140.9446,-90.0000,top
"R190","47","0402-TIGHT",221.5896,-143.3576,90.0000,top
"R191","100","0402-TIGHT",218.4146,-157.2641,180.0000,top
"R192","0.1","0603",224.4471,-159.1691,-90.0000,top
"R193","100","0402-TIGHT",216.5731,-156.9466,-90.0000,top
"R194","10k","0402-TIGHT",218.4146,-159.2961,180.0000,top
"R195","10k","0402-TIGHT",216.8906,-134.0231,0.0000,top
"R199","220","0402-TIGHT",230.9241,-143.1036,180.0000,top
"R202","470","0402-TIGHT",232.7656,-140.9446,-90.0000,top
"R203","47","0402-TIGHT",232.7656,-143.3576,90.0000,top
"R204","100","0402-TIGHT",229.5906,-157.2641,180.0000,top
"R205","0.1","0603",235.6231,-159.1691,-90.0000,top
"R206","100","0402-TIGHT",227.7491,-156.9466,-90.0000,top
"R207","10k","0402-TIGHT",229.5906,-159.2961,180.0000,top
"R208","10k","0402-TIGHT",228.0666,-134.0231,0.0000,top
"R212","220","0402-TIGHT",63.2841,-101.9556,180.0000,top
"R215","470","0402-TIGHT",65.1256,-99.7966,-90.0000,top
"R216","47","0402-TIGHT",65.1256,-102.2096,90.0000,top
"R217","100","0402-TIGHT",61.9506,-116.1161,180.0000,top
"R218","0.1","0603",67.9831,-118.0211,-90.0000,top
"R219","100","0402-TIGHT",60.1091,-115.7986,-90.0000,top
"R220","10k","0402-TIGHT",61.9506,-118.1481,180.0000,top
"R221","10k","0402-TIGHT",60.4266,-92.8751,0.0000,top
"R225","220","0402-TIGHT",74.4601,-101.9556,180.0000,top
"R228","470","0402-TIGHT",76.3016,-99.7966,-90.0000,top
"R229","47","0402-TIGHT",76.3016,-102.2096,90.0000,top
"R230","100","0402-TIGHT",73.1266,-116.1161,180.0000,top
"R231","0.1","0603",79.1591,-118.0211,-90.0000,top
"R232","100","0402-TIGHT",71.2851,-115.7986,-90.0000,top
"R233","10k","0402-TIGHT",73.1266,-118.1481,180.0000,top
"R234","10k","0402-TIGHT",71.6026,-92.8751,0.0000,top
"R238","220","0402-TIGHT",85.6361,-101.9556,180.0000,top
"R241","470","0402-TIGHT",87.4776,-99.7966,-90.0000,top
"R242","47","0402-TIGHT",87.4776,-102.2096,90.0000,top
"R243","100","0402-TIGHT",84.3026,-116.1161,180.0000,top
"R244","0.1","0603",90.3351,-118.0211,-90.0000,top
"R245","100","0402-TIGHT",82.4611,-115.7986,-90.0000,top
"R246","10k","0402-TIGHT",84.3026,-118.1481,180.0000,top
"R247","10k","0402-TIGHT",82.7786,-92.8751,0.0000,top
"R251","220","0402-TIGHT",96.8121,-101.9556,180.0000,top
"R254","470","0402-TIGHT",98.6536,-99.7966,-90.0000,top
"R255","47","0402-TIGHT",98.6536,-102.2096,90.0000,top
"R256","100","0402-TIGHT",95.4786,-116.1161,180.0000,top
"R257","0.1","0603",101.5111,-118.0211,-90.0000,top
"R258","100","0402-TIGHT",93.6371,-115.7986,-90.0000,top
"R259","10k","0402-TIGHT",95.4786,-118.1481,180.0000,top
"R260","10k","0402-TIGHT",93.9546,-92.8751,0.0000,top
"R264","220","0402-TIGHT",107.9881,-101.9556,180.0000,top
"R267","470","0402-TIGHT",109.8296,-99.7966,-90.0000,top
"R268","47","0402-TIGHT",109.8296,-102.2096,90.0000,top
"R269","100","0402-TIGHT",106.6546,-116.1161,180.0000,top
"R270","0.1","0603",112.6871,-118.0211,-90.0000,top
"R271","100","0402-TIGHT",104.8131,-115.7986,-90.0000,top
"R272","10k","0402-TIGHT",106.6546,-118.1481,180.0000,top
"R273","10k","0402-TIGHT",105.1306,-92.8751,0.0000,top
"R277","220","0402-TIGHT",119.1641,-101.9556,180.0000,top
"R280","470","0402-TIGHT",121.0056,-99.7966,-90.0000,top
"R281","47","0402-TIGHT",121.0056,-102.2096,90.0000,top
"R282","100","0402-TIGHT",117.8306,-116.1161,180.0000,top
"R283","0.1","0603",123.8631,-118.0211,-90.0000,top
"R284","100","0402-TIGHT",115.9891,-115.7986,-90.0000,top
"R285","10k","0402-TIGHT",117.8306,-118.1481,180.0000,top
"R286","10k","0402-TIGHT",116.3066,-92.8751,0.0000,top
"R290","220","0402-TIGHT",130.3401,-101.9556,180.0000,top
"R293","470","0402-TIGHT",132.1816,-99.7966,-90.0000,top
"R294","47","0402-TIGHT",132.1816,-102.2096,90.0000,top
"R295","100","0402-TIGHT",129.0066,-116.1161,180.0000,top
"R296","0.1","0603",135.0391,-118.0211,-90.0000,top
"R297","100","0402-TIGHT",127.1651,-115.7986,-90.0000,top
"R298","10k","0402-TIGHT",129.0066,-118.1481,180.0000,top
"R299","10k","0402-TIGHT",127.4826,-92.8751,0.0000,top
"R303","220","0402-TIGHT",141.5161,-101.9556,180.0000,top
"R306","470","0402-TIGHT",143.3576,-99.7966,-90.0000,top
"R307","47","0402-TIGHT",143.3576,-102.2096,90.0000,top
"R308","100","0402-TIGHT",140.1826,-116.1161,180.0000,top
"R309","0.1","0603",146.2151,-118.0211,-90.0000,top
"R310","100","0402-TIGHT",138.3411,-115.7986,-90.0000,top
"R311","10k","0402-TIGHT",140.1826,-118.1481,180.0000,top
"R312","10k","0402-TIGHT",138.6586,-92.8751,0.0000,top
"R316","220","0402-TIGHT",152.6921,-101.9556,180.0000,top
"R319","470","0402-TIGHT",154.5336,-99.7966,-90.0000,top
"R320","47","0402-TIGHT",154.5336,-102.2096,90.0000,top
"R321","100","0402-TIGHT",151.3586,-116.1161,180.0000,top
"R322","0.1","0603",157.3911,-118.0211,-90.0000,top
"R323","100","0402-TIGHT",149.5171,-115.7986,-90.0000,top
"R324","10k","0402-TIGHT",151.3586,-118.1481,180.0000,top
"R325","10k","0402-TIGHT",149.8346,-92.8751,0.0000,top
"R329","220","0402-TIGHT",163.8681,-101.9556,180.0000,top
"R332","470","0402-TIGHT",165.7096,-99.7966,-90.0000,top
"R333","47","0402-TIGHT",165.7096,-102.2096,90.0000,top
"R334","100","0402-TIGHT",162.5346,-116.1161,180.0000,top
"R335","0.1","0603",168.5671,-118.0211,-90.0000,top
"R336","100","0402-TIGHT",160.6931,-115.7986,-90.0000,top
"R337","10k","0402-TIGHT",162.5346,-118.1481,180.0000,top
"R338","10k","0402-TIGHT",161.0106,-92.8751,0.0000,top
"R342","220","0402-TIGHT",175.0441,-101.9556,180.0000,top
"R345","470","0402-TIGHT",176.8856,-99.7966,-90.0000,top
"R346","47","0402-TIGHT",176.8856,-102.2096,90.0000,top
"R347","100","0402-TIGHT",173.7106,-116.1161,180.0000,top
"R348","0.1","0603",179.7431,-118.0211,-90.0000,top
"R349","100","0402-TIGHT",171.8691,-115.7986,-90.0000,top
"R350","10k","0402-TIGHT",173.7106,-118.1481,180.0000,top
"R351","10k","0402-TIGHT",172.1866,-92.8751,0.0000,top
"R355","220","0402-TIGHT",186.2201,-101.9556,180.0000,top
"R358","470","0402-TIGHT",188.0616,-99.7966,-90.0000,top
"R359","47","0402-TIGHT",188.0616,-102.2096,90.0000,top
"R360","100","0402-TIGHT",184.8866,-116.1161,180.0000,top
"R361","0.1","0603",190.9191,-118.0211,-90.0000,top
"R362","100","0402-TIGHT",183.0451,-115.7986,-90.0000,top
"R363","10k","0402-TIGHT",184.8866,-118.1481,180.0000,top
"R364","10k","0402-TIGHT",183.3626,-92.8751,0.0000,top
"R368","220","0402-TIGHT",197.3961,-101.9556,180.0000,top
"R371","470","0402-TIGHT",199.2376,-99.7966,-90.0000,top
"R372","47","0402-TIGHT",199.2376,-102.2096,90.0000,top
"R373","100","0402-TIGHT",196.0626,-116.1161,180.0000,top
"R374","0.1","0603",202.0951,-118.0211,-90.0000,top
"R375","100","0402-TIGHT",194.2211,-115.7986,-90.0000,top
"R376","10k","0402-TIGHT",196.0626,-118.1481,180.0000,top
"R377","10k","0402-TIGHT",194.5386,-92.8751,0.0000,top
"R381","220","0402-TIGHT",208.5721,-101.9556,180.0000,top
"R384","470","0402-TIGHT",210.4136,-99.7966,-90.0000,top
"R385","47","0402-TIGHT",210.4136,-102.2096,90.0000,top
"R386","100","0402-TIGHT",207.2386,-116.1161,180.0000,top
"R387","0.1","0603",213.2711,-118.0211,-90.0000,top
"R388","100","0402-TIGHT",205.3971,-115.7986,-90.0000,top
"R389","10k","0402-TIGHT",207.2386,-118.1481,180.0000,top
"R390","10k","0402-TIGHT",205.7146,-92.8751,0.0000,top
"R394","220","0402-TIGHT",219.7481,-101.9556,180.0000,top
"R397","470","0402-TIGHT",221.5896,-99.7966,-90.0000,top
"R398","47","0402-TIGHT",221.5896,-102.2096,90.0000,top
"R399","100","0402-TIGHT",218.4146,-116.1161,180.0000,top
"R400","0.1","0603",224.4471,-118.0211,-90.0000,top
"R401","100","0402-TIGHT",216.5731,-115.7986,-90.0000,top
"R402","10k","0402-TIGHT",218.4146,-118.1481,180.0000,top
"R403","10k","0402-TIGHT",216.8906,-92.8751,0.0000,top
"R407","220","0402-TIGHT",230.9241,-101.9556,180.0000,top
"R410","470","0402-TIGHT",232.7656,-99.7966,-90.0000,top
"R411","47","0402-TIGHT",232.7656,-102.2096,90.0000,top
"R412","100","0402-TIGHT",229.5906,-116.1161,180.0000,top
"R413","0.1","0603",235.6231,-118.0211,-90.0000,top
"R414","100","0402-TIGHT",227.7491,-115.7986,-90.0000,top
"R415","10k","0402-TIGHT",229.5906,-118.1481,180.0000,top
"R416","10k","0402-TIGHT",228.0666,-92.8751,0.0000,top
"R420","220","0402-TIGHT",63.2841,-60.8076,180.0000,top
"R423","470","0402-TIGHT",65.1256,-58.6486,-90.0000,top
"R424","47","0402-TIGHT",65.1256,-61.0616,90.0000,top
"R425","100","0402-TIGHT",61.9506,-74.9681,180.0000,top
"R426","0.1","0603",67.9831,-76.8731,-90.0000,top
"R427","100","0402-TIGHT",60.1091,-74.6506,-90.0000,top
"R428","10k","0402-TIGHT",61.9506,-77.0001,180.0000,top
"R429","10k","0402-TIGHT",60.4266,-51.7271,0.0000,top
"R433","220","0402-TIGHT",74.4601,-60.8076,180.0000,top
"R436","470","0402-TIGHT",76.3016,-58.6486,-90.0000,top
"R437","47","0402-TIGHT",76.3016,-61.0616,90.0000,top
"R438","100","0402-TIGHT",73.1266,-74.9681,180.0000,top
"R439","0.1","0603",79.1591,-76.8731,-90.0000,top
"R440","100","0402-TIGHT",71.2851,-74.6506,-90.0000,top
"R441","10k","0402-TIGHT",73.1266,-77.0001,180.0000,top
"R442","10k","0402-TIGHT",71.6026,-51.7271,0.0000,top
"R446","220","0402-TIGHT",85.6361,-60.8076,180.0000,top
"R449","470","0402-TIGHT",87.4776,-58.6486,-90.0000,top
"R450","47","0402-TIGHT",87.4776,-61.0616,90.0000,top
"R451","100","0402-TIGHT",84.3026,-74.9681,180.0000,top
"R452","0.1","0603",90.3351,-76.8731,-90.0000,top
"R453","100","0402-TIGHT",82.4611,-74.6506,-90.0000,top
"R454","10k","0402-TIGHT",84.3026,-77.0001,180.0000,top
"R455","10k","0402-TIGHT",82.7786,-51.7271,0.0000,top
"R459","220","0402-TIGHT",96.8121,-60.8076,180.0000,top
"R462","470","0402-TIGHT",98.6536,-58.6486,-90.0000,top
"R463","47","0402-TIGHT",98.6536,-61.0616,90.0000,top
"R464","100","0402-TIGHT",95.4786,-74.9681,180.0000,top
"R465","0.1","0603",101.5111,-76.8731,-90.0000,top
"R466","100","0402-TIGHT",93.6371,-74.6506,-90.0000,top
"R467","10k","0402-TIGHT",95.4786,-77.0001,180.0000,top
"R468","10k","0402-TIGHT",93.9546,-51.7271,0.0000,top
"R472","220","0402-TIGHT",107.9881,-60.8076,180.0000,top
"R475","470","0402-TIGHT",109.8296,-58.6486,-90.0000,top
"R476","47","0402-TIGHT",109.8296,-61.0616,90.0000,top
"R477","100","0402-TIGHT",106.6546,-74.9681,180.0000,top
"R478","0.1","0603",112.6871,-76.8731,-90.0000,top
"R479","100","0402-TIGHT",104.8131,-74.6506,-90.0000,top
"R480","10k","0402-TIGHT",106.6546,-77.0001,180.0000,top
"R481","10k","0402-TIGHT",105.1306,-51.7271,0.0000,top
"R485","220","0402-TIGHT",119.1641,-60.8076,180.0000,top
"R488","470","0402-TIGHT",121.0056,-58.6486,-90.0000,top
"R489","47","0402-TIGHT",121.0056,-61.0616,90.0000,top
"R490","100","0402-TIGHT",117.8306,-74.9681,180.0000,top
"R491","0.1","0603",123.8631,-76.8731,-90.0000,top
"R492","100","0402-TIGHT",115.9891,-74.6506,-90.0000,top
"R493","10k","0402-TIGHT",117.8306,-77.0001,180.0000,top
"R494","10k","0402-TIGHT",116.3066,-51.7271,0.0000,top
"R498","220","0402-TIGHT",130.3401,-60.8076,180.0000,top
"R501","470","0402-TIGHT",132.1816,-58.6486,-90.0000,top
"R502","47","0402-TIGHT",132.1816,-61.0616,90.0000,top
"R503","100","0402-TIGHT",129.0066,-74.9681,180.0000,top
"R504","0.1","0603",135.0391,-76.8731,-90.0000,top
"R505","100","0402-TIGHT",127.1651,-74.6506,-90.0000,top
"R506","10k","0402-TIGHT",129.0066,-77.0001,180.0000,top
"R507","10k","0402-TIGHT",127.4826,-51.7271,0.0000,top
"R511","220","0402-TIGHT",141.5161,-60.8076,180.0000,top
"R514","470","0402-TIGHT",143.3576,-58.6486,-90.0000,top
"R515","47","0402-TIGHT",143.3576,-61.0616,90.0000,top
"R516","100","0402-TIGHT",140.1826,-74.9681,180.0000,top
"R517","0.1","0603",146.2151,-76.8731,-90.0000,top
"R518","100","0402-TIGHT",138.3411,-74.6506,-90.0000,top
"R519","10k","0402-TIGHT",140.1826,-77.0001,180.0000,top
"R520","10k","0402-TIGHT",138.6586,-51.7271,0.0000,top
"R524","220","0402-TIGHT",152.6921,-60.8076,180.0000,top
"R527","470","0402-TIGHT",154.5336,-58.6486,-90.0000,top
"R528","47","0402-TIGHT",154.5336,-61.0616,90.0000,top
"R529","100","0402-TIGHT",151.3586,-74.9681,180.0000,top
"R530","0.1","0603",157.3911,-76.8731,-90.0000,top
"R531","100","0402-TIGHT",149.5171,-74.6506,-90.0000,top
"R532","10k","0402-TIGHT",151.3586,-77.0001,180.0000,top
"R533","10k","0402-TIGHT",149.8346,-51.7271,0.0000,top
"R537","220","0402-TIGHT",163.8681,-60.8076,180.0000,top
"R540","470","0402-TIGHT",165.7096,-58.6486,-90.0000,top
"R541","47","0402-TIGHT",165.7096,-61.0616,90.0000,top
"R542","100","0402-TIGHT",162.5346,-74.9681,180.0000,top
"R543","0.1","0603",168.5671,-76.8731,-90.0000,top
"R544","100","0402-TIGHT",160.6931,-74.6506,-90.0000,top
"R545","10k","0402-TIGHT",162.5346,-77.0001,180.0000,top
"R546","10k","0402-TIGHT",161.0106,-51.7271,0.0000,top
"R550","220","0402-TIGHT",175.0441,-60.8076,180.0000,top
"R553","470","0402-TIGHT",176.8856,-58.6486,-90.0000,top
"R554","47","0402-TIGHT",176.8856,-61.0616,90.0000,top
"R555","100","0402-TIGHT",173.7106,-74.9681,180.0000,top
"R556","0.1","0603",179.7431,-76.8731,-90.0000,top
"R557","100","0402-TIGHT",171.8691,-74.6506,-90.0000,top
"R558","10k","0402-TIGHT",173.7106,-77.0001,180.0000,top
"R559","10k","0402-TIGHT",172.1866,-51.7271,0.0000,top
"R563","220","0402-TIGHT",186.2201,-60.8076,180.0000,top
"R566","470","0402-TIGHT",188.0616,-58.6486,-90.0000,top
"R567","47","0402-TIGHT",188.0616,-61.0616,90.0000,top
"R568","100","0402-TIGHT",184.8866,-74.9681,180.0000,top
"R569","0.1","0603",190.9191,-76.8731,-90.0000,top
"R570","100","0402-TIGHT",183.0451,-74.6506,-90.0000,top
"R571","10k","0402-TIGHT",184.8866,-77.0001,180.0000,top
"R572","10k","0402-TIGHT",183.3626,-51.7271,0.0000,top
"R576","220","0402-TIGHT",197.3961,-60.8076,180.0000,top
"R579","470","0402-TIGHT",199.2376,-58.6486,-90.0000,top
"R580","47","0402-TIGHT",199.2376,-61.0616,90.0000,top
"R581","100","0402-TIGHT",196.0626,-74.9681,180.0000,top
"R582","0.1","0603",202.0951,-76.8731,-90.0000,top
"R583","100","0402-TIGHT",194.2211,-74.6506,-90.0000,top
"R584","10k","0402-TIGHT",196.0626,-77.0001,180.0000,top
"R585","10k","0402-TIGHT",194.5386,-51.7271,0.0000,top
"R589","220","0402-TIGHT",208.5721,-60.8076,180.0000,top
"R592","470","0402-TIGHT",210.4136,-58.6486,-90.0000,top
"R593","47","0402-TIGHT",210.4136,-61.0616,90.0000,top
"R594","100","0402-TIGHT",207.2386,-74.9681,180.0000,top
"R595","0.1","0603",213.2711,-76.8731,-90.0000,top
"R596","100","0402-TIGHT",205.3971,-74.6506,-90.0000,top
"R597","10k","0402-TIGHT",207.2386,-77.0001,180.0000,top
"R598","10k","0402-TIGHT",205.7146,-51.7271,0.0000,top
"R602","220","0402-TIGHT",219.7481,-60.8076,180.0000,top
"R605","470","0402-TIGHT",221.5896,-58.6486,-90.0000,top
"R606","47","0402-TIGHT",221.5896,-61.0616,90.0000,top
"R607","100","0402-TIGHT",218.4146,-74.9681,180.0000,top
"R608","0.1","0603",224.4471,-76.8731,-90.0000,top
"R609","100","0402-TIGHT",216.5731,-74.6506,-90.0000,top
"R610","10k","0402-TIGHT",218.4146,-77.0001,180.0000,top
"R611","10k","0402-TIGHT",216.8906,-51.7271,0.0000,top
"R615","220","0402-TIGHT",230.9241,-60.8076,180.0000,top
"R618","470","0402-TIGHT",232.7656,-58.6486,-90.0000,top
"R619","47","0402-TIGHT",232.7656,-61.0616,90.0000,top
"R620","100","0402-TIGHT",229.5906,-74.9681,180.0000,top
"R621","0.1","0603",235.6231,-76.8731,-90.0000,top
"R622","100","0402-TIGHT",227.7491,-74.6506,-90.0000,top
"R623","10k","0402-TIGHT",229.5906,-77.0001,180.0000,top
"R624","10k","0402-TIGHT",228.0666,-51.7271,0.0000,top
"U1","ADM4210_1TSOT6","TSOT6",65.1891,-158.7881,-90.0000,top
"U3","ARTIC_R2","QFN-48",64.5541,-149.7076,90.0000,top
"U4","RFPA0133","QFN50P300X300X86-17N",62.5221,-137.0076,90.0000,top
"U5","AS179-92LF","SOT65P220X100-6N",65.8241,-132.0546,90.0000,top
"U9","ARTIC_R2","QFN-48",75.7301,-149.7076,90.0000,top
"U10","RFPA0133","QFN50P300X300X86-17N",73.6981,-137.0076,90.0000,top
"U11","AS179-92LF","SOT65P220X100-6N",77.0001,-132.0546,90.0000,top
"U14","ADM4210_1TSOT6","TSOT6",76.3651,-158.7881,-90.0000,top
"U17","ARTIC_R2","QFN-48",86.9061,-149.7076,90.0000,top
"U18","RFPA0133","QFN50P300X300X86-17N",84.8741,-137.0076,90.0000,top
"U19","AS179-92LF","SOT65P220X100-6N",88.1761,-132.0546,90.0000,top
"U22","ADM4210_1TSOT6","TSOT6",87.5411,-158.7881,-90.0000,top
"U25","ARTIC_R2","QFN-48",98.0821,-149.7076,90.0000,top
"U26","RFPA0133","QFN50P300X300X86-17N",96.0501,-137.0076,90.0000,top
"U27","AS179-92LF","SOT65P220X100-6N",99.3521,-132.0546,90.0000,top
"U30","ADM4210_1TSOT6","TSOT6",98.7171,-158.7881,-90.0000,top
"U33","ARTIC_R2","QFN-48",109.2581,-149.7076,90.0000,top
"U34","RFPA0133","QFN50P300X300X86-17N",107.2261,-137.0076,90.0000,top
"U35","AS179-92LF","SOT65P220X100-6N",110.5281,-132.0546,90.0000,top
"U38","ADM4210_1TSOT6","TSOT6",109.8931,-158.7881,-90.0000,top
"U41","ARTIC_R2","QFN-48",120.4341,-149.7076,90.0000,top
"U42","RFPA0133","QFN50P300X300X86-17N",118.4021,-137.0076,90.0000,top
"U43","AS179-92LF","SOT65P220X100-6N",121.7041,-132.0546,90.0000,top
"U46","ADM4210_1TSOT6","TSOT6",121.0691,-158.7881,-90.0000,top
"U49","ARTIC_R2","QFN-48",131.6101,-149.7076,90.0000,top
"U50","RFPA0133","QFN50P300X300X86-17N",129.5781,-137.0076,90.0000,top
"U51","AS179-92LF","SOT65P220X100-6N",132.8801,-132.0546,90.0000,top
"U54","ADM4210_1TSOT6","TSOT6",132.2451,-158.7881,-90.0000,top
"U57","ARTIC_R2","QFN-48",142.7861,-149.7076,90.0000,top
"U58","RFPA0133","QFN50P300X300X86-17N",140.7541,-137.0076,90.0000,top
"U59","AS179-92LF","SOT65P220X100-6N",144.0561,-132.0546,90.0000,top
"U62","ADM4210_1TSOT6","TSOT6",143.4211,-158.7881,-90.0000,top
"U65","ARTIC_R2","QFN-48",153.9621,-149.7076,90.0000,top
"U66","RFPA0133","QFN50P300X300X86-17N",151.9301,-137.0076,90.0000,top
"U67","AS179-92LF","SOT65P220X100-6N",155.2321,-132.0546,90.0000,top
"U70","ADM4210_1TSOT6","TSOT6",154.5971,-158.7881,-90.0000,top
"U73","ARTIC_R2","QFN-48",165.1381,-149.7076,90.0000,top
"U74","RFPA0133","QFN50P300X300X86-17N",163.1061,-137.0076,90.0000,top
"U75","AS179-92LF","SOT65P220X100-6N",166.4081,-132.0546,90.0000,top
"U78","ADM4210_1TSOT6","TSOT6",165.7731,-158.7881,-90.0000,top
"U81","ARTIC_R2","QFN-48",176.3141,-149.7076,90.0000,top
"U82","RFPA0133","QFN50P300X300X86-17N",174.2821,-137.0076,90.0000,top
"U83","AS179-92LF","SOT65P220X100-6N",177.5841,-132.0546,90.0000,top
"U86","ADM4210_1TSOT6","TSOT6",176.9491,-158.7881,-90.0000,top
"U89","ARTIC_R2","QFN-48",187.4901,-149.7076,90.0000,top
"U90","RFPA0133","QFN50P300X300X86-17N",185.4581,-137.0076,90.0000,top
"U91","AS179-92LF","SOT65P220X100-6N",188.7601,-132.0546,90.0000,top
"U94","ADM4210_1TSOT6","TSOT6",188.1251,-158.7881,-90.0000,top
"U97","ARTIC_R2","QFN-48",198.6661,-149.7076,90.0000,top
"U98","RFPA0133","QFN50P300X300X86-17N",196.6341,-137.0076,90.0000,top
"U99","AS179-92LF","SOT65P220X100-6N",199.9361,-132.0546,90.0000,top
"U102","ADM4210_1TSOT6","TSOT6",199.3011,-158.7881,-90.0000,top
"U105","ARTIC_R2","QFN-48",209.8421,-149.7076,90.0000,top
"U106","RFPA0133","QFN50P300X300X86-17N",207.8101,-137.0076,90.0000,top
"U107","AS179-92LF","SOT65P220X100-6N",211.1121,-132.0546,90.0000,top
"U110","ADM4210_1TSOT6","TSOT6",210.4771,-158.7881,-90.0000,top
"U113","ARTIC_R2","QFN-48",221.0181,-149.7076,90.0000,top
"U114","RFPA0133","QFN50P300X300X86-17N",218.9861,-137.0076,90.0000,top
"U115","AS179-92LF","SOT65P220X100-6N",222.2881,-132.0546,90.0000,top
"U118","ADM4210_1TSOT6","TSOT6",221.6531,-158.7881,-90.0000,top
"U121","ARTIC_R2","QFN-48",232.1941,-149.7076,90.0000,top
"U122","RFPA0133","QFN50P300X300X86-17N",230.1621,-137.0076,90.0000,top
"U123","AS179-92LF","SOT65P220X100-6N",233.4641,-132.0546,90.0000,top
"U126","ADM4210_1TSOT6","TSOT6",232.8291,-158.7881,-90.0000,top
"U129","ARTIC_R2","QFN-48",64.5541,-108.5596,90.0000,top
"U130","RFPA0133","QFN50P300X300X86-17N",62.5221,-95.8596,90.0000,top
"U131","AS179-92LF","SOT65P220X100-6N",65.8241,-90.9066,90.0000,top
"U134","ADM4210_1TSOT6","TSOT6",65.1891,-117.6401,-90.0000,top
"U137","ARTIC_R2","QFN-48",75.7301,-108.5596,90.0000,top
"U138","RFPA0133","QFN50P300X300X86-17N",73.6981,-95.8596,90.0000,top
"U139","AS179-92LF","SOT65P220X100-6N",77.0001,-90.9066,90.0000,top
"U142","ADM4210_1TSOT6","TSOT6",76.3651,-117.6401,-90.0000,top
"U145","ARTIC_R2","QFN-48",86.9061,-108.5596,90.0000,top
"U146","RFPA0133","QFN50P300X300X86-17N",84.8741,-95.8596,90.0000,top
"U147","AS179-92LF","SOT65P220X100-6N",88.1761,-90.9066,90.0000,top
"U150","ADM4210_1TSOT6","TSOT6",87.5411,-117.6401,-90.0000,top
"U153","ARTIC_R2","QFN-48",98.0821,-108.5596,90.0000,top
"U154","RFPA0133","QFN50P300X300X86-17N",96.0501,-95.8596,90.0000,top
"U155","AS179-92LF","SOT65P220X100-6N",99.3521,-90.9066,90.0000,top
"U158","ADM4210_1TSOT6","TSOT6",98.7171,-117.6401,-90.0000,top
"U161","ARTIC_R2","QFN-48",109.2581,-108.5596,90.0000,top
"U162","RFPA0133","QFN50P300X300X86-17N",107.2261,-95.8596,90.0000,top
"U163","AS179-92LF","SOT65P220X100-6N",110.5281,-90.9066,90.0000,top
"U166","ADM4210_1TSOT6","TSOT6",109.8931,-117.6401,-90.0000,top
"U169","ARTIC_R2","QFN-48",120.4341,-108.5596,90.0000,top
"U170","RFPA0133","QFN50P300X300X86-17N",118.4021,-95.8596,90.0000,top
"U171","AS179-92LF","SOT65P220X100-6N",121.7041,-90.9066,90.0000,top
"U174","ADM4210_1TSOT6","TSOT6",121.0691,-117.6401,-90.0000,top
"U177","ARTIC_R2","QFN-48",131.6101,-108.5596,90.0000,top
"U178","RFPA0133","QFN50P300X300X86-17N",129.5781,-95.8596,90.0000,top
"U179","AS179-92LF","SOT65P220X100-6N",132.8801,-90.9066,90.0000,top
"U182","ADM4210_1TSOT6","TSOT6",132.2451,-117.6401,-90.0000,top
"U185","ARTIC_R2","QFN-48",142.7861,-108.5596,90.0000,top
"U186","RFPA0133","QFN50P300X300X86-17N",140.7541,-95.8596,90.0000,top
"U187","AS179-92LF","SOT65P220X100-6N",144.0561,-90.9066,90.0000,top
"U190","ADM4210_1TSOT6","TSOT6",143.4211,-117.6401,-90.0000,top
"U193","ARTIC_R2","QFN-48",153.9621,-108.5596,90.0000,top
"U194","RFPA0133","QFN50P300X300X86-17N",151.9301,-95.8596,90.0000,top
"U195","AS179-92LF","SOT65P220X100-6N",155.2321,-90.9066,90.0000,top
"U198","ADM4210_1TSOT6","TSOT6",154.5971,-117.6401,-90.0000,top
"U201","ARTIC_R2","QFN-48",165.1381,-108.5596,90.0000,top
"U202","RFPA0133","QFN50P300X300X86-17N",163.1061,-95.8596,90.0000,top
"U203","AS179-92LF","SOT65P220X100-6N",166.4081,-90.9066,90.0000,top
"U206","ADM4210_1TSOT6","TSOT6",165.7731,-117.6401,-90.0000,top
"U209","ARTIC_R2","QFN-48",176.3141,-108.5596,90.0000,top
"U210","RFPA0133","QFN50P300X300X86-17N",174.2821,-95.8596,90.0000,top
"U211","AS179-92LF","SOT65P220X100-6N",177.5841,-90.9066,90.0000,top
"U214","ADM4210_1TSOT6","TSOT6",176.9491,-117.6401,-90.0000,top
"U217","ARTIC_R2","QFN-48",187.4901,-108.5596,90.0000,top
"U218","RFPA0133","QFN50P300X300X86-17N",185.4581,-95.8596,90.0000,top
"U219","AS179-92LF","SOT65P220X100-6N",188.7601,-90.9066,90.0000,top
"U222","ADM4210_1TSOT6","TSOT6",188.1251,-117.6401,-90.0000,top
"U225","ARTIC_R2","QFN-48",198.6661,-108.5596,90.0000,top
"U226","RFPA0133","QFN50P300X300X86-17N",196.6341,-95.8596,90.0000,top
"U227","AS179-92LF","SOT65P220X100-6N",199.9361,-90.9066,90.0000,top
"U230","ADM4210_1TSOT6","TSOT6",199.3011,-117.6401,-90.0000,top
"U233","ARTIC_R2","QFN-48",209.8421,-108.5596,90.0000,top
"U234","RFPA0133","QFN50P300X300X86-17N",207.8101,-95.8596,90.0000,top
"U235","AS179-92LF","SOT65P220X100-6N",211.1121,-90.9066,90.0000,top
"U238","ADM4210_1TSOT6","TSOT6",210.4771,-117.6401,-90.0000,top
"U241","ARTIC_R2","QFN-48",221.0181,-108.5596,90.0000,top
"U242","RFPA0133","QFN50P300X300X86-17N",218.9861,-95.8596,90.0000,top
"U243","AS179-92LF","SOT65P220X100-6N",222.2881,-90.9066,90.0000,top
"U246","ADM4210_1TSOT6","TSOT6",221.6531,-117.6401,-90.0000,top
"U249","ARTIC_R2","QFN-48",232.1941,-108.5596,90.0000,top
"U250","RFPA0133","QFN50P300X300X86-17N",230.1621,-95.8596,90.0000,top
"U251","AS179-92LF","SOT65P220X100-6N",233.4641,-90.9066,90.0000,top
"U254","ADM4210_1TSOT6","TSOT6",232.8291,-117.6401,-90.0000,top
"U257","ARTIC_R2","QFN-48",64.5541,-67.4116,90.0000,top
"U258","RFPA0133","QFN50P300X300X86-17N",62.5221,-54.7116,90.0000,top
"U259","AS179-92LF","SOT65P220X100-6N",65.8241,-49.7586,90.0000,top
"U262","ADM4210_1TSOT6","TSOT6",65.1891,-76.4921,-90.0000,top
"U265","ARTIC_R2","QFN-48",75.7301,-67.4116,90.0000,top
"U266","RFPA0133","QFN50P300X300X86-17N",73.6981,-54.7116,90.0000,top
"U267","AS179-92LF","SOT65P220X100-6N",77.0001,-49.7586,90.0000,top
"U270","ADM4210_1TSOT6","TSOT6",76.3651,-76.4921,-90.0000,top
"U273","ARTIC_R2","QFN-48",86.9061,-67.4116,90.0000,top
"U274","RFPA0133","QFN50P300X300X86-17N",84.8741,-54.7116,90.0000,top
"U275","AS179-92LF","SOT65P220X100-6N",88.1761,-49.7586,90.0000,top
"U278","ADM4210_1TSOT6","TSOT6",87.5411,-76.4921,-90.0000,top
"U281","ARTIC_R2","QFN-48",98.0821,-67.4116,90.0000,top
"U282","RFPA0133","QFN50P300X300X86-17N",96.0501,-54.7116,90.0000,top
"U283","AS179-92LF","SOT65P220X100-6N",99.3521,-49.7586,90.0000,top
"U286","ADM4210_1TSOT6","TSOT6",98.7171,-76.4921,-90.0000,top
"U289","ARTIC_R2","QFN-48",109.2581,-67.4116,90.0000,top
"U290","RFPA0133","QFN50P300X300X86-17N",107.2261,-54.7116,90.0000,top
"U291","AS179-92LF","SOT65P220X100-6N",110.5281,-49.7586,90.0000,top
"U294","ADM4210_1TSOT6","TSOT6",109.8931,-76.4921,-90.0000,top
"U297","ARTIC_R2","QFN-48",120.4341,-67.4116,90.0000,top
"U298","RFPA0133","QFN50P300X300X86-17N",118.4021,-54.7116,90.0000,top
"U299","AS179-92LF","SOT65P220X100-6N",121.7041,-49.7586,90.0000,top
"U302","ADM4210_1TSOT6","TSOT6",121.0691,-76.4921,-90.0000,top
"U305","ARTIC_R2","QFN-48",131.6101,-67.4116,90.0000,top
"U306","RFPA0133","QFN50P300X300X86-17N",129.5781,-54.7116,90.0000,top
"U307","AS179-92LF","SOT65P220X100-6N",132.8801,-49.7586,90.0000,top
"U310","ADM4210_1TSOT6","TSOT6",132.2451,-76.4921,-90.0000,top
"U313","ARTIC_R2","QFN-48",142.7861,-67.4116,90.0000,top
"U314","RFPA0133","QFN50P300X300X86-17N",140.7541,-54.7116,90.0000,top
"U315","AS179-92LF","SOT65P220X100-6N",144.0561,-49.7586,90.0000,top
"U318","ADM4210_1TSOT6","TSOT6",143.4211,-76.4921,-90.0000,top
"U321","ARTIC_R2","QFN-48",153.9621,-67.4116,90.0000,top
"U322","RFPA0133","QFN50P300X300X86-17N",151.9301,-54.7116,90.0000,top
"U323","AS179-92LF","SOT65P220X100-6N",155.2321,-49.7586,90.0000,top
"U326","ADM4210_1TSOT6","TSOT6",154.5971,-76.4921,-90.0000,top
"U329","ARTIC_R2","QFN-48",165.1381,-67.4116,90.0000,top
"U330","RFPA0133","QFN50P300X300X86-17N",163.1061,-54.7116,90.0000,top
"U331","AS179-92LF","SOT65P220X100-6N",166.4081,-49.7586,90.0000,top
"U334","ADM4210_1TSOT6","TSOT6",165.7731,-76.4921,-90.0000,top
"U337","ARTIC_R2","QFN-48",176.3141,-67.4116,90.0000,top
"U338","RFPA0133","QFN50P300X300X86-17N",174.2821,-54.7116,90.0000,top
"U339","AS179-92LF","SOT65P220X100-6N",177.5841,-49.7586,90.0000,top
"U342","ADM4210_1TSOT6","TSOT6",176.9491,-76.4921,-90.0000,top
"U345","ARTIC_R2","QFN-48",187.4901,-67.4116,90.0000,top
"U346","RFPA0133","QFN50P300X300X86-17N",185.4581,-54.7116,90.0000,top
"U347","AS179-92LF","SOT65P220X100-6N",188.7601,-49.7586,90.0000,top
"U350","ADM4210_1TSOT6","TSOT6",188.1251,-76.4921,-90.0000,top
"U353","ARTIC_R2","QFN-48",198.6661,-67.4116,90.0000,top
"U354","RFPA0133","QFN50P300X300X86-17N",196.6341,-54.7116,90.0000,top
"U355","AS179-92LF","SOT65P220X100-6N",199.9361,-49.7586,90.0000,top
"U358","ADM4210_1TSOT6","TSOT6",199.3011,-76.4921,-90.0000,top
"U361","ARTIC_R2","QFN-48",209.8421,-67.4116,90.0000,top
"U362","RFPA0133","QFN50P300X300X86-17N",207.8101,-54.7116,90.0000,top
"U363","AS179-92LF","SOT65P220X100-6N",211.1121,-49.7586,90.0000,top
"U366","ADM4210_1TSOT6","TSOT6",210.4771,-76.4921,-90.0000,top
"U369","ARTIC_R2","QFN-48",221.0181,-67.4116,90.0000,top
"U370","RFPA0133","QFN50P300X300X86-17N",218.9861,-54.7116,90.0000,top
"U371","AS179-92LF","SOT65P220X100-6N",222.2881,-49.7586,90.0000,top
"U374","ADM4210_1TSOT6","TSOT6",221.6531,-76.4921,-90.0000,top
"U377","ARTIC_R2","QFN-48",232.1941,-67.4116,90.0000,top
"U378","RFPA0133","QFN50P300X300X86-17N",230.1621,-54.7116,90.0000,top
"U379","AS179-92LF","SOT65P220X100-6N",233.4641,-49.7586,90.0000,top
"U382","ADM4210_1TSOT6","TSOT6",232.8291,-76.4921,-90.0000,top
"U$1","","OUT0",67.0941,-161.6456,0.0000,top
"U$2","SMOL_LOGOSMALL","SMOL_SMALL",62.2681,-161.1376,0.0000,top
"U$6","SPARKX-LOGO2","SPARKX-TINY",80.1751,-141.9606,90.0000,top
"U$8","SPARKX-LOGO2","SPARKX-TINY",68.9991,-141.9606,90.0000,top
"U$9","","SM�L_ARTIC_R20",68.9991,-134.8486,90.0000,top
"U$11","","OUT0",78.2701,-161.6456,0.0000,top
"U$12","SMOL_LOGOSMALL","SMOL_SMALL",73.4441,-161.1376,0.0000,top
"U$15","","SM�L_ARTIC_R20",80.1751,-134.8486,90.0000,top
"U$18","SPARKX-LOGO2","SPARKX-TINY",91.3511,-141.9606,90.0000,top
"U$19","","OUT0",89.4461,-161.6456,0.0000,top
"U$20","SMOL_LOGOSMALL","SMOL_SMALL",84.6201,-161.1376,0.0000,top
"U$23","","SM�L_ARTIC_R20",91.3511,-134.8486,90.0000,top
"U$26","SPARKX-LOGO2","SPARKX-TINY",102.5271,-141.9606,90.0000,top
"U$27","","OUT0",100.6221,-161.6456,0.0000,top
"U$28","SMOL_LOGOSMALL","SMOL_SMALL",95.7961,-161.1376,0.0000,top
"U$31","","SM�L_ARTIC_R20",102.5271,-134.8486,90.0000,top
"U$34","SPARKX-LOGO2","SPARKX-TINY",113.7031,-141.9606,90.0000,top
"U$35","","OUT0",111.7981,-161.6456,0.0000,top
"U$36","SMOL_LOGOSMALL","SMOL_SMALL",106.9721,-161.1376,0.0000,top
"U$39","","SM�L_ARTIC_R20",113.7031,-134.8486,90.0000,top
"U$42","SPARKX-LOGO2","SPARKX-TINY",124.8791,-141.9606,90.0000,top
"U$43","","OUT0",122.9741,-161.6456,0.0000,top
"U$44","SMOL_LOGOSMALL","SMOL_SMALL",118.1481,-161.1376,0.0000,top
"U$47","","SM�L_ARTIC_R20",124.8791,-134.8486,90.0000,top
"U$50","SPARKX-LOGO2","SPARKX-TINY",136.0551,-141.9606,90.0000,top
"U$51","","OUT0",134.1501,-161.6456,0.0000,top
"U$52","SMOL_LOGOSMALL","SMOL_SMALL",129.3241,-161.1376,0.0000,top
"U$55","","SM�L_ARTIC_R20",136.0551,-134.8486,90.0000,top
"U$58","SPARKX-LOGO2","SPARKX-TINY",147.2311,-141.9606,90.0000,top
"U$59","","OUT0",145.3261,-161.6456,0.0000,top
"U$60","SMOL_LOGOSMALL","SMOL_SMALL",140.5001,-161.1376,0.0000,top
"U$63","","SM�L_ARTIC_R20",147.2311,-134.8486,90.0000,top
"U$66","SPARKX-LOGO2","SPARKX-TINY",158.4071,-141.9606,90.0000,top
"U$67","","OUT0",156.5021,-161.6456,0.0000,top
"U$68","SMOL_LOGOSMALL","SMOL_SMALL",151.6761,-161.1376,0.0000,top
"U$71","","SM�L_ARTIC_R20",158.4071,-134.8486,90.0000,top
"U$74","SPARKX-LOGO2","SPARKX-TINY",169.5831,-141.9606,90.0000,top
"U$75","","OUT0",167.6781,-161.6456,0.0000,top
"U$76","SMOL_LOGOSMALL","SMOL_SMALL",162.8521,-161.1376,0.0000,top
"U$79","","SM�L_ARTIC_R20",169.5831,-134.8486,90.0000,top
"U$82","SPARKX-LOGO2","SPARKX-TINY",180.7591,-141.9606,90.0000,top
"U$83","","OUT0",178.8541,-161.6456,0.0000,top
"U$84","SMOL_LOGOSMALL","SMOL_SMALL",174.0281,-161.1376,0.0000,top
"U$87","","SM�L_ARTIC_R20",180.7591,-134.8486,90.0000,top
"U$90","SPARKX-LOGO2","SPARKX-TINY",191.9351,-141.9606,90.0000,top
"U$91","","OUT0",190.0301,-161.6456,0.0000,top
"U$92","SMOL_LOGOSMALL","SMOL_SMALL",185.2041,-161.1376,0.0000,top
"U$95","","SM�L_ARTIC_R20",191.9351,-134.8486,90.0000,top
"U$98","SPARKX-LOGO2","SPARKX-TINY",203.1111,-141.9606,90.0000,top
"U$99","","OUT0",201.2061,-161.6456,0.0000,top
"U$100","SMOL_LOGOSMALL","SMOL_SMALL",196.3801,-161.1376,0.0000,top
"U$103","","SM�L_ARTIC_R20",203.1111,-134.8486,90.0000,top
"U$106","SPARKX-LOGO2","SPARKX-TINY",214.2871,-141.9606,90.0000,top
"U$107","","OUT0",212.3821,-161.6456,0.0000,top
"U$108","SMOL_LOGOSMALL","SMOL_SMALL",207.5561,-161.1376,0.0000,top
"U$111","","SM�L_ARTIC_R20",214.2871,-134.8486,90.0000,top
"U$114","SPARKX-LOGO2","SPARKX-TINY",225.4631,-141.9606,90.0000,top
"U$115","","OUT0",223.5581,-161.6456,0.0000,top
"U$116","SMOL_LOGOSMALL","SMOL_SMALL",218.7321,-161.1376,0.0000,top
"U$119","","SM�L_ARTIC_R20",225.4631,-134.8486,90.0000,top
"U$122","SPARKX-LOGO2","SPARKX-TINY",236.6391,-141.9606,90.0000,top
"U$123","","OUT0",234.7341,-161.6456,0.0000,top
"U$124","SMOL_LOGOSMALL","SMOL_SMALL",229.9081,-161.1376,0.0000,top
"U$127","","SM�L_ARTIC_R20",236.6391,-134.8486,90.0000,top
"U$130","SPARKX-LOGO2","SPARKX-TINY",68.9991,-100.8126,90.0000,top
"U$131","","OUT0",67.0941,-120.4976,0.0000,top
"U$132","SMOL_LOGOSMALL","SMOL_SMALL",62.2681,-119.9896,0.0000,top
"U$135","","SM�L_ARTIC_R20",68.9991,-93.7006,90.0000,top
"U$138","SPARKX-LOGO2","SPARKX-TINY",80.1751,-100.8126,90.0000,top
"U$139","","OUT0",78.2701,-120.4976,0.0000,top
"U$140","SMOL_LOGOSMALL","SMOL_SMALL",73.4441,-119.9896,0.0000,top
"U$143","","SM�L_ARTIC_R20",80.1751,-93.7006,90.0000,top
"U$146","SPARKX-LOGO2","SPARKX-TINY",91.3511,-100.8126,90.0000,top
"U$147","","OUT0",89.4461,-120.4976,0.0000,top
"U$148","SMOL_LOGOSMALL","SMOL_SMALL",84.6201,-119.9896,0.0000,top
"U$151","","SM�L_ARTIC_R20",91.3511,-93.7006,90.0000,top
"U$154","SPARKX-LOGO2","SPARKX-TINY",102.5271,-100.8126,90.0000,top
"U$155","","OUT0",100.6221,-120.4976,0.0000,top
"U$156","SMOL_LOGOSMALL","SMOL_SMALL",95.7961,-119.9896,0.0000,top
"U$159","","SM�L_ARTIC_R20",102.5271,-93.7006,90.0000,top
"U$162","SPARKX-LOGO2","SPARKX-TINY",113.7031,-100.8126,90.0000,top
"U$163","","OUT0",111.7981,-120.4976,0.0000,top
"U$164","SMOL_LOGOSMALL","SMOL_SMALL",106.9721,-119.9896,0.0000,top
"U$167","","SM�L_ARTIC_R20",113.7031,-93.7006,90.0000,top
"U$170","SPARKX-LOGO2","SPARKX-TINY",124.8791,-100.8126,90.0000,top
"U$171","","OUT0",122.9741,-120.4976,0.0000,top
"U$172","SMOL_LOGOSMALL","SMOL_SMALL",118.1481,-119.9896,0.0000,top
"U$175","","SM�L_ARTIC_R20",124.8791,-93.7006,90.0000,top
"U$178","SPARKX-LOGO2","SPARKX-TINY",136.0551,-100.8126,90.0000,top
"U$179","","OUT0",134.1501,-120.4976,0.0000,top
"U$180","SMOL_LOGOSMALL","SMOL_SMALL",129.3241,-119.9896,0.0000,top
"U$183","","SM�L_ARTIC_R20",136.0551,-93.7006,90.0000,top
"U$186","SPARKX-LOGO2","SPARKX-TINY",147.2311,-100.8126,90.0000,top
"U$187","","OUT0",145.3261,-120.4976,0.0000,top
"U$188","SMOL_LOGOSMALL","SMOL_SMALL",140.5001,-119.9896,0.0000,top
"U$191","","SM�L_ARTIC_R20",147.2311,-93.7006,90.0000,top
"U$194","SPARKX-LOGO2","SPARKX-TINY",158.4071,-100.8126,90.0000,top
"U$195","","OUT0",156.5021,-120.4976,0.0000,top
"U$196","SMOL_LOGOSMALL","SMOL_SMALL",151.6761,-119.9896,0.0000,top
"U$199","","SM�L_ARTIC_R20",158.4071,-93.7006,90.0000,top
"U$202","SPARKX-LOGO2","SPARKX-TINY",169.5831,-100.8126,90.0000,top
"U$203","","OUT0",167.6781,-120.4976,0.0000,top
"U$204","SMOL_LOGOSMALL","SMOL_SMALL",162.8521,-119.9896,0.0000,top
"U$207","","SM�L_ARTIC_R20",169.5831,-93.7006,90.0000,top
"U$210","SPARKX-LOGO2","SPARKX-TINY",180.7591,-100.8126,90.0000,top
"U$211","","OUT0",178.8541,-120.4976,0.0000,top
"U$212","SMOL_LOGOSMALL","SMOL_SMALL",174.0281,-119.9896,0.0000,top
"U$215","","SM�L_ARTIC_R20",180.7591,-93.7006,90.0000,top
"U$218","SPARKX-LOGO2","SPARKX-TINY",191.9351,-100.8126,90.0000,top
"U$219","","OUT0",190.0301,-120.4976,0.0000,top
"U$220","SMOL_LOGOSMALL","SMOL_SMALL",185.2041,-119.9896,0.0000,top
"U$223","","SM�L_ARTIC_R20",191.9351,-93.7006,90.0000,top
"U$226","SPARKX-LOGO2","SPARKX-TINY",203.1111,-100.8126,90.0000,top
"U$227","","OUT0",201.2061,-120.4976,0.0000,top
"U$228","SMOL_LOGOSMALL","SMOL_SMALL",196.3801,-119.9896,0.0000,top
"U$231","","SM�L_ARTIC_R20",203.1111,-93.7006,90.0000,top
"U$234","SPARKX-LOGO2","SPARKX-TINY",214.2871,-100.8126,90.0000,top
"U$235","","OUT0",212.3821,-120.4976,0.0000,top
"U$236","SMOL_LOGOSMALL","SMOL_SMALL",207.5561,-119.9896,0.0000,top
"U$239","","SM�L_ARTIC_R20",214.2871,-93.7006,90.0000,top
"U$242","SPARKX-LOGO2","SPARKX-TINY",225.4631,-100.8126,90.0000,top
"U$243","","OUT0",223.5581,-120.4976,0.0000,top
"U$244","SMOL_LOGOSMALL","SMOL_SMALL",218.7321,-119.9896,0.0000,top
"U$247","","SM�L_ARTIC_R20",225.4631,-93.7006,90.0000,top
"U$250","SPARKX-LOGO2","SPARKX-TINY",236.6391,-100.8126,90.0000,top
"U$251","","OUT0",234.7341,-120.4976,0.0000,top
"U$252","SMOL_LOGOSMALL","SMOL_SMALL",229.9081,-119.9896,0.0000,top
"U$255","","SM�L_ARTIC_R20",236.6391,-93.7006,90.0000,top
"U$258","SPARKX-LOGO2","SPARKX-TINY",68.9991,-59.6646,90.0000,top
"U$259","","OUT0",67.0941,-79.3496,0.0000,top
"U$260","SMOL_LOGOSMALL","SMOL_SMALL",62.2681,-78.8416,0.0000,top
"U$263","","SM�L_ARTIC_R20",68.9991,-52.5526,90.0000,top
"U$266","SPARKX-LOGO2","SPARKX-TINY",80.1751,-59.6646,90.0000,top
"U$267","","OUT0",78.2701,-79.3496,0.0000,top
"U$268","SMOL_LOGOSMALL","SMOL_SMALL",73.4441,-78.8416,0.0000,top
"U$271","","SM�L_ARTIC_R20",80.1751,-52.5526,90.0000,top
"U$274","SPARKX-LOGO2","SPARKX-TINY",91.3511,-59.6646,90.0000,top
"U$275","","OUT0",89.4461,-79.3496,0.0000,top
"U$276","SMOL_LOGOSMALL","SMOL_SMALL",84.6201,-78.8416,0.0000,top
"U$279","","SM�L_ARTIC_R20",91.3511,-52.5526,90.0000,top
"U$282","SPARKX-LOGO2","SPARKX-TINY",102.5271,-59.6646,90.0000,top
"U$283","","OUT0",100.6221,-79.3496,0.0000,top
"U$284","SMOL_LOGOSMALL","SMOL_SMALL",95.7961,-78.8416,0.0000,top
"U$287","","SM�L_ARTIC_R20",102.5271,-52.5526,90.0000,top
"U$290","SPARKX-LOGO2","SPARKX-TINY",113.7031,-59.6646,90.0000,top
"U$291","","OUT0",111.7981,-79.3496,0.0000,top
"U$292","SMOL_LOGOSMALL","SMOL_SMALL",106.9721,-78.8416,0.0000,top
"U$295","","SM�L_ARTIC_R20",113.7031,-52.5526,90.0000,top
"U$298","SPARKX-LOGO2","SPARKX-TINY",124.8791,-59.6646,90.0000,top
"U$299","","OUT0",122.9741,-79.3496,0.0000,top
"U$300","SMOL_LOGOSMALL","SMOL_SMALL",118.1481,-78.8416,0.0000,top
"U$303","","SM�L_ARTIC_R20",124.8791,-52.5526,90.0000,top
"U$306","SPARKX-LOGO2","SPARKX-TINY",136.0551,-59.6646,90.0000,top
"U$307","","OUT0",134.1501,-79.3496,0.0000,top
"U$308","SMOL_LOGOSMALL","SMOL_SMALL",129.3241,-78.8416,0.0000,top
"U$311","","SM�L_ARTIC_R20",136.0551,-52.5526,90.0000,top
"U$314","SPARKX-LOGO2","SPARKX-TINY",147.2311,-59.6646,90.0000,top
"U$315","","OUT0",145.3261,-79.3496,0.0000,top
"U$316","SMOL_LOGOSMALL","SMOL_SMALL",140.5001,-78.8416,0.0000,top
"U$319","","SM�L_ARTIC_R20",147.2311,-52.5526,90.0000,top
"U$322","SPARKX-LOGO2","SPARKX-TINY",158.4071,-59.6646,90.0000,top
"U$323","","OUT0",156.5021,-79.3496,0.0000,top
"U$324","SMOL_LOGOSMALL","SMOL_SMALL",151.6761,-78.8416,0.0000,top
"U$327","","SM�L_ARTIC_R20",158.4071,-52.5526,90.0000,top
"U$330","SPARKX-LOGO2","SPARKX-TINY",169.5831,-59.6646,90.0000,top
"U$331","","OUT0",167.6781,-79.3496,0.0000,top
"U$332","SMOL_LOGOSMALL","SMOL_SMALL",162.8521,-78.8416,0.0000,top
"U$335","","SM�L_ARTIC_R20",169.5831,-52.5526,90.0000,top
"U$338","SPARKX-LOGO2","SPARKX-TINY",180.7591,-59.6646,90.0000,top
"U$339","","OUT0",178.8541,-79.3496,0.0000,top
"U$340","SMOL_LOGOSMALL","SMOL_SMALL",174.0281,-78.8416,0.0000,top
"U$343","","SM�L_ARTIC_R20",180.7591,-52.5526,90.0000,top
"U$346","SPARKX-LOGO2","SPARKX-TINY",191.9351,-59.6646,90.0000,top
"U$347","","OUT0",190.0301,-79.3496,0.0000,top
"U$348","SMOL_LOGOSMALL","SMOL_SMALL",185.2041,-78.8416,0.0000,top
"U$351","","SM�L_ARTIC_R20",191.9351,-52.5526,90.0000,top
"U$354","SPARKX-LOGO2","SPARKX-TINY",203.1111,-59.6646,90.0000,top
"U$355","","OUT0",201.2061,-79.3496,0.0000,top
"U$356","SMOL_LOGOSMALL","SMOL_SMALL",196.3801,-78.8416,0.0000,top
"U$359","","SM�L_ARTIC_R20",203.1111,-52.5526,90.0000,top
"U$362","SPARKX-LOGO2","SPARKX-TINY",214.2871,-59.6646,90.0000,top
"U$363","","OUT0",212.3821,-79.3496,0.0000,top
"U$364","SMOL_LOGOSMALL","SMOL_SMALL",207.5561,-78.8416,0.0000,top
"U$367","","SM�L_ARTIC_R20",214.2871,-52.5526,90.0000,top
"U$370","SPARKX-LOGO2","SPARKX-TINY",225.4631,-59.6646,90.0000,top
"U$371","","OUT0",223.5581,-79.3496,0.0000,top
"U$372","SMOL_LOGOSMALL","SMOL_SMALL",218.7321,-78.8416,0.0000,top
"U$375","","SM�L_ARTIC_R20",225.4631,-52.5526,90.0000,top
"U$378","SPARKX-LOGO2","SPARKX-TINY",236.6391,-59.6646,90.0000,top
"U$379","","OUT0",234.7341,-79.3496,0.0000,top
"U$380","SMOL_LOGOSMALL","SMOL_SMALL",229.9081,-78.8416,0.0000,top
"U$383","","SM�L_ARTIC_R20",236.6391,-52.5526,90.0000,top
