ISO-10303-21;
HEADER;
FILE_DESCRIPTION(('KiCad electronic assembly'),'2;1');
FILE_NAME('working.step','2023-07-30T14:52:06',('Pcbnew'),('Kicad'),
  'Open CASCADE STEP processor 7.6','KiCad to STEP converter','Unknown'
  );
FILE_SCHEMA(('AUTOMOTIVE_DESIGN { 1 0 10303 214 1 1 1 1 }'));
ENDSEC;
DATA;
#1 = APPLICATION_PROTOCOL_DEFINITION('international standard',
  'automotive_design',2000,#2);
#2 = APPLICATION_CONTEXT(
  'core data for automotive mechanical design processes');
#3 = SHAPE_DEFINITION_REPRESENTATION(#4,#10);
#4 = PRODUCT_DEFINITION_SHAPE('','',#5);
#5 = PRODUCT_DEFINITION('design','',#6,#9);
#6 = PRODUCT_DEFINITION_FORMATION('','',#7);
#7 = PRODUCT('working 1','working 1','',(#8));
#8 = PRODUCT_CONTEXT('',#2,'mechanical');
#9 = PRODUCT_DEFINITION_CONTEXT('part definition',#2,'design');
#10 = SHAPE_REPRESENTATION('',(#11,#15,#19,#23,#27),#31);
#11 = AXIS2_PLACEMENT_3D('',#12,#13,#14);
#12 = CARTESIAN_POINT('',(0.,0.,0.));
#13 = DIRECTION('',(0.,0.,1.));
#14 = DIRECTION('',(1.,0.,-0.));
#15 = AXIS2_PLACEMENT_3D('',#16,#17,#18);
#16 = CARTESIAN_POINT('',(152.375,-75.485,1.65));
#17 = DIRECTION('',(-0.,0.,1.));
#18 = DIRECTION('',(1.110223024625E-16,-1.,0.));
#19 = AXIS2_PLACEMENT_3D('',#20,#21,#22);
#20 = CARTESIAN_POINT('',(153.025,-80.175,1.65));
#21 = DIRECTION('',(0.,-0.,1.));
#22 = DIRECTION('',(1.110223024625E-16,1.,0.));
#23 = AXIS2_PLACEMENT_3D('',#24,#25,#26);
#24 = CARTESIAN_POINT('',(151.125,-75.52,1.65));
#25 = DIRECTION('',(0.,-0.,1.));
#26 = DIRECTION('',(1.110223024625E-16,1.,0.));
#27 = AXIS2_PLACEMENT_3D('',#28,#29,#30);
#28 = CARTESIAN_POINT('',(0.,0.,0.));
#29 = DIRECTION('',(0.,0.,1.));
#30 = DIRECTION('',(1.,0.,-0.));
#31 = ( GEOMETRIC_REPRESENTATION_CONTEXT(3) 
GLOBAL_UNCERTAINTY_ASSIGNED_CONTEXT((#35)) GLOBAL_UNIT_ASSIGNED_CONTEXT(
(#32,#33,#34)) REPRESENTATION_CONTEXT('Context #1',
  '3D Context with UNIT and UNCERTAINTY') );
#32 = ( LENGTH_UNIT() NAMED_UNIT(*) SI_UNIT(.MILLI.,.METRE.) );
#33 = ( NAMED_UNIT(*) PLANE_ANGLE_UNIT() SI_UNIT($,.RADIAN.) );
#34 = ( NAMED_UNIT(*) SI_UNIT($,.STERADIAN.) SOLID_ANGLE_UNIT() );
#35 = UNCERTAINTY_MEASURE_WITH_UNIT(LENGTH_MEASURE(1.E-02),#32,
  'distance_accuracy_value','confusion accuracy');
#36 = PRODUCT_RELATED_PRODUCT_CATEGORY('part',$,(#7));
#37 = SHAPE_DEFINITION_REPRESENTATION(#38,#44);
#38 = PRODUCT_DEFINITION_SHAPE('','',#39);
#39 = PRODUCT_DEFINITION('design','',#40,#43);
#40 = PRODUCT_DEFINITION_FORMATION('','',#41);
#41 = PRODUCT('R_0402_1005Metric','R_0402_1005Metric','',(#42));
#42 = PRODUCT_CONTEXT('',#2,'mechanical');
#43 = PRODUCT_DEFINITION_CONTEXT('part definition',#2,'design');
#44 = SHAPE_REPRESENTATION('',(#11,#45),#49);
#45 = AXIS2_PLACEMENT_3D('',#46,#47,#48);
#46 = CARTESIAN_POINT('',(0.,0.,0.));
#47 = DIRECTION('',(0.,0.,1.));
#48 = DIRECTION('',(1.,0.,-0.));
#49 = ( GEOMETRIC_REPRESENTATION_CONTEXT(3) 
GLOBAL_UNCERTAINTY_ASSIGNED_CONTEXT((#53)) GLOBAL_UNIT_ASSIGNED_CONTEXT(
(#50,#51,#52)) REPRESENTATION_CONTEXT('Context #1',
  '3D Context with UNIT and UNCERTAINTY') );
#50 = ( LENGTH_UNIT() NAMED_UNIT(*) SI_UNIT(.MILLI.,.METRE.) );
#51 = ( NAMED_UNIT(*) PLANE_ANGLE_UNIT() SI_UNIT($,.RADIAN.) );
#52 = ( NAMED_UNIT(*) SI_UNIT($,.STERADIAN.) SOLID_ANGLE_UNIT() );
#53 = UNCERTAINTY_MEASURE_WITH_UNIT(LENGTH_MEASURE(1.E-02),#50,
  'distance_accuracy_value','confusion accuracy');
#54 = CONTEXT_DEPENDENT_SHAPE_REPRESENTATION(#55,#57);
#55 = ( REPRESENTATION_RELATIONSHIP('','',#44,#10) 
REPRESENTATION_RELATIONSHIP_WITH_TRANSFORMATION(#56) 
SHAPE_REPRESENTATION_RELATIONSHIP() );
#56 = ITEM_DEFINED_TRANSFORMATION('','',#11,#15);
#57 = PRODUCT_DEFINITION_SHAPE('Placement','Placement of an item',#58);
#58 = NEXT_ASSEMBLY_USAGE_OCCURRENCE('2','R1','',#5,#39,$);
#59 = PRODUCT_RELATED_PRODUCT_CATEGORY('part',$,(#41));
#60 = SHAPE_DEFINITION_REPRESENTATION(#61,#67);
#61 = PRODUCT_DEFINITION_SHAPE('','',#62);
#62 = PRODUCT_DEFINITION('design','',#63,#66);
#63 = PRODUCT_DEFINITION_FORMATION('','',#64);
#64 = PRODUCT('SOLID','SOLID','',(#65));
#65 = PRODUCT_CONTEXT('',#2,'mechanical');
#66 = PRODUCT_DEFINITION_CONTEXT('part definition',#2,'design');
#67 = ADVANCED_BREP_SHAPE_REPRESENTATION('',(#11,#68),#1910);
#68 = MANIFOLD_SOLID_BREP('',#69);
#69 = CLOSED_SHELL('',(#70,#190,#436,#490,#540,#716,#743,#775,#904,#931,
    #963,#1092,#1124,#1331,#1412,#1461,#1638,#1687,#1714,#1741,#1768,
    #1795,#1822,#1849,#1876,#1903));
#70 = ADVANCED_FACE('',(#71),#85,.F.);
#71 = FACE_BOUND('',#72,.F.);
#72 = EDGE_LOOP('',(#73,#108,#136,#164));
#73 = ORIENTED_EDGE('',*,*,#74,.F.);
#74 = EDGE_CURVE('',#75,#77,#79,.T.);
#75 = VERTEX_POINT('',#76);
#76 = CARTESIAN_POINT('',(-0.5,-0.25,3.5E-02));
#77 = VERTEX_POINT('',#78);
#78 = CARTESIAN_POINT('',(-0.5,-0.25,0.315));
#79 = SURFACE_CURVE('',#80,(#84,#96),.PCURVE_S1.);
#80 = LINE('',#81,#82);
#81 = CARTESIAN_POINT('',(-0.5,-0.25,0.));
#82 = VECTOR('',#83,1.);
#83 = DIRECTION('',(0.,0.,1.));
#84 = PCURVE('',#85,#90);
#85 = PLANE('',#86);
#86 = AXIS2_PLACEMENT_3D('',#87,#88,#89);
#87 = CARTESIAN_POINT('',(-0.5,-0.25,0.));
#88 = DIRECTION('',(1.,0.,0.));
#89 = DIRECTION('',(0.,0.,1.));
#90 = DEFINITIONAL_REPRESENTATION('',(#91),#95);
#91 = LINE('',#92,#93);
#92 = CARTESIAN_POINT('',(0.,0.));
#93 = VECTOR('',#94,1.);
#94 = DIRECTION('',(1.,0.));
#95 = ( GEOMETRIC_REPRESENTATION_CONTEXT(2) 
PARAMETRIC_REPRESENTATION_CONTEXT() REPRESENTATION_CONTEXT('2D SPACE',''
  ) );
#96 = PCURVE('',#97,#102);
#97 = PLANE('',#98);
#98 = AXIS2_PLACEMENT_3D('',#99,#100,#101);
#99 = CARTESIAN_POINT('',(-0.5,-0.25,0.));
#100 = DIRECTION('',(0.,1.,0.));
#101 = DIRECTION('',(0.,-0.,1.));
#102 = DEFINITIONAL_REPRESENTATION('',(#103),#107);
#103 = LINE('',#104,#105);
#104 = CARTESIAN_POINT('',(0.,0.));
#105 = VECTOR('',#106,1.);
#106 = DIRECTION('',(1.,0.));
#107 = ( GEOMETRIC_REPRESENTATION_CONTEXT(2) 
PARAMETRIC_REPRESENTATION_CONTEXT() REPRESENTATION_CONTEXT('2D SPACE',''
  ) );
#108 = ORIENTED_EDGE('',*,*,#109,.T.);
#109 = EDGE_CURVE('',#75,#110,#112,.T.);
#110 = VERTEX_POINT('',#111);
#111 = CARTESIAN_POINT('',(-0.5,0.25,3.5E-02));
#112 = SURFACE_CURVE('',#113,(#117,#124),.PCURVE_S1.);
#113 = LINE('',#114,#115);
#114 = CARTESIAN_POINT('',(-0.5,-0.25,3.5E-02));
#115 = VECTOR('',#116,1.);
#116 = DIRECTION('',(0.,1.,0.));
#117 = PCURVE('',#85,#118);
#118 = DEFINITIONAL_REPRESENTATION('',(#119),#123);
#119 = LINE('',#120,#121);
#120 = CARTESIAN_POINT('',(3.5E-02,0.));
#121 = VECTOR('',#122,1.);
#122 = DIRECTION('',(0.,-1.));
#123 = ( GEOMETRIC_REPRESENTATION_CONTEXT(2) 
PARAMETRIC_REPRESENTATION_CONTEXT() REPRESENTATION_CONTEXT('2D SPACE',''
  ) );
#124 = PCURVE('',#125,#130);
#125 = CYLINDRICAL_SURFACE('',#126,3.5E-02);
#126 = AXIS2_PLACEMENT_3D('',#127,#128,#129);
#127 = CARTESIAN_POINT('',(-0.465,-0.25,3.5E-02));
#128 = DIRECTION('',(0.,1.,0.));
#129 = DIRECTION('',(-1.,0.,0.));
#130 = DEFINITIONAL_REPRESENTATION('',(#131),#135);
#131 = LINE('',#132,#133);
#132 = CARTESIAN_POINT('',(6.28318530718,0.));
#133 = VECTOR('',#134,1.);
#134 = DIRECTION('',(0.,1.));
#135 = ( GEOMETRIC_REPRESENTATION_CONTEXT(2) 
PARAMETRIC_REPRESENTATION_CONTEXT() REPRESENTATION_CONTEXT('2D SPACE',''
  ) );
#136 = ORIENTED_EDGE('',*,*,#137,.T.);
#137 = EDGE_CURVE('',#110,#138,#140,.T.);
#138 = VERTEX_POINT('',#139);
#139 = CARTESIAN_POINT('',(-0.5,0.25,0.315));
#140 = SURFACE_CURVE('',#141,(#145,#152),.PCURVE_S1.);
#141 = LINE('',#142,#143);
#142 = CARTESIAN_POINT('',(-0.5,0.25,0.));
#143 = VECTOR('',#144,1.);
#144 = DIRECTION('',(0.,0.,1.));
#145 = PCURVE('',#85,#146);
#146 = DEFINITIONAL_REPRESENTATION('',(#147),#151);
#147 = LINE('',#148,#149);
#148 = CARTESIAN_POINT('',(0.,-0.5));
#149 = VECTOR('',#150,1.);
#150 = DIRECTION('',(1.,0.));
#151 = ( GEOMETRIC_REPRESENTATION_CONTEXT(2) 
PARAMETRIC_REPRESENTATION_CONTEXT() REPRESENTATION_CONTEXT('2D SPACE',''
  ) );
#152 = PCURVE('',#153,#158);
#153 = PLANE('',#154);
#154 = AXIS2_PLACEMENT_3D('',#155,#156,#157);
#155 = CARTESIAN_POINT('',(-0.5,0.25,0.));
#156 = DIRECTION('',(0.,1.,0.));
#157 = DIRECTION('',(0.,-0.,1.));
#158 = DEFINITIONAL_REPRESENTATION('',(#159),#163);
#159 = LINE('',#160,#161);
#160 = CARTESIAN_POINT('',(0.,0.));
#161 = VECTOR('',#162,1.);
#162 = DIRECTION('',(1.,0.));
#163 = ( GEOMETRIC_REPRESENTATION_CONTEXT(2) 
PARAMETRIC_REPRESENTATION_CONTEXT() REPRESENTATION_CONTEXT('2D SPACE',''
  ) );
#164 = ORIENTED_EDGE('',*,*,#165,.F.);
#165 = EDGE_CURVE('',#77,#138,#166,.T.);
#166 = SURFACE_CURVE('',#167,(#171,#178),.PCURVE_S1.);
#167 = LINE('',#168,#169);
#168 = CARTESIAN_POINT('',(-0.5,-0.25,0.315));
#169 = VECTOR('',#170,1.);
#170 = DIRECTION('',(0.,1.,0.));
#171 = PCURVE('',#85,#172);
#172 = DEFINITIONAL_REPRESENTATION('',(#173),#177);
#173 = LINE('',#174,#175);
#174 = CARTESIAN_POINT('',(0.315,0.));
#175 = VECTOR('',#176,1.);
#176 = DIRECTION('',(0.,-1.));
#177 = ( GEOMETRIC_REPRESENTATION_CONTEXT(2) 
PARAMETRIC_REPRESENTATION_CONTEXT() REPRESENTATION_CONTEXT('2D SPACE',''
  ) );
#178 = PCURVE('',#179,#184);
#179 = CYLINDRICAL_SURFACE('',#180,3.5E-02);
#180 = AXIS2_PLACEMENT_3D('',#181,#182,#183);
#181 = CARTESIAN_POINT('',(-0.465,-0.25,0.315));
#182 = DIRECTION('',(0.,1.,0.));
#183 = DIRECTION('',(-1.,0.,0.));
#184 = DEFINITIONAL_REPRESENTATION('',(#185),#189);
#185 = LINE('',#186,#187);
#186 = CARTESIAN_POINT('',(0.,0.));
#187 = VECTOR('',#188,1.);
#188 = DIRECTION('',(0.,1.));
#189 = ( GEOMETRIC_REPRESENTATION_CONTEXT(2) 
PARAMETRIC_REPRESENTATION_CONTEXT() REPRESENTATION_CONTEXT('2D SPACE',''
  ) );
#190 = ADVANCED_FACE('',(#191),#97,.F.);
#191 = FACE_BOUND('',#192,.F.);
#192 = EDGE_LOOP('',(#193,#223,#249,#250,#274,#302,#335,#363,#386,#409)
  );
#193 = ORIENTED_EDGE('',*,*,#194,.F.);
#194 = EDGE_CURVE('',#195,#197,#199,.T.);
#195 = VERTEX_POINT('',#196);
#196 = CARTESIAN_POINT('',(-0.465,-0.25,-2.775557561563E-17));
#197 = VERTEX_POINT('',#198);
#198 = CARTESIAN_POINT('',(-0.335,-0.25,-2.775557561563E-17));
#199 = SURFACE_CURVE('',#200,(#204,#211),.PCURVE_S1.);
#200 = LINE('',#201,#202);
#201 = CARTESIAN_POINT('',(-0.5,-0.25,0.));
#202 = VECTOR('',#203,1.);
#203 = DIRECTION('',(1.,0.,0.));
#204 = PCURVE('',#97,#205);
#205 = DEFINITIONAL_REPRESENTATION('',(#206),#210);
#206 = LINE('',#207,#208);
#207 = CARTESIAN_POINT('',(0.,0.));
#208 = VECTOR('',#209,1.);
#209 = DIRECTION('',(0.,1.));
#210 = ( GEOMETRIC_REPRESENTATION_CONTEXT(2) 
PARAMETRIC_REPRESENTATION_CONTEXT() REPRESENTATION_CONTEXT('2D SPACE',''
  ) );
#211 = PCURVE('',#212,#217);
#212 = PLANE('',#213);
#213 = AXIS2_PLACEMENT_3D('',#214,#215,#216);
#214 = CARTESIAN_POINT('',(-0.5,-0.25,0.));
#215 = DIRECTION('',(0.,0.,1.));
#216 = DIRECTION('',(1.,0.,-0.));
#217 = DEFINITIONAL_REPRESENTATION('',(#218),#222);
#218 = LINE('',#219,#220);
#219 = CARTESIAN_POINT('',(0.,0.));
#220 = VECTOR('',#221,1.);
#221 = DIRECTION('',(1.,0.));
#222 = ( GEOMETRIC_REPRESENTATION_CONTEXT(2) 
PARAMETRIC_REPRESENTATION_CONTEXT() REPRESENTATION_CONTEXT('2D SPACE',''
  ) );
#223 = ORIENTED_EDGE('',*,*,#224,.F.);
#224 = EDGE_CURVE('',#75,#195,#225,.T.);
#225 = SURFACE_CURVE('',#226,(#231,#242),.PCURVE_S1.);
#226 = CIRCLE('',#227,3.5E-02);
#227 = AXIS2_PLACEMENT_3D('',#228,#229,#230);
#228 = CARTESIAN_POINT('',(-0.465,-0.25,3.5E-02));
#229 = DIRECTION('',(0.,-1.,0.));
#230 = DIRECTION('',(0.,0.,1.));
#231 = PCURVE('',#97,#232);
#232 = DEFINITIONAL_REPRESENTATION('',(#233),#241);
#233 = ( BOUNDED_CURVE() B_SPLINE_CURVE(2,(#234,#235,#236,#237,#238,#239
,#240),.UNSPECIFIED.,.T.,.F.) B_SPLINE_CURVE_WITH_KNOTS((1,2,2,2,2,1),(
    -2.094395102393,0.,2.094395102393,4.188790204786,6.28318530718,
8.377580409573),.UNSPECIFIED.) CURVE() GEOMETRIC_REPRESENTATION_ITEM() 
RATIONAL_B_SPLINE_CURVE((1.,0.5,1.,0.5,1.,0.5,1.)) REPRESENTATION_ITEM(
  '') );
#234 = CARTESIAN_POINT('',(7.E-02,3.5E-02));
#235 = CARTESIAN_POINT('',(7.E-02,-2.562177826491E-02));
#236 = CARTESIAN_POINT('',(1.75E-02,4.689110867545E-03));
#237 = CARTESIAN_POINT('',(-3.5E-02,3.5E-02));
#238 = CARTESIAN_POINT('',(1.75E-02,6.531088913246E-02));
#239 = CARTESIAN_POINT('',(7.E-02,9.562177826491E-02));
#240 = CARTESIAN_POINT('',(7.E-02,3.5E-02));
#241 = ( GEOMETRIC_REPRESENTATION_CONTEXT(2) 
PARAMETRIC_REPRESENTATION_CONTEXT() REPRESENTATION_CONTEXT('2D SPACE',''
  ) );
#242 = PCURVE('',#125,#243);
#243 = DEFINITIONAL_REPRESENTATION('',(#244),#248);
#244 = LINE('',#245,#246);
#245 = CARTESIAN_POINT('',(7.853981633974,0.));
#246 = VECTOR('',#247,1.);
#247 = DIRECTION('',(-1.,0.));
#248 = ( GEOMETRIC_REPRESENTATION_CONTEXT(2) 
PARAMETRIC_REPRESENTATION_CONTEXT() REPRESENTATION_CONTEXT('2D SPACE',''
  ) );
#249 = ORIENTED_EDGE('',*,*,#74,.T.);
#250 = ORIENTED_EDGE('',*,*,#251,.T.);
#251 = EDGE_CURVE('',#77,#252,#254,.T.);
#252 = VERTEX_POINT('',#253);
#253 = CARTESIAN_POINT('',(-0.465,-0.25,0.35));
#254 = SURFACE_CURVE('',#255,(#260,#267),.PCURVE_S1.);
#255 = CIRCLE('',#256,3.5E-02);
#256 = AXIS2_PLACEMENT_3D('',#257,#258,#259);
#257 = CARTESIAN_POINT('',(-0.465,-0.25,0.315));
#258 = DIRECTION('',(0.,1.,0.));
#259 = DIRECTION('',(0.,-0.,1.));
#260 = PCURVE('',#97,#261);
#261 = DEFINITIONAL_REPRESENTATION('',(#262),#266);
#262 = CIRCLE('',#263,3.5E-02);
#263 = AXIS2_PLACEMENT_2D('',#264,#265);
#264 = CARTESIAN_POINT('',(0.315,3.5E-02));
#265 = DIRECTION('',(1.,0.));
#266 = ( GEOMETRIC_REPRESENTATION_CONTEXT(2) 
PARAMETRIC_REPRESENTATION_CONTEXT() REPRESENTATION_CONTEXT('2D SPACE',''
  ) );
#267 = PCURVE('',#179,#268);
#268 = DEFINITIONAL_REPRESENTATION('',(#269),#273);
#269 = LINE('',#270,#271);
#270 = CARTESIAN_POINT('',(-4.712388980385,0.));
#271 = VECTOR('',#272,1.);
#272 = DIRECTION('',(1.,0.));
#273 = ( GEOMETRIC_REPRESENTATION_CONTEXT(2) 
PARAMETRIC_REPRESENTATION_CONTEXT() REPRESENTATION_CONTEXT('2D SPACE',''
  ) );
#274 = ORIENTED_EDGE('',*,*,#275,.T.);
#275 = EDGE_CURVE('',#252,#276,#278,.T.);
#276 = VERTEX_POINT('',#277);
#277 = CARTESIAN_POINT('',(-0.335,-0.25,0.35));
#278 = SURFACE_CURVE('',#279,(#283,#290),.PCURVE_S1.);
#279 = LINE('',#280,#281);
#280 = CARTESIAN_POINT('',(-0.5,-0.25,0.35));
#281 = VECTOR('',#282,1.);
#282 = DIRECTION('',(1.,0.,0.));
#283 = PCURVE('',#97,#284);
#284 = DEFINITIONAL_REPRESENTATION('',(#285),#289);
#285 = LINE('',#286,#287);
#286 = CARTESIAN_POINT('',(0.35,0.));
#287 = VECTOR('',#288,1.);
#288 = DIRECTION('',(0.,1.));
#289 = ( GEOMETRIC_REPRESENTATION_CONTEXT(2) 
PARAMETRIC_REPRESENTATION_CONTEXT() REPRESENTATION_CONTEXT('2D SPACE',''
  ) );
#290 = PCURVE('',#291,#296);
#291 = PLANE('',#292);
#292 = AXIS2_PLACEMENT_3D('',#293,#294,#295);
#293 = CARTESIAN_POINT('',(-0.5,-0.25,0.35));
#294 = DIRECTION('',(0.,0.,1.));
#295 = DIRECTION('',(1.,0.,-0.));
#296 = DEFINITIONAL_REPRESENTATION('',(#297),#301);
#297 = LINE('',#298,#299);
#298 = CARTESIAN_POINT('',(0.,0.));
#299 = VECTOR('',#300,1.);
#300 = DIRECTION('',(1.,0.));
#301 = ( GEOMETRIC_REPRESENTATION_CONTEXT(2) 
PARAMETRIC_REPRESENTATION_CONTEXT() REPRESENTATION_CONTEXT('2D SPACE',''
  ) );
#302 = ORIENTED_EDGE('',*,*,#303,.F.);
#303 = EDGE_CURVE('',#304,#276,#306,.T.);
#304 = VERTEX_POINT('',#305);
#305 = CARTESIAN_POINT('',(-0.3,-0.25,0.315));
#306 = SURFACE_CURVE('',#307,(#312,#323),.PCURVE_S1.);
#307 = CIRCLE('',#308,3.5E-02);
#308 = AXIS2_PLACEMENT_3D('',#309,#310,#311);
#309 = CARTESIAN_POINT('',(-0.335,-0.25,0.315));
#310 = DIRECTION('',(0.,-1.,0.));
#311 = DIRECTION('',(0.,0.,1.));
#312 = PCURVE('',#97,#313);
#313 = DEFINITIONAL_REPRESENTATION('',(#314),#322);
#314 = ( BOUNDED_CURVE() B_SPLINE_CURVE(2,(#315,#316,#317,#318,#319,#320
,#321),.UNSPECIFIED.,.T.,.F.) B_SPLINE_CURVE_WITH_KNOTS((1,2,2,2,2,1),(
    -2.094395102393,0.,2.094395102393,4.188790204786,6.28318530718,
8.377580409573),.UNSPECIFIED.) CURVE() GEOMETRIC_REPRESENTATION_ITEM() 
RATIONAL_B_SPLINE_CURVE((1.,0.5,1.,0.5,1.,0.5,1.)) REPRESENTATION_ITEM(
  '') );
#315 = CARTESIAN_POINT('',(0.35,0.165));
#316 = CARTESIAN_POINT('',(0.35,0.104378221735));
#317 = CARTESIAN_POINT('',(0.2975,0.134689110868));
#318 = CARTESIAN_POINT('',(0.245,0.165));
#319 = CARTESIAN_POINT('',(0.2975,0.195310889132));
#320 = CARTESIAN_POINT('',(0.35,0.225621778265));
#321 = CARTESIAN_POINT('',(0.35,0.165));
#322 = ( GEOMETRIC_REPRESENTATION_CONTEXT(2) 
PARAMETRIC_REPRESENTATION_CONTEXT() REPRESENTATION_CONTEXT('2D SPACE',''
  ) );
#323 = PCURVE('',#324,#329);
#324 = CYLINDRICAL_SURFACE('',#325,3.5E-02);
#325 = AXIS2_PLACEMENT_3D('',#326,#327,#328);
#326 = CARTESIAN_POINT('',(-0.335,-0.25,0.315));
#327 = DIRECTION('',(0.,1.,0.));
#328 = DIRECTION('',(1.,0.,0.));
#329 = DEFINITIONAL_REPRESENTATION('',(#330),#334);
#330 = LINE('',#331,#332);
#331 = CARTESIAN_POINT('',(10.995574287564,0.));
#332 = VECTOR('',#333,1.);
#333 = DIRECTION('',(-1.,0.));
#334 = ( GEOMETRIC_REPRESENTATION_CONTEXT(2) 
PARAMETRIC_REPRESENTATION_CONTEXT() REPRESENTATION_CONTEXT('2D SPACE',''
  ) );
#335 = ORIENTED_EDGE('',*,*,#336,.F.);
#336 = EDGE_CURVE('',#337,#304,#339,.T.);
#337 = VERTEX_POINT('',#338);
#338 = CARTESIAN_POINT('',(-0.465,-0.25,0.315));
#339 = SURFACE_CURVE('',#340,(#344,#351),.PCURVE_S1.);
#340 = LINE('',#341,#342);
#341 = CARTESIAN_POINT('',(-0.465,-0.25,0.315));
#342 = VECTOR('',#343,1.);
#343 = DIRECTION('',(1.,0.,0.));
#344 = PCURVE('',#97,#345);
#345 = DEFINITIONAL_REPRESENTATION('',(#346),#350);
#346 = LINE('',#347,#348);
#347 = CARTESIAN_POINT('',(0.315,3.5E-02));
#348 = VECTOR('',#349,1.);
#349 = DIRECTION('',(0.,1.));
#350 = ( GEOMETRIC_REPRESENTATION_CONTEXT(2) 
PARAMETRIC_REPRESENTATION_CONTEXT() REPRESENTATION_CONTEXT('2D SPACE',''
  ) );
#351 = PCURVE('',#352,#357);
#352 = PLANE('',#353);
#353 = AXIS2_PLACEMENT_3D('',#354,#355,#356);
#354 = CARTESIAN_POINT('',(-0.465,-0.25,3.5E-02));
#355 = DIRECTION('',(0.,1.,0.));
#356 = DIRECTION('',(0.,-0.,1.));
#357 = DEFINITIONAL_REPRESENTATION('',(#358),#362);
#358 = LINE('',#359,#360);
#359 = CARTESIAN_POINT('',(0.28,0.));
#360 = VECTOR('',#361,1.);
#361 = DIRECTION('',(0.,1.));
#362 = ( GEOMETRIC_REPRESENTATION_CONTEXT(2) 
PARAMETRIC_REPRESENTATION_CONTEXT() REPRESENTATION_CONTEXT('2D SPACE',''
  ) );
#363 = ORIENTED_EDGE('',*,*,#364,.F.);
#364 = EDGE_CURVE('',#365,#337,#367,.T.);
#365 = VERTEX_POINT('',#366);
#366 = CARTESIAN_POINT('',(-0.465,-0.25,3.5E-02));
#367 = SURFACE_CURVE('',#368,(#372,#379),.PCURVE_S1.);
#368 = LINE('',#369,#370);
#369 = CARTESIAN_POINT('',(-0.465,-0.25,3.5E-02));
#370 = VECTOR('',#371,1.);
#371 = DIRECTION('',(0.,0.,1.));
#372 = PCURVE('',#97,#373);
#373 = DEFINITIONAL_REPRESENTATION('',(#374),#378);
#374 = LINE('',#375,#376);
#375 = CARTESIAN_POINT('',(3.5E-02,3.5E-02));
#376 = VECTOR('',#377,1.);
#377 = DIRECTION('',(1.,0.));
#378 = ( GEOMETRIC_REPRESENTATION_CONTEXT(2) 
PARAMETRIC_REPRESENTATION_CONTEXT() REPRESENTATION_CONTEXT('2D SPACE',''
  ) );
#379 = PCURVE('',#352,#380);
#380 = DEFINITIONAL_REPRESENTATION('',(#381),#385);
#381 = LINE('',#382,#383);
#382 = CARTESIAN_POINT('',(0.,0.));
#383 = VECTOR('',#384,1.);
#384 = DIRECTION('',(1.,0.));
#385 = ( GEOMETRIC_REPRESENTATION_CONTEXT(2) 
PARAMETRIC_REPRESENTATION_CONTEXT() REPRESENTATION_CONTEXT('2D SPACE',''
  ) );
#386 = ORIENTED_EDGE('',*,*,#387,.T.);
#387 = EDGE_CURVE('',#365,#388,#390,.T.);
#388 = VERTEX_POINT('',#389);
#389 = CARTESIAN_POINT('',(-0.3,-0.25,3.5E-02));
#390 = SURFACE_CURVE('',#391,(#395,#402),.PCURVE_S1.);
#391 = LINE('',#392,#393);
#392 = CARTESIAN_POINT('',(-0.465,-0.25,3.5E-02));
#393 = VECTOR('',#394,1.);
#394 = DIRECTION('',(1.,0.,0.));
#395 = PCURVE('',#97,#396);
#396 = DEFINITIONAL_REPRESENTATION('',(#397),#401);
#397 = LINE('',#398,#399);
#398 = CARTESIAN_POINT('',(3.5E-02,3.5E-02));
#399 = VECTOR('',#400,1.);
#400 = DIRECTION('',(0.,1.));
#401 = ( GEOMETRIC_REPRESENTATION_CONTEXT(2) 
PARAMETRIC_REPRESENTATION_CONTEXT() REPRESENTATION_CONTEXT('2D SPACE',''
  ) );
#402 = PCURVE('',#352,#403);
#403 = DEFINITIONAL_REPRESENTATION('',(#404),#408);
#404 = LINE('',#405,#406);
#405 = CARTESIAN_POINT('',(0.,0.));
#406 = VECTOR('',#407,1.);
#407 = DIRECTION('',(0.,1.));
#408 = ( GEOMETRIC_REPRESENTATION_CONTEXT(2) 
PARAMETRIC_REPRESENTATION_CONTEXT() REPRESENTATION_CONTEXT('2D SPACE',''
  ) );
#409 = ORIENTED_EDGE('',*,*,#410,.T.);
#410 = EDGE_CURVE('',#388,#197,#411,.T.);
#411 = SURFACE_CURVE('',#412,(#417,#424),.PCURVE_S1.);
#412 = CIRCLE('',#413,3.5E-02);
#413 = AXIS2_PLACEMENT_3D('',#414,#415,#416);
#414 = CARTESIAN_POINT('',(-0.335,-0.25,3.5E-02));
#415 = DIRECTION('',(0.,1.,0.));
#416 = DIRECTION('',(0.,-0.,1.));
#417 = PCURVE('',#97,#418);
#418 = DEFINITIONAL_REPRESENTATION('',(#419),#423);
#419 = CIRCLE('',#420,3.5E-02);
#420 = AXIS2_PLACEMENT_2D('',#421,#422);
#421 = CARTESIAN_POINT('',(3.5E-02,0.165));
#422 = DIRECTION('',(1.,0.));
#423 = ( GEOMETRIC_REPRESENTATION_CONTEXT(2) 
PARAMETRIC_REPRESENTATION_CONTEXT() REPRESENTATION_CONTEXT('2D SPACE',''
  ) );
#424 = PCURVE('',#425,#430);
#425 = CYLINDRICAL_SURFACE('',#426,3.5E-02);
#426 = AXIS2_PLACEMENT_3D('',#427,#428,#429);
#427 = CARTESIAN_POINT('',(-0.335,-0.25,3.5E-02));
#428 = DIRECTION('',(0.,1.,0.));
#429 = DIRECTION('',(1.,0.,0.));
#430 = DEFINITIONAL_REPRESENTATION('',(#431),#435);
#431 = LINE('',#432,#433);
#432 = CARTESIAN_POINT('',(-1.570796326795,0.));
#433 = VECTOR('',#434,1.);
#434 = DIRECTION('',(1.,0.));
#435 = ( GEOMETRIC_REPRESENTATION_CONTEXT(2) 
PARAMETRIC_REPRESENTATION_CONTEXT() REPRESENTATION_CONTEXT('2D SPACE',''
  ) );
#436 = ADVANCED_FACE('',(#437),#125,.T.);
#437 = FACE_BOUND('',#438,.T.);
#438 = EDGE_LOOP('',(#439,#440,#468,#489));
#439 = ORIENTED_EDGE('',*,*,#109,.T.);
#440 = ORIENTED_EDGE('',*,*,#441,.T.);
#441 = EDGE_CURVE('',#110,#442,#444,.T.);
#442 = VERTEX_POINT('',#443);
#443 = CARTESIAN_POINT('',(-0.465,0.25,-2.775557561563E-17));
#444 = SURFACE_CURVE('',#445,(#450,#457),.PCURVE_S1.);
#445 = CIRCLE('',#446,3.5E-02);
#446 = AXIS2_PLACEMENT_3D('',#447,#448,#449);
#447 = CARTESIAN_POINT('',(-0.465,0.25,3.5E-02));
#448 = DIRECTION('',(0.,-1.,0.));
#449 = DIRECTION('',(0.,0.,1.));
#450 = PCURVE('',#125,#451);
#451 = DEFINITIONAL_REPRESENTATION('',(#452),#456);
#452 = LINE('',#453,#454);
#453 = CARTESIAN_POINT('',(7.853981633974,0.5));
#454 = VECTOR('',#455,1.);
#455 = DIRECTION('',(-1.,0.));
#456 = ( GEOMETRIC_REPRESENTATION_CONTEXT(2) 
PARAMETRIC_REPRESENTATION_CONTEXT() REPRESENTATION_CONTEXT('2D SPACE',''
  ) );
#457 = PCURVE('',#153,#458);
#458 = DEFINITIONAL_REPRESENTATION('',(#459),#467);
#459 = ( BOUNDED_CURVE() B_SPLINE_CURVE(2,(#460,#461,#462,#463,#464,#465
,#466),.UNSPECIFIED.,.T.,.F.) B_SPLINE_CURVE_WITH_KNOTS((1,2,2,2,2,1),(
    -2.094395102393,0.,2.094395102393,4.188790204786,6.28318530718,
8.377580409573),.UNSPECIFIED.) CURVE() GEOMETRIC_REPRESENTATION_ITEM() 
RATIONAL_B_SPLINE_CURVE((1.,0.5,1.,0.5,1.,0.5,1.)) REPRESENTATION_ITEM(
  '') );
#460 = CARTESIAN_POINT('',(7.E-02,3.5E-02));
#461 = CARTESIAN_POINT('',(7.E-02,-2.562177826491E-02));
#462 = CARTESIAN_POINT('',(1.75E-02,4.689110867545E-03));
#463 = CARTESIAN_POINT('',(-3.5E-02,3.5E-02));
#464 = CARTESIAN_POINT('',(1.75E-02,6.531088913246E-02));
#465 = CARTESIAN_POINT('',(7.E-02,9.562177826491E-02));
#466 = CARTESIAN_POINT('',(7.E-02,3.5E-02));
#467 = ( GEOMETRIC_REPRESENTATION_CONTEXT(2) 
PARAMETRIC_REPRESENTATION_CONTEXT() REPRESENTATION_CONTEXT('2D SPACE',''
  ) );
#468 = ORIENTED_EDGE('',*,*,#469,.F.);
#469 = EDGE_CURVE('',#195,#442,#470,.T.);
#470 = SURFACE_CURVE('',#471,(#475,#482),.PCURVE_S1.);
#471 = LINE('',#472,#473);
#472 = CARTESIAN_POINT('',(-0.465,-0.25,-2.775557561563E-17));
#473 = VECTOR('',#474,1.);
#474 = DIRECTION('',(0.,1.,0.));
#475 = PCURVE('',#125,#476);
#476 = DEFINITIONAL_REPRESENTATION('',(#477),#481);
#477 = LINE('',#478,#479);
#478 = CARTESIAN_POINT('',(4.712388980385,0.));
#479 = VECTOR('',#480,1.);
#480 = DIRECTION('',(0.,1.));
#481 = ( GEOMETRIC_REPRESENTATION_CONTEXT(2) 
PARAMETRIC_REPRESENTATION_CONTEXT() REPRESENTATION_CONTEXT('2D SPACE',''
  ) );
#482 = PCURVE('',#212,#483);
#483 = DEFINITIONAL_REPRESENTATION('',(#484),#488);
#484 = LINE('',#485,#486);
#485 = CARTESIAN_POINT('',(3.5E-02,0.));
#486 = VECTOR('',#487,1.);
#487 = DIRECTION('',(0.,1.));
#488 = ( GEOMETRIC_REPRESENTATION_CONTEXT(2) 
PARAMETRIC_REPRESENTATION_CONTEXT() REPRESENTATION_CONTEXT('2D SPACE',''
  ) );
#489 = ORIENTED_EDGE('',*,*,#224,.F.);
#490 = ADVANCED_FACE('',(#491),#179,.T.);
#491 = FACE_BOUND('',#492,.T.);
#492 = EDGE_LOOP('',(#493,#494,#517,#539));
#493 = ORIENTED_EDGE('',*,*,#251,.T.);
#494 = ORIENTED_EDGE('',*,*,#495,.T.);
#495 = EDGE_CURVE('',#252,#496,#498,.T.);
#496 = VERTEX_POINT('',#497);
#497 = CARTESIAN_POINT('',(-0.465,0.25,0.35));
#498 = SURFACE_CURVE('',#499,(#503,#510),.PCURVE_S1.);
#499 = LINE('',#500,#501);
#500 = CARTESIAN_POINT('',(-0.465,-0.25,0.35));
#501 = VECTOR('',#502,1.);
#502 = DIRECTION('',(0.,1.,0.));
#503 = PCURVE('',#179,#504);
#504 = DEFINITIONAL_REPRESENTATION('',(#505),#509);
#505 = LINE('',#506,#507);
#506 = CARTESIAN_POINT('',(1.570796326795,0.));
#507 = VECTOR('',#508,1.);
#508 = DIRECTION('',(0.,1.));
#509 = ( GEOMETRIC_REPRESENTATION_CONTEXT(2) 
PARAMETRIC_REPRESENTATION_CONTEXT() REPRESENTATION_CONTEXT('2D SPACE',''
  ) );
#510 = PCURVE('',#291,#511);
#511 = DEFINITIONAL_REPRESENTATION('',(#512),#516);
#512 = LINE('',#513,#514);
#513 = CARTESIAN_POINT('',(3.5E-02,0.));
#514 = VECTOR('',#515,1.);
#515 = DIRECTION('',(0.,1.));
#516 = ( GEOMETRIC_REPRESENTATION_CONTEXT(2) 
PARAMETRIC_REPRESENTATION_CONTEXT() REPRESENTATION_CONTEXT('2D SPACE',''
  ) );
#517 = ORIENTED_EDGE('',*,*,#518,.F.);
#518 = EDGE_CURVE('',#138,#496,#519,.T.);
#519 = SURFACE_CURVE('',#520,(#525,#532),.PCURVE_S1.);
#520 = CIRCLE('',#521,3.5E-02);
#521 = AXIS2_PLACEMENT_3D('',#522,#523,#524);
#522 = CARTESIAN_POINT('',(-0.465,0.25,0.315));
#523 = DIRECTION('',(0.,1.,0.));
#524 = DIRECTION('',(0.,-0.,1.));
#525 = PCURVE('',#179,#526);
#526 = DEFINITIONAL_REPRESENTATION('',(#527),#531);
#527 = LINE('',#528,#529);
#528 = CARTESIAN_POINT('',(-4.712388980385,0.5));
#529 = VECTOR('',#530,1.);
#530 = DIRECTION('',(1.,0.));
#531 = ( GEOMETRIC_REPRESENTATION_CONTEXT(2) 
PARAMETRIC_REPRESENTATION_CONTEXT() REPRESENTATION_CONTEXT('2D SPACE',''
  ) );
#532 = PCURVE('',#153,#533);
#533 = DEFINITIONAL_REPRESENTATION('',(#534),#538);
#534 = CIRCLE('',#535,3.5E-02);
#535 = AXIS2_PLACEMENT_2D('',#536,#537);
#536 = CARTESIAN_POINT('',(0.315,3.5E-02));
#537 = DIRECTION('',(1.,0.));
#538 = ( GEOMETRIC_REPRESENTATION_CONTEXT(2) 
PARAMETRIC_REPRESENTATION_CONTEXT() REPRESENTATION_CONTEXT('2D SPACE',''
  ) );
#539 = ORIENTED_EDGE('',*,*,#165,.F.);
#540 = ADVANCED_FACE('',(#541),#153,.T.);
#541 = FACE_BOUND('',#542,.T.);
#542 = EDGE_LOOP('',(#543,#566,#567,#568,#569,#592,#620,#648,#671,#694)
  );
#543 = ORIENTED_EDGE('',*,*,#544,.F.);
#544 = EDGE_CURVE('',#442,#545,#547,.T.);
#545 = VERTEX_POINT('',#546);
#546 = CARTESIAN_POINT('',(-0.335,0.25,-2.775557561563E-17));
#547 = SURFACE_CURVE('',#548,(#552,#559),.PCURVE_S1.);
#548 = LINE('',#549,#550);
#549 = CARTESIAN_POINT('',(-0.5,0.25,0.));
#550 = VECTOR('',#551,1.);
#551 = DIRECTION('',(1.,0.,0.));
#552 = PCURVE('',#153,#553);
#553 = DEFINITIONAL_REPRESENTATION('',(#554),#558);
#554 = LINE('',#555,#556);
#555 = CARTESIAN_POINT('',(0.,0.));
#556 = VECTOR('',#557,1.);
#557 = DIRECTION('',(0.,1.));
#558 = ( GEOMETRIC_REPRESENTATION_CONTEXT(2) 
PARAMETRIC_REPRESENTATION_CONTEXT() REPRESENTATION_CONTEXT('2D SPACE',''
  ) );
#559 = PCURVE('',#212,#560);
#560 = DEFINITIONAL_REPRESENTATION('',(#561),#565);
#561 = LINE('',#562,#563);
#562 = CARTESIAN_POINT('',(0.,0.5));
#563 = VECTOR('',#564,1.);
#564 = DIRECTION('',(1.,0.));
#565 = ( GEOMETRIC_REPRESENTATION_CONTEXT(2) 
PARAMETRIC_REPRESENTATION_CONTEXT() REPRESENTATION_CONTEXT('2D SPACE',''
  ) );
#566 = ORIENTED_EDGE('',*,*,#441,.F.);
#567 = ORIENTED_EDGE('',*,*,#137,.T.);
#568 = ORIENTED_EDGE('',*,*,#518,.T.);
#569 = ORIENTED_EDGE('',*,*,#570,.T.);
#570 = EDGE_CURVE('',#496,#571,#573,.T.);
#571 = VERTEX_POINT('',#572);
#572 = CARTESIAN_POINT('',(-0.335,0.25,0.35));
#573 = SURFACE_CURVE('',#574,(#578,#585),.PCURVE_S1.);
#574 = LINE('',#575,#576);
#575 = CARTESIAN_POINT('',(-0.5,0.25,0.35));
#576 = VECTOR('',#577,1.);
#577 = DIRECTION('',(1.,0.,0.));
#578 = PCURVE('',#153,#579);
#579 = DEFINITIONAL_REPRESENTATION('',(#580),#584);
#580 = LINE('',#581,#582);
#581 = CARTESIAN_POINT('',(0.35,0.));
#582 = VECTOR('',#583,1.);
#583 = DIRECTION('',(0.,1.));
#584 = ( GEOMETRIC_REPRESENTATION_CONTEXT(2) 
PARAMETRIC_REPRESENTATION_CONTEXT() REPRESENTATION_CONTEXT('2D SPACE',''
  ) );
#585 = PCURVE('',#291,#586);
#586 = DEFINITIONAL_REPRESENTATION('',(#587),#591);
#587 = LINE('',#588,#589);
#588 = CARTESIAN_POINT('',(0.,0.5));
#589 = VECTOR('',#590,1.);
#590 = DIRECTION('',(1.,0.));
#591 = ( GEOMETRIC_REPRESENTATION_CONTEXT(2) 
PARAMETRIC_REPRESENTATION_CONTEXT() REPRESENTATION_CONTEXT('2D SPACE',''
  ) );
#592 = ORIENTED_EDGE('',*,*,#593,.F.);
#593 = EDGE_CURVE('',#594,#571,#596,.T.);
#594 = VERTEX_POINT('',#595);
#595 = CARTESIAN_POINT('',(-0.3,0.25,0.315));
#596 = SURFACE_CURVE('',#597,(#602,#613),.PCURVE_S1.);
#597 = CIRCLE('',#598,3.5E-02);
#598 = AXIS2_PLACEMENT_3D('',#599,#600,#601);
#599 = CARTESIAN_POINT('',(-0.335,0.25,0.315));
#600 = DIRECTION('',(0.,-1.,0.));
#601 = DIRECTION('',(0.,0.,1.));
#602 = PCURVE('',#153,#603);
#603 = DEFINITIONAL_REPRESENTATION('',(#604),#612);
#604 = ( BOUNDED_CURVE() B_SPLINE_CURVE(2,(#605,#606,#607,#608,#609,#610
,#611),.UNSPECIFIED.,.T.,.F.) B_SPLINE_CURVE_WITH_KNOTS((1,2,2,2,2,1),(
    -2.094395102393,0.,2.094395102393,4.188790204786,6.28318530718,
8.377580409573),.UNSPECIFIED.) CURVE() GEOMETRIC_REPRESENTATION_ITEM() 
RATIONAL_B_SPLINE_CURVE((1.,0.5,1.,0.5,1.,0.5,1.)) REPRESENTATION_ITEM(
  '') );
#605 = CARTESIAN_POINT('',(0.35,0.165));
#606 = CARTESIAN_POINT('',(0.35,0.104378221735));
#607 = CARTESIAN_POINT('',(0.2975,0.134689110868));
#608 = CARTESIAN_POINT('',(0.245,0.165));
#609 = CARTESIAN_POINT('',(0.2975,0.195310889132));
#610 = CARTESIAN_POINT('',(0.35,0.225621778265));
#611 = CARTESIAN_POINT('',(0.35,0.165));
#612 = ( GEOMETRIC_REPRESENTATION_CONTEXT(2) 
PARAMETRIC_REPRESENTATION_CONTEXT() REPRESENTATION_CONTEXT('2D SPACE',''
  ) );
#613 = PCURVE('',#324,#614);
#614 = DEFINITIONAL_REPRESENTATION('',(#615),#619);
#615 = LINE('',#616,#617);
#616 = CARTESIAN_POINT('',(10.995574287564,0.5));
#617 = VECTOR('',#618,1.);
#618 = DIRECTION('',(-1.,0.));
#619 = ( GEOMETRIC_REPRESENTATION_CONTEXT(2) 
PARAMETRIC_REPRESENTATION_CONTEXT() REPRESENTATION_CONTEXT('2D SPACE',''
  ) );
#620 = ORIENTED_EDGE('',*,*,#621,.F.);
#621 = EDGE_CURVE('',#622,#594,#624,.T.);
#622 = VERTEX_POINT('',#623);
#623 = CARTESIAN_POINT('',(-0.465,0.25,0.315));
#624 = SURFACE_CURVE('',#625,(#629,#636),.PCURVE_S1.);
#625 = LINE('',#626,#627);
#626 = CARTESIAN_POINT('',(-0.465,0.25,0.315));
#627 = VECTOR('',#628,1.);
#628 = DIRECTION('',(1.,0.,0.));
#629 = PCURVE('',#153,#630);
#630 = DEFINITIONAL_REPRESENTATION('',(#631),#635);
#631 = LINE('',#632,#633);
#632 = CARTESIAN_POINT('',(0.315,3.5E-02));
#633 = VECTOR('',#634,1.);
#634 = DIRECTION('',(0.,1.));
#635 = ( GEOMETRIC_REPRESENTATION_CONTEXT(2) 
PARAMETRIC_REPRESENTATION_CONTEXT() REPRESENTATION_CONTEXT('2D SPACE',''
  ) );
#636 = PCURVE('',#637,#642);
#637 = PLANE('',#638);
#638 = AXIS2_PLACEMENT_3D('',#639,#640,#641);
#639 = CARTESIAN_POINT('',(-0.465,0.25,3.5E-02));
#640 = DIRECTION('',(0.,1.,0.));
#641 = DIRECTION('',(0.,-0.,1.));
#642 = DEFINITIONAL_REPRESENTATION('',(#643),#647);
#643 = LINE('',#644,#645);
#644 = CARTESIAN_POINT('',(0.28,0.));
#645 = VECTOR('',#646,1.);
#646 = DIRECTION('',(0.,1.));
#647 = ( GEOMETRIC_REPRESENTATION_CONTEXT(2) 
PARAMETRIC_REPRESENTATION_CONTEXT() REPRESENTATION_CONTEXT('2D SPACE',''
  ) );
#648 = ORIENTED_EDGE('',*,*,#649,.F.);
#649 = EDGE_CURVE('',#650,#622,#652,.T.);
#650 = VERTEX_POINT('',#651);
#651 = CARTESIAN_POINT('',(-0.465,0.25,3.5E-02));
#652 = SURFACE_CURVE('',#653,(#657,#664),.PCURVE_S1.);
#653 = LINE('',#654,#655);
#654 = CARTESIAN_POINT('',(-0.465,0.25,3.5E-02));
#655 = VECTOR('',#656,1.);
#656 = DIRECTION('',(0.,0.,1.));
#657 = PCURVE('',#153,#658);
#658 = DEFINITIONAL_REPRESENTATION('',(#659),#663);
#659 = LINE('',#660,#661);
#660 = CARTESIAN_POINT('',(3.5E-02,3.5E-02));
#661 = VECTOR('',#662,1.);
#662 = DIRECTION('',(1.,0.));
#663 = ( GEOMETRIC_REPRESENTATION_CONTEXT(2) 
PARAMETRIC_REPRESENTATION_CONTEXT() REPRESENTATION_CONTEXT('2D SPACE',''
  ) );
#664 = PCURVE('',#637,#665);
#665 = DEFINITIONAL_REPRESENTATION('',(#666),#670);
#666 = LINE('',#667,#668);
#667 = CARTESIAN_POINT('',(0.,0.));
#668 = VECTOR('',#669,1.);
#669 = DIRECTION('',(1.,0.));
#670 = ( GEOMETRIC_REPRESENTATION_CONTEXT(2) 
PARAMETRIC_REPRESENTATION_CONTEXT() REPRESENTATION_CONTEXT('2D SPACE',''
  ) );
#671 = ORIENTED_EDGE('',*,*,#672,.T.);
#672 = EDGE_CURVE('',#650,#673,#675,.T.);
#673 = VERTEX_POINT('',#674);
#674 = CARTESIAN_POINT('',(-0.3,0.25,3.5E-02));
#675 = SURFACE_CURVE('',#676,(#680,#687),.PCURVE_S1.);
#676 = LINE('',#677,#678);
#677 = CARTESIAN_POINT('',(-0.465,0.25,3.5E-02));
#678 = VECTOR('',#679,1.);
#679 = DIRECTION('',(1.,0.,0.));
#680 = PCURVE('',#153,#681);
#681 = DEFINITIONAL_REPRESENTATION('',(#682),#686);
#682 = LINE('',#683,#684);
#683 = CARTESIAN_POINT('',(3.5E-02,3.5E-02));
#684 = VECTOR('',#685,1.);
#685 = DIRECTION('',(0.,1.));
#686 = ( GEOMETRIC_REPRESENTATION_CONTEXT(2) 
PARAMETRIC_REPRESENTATION_CONTEXT() REPRESENTATION_CONTEXT('2D SPACE',''
  ) );
#687 = PCURVE('',#637,#688);
#688 = DEFINITIONAL_REPRESENTATION('',(#689),#693);
#689 = LINE('',#690,#691);
#690 = CARTESIAN_POINT('',(0.,0.));
#691 = VECTOR('',#692,1.);
#692 = DIRECTION('',(0.,1.));
#693 = ( GEOMETRIC_REPRESENTATION_CONTEXT(2) 
PARAMETRIC_REPRESENTATION_CONTEXT() REPRESENTATION_CONTEXT('2D SPACE',''
  ) );
#694 = ORIENTED_EDGE('',*,*,#695,.T.);
#695 = EDGE_CURVE('',#673,#545,#696,.T.);
#696 = SURFACE_CURVE('',#697,(#702,#709),.PCURVE_S1.);
#697 = CIRCLE('',#698,3.5E-02);
#698 = AXIS2_PLACEMENT_3D('',#699,#700,#701);
#699 = CARTESIAN_POINT('',(-0.335,0.25,3.5E-02));
#700 = DIRECTION('',(0.,1.,0.));
#701 = DIRECTION('',(0.,-0.,1.));
#702 = PCURVE('',#153,#703);
#703 = DEFINITIONAL_REPRESENTATION('',(#704),#708);
#704 = CIRCLE('',#705,3.5E-02);
#705 = AXIS2_PLACEMENT_2D('',#706,#707);
#706 = CARTESIAN_POINT('',(3.5E-02,0.165));
#707 = DIRECTION('',(1.,0.));
#708 = ( GEOMETRIC_REPRESENTATION_CONTEXT(2) 
PARAMETRIC_REPRESENTATION_CONTEXT() REPRESENTATION_CONTEXT('2D SPACE',''
  ) );
#709 = PCURVE('',#425,#710);
#710 = DEFINITIONAL_REPRESENTATION('',(#711),#715);
#711 = LINE('',#712,#713);
#712 = CARTESIAN_POINT('',(-1.570796326795,0.5));
#713 = VECTOR('',#714,1.);
#714 = DIRECTION('',(1.,0.));
#715 = ( GEOMETRIC_REPRESENTATION_CONTEXT(2) 
PARAMETRIC_REPRESENTATION_CONTEXT() REPRESENTATION_CONTEXT('2D SPACE',''
  ) );
#716 = ADVANCED_FACE('',(#717),#212,.F.);
#717 = FACE_BOUND('',#718,.F.);
#718 = EDGE_LOOP('',(#719,#720,#721,#722));
#719 = ORIENTED_EDGE('',*,*,#544,.F.);
#720 = ORIENTED_EDGE('',*,*,#469,.F.);
#721 = ORIENTED_EDGE('',*,*,#194,.T.);
#722 = ORIENTED_EDGE('',*,*,#723,.T.);
#723 = EDGE_CURVE('',#197,#545,#724,.T.);
#724 = SURFACE_CURVE('',#725,(#729,#736),.PCURVE_S1.);
#725 = LINE('',#726,#727);
#726 = CARTESIAN_POINT('',(-0.335,-0.25,-2.775557561563E-17));
#727 = VECTOR('',#728,1.);
#728 = DIRECTION('',(0.,1.,0.));
#729 = PCURVE('',#212,#730);
#730 = DEFINITIONAL_REPRESENTATION('',(#731),#735);
#731 = LINE('',#732,#733);
#732 = CARTESIAN_POINT('',(0.165,0.));
#733 = VECTOR('',#734,1.);
#734 = DIRECTION('',(0.,1.));
#735 = ( GEOMETRIC_REPRESENTATION_CONTEXT(2) 
PARAMETRIC_REPRESENTATION_CONTEXT() REPRESENTATION_CONTEXT('2D SPACE',''
  ) );
#736 = PCURVE('',#425,#737);
#737 = DEFINITIONAL_REPRESENTATION('',(#738),#742);
#738 = LINE('',#739,#740);
#739 = CARTESIAN_POINT('',(1.570796326795,0.));
#740 = VECTOR('',#741,1.);
#741 = DIRECTION('',(0.,1.));
#742 = ( GEOMETRIC_REPRESENTATION_CONTEXT(2) 
PARAMETRIC_REPRESENTATION_CONTEXT() REPRESENTATION_CONTEXT('2D SPACE',''
  ) );
#743 = ADVANCED_FACE('',(#744),#425,.T.);
#744 = FACE_BOUND('',#745,.T.);
#745 = EDGE_LOOP('',(#746,#747,#748,#749));
#746 = ORIENTED_EDGE('',*,*,#410,.T.);
#747 = ORIENTED_EDGE('',*,*,#723,.T.);
#748 = ORIENTED_EDGE('',*,*,#695,.F.);
#749 = ORIENTED_EDGE('',*,*,#750,.F.);
#750 = EDGE_CURVE('',#388,#673,#751,.T.);
#751 = SURFACE_CURVE('',#752,(#756,#763),.PCURVE_S1.);
#752 = LINE('',#753,#754);
#753 = CARTESIAN_POINT('',(-0.3,-0.25,3.5E-02));
#754 = VECTOR('',#755,1.);
#755 = DIRECTION('',(0.,1.,0.));
#756 = PCURVE('',#425,#757);
#757 = DEFINITIONAL_REPRESENTATION('',(#758),#762);
#758 = LINE('',#759,#760);
#759 = CARTESIAN_POINT('',(0.,0.));
#760 = VECTOR('',#761,1.);
#761 = DIRECTION('',(0.,1.));
#762 = ( GEOMETRIC_REPRESENTATION_CONTEXT(2) 
PARAMETRIC_REPRESENTATION_CONTEXT() REPRESENTATION_CONTEXT('2D SPACE',''
  ) );
#763 = PCURVE('',#764,#769);
#764 = PLANE('',#765);
#765 = AXIS2_PLACEMENT_3D('',#766,#767,#768);
#766 = CARTESIAN_POINT('',(-0.465,-0.25,3.5E-02));
#767 = DIRECTION('',(0.,0.,1.));
#768 = DIRECTION('',(1.,0.,-0.));
#769 = DEFINITIONAL_REPRESENTATION('',(#770),#774);
#770 = LINE('',#771,#772);
#771 = CARTESIAN_POINT('',(0.165,0.));
#772 = VECTOR('',#773,1.);
#773 = DIRECTION('',(0.,1.));
#774 = ( GEOMETRIC_REPRESENTATION_CONTEXT(2) 
PARAMETRIC_REPRESENTATION_CONTEXT() REPRESENTATION_CONTEXT('2D SPACE',''
  ) );
#775 = ADVANCED_FACE('',(#776),#352,.F.);
#776 = FACE_BOUND('',#777,.F.);
#777 = EDGE_LOOP('',(#778,#779,#780,#781,#809,#837,#860,#883));
#778 = ORIENTED_EDGE('',*,*,#387,.F.);
#779 = ORIENTED_EDGE('',*,*,#364,.T.);
#780 = ORIENTED_EDGE('',*,*,#336,.T.);
#781 = ORIENTED_EDGE('',*,*,#782,.T.);
#782 = EDGE_CURVE('',#304,#783,#785,.T.);
#783 = VERTEX_POINT('',#784);
#784 = CARTESIAN_POINT('',(0.3,-0.25,0.315));
#785 = SURFACE_CURVE('',#786,(#790,#797),.PCURVE_S1.);
#786 = LINE('',#787,#788);
#787 = CARTESIAN_POINT('',(-0.3,-0.25,0.315));
#788 = VECTOR('',#789,1.);
#789 = DIRECTION('',(1.,0.,0.));
#790 = PCURVE('',#352,#791);
#791 = DEFINITIONAL_REPRESENTATION('',(#792),#796);
#792 = LINE('',#793,#794);
#793 = CARTESIAN_POINT('',(0.28,0.165));
#794 = VECTOR('',#795,1.);
#795 = DIRECTION('',(0.,1.));
#796 = ( GEOMETRIC_REPRESENTATION_CONTEXT(2) 
PARAMETRIC_REPRESENTATION_CONTEXT() REPRESENTATION_CONTEXT('2D SPACE',''
  ) );
#797 = PCURVE('',#798,#803);
#798 = PLANE('',#799);
#799 = AXIS2_PLACEMENT_3D('',#800,#801,#802);
#800 = CARTESIAN_POINT('',(-0.3,-0.25,0.315));
#801 = DIRECTION('',(0.,1.,0.));
#802 = DIRECTION('',(0.,-0.,1.));
#803 = DEFINITIONAL_REPRESENTATION('',(#804),#808);
#804 = LINE('',#805,#806);
#805 = CARTESIAN_POINT('',(0.,0.));
#806 = VECTOR('',#807,1.);
#807 = DIRECTION('',(0.,1.));
#808 = ( GEOMETRIC_REPRESENTATION_CONTEXT(2) 
PARAMETRIC_REPRESENTATION_CONTEXT() REPRESENTATION_CONTEXT('2D SPACE',''
  ) );
#809 = ORIENTED_EDGE('',*,*,#810,.T.);
#810 = EDGE_CURVE('',#783,#811,#813,.T.);
#811 = VERTEX_POINT('',#812);
#812 = CARTESIAN_POINT('',(0.465,-0.25,0.315));
#813 = SURFACE_CURVE('',#814,(#818,#825),.PCURVE_S1.);
#814 = LINE('',#815,#816);
#815 = CARTESIAN_POINT('',(-0.465,-0.25,0.315));
#816 = VECTOR('',#817,1.);
#817 = DIRECTION('',(1.,0.,0.));
#818 = PCURVE('',#352,#819);
#819 = DEFINITIONAL_REPRESENTATION('',(#820),#824);
#820 = LINE('',#821,#822);
#821 = CARTESIAN_POINT('',(0.28,0.));
#822 = VECTOR('',#823,1.);
#823 = DIRECTION('',(0.,1.));
#824 = ( GEOMETRIC_REPRESENTATION_CONTEXT(2) 
PARAMETRIC_REPRESENTATION_CONTEXT() REPRESENTATION_CONTEXT('2D SPACE',''
  ) );
#825 = PCURVE('',#826,#831);
#826 = PLANE('',#827);
#827 = AXIS2_PLACEMENT_3D('',#828,#829,#830);
#828 = CARTESIAN_POINT('',(0.3,-0.25,0.));
#829 = DIRECTION('',(0.,1.,0.));
#830 = DIRECTION('',(0.,-0.,1.));
#831 = DEFINITIONAL_REPRESENTATION('',(#832),#836);
#832 = LINE('',#833,#834);
#833 = CARTESIAN_POINT('',(0.315,-0.765));
#834 = VECTOR('',#835,1.);
#835 = DIRECTION('',(0.,1.));
#836 = ( GEOMETRIC_REPRESENTATION_CONTEXT(2) 
PARAMETRIC_REPRESENTATION_CONTEXT() REPRESENTATION_CONTEXT('2D SPACE',''
  ) );
#837 = ORIENTED_EDGE('',*,*,#838,.F.);
#838 = EDGE_CURVE('',#839,#811,#841,.T.);
#839 = VERTEX_POINT('',#840);
#840 = CARTESIAN_POINT('',(0.465,-0.25,3.5E-02));
#841 = SURFACE_CURVE('',#842,(#846,#853),.PCURVE_S1.);
#842 = LINE('',#843,#844);
#843 = CARTESIAN_POINT('',(0.465,-0.25,3.5E-02));
#844 = VECTOR('',#845,1.);
#845 = DIRECTION('',(0.,0.,1.));
#846 = PCURVE('',#352,#847);
#847 = DEFINITIONAL_REPRESENTATION('',(#848),#852);
#848 = LINE('',#849,#850);
#849 = CARTESIAN_POINT('',(0.,0.93));
#850 = VECTOR('',#851,1.);
#851 = DIRECTION('',(1.,0.));
#852 = ( GEOMETRIC_REPRESENTATION_CONTEXT(2) 
PARAMETRIC_REPRESENTATION_CONTEXT() REPRESENTATION_CONTEXT('2D SPACE',''
  ) );
#853 = PCURVE('',#826,#854);
#854 = DEFINITIONAL_REPRESENTATION('',(#855),#859);
#855 = LINE('',#856,#857);
#856 = CARTESIAN_POINT('',(3.5E-02,0.165));
#857 = VECTOR('',#858,1.);
#858 = DIRECTION('',(1.,0.));
#859 = ( GEOMETRIC_REPRESENTATION_CONTEXT(2) 
PARAMETRIC_REPRESENTATION_CONTEXT() REPRESENTATION_CONTEXT('2D SPACE',''
  ) );
#860 = ORIENTED_EDGE('',*,*,#861,.F.);
#861 = EDGE_CURVE('',#862,#839,#864,.T.);
#862 = VERTEX_POINT('',#863);
#863 = CARTESIAN_POINT('',(0.3,-0.25,3.5E-02));
#864 = SURFACE_CURVE('',#865,(#869,#876),.PCURVE_S1.);
#865 = LINE('',#866,#867);
#866 = CARTESIAN_POINT('',(-0.465,-0.25,3.5E-02));
#867 = VECTOR('',#868,1.);
#868 = DIRECTION('',(1.,0.,0.));
#869 = PCURVE('',#352,#870);
#870 = DEFINITIONAL_REPRESENTATION('',(#871),#875);
#871 = LINE('',#872,#873);
#872 = CARTESIAN_POINT('',(0.,0.));
#873 = VECTOR('',#874,1.);
#874 = DIRECTION('',(0.,1.));
#875 = ( GEOMETRIC_REPRESENTATION_CONTEXT(2) 
PARAMETRIC_REPRESENTATION_CONTEXT() REPRESENTATION_CONTEXT('2D SPACE',''
  ) );
#876 = PCURVE('',#826,#877);
#877 = DEFINITIONAL_REPRESENTATION('',(#878),#882);
#878 = LINE('',#879,#880);
#879 = CARTESIAN_POINT('',(3.5E-02,-0.765));
#880 = VECTOR('',#881,1.);
#881 = DIRECTION('',(0.,1.));
#882 = ( GEOMETRIC_REPRESENTATION_CONTEXT(2) 
PARAMETRIC_REPRESENTATION_CONTEXT() REPRESENTATION_CONTEXT('2D SPACE',''
  ) );
#883 = ORIENTED_EDGE('',*,*,#884,.F.);
#884 = EDGE_CURVE('',#388,#862,#885,.T.);
#885 = SURFACE_CURVE('',#886,(#890,#897),.PCURVE_S1.);
#886 = LINE('',#887,#888);
#887 = CARTESIAN_POINT('',(-0.465,-0.25,3.5E-02));
#888 = VECTOR('',#889,1.);
#889 = DIRECTION('',(1.,0.,0.));
#890 = PCURVE('',#352,#891);
#891 = DEFINITIONAL_REPRESENTATION('',(#892),#896);
#892 = LINE('',#893,#894);
#893 = CARTESIAN_POINT('',(0.,0.));
#894 = VECTOR('',#895,1.);
#895 = DIRECTION('',(0.,1.));
#896 = ( GEOMETRIC_REPRESENTATION_CONTEXT(2) 
PARAMETRIC_REPRESENTATION_CONTEXT() REPRESENTATION_CONTEXT('2D SPACE',''
  ) );
#897 = PCURVE('',#764,#898);
#898 = DEFINITIONAL_REPRESENTATION('',(#899),#903);
#899 = LINE('',#900,#901);
#900 = CARTESIAN_POINT('',(0.,0.));
#901 = VECTOR('',#902,1.);
#902 = DIRECTION('',(1.,0.));
#903 = ( GEOMETRIC_REPRESENTATION_CONTEXT(2) 
PARAMETRIC_REPRESENTATION_CONTEXT() REPRESENTATION_CONTEXT('2D SPACE',''
  ) );
#904 = ADVANCED_FACE('',(#905),#291,.T.);
#905 = FACE_BOUND('',#906,.T.);
#906 = EDGE_LOOP('',(#907,#908,#909,#910));
#907 = ORIENTED_EDGE('',*,*,#570,.F.);
#908 = ORIENTED_EDGE('',*,*,#495,.F.);
#909 = ORIENTED_EDGE('',*,*,#275,.T.);
#910 = ORIENTED_EDGE('',*,*,#911,.T.);
#911 = EDGE_CURVE('',#276,#571,#912,.T.);
#912 = SURFACE_CURVE('',#913,(#917,#924),.PCURVE_S1.);
#913 = LINE('',#914,#915);
#914 = CARTESIAN_POINT('',(-0.335,-0.25,0.35));
#915 = VECTOR('',#916,1.);
#916 = DIRECTION('',(0.,1.,0.));
#917 = PCURVE('',#291,#918);
#918 = DEFINITIONAL_REPRESENTATION('',(#919),#923);
#919 = LINE('',#920,#921);
#920 = CARTESIAN_POINT('',(0.165,0.));
#921 = VECTOR('',#922,1.);
#922 = DIRECTION('',(0.,1.));
#923 = ( GEOMETRIC_REPRESENTATION_CONTEXT(2) 
PARAMETRIC_REPRESENTATION_CONTEXT() REPRESENTATION_CONTEXT('2D SPACE',''
  ) );
#924 = PCURVE('',#324,#925);
#925 = DEFINITIONAL_REPRESENTATION('',(#926),#930);
#926 = LINE('',#927,#928);
#927 = CARTESIAN_POINT('',(4.712388980385,0.));
#928 = VECTOR('',#929,1.);
#929 = DIRECTION('',(0.,1.));
#930 = ( GEOMETRIC_REPRESENTATION_CONTEXT(2) 
PARAMETRIC_REPRESENTATION_CONTEXT() REPRESENTATION_CONTEXT('2D SPACE',''
  ) );
#931 = ADVANCED_FACE('',(#932),#324,.T.);
#932 = FACE_BOUND('',#933,.T.);
#933 = EDGE_LOOP('',(#934,#960,#961,#962));
#934 = ORIENTED_EDGE('',*,*,#935,.T.);
#935 = EDGE_CURVE('',#304,#594,#936,.T.);
#936 = SURFACE_CURVE('',#937,(#941,#948),.PCURVE_S1.);
#937 = LINE('',#938,#939);
#938 = CARTESIAN_POINT('',(-0.3,-0.25,0.315));
#939 = VECTOR('',#940,1.);
#940 = DIRECTION('',(0.,1.,0.));
#941 = PCURVE('',#324,#942);
#942 = DEFINITIONAL_REPRESENTATION('',(#943),#947);
#943 = LINE('',#944,#945);
#944 = CARTESIAN_POINT('',(6.28318530718,0.));
#945 = VECTOR('',#946,1.);
#946 = DIRECTION('',(0.,1.));
#947 = ( GEOMETRIC_REPRESENTATION_CONTEXT(2) 
PARAMETRIC_REPRESENTATION_CONTEXT() REPRESENTATION_CONTEXT('2D SPACE',''
  ) );
#948 = PCURVE('',#949,#954);
#949 = PLANE('',#950);
#950 = AXIS2_PLACEMENT_3D('',#951,#952,#953);
#951 = CARTESIAN_POINT('',(-0.3,-0.25,0.315));
#952 = DIRECTION('',(1.,0.,0.));
#953 = DIRECTION('',(0.,0.,1.));
#954 = DEFINITIONAL_REPRESENTATION('',(#955),#959);
#955 = LINE('',#956,#957);
#956 = CARTESIAN_POINT('',(0.,0.));
#957 = VECTOR('',#958,1.);
#958 = DIRECTION('',(0.,-1.));
#959 = ( GEOMETRIC_REPRESENTATION_CONTEXT(2) 
PARAMETRIC_REPRESENTATION_CONTEXT() REPRESENTATION_CONTEXT('2D SPACE',''
  ) );
#960 = ORIENTED_EDGE('',*,*,#593,.T.);
#961 = ORIENTED_EDGE('',*,*,#911,.F.);
#962 = ORIENTED_EDGE('',*,*,#303,.F.);
#963 = ADVANCED_FACE('',(#964),#637,.T.);
#964 = FACE_BOUND('',#965,.T.);
#965 = EDGE_LOOP('',(#966,#967,#968,#969,#997,#1025,#1048,#1071));
#966 = ORIENTED_EDGE('',*,*,#672,.F.);
#967 = ORIENTED_EDGE('',*,*,#649,.T.);
#968 = ORIENTED_EDGE('',*,*,#621,.T.);
#969 = ORIENTED_EDGE('',*,*,#970,.T.);
#970 = EDGE_CURVE('',#594,#971,#973,.T.);
#971 = VERTEX_POINT('',#972);
#972 = CARTESIAN_POINT('',(0.3,0.25,0.315));
#973 = SURFACE_CURVE('',#974,(#978,#985),.PCURVE_S1.);
#974 = LINE('',#975,#976);
#975 = CARTESIAN_POINT('',(-0.3,0.25,0.315));
#976 = VECTOR('',#977,1.);
#977 = DIRECTION('',(1.,0.,0.));
#978 = PCURVE('',#637,#979);
#979 = DEFINITIONAL_REPRESENTATION('',(#980),#984);
#980 = LINE('',#981,#982);
#981 = CARTESIAN_POINT('',(0.28,0.165));
#982 = VECTOR('',#983,1.);
#983 = DIRECTION('',(0.,1.));
#984 = ( GEOMETRIC_REPRESENTATION_CONTEXT(2) 
PARAMETRIC_REPRESENTATION_CONTEXT() REPRESENTATION_CONTEXT('2D SPACE',''
  ) );
#985 = PCURVE('',#986,#991);
#986 = PLANE('',#987);
#987 = AXIS2_PLACEMENT_3D('',#988,#989,#990);
#988 = CARTESIAN_POINT('',(-0.3,0.25,0.315));
#989 = DIRECTION('',(0.,1.,0.));
#990 = DIRECTION('',(0.,-0.,1.));
#991 = DEFINITIONAL_REPRESENTATION('',(#992),#996);
#992 = LINE('',#993,#994);
#993 = CARTESIAN_POINT('',(0.,0.));
#994 = VECTOR('',#995,1.);
#995 = DIRECTION('',(0.,1.));
#996 = ( GEOMETRIC_REPRESENTATION_CONTEXT(2) 
PARAMETRIC_REPRESENTATION_CONTEXT() REPRESENTATION_CONTEXT('2D SPACE',''
  ) );
#997 = ORIENTED_EDGE('',*,*,#998,.T.);
#998 = EDGE_CURVE('',#971,#999,#1001,.T.);
#999 = VERTEX_POINT('',#1000);
#1000 = CARTESIAN_POINT('',(0.465,0.25,0.315));
#1001 = SURFACE_CURVE('',#1002,(#1006,#1013),.PCURVE_S1.);
#1002 = LINE('',#1003,#1004);
#1003 = CARTESIAN_POINT('',(-0.465,0.25,0.315));
#1004 = VECTOR('',#1005,1.);
#1005 = DIRECTION('',(1.,0.,0.));
#1006 = PCURVE('',#637,#1007);
#1007 = DEFINITIONAL_REPRESENTATION('',(#1008),#1012);
#1008 = LINE('',#1009,#1010);
#1009 = CARTESIAN_POINT('',(0.28,0.));
#1010 = VECTOR('',#1011,1.);
#1011 = DIRECTION('',(0.,1.));
#1012 = ( GEOMETRIC_REPRESENTATION_CONTEXT(2) 
PARAMETRIC_REPRESENTATION_CONTEXT() REPRESENTATION_CONTEXT('2D SPACE',''
  ) );
#1013 = PCURVE('',#1014,#1019);
#1014 = PLANE('',#1015);
#1015 = AXIS2_PLACEMENT_3D('',#1016,#1017,#1018);
#1016 = CARTESIAN_POINT('',(0.3,0.25,0.));
#1017 = DIRECTION('',(0.,1.,0.));
#1018 = DIRECTION('',(0.,-0.,1.));
#1019 = DEFINITIONAL_REPRESENTATION('',(#1020),#1024);
#1020 = LINE('',#1021,#1022);
#1021 = CARTESIAN_POINT('',(0.315,-0.765));
#1022 = VECTOR('',#1023,1.);
#1023 = DIRECTION('',(0.,1.));
#1024 = ( GEOMETRIC_REPRESENTATION_CONTEXT(2) 
PARAMETRIC_REPRESENTATION_CONTEXT() REPRESENTATION_CONTEXT('2D SPACE',''
  ) );
#1025 = ORIENTED_EDGE('',*,*,#1026,.F.);
#1026 = EDGE_CURVE('',#1027,#999,#1029,.T.);
#1027 = VERTEX_POINT('',#1028);
#1028 = CARTESIAN_POINT('',(0.465,0.25,3.5E-02));
#1029 = SURFACE_CURVE('',#1030,(#1034,#1041),.PCURVE_S1.);
#1030 = LINE('',#1031,#1032);
#1031 = CARTESIAN_POINT('',(0.465,0.25,3.5E-02));
#1032 = VECTOR('',#1033,1.);
#1033 = DIRECTION('',(0.,0.,1.));
#1034 = PCURVE('',#637,#1035);
#1035 = DEFINITIONAL_REPRESENTATION('',(#1036),#1040);
#1036 = LINE('',#1037,#1038);
#1037 = CARTESIAN_POINT('',(0.,0.93));
#1038 = VECTOR('',#1039,1.);
#1039 = DIRECTION('',(1.,0.));
#1040 = ( GEOMETRIC_REPRESENTATION_CONTEXT(2) 
PARAMETRIC_REPRESENTATION_CONTEXT() REPRESENTATION_CONTEXT('2D SPACE',''
  ) );
#1041 = PCURVE('',#1014,#1042);
#1042 = DEFINITIONAL_REPRESENTATION('',(#1043),#1047);
#1043 = LINE('',#1044,#1045);
#1044 = CARTESIAN_POINT('',(3.5E-02,0.165));
#1045 = VECTOR('',#1046,1.);
#1046 = DIRECTION('',(1.,0.));
#1047 = ( GEOMETRIC_REPRESENTATION_CONTEXT(2) 
PARAMETRIC_REPRESENTATION_CONTEXT() REPRESENTATION_CONTEXT('2D SPACE',''
  ) );
#1048 = ORIENTED_EDGE('',*,*,#1049,.F.);
#1049 = EDGE_CURVE('',#1050,#1027,#1052,.T.);
#1050 = VERTEX_POINT('',#1051);
#1051 = CARTESIAN_POINT('',(0.3,0.25,3.5E-02));
#1052 = SURFACE_CURVE('',#1053,(#1057,#1064),.PCURVE_S1.);
#1053 = LINE('',#1054,#1055);
#1054 = CARTESIAN_POINT('',(-0.465,0.25,3.5E-02));
#1055 = VECTOR('',#1056,1.);
#1056 = DIRECTION('',(1.,0.,0.));
#1057 = PCURVE('',#637,#1058);
#1058 = DEFINITIONAL_REPRESENTATION('',(#1059),#1063);
#1059 = LINE('',#1060,#1061);
#1060 = CARTESIAN_POINT('',(0.,0.));
#1061 = VECTOR('',#1062,1.);
#1062 = DIRECTION('',(0.,1.));
#1063 = ( GEOMETRIC_REPRESENTATION_CONTEXT(2) 
PARAMETRIC_REPRESENTATION_CONTEXT() REPRESENTATION_CONTEXT('2D SPACE',''
  ) );
#1064 = PCURVE('',#1014,#1065);
#1065 = DEFINITIONAL_REPRESENTATION('',(#1066),#1070);
#1066 = LINE('',#1067,#1068);
#1067 = CARTESIAN_POINT('',(3.5E-02,-0.765));
#1068 = VECTOR('',#1069,1.);
#1069 = DIRECTION('',(0.,1.));
#1070 = ( GEOMETRIC_REPRESENTATION_CONTEXT(2) 
PARAMETRIC_REPRESENTATION_CONTEXT() REPRESENTATION_CONTEXT('2D SPACE',''
  ) );
#1071 = ORIENTED_EDGE('',*,*,#1072,.F.);
#1072 = EDGE_CURVE('',#673,#1050,#1073,.T.);
#1073 = SURFACE_CURVE('',#1074,(#1078,#1085),.PCURVE_S1.);
#1074 = LINE('',#1075,#1076);
#1075 = CARTESIAN_POINT('',(-0.465,0.25,3.5E-02));
#1076 = VECTOR('',#1077,1.);
#1077 = DIRECTION('',(1.,0.,0.));
#1078 = PCURVE('',#637,#1079);
#1079 = DEFINITIONAL_REPRESENTATION('',(#1080),#1084);
#1080 = LINE('',#1081,#1082);
#1081 = CARTESIAN_POINT('',(0.,0.));
#1082 = VECTOR('',#1083,1.);
#1083 = DIRECTION('',(0.,1.));
#1084 = ( GEOMETRIC_REPRESENTATION_CONTEXT(2) 
PARAMETRIC_REPRESENTATION_CONTEXT() REPRESENTATION_CONTEXT('2D SPACE',''
  ) );
#1085 = PCURVE('',#764,#1086);
#1086 = DEFINITIONAL_REPRESENTATION('',(#1087),#1091);
#1087 = LINE('',#1088,#1089);
#1088 = CARTESIAN_POINT('',(0.,0.5));
#1089 = VECTOR('',#1090,1.);
#1090 = DIRECTION('',(1.,0.));
#1091 = ( GEOMETRIC_REPRESENTATION_CONTEXT(2) 
PARAMETRIC_REPRESENTATION_CONTEXT() REPRESENTATION_CONTEXT('2D SPACE',''
  ) );
#1092 = ADVANCED_FACE('',(#1093),#764,.F.);
#1093 = FACE_BOUND('',#1094,.F.);
#1094 = EDGE_LOOP('',(#1095,#1096,#1097,#1123));
#1095 = ORIENTED_EDGE('',*,*,#750,.F.);
#1096 = ORIENTED_EDGE('',*,*,#884,.T.);
#1097 = ORIENTED_EDGE('',*,*,#1098,.T.);
#1098 = EDGE_CURVE('',#862,#1050,#1099,.T.);
#1099 = SURFACE_CURVE('',#1100,(#1104,#1111),.PCURVE_S1.);
#1100 = LINE('',#1101,#1102);
#1101 = CARTESIAN_POINT('',(0.3,-0.25,3.5E-02));
#1102 = VECTOR('',#1103,1.);
#1103 = DIRECTION('',(0.,1.,0.));
#1104 = PCURVE('',#764,#1105);
#1105 = DEFINITIONAL_REPRESENTATION('',(#1106),#1110);
#1106 = LINE('',#1107,#1108);
#1107 = CARTESIAN_POINT('',(0.765,0.));
#1108 = VECTOR('',#1109,1.);
#1109 = DIRECTION('',(0.,1.));
#1110 = ( GEOMETRIC_REPRESENTATION_CONTEXT(2) 
PARAMETRIC_REPRESENTATION_CONTEXT() REPRESENTATION_CONTEXT('2D SPACE',''
  ) );
#1111 = PCURVE('',#1112,#1117);
#1112 = CYLINDRICAL_SURFACE('',#1113,3.5E-02);
#1113 = AXIS2_PLACEMENT_3D('',#1114,#1115,#1116);
#1114 = CARTESIAN_POINT('',(0.335,-0.25,3.5E-02));
#1115 = DIRECTION('',(0.,1.,0.));
#1116 = DIRECTION('',(-1.,0.,0.));
#1117 = DEFINITIONAL_REPRESENTATION('',(#1118),#1122);
#1118 = LINE('',#1119,#1120);
#1119 = CARTESIAN_POINT('',(6.28318530718,0.));
#1120 = VECTOR('',#1121,1.);
#1121 = DIRECTION('',(0.,1.));
#1122 = ( GEOMETRIC_REPRESENTATION_CONTEXT(2) 
PARAMETRIC_REPRESENTATION_CONTEXT() REPRESENTATION_CONTEXT('2D SPACE',''
  ) );
#1123 = ORIENTED_EDGE('',*,*,#1072,.F.);
#1124 = ADVANCED_FACE('',(#1125),#826,.F.);
#1125 = FACE_BOUND('',#1126,.F.);
#1126 = EDGE_LOOP('',(#1127,#1157,#1183,#1184,#1185,#1186,#1215,#1243,
    #1276,#1304));
#1127 = ORIENTED_EDGE('',*,*,#1128,.F.);
#1128 = EDGE_CURVE('',#1129,#1131,#1133,.T.);
#1129 = VERTEX_POINT('',#1130);
#1130 = CARTESIAN_POINT('',(0.335,-0.25,-2.775557561563E-17));
#1131 = VERTEX_POINT('',#1132);
#1132 = CARTESIAN_POINT('',(0.465,-0.25,-2.775557561563E-17));
#1133 = SURFACE_CURVE('',#1134,(#1138,#1145),.PCURVE_S1.);
#1134 = LINE('',#1135,#1136);
#1135 = CARTESIAN_POINT('',(0.3,-0.25,0.));
#1136 = VECTOR('',#1137,1.);
#1137 = DIRECTION('',(1.,0.,0.));
#1138 = PCURVE('',#826,#1139);
#1139 = DEFINITIONAL_REPRESENTATION('',(#1140),#1144);
#1140 = LINE('',#1141,#1142);
#1141 = CARTESIAN_POINT('',(0.,0.));
#1142 = VECTOR('',#1143,1.);
#1143 = DIRECTION('',(0.,1.));
#1144 = ( GEOMETRIC_REPRESENTATION_CONTEXT(2) 
PARAMETRIC_REPRESENTATION_CONTEXT() REPRESENTATION_CONTEXT('2D SPACE',''
  ) );
#1145 = PCURVE('',#1146,#1151);
#1146 = PLANE('',#1147);
#1147 = AXIS2_PLACEMENT_3D('',#1148,#1149,#1150);
#1148 = CARTESIAN_POINT('',(0.3,-0.25,0.));
#1149 = DIRECTION('',(0.,0.,1.));
#1150 = DIRECTION('',(1.,0.,-0.));
#1151 = DEFINITIONAL_REPRESENTATION('',(#1152),#1156);
#1152 = LINE('',#1153,#1154);
#1153 = CARTESIAN_POINT('',(0.,0.));
#1154 = VECTOR('',#1155,1.);
#1155 = DIRECTION('',(1.,0.));
#1156 = ( GEOMETRIC_REPRESENTATION_CONTEXT(2) 
PARAMETRIC_REPRESENTATION_CONTEXT() REPRESENTATION_CONTEXT('2D SPACE',''
  ) );
#1157 = ORIENTED_EDGE('',*,*,#1158,.F.);
#1158 = EDGE_CURVE('',#862,#1129,#1159,.T.);
#1159 = SURFACE_CURVE('',#1160,(#1165,#1176),.PCURVE_S1.);
#1160 = CIRCLE('',#1161,3.5E-02);
#1161 = AXIS2_PLACEMENT_3D('',#1162,#1163,#1164);
#1162 = CARTESIAN_POINT('',(0.335,-0.25,3.5E-02));
#1163 = DIRECTION('',(0.,-1.,0.));
#1164 = DIRECTION('',(0.,0.,1.));
#1165 = PCURVE('',#826,#1166);
#1166 = DEFINITIONAL_REPRESENTATION('',(#1167),#1175);
#1167 = ( BOUNDED_CURVE() B_SPLINE_CURVE(2,(#1168,#1169,#1170,#1171,
#1172,#1173,#1174),.UNSPECIFIED.,.T.,.F.) B_SPLINE_CURVE_WITH_KNOTS((1,2
    ,2,2,2,1),(-2.094395102393,0.,2.094395102393,4.188790204786,
6.28318530718,8.377580409573),.UNSPECIFIED.) CURVE() 
GEOMETRIC_REPRESENTATION_ITEM() RATIONAL_B_SPLINE_CURVE((1.,0.5,1.,0.5,
1.,0.5,1.)) REPRESENTATION_ITEM('') );
#1168 = CARTESIAN_POINT('',(7.E-02,3.5E-02));
#1169 = CARTESIAN_POINT('',(7.E-02,-2.562177826491E-02));
#1170 = CARTESIAN_POINT('',(1.75E-02,4.689110867545E-03));
#1171 = CARTESIAN_POINT('',(-3.5E-02,3.5E-02));
#1172 = CARTESIAN_POINT('',(1.75E-02,6.531088913246E-02));
#1173 = CARTESIAN_POINT('',(7.E-02,9.562177826491E-02));
#1174 = CARTESIAN_POINT('',(7.E-02,3.5E-02));
#1175 = ( GEOMETRIC_REPRESENTATION_CONTEXT(2) 
PARAMETRIC_REPRESENTATION_CONTEXT() REPRESENTATION_CONTEXT('2D SPACE',''
  ) );
#1176 = PCURVE('',#1112,#1177);
#1177 = DEFINITIONAL_REPRESENTATION('',(#1178),#1182);
#1178 = LINE('',#1179,#1180);
#1179 = CARTESIAN_POINT('',(7.853981633974,0.));
#1180 = VECTOR('',#1181,1.);
#1181 = DIRECTION('',(-1.,0.));
#1182 = ( GEOMETRIC_REPRESENTATION_CONTEXT(2) 
PARAMETRIC_REPRESENTATION_CONTEXT() REPRESENTATION_CONTEXT('2D SPACE',''
  ) );
#1183 = ORIENTED_EDGE('',*,*,#861,.T.);
#1184 = ORIENTED_EDGE('',*,*,#838,.T.);
#1185 = ORIENTED_EDGE('',*,*,#810,.F.);
#1186 = ORIENTED_EDGE('',*,*,#1187,.T.);
#1187 = EDGE_CURVE('',#783,#1188,#1190,.T.);
#1188 = VERTEX_POINT('',#1189);
#1189 = CARTESIAN_POINT('',(0.335,-0.25,0.35));
#1190 = SURFACE_CURVE('',#1191,(#1196,#1203),.PCURVE_S1.);
#1191 = CIRCLE('',#1192,3.5E-02);
#1192 = AXIS2_PLACEMENT_3D('',#1193,#1194,#1195);
#1193 = CARTESIAN_POINT('',(0.335,-0.25,0.315));
#1194 = DIRECTION('',(0.,1.,0.));
#1195 = DIRECTION('',(0.,-0.,1.));
#1196 = PCURVE('',#826,#1197);
#1197 = DEFINITIONAL_REPRESENTATION('',(#1198),#1202);
#1198 = CIRCLE('',#1199,3.5E-02);
#1199 = AXIS2_PLACEMENT_2D('',#1200,#1201);
#1200 = CARTESIAN_POINT('',(0.315,3.5E-02));
#1201 = DIRECTION('',(1.,0.));
#1202 = ( GEOMETRIC_REPRESENTATION_CONTEXT(2) 
PARAMETRIC_REPRESENTATION_CONTEXT() REPRESENTATION_CONTEXT('2D SPACE',''
  ) );
#1203 = PCURVE('',#1204,#1209);
#1204 = CYLINDRICAL_SURFACE('',#1205,3.5E-02);
#1205 = AXIS2_PLACEMENT_3D('',#1206,#1207,#1208);
#1206 = CARTESIAN_POINT('',(0.335,-0.25,0.315));
#1207 = DIRECTION('',(0.,1.,0.));
#1208 = DIRECTION('',(-1.,0.,0.));
#1209 = DEFINITIONAL_REPRESENTATION('',(#1210),#1214);
#1210 = LINE('',#1211,#1212);
#1211 = CARTESIAN_POINT('',(-4.712388980385,0.));
#1212 = VECTOR('',#1213,1.);
#1213 = DIRECTION('',(1.,0.));
#1214 = ( GEOMETRIC_REPRESENTATION_CONTEXT(2) 
PARAMETRIC_REPRESENTATION_CONTEXT() REPRESENTATION_CONTEXT('2D SPACE',''
  ) );
#1215 = ORIENTED_EDGE('',*,*,#1216,.T.);
#1216 = EDGE_CURVE('',#1188,#1217,#1219,.T.);
#1217 = VERTEX_POINT('',#1218);
#1218 = CARTESIAN_POINT('',(0.465,-0.25,0.35));
#1219 = SURFACE_CURVE('',#1220,(#1224,#1231),.PCURVE_S1.);
#1220 = LINE('',#1221,#1222);
#1221 = CARTESIAN_POINT('',(0.3,-0.25,0.35));
#1222 = VECTOR('',#1223,1.);
#1223 = DIRECTION('',(1.,0.,0.));
#1224 = PCURVE('',#826,#1225);
#1225 = DEFINITIONAL_REPRESENTATION('',(#1226),#1230);
#1226 = LINE('',#1227,#1228);
#1227 = CARTESIAN_POINT('',(0.35,0.));
#1228 = VECTOR('',#1229,1.);
#1229 = DIRECTION('',(0.,1.));
#1230 = ( GEOMETRIC_REPRESENTATION_CONTEXT(2) 
PARAMETRIC_REPRESENTATION_CONTEXT() REPRESENTATION_CONTEXT('2D SPACE',''
  ) );
#1231 = PCURVE('',#1232,#1237);
#1232 = PLANE('',#1233);
#1233 = AXIS2_PLACEMENT_3D('',#1234,#1235,#1236);
#1234 = CARTESIAN_POINT('',(0.3,-0.25,0.35));
#1235 = DIRECTION('',(0.,0.,1.));
#1236 = DIRECTION('',(1.,0.,-0.));
#1237 = DEFINITIONAL_REPRESENTATION('',(#1238),#1242);
#1238 = LINE('',#1239,#1240);
#1239 = CARTESIAN_POINT('',(0.,0.));
#1240 = VECTOR('',#1241,1.);
#1241 = DIRECTION('',(1.,0.));
#1242 = ( GEOMETRIC_REPRESENTATION_CONTEXT(2) 
PARAMETRIC_REPRESENTATION_CONTEXT() REPRESENTATION_CONTEXT('2D SPACE',''
  ) );
#1243 = ORIENTED_EDGE('',*,*,#1244,.F.);
#1244 = EDGE_CURVE('',#1245,#1217,#1247,.T.);
#1245 = VERTEX_POINT('',#1246);
#1246 = CARTESIAN_POINT('',(0.5,-0.25,0.315));
#1247 = SURFACE_CURVE('',#1248,(#1253,#1264),.PCURVE_S1.);
#1248 = CIRCLE('',#1249,3.5E-02);
#1249 = AXIS2_PLACEMENT_3D('',#1250,#1251,#1252);
#1250 = CARTESIAN_POINT('',(0.465,-0.25,0.315));
#1251 = DIRECTION('',(0.,-1.,0.));
#1252 = DIRECTION('',(0.,0.,1.));
#1253 = PCURVE('',#826,#1254);
#1254 = DEFINITIONAL_REPRESENTATION('',(#1255),#1263);
#1255 = ( BOUNDED_CURVE() B_SPLINE_CURVE(2,(#1256,#1257,#1258,#1259,
#1260,#1261,#1262),.UNSPECIFIED.,.T.,.F.) B_SPLINE_CURVE_WITH_KNOTS((1,2
    ,2,2,2,1),(-2.094395102393,0.,2.094395102393,4.188790204786,
6.28318530718,8.377580409573),.UNSPECIFIED.) CURVE() 
GEOMETRIC_REPRESENTATION_ITEM() RATIONAL_B_SPLINE_CURVE((1.,0.5,1.,0.5,
1.,0.5,1.)) REPRESENTATION_ITEM('') );
#1256 = CARTESIAN_POINT('',(0.35,0.165));
#1257 = CARTESIAN_POINT('',(0.35,0.104378221735));
#1258 = CARTESIAN_POINT('',(0.2975,0.134689110868));
#1259 = CARTESIAN_POINT('',(0.245,0.165));
#1260 = CARTESIAN_POINT('',(0.2975,0.195310889132));
#1261 = CARTESIAN_POINT('',(0.35,0.225621778265));
#1262 = CARTESIAN_POINT('',(0.35,0.165));
#1263 = ( GEOMETRIC_REPRESENTATION_CONTEXT(2) 
PARAMETRIC_REPRESENTATION_CONTEXT() REPRESENTATION_CONTEXT('2D SPACE',''
  ) );
#1264 = PCURVE('',#1265,#1270);
#1265 = CYLINDRICAL_SURFACE('',#1266,3.5E-02);
#1266 = AXIS2_PLACEMENT_3D('',#1267,#1268,#1269);
#1267 = CARTESIAN_POINT('',(0.465,-0.25,0.315));
#1268 = DIRECTION('',(0.,1.,0.));
#1269 = DIRECTION('',(1.,0.,0.));
#1270 = DEFINITIONAL_REPRESENTATION('',(#1271),#1275);
#1271 = LINE('',#1272,#1273);
#1272 = CARTESIAN_POINT('',(10.995574287564,0.));
#1273 = VECTOR('',#1274,1.);
#1274 = DIRECTION('',(-1.,0.));
#1275 = ( GEOMETRIC_REPRESENTATION_CONTEXT(2) 
PARAMETRIC_REPRESENTATION_CONTEXT() REPRESENTATION_CONTEXT('2D SPACE',''
  ) );
#1276 = ORIENTED_EDGE('',*,*,#1277,.F.);
#1277 = EDGE_CURVE('',#1278,#1245,#1280,.T.);
#1278 = VERTEX_POINT('',#1279);
#1279 = CARTESIAN_POINT('',(0.5,-0.25,3.5E-02));
#1280 = SURFACE_CURVE('',#1281,(#1285,#1292),.PCURVE_S1.);
#1281 = LINE('',#1282,#1283);
#1282 = CARTESIAN_POINT('',(0.5,-0.25,0.));
#1283 = VECTOR('',#1284,1.);
#1284 = DIRECTION('',(0.,0.,1.));
#1285 = PCURVE('',#826,#1286);
#1286 = DEFINITIONAL_REPRESENTATION('',(#1287),#1291);
#1287 = LINE('',#1288,#1289);
#1288 = CARTESIAN_POINT('',(0.,0.2));
#1289 = VECTOR('',#1290,1.);
#1290 = DIRECTION('',(1.,0.));
#1291 = ( GEOMETRIC_REPRESENTATION_CONTEXT(2) 
PARAMETRIC_REPRESENTATION_CONTEXT() REPRESENTATION_CONTEXT('2D SPACE',''
  ) );
#1292 = PCURVE('',#1293,#1298);
#1293 = PLANE('',#1294);
#1294 = AXIS2_PLACEMENT_3D('',#1295,#1296,#1297);
#1295 = CARTESIAN_POINT('',(0.5,-0.25,0.));
#1296 = DIRECTION('',(1.,0.,0.));
#1297 = DIRECTION('',(0.,0.,1.));
#1298 = DEFINITIONAL_REPRESENTATION('',(#1299),#1303);
#1299 = LINE('',#1300,#1301);
#1300 = CARTESIAN_POINT('',(0.,0.));
#1301 = VECTOR('',#1302,1.);
#1302 = DIRECTION('',(1.,0.));
#1303 = ( GEOMETRIC_REPRESENTATION_CONTEXT(2) 
PARAMETRIC_REPRESENTATION_CONTEXT() REPRESENTATION_CONTEXT('2D SPACE',''
  ) );
#1304 = ORIENTED_EDGE('',*,*,#1305,.T.);
#1305 = EDGE_CURVE('',#1278,#1131,#1306,.T.);
#1306 = SURFACE_CURVE('',#1307,(#1312,#1319),.PCURVE_S1.);
#1307 = CIRCLE('',#1308,3.5E-02);
#1308 = AXIS2_PLACEMENT_3D('',#1309,#1310,#1311);
#1309 = CARTESIAN_POINT('',(0.465,-0.25,3.5E-02));
#1310 = DIRECTION('',(0.,1.,0.));
#1311 = DIRECTION('',(0.,-0.,1.));
#1312 = PCURVE('',#826,#1313);
#1313 = DEFINITIONAL_REPRESENTATION('',(#1314),#1318);
#1314 = CIRCLE('',#1315,3.5E-02);
#1315 = AXIS2_PLACEMENT_2D('',#1316,#1317);
#1316 = CARTESIAN_POINT('',(3.5E-02,0.165));
#1317 = DIRECTION('',(1.,0.));
#1318 = ( GEOMETRIC_REPRESENTATION_CONTEXT(2) 
PARAMETRIC_REPRESENTATION_CONTEXT() REPRESENTATION_CONTEXT('2D SPACE',''
  ) );
#1319 = PCURVE('',#1320,#1325);
#1320 = CYLINDRICAL_SURFACE('',#1321,3.5E-02);
#1321 = AXIS2_PLACEMENT_3D('',#1322,#1323,#1324);
#1322 = CARTESIAN_POINT('',(0.465,-0.25,3.5E-02));
#1323 = DIRECTION('',(0.,1.,0.));
#1324 = DIRECTION('',(1.,0.,0.));
#1325 = DEFINITIONAL_REPRESENTATION('',(#1326),#1330);
#1326 = LINE('',#1327,#1328);
#1327 = CARTESIAN_POINT('',(-1.570796326795,0.));
#1328 = VECTOR('',#1329,1.);
#1329 = DIRECTION('',(1.,0.));
#1330 = ( GEOMETRIC_REPRESENTATION_CONTEXT(2) 
PARAMETRIC_REPRESENTATION_CONTEXT() REPRESENTATION_CONTEXT('2D SPACE',''
  ) );
#1331 = ADVANCED_FACE('',(#1332),#798,.F.);
#1332 = FACE_BOUND('',#1333,.F.);
#1333 = EDGE_LOOP('',(#1334,#1335,#1358,#1386));
#1334 = ORIENTED_EDGE('',*,*,#782,.F.);
#1335 = ORIENTED_EDGE('',*,*,#1336,.T.);
#1336 = EDGE_CURVE('',#304,#1337,#1339,.T.);
#1337 = VERTEX_POINT('',#1338);
#1338 = CARTESIAN_POINT('',(-0.3,-0.25,0.35));
#1339 = SURFACE_CURVE('',#1340,(#1344,#1351),.PCURVE_S1.);
#1340 = LINE('',#1341,#1342);
#1341 = CARTESIAN_POINT('',(-0.3,-0.25,0.315));
#1342 = VECTOR('',#1343,1.);
#1343 = DIRECTION('',(0.,0.,1.));
#1344 = PCURVE('',#798,#1345);
#1345 = DEFINITIONAL_REPRESENTATION('',(#1346),#1350);
#1346 = LINE('',#1347,#1348);
#1347 = CARTESIAN_POINT('',(0.,0.));
#1348 = VECTOR('',#1349,1.);
#1349 = DIRECTION('',(1.,0.));
#1350 = ( GEOMETRIC_REPRESENTATION_CONTEXT(2) 
PARAMETRIC_REPRESENTATION_CONTEXT() REPRESENTATION_CONTEXT('2D SPACE',''
  ) );
#1351 = PCURVE('',#949,#1352);
#1352 = DEFINITIONAL_REPRESENTATION('',(#1353),#1357);
#1353 = LINE('',#1354,#1355);
#1354 = CARTESIAN_POINT('',(0.,0.));
#1355 = VECTOR('',#1356,1.);
#1356 = DIRECTION('',(1.,0.));
#1357 = ( GEOMETRIC_REPRESENTATION_CONTEXT(2) 
PARAMETRIC_REPRESENTATION_CONTEXT() REPRESENTATION_CONTEXT('2D SPACE',''
  ) );
#1358 = ORIENTED_EDGE('',*,*,#1359,.T.);
#1359 = EDGE_CURVE('',#1337,#1360,#1362,.T.);
#1360 = VERTEX_POINT('',#1361);
#1361 = CARTESIAN_POINT('',(0.3,-0.25,0.35));
#1362 = SURFACE_CURVE('',#1363,(#1367,#1374),.PCURVE_S1.);
#1363 = LINE('',#1364,#1365);
#1364 = CARTESIAN_POINT('',(-0.3,-0.25,0.35));
#1365 = VECTOR('',#1366,1.);
#1366 = DIRECTION('',(1.,0.,0.));
#1367 = PCURVE('',#798,#1368);
#1368 = DEFINITIONAL_REPRESENTATION('',(#1369),#1373);
#1369 = LINE('',#1370,#1371);
#1370 = CARTESIAN_POINT('',(3.5E-02,0.));
#1371 = VECTOR('',#1372,1.);
#1372 = DIRECTION('',(0.,1.));
#1373 = ( GEOMETRIC_REPRESENTATION_CONTEXT(2) 
PARAMETRIC_REPRESENTATION_CONTEXT() REPRESENTATION_CONTEXT('2D SPACE',''
  ) );
#1374 = PCURVE('',#1375,#1380);
#1375 = PLANE('',#1376);
#1376 = AXIS2_PLACEMENT_3D('',#1377,#1378,#1379);
#1377 = CARTESIAN_POINT('',(-0.3,-0.25,0.35));
#1378 = DIRECTION('',(0.,0.,1.));
#1379 = DIRECTION('',(1.,0.,-0.));
#1380 = DEFINITIONAL_REPRESENTATION('',(#1381),#1385);
#1381 = LINE('',#1382,#1383);
#1382 = CARTESIAN_POINT('',(0.,0.));
#1383 = VECTOR('',#1384,1.);
#1384 = DIRECTION('',(1.,0.));
#1385 = ( GEOMETRIC_REPRESENTATION_CONTEXT(2) 
PARAMETRIC_REPRESENTATION_CONTEXT() REPRESENTATION_CONTEXT('2D SPACE',''
  ) );
#1386 = ORIENTED_EDGE('',*,*,#1387,.F.);
#1387 = EDGE_CURVE('',#783,#1360,#1388,.T.);
#1388 = SURFACE_CURVE('',#1389,(#1393,#1400),.PCURVE_S1.);
#1389 = LINE('',#1390,#1391);
#1390 = CARTESIAN_POINT('',(0.3,-0.25,0.315));
#1391 = VECTOR('',#1392,1.);
#1392 = DIRECTION('',(0.,0.,1.));
#1393 = PCURVE('',#798,#1394);
#1394 = DEFINITIONAL_REPRESENTATION('',(#1395),#1399);
#1395 = LINE('',#1396,#1397);
#1396 = CARTESIAN_POINT('',(0.,0.6));
#1397 = VECTOR('',#1398,1.);
#1398 = DIRECTION('',(1.,0.));
#1399 = ( GEOMETRIC_REPRESENTATION_CONTEXT(2) 
PARAMETRIC_REPRESENTATION_CONTEXT() REPRESENTATION_CONTEXT('2D SPACE',''
  ) );
#1400 = PCURVE('',#1401,#1406);
#1401 = PLANE('',#1402);
#1402 = AXIS2_PLACEMENT_3D('',#1403,#1404,#1405);
#1403 = CARTESIAN_POINT('',(0.3,-0.25,0.315));
#1404 = DIRECTION('',(1.,0.,0.));
#1405 = DIRECTION('',(0.,0.,1.));
#1406 = DEFINITIONAL_REPRESENTATION('',(#1407),#1411);
#1407 = LINE('',#1408,#1409);
#1408 = CARTESIAN_POINT('',(0.,0.));
#1409 = VECTOR('',#1410,1.);
#1410 = DIRECTION('',(1.,0.));
#1411 = ( GEOMETRIC_REPRESENTATION_CONTEXT(2) 
PARAMETRIC_REPRESENTATION_CONTEXT() REPRESENTATION_CONTEXT('2D SPACE',''
  ) );
#1412 = ADVANCED_FACE('',(#1413),#949,.F.);
#1413 = FACE_BOUND('',#1414,.F.);
#1414 = EDGE_LOOP('',(#1415,#1416,#1417,#1440));
#1415 = ORIENTED_EDGE('',*,*,#1336,.F.);
#1416 = ORIENTED_EDGE('',*,*,#935,.T.);
#1417 = ORIENTED_EDGE('',*,*,#1418,.T.);
#1418 = EDGE_CURVE('',#594,#1419,#1421,.T.);
#1419 = VERTEX_POINT('',#1420);
#1420 = CARTESIAN_POINT('',(-0.3,0.25,0.35));
#1421 = SURFACE_CURVE('',#1422,(#1426,#1433),.PCURVE_S1.);
#1422 = LINE('',#1423,#1424);
#1423 = CARTESIAN_POINT('',(-0.3,0.25,0.315));
#1424 = VECTOR('',#1425,1.);
#1425 = DIRECTION('',(0.,0.,1.));
#1426 = PCURVE('',#949,#1427);
#1427 = DEFINITIONAL_REPRESENTATION('',(#1428),#1432);
#1428 = LINE('',#1429,#1430);
#1429 = CARTESIAN_POINT('',(0.,-0.5));
#1430 = VECTOR('',#1431,1.);
#1431 = DIRECTION('',(1.,0.));
#1432 = ( GEOMETRIC_REPRESENTATION_CONTEXT(2) 
PARAMETRIC_REPRESENTATION_CONTEXT() REPRESENTATION_CONTEXT('2D SPACE',''
  ) );
#1433 = PCURVE('',#986,#1434);
#1434 = DEFINITIONAL_REPRESENTATION('',(#1435),#1439);
#1435 = LINE('',#1436,#1437);
#1436 = CARTESIAN_POINT('',(0.,0.));
#1437 = VECTOR('',#1438,1.);
#1438 = DIRECTION('',(1.,0.));
#1439 = ( GEOMETRIC_REPRESENTATION_CONTEXT(2) 
PARAMETRIC_REPRESENTATION_CONTEXT() REPRESENTATION_CONTEXT('2D SPACE',''
  ) );
#1440 = ORIENTED_EDGE('',*,*,#1441,.F.);
#1441 = EDGE_CURVE('',#1337,#1419,#1442,.T.);
#1442 = SURFACE_CURVE('',#1443,(#1447,#1454),.PCURVE_S1.);
#1443 = LINE('',#1444,#1445);
#1444 = CARTESIAN_POINT('',(-0.3,-0.25,0.35));
#1445 = VECTOR('',#1446,1.);
#1446 = DIRECTION('',(0.,1.,0.));
#1447 = PCURVE('',#949,#1448);
#1448 = DEFINITIONAL_REPRESENTATION('',(#1449),#1453);
#1449 = LINE('',#1450,#1451);
#1450 = CARTESIAN_POINT('',(3.5E-02,0.));
#1451 = VECTOR('',#1452,1.);
#1452 = DIRECTION('',(0.,-1.));
#1453 = ( GEOMETRIC_REPRESENTATION_CONTEXT(2) 
PARAMETRIC_REPRESENTATION_CONTEXT() REPRESENTATION_CONTEXT('2D SPACE',''
  ) );
#1454 = PCURVE('',#1375,#1455);
#1455 = DEFINITIONAL_REPRESENTATION('',(#1456),#1460);
#1456 = LINE('',#1457,#1458);
#1457 = CARTESIAN_POINT('',(0.,0.));
#1458 = VECTOR('',#1459,1.);
#1459 = DIRECTION('',(0.,1.));
#1460 = ( GEOMETRIC_REPRESENTATION_CONTEXT(2) 
PARAMETRIC_REPRESENTATION_CONTEXT() REPRESENTATION_CONTEXT('2D SPACE',''
  ) );
#1461 = ADVANCED_FACE('',(#1462),#1014,.T.);
#1462 = FACE_BOUND('',#1463,.T.);
#1463 = EDGE_LOOP('',(#1464,#1489,#1515,#1516,#1517,#1518,#1542,#1565,
    #1593,#1616));
#1464 = ORIENTED_EDGE('',*,*,#1465,.F.);
#1465 = EDGE_CURVE('',#1466,#1468,#1470,.T.);
#1466 = VERTEX_POINT('',#1467);
#1467 = CARTESIAN_POINT('',(0.335,0.25,-2.775557561563E-17));
#1468 = VERTEX_POINT('',#1469);
#1469 = CARTESIAN_POINT('',(0.465,0.25,-2.775557561563E-17));
#1470 = SURFACE_CURVE('',#1471,(#1475,#1482),.PCURVE_S1.);
#1471 = LINE('',#1472,#1473);
#1472 = CARTESIAN_POINT('',(0.3,0.25,0.));
#1473 = VECTOR('',#1474,1.);
#1474 = DIRECTION('',(1.,0.,0.));
#1475 = PCURVE('',#1014,#1476);
#1476 = DEFINITIONAL_REPRESENTATION('',(#1477),#1481);
#1477 = LINE('',#1478,#1479);
#1478 = CARTESIAN_POINT('',(0.,0.));
#1479 = VECTOR('',#1480,1.);
#1480 = DIRECTION('',(0.,1.));
#1481 = ( GEOMETRIC_REPRESENTATION_CONTEXT(2) 
PARAMETRIC_REPRESENTATION_CONTEXT() REPRESENTATION_CONTEXT('2D SPACE',''
  ) );
#1482 = PCURVE('',#1146,#1483);
#1483 = DEFINITIONAL_REPRESENTATION('',(#1484),#1488);
#1484 = LINE('',#1485,#1486);
#1485 = CARTESIAN_POINT('',(0.,0.5));
#1486 = VECTOR('',#1487,1.);
#1487 = DIRECTION('',(1.,0.));
#1488 = ( GEOMETRIC_REPRESENTATION_CONTEXT(2) 
PARAMETRIC_REPRESENTATION_CONTEXT() REPRESENTATION_CONTEXT('2D SPACE',''
  ) );
#1489 = ORIENTED_EDGE('',*,*,#1490,.F.);
#1490 = EDGE_CURVE('',#1050,#1466,#1491,.T.);
#1491 = SURFACE_CURVE('',#1492,(#1497,#1508),.PCURVE_S1.);
#1492 = CIRCLE('',#1493,3.5E-02);
#1493 = AXIS2_PLACEMENT_3D('',#1494,#1495,#1496);
#1494 = CARTESIAN_POINT('',(0.335,0.25,3.5E-02));
#1495 = DIRECTION('',(0.,-1.,0.));
#1496 = DIRECTION('',(0.,0.,1.));
#1497 = PCURVE('',#1014,#1498);
#1498 = DEFINITIONAL_REPRESENTATION('',(#1499),#1507);
#1499 = ( BOUNDED_CURVE() B_SPLINE_CURVE(2,(#1500,#1501,#1502,#1503,
#1504,#1505,#1506),.UNSPECIFIED.,.T.,.F.) B_SPLINE_CURVE_WITH_KNOTS((1,2
    ,2,2,2,1),(-2.094395102393,0.,2.094395102393,4.188790204786,
6.28318530718,8.377580409573),.UNSPECIFIED.) CURVE() 
GEOMETRIC_REPRESENTATION_ITEM() RATIONAL_B_SPLINE_CURVE((1.,0.5,1.,0.5,
1.,0.5,1.)) REPRESENTATION_ITEM('') );
#1500 = CARTESIAN_POINT('',(7.E-02,3.5E-02));
#1501 = CARTESIAN_POINT('',(7.E-02,-2.562177826491E-02));
#1502 = CARTESIAN_POINT('',(1.75E-02,4.689110867545E-03));
#1503 = CARTESIAN_POINT('',(-3.5E-02,3.5E-02));
#1504 = CARTESIAN_POINT('',(1.75E-02,6.531088913246E-02));
#1505 = CARTESIAN_POINT('',(7.E-02,9.562177826491E-02));
#1506 = CARTESIAN_POINT('',(7.E-02,3.5E-02));
#1507 = ( GEOMETRIC_REPRESENTATION_CONTEXT(2) 
PARAMETRIC_REPRESENTATION_CONTEXT() REPRESENTATION_CONTEXT('2D SPACE',''
  ) );
#1508 = PCURVE('',#1112,#1509);
#1509 = DEFINITIONAL_REPRESENTATION('',(#1510),#1514);
#1510 = LINE('',#1511,#1512);
#1511 = CARTESIAN_POINT('',(7.853981633974,0.5));
#1512 = VECTOR('',#1513,1.);
#1513 = DIRECTION('',(-1.,0.));
#1514 = ( GEOMETRIC_REPRESENTATION_CONTEXT(2) 
PARAMETRIC_REPRESENTATION_CONTEXT() REPRESENTATION_CONTEXT('2D SPACE',''
  ) );
#1515 = ORIENTED_EDGE('',*,*,#1049,.T.);
#1516 = ORIENTED_EDGE('',*,*,#1026,.T.);
#1517 = ORIENTED_EDGE('',*,*,#998,.F.);
#1518 = ORIENTED_EDGE('',*,*,#1519,.T.);
#1519 = EDGE_CURVE('',#971,#1520,#1522,.T.);
#1520 = VERTEX_POINT('',#1521);
#1521 = CARTESIAN_POINT('',(0.335,0.25,0.35));
#1522 = SURFACE_CURVE('',#1523,(#1528,#1535),.PCURVE_S1.);
#1523 = CIRCLE('',#1524,3.5E-02);
#1524 = AXIS2_PLACEMENT_3D('',#1525,#1526,#1527);
#1525 = CARTESIAN_POINT('',(0.335,0.25,0.315));
#1526 = DIRECTION('',(0.,1.,0.));
#1527 = DIRECTION('',(0.,-0.,1.));
#1528 = PCURVE('',#1014,#1529);
#1529 = DEFINITIONAL_REPRESENTATION('',(#1530),#1534);
#1530 = CIRCLE('',#1531,3.5E-02);
#1531 = AXIS2_PLACEMENT_2D('',#1532,#1533);
#1532 = CARTESIAN_POINT('',(0.315,3.5E-02));
#1533 = DIRECTION('',(1.,0.));
#1534 = ( GEOMETRIC_REPRESENTATION_CONTEXT(2) 
PARAMETRIC_REPRESENTATION_CONTEXT() REPRESENTATION_CONTEXT('2D SPACE',''
  ) );
#1535 = PCURVE('',#1204,#1536);
#1536 = DEFINITIONAL_REPRESENTATION('',(#1537),#1541);
#1537 = LINE('',#1538,#1539);
#1538 = CARTESIAN_POINT('',(-4.712388980385,0.5));
#1539 = VECTOR('',#1540,1.);
#1540 = DIRECTION('',(1.,0.));
#1541 = ( GEOMETRIC_REPRESENTATION_CONTEXT(2) 
PARAMETRIC_REPRESENTATION_CONTEXT() REPRESENTATION_CONTEXT('2D SPACE',''
  ) );
#1542 = ORIENTED_EDGE('',*,*,#1543,.T.);
#1543 = EDGE_CURVE('',#1520,#1544,#1546,.T.);
#1544 = VERTEX_POINT('',#1545);
#1545 = CARTESIAN_POINT('',(0.465,0.25,0.35));
#1546 = SURFACE_CURVE('',#1547,(#1551,#1558),.PCURVE_S1.);
#1547 = LINE('',#1548,#1549);
#1548 = CARTESIAN_POINT('',(0.3,0.25,0.35));
#1549 = VECTOR('',#1550,1.);
#1550 = DIRECTION('',(1.,0.,0.));
#1551 = PCURVE('',#1014,#1552);
#1552 = DEFINITIONAL_REPRESENTATION('',(#1553),#1557);
#1553 = LINE('',#1554,#1555);
#1554 = CARTESIAN_POINT('',(0.35,0.));
#1555 = VECTOR('',#1556,1.);
#1556 = DIRECTION('',(0.,1.));
#1557 = ( GEOMETRIC_REPRESENTATION_CONTEXT(2) 
PARAMETRIC_REPRESENTATION_CONTEXT() REPRESENTATION_CONTEXT('2D SPACE',''
  ) );
#1558 = PCURVE('',#1232,#1559);
#1559 = DEFINITIONAL_REPRESENTATION('',(#1560),#1564);
#1560 = LINE('',#1561,#1562);
#1561 = CARTESIAN_POINT('',(0.,0.5));
#1562 = VECTOR('',#1563,1.);
#1563 = DIRECTION('',(1.,0.));
#1564 = ( GEOMETRIC_REPRESENTATION_CONTEXT(2) 
PARAMETRIC_REPRESENTATION_CONTEXT() REPRESENTATION_CONTEXT('2D SPACE',''
  ) );
#1565 = ORIENTED_EDGE('',*,*,#1566,.F.);
#1566 = EDGE_CURVE('',#1567,#1544,#1569,.T.);
#1567 = VERTEX_POINT('',#1568);
#1568 = CARTESIAN_POINT('',(0.5,0.25,0.315));
#1569 = SURFACE_CURVE('',#1570,(#1575,#1586),.PCURVE_S1.);
#1570 = CIRCLE('',#1571,3.5E-02);
#1571 = AXIS2_PLACEMENT_3D('',#1572,#1573,#1574);
#1572 = CARTESIAN_POINT('',(0.465,0.25,0.315));
#1573 = DIRECTION('',(0.,-1.,0.));
#1574 = DIRECTION('',(0.,0.,1.));
#1575 = PCURVE('',#1014,#1576);
#1576 = DEFINITIONAL_REPRESENTATION('',(#1577),#1585);
#1577 = ( BOUNDED_CURVE() B_SPLINE_CURVE(2,(#1578,#1579,#1580,#1581,
#1582,#1583,#1584),.UNSPECIFIED.,.T.,.F.) B_SPLINE_CURVE_WITH_KNOTS((1,2
    ,2,2,2,1),(-2.094395102393,0.,2.094395102393,4.188790204786,
6.28318530718,8.377580409573),.UNSPECIFIED.) CURVE() 
GEOMETRIC_REPRESENTATION_ITEM() RATIONAL_B_SPLINE_CURVE((1.,0.5,1.,0.5,
1.,0.5,1.)) REPRESENTATION_ITEM('') );
#1578 = CARTESIAN_POINT('',(0.35,0.165));
#1579 = CARTESIAN_POINT('',(0.35,0.104378221735));
#1580 = CARTESIAN_POINT('',(0.2975,0.134689110868));
#1581 = CARTESIAN_POINT('',(0.245,0.165));
#1582 = CARTESIAN_POINT('',(0.2975,0.195310889132));
#1583 = CARTESIAN_POINT('',(0.35,0.225621778265));
#1584 = CARTESIAN_POINT('',(0.35,0.165));
#1585 = ( GEOMETRIC_REPRESENTATION_CONTEXT(2) 
PARAMETRIC_REPRESENTATION_CONTEXT() REPRESENTATION_CONTEXT('2D SPACE',''
  ) );
#1586 = PCURVE('',#1265,#1587);
#1587 = DEFINITIONAL_REPRESENTATION('',(#1588),#1592);
#1588 = LINE('',#1589,#1590);
#1589 = CARTESIAN_POINT('',(10.995574287564,0.5));
#1590 = VECTOR('',#1591,1.);
#1591 = DIRECTION('',(-1.,0.));
#1592 = ( GEOMETRIC_REPRESENTATION_CONTEXT(2) 
PARAMETRIC_REPRESENTATION_CONTEXT() REPRESENTATION_CONTEXT('2D SPACE',''
  ) );
#1593 = ORIENTED_EDGE('',*,*,#1594,.F.);
#1594 = EDGE_CURVE('',#1595,#1567,#1597,.T.);
#1595 = VERTEX_POINT('',#1596);
#1596 = CARTESIAN_POINT('',(0.5,0.25,3.5E-02));
#1597 = SURFACE_CURVE('',#1598,(#1602,#1609),.PCURVE_S1.);
#1598 = LINE('',#1599,#1600);
#1599 = CARTESIAN_POINT('',(0.5,0.25,0.));
#1600 = VECTOR('',#1601,1.);
#1601 = DIRECTION('',(0.,0.,1.));
#1602 = PCURVE('',#1014,#1603);
#1603 = DEFINITIONAL_REPRESENTATION('',(#1604),#1608);
#1604 = LINE('',#1605,#1606);
#1605 = CARTESIAN_POINT('',(0.,0.2));
#1606 = VECTOR('',#1607,1.);
#1607 = DIRECTION('',(1.,0.));
#1608 = ( GEOMETRIC_REPRESENTATION_CONTEXT(2) 
PARAMETRIC_REPRESENTATION_CONTEXT() REPRESENTATION_CONTEXT('2D SPACE',''
  ) );
#1609 = PCURVE('',#1293,#1610);
#1610 = DEFINITIONAL_REPRESENTATION('',(#1611),#1615);
#1611 = LINE('',#1612,#1613);
#1612 = CARTESIAN_POINT('',(0.,-0.5));
#1613 = VECTOR('',#1614,1.);
#1614 = DIRECTION('',(1.,0.));
#1615 = ( GEOMETRIC_REPRESENTATION_CONTEXT(2) 
PARAMETRIC_REPRESENTATION_CONTEXT() REPRESENTATION_CONTEXT('2D SPACE',''
  ) );
#1616 = ORIENTED_EDGE('',*,*,#1617,.T.);
#1617 = EDGE_CURVE('',#1595,#1468,#1618,.T.);
#1618 = SURFACE_CURVE('',#1619,(#1624,#1631),.PCURVE_S1.);
#1619 = CIRCLE('',#1620,3.5E-02);
#1620 = AXIS2_PLACEMENT_3D('',#1621,#1622,#1623);
#1621 = CARTESIAN_POINT('',(0.465,0.25,3.5E-02));
#1622 = DIRECTION('',(0.,1.,0.));
#1623 = DIRECTION('',(0.,-0.,1.));
#1624 = PCURVE('',#1014,#1625);
#1625 = DEFINITIONAL_REPRESENTATION('',(#1626),#1630);
#1626 = CIRCLE('',#1627,3.5E-02);
#1627 = AXIS2_PLACEMENT_2D('',#1628,#1629);
#1628 = CARTESIAN_POINT('',(3.5E-02,0.165));
#1629 = DIRECTION('',(1.,0.));
#1630 = ( GEOMETRIC_REPRESENTATION_CONTEXT(2) 
PARAMETRIC_REPRESENTATION_CONTEXT() REPRESENTATION_CONTEXT('2D SPACE',''
  ) );
#1631 = PCURVE('',#1320,#1632);
#1632 = DEFINITIONAL_REPRESENTATION('',(#1633),#1637);
#1633 = LINE('',#1634,#1635);
#1634 = CARTESIAN_POINT('',(-1.570796326795,0.5));
#1635 = VECTOR('',#1636,1.);
#1636 = DIRECTION('',(1.,0.));
#1637 = ( GEOMETRIC_REPRESENTATION_CONTEXT(2) 
PARAMETRIC_REPRESENTATION_CONTEXT() REPRESENTATION_CONTEXT('2D SPACE',''
  ) );
#1638 = ADVANCED_FACE('',(#1639),#986,.T.);
#1639 = FACE_BOUND('',#1640,.T.);
#1640 = EDGE_LOOP('',(#1641,#1642,#1643,#1666));
#1641 = ORIENTED_EDGE('',*,*,#970,.F.);
#1642 = ORIENTED_EDGE('',*,*,#1418,.T.);
#1643 = ORIENTED_EDGE('',*,*,#1644,.T.);
#1644 = EDGE_CURVE('',#1419,#1645,#1647,.T.);
#1645 = VERTEX_POINT('',#1646);
#1646 = CARTESIAN_POINT('',(0.3,0.25,0.35));
#1647 = SURFACE_CURVE('',#1648,(#1652,#1659),.PCURVE_S1.);
#1648 = LINE('',#1649,#1650);
#1649 = CARTESIAN_POINT('',(-0.3,0.25,0.35));
#1650 = VECTOR('',#1651,1.);
#1651 = DIRECTION('',(1.,0.,0.));
#1652 = PCURVE('',#986,#1653);
#1653 = DEFINITIONAL_REPRESENTATION('',(#1654),#1658);
#1654 = LINE('',#1655,#1656);
#1655 = CARTESIAN_POINT('',(3.5E-02,0.));
#1656 = VECTOR('',#1657,1.);
#1657 = DIRECTION('',(0.,1.));
#1658 = ( GEOMETRIC_REPRESENTATION_CONTEXT(2) 
PARAMETRIC_REPRESENTATION_CONTEXT() REPRESENTATION_CONTEXT('2D SPACE',''
  ) );
#1659 = PCURVE('',#1375,#1660);
#1660 = DEFINITIONAL_REPRESENTATION('',(#1661),#1665);
#1661 = LINE('',#1662,#1663);
#1662 = CARTESIAN_POINT('',(0.,0.5));
#1663 = VECTOR('',#1664,1.);
#1664 = DIRECTION('',(1.,0.));
#1665 = ( GEOMETRIC_REPRESENTATION_CONTEXT(2) 
PARAMETRIC_REPRESENTATION_CONTEXT() REPRESENTATION_CONTEXT('2D SPACE',''
  ) );
#1666 = ORIENTED_EDGE('',*,*,#1667,.F.);
#1667 = EDGE_CURVE('',#971,#1645,#1668,.T.);
#1668 = SURFACE_CURVE('',#1669,(#1673,#1680),.PCURVE_S1.);
#1669 = LINE('',#1670,#1671);
#1670 = CARTESIAN_POINT('',(0.3,0.25,0.315));
#1671 = VECTOR('',#1672,1.);
#1672 = DIRECTION('',(0.,0.,1.));
#1673 = PCURVE('',#986,#1674);
#1674 = DEFINITIONAL_REPRESENTATION('',(#1675),#1679);
#1675 = LINE('',#1676,#1677);
#1676 = CARTESIAN_POINT('',(0.,0.6));
#1677 = VECTOR('',#1678,1.);
#1678 = DIRECTION('',(1.,0.));
#1679 = ( GEOMETRIC_REPRESENTATION_CONTEXT(2) 
PARAMETRIC_REPRESENTATION_CONTEXT() REPRESENTATION_CONTEXT('2D SPACE',''
  ) );
#1680 = PCURVE('',#1401,#1681);
#1681 = DEFINITIONAL_REPRESENTATION('',(#1682),#1686);
#1682 = LINE('',#1683,#1684);
#1683 = CARTESIAN_POINT('',(0.,-0.5));
#1684 = VECTOR('',#1685,1.);
#1685 = DIRECTION('',(1.,0.));
#1686 = ( GEOMETRIC_REPRESENTATION_CONTEXT(2) 
PARAMETRIC_REPRESENTATION_CONTEXT() REPRESENTATION_CONTEXT('2D SPACE',''
  ) );
#1687 = ADVANCED_FACE('',(#1688),#1112,.T.);
#1688 = FACE_BOUND('',#1689,.T.);
#1689 = EDGE_LOOP('',(#1690,#1691,#1692,#1713));
#1690 = ORIENTED_EDGE('',*,*,#1098,.T.);
#1691 = ORIENTED_EDGE('',*,*,#1490,.T.);
#1692 = ORIENTED_EDGE('',*,*,#1693,.F.);
#1693 = EDGE_CURVE('',#1129,#1466,#1694,.T.);
#1694 = SURFACE_CURVE('',#1695,(#1699,#1706),.PCURVE_S1.);
#1695 = LINE('',#1696,#1697);
#1696 = CARTESIAN_POINT('',(0.335,-0.25,-2.775557561563E-17));
#1697 = VECTOR('',#1698,1.);
#1698 = DIRECTION('',(0.,1.,0.));
#1699 = PCURVE('',#1112,#1700);
#1700 = DEFINITIONAL_REPRESENTATION('',(#1701),#1705);
#1701 = LINE('',#1702,#1703);
#1702 = CARTESIAN_POINT('',(4.712388980385,0.));
#1703 = VECTOR('',#1704,1.);
#1704 = DIRECTION('',(0.,1.));
#1705 = ( GEOMETRIC_REPRESENTATION_CONTEXT(2) 
PARAMETRIC_REPRESENTATION_CONTEXT() REPRESENTATION_CONTEXT('2D SPACE',''
  ) );
#1706 = PCURVE('',#1146,#1707);
#1707 = DEFINITIONAL_REPRESENTATION('',(#1708),#1712);
#1708 = LINE('',#1709,#1710);
#1709 = CARTESIAN_POINT('',(3.5E-02,0.));
#1710 = VECTOR('',#1711,1.);
#1711 = DIRECTION('',(0.,1.));
#1712 = ( GEOMETRIC_REPRESENTATION_CONTEXT(2) 
PARAMETRIC_REPRESENTATION_CONTEXT() REPRESENTATION_CONTEXT('2D SPACE',''
  ) );
#1713 = ORIENTED_EDGE('',*,*,#1158,.F.);
#1714 = ADVANCED_FACE('',(#1715),#1146,.F.);
#1715 = FACE_BOUND('',#1716,.F.);
#1716 = EDGE_LOOP('',(#1717,#1718,#1719,#1720));
#1717 = ORIENTED_EDGE('',*,*,#1465,.F.);
#1718 = ORIENTED_EDGE('',*,*,#1693,.F.);
#1719 = ORIENTED_EDGE('',*,*,#1128,.T.);
#1720 = ORIENTED_EDGE('',*,*,#1721,.T.);
#1721 = EDGE_CURVE('',#1131,#1468,#1722,.T.);
#1722 = SURFACE_CURVE('',#1723,(#1727,#1734),.PCURVE_S1.);
#1723 = LINE('',#1724,#1725);
#1724 = CARTESIAN_POINT('',(0.465,-0.25,-2.775557561563E-17));
#1725 = VECTOR('',#1726,1.);
#1726 = DIRECTION('',(0.,1.,0.));
#1727 = PCURVE('',#1146,#1728);
#1728 = DEFINITIONAL_REPRESENTATION('',(#1729),#1733);
#1729 = LINE('',#1730,#1731);
#1730 = CARTESIAN_POINT('',(0.165,0.));
#1731 = VECTOR('',#1732,1.);
#1732 = DIRECTION('',(0.,1.));
#1733 = ( GEOMETRIC_REPRESENTATION_CONTEXT(2) 
PARAMETRIC_REPRESENTATION_CONTEXT() REPRESENTATION_CONTEXT('2D SPACE',''
  ) );
#1734 = PCURVE('',#1320,#1735);
#1735 = DEFINITIONAL_REPRESENTATION('',(#1736),#1740);
#1736 = LINE('',#1737,#1738);
#1737 = CARTESIAN_POINT('',(1.570796326795,0.));
#1738 = VECTOR('',#1739,1.);
#1739 = DIRECTION('',(0.,1.));
#1740 = ( GEOMETRIC_REPRESENTATION_CONTEXT(2) 
PARAMETRIC_REPRESENTATION_CONTEXT() REPRESENTATION_CONTEXT('2D SPACE',''
  ) );
#1741 = ADVANCED_FACE('',(#1742),#1320,.T.);
#1742 = FACE_BOUND('',#1743,.T.);
#1743 = EDGE_LOOP('',(#1744,#1745,#1746,#1747));
#1744 = ORIENTED_EDGE('',*,*,#1305,.T.);
#1745 = ORIENTED_EDGE('',*,*,#1721,.T.);
#1746 = ORIENTED_EDGE('',*,*,#1617,.F.);
#1747 = ORIENTED_EDGE('',*,*,#1748,.F.);
#1748 = EDGE_CURVE('',#1278,#1595,#1749,.T.);
#1749 = SURFACE_CURVE('',#1750,(#1754,#1761),.PCURVE_S1.);
#1750 = LINE('',#1751,#1752);
#1751 = CARTESIAN_POINT('',(0.5,-0.25,3.5E-02));
#1752 = VECTOR('',#1753,1.);
#1753 = DIRECTION('',(0.,1.,0.));
#1754 = PCURVE('',#1320,#1755);
#1755 = DEFINITIONAL_REPRESENTATION('',(#1756),#1760);
#1756 = LINE('',#1757,#1758);
#1757 = CARTESIAN_POINT('',(0.,0.));
#1758 = VECTOR('',#1759,1.);
#1759 = DIRECTION('',(0.,1.));
#1760 = ( GEOMETRIC_REPRESENTATION_CONTEXT(2) 
PARAMETRIC_REPRESENTATION_CONTEXT() REPRESENTATION_CONTEXT('2D SPACE',''
  ) );
#1761 = PCURVE('',#1293,#1762);
#1762 = DEFINITIONAL_REPRESENTATION('',(#1763),#1767);
#1763 = LINE('',#1764,#1765);
#1764 = CARTESIAN_POINT('',(3.5E-02,0.));
#1765 = VECTOR('',#1766,1.);
#1766 = DIRECTION('',(0.,-1.));
#1767 = ( GEOMETRIC_REPRESENTATION_CONTEXT(2) 
PARAMETRIC_REPRESENTATION_CONTEXT() REPRESENTATION_CONTEXT('2D SPACE',''
  ) );
#1768 = ADVANCED_FACE('',(#1769),#1293,.T.);
#1769 = FACE_BOUND('',#1770,.T.);
#1770 = EDGE_LOOP('',(#1771,#1772,#1773,#1774));
#1771 = ORIENTED_EDGE('',*,*,#1277,.F.);
#1772 = ORIENTED_EDGE('',*,*,#1748,.T.);
#1773 = ORIENTED_EDGE('',*,*,#1594,.T.);
#1774 = ORIENTED_EDGE('',*,*,#1775,.F.);
#1775 = EDGE_CURVE('',#1245,#1567,#1776,.T.);
#1776 = SURFACE_CURVE('',#1777,(#1781,#1788),.PCURVE_S1.);
#1777 = LINE('',#1778,#1779);
#1778 = CARTESIAN_POINT('',(0.5,-0.25,0.315));
#1779 = VECTOR('',#1780,1.);
#1780 = DIRECTION('',(0.,1.,0.));
#1781 = PCURVE('',#1293,#1782);
#1782 = DEFINITIONAL_REPRESENTATION('',(#1783),#1787);
#1783 = LINE('',#1784,#1785);
#1784 = CARTESIAN_POINT('',(0.315,0.));
#1785 = VECTOR('',#1786,1.);
#1786 = DIRECTION('',(0.,-1.));
#1787 = ( GEOMETRIC_REPRESENTATION_CONTEXT(2) 
PARAMETRIC_REPRESENTATION_CONTEXT() REPRESENTATION_CONTEXT('2D SPACE',''
  ) );
#1788 = PCURVE('',#1265,#1789);
#1789 = DEFINITIONAL_REPRESENTATION('',(#1790),#1794);
#1790 = LINE('',#1791,#1792);
#1791 = CARTESIAN_POINT('',(6.28318530718,0.));
#1792 = VECTOR('',#1793,1.);
#1793 = DIRECTION('',(0.,1.));
#1794 = ( GEOMETRIC_REPRESENTATION_CONTEXT(2) 
PARAMETRIC_REPRESENTATION_CONTEXT() REPRESENTATION_CONTEXT('2D SPACE',''
  ) );
#1795 = ADVANCED_FACE('',(#1796),#1265,.T.);
#1796 = FACE_BOUND('',#1797,.T.);
#1797 = EDGE_LOOP('',(#1798,#1799,#1800,#1821));
#1798 = ORIENTED_EDGE('',*,*,#1775,.T.);
#1799 = ORIENTED_EDGE('',*,*,#1566,.T.);
#1800 = ORIENTED_EDGE('',*,*,#1801,.F.);
#1801 = EDGE_CURVE('',#1217,#1544,#1802,.T.);
#1802 = SURFACE_CURVE('',#1803,(#1807,#1814),.PCURVE_S1.);
#1803 = LINE('',#1804,#1805);
#1804 = CARTESIAN_POINT('',(0.465,-0.25,0.35));
#1805 = VECTOR('',#1806,1.);
#1806 = DIRECTION('',(0.,1.,0.));
#1807 = PCURVE('',#1265,#1808);
#1808 = DEFINITIONAL_REPRESENTATION('',(#1809),#1813);
#1809 = LINE('',#1810,#1811);
#1810 = CARTESIAN_POINT('',(4.712388980385,0.));
#1811 = VECTOR('',#1812,1.);
#1812 = DIRECTION('',(0.,1.));
#1813 = ( GEOMETRIC_REPRESENTATION_CONTEXT(2) 
PARAMETRIC_REPRESENTATION_CONTEXT() REPRESENTATION_CONTEXT('2D SPACE',''
  ) );
#1814 = PCURVE('',#1232,#1815);
#1815 = DEFINITIONAL_REPRESENTATION('',(#1816),#1820);
#1816 = LINE('',#1817,#1818);
#1817 = CARTESIAN_POINT('',(0.165,0.));
#1818 = VECTOR('',#1819,1.);
#1819 = DIRECTION('',(0.,1.));
#1820 = ( GEOMETRIC_REPRESENTATION_CONTEXT(2) 
PARAMETRIC_REPRESENTATION_CONTEXT() REPRESENTATION_CONTEXT('2D SPACE',''
  ) );
#1821 = ORIENTED_EDGE('',*,*,#1244,.F.);
#1822 = ADVANCED_FACE('',(#1823),#1232,.T.);
#1823 = FACE_BOUND('',#1824,.T.);
#1824 = EDGE_LOOP('',(#1825,#1826,#1847,#1848));
#1825 = ORIENTED_EDGE('',*,*,#1543,.F.);
#1826 = ORIENTED_EDGE('',*,*,#1827,.F.);
#1827 = EDGE_CURVE('',#1188,#1520,#1828,.T.);
#1828 = SURFACE_CURVE('',#1829,(#1833,#1840),.PCURVE_S1.);
#1829 = LINE('',#1830,#1831);
#1830 = CARTESIAN_POINT('',(0.335,-0.25,0.35));
#1831 = VECTOR('',#1832,1.);
#1832 = DIRECTION('',(0.,1.,0.));
#1833 = PCURVE('',#1232,#1834);
#1834 = DEFINITIONAL_REPRESENTATION('',(#1835),#1839);
#1835 = LINE('',#1836,#1837);
#1836 = CARTESIAN_POINT('',(3.5E-02,0.));
#1837 = VECTOR('',#1838,1.);
#1838 = DIRECTION('',(0.,1.));
#1839 = ( GEOMETRIC_REPRESENTATION_CONTEXT(2) 
PARAMETRIC_REPRESENTATION_CONTEXT() REPRESENTATION_CONTEXT('2D SPACE',''
  ) );
#1840 = PCURVE('',#1204,#1841);
#1841 = DEFINITIONAL_REPRESENTATION('',(#1842),#1846);
#1842 = LINE('',#1843,#1844);
#1843 = CARTESIAN_POINT('',(1.570796326795,0.));
#1844 = VECTOR('',#1845,1.);
#1845 = DIRECTION('',(0.,1.));
#1846 = ( GEOMETRIC_REPRESENTATION_CONTEXT(2) 
PARAMETRIC_REPRESENTATION_CONTEXT() REPRESENTATION_CONTEXT('2D SPACE',''
  ) );
#1847 = ORIENTED_EDGE('',*,*,#1216,.T.);
#1848 = ORIENTED_EDGE('',*,*,#1801,.T.);
#1849 = ADVANCED_FACE('',(#1850),#1204,.T.);
#1850 = FACE_BOUND('',#1851,.T.);
#1851 = EDGE_LOOP('',(#1852,#1853,#1854,#1855));
#1852 = ORIENTED_EDGE('',*,*,#1187,.T.);
#1853 = ORIENTED_EDGE('',*,*,#1827,.T.);
#1854 = ORIENTED_EDGE('',*,*,#1519,.F.);
#1855 = ORIENTED_EDGE('',*,*,#1856,.F.);
#1856 = EDGE_CURVE('',#783,#971,#1857,.T.);
#1857 = SURFACE_CURVE('',#1858,(#1862,#1869),.PCURVE_S1.);
#1858 = LINE('',#1859,#1860);
#1859 = CARTESIAN_POINT('',(0.3,-0.25,0.315));
#1860 = VECTOR('',#1861,1.);
#1861 = DIRECTION('',(0.,1.,0.));
#1862 = PCURVE('',#1204,#1863);
#1863 = DEFINITIONAL_REPRESENTATION('',(#1864),#1868);
#1864 = LINE('',#1865,#1866);
#1865 = CARTESIAN_POINT('',(0.,0.));
#1866 = VECTOR('',#1867,1.);
#1867 = DIRECTION('',(0.,1.));
#1868 = ( GEOMETRIC_REPRESENTATION_CONTEXT(2) 
PARAMETRIC_REPRESENTATION_CONTEXT() REPRESENTATION_CONTEXT('2D SPACE',''
  ) );
#1869 = PCURVE('',#1401,#1870);
#1870 = DEFINITIONAL_REPRESENTATION('',(#1871),#1875);
#1871 = LINE('',#1872,#1873);
#1872 = CARTESIAN_POINT('',(0.,0.));
#1873 = VECTOR('',#1874,1.);
#1874 = DIRECTION('',(0.,-1.));
#1875 = ( GEOMETRIC_REPRESENTATION_CONTEXT(2) 
PARAMETRIC_REPRESENTATION_CONTEXT() REPRESENTATION_CONTEXT('2D SPACE',''
  ) );
#1876 = ADVANCED_FACE('',(#1877),#1401,.T.);
#1877 = FACE_BOUND('',#1878,.T.);
#1878 = EDGE_LOOP('',(#1879,#1880,#1881,#1882));
#1879 = ORIENTED_EDGE('',*,*,#1387,.F.);
#1880 = ORIENTED_EDGE('',*,*,#1856,.T.);
#1881 = ORIENTED_EDGE('',*,*,#1667,.T.);
#1882 = ORIENTED_EDGE('',*,*,#1883,.F.);
#1883 = EDGE_CURVE('',#1360,#1645,#1884,.T.);
#1884 = SURFACE_CURVE('',#1885,(#1889,#1896),.PCURVE_S1.);
#1885 = LINE('',#1886,#1887);
#1886 = CARTESIAN_POINT('',(0.3,-0.25,0.35));
#1887 = VECTOR('',#1888,1.);
#1888 = DIRECTION('',(0.,1.,0.));
#1889 = PCURVE('',#1401,#1890);
#1890 = DEFINITIONAL_REPRESENTATION('',(#1891),#1895);
#1891 = LINE('',#1892,#1893);
#1892 = CARTESIAN_POINT('',(3.5E-02,0.));
#1893 = VECTOR('',#1894,1.);
#1894 = DIRECTION('',(0.,-1.));
#1895 = ( GEOMETRIC_REPRESENTATION_CONTEXT(2) 
PARAMETRIC_REPRESENTATION_CONTEXT() REPRESENTATION_CONTEXT('2D SPACE',''
  ) );
#1896 = PCURVE('',#1375,#1897);
#1897 = DEFINITIONAL_REPRESENTATION('',(#1898),#1902);
#1898 = LINE('',#1899,#1900);
#1899 = CARTESIAN_POINT('',(0.6,0.));
#1900 = VECTOR('',#1901,1.);
#1901 = DIRECTION('',(0.,1.));
#1902 = ( GEOMETRIC_REPRESENTATION_CONTEXT(2) 
PARAMETRIC_REPRESENTATION_CONTEXT() REPRESENTATION_CONTEXT('2D SPACE',''
  ) );
#1903 = ADVANCED_FACE('',(#1904),#1375,.T.);
#1904 = FACE_BOUND('',#1905,.T.);
#1905 = EDGE_LOOP('',(#1906,#1907,#1908,#1909));
#1906 = ORIENTED_EDGE('',*,*,#1441,.F.);
#1907 = ORIENTED_EDGE('',*,*,#1359,.T.);
#1908 = ORIENTED_EDGE('',*,*,#1883,.T.);
#1909 = ORIENTED_EDGE('',*,*,#1644,.F.);
#1910 = ( GEOMETRIC_REPRESENTATION_CONTEXT(3) 
GLOBAL_UNCERTAINTY_ASSIGNED_CONTEXT((#1914)) 
GLOBAL_UNIT_ASSIGNED_CONTEXT((#1911,#1912,#1913)) REPRESENTATION_CONTEXT
('Context #1','3D Context with UNIT and UNCERTAINTY') );
#1911 = ( LENGTH_UNIT() NAMED_UNIT(*) SI_UNIT(.MILLI.,.METRE.) );
#1912 = ( NAMED_UNIT(*) PLANE_ANGLE_UNIT() SI_UNIT($,.RADIAN.) );
#1913 = ( NAMED_UNIT(*) SI_UNIT($,.STERADIAN.) SOLID_ANGLE_UNIT() );
#1914 = UNCERTAINTY_MEASURE_WITH_UNIT(LENGTH_MEASURE(1.E-02),#1911,
  'distance_accuracy_value','confusion accuracy');
#1915 = CONTEXT_DEPENDENT_SHAPE_REPRESENTATION(#1916,#1918);
#1916 = ( REPRESENTATION_RELATIONSHIP('','',#67,#44) 
REPRESENTATION_RELATIONSHIP_WITH_TRANSFORMATION(#1917) 
SHAPE_REPRESENTATION_RELATIONSHIP() );
#1917 = ITEM_DEFINED_TRANSFORMATION('','',#11,#45);
#1918 = PRODUCT_DEFINITION_SHAPE('Placement','Placement of an item',
  #1919);
#1919 = NEXT_ASSEMBLY_USAGE_OCCURRENCE('1','=>[0:1:1:3]','',#39,#62,$);
#1920 = PRODUCT_RELATED_PRODUCT_CATEGORY('part',$,(#64));
#1921 = SHAPE_DEFINITION_REPRESENTATION(#1922,#1928);
#1922 = PRODUCT_DEFINITION_SHAPE('','',#1923);
#1923 = PRODUCT_DEFINITION('design','',#1924,#1927);
#1924 = PRODUCT_DEFINITION_FORMATION('','',#1925);
#1925 = PRODUCT('SOIC-8_3.9x4.9mm_P1.27mm','SOIC-8_3.9x4.9mm_P1.27mm',''
  ,(#1926));
#1926 = PRODUCT_CONTEXT('',#2,'mechanical');
#1927 = PRODUCT_DEFINITION_CONTEXT('part definition',#2,'design');
#1928 = SHAPE_REPRESENTATION('',(#11,#1929),#1933);
#1929 = AXIS2_PLACEMENT_3D('',#1930,#1931,#1932);
#1930 = CARTESIAN_POINT('',(0.,0.,0.));
#1931 = DIRECTION('',(0.,0.,1.));
#1932 = DIRECTION('',(1.,0.,-0.));
#1933 = ( GEOMETRIC_REPRESENTATION_CONTEXT(3) 
GLOBAL_UNCERTAINTY_ASSIGNED_CONTEXT((#1937)) 
GLOBAL_UNIT_ASSIGNED_CONTEXT((#1934,#1935,#1936)) REPRESENTATION_CONTEXT
('Context #1','3D Context with UNIT and UNCERTAINTY') );
#1934 = ( LENGTH_UNIT() NAMED_UNIT(*) SI_UNIT(.MILLI.,.METRE.) );
#1935 = ( NAMED_UNIT(*) PLANE_ANGLE_UNIT() SI_UNIT($,.RADIAN.) );
#1936 = ( NAMED_UNIT(*) SI_UNIT($,.STERADIAN.) SOLID_ANGLE_UNIT() );
#1937 = UNCERTAINTY_MEASURE_WITH_UNIT(LENGTH_MEASURE(1.E-02),#1934,
  'distance_accuracy_value','confusion accuracy');
#1938 = CONTEXT_DEPENDENT_SHAPE_REPRESENTATION(#1939,#1941);
#1939 = ( REPRESENTATION_RELATIONSHIP('','',#1928,#10) 
REPRESENTATION_RELATIONSHIP_WITH_TRANSFORMATION(#1940) 
SHAPE_REPRESENTATION_RELATIONSHIP() );
#1940 = ITEM_DEFINED_TRANSFORMATION('','',#11,#19);
#1941 = PRODUCT_DEFINITION_SHAPE('Placement','Placement of an item',
  #1942);
#1942 = NEXT_ASSEMBLY_USAGE_OCCURRENCE('4','U1','',#5,#1923,$);
#1943 = PRODUCT_RELATED_PRODUCT_CATEGORY('part',$,(#1925));
#1944 = SHAPE_DEFINITION_REPRESENTATION(#1945,#1951);
#1945 = PRODUCT_DEFINITION_SHAPE('','',#1946);
#1946 = PRODUCT_DEFINITION('design','',#1947,#1950);
#1947 = PRODUCT_DEFINITION_FORMATION('','',#1948);
#1948 = PRODUCT('SOLID','SOLID','',(#1949));
#1949 = PRODUCT_CONTEXT('',#2,'mechanical');
#1950 = PRODUCT_DEFINITION_CONTEXT('part definition',#2,'design');
#1951 = ADVANCED_BREP_SHAPE_REPRESENTATION('',(#11,#1952),#12856);
#1952 = MANIFOLD_SOLID_BREP('',#1953);
#1953 = CLOSED_SHELL('',(#1954,#2084,#2160,#2236,#2494,#2717,#3014,#3041
    ,#3097,#3244,#3271,#3298,#3325,#3352,#3379,#3386,#3440,#3621,#3669,
    #3722,#3800,#3881,#3962,#4043,#4124,#4200,#4256,#4303,#4559,#4585,
    #4870,#4918,#4971,#5024,#5301,#5333,#5384,#5669,#5737,#5982,#6009,
    #6294,#6362,#6416,#6634,#6879,#6906,#6951,#7003,#7049,#7101,#7291,
    #7338,#7367,#7396,#7425,#7452,#7479,#7506,#7533,#7560,#7587,#7614,
    #7621,#7672,#7723,#7782,#7860,#7941,#8022,#8103,#8184,#8265,#8346,
    #8422,#8454,#8480,#8507,#8534,#8561,#8588,#8615,#8642,#8669,#8676,
    #8703,#8730,#8757,#8784,#8811,#8838,#8865,#8872,#8919,#8945,#8992,
    #9239,#9286,#9312,#9367,#9393,#9419,#9468,#9753,#10038,#10106,#10160
    ,#10378,#10623,#10650,#10718,#11003,#11288,#11356,#11410,#11628,
    #11873,#11900,#11945,#11952,#11981,#12010,#12039,#12068,#12072,
    #12099,#12126,#12153,#12180,#12207,#12234,#12261,#12268,#12295,
    #12322,#12349,#12376,#12403,#12430,#12457,#12464,#12491,#12518,
    #12545,#12572,#12599,#12626,#12653,#12660,#12687,#12714,#12741,
    #12768,#12795,#12822,#12849));
#1954 = ADVANCED_FACE('',(#1955),#1969,.F.);
#1955 = FACE_BOUND('',#1956,.F.);
#1956 = EDGE_LOOP('',(#1957,#1992,#2025,#2053));
#1957 = ORIENTED_EDGE('',*,*,#1958,.T.);
#1958 = EDGE_CURVE('',#1959,#1961,#1963,.T.);
#1959 = VERTEX_POINT('',#1960);
#1960 = CARTESIAN_POINT('',(2.25,2.11,0.825));
#1961 = VERTEX_POINT('',#1962);
#1962 = CARTESIAN_POINT('',(2.25,1.7,0.825));
#1963 = SURFACE_CURVE('',#1964,(#1968,#1980),.PCURVE_S1.);
#1964 = LINE('',#1965,#1966);
#1965 = CARTESIAN_POINT('',(2.25,2.11,0.825));
#1966 = VECTOR('',#1967,1.);
#1967 = DIRECTION('',(2.22044604925E-16,-1.,0.));
#1968 = PCURVE('',#1969,#1974);
#1969 = CYLINDRICAL_SURFACE('',#1970,0.1);
#1970 = AXIS2_PLACEMENT_3D('',#1971,#1972,#1973);
#1971 = CARTESIAN_POINT('',(2.25,2.11,0.725));
#1972 = DIRECTION('',(-2.22044604925E-16,1.,0.));
#1973 = DIRECTION('',(4.440892098501E-15,9.860761315262E-31,1.));
#1974 = DEFINITIONAL_REPRESENTATION('',(#1975),#1979);
#1975 = LINE('',#1976,#1977);
#1976 = CARTESIAN_POINT('',(0.,0.));
#1977 = VECTOR('',#1978,1.);
#1978 = DIRECTION('',(0.,-1.));
#1979 = ( GEOMETRIC_REPRESENTATION_CONTEXT(2) 
PARAMETRIC_REPRESENTATION_CONTEXT() REPRESENTATION_CONTEXT('2D SPACE',''
  ) );
#1980 = PCURVE('',#1981,#1986);
#1981 = PLANE('',#1982);
#1982 = AXIS2_PLACEMENT_3D('',#1983,#1984,#1985);
#1983 = CARTESIAN_POINT('',(1.8,2.11,0.825));
#1984 = DIRECTION('',(0.,0.,1.));
#1985 = DIRECTION('',(1.,2.22044604925E-16,-0.));
#1986 = DEFINITIONAL_REPRESENTATION('',(#1987),#1991);
#1987 = LINE('',#1988,#1989);
#1988 = CARTESIAN_POINT('',(0.45,-9.992007221625E-17));
#1989 = VECTOR('',#1990,1.);
#1990 = DIRECTION('',(0.,-1.));
#1991 = ( GEOMETRIC_REPRESENTATION_CONTEXT(2) 
PARAMETRIC_REPRESENTATION_CONTEXT() REPRESENTATION_CONTEXT('2D SPACE',''
  ) );
#1992 = ORIENTED_EDGE('',*,*,#1993,.T.);
#1993 = EDGE_CURVE('',#1961,#1994,#1996,.T.);
#1994 = VERTEX_POINT('',#1995);
#1995 = CARTESIAN_POINT('',(2.35,1.7,0.725));
#1996 = SURFACE_CURVE('',#1997,(#2002,#2009),.PCURVE_S1.);
#1997 = CIRCLE('',#1998,0.1);
#1998 = AXIS2_PLACEMENT_3D('',#1999,#2000,#2001);
#1999 = CARTESIAN_POINT('',(2.25,1.7,0.725));
#2000 = DIRECTION('',(-2.22044604925E-16,1.,0.));
#2001 = DIRECTION('',(4.440892098501E-15,9.860761315262E-31,1.));
#2002 = PCURVE('',#1969,#2003);
#2003 = DEFINITIONAL_REPRESENTATION('',(#2004),#2008);
#2004 = LINE('',#2005,#2006);
#2005 = CARTESIAN_POINT('',(0.,-0.41));
#2006 = VECTOR('',#2007,1.);
#2007 = DIRECTION('',(1.,0.));
#2008 = ( GEOMETRIC_REPRESENTATION_CONTEXT(2) 
PARAMETRIC_REPRESENTATION_CONTEXT() REPRESENTATION_CONTEXT('2D SPACE',''
  ) );
#2009 = PCURVE('',#2010,#2015);
#2010 = PLANE('',#2011);
#2011 = AXIS2_PLACEMENT_3D('',#2012,#2013,#2014);
#2012 = CARTESIAN_POINT('',(2.41578967201,1.7,0.532659657565));
#2013 = DIRECTION('',(2.22044604925E-16,-1.,0.));
#2014 = DIRECTION('',(0.,0.,1.));
#2015 = DEFINITIONAL_REPRESENTATION('',(#2016),#2024);
#2016 = ( BOUNDED_CURVE() B_SPLINE_CURVE(2,(#2017,#2018,#2019,#2020,
#2021,#2022,#2023),.UNSPECIFIED.,.T.,.F.) B_SPLINE_CURVE_WITH_KNOTS((1,2
    ,2,2,2,1),(-2.094395102393,0.,2.094395102393,4.188790204786,
6.28318530718,8.377580409573),.UNSPECIFIED.) CURVE() 
GEOMETRIC_REPRESENTATION_ITEM() RATIONAL_B_SPLINE_CURVE((1.,0.5,1.,0.5,
1.,0.5,1.)) REPRESENTATION_ITEM('') );
#2017 = CARTESIAN_POINT('',(0.292340342435,0.16578967201));
#2018 = CARTESIAN_POINT('',(0.292340342435,-7.415408746888E-03));
#2019 = CARTESIAN_POINT('',(0.142340342435,7.918713163156E-02));
#2020 = CARTESIAN_POINT('',(-7.659657565E-03,0.16578967201));
#2021 = CARTESIAN_POINT('',(0.142340342435,0.252392212388));
#2022 = CARTESIAN_POINT('',(0.292340342435,0.338994752767));
#2023 = CARTESIAN_POINT('',(0.292340342435,0.16578967201));
#2024 = ( GEOMETRIC_REPRESENTATION_CONTEXT(2) 
PARAMETRIC_REPRESENTATION_CONTEXT() REPRESENTATION_CONTEXT('2D SPACE',''
  ) );
#2025 = ORIENTED_EDGE('',*,*,#2026,.F.);
#2026 = EDGE_CURVE('',#2027,#1994,#2029,.T.);
#2027 = VERTEX_POINT('',#2028);
#2028 = CARTESIAN_POINT('',(2.35,2.11,0.725));
#2029 = SURFACE_CURVE('',#2030,(#2034,#2041),.PCURVE_S1.);
#2030 = LINE('',#2031,#2032);
#2031 = CARTESIAN_POINT('',(2.35,2.11,0.725));
#2032 = VECTOR('',#2033,1.);
#2033 = DIRECTION('',(2.22044604925E-16,-1.,0.));
#2034 = PCURVE('',#1969,#2035);
#2035 = DEFINITIONAL_REPRESENTATION('',(#2036),#2040);
#2036 = LINE('',#2037,#2038);
#2037 = CARTESIAN_POINT('',(1.570796326795,0.));
#2038 = VECTOR('',#2039,1.);
#2039 = DIRECTION('',(0.,-1.));
#2040 = ( GEOMETRIC_REPRESENTATION_CONTEXT(2) 
PARAMETRIC_REPRESENTATION_CONTEXT() REPRESENTATION_CONTEXT('2D SPACE',''
  ) );
#2041 = PCURVE('',#2042,#2047);
#2042 = PLANE('',#2043);
#2043 = AXIS2_PLACEMENT_3D('',#2044,#2045,#2046);
#2044 = CARTESIAN_POINT('',(2.35,2.11,0.725));
#2045 = DIRECTION('',(1.,2.22044604925E-16,1.044915787883E-15));
#2046 = DIRECTION('',(1.044915787883E-15,2.320179133003E-31,-1.));
#2047 = DEFINITIONAL_REPRESENTATION('',(#2048),#2052);
#2048 = LINE('',#2049,#2050);
#2049 = CARTESIAN_POINT('',(0.,0.));
#2050 = VECTOR('',#2051,1.);
#2051 = DIRECTION('',(7.584527938158E-44,-1.));
#2052 = ( GEOMETRIC_REPRESENTATION_CONTEXT(2) 
PARAMETRIC_REPRESENTATION_CONTEXT() REPRESENTATION_CONTEXT('2D SPACE',''
  ) );
#2053 = ORIENTED_EDGE('',*,*,#2054,.F.);
#2054 = EDGE_CURVE('',#1959,#2027,#2055,.T.);
#2055 = SURFACE_CURVE('',#2056,(#2061,#2068),.PCURVE_S1.);
#2056 = CIRCLE('',#2057,0.1);
#2057 = AXIS2_PLACEMENT_3D('',#2058,#2059,#2060);
#2058 = CARTESIAN_POINT('',(2.25,2.11,0.725));
#2059 = DIRECTION('',(-2.22044604925E-16,1.,0.));
#2060 = DIRECTION('',(4.440892098501E-15,9.860761315262E-31,1.));
#2061 = PCURVE('',#1969,#2062);
#2062 = DEFINITIONAL_REPRESENTATION('',(#2063),#2067);
#2063 = LINE('',#2064,#2065);
#2064 = CARTESIAN_POINT('',(0.,0.));
#2065 = VECTOR('',#2066,1.);
#2066 = DIRECTION('',(1.,0.));
#2067 = ( GEOMETRIC_REPRESENTATION_CONTEXT(2) 
PARAMETRIC_REPRESENTATION_CONTEXT() REPRESENTATION_CONTEXT('2D SPACE',''
  ) );
#2068 = PCURVE('',#2069,#2074);
#2069 = PLANE('',#2070);
#2070 = AXIS2_PLACEMENT_3D('',#2071,#2072,#2073);
#2071 = CARTESIAN_POINT('',(2.41578967201,2.11,0.532659657565));
#2072 = DIRECTION('',(2.22044604925E-16,-1.,0.));
#2073 = DIRECTION('',(0.,0.,1.));
#2074 = DEFINITIONAL_REPRESENTATION('',(#2075),#2083);
#2075 = ( BOUNDED_CURVE() B_SPLINE_CURVE(2,(#2076,#2077,#2078,#2079,
#2080,#2081,#2082),.UNSPECIFIED.,.T.,.F.) B_SPLINE_CURVE_WITH_KNOTS((1,2
    ,2,2,2,1),(-2.094395102393,0.,2.094395102393,4.188790204786,
6.28318530718,8.377580409573),.UNSPECIFIED.) CURVE() 
GEOMETRIC_REPRESENTATION_ITEM() RATIONAL_B_SPLINE_CURVE((1.,0.5,1.,0.5,
1.,0.5,1.)) REPRESENTATION_ITEM('') );
#2076 = CARTESIAN_POINT('',(0.292340342435,0.16578967201));
#2077 = CARTESIAN_POINT('',(0.292340342435,-7.415408746888E-03));
#2078 = CARTESIAN_POINT('',(0.142340342435,7.918713163156E-02));
#2079 = CARTESIAN_POINT('',(-7.659657565E-03,0.16578967201));
#2080 = CARTESIAN_POINT('',(0.142340342435,0.252392212388));
#2081 = CARTESIAN_POINT('',(0.292340342435,0.338994752767));
#2082 = CARTESIAN_POINT('',(0.292340342435,0.16578967201));
#2083 = ( GEOMETRIC_REPRESENTATION_CONTEXT(2) 
PARAMETRIC_REPRESENTATION_CONTEXT() REPRESENTATION_CONTEXT('2D SPACE',''
  ) );
#2084 = ADVANCED_FACE('',(#2085),#1981,.F.);
#2085 = FACE_BOUND('',#2086,.F.);
#2086 = EDGE_LOOP('',(#2087,#2110,#2138,#2159));
#2087 = ORIENTED_EDGE('',*,*,#2088,.F.);
#2088 = EDGE_CURVE('',#2089,#1959,#2091,.T.);
#2089 = VERTEX_POINT('',#2090);
#2090 = CARTESIAN_POINT('',(1.95,2.11,0.825));
#2091 = SURFACE_CURVE('',#2092,(#2096,#2103),.PCURVE_S1.);
#2092 = LINE('',#2093,#2094);
#2093 = CARTESIAN_POINT('',(1.8,2.11,0.825));
#2094 = VECTOR('',#2095,1.);
#2095 = DIRECTION('',(1.,2.22044604925E-16,0.));
#2096 = PCURVE('',#1981,#2097);
#2097 = DEFINITIONAL_REPRESENTATION('',(#2098),#2102);
#2098 = LINE('',#2099,#2100);
#2099 = CARTESIAN_POINT('',(0.,0.));
#2100 = VECTOR('',#2101,1.);
#2101 = DIRECTION('',(1.,0.));
#2102 = ( GEOMETRIC_REPRESENTATION_CONTEXT(2) 
PARAMETRIC_REPRESENTATION_CONTEXT() REPRESENTATION_CONTEXT('2D SPACE',''
  ) );
#2103 = PCURVE('',#2069,#2104);
#2104 = DEFINITIONAL_REPRESENTATION('',(#2105),#2109);
#2105 = LINE('',#2106,#2107);
#2106 = CARTESIAN_POINT('',(0.292340342435,0.61578967201));
#2107 = VECTOR('',#2108,1.);
#2108 = DIRECTION('',(0.,-1.));
#2109 = ( GEOMETRIC_REPRESENTATION_CONTEXT(2) 
PARAMETRIC_REPRESENTATION_CONTEXT() REPRESENTATION_CONTEXT('2D SPACE',''
  ) );
#2110 = ORIENTED_EDGE('',*,*,#2111,.T.);
#2111 = EDGE_CURVE('',#2089,#2112,#2114,.T.);
#2112 = VERTEX_POINT('',#2113);
#2113 = CARTESIAN_POINT('',(1.95,1.7,0.825));
#2114 = SURFACE_CURVE('',#2115,(#2119,#2126),.PCURVE_S1.);
#2115 = LINE('',#2116,#2117);
#2116 = CARTESIAN_POINT('',(1.95,2.275,0.825));
#2117 = VECTOR('',#2118,1.);
#2118 = DIRECTION('',(2.22044604925E-16,-1.,0.));
#2119 = PCURVE('',#1981,#2120);
#2120 = DEFINITIONAL_REPRESENTATION('',(#2121),#2125);
#2121 = LINE('',#2122,#2123);
#2122 = CARTESIAN_POINT('',(0.15,0.165));
#2123 = VECTOR('',#2124,1.);
#2124 = DIRECTION('',(0.,-1.));
#2125 = ( GEOMETRIC_REPRESENTATION_CONTEXT(2) 
PARAMETRIC_REPRESENTATION_CONTEXT() REPRESENTATION_CONTEXT('2D SPACE',''
  ) );
#2126 = PCURVE('',#2127,#2132);
#2127 = B_SPLINE_SURFACE_WITH_KNOTS('',1,1,(
    (#2128,#2129)
    ,(#2130,#2131
    )),.UNSPECIFIED.,.F.,.F.,.F.,(2,2),(2,2),(0.,4.55),(0.,1.),
  .PIECEWISE_BEZIER_KNOTS.);
#2128 = CARTESIAN_POINT('',(1.835171280765,2.217585640382,0.1));
#2129 = CARTESIAN_POINT('',(1.95,2.275,0.825));
#2130 = CARTESIAN_POINT('',(1.835171280765,-2.217585640382,0.1));
#2131 = CARTESIAN_POINT('',(1.95,-2.275,0.825));
#2132 = DEFINITIONAL_REPRESENTATION('',(#2133),#2137);
#2133 = LINE('',#2134,#2135);
#2134 = CARTESIAN_POINT('',(1.665334536938E-16,1.));
#2135 = VECTOR('',#2136,1.);
#2136 = DIRECTION('',(1.,2.707861035671E-16));
#2137 = ( GEOMETRIC_REPRESENTATION_CONTEXT(2) 
PARAMETRIC_REPRESENTATION_CONTEXT() REPRESENTATION_CONTEXT('2D SPACE',''
  ) );
#2138 = ORIENTED_EDGE('',*,*,#2139,.T.);
#2139 = EDGE_CURVE('',#2112,#1961,#2140,.T.);
#2140 = SURFACE_CURVE('',#2141,(#2145,#2152),.PCURVE_S1.);
#2141 = LINE('',#2142,#2143);
#2142 = CARTESIAN_POINT('',(1.8,1.7,0.825));
#2143 = VECTOR('',#2144,1.);
#2144 = DIRECTION('',(1.,2.22044604925E-16,0.));
#2145 = PCURVE('',#1981,#2146);
#2146 = DEFINITIONAL_REPRESENTATION('',(#2147),#2151);
#2147 = LINE('',#2148,#2149);
#2148 = CARTESIAN_POINT('',(-9.103828801925E-17,-0.41));
#2149 = VECTOR('',#2150,1.);
#2150 = DIRECTION('',(1.,0.));
#2151 = ( GEOMETRIC_REPRESENTATION_CONTEXT(2) 
PARAMETRIC_REPRESENTATION_CONTEXT() REPRESENTATION_CONTEXT('2D SPACE',''
  ) );
#2152 = PCURVE('',#2010,#2153);
#2153 = DEFINITIONAL_REPRESENTATION('',(#2154),#2158);
#2154 = LINE('',#2155,#2156);
#2155 = CARTESIAN_POINT('',(0.292340342435,0.61578967201));
#2156 = VECTOR('',#2157,1.);
#2157 = DIRECTION('',(0.,-1.));
#2158 = ( GEOMETRIC_REPRESENTATION_CONTEXT(2) 
PARAMETRIC_REPRESENTATION_CONTEXT() REPRESENTATION_CONTEXT('2D SPACE',''
  ) );
#2159 = ORIENTED_EDGE('',*,*,#1958,.F.);
#2160 = ADVANCED_FACE('',(#2161),#2042,.F.);
#2161 = FACE_BOUND('',#2162,.F.);
#2162 = EDGE_LOOP('',(#2163,#2164,#2187,#2215));
#2163 = ORIENTED_EDGE('',*,*,#2026,.T.);
#2164 = ORIENTED_EDGE('',*,*,#2165,.T.);
#2165 = EDGE_CURVE('',#1994,#2166,#2168,.T.);
#2166 = VERTEX_POINT('',#2167);
#2167 = CARTESIAN_POINT('',(2.35,1.7,0.3));
#2168 = SURFACE_CURVE('',#2169,(#2173,#2180),.PCURVE_S1.);
#2169 = LINE('',#2170,#2171);
#2170 = CARTESIAN_POINT('',(2.35,1.7,0.725));
#2171 = VECTOR('',#2172,1.);
#2172 = DIRECTION('',(1.044915787883E-15,2.320179133003E-31,-1.));
#2173 = PCURVE('',#2042,#2174);
#2174 = DEFINITIONAL_REPRESENTATION('',(#2175),#2179);
#2175 = LINE('',#2176,#2177);
#2176 = CARTESIAN_POINT('',(-9.512734445312E-32,-0.41));
#2177 = VECTOR('',#2178,1.);
#2178 = DIRECTION('',(1.,0.));
#2179 = ( GEOMETRIC_REPRESENTATION_CONTEXT(2) 
PARAMETRIC_REPRESENTATION_CONTEXT() REPRESENTATION_CONTEXT('2D SPACE',''
  ) );
#2180 = PCURVE('',#2010,#2181);
#2181 = DEFINITIONAL_REPRESENTATION('',(#2182),#2186);
#2182 = LINE('',#2183,#2184);
#2183 = CARTESIAN_POINT('',(0.192340342435,6.578967201E-02));
#2184 = VECTOR('',#2185,1.);
#2185 = DIRECTION('',(-1.,-1.044915787883E-15));
#2186 = ( GEOMETRIC_REPRESENTATION_CONTEXT(2) 
PARAMETRIC_REPRESENTATION_CONTEXT() REPRESENTATION_CONTEXT('2D SPACE',''
  ) );
#2187 = ORIENTED_EDGE('',*,*,#2188,.F.);
#2188 = EDGE_CURVE('',#2189,#2166,#2191,.T.);
#2189 = VERTEX_POINT('',#2190);
#2190 = CARTESIAN_POINT('',(2.35,2.11,0.3));
#2191 = SURFACE_CURVE('',#2192,(#2196,#2203),.PCURVE_S1.);
#2192 = LINE('',#2193,#2194);
#2193 = CARTESIAN_POINT('',(2.35,2.11,0.3));
#2194 = VECTOR('',#2195,1.);
#2195 = DIRECTION('',(2.22044604925E-16,-1.,0.));
#2196 = PCURVE('',#2042,#2197);
#2197 = DEFINITIONAL_REPRESENTATION('',(#2198),#2202);
#2198 = LINE('',#2199,#2200);
#2199 = CARTESIAN_POINT('',(0.425,-9.860761315258E-32));
#2200 = VECTOR('',#2201,1.);
#2201 = DIRECTION('',(7.584527938158E-44,-1.));
#2202 = ( GEOMETRIC_REPRESENTATION_CONTEXT(2) 
PARAMETRIC_REPRESENTATION_CONTEXT() REPRESENTATION_CONTEXT('2D SPACE',''
  ) );
#2203 = PCURVE('',#2204,#2209);
#2204 = CYLINDRICAL_SURFACE('',#2205,0.3);
#2205 = AXIS2_PLACEMENT_3D('',#2206,#2207,#2208);
#2206 = CARTESIAN_POINT('',(2.65,2.11,0.3));
#2207 = DIRECTION('',(-2.22044604925E-16,1.,-0.));
#2208 = DIRECTION('',(-1.,-2.22044604925E-16,3.515706244646E-15));
#2209 = DEFINITIONAL_REPRESENTATION('',(#2210),#2214);
#2210 = LINE('',#2211,#2212);
#2211 = CARTESIAN_POINT('',(6.28318530718,0.));
#2212 = VECTOR('',#2213,1.);
#2213 = DIRECTION('',(0.,-1.));
#2214 = ( GEOMETRIC_REPRESENTATION_CONTEXT(2) 
PARAMETRIC_REPRESENTATION_CONTEXT() REPRESENTATION_CONTEXT('2D SPACE',''
  ) );
#2215 = ORIENTED_EDGE('',*,*,#2216,.F.);
#2216 = EDGE_CURVE('',#2027,#2189,#2217,.T.);
#2217 = SURFACE_CURVE('',#2218,(#2222,#2229),.PCURVE_S1.);
#2218 = LINE('',#2219,#2220);
#2219 = CARTESIAN_POINT('',(2.35,2.11,0.725));
#2220 = VECTOR('',#2221,1.);
#2221 = DIRECTION('',(1.044915787883E-15,2.320179133003E-31,-1.));
#2222 = PCURVE('',#2042,#2223);
#2223 = DEFINITIONAL_REPRESENTATION('',(#2224),#2228);
#2224 = LINE('',#2225,#2226);
#2225 = CARTESIAN_POINT('',(0.,0.));
#2226 = VECTOR('',#2227,1.);
#2227 = DIRECTION('',(1.,0.));
#2228 = ( GEOMETRIC_REPRESENTATION_CONTEXT(2) 
PARAMETRIC_REPRESENTATION_CONTEXT() REPRESENTATION_CONTEXT('2D SPACE',''
  ) );
#2229 = PCURVE('',#2069,#2230);
#2230 = DEFINITIONAL_REPRESENTATION('',(#2231),#2235);
#2231 = LINE('',#2232,#2233);
#2232 = CARTESIAN_POINT('',(0.192340342435,6.578967201E-02));
#2233 = VECTOR('',#2234,1.);
#2234 = DIRECTION('',(-1.,-1.044915787883E-15));
#2235 = ( GEOMETRIC_REPRESENTATION_CONTEXT(2) 
PARAMETRIC_REPRESENTATION_CONTEXT() REPRESENTATION_CONTEXT('2D SPACE',''
  ) );
#2236 = ADVANCED_FACE('',(#2237),#2069,.F.);
#2237 = FACE_BOUND('',#2238,.F.);
#2238 = EDGE_LOOP('',(#2239,#2267,#2268,#2269,#2270,#2294,#2322,#2350,
    #2378,#2411,#2439,#2468));
#2239 = ORIENTED_EDGE('',*,*,#2240,.F.);
#2240 = EDGE_CURVE('',#2089,#2241,#2243,.T.);
#2241 = VERTEX_POINT('',#2242);
#2242 = CARTESIAN_POINT('',(1.95,2.11,1.025));
#2243 = SURFACE_CURVE('',#2244,(#2248,#2255),.PCURVE_S1.);
#2244 = LINE('',#2245,#2246);
#2245 = CARTESIAN_POINT('',(1.95,2.11,0.778829828783));
#2246 = VECTOR('',#2247,1.);
#2247 = DIRECTION('',(0.,0.,1.));
#2248 = PCURVE('',#2069,#2249);
#2249 = DEFINITIONAL_REPRESENTATION('',(#2250),#2254);
#2250 = LINE('',#2251,#2252);
#2251 = CARTESIAN_POINT('',(0.246170171218,0.46578967201));
#2252 = VECTOR('',#2253,1.);
#2253 = DIRECTION('',(1.,0.));
#2254 = ( GEOMETRIC_REPRESENTATION_CONTEXT(2) 
PARAMETRIC_REPRESENTATION_CONTEXT() REPRESENTATION_CONTEXT('2D SPACE',''
  ) );
#2255 = PCURVE('',#2256,#2261);
#2256 = PLANE('',#2257);
#2257 = AXIS2_PLACEMENT_3D('',#2258,#2259,#2260);
#2258 = CARTESIAN_POINT('',(1.95,2.275,1.025));
#2259 = DIRECTION('',(-1.,-2.22044604925E-16,0.));
#2260 = DIRECTION('',(2.22044604925E-16,-1.,0.));
#2261 = DEFINITIONAL_REPRESENTATION('',(#2262),#2266);
#2262 = LINE('',#2263,#2264);
#2263 = CARTESIAN_POINT('',(0.165,-0.246170171217));
#2264 = VECTOR('',#2265,1.);
#2265 = DIRECTION('',(0.,1.));
#2266 = ( GEOMETRIC_REPRESENTATION_CONTEXT(2) 
PARAMETRIC_REPRESENTATION_CONTEXT() REPRESENTATION_CONTEXT('2D SPACE',''
  ) );
#2267 = ORIENTED_EDGE('',*,*,#2088,.T.);
#2268 = ORIENTED_EDGE('',*,*,#2054,.T.);
#2269 = ORIENTED_EDGE('',*,*,#2216,.T.);
#2270 = ORIENTED_EDGE('',*,*,#2271,.T.);
#2271 = EDGE_CURVE('',#2189,#2272,#2274,.T.);
#2272 = VERTEX_POINT('',#2273);
#2273 = CARTESIAN_POINT('',(2.65,2.11,5.551115123126E-17));
#2274 = SURFACE_CURVE('',#2275,(#2280,#2287),.PCURVE_S1.);
#2275 = CIRCLE('',#2276,0.3);
#2276 = AXIS2_PLACEMENT_3D('',#2277,#2278,#2279);
#2277 = CARTESIAN_POINT('',(2.65,2.11,0.3));
#2278 = DIRECTION('',(2.22044604925E-16,-1.,0.));
#2279 = DIRECTION('',(-1.,-2.22044604925E-16,3.515706244646E-15));
#2280 = PCURVE('',#2069,#2281);
#2281 = DEFINITIONAL_REPRESENTATION('',(#2282),#2286);
#2282 = CIRCLE('',#2283,0.3);
#2283 = AXIS2_PLACEMENT_2D('',#2284,#2285);
#2284 = CARTESIAN_POINT('',(-0.232659657565,-0.23421032799));
#2285 = DIRECTION('',(3.515706244646E-15,1.));
#2286 = ( GEOMETRIC_REPRESENTATION_CONTEXT(2) 
PARAMETRIC_REPRESENTATION_CONTEXT() REPRESENTATION_CONTEXT('2D SPACE',''
  ) );
#2287 = PCURVE('',#2204,#2288);
#2288 = DEFINITIONAL_REPRESENTATION('',(#2289),#2293);
#2289 = LINE('',#2290,#2291);
#2290 = CARTESIAN_POINT('',(6.28318530718,0.));
#2291 = VECTOR('',#2292,1.);
#2292 = DIRECTION('',(-1.,0.));
#2293 = ( GEOMETRIC_REPRESENTATION_CONTEXT(2) 
PARAMETRIC_REPRESENTATION_CONTEXT() REPRESENTATION_CONTEXT('2D SPACE',''
  ) );
#2294 = ORIENTED_EDGE('',*,*,#2295,.T.);
#2295 = EDGE_CURVE('',#2272,#2296,#2298,.T.);
#2296 = VERTEX_POINT('',#2297);
#2297 = CARTESIAN_POINT('',(3.,2.11,5.551115123126E-17));
#2298 = SURFACE_CURVE('',#2299,(#2303,#2310),.PCURVE_S1.);
#2299 = LINE('',#2300,#2301);
#2300 = CARTESIAN_POINT('',(2.65,2.11,5.551115123126E-17));
#2301 = VECTOR('',#2302,1.);
#2302 = DIRECTION('',(1.,2.22044604925E-16,0.));
#2303 = PCURVE('',#2069,#2304);
#2304 = DEFINITIONAL_REPRESENTATION('',(#2305),#2309);
#2305 = LINE('',#2306,#2307);
#2306 = CARTESIAN_POINT('',(-0.532659657565,-0.23421032799));
#2307 = VECTOR('',#2308,1.);
#2308 = DIRECTION('',(0.,-1.));
#2309 = ( GEOMETRIC_REPRESENTATION_CONTEXT(2) 
PARAMETRIC_REPRESENTATION_CONTEXT() REPRESENTATION_CONTEXT('2D SPACE',''
  ) );
#2310 = PCURVE('',#2311,#2316);
#2311 = PLANE('',#2312);
#2312 = AXIS2_PLACEMENT_3D('',#2313,#2314,#2315);
#2313 = CARTESIAN_POINT('',(2.65,2.11,5.551115123126E-17));
#2314 = DIRECTION('',(0.,0.,1.));
#2315 = DIRECTION('',(1.,2.22044604925E-16,-0.));
#2316 = DEFINITIONAL_REPRESENTATION('',(#2317),#2321);
#2317 = LINE('',#2318,#2319);
#2318 = CARTESIAN_POINT('',(0.,0.));
#2319 = VECTOR('',#2320,1.);
#2320 = DIRECTION('',(1.,0.));
#2321 = ( GEOMETRIC_REPRESENTATION_CONTEXT(2) 
PARAMETRIC_REPRESENTATION_CONTEXT() REPRESENTATION_CONTEXT('2D SPACE',''
  ) );
#2322 = ORIENTED_EDGE('',*,*,#2323,.T.);
#2323 = EDGE_CURVE('',#2296,#2324,#2326,.T.);
#2324 = VERTEX_POINT('',#2325);
#2325 = CARTESIAN_POINT('',(3.,2.11,0.2));
#2326 = SURFACE_CURVE('',#2327,(#2331,#2338),.PCURVE_S1.);
#2327 = LINE('',#2328,#2329);
#2328 = CARTESIAN_POINT('',(3.,2.11,5.551115123126E-17));
#2329 = VECTOR('',#2330,1.);
#2330 = DIRECTION('',(0.,0.,1.));
#2331 = PCURVE('',#2069,#2332);
#2332 = DEFINITIONAL_REPRESENTATION('',(#2333),#2337);
#2333 = LINE('',#2334,#2335);
#2334 = CARTESIAN_POINT('',(-0.532659657565,-0.58421032799));
#2335 = VECTOR('',#2336,1.);
#2336 = DIRECTION('',(1.,0.));
#2337 = ( GEOMETRIC_REPRESENTATION_CONTEXT(2) 
PARAMETRIC_REPRESENTATION_CONTEXT() REPRESENTATION_CONTEXT('2D SPACE',''
  ) );
#2338 = PCURVE('',#2339,#2344);
#2339 = PLANE('',#2340);
#2340 = AXIS2_PLACEMENT_3D('',#2341,#2342,#2343);
#2341 = CARTESIAN_POINT('',(3.,2.11,5.551115123126E-17));
#2342 = DIRECTION('',(-1.,-2.22044604925E-16,0.));
#2343 = DIRECTION('',(0.,0.,1.));
#2344 = DEFINITIONAL_REPRESENTATION('',(#2345),#2349);
#2345 = LINE('',#2346,#2347);
#2346 = CARTESIAN_POINT('',(0.,0.));
#2347 = VECTOR('',#2348,1.);
#2348 = DIRECTION('',(1.,0.));
#2349 = ( GEOMETRIC_REPRESENTATION_CONTEXT(2) 
PARAMETRIC_REPRESENTATION_CONTEXT() REPRESENTATION_CONTEXT('2D SPACE',''
  ) );
#2350 = ORIENTED_EDGE('',*,*,#2351,.T.);
#2351 = EDGE_CURVE('',#2324,#2352,#2354,.T.);
#2352 = VERTEX_POINT('',#2353);
#2353 = CARTESIAN_POINT('',(2.65,2.11,0.2));
#2354 = SURFACE_CURVE('',#2355,(#2359,#2366),.PCURVE_S1.);
#2355 = LINE('',#2356,#2357);
#2356 = CARTESIAN_POINT('',(3.,2.11,0.2));
#2357 = VECTOR('',#2358,1.);
#2358 = DIRECTION('',(-1.,-2.22044604925E-16,0.));
#2359 = PCURVE('',#2069,#2360);
#2360 = DEFINITIONAL_REPRESENTATION('',(#2361),#2365);
#2361 = LINE('',#2362,#2363);
#2362 = CARTESIAN_POINT('',(-0.332659657565,-0.58421032799));
#2363 = VECTOR('',#2364,1.);
#2364 = DIRECTION('',(0.,1.));
#2365 = ( GEOMETRIC_REPRESENTATION_CONTEXT(2) 
PARAMETRIC_REPRESENTATION_CONTEXT() REPRESENTATION_CONTEXT('2D SPACE',''
  ) );
#2366 = PCURVE('',#2367,#2372);
#2367 = PLANE('',#2368);
#2368 = AXIS2_PLACEMENT_3D('',#2369,#2370,#2371);
#2369 = CARTESIAN_POINT('',(3.,2.11,0.2));
#2370 = DIRECTION('',(0.,0.,-1.));
#2371 = DIRECTION('',(-1.,-2.22044604925E-16,-0.));
#2372 = DEFINITIONAL_REPRESENTATION('',(#2373),#2377);
#2373 = LINE('',#2374,#2375);
#2374 = CARTESIAN_POINT('',(-0.,0.));
#2375 = VECTOR('',#2376,1.);
#2376 = DIRECTION('',(1.,0.));
#2377 = ( GEOMETRIC_REPRESENTATION_CONTEXT(2) 
PARAMETRIC_REPRESENTATION_CONTEXT() REPRESENTATION_CONTEXT('2D SPACE',''
  ) );
#2378 = ORIENTED_EDGE('',*,*,#2379,.T.);
#2379 = EDGE_CURVE('',#2352,#2380,#2382,.T.);
#2380 = VERTEX_POINT('',#2381);
#2381 = CARTESIAN_POINT('',(2.55,2.11,0.3));
#2382 = SURFACE_CURVE('',#2383,(#2388,#2399),.PCURVE_S1.);
#2383 = CIRCLE('',#2384,0.1);
#2384 = AXIS2_PLACEMENT_3D('',#2385,#2386,#2387);
#2385 = CARTESIAN_POINT('',(2.65,2.11,0.3));
#2386 = DIRECTION('',(-2.22044604925E-16,1.,0.));
#2387 = DIRECTION('',(0.,0.,-1.));
#2388 = PCURVE('',#2069,#2389);
#2389 = DEFINITIONAL_REPRESENTATION('',(#2390),#2398);
#2390 = ( BOUNDED_CURVE() B_SPLINE_CURVE(2,(#2391,#2392,#2393,#2394,
#2395,#2396,#2397),.UNSPECIFIED.,.T.,.F.) B_SPLINE_CURVE_WITH_KNOTS((1,2
    ,2,2,2,1),(-2.094395102393,0.,2.094395102393,4.188790204786,
6.28318530718,8.377580409573),.UNSPECIFIED.) CURVE() 
GEOMETRIC_REPRESENTATION_ITEM() RATIONAL_B_SPLINE_CURVE((1.,0.5,1.,0.5,
1.,0.5,1.)) REPRESENTATION_ITEM('') );
#2391 = CARTESIAN_POINT('',(-0.332659657565,-0.23421032799));
#2392 = CARTESIAN_POINT('',(-0.332659657565,-6.100524723311E-02));
#2393 = CARTESIAN_POINT('',(-0.182659657565,-0.147607787612));
#2394 = CARTESIAN_POINT('',(-3.2659657565E-02,-0.23421032799));
#2395 = CARTESIAN_POINT('',(-0.182659657565,-0.320812868368));
#2396 = CARTESIAN_POINT('',(-0.332659657565,-0.407415408747));
#2397 = CARTESIAN_POINT('',(-0.332659657565,-0.23421032799));
#2398 = ( GEOMETRIC_REPRESENTATION_CONTEXT(2) 
PARAMETRIC_REPRESENTATION_CONTEXT() REPRESENTATION_CONTEXT('2D SPACE',''
  ) );
#2399 = PCURVE('',#2400,#2405);
#2400 = CYLINDRICAL_SURFACE('',#2401,0.1);
#2401 = AXIS2_PLACEMENT_3D('',#2402,#2403,#2404);
#2402 = CARTESIAN_POINT('',(2.65,2.11,0.3));
#2403 = DIRECTION('',(-2.22044604925E-16,1.,0.));
#2404 = DIRECTION('',(0.,0.,-1.));
#2405 = DEFINITIONAL_REPRESENTATION('',(#2406),#2410);
#2406 = LINE('',#2407,#2408);
#2407 = CARTESIAN_POINT('',(0.,0.));
#2408 = VECTOR('',#2409,1.);
#2409 = DIRECTION('',(1.,0.));
#2410 = ( GEOMETRIC_REPRESENTATION_CONTEXT(2) 
PARAMETRIC_REPRESENTATION_CONTEXT() REPRESENTATION_CONTEXT('2D SPACE',''
  ) );
#2411 = ORIENTED_EDGE('',*,*,#2412,.T.);
#2412 = EDGE_CURVE('',#2380,#2413,#2415,.T.);
#2413 = VERTEX_POINT('',#2414);
#2414 = CARTESIAN_POINT('',(2.55,2.11,0.725));
#2415 = SURFACE_CURVE('',#2416,(#2420,#2427),.PCURVE_S1.);
#2416 = LINE('',#2417,#2418);
#2417 = CARTESIAN_POINT('',(2.55,2.11,0.3));
#2418 = VECTOR('',#2419,1.);
#2419 = DIRECTION('',(0.,0.,1.));
#2420 = PCURVE('',#2069,#2421);
#2421 = DEFINITIONAL_REPRESENTATION('',(#2422),#2426);
#2422 = LINE('',#2423,#2424);
#2423 = CARTESIAN_POINT('',(-0.232659657565,-0.13421032799));
#2424 = VECTOR('',#2425,1.);
#2425 = DIRECTION('',(1.,0.));
#2426 = ( GEOMETRIC_REPRESENTATION_CONTEXT(2) 
PARAMETRIC_REPRESENTATION_CONTEXT() REPRESENTATION_CONTEXT('2D SPACE',''
  ) );
#2427 = PCURVE('',#2428,#2433);
#2428 = PLANE('',#2429);
#2429 = AXIS2_PLACEMENT_3D('',#2430,#2431,#2432);
#2430 = CARTESIAN_POINT('',(2.55,2.11,0.3));
#2431 = DIRECTION('',(-1.,-2.22044604925E-16,0.));
#2432 = DIRECTION('',(0.,0.,1.));
#2433 = DEFINITIONAL_REPRESENTATION('',(#2434),#2438);
#2434 = LINE('',#2435,#2436);
#2435 = CARTESIAN_POINT('',(0.,0.));
#2436 = VECTOR('',#2437,1.);
#2437 = DIRECTION('',(1.,0.));
#2438 = ( GEOMETRIC_REPRESENTATION_CONTEXT(2) 
PARAMETRIC_REPRESENTATION_CONTEXT() REPRESENTATION_CONTEXT('2D SPACE',''
  ) );
#2439 = ORIENTED_EDGE('',*,*,#2440,.T.);
#2440 = EDGE_CURVE('',#2413,#2441,#2443,.T.);
#2441 = VERTEX_POINT('',#2442);
#2442 = CARTESIAN_POINT('',(2.25,2.11,1.025));
#2443 = SURFACE_CURVE('',#2444,(#2449,#2456),.PCURVE_S1.);
#2444 = CIRCLE('',#2445,0.3);
#2445 = AXIS2_PLACEMENT_3D('',#2446,#2447,#2448);
#2446 = CARTESIAN_POINT('',(2.25,2.11,0.725));
#2447 = DIRECTION('',(2.22044604925E-16,-1.,0.));
#2448 = DIRECTION('',(1.,2.22044604925E-16,3.700743415417E-16));
#2449 = PCURVE('',#2069,#2450);
#2450 = DEFINITIONAL_REPRESENTATION('',(#2451),#2455);
#2451 = CIRCLE('',#2452,0.3);
#2452 = AXIS2_PLACEMENT_2D('',#2453,#2454);
#2453 = CARTESIAN_POINT('',(0.192340342435,0.16578967201));
#2454 = DIRECTION('',(3.700743415417E-16,-1.));
#2455 = ( GEOMETRIC_REPRESENTATION_CONTEXT(2) 
PARAMETRIC_REPRESENTATION_CONTEXT() REPRESENTATION_CONTEXT('2D SPACE',''
  ) );
#2456 = PCURVE('',#2457,#2462);
#2457 = CYLINDRICAL_SURFACE('',#2458,0.3);
#2458 = AXIS2_PLACEMENT_3D('',#2459,#2460,#2461);
#2459 = CARTESIAN_POINT('',(2.25,2.11,0.725));
#2460 = DIRECTION('',(-2.22044604925E-16,1.,-0.));
#2461 = DIRECTION('',(1.,2.22044604925E-16,3.700743415417E-16));
#2462 = DEFINITIONAL_REPRESENTATION('',(#2463),#2467);
#2463 = LINE('',#2464,#2465);
#2464 = CARTESIAN_POINT('',(6.28318530718,0.));
#2465 = VECTOR('',#2466,1.);
#2466 = DIRECTION('',(-1.,0.));
#2467 = ( GEOMETRIC_REPRESENTATION_CONTEXT(2) 
PARAMETRIC_REPRESENTATION_CONTEXT() REPRESENTATION_CONTEXT('2D SPACE',''
  ) );
#2468 = ORIENTED_EDGE('',*,*,#2469,.T.);
#2469 = EDGE_CURVE('',#2441,#2241,#2470,.T.);
#2470 = SURFACE_CURVE('',#2471,(#2475,#2482),.PCURVE_S1.);
#2471 = LINE('',#2472,#2473);
#2472 = CARTESIAN_POINT('',(2.25,2.11,1.025));
#2473 = VECTOR('',#2474,1.);
#2474 = DIRECTION('',(-1.,-2.22044604925E-16,0.));
#2475 = PCURVE('',#2069,#2476);
#2476 = DEFINITIONAL_REPRESENTATION('',(#2477),#2481);
#2477 = LINE('',#2478,#2479);
#2478 = CARTESIAN_POINT('',(0.492340342435,0.16578967201));
#2479 = VECTOR('',#2480,1.);
#2480 = DIRECTION('',(0.,1.));
#2481 = ( GEOMETRIC_REPRESENTATION_CONTEXT(2) 
PARAMETRIC_REPRESENTATION_CONTEXT() REPRESENTATION_CONTEXT('2D SPACE',''
  ) );
#2482 = PCURVE('',#2483,#2488);
#2483 = PLANE('',#2484);
#2484 = AXIS2_PLACEMENT_3D('',#2485,#2486,#2487);
#2485 = CARTESIAN_POINT('',(2.25,2.11,1.025));
#2486 = DIRECTION('',(0.,0.,-1.));
#2487 = DIRECTION('',(-1.,-2.22044604925E-16,-0.));
#2488 = DEFINITIONAL_REPRESENTATION('',(#2489),#2493);
#2489 = LINE('',#2490,#2491);
#2490 = CARTESIAN_POINT('',(-0.,0.));
#2491 = VECTOR('',#2492,1.);
#2492 = DIRECTION('',(1.,0.));
#2493 = ( GEOMETRIC_REPRESENTATION_CONTEXT(2) 
PARAMETRIC_REPRESENTATION_CONTEXT() REPRESENTATION_CONTEXT('2D SPACE',''
  ) );
#2494 = ADVANCED_FACE('',(#2495),#2010,.T.);
#2495 = FACE_BOUND('',#2496,.T.);
#2496 = EDGE_LOOP('',(#2497,#2525,#2526,#2527,#2528,#2552,#2575,#2598,
    #2621,#2649,#2672,#2696));
#2497 = ORIENTED_EDGE('',*,*,#2498,.F.);
#2498 = EDGE_CURVE('',#2112,#2499,#2501,.T.);
#2499 = VERTEX_POINT('',#2500);
#2500 = CARTESIAN_POINT('',(1.95,1.7,1.025));
#2501 = SURFACE_CURVE('',#2502,(#2506,#2513),.PCURVE_S1.);
#2502 = LINE('',#2503,#2504);
#2503 = CARTESIAN_POINT('',(1.95,1.7,0.778829828783));
#2504 = VECTOR('',#2505,1.);
#2505 = DIRECTION('',(0.,0.,1.));
#2506 = PCURVE('',#2010,#2507);
#2507 = DEFINITIONAL_REPRESENTATION('',(#2508),#2512);
#2508 = LINE('',#2509,#2510);
#2509 = CARTESIAN_POINT('',(0.246170171218,0.46578967201));
#2510 = VECTOR('',#2511,1.);
#2511 = DIRECTION('',(1.,0.));
#2512 = ( GEOMETRIC_REPRESENTATION_CONTEXT(2) 
PARAMETRIC_REPRESENTATION_CONTEXT() REPRESENTATION_CONTEXT('2D SPACE',''
  ) );
#2513 = PCURVE('',#2514,#2519);
#2514 = PLANE('',#2515);
#2515 = AXIS2_PLACEMENT_3D('',#2516,#2517,#2518);
#2516 = CARTESIAN_POINT('',(1.95,2.275,1.025));
#2517 = DIRECTION('',(-1.,-2.22044604925E-16,0.));
#2518 = DIRECTION('',(2.22044604925E-16,-1.,0.));
#2519 = DEFINITIONAL_REPRESENTATION('',(#2520),#2524);
#2520 = LINE('',#2521,#2522);
#2521 = CARTESIAN_POINT('',(0.575,-0.246170171217));
#2522 = VECTOR('',#2523,1.);
#2523 = DIRECTION('',(0.,1.));
#2524 = ( GEOMETRIC_REPRESENTATION_CONTEXT(2) 
PARAMETRIC_REPRESENTATION_CONTEXT() REPRESENTATION_CONTEXT('2D SPACE',''
  ) );
#2525 = ORIENTED_EDGE('',*,*,#2139,.T.);
#2526 = ORIENTED_EDGE('',*,*,#1993,.T.);
#2527 = ORIENTED_EDGE('',*,*,#2165,.T.);
#2528 = ORIENTED_EDGE('',*,*,#2529,.T.);
#2529 = EDGE_CURVE('',#2166,#2530,#2532,.T.);
#2530 = VERTEX_POINT('',#2531);
#2531 = CARTESIAN_POINT('',(2.65,1.7,5.551115123126E-17));
#2532 = SURFACE_CURVE('',#2533,(#2538,#2545),.PCURVE_S1.);
#2533 = CIRCLE('',#2534,0.3);
#2534 = AXIS2_PLACEMENT_3D('',#2535,#2536,#2537);
#2535 = CARTESIAN_POINT('',(2.65,1.7,0.3));
#2536 = DIRECTION('',(2.22044604925E-16,-1.,0.));
#2537 = DIRECTION('',(-1.,-2.22044604925E-16,3.515706244646E-15));
#2538 = PCURVE('',#2010,#2539);
#2539 = DEFINITIONAL_REPRESENTATION('',(#2540),#2544);
#2540 = CIRCLE('',#2541,0.3);
#2541 = AXIS2_PLACEMENT_2D('',#2542,#2543);
#2542 = CARTESIAN_POINT('',(-0.232659657565,-0.23421032799));
#2543 = DIRECTION('',(3.515706244646E-15,1.));
#2544 = ( GEOMETRIC_REPRESENTATION_CONTEXT(2) 
PARAMETRIC_REPRESENTATION_CONTEXT() REPRESENTATION_CONTEXT('2D SPACE',''
  ) );
#2545 = PCURVE('',#2204,#2546);
#2546 = DEFINITIONAL_REPRESENTATION('',(#2547),#2551);
#2547 = LINE('',#2548,#2549);
#2548 = CARTESIAN_POINT('',(6.28318530718,-0.41));
#2549 = VECTOR('',#2550,1.);
#2550 = DIRECTION('',(-1.,-1.413579858428E-16));
#2551 = ( GEOMETRIC_REPRESENTATION_CONTEXT(2) 
PARAMETRIC_REPRESENTATION_CONTEXT() REPRESENTATION_CONTEXT('2D SPACE',''
  ) );
#2552 = ORIENTED_EDGE('',*,*,#2553,.T.);
#2553 = EDGE_CURVE('',#2530,#2554,#2556,.T.);
#2554 = VERTEX_POINT('',#2555);
#2555 = CARTESIAN_POINT('',(3.,1.7,5.551115123126E-17));
#2556 = SURFACE_CURVE('',#2557,(#2561,#2568),.PCURVE_S1.);
#2557 = LINE('',#2558,#2559);
#2558 = CARTESIAN_POINT('',(2.65,1.7,5.551115123126E-17));
#2559 = VECTOR('',#2560,1.);
#2560 = DIRECTION('',(1.,2.22044604925E-16,0.));
#2561 = PCURVE('',#2010,#2562);
#2562 = DEFINITIONAL_REPRESENTATION('',(#2563),#2567);
#2563 = LINE('',#2564,#2565);
#2564 = CARTESIAN_POINT('',(-0.532659657565,-0.23421032799));
#2565 = VECTOR('',#2566,1.);
#2566 = DIRECTION('',(0.,-1.));
#2567 = ( GEOMETRIC_REPRESENTATION_CONTEXT(2) 
PARAMETRIC_REPRESENTATION_CONTEXT() REPRESENTATION_CONTEXT('2D SPACE',''
  ) );
#2568 = PCURVE('',#2311,#2569);
#2569 = DEFINITIONAL_REPRESENTATION('',(#2570),#2574);
#2570 = LINE('',#2571,#2572);
#2571 = CARTESIAN_POINT('',(-9.103828801925E-17,-0.41));
#2572 = VECTOR('',#2573,1.);
#2573 = DIRECTION('',(1.,0.));
#2574 = ( GEOMETRIC_REPRESENTATION_CONTEXT(2) 
PARAMETRIC_REPRESENTATION_CONTEXT() REPRESENTATION_CONTEXT('2D SPACE',''
  ) );
#2575 = ORIENTED_EDGE('',*,*,#2576,.T.);
#2576 = EDGE_CURVE('',#2554,#2577,#2579,.T.);
#2577 = VERTEX_POINT('',#2578);
#2578 = CARTESIAN_POINT('',(3.,1.7,0.2));
#2579 = SURFACE_CURVE('',#2580,(#2584,#2591),.PCURVE_S1.);
#2580 = LINE('',#2581,#2582);
#2581 = CARTESIAN_POINT('',(3.,1.7,5.551115123126E-17));
#2582 = VECTOR('',#2583,1.);
#2583 = DIRECTION('',(0.,0.,1.));
#2584 = PCURVE('',#2010,#2585);
#2585 = DEFINITIONAL_REPRESENTATION('',(#2586),#2590);
#2586 = LINE('',#2587,#2588);
#2587 = CARTESIAN_POINT('',(-0.532659657565,-0.58421032799));
#2588 = VECTOR('',#2589,1.);
#2589 = DIRECTION('',(1.,0.));
#2590 = ( GEOMETRIC_REPRESENTATION_CONTEXT(2) 
PARAMETRIC_REPRESENTATION_CONTEXT() REPRESENTATION_CONTEXT('2D SPACE',''
  ) );
#2591 = PCURVE('',#2339,#2592);
#2592 = DEFINITIONAL_REPRESENTATION('',(#2593),#2597);
#2593 = LINE('',#2594,#2595);
#2594 = CARTESIAN_POINT('',(0.,-0.41));
#2595 = VECTOR('',#2596,1.);
#2596 = DIRECTION('',(1.,0.));
#2597 = ( GEOMETRIC_REPRESENTATION_CONTEXT(2) 
PARAMETRIC_REPRESENTATION_CONTEXT() REPRESENTATION_CONTEXT('2D SPACE',''
  ) );
#2598 = ORIENTED_EDGE('',*,*,#2599,.T.);
#2599 = EDGE_CURVE('',#2577,#2600,#2602,.T.);
#2600 = VERTEX_POINT('',#2601);
#2601 = CARTESIAN_POINT('',(2.65,1.7,0.2));
#2602 = SURFACE_CURVE('',#2603,(#2607,#2614),.PCURVE_S1.);
#2603 = LINE('',#2604,#2605);
#2604 = CARTESIAN_POINT('',(3.,1.7,0.2));
#2605 = VECTOR('',#2606,1.);
#2606 = DIRECTION('',(-1.,-2.22044604925E-16,0.));
#2607 = PCURVE('',#2010,#2608);
#2608 = DEFINITIONAL_REPRESENTATION('',(#2609),#2613);
#2609 = LINE('',#2610,#2611);
#2610 = CARTESIAN_POINT('',(-0.332659657565,-0.58421032799));
#2611 = VECTOR('',#2612,1.);
#2612 = DIRECTION('',(0.,1.));
#2613 = ( GEOMETRIC_REPRESENTATION_CONTEXT(2) 
PARAMETRIC_REPRESENTATION_CONTEXT() REPRESENTATION_CONTEXT('2D SPACE',''
  ) );
#2614 = PCURVE('',#2367,#2615);
#2615 = DEFINITIONAL_REPRESENTATION('',(#2616),#2620);
#2616 = LINE('',#2617,#2618);
#2617 = CARTESIAN_POINT('',(9.103828801925E-17,-0.41));
#2618 = VECTOR('',#2619,1.);
#2619 = DIRECTION('',(1.,0.));
#2620 = ( GEOMETRIC_REPRESENTATION_CONTEXT(2) 
PARAMETRIC_REPRESENTATION_CONTEXT() REPRESENTATION_CONTEXT('2D SPACE',''
  ) );
#2621 = ORIENTED_EDGE('',*,*,#2622,.T.);
#2622 = EDGE_CURVE('',#2600,#2623,#2625,.T.);
#2623 = VERTEX_POINT('',#2624);
#2624 = CARTESIAN_POINT('',(2.55,1.7,0.3));
#2625 = SURFACE_CURVE('',#2626,(#2631,#2642),.PCURVE_S1.);
#2626 = CIRCLE('',#2627,0.1);
#2627 = AXIS2_PLACEMENT_3D('',#2628,#2629,#2630);
#2628 = CARTESIAN_POINT('',(2.65,1.7,0.3));
#2629 = DIRECTION('',(-2.22044604925E-16,1.,0.));
#2630 = DIRECTION('',(0.,0.,-1.));
#2631 = PCURVE('',#2010,#2632);
#2632 = DEFINITIONAL_REPRESENTATION('',(#2633),#2641);
#2633 = ( BOUNDED_CURVE() B_SPLINE_CURVE(2,(#2634,#2635,#2636,#2637,
#2638,#2639,#2640),.UNSPECIFIED.,.T.,.F.) B_SPLINE_CURVE_WITH_KNOTS((1,2
    ,2,2,2,1),(-2.094395102393,0.,2.094395102393,4.188790204786,
6.28318530718,8.377580409573),.UNSPECIFIED.) CURVE() 
GEOMETRIC_REPRESENTATION_ITEM() RATIONAL_B_SPLINE_CURVE((1.,0.5,1.,0.5,
1.,0.5,1.)) REPRESENTATION_ITEM('') );
#2634 = CARTESIAN_POINT('',(-0.332659657565,-0.23421032799));
#2635 = CARTESIAN_POINT('',(-0.332659657565,-6.100524723311E-02));
#2636 = CARTESIAN_POINT('',(-0.182659657565,-0.147607787612));
#2637 = CARTESIAN_POINT('',(-3.2659657565E-02,-0.23421032799));
#2638 = CARTESIAN_POINT('',(-0.182659657565,-0.320812868368));
#2639 = CARTESIAN_POINT('',(-0.332659657565,-0.407415408747));
#2640 = CARTESIAN_POINT('',(-0.332659657565,-0.23421032799));
#2641 = ( GEOMETRIC_REPRESENTATION_CONTEXT(2) 
PARAMETRIC_REPRESENTATION_CONTEXT() REPRESENTATION_CONTEXT('2D SPACE',''
  ) );
#2642 = PCURVE('',#2400,#2643);
#2643 = DEFINITIONAL_REPRESENTATION('',(#2644),#2648);
#2644 = LINE('',#2645,#2646);
#2645 = CARTESIAN_POINT('',(0.,-0.41));
#2646 = VECTOR('',#2647,1.);
#2647 = DIRECTION('',(1.,0.));
#2648 = ( GEOMETRIC_REPRESENTATION_CONTEXT(2) 
PARAMETRIC_REPRESENTATION_CONTEXT() REPRESENTATION_CONTEXT('2D SPACE',''
  ) );
#2649 = ORIENTED_EDGE('',*,*,#2650,.T.);
#2650 = EDGE_CURVE('',#2623,#2651,#2653,.T.);
#2651 = VERTEX_POINT('',#2652);
#2652 = CARTESIAN_POINT('',(2.55,1.7,0.725));
#2653 = SURFACE_CURVE('',#2654,(#2658,#2665),.PCURVE_S1.);
#2654 = LINE('',#2655,#2656);
#2655 = CARTESIAN_POINT('',(2.55,1.7,0.3));
#2656 = VECTOR('',#2657,1.);
#2657 = DIRECTION('',(0.,0.,1.));
#2658 = PCURVE('',#2010,#2659);
#2659 = DEFINITIONAL_REPRESENTATION('',(#2660),#2664);
#2660 = LINE('',#2661,#2662);
#2661 = CARTESIAN_POINT('',(-0.232659657565,-0.13421032799));
#2662 = VECTOR('',#2663,1.);
#2663 = DIRECTION('',(1.,0.));
#2664 = ( GEOMETRIC_REPRESENTATION_CONTEXT(2) 
PARAMETRIC_REPRESENTATION_CONTEXT() REPRESENTATION_CONTEXT('2D SPACE',''
  ) );
#2665 = PCURVE('',#2428,#2666);
#2666 = DEFINITIONAL_REPRESENTATION('',(#2667),#2671);
#2667 = LINE('',#2668,#2669);
#2668 = CARTESIAN_POINT('',(0.,-0.41));
#2669 = VECTOR('',#2670,1.);
#2670 = DIRECTION('',(1.,0.));
#2671 = ( GEOMETRIC_REPRESENTATION_CONTEXT(2) 
PARAMETRIC_REPRESENTATION_CONTEXT() REPRESENTATION_CONTEXT('2D SPACE',''
  ) );
#2672 = ORIENTED_EDGE('',*,*,#2673,.T.);
#2673 = EDGE_CURVE('',#2651,#2674,#2676,.T.);
#2674 = VERTEX_POINT('',#2675);
#2675 = CARTESIAN_POINT('',(2.25,1.7,1.025));
#2676 = SURFACE_CURVE('',#2677,(#2682,#2689),.PCURVE_S1.);
#2677 = CIRCLE('',#2678,0.3);
#2678 = AXIS2_PLACEMENT_3D('',#2679,#2680,#2681);
#2679 = CARTESIAN_POINT('',(2.25,1.7,0.725));
#2680 = DIRECTION('',(2.22044604925E-16,-1.,0.));
#2681 = DIRECTION('',(1.,2.22044604925E-16,3.700743415417E-16));
#2682 = PCURVE('',#2010,#2683);
#2683 = DEFINITIONAL_REPRESENTATION('',(#2684),#2688);
#2684 = CIRCLE('',#2685,0.3);
#2685 = AXIS2_PLACEMENT_2D('',#2686,#2687);
#2686 = CARTESIAN_POINT('',(0.192340342435,0.16578967201));
#2687 = DIRECTION('',(3.700743415417E-16,-1.));
#2688 = ( GEOMETRIC_REPRESENTATION_CONTEXT(2) 
PARAMETRIC_REPRESENTATION_CONTEXT() REPRESENTATION_CONTEXT('2D SPACE',''
  ) );
#2689 = PCURVE('',#2457,#2690);
#2690 = DEFINITIONAL_REPRESENTATION('',(#2691),#2695);
#2691 = LINE('',#2692,#2693);
#2692 = CARTESIAN_POINT('',(6.28318530718,-0.41));
#2693 = VECTOR('',#2694,1.);
#2694 = DIRECTION('',(-1.,1.413579858428E-16));
#2695 = ( GEOMETRIC_REPRESENTATION_CONTEXT(2) 
PARAMETRIC_REPRESENTATION_CONTEXT() REPRESENTATION_CONTEXT('2D SPACE',''
  ) );
#2696 = ORIENTED_EDGE('',*,*,#2697,.T.);
#2697 = EDGE_CURVE('',#2674,#2499,#2698,.T.);
#2698 = SURFACE_CURVE('',#2699,(#2703,#2710),.PCURVE_S1.);
#2699 = LINE('',#2700,#2701);
#2700 = CARTESIAN_POINT('',(2.25,1.7,1.025));
#2701 = VECTOR('',#2702,1.);
#2702 = DIRECTION('',(-1.,-2.22044604925E-16,0.));
#2703 = PCURVE('',#2010,#2704);
#2704 = DEFINITIONAL_REPRESENTATION('',(#2705),#2709);
#2705 = LINE('',#2706,#2707);
#2706 = CARTESIAN_POINT('',(0.492340342435,0.16578967201));
#2707 = VECTOR('',#2708,1.);
#2708 = DIRECTION('',(0.,1.));
#2709 = ( GEOMETRIC_REPRESENTATION_CONTEXT(2) 
PARAMETRIC_REPRESENTATION_CONTEXT() REPRESENTATION_CONTEXT('2D SPACE',''
  ) );
#2710 = PCURVE('',#2483,#2711);
#2711 = DEFINITIONAL_REPRESENTATION('',(#2712),#2716);
#2712 = LINE('',#2713,#2714);
#2713 = CARTESIAN_POINT('',(9.103828801925E-17,-0.41));
#2714 = VECTOR('',#2715,1.);
#2715 = DIRECTION('',(1.,0.));
#2716 = ( GEOMETRIC_REPRESENTATION_CONTEXT(2) 
PARAMETRIC_REPRESENTATION_CONTEXT() REPRESENTATION_CONTEXT('2D SPACE',''
  ) );
#2717 = ADVANCED_FACE('',(#2718),#2127,.F.);
#2718 = FACE_BOUND('',#2719,.F.);
#2719 = EDGE_LOOP('',(#2720,#2749,#2776,#2804,#2832,#2860,#2888,#2916,
    #2944,#2965,#2966,#2989));
#2720 = ORIENTED_EDGE('',*,*,#2721,.T.);
#2721 = EDGE_CURVE('',#2722,#2724,#2726,.T.);
#2722 = VERTEX_POINT('',#2723);
#2723 = CARTESIAN_POINT('',(1.835171280765,2.217585640382,0.1));
#2724 = VERTEX_POINT('',#2725);
#2725 = CARTESIAN_POINT('',(1.835171280765,-2.217585640382,0.1));
#2726 = SURFACE_CURVE('',#2727,(#2731,#2737),.PCURVE_S1.);
#2727 = LINE('',#2728,#2729);
#2728 = CARTESIAN_POINT('',(1.835171280765,2.217585640382,0.1));
#2729 = VECTOR('',#2730,1.);
#2730 = DIRECTION('',(2.22044604925E-16,-1.,0.));
#2731 = PCURVE('',#2127,#2732);
#2732 = DEFINITIONAL_REPRESENTATION('',(#2733),#2736);
#2733 = B_SPLINE_CURVE_WITH_KNOTS('',1,(#2734,#2735),.UNSPECIFIED.,.F.,
  .F.,(2,2),(0.,4.435171280764),.PIECEWISE_BEZIER_KNOTS.);
#2734 = CARTESIAN_POINT('',(-4.94827695417E-16,-2.662846262169E-17));
#2735 = CARTESIAN_POINT('',(4.55,1.773999406632E-16));
#2736 = ( GEOMETRIC_REPRESENTATION_CONTEXT(2) 
PARAMETRIC_REPRESENTATION_CONTEXT() REPRESENTATION_CONTEXT('2D SPACE',''
  ) );
#2737 = PCURVE('',#2738,#2743);
#2738 = PLANE('',#2739);
#2739 = AXIS2_PLACEMENT_3D('',#2740,#2741,#2742);
#2740 = CARTESIAN_POINT('',(-1.717585640382,2.335171280765,0.1));
#2741 = DIRECTION('',(0.,0.,1.));
#2742 = DIRECTION('',(0.592513131498,-0.805560791625,0.));
#2743 = DEFINITIONAL_REPRESENTATION('',(#2744),#2748);
#2744 = LINE('',#2745,#2746);
#2745 = CARTESIAN_POINT('',(2.199777510349,2.792290641846));
#2746 = VECTOR('',#2747,1.);
#2747 = DIRECTION('',(0.805560791625,-0.592513131498));
#2748 = ( GEOMETRIC_REPRESENTATION_CONTEXT(2) 
PARAMETRIC_REPRESENTATION_CONTEXT() REPRESENTATION_CONTEXT('2D SPACE',''
  ) );
#2749 = ORIENTED_EDGE('',*,*,#2750,.T.);
#2750 = EDGE_CURVE('',#2724,#2751,#2753,.T.);
#2751 = VERTEX_POINT('',#2752);
#2752 = CARTESIAN_POINT('',(1.95,-2.275,0.825));
#2753 = SURFACE_CURVE('',#2754,(#2757,#2764),.PCURVE_S1.);
#2754 = B_SPLINE_CURVE_WITH_KNOTS('',1,(#2755,#2756),.UNSPECIFIED.,.F.,
  .F.,(2,2),(0.,1.),.PIECEWISE_BEZIER_KNOTS.);
#2755 = CARTESIAN_POINT('',(1.835171280765,-2.217585640382,0.1));
#2756 = CARTESIAN_POINT('',(1.95,-2.275,0.825));
#2757 = PCURVE('',#2127,#2758);
#2758 = DEFINITIONAL_REPRESENTATION('',(#2759),#2763);
#2759 = LINE('',#2760,#2761);
#2760 = CARTESIAN_POINT('',(4.55,-9.333496124434E-18));
#2761 = VECTOR('',#2762,1.);
#2762 = DIRECTION('',(0.,1.));
#2763 = ( GEOMETRIC_REPRESENTATION_CONTEXT(2) 
PARAMETRIC_REPRESENTATION_CONTEXT() REPRESENTATION_CONTEXT('2D SPACE',''
  ) );
#2764 = PCURVE('',#2765,#2770);
#2765 = B_SPLINE_SURFACE_WITH_KNOTS('',1,1,(
    (#2766,#2767)
    ,(#2768,#2769
    )),.UNSPECIFIED.,.F.,.F.,.F.,(2,2),(2,2),(0.,0.247487373415),(0.,1.)
  ,.PIECEWISE_BEZIER_KNOTS.);
#2766 = CARTESIAN_POINT('',(1.835171280765,-2.217585640382,0.1));
#2767 = CARTESIAN_POINT('',(1.95,-2.275,0.825));
#2768 = CARTESIAN_POINT('',(1.717585640382,-2.335171280765,0.1));
#2769 = CARTESIAN_POINT('',(1.775,-2.45,0.825));
#2770 = DEFINITIONAL_REPRESENTATION('',(#2771),#2775);
#2771 = LINE('',#2772,#2773);
#2772 = CARTESIAN_POINT('',(2.992756715082E-16,-4.171445780772E-17));
#2773 = VECTOR('',#2774,1.);
#2774 = DIRECTION('',(-8.858060589813E-17,1.));
#2775 = ( GEOMETRIC_REPRESENTATION_CONTEXT(2) 
PARAMETRIC_REPRESENTATION_CONTEXT() REPRESENTATION_CONTEXT('2D SPACE',''
  ) );
#2776 = ORIENTED_EDGE('',*,*,#2777,.F.);
#2777 = EDGE_CURVE('',#2778,#2751,#2780,.T.);
#2778 = VERTEX_POINT('',#2779);
#2779 = CARTESIAN_POINT('',(1.95,-2.11,0.825));
#2780 = SURFACE_CURVE('',#2781,(#2785,#2792),.PCURVE_S1.);
#2781 = LINE('',#2782,#2783);
#2782 = CARTESIAN_POINT('',(1.95,2.275,0.825));
#2783 = VECTOR('',#2784,1.);
#2784 = DIRECTION('',(2.22044604925E-16,-1.,0.));
#2785 = PCURVE('',#2127,#2786);
#2786 = DEFINITIONAL_REPRESENTATION('',(#2787),#2791);
#2787 = LINE('',#2788,#2789);
#2788 = CARTESIAN_POINT('',(8.881784197001E-16,1.));
#2789 = VECTOR('',#2790,1.);
#2790 = DIRECTION('',(1.,0.));
#2791 = ( GEOMETRIC_REPRESENTATION_CONTEXT(2) 
PARAMETRIC_REPRESENTATION_CONTEXT() REPRESENTATION_CONTEXT('2D SPACE',''
  ) );
#2792 = PCURVE('',#2793,#2798);
#2793 = PLANE('',#2794);
#2794 = AXIS2_PLACEMENT_3D('',#2795,#2796,#2797);
#2795 = CARTESIAN_POINT('',(1.95,2.275,1.025));
#2796 = DIRECTION('',(-1.,-2.22044604925E-16,0.));
#2797 = DIRECTION('',(2.22044604925E-16,-1.,0.));
#2798 = DEFINITIONAL_REPRESENTATION('',(#2799),#2803);
#2799 = LINE('',#2800,#2801);
#2800 = CARTESIAN_POINT('',(0.,-0.2));
#2801 = VECTOR('',#2802,1.);
#2802 = DIRECTION('',(1.,0.));
#2803 = ( GEOMETRIC_REPRESENTATION_CONTEXT(2) 
PARAMETRIC_REPRESENTATION_CONTEXT() REPRESENTATION_CONTEXT('2D SPACE',''
  ) );
#2804 = ORIENTED_EDGE('',*,*,#2805,.F.);
#2805 = EDGE_CURVE('',#2806,#2778,#2808,.T.);
#2806 = VERTEX_POINT('',#2807);
#2807 = CARTESIAN_POINT('',(1.95,-1.7,0.825));
#2808 = SURFACE_CURVE('',#2809,(#2813,#2820),.PCURVE_S1.);
#2809 = LINE('',#2810,#2811);
#2810 = CARTESIAN_POINT('',(1.95,2.275,0.825));
#2811 = VECTOR('',#2812,1.);
#2812 = DIRECTION('',(2.22044604925E-16,-1.,0.));
#2813 = PCURVE('',#2127,#2814);
#2814 = DEFINITIONAL_REPRESENTATION('',(#2815),#2819);
#2815 = LINE('',#2816,#2817);
#2816 = CARTESIAN_POINT('',(4.440892098501E-16,1.));
#2817 = VECTOR('',#2818,1.);
#2818 = DIRECTION('',(1.,0.));
#2819 = ( GEOMETRIC_REPRESENTATION_CONTEXT(2) 
PARAMETRIC_REPRESENTATION_CONTEXT() REPRESENTATION_CONTEXT('2D SPACE',''
  ) );
#2820 = PCURVE('',#2821,#2826);
#2821 = PLANE('',#2822);
#2822 = AXIS2_PLACEMENT_3D('',#2823,#2824,#2825);
#2823 = CARTESIAN_POINT('',(1.8,-1.7,0.825));
#2824 = DIRECTION('',(0.,0.,1.));
#2825 = DIRECTION('',(1.,2.22044604925E-16,-0.));
#2826 = DEFINITIONAL_REPRESENTATION('',(#2827),#2831);
#2827 = LINE('',#2828,#2829);
#2828 = CARTESIAN_POINT('',(0.15,3.975));
#2829 = VECTOR('',#2830,1.);
#2830 = DIRECTION('',(0.,-1.));
#2831 = ( GEOMETRIC_REPRESENTATION_CONTEXT(2) 
PARAMETRIC_REPRESENTATION_CONTEXT() REPRESENTATION_CONTEXT('2D SPACE',''
  ) );
#2832 = ORIENTED_EDGE('',*,*,#2833,.F.);
#2833 = EDGE_CURVE('',#2834,#2806,#2836,.T.);
#2834 = VERTEX_POINT('',#2835);
#2835 = CARTESIAN_POINT('',(1.95,-0.84,0.825));
#2836 = SURFACE_CURVE('',#2837,(#2841,#2848),.PCURVE_S1.);
#2837 = LINE('',#2838,#2839);
#2838 = CARTESIAN_POINT('',(1.95,2.275,0.825));
#2839 = VECTOR('',#2840,1.);
#2840 = DIRECTION('',(2.22044604925E-16,-1.,0.));
#2841 = PCURVE('',#2127,#2842);
#2842 = DEFINITIONAL_REPRESENTATION('',(#2843),#2847);
#2843 = LINE('',#2844,#2845);
#2844 = CARTESIAN_POINT('',(4.440892098501E-16,1.));
#2845 = VECTOR('',#2846,1.);
#2846 = DIRECTION('',(1.,0.));
#2847 = ( GEOMETRIC_REPRESENTATION_CONTEXT(2) 
PARAMETRIC_REPRESENTATION_CONTEXT() REPRESENTATION_CONTEXT('2D SPACE',''
  ) );
#2848 = PCURVE('',#2849,#2854);
#2849 = PLANE('',#2850);
#2850 = AXIS2_PLACEMENT_3D('',#2851,#2852,#2853);
#2851 = CARTESIAN_POINT('',(1.95,2.275,1.025));
#2852 = DIRECTION('',(-1.,-2.22044604925E-16,0.));
#2853 = DIRECTION('',(2.22044604925E-16,-1.,0.));
#2854 = DEFINITIONAL_REPRESENTATION('',(#2855),#2859);
#2855 = LINE('',#2856,#2857);
#2856 = CARTESIAN_POINT('',(0.,-0.2));
#2857 = VECTOR('',#2858,1.);
#2858 = DIRECTION('',(1.,0.));
#2859 = ( GEOMETRIC_REPRESENTATION_CONTEXT(2) 
PARAMETRIC_REPRESENTATION_CONTEXT() REPRESENTATION_CONTEXT('2D SPACE',''
  ) );
#2860 = ORIENTED_EDGE('',*,*,#2861,.F.);
#2861 = EDGE_CURVE('',#2862,#2834,#2864,.T.);
#2862 = VERTEX_POINT('',#2863);
#2863 = CARTESIAN_POINT('',(1.95,-0.43,0.825));
#2864 = SURFACE_CURVE('',#2865,(#2869,#2876),.PCURVE_S1.);
#2865 = LINE('',#2866,#2867);
#2866 = CARTESIAN_POINT('',(1.95,2.275,0.825));
#2867 = VECTOR('',#2868,1.);
#2868 = DIRECTION('',(2.22044604925E-16,-1.,0.));
#2869 = PCURVE('',#2127,#2870);
#2870 = DEFINITIONAL_REPRESENTATION('',(#2871),#2875);
#2871 = LINE('',#2872,#2873);
#2872 = CARTESIAN_POINT('',(4.440892098501E-16,1.));
#2873 = VECTOR('',#2874,1.);
#2874 = DIRECTION('',(1.,-5.415722071342E-16));
#2875 = ( GEOMETRIC_REPRESENTATION_CONTEXT(2) 
PARAMETRIC_REPRESENTATION_CONTEXT() REPRESENTATION_CONTEXT('2D SPACE',''
  ) );
#2876 = PCURVE('',#2877,#2882);
#2877 = PLANE('',#2878);
#2878 = AXIS2_PLACEMENT_3D('',#2879,#2880,#2881);
#2879 = CARTESIAN_POINT('',(1.8,-0.43,0.825));
#2880 = DIRECTION('',(0.,0.,1.));
#2881 = DIRECTION('',(1.,2.22044604925E-16,-0.));
#2882 = DEFINITIONAL_REPRESENTATION('',(#2883),#2887);
#2883 = LINE('',#2884,#2885);
#2884 = CARTESIAN_POINT('',(0.15,2.705));
#2885 = VECTOR('',#2886,1.);
#2886 = DIRECTION('',(0.,-1.));
#2887 = ( GEOMETRIC_REPRESENTATION_CONTEXT(2) 
PARAMETRIC_REPRESENTATION_CONTEXT() REPRESENTATION_CONTEXT('2D SPACE',''
  ) );
#2888 = ORIENTED_EDGE('',*,*,#2889,.F.);
#2889 = EDGE_CURVE('',#2890,#2862,#2892,.T.);
#2890 = VERTEX_POINT('',#2891);
#2891 = CARTESIAN_POINT('',(1.95,0.43,0.825));
#2892 = SURFACE_CURVE('',#2893,(#2897,#2904),.PCURVE_S1.);
#2893 = LINE('',#2894,#2895);
#2894 = CARTESIAN_POINT('',(1.95,2.275,0.825));
#2895 = VECTOR('',#2896,1.);
#2896 = DIRECTION('',(2.22044604925E-16,-1.,0.));
#2897 = PCURVE('',#2127,#2898);
#2898 = DEFINITIONAL_REPRESENTATION('',(#2899),#2903);
#2899 = LINE('',#2900,#2901);
#2900 = CARTESIAN_POINT('',(2.22044604925E-16,1.));
#2901 = VECTOR('',#2902,1.);
#2902 = DIRECTION('',(1.,0.));
#2903 = ( GEOMETRIC_REPRESENTATION_CONTEXT(2) 
PARAMETRIC_REPRESENTATION_CONTEXT() REPRESENTATION_CONTEXT('2D SPACE',''
  ) );
#2904 = PCURVE('',#2905,#2910);
#2905 = PLANE('',#2906);
#2906 = AXIS2_PLACEMENT_3D('',#2907,#2908,#2909);
#2907 = CARTESIAN_POINT('',(1.95,2.275,1.025));
#2908 = DIRECTION('',(-1.,-2.22044604925E-16,0.));
#2909 = DIRECTION('',(2.22044604925E-16,-1.,0.));
#2910 = DEFINITIONAL_REPRESENTATION('',(#2911),#2915);
#2911 = LINE('',#2912,#2913);
#2912 = CARTESIAN_POINT('',(0.,-0.2));
#2913 = VECTOR('',#2914,1.);
#2914 = DIRECTION('',(1.,0.));
#2915 = ( GEOMETRIC_REPRESENTATION_CONTEXT(2) 
PARAMETRIC_REPRESENTATION_CONTEXT() REPRESENTATION_CONTEXT('2D SPACE',''
  ) );
#2916 = ORIENTED_EDGE('',*,*,#2917,.F.);
#2917 = EDGE_CURVE('',#2918,#2890,#2920,.T.);
#2918 = VERTEX_POINT('',#2919);
#2919 = CARTESIAN_POINT('',(1.95,0.84,0.825));
#2920 = SURFACE_CURVE('',#2921,(#2925,#2932),.PCURVE_S1.);
#2921 = LINE('',#2922,#2923);
#2922 = CARTESIAN_POINT('',(1.95,2.275,0.825));
#2923 = VECTOR('',#2924,1.);
#2924 = DIRECTION('',(2.22044604925E-16,-1.,0.));
#2925 = PCURVE('',#2127,#2926);
#2926 = DEFINITIONAL_REPRESENTATION('',(#2927),#2931);
#2927 = LINE('',#2928,#2929);
#2928 = CARTESIAN_POINT('',(2.22044604925E-16,1.));
#2929 = VECTOR('',#2930,1.);
#2930 = DIRECTION('',(1.,5.415722071342E-16));
#2931 = ( GEOMETRIC_REPRESENTATION_CONTEXT(2) 
PARAMETRIC_REPRESENTATION_CONTEXT() REPRESENTATION_CONTEXT('2D SPACE',''
  ) );
#2932 = PCURVE('',#2933,#2938);
#2933 = PLANE('',#2934);
#2934 = AXIS2_PLACEMENT_3D('',#2935,#2936,#2937);
#2935 = CARTESIAN_POINT('',(1.8,0.84,0.825));
#2936 = DIRECTION('',(0.,0.,1.));
#2937 = DIRECTION('',(1.,2.22044604925E-16,-0.));
#2938 = DEFINITIONAL_REPRESENTATION('',(#2939),#2943);
#2939 = LINE('',#2940,#2941);
#2940 = CARTESIAN_POINT('',(0.15,1.435));
#2941 = VECTOR('',#2942,1.);
#2942 = DIRECTION('',(0.,-1.));
#2943 = ( GEOMETRIC_REPRESENTATION_CONTEXT(2) 
PARAMETRIC_REPRESENTATION_CONTEXT() REPRESENTATION_CONTEXT('2D SPACE',''
  ) );
#2944 = ORIENTED_EDGE('',*,*,#2945,.F.);
#2945 = EDGE_CURVE('',#2112,#2918,#2946,.T.);
#2946 = SURFACE_CURVE('',#2947,(#2951,#2958),.PCURVE_S1.);
#2947 = LINE('',#2948,#2949);
#2948 = CARTESIAN_POINT('',(1.95,2.275,0.825));
#2949 = VECTOR('',#2950,1.);
#2950 = DIRECTION('',(2.22044604925E-16,-1.,0.));
#2951 = PCURVE('',#2127,#2952);
#2952 = DEFINITIONAL_REPRESENTATION('',(#2953),#2957);
#2953 = LINE('',#2954,#2955);
#2954 = CARTESIAN_POINT('',(0.,1.));
#2955 = VECTOR('',#2956,1.);
#2956 = DIRECTION('',(1.,0.));
#2957 = ( GEOMETRIC_REPRESENTATION_CONTEXT(2) 
PARAMETRIC_REPRESENTATION_CONTEXT() REPRESENTATION_CONTEXT('2D SPACE',''
  ) );
#2958 = PCURVE('',#2514,#2959);
#2959 = DEFINITIONAL_REPRESENTATION('',(#2960),#2964);
#2960 = LINE('',#2961,#2962);
#2961 = CARTESIAN_POINT('',(0.,-0.2));
#2962 = VECTOR('',#2963,1.);
#2963 = DIRECTION('',(1.,0.));
#2964 = ( GEOMETRIC_REPRESENTATION_CONTEXT(2) 
PARAMETRIC_REPRESENTATION_CONTEXT() REPRESENTATION_CONTEXT('2D SPACE',''
  ) );
#2965 = ORIENTED_EDGE('',*,*,#2111,.F.);
#2966 = ORIENTED_EDGE('',*,*,#2967,.F.);
#2967 = EDGE_CURVE('',#2968,#2089,#2970,.T.);
#2968 = VERTEX_POINT('',#2969);
#2969 = CARTESIAN_POINT('',(1.95,2.275,0.825));
#2970 = SURFACE_CURVE('',#2971,(#2975,#2982),.PCURVE_S1.);
#2971 = LINE('',#2972,#2973);
#2972 = CARTESIAN_POINT('',(1.95,2.275,0.825));
#2973 = VECTOR('',#2974,1.);
#2974 = DIRECTION('',(2.22044604925E-16,-1.,0.));
#2975 = PCURVE('',#2127,#2976);
#2976 = DEFINITIONAL_REPRESENTATION('',(#2977),#2981);
#2977 = LINE('',#2978,#2979);
#2978 = CARTESIAN_POINT('',(-3.364087759472E-16,1.));
#2979 = VECTOR('',#2980,1.);
#2980 = DIRECTION('',(1.,0.));
#2981 = ( GEOMETRIC_REPRESENTATION_CONTEXT(2) 
PARAMETRIC_REPRESENTATION_CONTEXT() REPRESENTATION_CONTEXT('2D SPACE',''
  ) );
#2982 = PCURVE('',#2256,#2983);
#2983 = DEFINITIONAL_REPRESENTATION('',(#2984),#2988);
#2984 = LINE('',#2985,#2986);
#2985 = CARTESIAN_POINT('',(0.,-0.2));
#2986 = VECTOR('',#2987,1.);
#2987 = DIRECTION('',(1.,0.));
#2988 = ( GEOMETRIC_REPRESENTATION_CONTEXT(2) 
PARAMETRIC_REPRESENTATION_CONTEXT() REPRESENTATION_CONTEXT('2D SPACE',''
  ) );
#2989 = ORIENTED_EDGE('',*,*,#2990,.F.);
#2990 = EDGE_CURVE('',#2722,#2968,#2991,.T.);
#2991 = SURFACE_CURVE('',#2992,(#2995,#3002),.PCURVE_S1.);
#2992 = B_SPLINE_CURVE_WITH_KNOTS('',1,(#2993,#2994),.UNSPECIFIED.,.F.,
  .F.,(2,2),(0.,1.),.PIECEWISE_BEZIER_KNOTS.);
#2993 = CARTESIAN_POINT('',(1.835171280765,2.217585640382,0.1));
#2994 = CARTESIAN_POINT('',(1.95,2.275,0.825));
#2995 = PCURVE('',#2127,#2996);
#2996 = DEFINITIONAL_REPRESENTATION('',(#2997),#3001);
#2997 = LINE('',#2998,#2999);
#2998 = CARTESIAN_POINT('',(-4.94827695417E-16,-2.662846262169E-17));
#2999 = VECTOR('',#3000,1.);
#3000 = DIRECTION('',(6.052250384456E-16,1.));
#3001 = ( GEOMETRIC_REPRESENTATION_CONTEXT(2) 
PARAMETRIC_REPRESENTATION_CONTEXT() REPRESENTATION_CONTEXT('2D SPACE',''
  ) );
#3002 = PCURVE('',#3003,#3008);
#3003 = B_SPLINE_SURFACE_WITH_KNOTS('',1,1,(
    (#3004,#3005)
    ,(#3006,#3007
    )),.UNSPECIFIED.,.F.,.F.,.F.,(2,2),(2,2),(0.,0.247487373415),(0.,1.)
  ,.PIECEWISE_BEZIER_KNOTS.);
#3004 = CARTESIAN_POINT('',(1.717585640382,2.335171280765,0.1));
#3005 = CARTESIAN_POINT('',(1.775,2.45,0.825));
#3006 = CARTESIAN_POINT('',(1.835171280765,2.217585640382,0.1));
#3007 = CARTESIAN_POINT('',(1.95,2.275,0.825));
#3008 = DEFINITIONAL_REPRESENTATION('',(#3009),#3013);
#3009 = LINE('',#3010,#3011);
#3010 = CARTESIAN_POINT('',(0.247487373415,-8.182109435701E-18));
#3011 = VECTOR('',#3012,1.);
#3012 = DIRECTION('',(6.106226635438E-16,1.));
#3013 = ( GEOMETRIC_REPRESENTATION_CONTEXT(2) 
PARAMETRIC_REPRESENTATION_CONTEXT() REPRESENTATION_CONTEXT('2D SPACE',''
  ) );
#3014 = ADVANCED_FACE('',(#3015),#2204,.T.);
#3015 = FACE_BOUND('',#3016,.T.);
#3016 = EDGE_LOOP('',(#3017,#3018,#3039,#3040));
#3017 = ORIENTED_EDGE('',*,*,#2271,.T.);
#3018 = ORIENTED_EDGE('',*,*,#3019,.T.);
#3019 = EDGE_CURVE('',#2272,#2530,#3020,.T.);
#3020 = SURFACE_CURVE('',#3021,(#3025,#3032),.PCURVE_S1.);
#3021 = LINE('',#3022,#3023);
#3022 = CARTESIAN_POINT('',(2.65,2.11,5.551115123126E-17));
#3023 = VECTOR('',#3024,1.);
#3024 = DIRECTION('',(2.22044604925E-16,-1.,0.));
#3025 = PCURVE('',#2204,#3026);
#3026 = DEFINITIONAL_REPRESENTATION('',(#3027),#3031);
#3027 = LINE('',#3028,#3029);
#3028 = CARTESIAN_POINT('',(4.712388980385,0.));
#3029 = VECTOR('',#3030,1.);
#3030 = DIRECTION('',(0.,-1.));
#3031 = ( GEOMETRIC_REPRESENTATION_CONTEXT(2) 
PARAMETRIC_REPRESENTATION_CONTEXT() REPRESENTATION_CONTEXT('2D SPACE',''
  ) );
#3032 = PCURVE('',#2311,#3033);
#3033 = DEFINITIONAL_REPRESENTATION('',(#3034),#3038);
#3034 = LINE('',#3035,#3036);
#3035 = CARTESIAN_POINT('',(0.,0.));
#3036 = VECTOR('',#3037,1.);
#3037 = DIRECTION('',(0.,-1.));
#3038 = ( GEOMETRIC_REPRESENTATION_CONTEXT(2) 
PARAMETRIC_REPRESENTATION_CONTEXT() REPRESENTATION_CONTEXT('2D SPACE',''
  ) );
#3039 = ORIENTED_EDGE('',*,*,#2529,.F.);
#3040 = ORIENTED_EDGE('',*,*,#2188,.F.);
#3041 = ADVANCED_FACE('',(#3042),#2256,.F.);
#3042 = FACE_BOUND('',#3043,.F.);
#3043 = EDGE_LOOP('',(#3044,#3069,#3070,#3071));
#3044 = ORIENTED_EDGE('',*,*,#3045,.F.);
#3045 = EDGE_CURVE('',#2968,#3046,#3048,.T.);
#3046 = VERTEX_POINT('',#3047);
#3047 = CARTESIAN_POINT('',(1.95,2.275,1.025));
#3048 = SURFACE_CURVE('',#3049,(#3052,#3058),.PCURVE_S1.);
#3049 = B_SPLINE_CURVE_WITH_KNOTS('',1,(#3050,#3051),.UNSPECIFIED.,.F.,
  .F.,(2,2),(0.,1.),.PIECEWISE_BEZIER_KNOTS.);
#3050 = CARTESIAN_POINT('',(1.95,2.275,0.825));
#3051 = CARTESIAN_POINT('',(1.95,2.275,1.025));
#3052 = PCURVE('',#2256,#3053);
#3053 = DEFINITIONAL_REPRESENTATION('',(#3054),#3057);
#3054 = B_SPLINE_CURVE_WITH_KNOTS('',1,(#3055,#3056),.UNSPECIFIED.,.F.,
  .F.,(2,2),(0.,1.),.PIECEWISE_BEZIER_KNOTS.);
#3055 = CARTESIAN_POINT('',(0.,-0.2));
#3056 = CARTESIAN_POINT('',(0.,0.));
#3057 = ( GEOMETRIC_REPRESENTATION_CONTEXT(2) 
PARAMETRIC_REPRESENTATION_CONTEXT() REPRESENTATION_CONTEXT('2D SPACE',''
  ) );
#3058 = PCURVE('',#3059,#3064);
#3059 = PLANE('',#3060);
#3060 = AXIS2_PLACEMENT_3D('',#3061,#3062,#3063);
#3061 = CARTESIAN_POINT('',(1.775,2.45,1.025));
#3062 = DIRECTION('',(-0.707106781187,-0.707106781187,0.));
#3063 = DIRECTION('',(0.707106781187,-0.707106781187,0.));
#3064 = DEFINITIONAL_REPRESENTATION('',(#3065),#3068);
#3065 = B_SPLINE_CURVE_WITH_KNOTS('',1,(#3066,#3067),.UNSPECIFIED.,.F.,
  .F.,(2,2),(0.,1.),.PIECEWISE_BEZIER_KNOTS.);
#3066 = CARTESIAN_POINT('',(0.247487373415,-0.2));
#3067 = CARTESIAN_POINT('',(0.247487373415,0.));
#3068 = ( GEOMETRIC_REPRESENTATION_CONTEXT(2) 
PARAMETRIC_REPRESENTATION_CONTEXT() REPRESENTATION_CONTEXT('2D SPACE',''
  ) );
#3069 = ORIENTED_EDGE('',*,*,#2967,.T.);
#3070 = ORIENTED_EDGE('',*,*,#2240,.T.);
#3071 = ORIENTED_EDGE('',*,*,#3072,.F.);
#3072 = EDGE_CURVE('',#3046,#2241,#3073,.T.);
#3073 = SURFACE_CURVE('',#3074,(#3078,#3085),.PCURVE_S1.);
#3074 = LINE('',#3075,#3076);
#3075 = CARTESIAN_POINT('',(1.95,2.275,1.025));
#3076 = VECTOR('',#3077,1.);
#3077 = DIRECTION('',(2.22044604925E-16,-1.,0.));
#3078 = PCURVE('',#2256,#3079);
#3079 = DEFINITIONAL_REPRESENTATION('',(#3080),#3084);
#3080 = LINE('',#3081,#3082);
#3081 = CARTESIAN_POINT('',(0.,0.));
#3082 = VECTOR('',#3083,1.);
#3083 = DIRECTION('',(1.,0.));
#3084 = ( GEOMETRIC_REPRESENTATION_CONTEXT(2) 
PARAMETRIC_REPRESENTATION_CONTEXT() REPRESENTATION_CONTEXT('2D SPACE',''
  ) );
#3085 = PCURVE('',#3086,#3091);
#3086 = B_SPLINE_SURFACE_WITH_KNOTS('',1,1,(
    (#3087,#3088)
    ,(#3089,#3090
    )),.UNSPECIFIED.,.F.,.F.,.F.,(2,2),(2,2),(0.,4.55),(0.,1.),
  .PIECEWISE_BEZIER_KNOTS.);
#3087 = CARTESIAN_POINT('',(1.95,2.275,1.025));
#3088 = CARTESIAN_POINT('',(1.875,2.2375,1.025));
#3089 = CARTESIAN_POINT('',(1.95,-2.275,1.025));
#3090 = CARTESIAN_POINT('',(1.875,-2.2375,1.025));
#3091 = DEFINITIONAL_REPRESENTATION('',(#3092),#3096);
#3092 = LINE('',#3093,#3094);
#3093 = CARTESIAN_POINT('',(-8.584601827189E-17,6.610125476969E-16));
#3094 = VECTOR('',#3095,1.);
#3095 = DIRECTION('',(1.,-8.115046621091E-14));
#3096 = ( GEOMETRIC_REPRESENTATION_CONTEXT(2) 
PARAMETRIC_REPRESENTATION_CONTEXT() REPRESENTATION_CONTEXT('2D SPACE',''
  ) );
#3097 = ADVANCED_FACE('',(#3098),#2483,.F.);
#3098 = FACE_BOUND('',#3099,.F.);
#3099 = EDGE_LOOP('',(#3100,#3101,#3122,#3123,#3173,#3201));
#3100 = ORIENTED_EDGE('',*,*,#2469,.F.);
#3101 = ORIENTED_EDGE('',*,*,#3102,.T.);
#3102 = EDGE_CURVE('',#2441,#2674,#3103,.T.);
#3103 = SURFACE_CURVE('',#3104,(#3108,#3115),.PCURVE_S1.);
#3104 = LINE('',#3105,#3106);
#3105 = CARTESIAN_POINT('',(2.25,2.11,1.025));
#3106 = VECTOR('',#3107,1.);
#3107 = DIRECTION('',(2.22044604925E-16,-1.,0.));
#3108 = PCURVE('',#2483,#3109);
#3109 = DEFINITIONAL_REPRESENTATION('',(#3110),#3114);
#3110 = LINE('',#3111,#3112);
#3111 = CARTESIAN_POINT('',(-0.,0.));
#3112 = VECTOR('',#3113,1.);
#3113 = DIRECTION('',(0.,-1.));
#3114 = ( GEOMETRIC_REPRESENTATION_CONTEXT(2) 
PARAMETRIC_REPRESENTATION_CONTEXT() REPRESENTATION_CONTEXT('2D SPACE',''
  ) );
#3115 = PCURVE('',#2457,#3116);
#3116 = DEFINITIONAL_REPRESENTATION('',(#3117),#3121);
#3117 = LINE('',#3118,#3119);
#3118 = CARTESIAN_POINT('',(4.712388980385,0.));
#3119 = VECTOR('',#3120,1.);
#3120 = DIRECTION('',(0.,-1.));
#3121 = ( GEOMETRIC_REPRESENTATION_CONTEXT(2) 
PARAMETRIC_REPRESENTATION_CONTEXT() REPRESENTATION_CONTEXT('2D SPACE',''
  ) );
#3122 = ORIENTED_EDGE('',*,*,#2697,.T.);
#3123 = ORIENTED_EDGE('',*,*,#3124,.T.);
#3124 = EDGE_CURVE('',#2499,#3125,#3127,.T.);
#3125 = VERTEX_POINT('',#3126);
#3126 = CARTESIAN_POINT('',(1.875,1.7,1.025));
#3127 = SURFACE_CURVE('',#3128,(#3132,#3139),.PCURVE_S1.);
#3128 = LINE('',#3129,#3130);
#3129 = CARTESIAN_POINT('',(2.25,1.7,1.025));
#3130 = VECTOR('',#3131,1.);
#3131 = DIRECTION('',(-1.,-2.22044604925E-16,0.));
#3132 = PCURVE('',#2483,#3133);
#3133 = DEFINITIONAL_REPRESENTATION('',(#3134),#3138);
#3134 = LINE('',#3135,#3136);
#3135 = CARTESIAN_POINT('',(9.103828801925E-17,-0.41));
#3136 = VECTOR('',#3137,1.);
#3137 = DIRECTION('',(1.,0.));
#3138 = ( GEOMETRIC_REPRESENTATION_CONTEXT(2) 
PARAMETRIC_REPRESENTATION_CONTEXT() REPRESENTATION_CONTEXT('2D SPACE',''
  ) );
#3139 = PCURVE('',#3140,#3145);
#3140 = B_SPLINE_SURFACE_WITH_KNOTS('',1,1,(
    (#3141,#3142)
    ,(#3143,#3144
    )),.UNSPECIFIED.,.F.,.F.,.F.,(2,2),(2,2),(0.,4.55),(0.,1.),
  .PIECEWISE_BEZIER_KNOTS.);
#3141 = CARTESIAN_POINT('',(1.95,2.275,1.025));
#3142 = CARTESIAN_POINT('',(1.875,2.2375,1.025));
#3143 = CARTESIAN_POINT('',(1.95,-2.275,1.025));
#3144 = CARTESIAN_POINT('',(1.875,-2.2375,1.025));
#3145 = DEFINITIONAL_REPRESENTATION('',(#3146),#3172);
#3146 = B_SPLINE_CURVE_WITH_KNOTS('',3,(#3147,#3148,#3149,#3150,#3151,
    #3152,#3153,#3154,#3155,#3156,#3157,#3158,#3159,#3160,#3161,#3162,
    #3163,#3164,#3165,#3166,#3167,#3168,#3169,#3170,#3171),
  .UNSPECIFIED.,.F.,.F.,(4,1,1,1,1,1,1,1,1,1,1,1,1,1,1,1,1,1,1,1,1,1,4),
  (0.3,0.303409090909,0.306818181818,0.310227272727,0.313636363636,
    0.317045454545,0.320454545455,0.323863636364,0.327272727273,
    0.330681818182,0.334090909091,0.3375,0.340909090909,0.344318181818,
    0.347727272727,0.351136363636,0.354545454545,0.357954545455,
    0.361363636364,0.364772727273,0.368181818182,0.371590909091,0.375),
  .QUASI_UNIFORM_KNOTS.);
#3147 = CARTESIAN_POINT('',(0.575,0.));
#3148 = CARTESIAN_POINT('',(0.574575424574,1.515151515152E-02));
#3149 = CARTESIAN_POINT('',(0.5737256375,4.545454545455E-02));
#3150 = CARTESIAN_POINT('',(0.57244904391,9.090909090909E-02));
#3151 = CARTESIAN_POINT('',(0.571170533034,0.136363636364));
#3152 = CARTESIAN_POINT('',(0.56989010055,0.181818181818));
#3153 = CARTESIAN_POINT('',(0.568607742122,0.227272727273));
#3154 = CARTESIAN_POINT('',(0.567323453401,0.272727272727));
#3155 = CARTESIAN_POINT('',(0.566037230026,0.318181818182));
#3156 = CARTESIAN_POINT('',(0.564749067621,0.363636363636));
#3157 = CARTESIAN_POINT('',(0.5634589618,0.409090909091));
#3158 = CARTESIAN_POINT('',(0.56216690816,0.454545454545));
#3159 = CARTESIAN_POINT('',(0.560872902287,0.5));
#3160 = CARTESIAN_POINT('',(0.559576939754,0.545454545455));
#3161 = CARTESIAN_POINT('',(0.558279016117,0.590909090909));
#3162 = CARTESIAN_POINT('',(0.556979126924,0.636363636364));
#3163 = CARTESIAN_POINT('',(0.555677267705,0.681818181818));
#3164 = CARTESIAN_POINT('',(0.554373433979,0.727272727273));
#3165 = CARTESIAN_POINT('',(0.553067621251,0.772727272727));
#3166 = CARTESIAN_POINT('',(0.55175982501,0.818181818182));
#3167 = CARTESIAN_POINT('',(0.550450040735,0.863636363636));
#3168 = CARTESIAN_POINT('',(0.549138263888,0.909090909091));
#3169 = CARTESIAN_POINT('',(0.54782448992,0.954545454545));
#3170 = CARTESIAN_POINT('',(0.546947306149,0.984848484848));
#3171 = CARTESIAN_POINT('',(0.546508379888,1.));
#3172 = ( GEOMETRIC_REPRESENTATION_CONTEXT(2) 
PARAMETRIC_REPRESENTATION_CONTEXT() REPRESENTATION_CONTEXT('2D SPACE',''
  ) );
#3173 = ORIENTED_EDGE('',*,*,#3174,.F.);
#3174 = EDGE_CURVE('',#3175,#3125,#3177,.T.);
#3175 = VERTEX_POINT('',#3176);
#3176 = CARTESIAN_POINT('',(1.875,2.11,1.025));
#3177 = SURFACE_CURVE('',#3178,(#3182,#3189),.PCURVE_S1.);
#3178 = LINE('',#3179,#3180);
#3179 = CARTESIAN_POINT('',(1.875,2.2375,1.025));
#3180 = VECTOR('',#3181,1.);
#3181 = DIRECTION('',(2.22044604925E-16,-1.,0.));
#3182 = PCURVE('',#2483,#3183);
#3183 = DEFINITIONAL_REPRESENTATION('',(#3184),#3188);
#3184 = LINE('',#3185,#3186);
#3185 = CARTESIAN_POINT('',(0.375,0.1275));
#3186 = VECTOR('',#3187,1.);
#3187 = DIRECTION('',(0.,-1.));
#3188 = ( GEOMETRIC_REPRESENTATION_CONTEXT(2) 
PARAMETRIC_REPRESENTATION_CONTEXT() REPRESENTATION_CONTEXT('2D SPACE',''
  ) );
#3189 = PCURVE('',#3190,#3195);
#3190 = B_SPLINE_SURFACE_WITH_KNOTS('',1,1,(
    (#3191,#3192)
    ,(#3193,#3194
    )),.UNSPECIFIED.,.F.,.F.,.F.,(2,2),(2,2),(0.,4.475),(0.,1.),
  .PIECEWISE_BEZIER_KNOTS.);
#3191 = CARTESIAN_POINT('',(1.875,2.2375,1.025));
#3192 = CARTESIAN_POINT('',(1.760171280765,2.180085640382,1.75));
#3193 = CARTESIAN_POINT('',(1.875,-2.2375,1.025));
#3194 = CARTESIAN_POINT('',(1.760171280765,-2.180085640382,1.75));
#3195 = DEFINITIONAL_REPRESENTATION('',(#3196),#3200);
#3196 = LINE('',#3197,#3198);
#3197 = CARTESIAN_POINT('',(-1.110223024625E-16,2.030520704916E-16));
#3198 = VECTOR('',#3199,1.);
#3199 = DIRECTION('',(1.,-2.308285900451E-16));
#3200 = ( GEOMETRIC_REPRESENTATION_CONTEXT(2) 
PARAMETRIC_REPRESENTATION_CONTEXT() REPRESENTATION_CONTEXT('2D SPACE',''
  ) );
#3201 = ORIENTED_EDGE('',*,*,#3202,.F.);
#3202 = EDGE_CURVE('',#2241,#3175,#3203,.T.);
#3203 = SURFACE_CURVE('',#3204,(#3208,#3215),.PCURVE_S1.);
#3204 = LINE('',#3205,#3206);
#3205 = CARTESIAN_POINT('',(2.25,2.11,1.025));
#3206 = VECTOR('',#3207,1.);
#3207 = DIRECTION('',(-1.,-2.22044604925E-16,0.));
#3208 = PCURVE('',#2483,#3209);
#3209 = DEFINITIONAL_REPRESENTATION('',(#3210),#3214);
#3210 = LINE('',#3211,#3212);
#3211 = CARTESIAN_POINT('',(-0.,0.));
#3212 = VECTOR('',#3213,1.);
#3213 = DIRECTION('',(1.,0.));
#3214 = ( GEOMETRIC_REPRESENTATION_CONTEXT(2) 
PARAMETRIC_REPRESENTATION_CONTEXT() REPRESENTATION_CONTEXT('2D SPACE',''
  ) );
#3215 = PCURVE('',#3086,#3216);
#3216 = DEFINITIONAL_REPRESENTATION('',(#3217),#3243);
#3217 = B_SPLINE_CURVE_WITH_KNOTS('',3,(#3218,#3219,#3220,#3221,#3222,
    #3223,#3224,#3225,#3226,#3227,#3228,#3229,#3230,#3231,#3232,#3233,
    #3234,#3235,#3236,#3237,#3238,#3239,#3240,#3241,#3242),
  .UNSPECIFIED.,.F.,.F.,(4,1,1,1,1,1,1,1,1,1,1,1,1,1,1,1,1,1,1,1,1,1,4),
  (0.3,0.303409090909,0.306818181818,0.310227272727,0.313636363636,
    0.317045454545,0.320454545455,0.323863636364,0.327272727273,
    0.330681818182,0.334090909091,0.3375,0.340909090909,0.344318181818,
    0.347727272727,0.351136363636,0.354545454545,0.357954545455,
    0.361363636364,0.364772727273,0.368181818182,0.371590909091,0.375),
  .QUASI_UNIFORM_KNOTS.);
#3218 = CARTESIAN_POINT('',(0.165,0.));
#3219 = CARTESIAN_POINT('',(0.164473026972,1.515151515152E-02));
#3220 = CARTESIAN_POINT('',(0.16341829125,4.545454545455E-02));
#3221 = CARTESIAN_POINT('',(0.161833813323,9.090909090909E-02));
#3222 = CARTESIAN_POINT('',(0.160246955707,0.136363636364));
#3223 = CARTESIAN_POINT('',(0.158657713035,0.181818181818));
#3224 = CARTESIAN_POINT('',(0.157066079927,0.227272727273));
#3225 = CARTESIAN_POINT('',(0.155472050986,0.272727272727));
#3226 = CARTESIAN_POINT('',(0.153875620797,0.318181818182));
#3227 = CARTESIAN_POINT('',(0.15227678393,0.363636363636));
#3228 = CARTESIAN_POINT('',(0.15067553494,0.409090909091));
#3229 = CARTESIAN_POINT('',(0.149071868364,0.454545454545));
#3230 = CARTESIAN_POINT('',(0.147465778721,0.5));
#3231 = CARTESIAN_POINT('',(0.145857260518,0.545454545455));
#3232 = CARTESIAN_POINT('',(0.14424630824,0.590909090909));
#3233 = CARTESIAN_POINT('',(0.142632916359,0.636363636364));
#3234 = CARTESIAN_POINT('',(0.141017079328,0.681818181818));
#3235 = CARTESIAN_POINT('',(0.139398791586,0.727272727273));
#3236 = CARTESIAN_POINT('',(0.137778047552,0.772727272727));
#3237 = CARTESIAN_POINT('',(0.13615484163,0.818181818182));
#3238 = CARTESIAN_POINT('',(0.134529168206,0.863636363636));
#3239 = CARTESIAN_POINT('',(0.132901021649,0.909090909091));
#3240 = CARTESIAN_POINT('',(0.131270396313,0.954545454545));
#3241 = CARTESIAN_POINT('',(0.130181656456,0.984848484848));
#3242 = CARTESIAN_POINT('',(0.129636871508,1.));
#3243 = ( GEOMETRIC_REPRESENTATION_CONTEXT(2) 
PARAMETRIC_REPRESENTATION_CONTEXT() REPRESENTATION_CONTEXT('2D SPACE',''
  ) );
#3244 = ADVANCED_FACE('',(#3245),#2457,.T.);
#3245 = FACE_BOUND('',#3246,.T.);
#3246 = EDGE_LOOP('',(#3247,#3248,#3249,#3250));
#3247 = ORIENTED_EDGE('',*,*,#2440,.T.);
#3248 = ORIENTED_EDGE('',*,*,#3102,.T.);
#3249 = ORIENTED_EDGE('',*,*,#2673,.F.);
#3250 = ORIENTED_EDGE('',*,*,#3251,.F.);
#3251 = EDGE_CURVE('',#2413,#2651,#3252,.T.);
#3252 = SURFACE_CURVE('',#3253,(#3257,#3264),.PCURVE_S1.);
#3253 = LINE('',#3254,#3255);
#3254 = CARTESIAN_POINT('',(2.55,2.11,0.725));
#3255 = VECTOR('',#3256,1.);
#3256 = DIRECTION('',(2.22044604925E-16,-1.,0.));
#3257 = PCURVE('',#2457,#3258);
#3258 = DEFINITIONAL_REPRESENTATION('',(#3259),#3263);
#3259 = LINE('',#3260,#3261);
#3260 = CARTESIAN_POINT('',(6.28318530718,0.));
#3261 = VECTOR('',#3262,1.);
#3262 = DIRECTION('',(0.,-1.));
#3263 = ( GEOMETRIC_REPRESENTATION_CONTEXT(2) 
PARAMETRIC_REPRESENTATION_CONTEXT() REPRESENTATION_CONTEXT('2D SPACE',''
  ) );
#3264 = PCURVE('',#2428,#3265);
#3265 = DEFINITIONAL_REPRESENTATION('',(#3266),#3270);
#3266 = LINE('',#3267,#3268);
#3267 = CARTESIAN_POINT('',(0.425,0.));
#3268 = VECTOR('',#3269,1.);
#3269 = DIRECTION('',(0.,-1.));
#3270 = ( GEOMETRIC_REPRESENTATION_CONTEXT(2) 
PARAMETRIC_REPRESENTATION_CONTEXT() REPRESENTATION_CONTEXT('2D SPACE',''
  ) );
#3271 = ADVANCED_FACE('',(#3272),#2428,.F.);
#3272 = FACE_BOUND('',#3273,.F.);
#3273 = EDGE_LOOP('',(#3274,#3295,#3296,#3297));
#3274 = ORIENTED_EDGE('',*,*,#3275,.T.);
#3275 = EDGE_CURVE('',#2380,#2623,#3276,.T.);
#3276 = SURFACE_CURVE('',#3277,(#3281,#3288),.PCURVE_S1.);
#3277 = LINE('',#3278,#3279);
#3278 = CARTESIAN_POINT('',(2.55,2.11,0.3));
#3279 = VECTOR('',#3280,1.);
#3280 = DIRECTION('',(2.22044604925E-16,-1.,0.));
#3281 = PCURVE('',#2428,#3282);
#3282 = DEFINITIONAL_REPRESENTATION('',(#3283),#3287);
#3283 = LINE('',#3284,#3285);
#3284 = CARTESIAN_POINT('',(0.,0.));
#3285 = VECTOR('',#3286,1.);
#3286 = DIRECTION('',(0.,-1.));
#3287 = ( GEOMETRIC_REPRESENTATION_CONTEXT(2) 
PARAMETRIC_REPRESENTATION_CONTEXT() REPRESENTATION_CONTEXT('2D SPACE',''
  ) );
#3288 = PCURVE('',#2400,#3289);
#3289 = DEFINITIONAL_REPRESENTATION('',(#3290),#3294);
#3290 = LINE('',#3291,#3292);
#3291 = CARTESIAN_POINT('',(1.570796326795,0.));
#3292 = VECTOR('',#3293,1.);
#3293 = DIRECTION('',(0.,-1.));
#3294 = ( GEOMETRIC_REPRESENTATION_CONTEXT(2) 
PARAMETRIC_REPRESENTATION_CONTEXT() REPRESENTATION_CONTEXT('2D SPACE',''
  ) );
#3295 = ORIENTED_EDGE('',*,*,#2650,.T.);
#3296 = ORIENTED_EDGE('',*,*,#3251,.F.);
#3297 = ORIENTED_EDGE('',*,*,#2412,.F.);
#3298 = ADVANCED_FACE('',(#3299),#2400,.F.);
#3299 = FACE_BOUND('',#3300,.F.);
#3300 = EDGE_LOOP('',(#3301,#3322,#3323,#3324));
#3301 = ORIENTED_EDGE('',*,*,#3302,.T.);
#3302 = EDGE_CURVE('',#2352,#2600,#3303,.T.);
#3303 = SURFACE_CURVE('',#3304,(#3308,#3315),.PCURVE_S1.);
#3304 = LINE('',#3305,#3306);
#3305 = CARTESIAN_POINT('',(2.65,2.11,0.2));
#3306 = VECTOR('',#3307,1.);
#3307 = DIRECTION('',(2.22044604925E-16,-1.,0.));
#3308 = PCURVE('',#2400,#3309);
#3309 = DEFINITIONAL_REPRESENTATION('',(#3310),#3314);
#3310 = LINE('',#3311,#3312);
#3311 = CARTESIAN_POINT('',(0.,0.));
#3312 = VECTOR('',#3313,1.);
#3313 = DIRECTION('',(0.,-1.));
#3314 = ( GEOMETRIC_REPRESENTATION_CONTEXT(2) 
PARAMETRIC_REPRESENTATION_CONTEXT() REPRESENTATION_CONTEXT('2D SPACE',''
  ) );
#3315 = PCURVE('',#2367,#3316);
#3316 = DEFINITIONAL_REPRESENTATION('',(#3317),#3321);
#3317 = LINE('',#3318,#3319);
#3318 = CARTESIAN_POINT('',(0.35,7.771561172375E-17));
#3319 = VECTOR('',#3320,1.);
#3320 = DIRECTION('',(0.,-1.));
#3321 = ( GEOMETRIC_REPRESENTATION_CONTEXT(2) 
PARAMETRIC_REPRESENTATION_CONTEXT() REPRESENTATION_CONTEXT('2D SPACE',''
  ) );
#3322 = ORIENTED_EDGE('',*,*,#2622,.T.);
#3323 = ORIENTED_EDGE('',*,*,#3275,.F.);
#3324 = ORIENTED_EDGE('',*,*,#2379,.F.);
#3325 = ADVANCED_FACE('',(#3326),#2367,.F.);
#3326 = FACE_BOUND('',#3327,.F.);
#3327 = EDGE_LOOP('',(#3328,#3349,#3350,#3351));
#3328 = ORIENTED_EDGE('',*,*,#3329,.T.);
#3329 = EDGE_CURVE('',#2324,#2577,#3330,.T.);
#3330 = SURFACE_CURVE('',#3331,(#3335,#3342),.PCURVE_S1.);
#3331 = LINE('',#3332,#3333);
#3332 = CARTESIAN_POINT('',(3.,2.11,0.2));
#3333 = VECTOR('',#3334,1.);
#3334 = DIRECTION('',(2.22044604925E-16,-1.,0.));
#3335 = PCURVE('',#2367,#3336);
#3336 = DEFINITIONAL_REPRESENTATION('',(#3337),#3341);
#3337 = LINE('',#3338,#3339);
#3338 = CARTESIAN_POINT('',(-0.,0.));
#3339 = VECTOR('',#3340,1.);
#3340 = DIRECTION('',(0.,-1.));
#3341 = ( GEOMETRIC_REPRESENTATION_CONTEXT(2) 
PARAMETRIC_REPRESENTATION_CONTEXT() REPRESENTATION_CONTEXT('2D SPACE',''
  ) );
#3342 = PCURVE('',#2339,#3343);
#3343 = DEFINITIONAL_REPRESENTATION('',(#3344),#3348);
#3344 = LINE('',#3345,#3346);
#3345 = CARTESIAN_POINT('',(0.2,0.));
#3346 = VECTOR('',#3347,1.);
#3347 = DIRECTION('',(0.,-1.));
#3348 = ( GEOMETRIC_REPRESENTATION_CONTEXT(2) 
PARAMETRIC_REPRESENTATION_CONTEXT() REPRESENTATION_CONTEXT('2D SPACE',''
  ) );
#3349 = ORIENTED_EDGE('',*,*,#2599,.T.);
#3350 = ORIENTED_EDGE('',*,*,#3302,.F.);
#3351 = ORIENTED_EDGE('',*,*,#2351,.F.);
#3352 = ADVANCED_FACE('',(#3353),#2339,.F.);
#3353 = FACE_BOUND('',#3354,.F.);
#3354 = EDGE_LOOP('',(#3355,#3376,#3377,#3378));
#3355 = ORIENTED_EDGE('',*,*,#3356,.T.);
#3356 = EDGE_CURVE('',#2296,#2554,#3357,.T.);
#3357 = SURFACE_CURVE('',#3358,(#3362,#3369),.PCURVE_S1.);
#3358 = LINE('',#3359,#3360);
#3359 = CARTESIAN_POINT('',(3.,2.11,5.551115123126E-17));
#3360 = VECTOR('',#3361,1.);
#3361 = DIRECTION('',(2.22044604925E-16,-1.,0.));
#3362 = PCURVE('',#2339,#3363);
#3363 = DEFINITIONAL_REPRESENTATION('',(#3364),#3368);
#3364 = LINE('',#3365,#3366);
#3365 = CARTESIAN_POINT('',(0.,0.));
#3366 = VECTOR('',#3367,1.);
#3367 = DIRECTION('',(0.,-1.));
#3368 = ( GEOMETRIC_REPRESENTATION_CONTEXT(2) 
PARAMETRIC_REPRESENTATION_CONTEXT() REPRESENTATION_CONTEXT('2D SPACE',''
  ) );
#3369 = PCURVE('',#2311,#3370);
#3370 = DEFINITIONAL_REPRESENTATION('',(#3371),#3375);
#3371 = LINE('',#3372,#3373);
#3372 = CARTESIAN_POINT('',(0.35,-7.771561172375E-17));
#3373 = VECTOR('',#3374,1.);
#3374 = DIRECTION('',(0.,-1.));
#3375 = ( GEOMETRIC_REPRESENTATION_CONTEXT(2) 
PARAMETRIC_REPRESENTATION_CONTEXT() REPRESENTATION_CONTEXT('2D SPACE',''
  ) );
#3376 = ORIENTED_EDGE('',*,*,#2576,.T.);
#3377 = ORIENTED_EDGE('',*,*,#3329,.F.);
#3378 = ORIENTED_EDGE('',*,*,#2323,.F.);
#3379 = ADVANCED_FACE('',(#3380),#2311,.F.);
#3380 = FACE_BOUND('',#3381,.F.);
#3381 = EDGE_LOOP('',(#3382,#3383,#3384,#3385));
#3382 = ORIENTED_EDGE('',*,*,#3019,.T.);
#3383 = ORIENTED_EDGE('',*,*,#2553,.T.);
#3384 = ORIENTED_EDGE('',*,*,#3356,.F.);
#3385 = ORIENTED_EDGE('',*,*,#2295,.F.);
#3386 = ADVANCED_FACE('',(#3387),#2514,.F.);
#3387 = FACE_BOUND('',#3388,.F.);
#3388 = EDGE_LOOP('',(#3389,#3390,#3391,#3419));
#3389 = ORIENTED_EDGE('',*,*,#2498,.F.);
#3390 = ORIENTED_EDGE('',*,*,#2945,.T.);
#3391 = ORIENTED_EDGE('',*,*,#3392,.T.);
#3392 = EDGE_CURVE('',#2918,#3393,#3395,.T.);
#3393 = VERTEX_POINT('',#3394);
#3394 = CARTESIAN_POINT('',(1.95,0.84,1.025));
#3395 = SURFACE_CURVE('',#3396,(#3400,#3407),.PCURVE_S1.);
#3396 = LINE('',#3397,#3398);
#3397 = CARTESIAN_POINT('',(1.95,0.84,0.778829828783));
#3398 = VECTOR('',#3399,1.);
#3399 = DIRECTION('',(0.,0.,1.));
#3400 = PCURVE('',#2514,#3401);
#3401 = DEFINITIONAL_REPRESENTATION('',(#3402),#3406);
#3402 = LINE('',#3403,#3404);
#3403 = CARTESIAN_POINT('',(1.435,-0.246170171217));
#3404 = VECTOR('',#3405,1.);
#3405 = DIRECTION('',(0.,1.));
#3406 = ( GEOMETRIC_REPRESENTATION_CONTEXT(2) 
PARAMETRIC_REPRESENTATION_CONTEXT() REPRESENTATION_CONTEXT('2D SPACE',''
  ) );
#3407 = PCURVE('',#3408,#3413);
#3408 = PLANE('',#3409);
#3409 = AXIS2_PLACEMENT_3D('',#3410,#3411,#3412);
#3410 = CARTESIAN_POINT('',(2.41578967201,0.84,0.532659657565));
#3411 = DIRECTION('',(2.22044604925E-16,-1.,0.));
#3412 = DIRECTION('',(0.,0.,1.));
#3413 = DEFINITIONAL_REPRESENTATION('',(#3414),#3418);
#3414 = LINE('',#3415,#3416);
#3415 = CARTESIAN_POINT('',(0.246170171218,0.46578967201));
#3416 = VECTOR('',#3417,1.);
#3417 = DIRECTION('',(1.,0.));
#3418 = ( GEOMETRIC_REPRESENTATION_CONTEXT(2) 
PARAMETRIC_REPRESENTATION_CONTEXT() REPRESENTATION_CONTEXT('2D SPACE',''
  ) );
#3419 = ORIENTED_EDGE('',*,*,#3420,.F.);
#3420 = EDGE_CURVE('',#2499,#3393,#3421,.T.);
#3421 = SURFACE_CURVE('',#3422,(#3426,#3433),.PCURVE_S1.);
#3422 = LINE('',#3423,#3424);
#3423 = CARTESIAN_POINT('',(1.95,2.275,1.025));
#3424 = VECTOR('',#3425,1.);
#3425 = DIRECTION('',(2.22044604925E-16,-1.,0.));
#3426 = PCURVE('',#2514,#3427);
#3427 = DEFINITIONAL_REPRESENTATION('',(#3428),#3432);
#3428 = LINE('',#3429,#3430);
#3429 = CARTESIAN_POINT('',(0.,0.));
#3430 = VECTOR('',#3431,1.);
#3431 = DIRECTION('',(1.,0.));
#3432 = ( GEOMETRIC_REPRESENTATION_CONTEXT(2) 
PARAMETRIC_REPRESENTATION_CONTEXT() REPRESENTATION_CONTEXT('2D SPACE',''
  ) );
#3433 = PCURVE('',#3140,#3434);
#3434 = DEFINITIONAL_REPRESENTATION('',(#3435),#3439);
#3435 = LINE('',#3436,#3437);
#3436 = CARTESIAN_POINT('',(-1.110223024625E-16,1.787388845424E-15));
#3437 = VECTOR('',#3438,1.);
#3438 = DIRECTION('',(1.,-3.108502339868E-15));
#3439 = ( GEOMETRIC_REPRESENTATION_CONTEXT(2) 
PARAMETRIC_REPRESENTATION_CONTEXT() REPRESENTATION_CONTEXT('2D SPACE',''
  ) );
#3440 = ADVANCED_FACE('',(#3441),#2738,.F.);
#3441 = FACE_BOUND('',#3442,.F.);
#3442 = EDGE_LOOP('',(#3443,#3472,#3499,#3526,#3553,#3573,#3574,#3596));
#3443 = ORIENTED_EDGE('',*,*,#3444,.F.);
#3444 = EDGE_CURVE('',#3445,#3447,#3449,.T.);
#3445 = VERTEX_POINT('',#3446);
#3446 = CARTESIAN_POINT('',(-1.835171280765,2.217585640382,0.1));
#3447 = VERTEX_POINT('',#3448);
#3448 = CARTESIAN_POINT('',(-1.717585640382,2.335171280765,0.1));
#3449 = SURFACE_CURVE('',#3450,(#3454,#3461),.PCURVE_S1.);
#3450 = LINE('',#3451,#3452);
#3451 = CARTESIAN_POINT('',(-1.835171280765,2.217585640382,0.1));
#3452 = VECTOR('',#3453,1.);
#3453 = DIRECTION('',(0.707106781187,0.707106781187,0.));
#3454 = PCURVE('',#2738,#3455);
#3455 = DEFINITIONAL_REPRESENTATION('',(#3456),#3460);
#3456 = LINE('',#3457,#3458);
#3457 = CARTESIAN_POINT('',(2.505134554812E-02,-0.164393417553));
#3458 = VECTOR('',#3459,1.);
#3459 = DIRECTION('',(-0.150647445192,0.98858755164));
#3460 = ( GEOMETRIC_REPRESENTATION_CONTEXT(2) 
PARAMETRIC_REPRESENTATION_CONTEXT() REPRESENTATION_CONTEXT('2D SPACE',''
  ) );
#3461 = PCURVE('',#3462,#3467);
#3462 = B_SPLINE_SURFACE_WITH_KNOTS('',1,1,(
    (#3463,#3464)
    ,(#3465,#3466
    )),.UNSPECIFIED.,.F.,.F.,.F.,(2,2),(2,2),(0.,0.247487373415),(0.,1.)
  ,.PIECEWISE_BEZIER_KNOTS.);
#3463 = CARTESIAN_POINT('',(-1.835171280765,2.217585640382,0.1));
#3464 = CARTESIAN_POINT('',(-1.95,2.275,0.825));
#3465 = CARTESIAN_POINT('',(-1.717585640382,2.335171280765,0.1));
#3466 = CARTESIAN_POINT('',(-1.775,2.45,0.825));
#3467 = DEFINITIONAL_REPRESENTATION('',(#3468),#3471);
#3468 = B_SPLINE_CURVE_WITH_KNOTS('',1,(#3469,#3470),.UNSPECIFIED.,.F.,
  .F.,(2,2),(0.,0.16629120737),.PIECEWISE_BEZIER_KNOTS.);
#3469 = CARTESIAN_POINT('',(2.992756715082E-16,-4.171445780772E-17));
#3470 = CARTESIAN_POINT('',(0.247487373415,2.905068403533E-17));
#3471 = ( GEOMETRIC_REPRESENTATION_CONTEXT(2) 
PARAMETRIC_REPRESENTATION_CONTEXT() REPRESENTATION_CONTEXT('2D SPACE',''
  ) );
#3472 = ORIENTED_EDGE('',*,*,#3473,.F.);
#3473 = EDGE_CURVE('',#3474,#3445,#3476,.T.);
#3474 = VERTEX_POINT('',#3475);
#3475 = CARTESIAN_POINT('',(-1.835171280765,-2.217585640382,0.1));
#3476 = SURFACE_CURVE('',#3477,(#3481,#3488),.PCURVE_S1.);
#3477 = LINE('',#3478,#3479);
#3478 = CARTESIAN_POINT('',(-1.835171280765,-2.217585640382,0.1));
#3479 = VECTOR('',#3480,1.);
#3480 = DIRECTION('',(-2.22044604925E-16,1.,0.));
#3481 = PCURVE('',#2738,#3482);
#3482 = DEFINITIONAL_REPRESENTATION('',(#3483),#3487);
#3483 = LINE('',#3484,#3485);
#3484 = CARTESIAN_POINT('',(3.597851433471,-2.792290641847));
#3485 = VECTOR('',#3486,1.);
#3486 = DIRECTION('',(-0.805560791625,0.592513131498));
#3487 = ( GEOMETRIC_REPRESENTATION_CONTEXT(2) 
PARAMETRIC_REPRESENTATION_CONTEXT() REPRESENTATION_CONTEXT('2D SPACE',''
  ) );
#3488 = PCURVE('',#3489,#3494);
#3489 = B_SPLINE_SURFACE_WITH_KNOTS('',1,1,(
    (#3490,#3491)
    ,(#3492,#3493
    )),.UNSPECIFIED.,.F.,.F.,.F.,(2,2),(2,2),(0.,4.55),(0.,1.),
  .PIECEWISE_BEZIER_KNOTS.);
#3490 = CARTESIAN_POINT('',(-1.835171280765,-2.217585640382,0.1));
#3491 = CARTESIAN_POINT('',(-1.95,-2.275,0.825));
#3492 = CARTESIAN_POINT('',(-1.835171280765,2.217585640382,0.1));
#3493 = CARTESIAN_POINT('',(-1.95,2.275,0.825));
#3494 = DEFINITIONAL_REPRESENTATION('',(#3495),#3498);
#3495 = B_SPLINE_CURVE_WITH_KNOTS('',1,(#3496,#3497),.UNSPECIFIED.,.F.,
  .F.,(2,2),(0.,4.435171280764),.PIECEWISE_BEZIER_KNOTS.);
#3496 = CARTESIAN_POINT('',(-4.94827695417E-16,-2.662846262169E-17));
#3497 = CARTESIAN_POINT('',(4.55,1.773999406632E-16));
#3498 = ( GEOMETRIC_REPRESENTATION_CONTEXT(2) 
PARAMETRIC_REPRESENTATION_CONTEXT() REPRESENTATION_CONTEXT('2D SPACE',''
  ) );
#3499 = ORIENTED_EDGE('',*,*,#3500,.F.);
#3500 = EDGE_CURVE('',#3501,#3474,#3503,.T.);
#3501 = VERTEX_POINT('',#3502);
#3502 = CARTESIAN_POINT('',(-1.717585640382,-2.335171280765,0.1));
#3503 = SURFACE_CURVE('',#3504,(#3508,#3515),.PCURVE_S1.);
#3504 = LINE('',#3505,#3506);
#3505 = CARTESIAN_POINT('',(-1.717585640382,-2.335171280765,0.1));
#3506 = VECTOR('',#3507,1.);
#3507 = DIRECTION('',(-0.707106781187,0.707106781187,0.));
#3508 = PCURVE('',#2738,#3509);
#3509 = DEFINITIONAL_REPRESENTATION('',(#3510),#3514);
#3510 = LINE('',#3511,#3512);
#3511 = CARTESIAN_POINT('',(3.762244851024,-2.767239296299));
#3512 = VECTOR('',#3513,1.);
#3513 = DIRECTION('',(-0.98858755164,-0.150647445192));
#3514 = ( GEOMETRIC_REPRESENTATION_CONTEXT(2) 
PARAMETRIC_REPRESENTATION_CONTEXT() REPRESENTATION_CONTEXT('2D SPACE',''
  ) );
#3515 = PCURVE('',#3516,#3521);
#3516 = B_SPLINE_SURFACE_WITH_KNOTS('',1,1,(
    (#3517,#3518)
    ,(#3519,#3520
    )),.UNSPECIFIED.,.F.,.F.,.F.,(2,2),(2,2),(0.,0.247487373415),(0.,1.)
  ,.PIECEWISE_BEZIER_KNOTS.);
#3517 = CARTESIAN_POINT('',(-1.717585640382,-2.335171280765,0.1));
#3518 = CARTESIAN_POINT('',(-1.775,-2.45,0.825));
#3519 = CARTESIAN_POINT('',(-1.835171280765,-2.217585640382,0.1));
#3520 = CARTESIAN_POINT('',(-1.95,-2.275,0.825));
#3521 = DEFINITIONAL_REPRESENTATION('',(#3522),#3525);
#3522 = B_SPLINE_CURVE_WITH_KNOTS('',1,(#3523,#3524),.UNSPECIFIED.,.F.,
  .F.,(2,2),(0.,0.16629120737),.PIECEWISE_BEZIER_KNOTS.);
#3523 = CARTESIAN_POINT('',(-6.316502332661E-16,2.905068403496E-17));
#3524 = CARTESIAN_POINT('',(0.247487373415,-4.171445780772E-17));
#3525 = ( GEOMETRIC_REPRESENTATION_CONTEXT(2) 
PARAMETRIC_REPRESENTATION_CONTEXT() REPRESENTATION_CONTEXT('2D SPACE',''
  ) );
#3526 = ORIENTED_EDGE('',*,*,#3527,.F.);
#3527 = EDGE_CURVE('',#3528,#3501,#3530,.T.);
#3528 = VERTEX_POINT('',#3529);
#3529 = CARTESIAN_POINT('',(1.717585640382,-2.335171280765,0.1));
#3530 = SURFACE_CURVE('',#3531,(#3535,#3542),.PCURVE_S1.);
#3531 = LINE('',#3532,#3533);
#3532 = CARTESIAN_POINT('',(1.717585640382,-2.335171280765,0.1));
#3533 = VECTOR('',#3534,1.);
#3534 = DIRECTION('',(-1.,-2.22044604925E-16,0.));
#3535 = PCURVE('',#2738,#3536);
#3536 = DEFINITIONAL_REPRESENTATION('',(#3537),#3541);
#3537 = LINE('',#3538,#3539);
#3538 = CARTESIAN_POINT('',(5.79762894382,-8.180123245438E-13));
#3539 = VECTOR('',#3540,1.);
#3540 = DIRECTION('',(-0.592513131498,-0.805560791625));
#3541 = ( GEOMETRIC_REPRESENTATION_CONTEXT(2) 
PARAMETRIC_REPRESENTATION_CONTEXT() REPRESENTATION_CONTEXT('2D SPACE',''
  ) );
#3542 = PCURVE('',#3543,#3548);
#3543 = B_SPLINE_SURFACE_WITH_KNOTS('',1,1,(
    (#3544,#3545)
    ,(#3546,#3547
    )),.UNSPECIFIED.,.F.,.F.,.F.,(2,2),(2,2),(0.,3.55),(0.,1.),
  .PIECEWISE_BEZIER_KNOTS.);
#3544 = CARTESIAN_POINT('',(1.717585640382,-2.335171280765,0.1));
#3545 = CARTESIAN_POINT('',(1.775,-2.45,0.825));
#3546 = CARTESIAN_POINT('',(-1.717585640382,-2.335171280765,0.1));
#3547 = CARTESIAN_POINT('',(-1.775,-2.45,0.825));
#3548 = DEFINITIONAL_REPRESENTATION('',(#3549),#3552);
#3549 = B_SPLINE_CURVE_WITH_KNOTS('',1,(#3550,#3551),.UNSPECIFIED.,.F.,
  .F.,(2,2),(0.,3.435171280764),.PIECEWISE_BEZIER_KNOTS.);
#3550 = CARTESIAN_POINT('',(2.867682730149E-16,-3.386432460304E-17));
#3551 = CARTESIAN_POINT('',(3.55,1.579746795886E-16));
#3552 = ( GEOMETRIC_REPRESENTATION_CONTEXT(2) 
PARAMETRIC_REPRESENTATION_CONTEXT() REPRESENTATION_CONTEXT('2D SPACE',''
  ) );
#3553 = ORIENTED_EDGE('',*,*,#3554,.F.);
#3554 = EDGE_CURVE('',#2724,#3528,#3555,.T.);
#3555 = SURFACE_CURVE('',#3556,(#3560,#3567),.PCURVE_S1.);
#3556 = LINE('',#3557,#3558);
#3557 = CARTESIAN_POINT('',(1.835171280765,-2.217585640382,0.1));
#3558 = VECTOR('',#3559,1.);
#3559 = DIRECTION('',(-0.707106781187,-0.707106781187,0.));
#3560 = PCURVE('',#2738,#3561);
#3561 = DEFINITIONAL_REPRESENTATION('',(#3562),#3566);
#3562 = LINE('',#3563,#3564);
#3563 = CARTESIAN_POINT('',(5.772577598272,0.164393417552));
#3564 = VECTOR('',#3565,1.);
#3565 = DIRECTION('',(0.150647445192,-0.98858755164));
#3566 = ( GEOMETRIC_REPRESENTATION_CONTEXT(2) 
PARAMETRIC_REPRESENTATION_CONTEXT() REPRESENTATION_CONTEXT('2D SPACE',''
  ) );
#3567 = PCURVE('',#2765,#3568);
#3568 = DEFINITIONAL_REPRESENTATION('',(#3569),#3572);
#3569 = B_SPLINE_CURVE_WITH_KNOTS('',1,(#3570,#3571),.UNSPECIFIED.,.F.,
  .F.,(2,2),(0.,0.16629120737),.PIECEWISE_BEZIER_KNOTS.);
#3570 = CARTESIAN_POINT('',(2.992756715082E-16,-4.171445780772E-17));
#3571 = CARTESIAN_POINT('',(0.247487373415,2.905068403533E-17));
#3572 = ( GEOMETRIC_REPRESENTATION_CONTEXT(2) 
PARAMETRIC_REPRESENTATION_CONTEXT() REPRESENTATION_CONTEXT('2D SPACE',''
  ) );
#3573 = ORIENTED_EDGE('',*,*,#2721,.F.);
#3574 = ORIENTED_EDGE('',*,*,#3575,.F.);
#3575 = EDGE_CURVE('',#3576,#2722,#3578,.T.);
#3576 = VERTEX_POINT('',#3577);
#3577 = CARTESIAN_POINT('',(1.717585640382,2.335171280765,0.1));
#3578 = SURFACE_CURVE('',#3579,(#3583,#3590),.PCURVE_S1.);
#3579 = LINE('',#3580,#3581);
#3580 = CARTESIAN_POINT('',(1.717585640382,2.335171280765,0.1));
#3581 = VECTOR('',#3582,1.);
#3582 = DIRECTION('',(0.707106781187,-0.707106781187,0.));
#3583 = PCURVE('',#2738,#3584);
#3584 = DEFINITIONAL_REPRESENTATION('',(#3585),#3589);
#3585 = LINE('',#3586,#3587);
#3586 = CARTESIAN_POINT('',(2.035384092796,2.767239296298));
#3587 = VECTOR('',#3588,1.);
#3588 = DIRECTION('',(0.98858755164,0.150647445192));
#3589 = ( GEOMETRIC_REPRESENTATION_CONTEXT(2) 
PARAMETRIC_REPRESENTATION_CONTEXT() REPRESENTATION_CONTEXT('2D SPACE',''
  ) );
#3590 = PCURVE('',#3003,#3591);
#3591 = DEFINITIONAL_REPRESENTATION('',(#3592),#3595);
#3592 = B_SPLINE_CURVE_WITH_KNOTS('',1,(#3593,#3594),.UNSPECIFIED.,.F.,
  .F.,(2,2),(0.,0.16629120737),.PIECEWISE_BEZIER_KNOTS.);
#3593 = CARTESIAN_POINT('',(-6.316502332661E-16,2.905068403496E-17));
#3594 = CARTESIAN_POINT('',(0.247487373415,-4.171445780772E-17));
#3595 = ( GEOMETRIC_REPRESENTATION_CONTEXT(2) 
PARAMETRIC_REPRESENTATION_CONTEXT() REPRESENTATION_CONTEXT('2D SPACE',''
  ) );
#3596 = ORIENTED_EDGE('',*,*,#3597,.F.);
#3597 = EDGE_CURVE('',#3447,#3576,#3598,.T.);
#3598 = SURFACE_CURVE('',#3599,(#3603,#3610),.PCURVE_S1.);
#3599 = LINE('',#3600,#3601);
#3600 = CARTESIAN_POINT('',(-1.717585640382,2.335171280765,0.1));
#3601 = VECTOR('',#3602,1.);
#3602 = DIRECTION('',(1.,2.22044604925E-16,0.));
#3603 = PCURVE('',#2738,#3604);
#3604 = DEFINITIONAL_REPRESENTATION('',(#3605),#3609);
#3605 = LINE('',#3606,#3607);
#3606 = CARTESIAN_POINT('',(0.,0.));
#3607 = VECTOR('',#3608,1.);
#3608 = DIRECTION('',(0.592513131498,0.805560791625));
#3609 = ( GEOMETRIC_REPRESENTATION_CONTEXT(2) 
PARAMETRIC_REPRESENTATION_CONTEXT() REPRESENTATION_CONTEXT('2D SPACE',''
  ) );
#3610 = PCURVE('',#3611,#3616);
#3611 = B_SPLINE_SURFACE_WITH_KNOTS('',1,1,(
    (#3612,#3613)
    ,(#3614,#3615
    )),.UNSPECIFIED.,.F.,.F.,.F.,(2,2),(2,2),(0.,3.55),(0.,1.),
  .PIECEWISE_BEZIER_KNOTS.);
#3612 = CARTESIAN_POINT('',(-1.717585640382,2.335171280765,0.1));
#3613 = CARTESIAN_POINT('',(-1.775,2.45,0.825));
#3614 = CARTESIAN_POINT('',(1.717585640382,2.335171280765,0.1));
#3615 = CARTESIAN_POINT('',(1.775,2.45,0.825));
#3616 = DEFINITIONAL_REPRESENTATION('',(#3617),#3620);
#3617 = B_SPLINE_CURVE_WITH_KNOTS('',1,(#3618,#3619),.UNSPECIFIED.,.F.,
  .F.,(2,2),(0.,3.435171280764),.PIECEWISE_BEZIER_KNOTS.);
#3618 = CARTESIAN_POINT('',(2.867682730149E-16,-3.386432460304E-17));
#3619 = CARTESIAN_POINT('',(3.55,1.579746795886E-16));
#3620 = ( GEOMETRIC_REPRESENTATION_CONTEXT(2) 
PARAMETRIC_REPRESENTATION_CONTEXT() REPRESENTATION_CONTEXT('2D SPACE',''
  ) );
#3621 = ADVANCED_FACE('',(#3622),#3003,.F.);
#3622 = FACE_BOUND('',#3623,.F.);
#3623 = EDGE_LOOP('',(#3624,#3625,#3626,#3649));
#3624 = ORIENTED_EDGE('',*,*,#3575,.T.);
#3625 = ORIENTED_EDGE('',*,*,#2990,.T.);
#3626 = ORIENTED_EDGE('',*,*,#3627,.F.);
#3627 = EDGE_CURVE('',#3628,#2968,#3630,.T.);
#3628 = VERTEX_POINT('',#3629);
#3629 = CARTESIAN_POINT('',(1.775,2.45,0.825));
#3630 = SURFACE_CURVE('',#3631,(#3635,#3642),.PCURVE_S1.);
#3631 = LINE('',#3632,#3633);
#3632 = CARTESIAN_POINT('',(1.775,2.45,0.825));
#3633 = VECTOR('',#3634,1.);
#3634 = DIRECTION('',(0.707106781187,-0.707106781187,0.));
#3635 = PCURVE('',#3003,#3636);
#3636 = DEFINITIONAL_REPRESENTATION('',(#3637),#3641);
#3637 = LINE('',#3638,#3639);
#3638 = CARTESIAN_POINT('',(5.057693122531E-17,1.));
#3639 = VECTOR('',#3640,1.);
#3640 = DIRECTION('',(1.,0.));
#3641 = ( GEOMETRIC_REPRESENTATION_CONTEXT(2) 
PARAMETRIC_REPRESENTATION_CONTEXT() REPRESENTATION_CONTEXT('2D SPACE',''
  ) );
#3642 = PCURVE('',#3059,#3643);
#3643 = DEFINITIONAL_REPRESENTATION('',(#3644),#3648);
#3644 = LINE('',#3645,#3646);
#3645 = CARTESIAN_POINT('',(0.,-0.2));
#3646 = VECTOR('',#3647,1.);
#3647 = DIRECTION('',(1.,0.));
#3648 = ( GEOMETRIC_REPRESENTATION_CONTEXT(2) 
PARAMETRIC_REPRESENTATION_CONTEXT() REPRESENTATION_CONTEXT('2D SPACE',''
  ) );
#3649 = ORIENTED_EDGE('',*,*,#3650,.F.);
#3650 = EDGE_CURVE('',#3576,#3628,#3651,.T.);
#3651 = SURFACE_CURVE('',#3652,(#3655,#3662),.PCURVE_S1.);
#3652 = B_SPLINE_CURVE_WITH_KNOTS('',1,(#3653,#3654),.UNSPECIFIED.,.F.,
  .F.,(2,2),(0.,1.),.PIECEWISE_BEZIER_KNOTS.);
#3653 = CARTESIAN_POINT('',(1.717585640382,2.335171280765,0.1));
#3654 = CARTESIAN_POINT('',(1.775,2.45,0.825));
#3655 = PCURVE('',#3003,#3656);
#3656 = DEFINITIONAL_REPRESENTATION('',(#3657),#3661);
#3657 = LINE('',#3658,#3659);
#3658 = CARTESIAN_POINT('',(-6.316502332661E-16,2.905068403496E-17));
#3659 = VECTOR('',#3660,1.);
#3660 = DIRECTION('',(3.710816018575E-16,1.));
#3661 = ( GEOMETRIC_REPRESENTATION_CONTEXT(2) 
PARAMETRIC_REPRESENTATION_CONTEXT() REPRESENTATION_CONTEXT('2D SPACE',''
  ) );
#3662 = PCURVE('',#3611,#3663);
#3663 = DEFINITIONAL_REPRESENTATION('',(#3664),#3668);
#3664 = LINE('',#3665,#3666);
#3665 = CARTESIAN_POINT('',(3.55,-1.234009040003E-16));
#3666 = VECTOR('',#3667,1.);
#3667 = DIRECTION('',(0.,1.));
#3668 = ( GEOMETRIC_REPRESENTATION_CONTEXT(2) 
PARAMETRIC_REPRESENTATION_CONTEXT() REPRESENTATION_CONTEXT('2D SPACE',''
  ) );
#3669 = ADVANCED_FACE('',(#3670),#2765,.F.);
#3670 = FACE_BOUND('',#3671,.F.);
#3671 = EDGE_LOOP('',(#3672,#3673,#3695,#3721));
#3672 = ORIENTED_EDGE('',*,*,#3554,.T.);
#3673 = ORIENTED_EDGE('',*,*,#3674,.T.);
#3674 = EDGE_CURVE('',#3528,#3675,#3677,.T.);
#3675 = VERTEX_POINT('',#3676);
#3676 = CARTESIAN_POINT('',(1.775,-2.45,0.825));
#3677 = SURFACE_CURVE('',#3678,(#3681,#3688),.PCURVE_S1.);
#3678 = B_SPLINE_CURVE_WITH_KNOTS('',1,(#3679,#3680),.UNSPECIFIED.,.F.,
  .F.,(2,2),(0.,1.),.PIECEWISE_BEZIER_KNOTS.);
#3679 = CARTESIAN_POINT('',(1.717585640382,-2.335171280765,0.1));
#3680 = CARTESIAN_POINT('',(1.775,-2.45,0.825));
#3681 = PCURVE('',#2765,#3682);
#3682 = DEFINITIONAL_REPRESENTATION('',(#3683),#3687);
#3683 = LINE('',#3684,#3685);
#3684 = CARTESIAN_POINT('',(0.247487373415,-1.18030267204E-16));
#3685 = VECTOR('',#3686,1.);
#3686 = DIRECTION('',(1.110223024625E-16,1.));
#3687 = ( GEOMETRIC_REPRESENTATION_CONTEXT(2) 
PARAMETRIC_REPRESENTATION_CONTEXT() REPRESENTATION_CONTEXT('2D SPACE',''
  ) );
#3688 = PCURVE('',#3543,#3689);
#3689 = DEFINITIONAL_REPRESENTATION('',(#3690),#3694);
#3690 = LINE('',#3691,#3692);
#3691 = CARTESIAN_POINT('',(2.867682730149E-16,-3.386432460304E-17));
#3692 = VECTOR('',#3693,1.);
#3693 = DIRECTION('',(-2.650018708623E-16,1.));
#3694 = ( GEOMETRIC_REPRESENTATION_CONTEXT(2) 
PARAMETRIC_REPRESENTATION_CONTEXT() REPRESENTATION_CONTEXT('2D SPACE',''
  ) );
#3695 = ORIENTED_EDGE('',*,*,#3696,.F.);
#3696 = EDGE_CURVE('',#2751,#3675,#3697,.T.);
#3697 = SURFACE_CURVE('',#3698,(#3702,#3709),.PCURVE_S1.);
#3698 = LINE('',#3699,#3700);
#3699 = CARTESIAN_POINT('',(1.95,-2.275,0.825));
#3700 = VECTOR('',#3701,1.);
#3701 = DIRECTION('',(-0.707106781187,-0.707106781187,0.));
#3702 = PCURVE('',#2765,#3703);
#3703 = DEFINITIONAL_REPRESENTATION('',(#3704),#3708);
#3704 = LINE('',#3705,#3706);
#3705 = CARTESIAN_POINT('',(-1.061963552289E-16,1.));
#3706 = VECTOR('',#3707,1.);
#3707 = DIRECTION('',(1.,0.));
#3708 = ( GEOMETRIC_REPRESENTATION_CONTEXT(2) 
PARAMETRIC_REPRESENTATION_CONTEXT() REPRESENTATION_CONTEXT('2D SPACE',''
  ) );
#3709 = PCURVE('',#3710,#3715);
#3710 = PLANE('',#3711);
#3711 = AXIS2_PLACEMENT_3D('',#3712,#3713,#3714);
#3712 = CARTESIAN_POINT('',(1.95,-2.275,1.025));
#3713 = DIRECTION('',(-0.707106781187,0.707106781187,0.));
#3714 = DIRECTION('',(-0.707106781187,-0.707106781187,0.));
#3715 = DEFINITIONAL_REPRESENTATION('',(#3716),#3720);
#3716 = LINE('',#3717,#3718);
#3717 = CARTESIAN_POINT('',(-0.,-0.2));
#3718 = VECTOR('',#3719,1.);
#3719 = DIRECTION('',(1.,0.));
#3720 = ( GEOMETRIC_REPRESENTATION_CONTEXT(2) 
PARAMETRIC_REPRESENTATION_CONTEXT() REPRESENTATION_CONTEXT('2D SPACE',''
  ) );
#3721 = ORIENTED_EDGE('',*,*,#2750,.F.);
#3722 = ADVANCED_FACE('',(#3723),#2793,.F.);
#3723 = FACE_BOUND('',#3724,.F.);
#3724 = EDGE_LOOP('',(#3725,#3753,#3754,#3774));
#3725 = ORIENTED_EDGE('',*,*,#3726,.F.);
#3726 = EDGE_CURVE('',#2778,#3727,#3729,.T.);
#3727 = VERTEX_POINT('',#3728);
#3728 = CARTESIAN_POINT('',(1.95,-2.11,1.025));
#3729 = SURFACE_CURVE('',#3730,(#3734,#3741),.PCURVE_S1.);
#3730 = LINE('',#3731,#3732);
#3731 = CARTESIAN_POINT('',(1.95,-2.11,0.778829828783));
#3732 = VECTOR('',#3733,1.);
#3733 = DIRECTION('',(0.,0.,1.));
#3734 = PCURVE('',#2793,#3735);
#3735 = DEFINITIONAL_REPRESENTATION('',(#3736),#3740);
#3736 = LINE('',#3737,#3738);
#3737 = CARTESIAN_POINT('',(4.385,-0.246170171217));
#3738 = VECTOR('',#3739,1.);
#3739 = DIRECTION('',(0.,1.));
#3740 = ( GEOMETRIC_REPRESENTATION_CONTEXT(2) 
PARAMETRIC_REPRESENTATION_CONTEXT() REPRESENTATION_CONTEXT('2D SPACE',''
  ) );
#3741 = PCURVE('',#3742,#3747);
#3742 = PLANE('',#3743);
#3743 = AXIS2_PLACEMENT_3D('',#3744,#3745,#3746);
#3744 = CARTESIAN_POINT('',(2.41578967201,-2.11,0.532659657565));
#3745 = DIRECTION('',(2.22044604925E-16,-1.,0.));
#3746 = DIRECTION('',(0.,0.,1.));
#3747 = DEFINITIONAL_REPRESENTATION('',(#3748),#3752);
#3748 = LINE('',#3749,#3750);
#3749 = CARTESIAN_POINT('',(0.246170171218,0.46578967201));
#3750 = VECTOR('',#3751,1.);
#3751 = DIRECTION('',(1.,0.));
#3752 = ( GEOMETRIC_REPRESENTATION_CONTEXT(2) 
PARAMETRIC_REPRESENTATION_CONTEXT() REPRESENTATION_CONTEXT('2D SPACE',''
  ) );
#3753 = ORIENTED_EDGE('',*,*,#2777,.T.);
#3754 = ORIENTED_EDGE('',*,*,#3755,.T.);
#3755 = EDGE_CURVE('',#2751,#3756,#3758,.T.);
#3756 = VERTEX_POINT('',#3757);
#3757 = CARTESIAN_POINT('',(1.95,-2.275,1.025));
#3758 = SURFACE_CURVE('',#3759,(#3762,#3768),.PCURVE_S1.);
#3759 = B_SPLINE_CURVE_WITH_KNOTS('',1,(#3760,#3761),.UNSPECIFIED.,.F.,
  .F.,(2,2),(0.,1.),.PIECEWISE_BEZIER_KNOTS.);
#3760 = CARTESIAN_POINT('',(1.95,-2.275,0.825));
#3761 = CARTESIAN_POINT('',(1.95,-2.275,1.025));
#3762 = PCURVE('',#2793,#3763);
#3763 = DEFINITIONAL_REPRESENTATION('',(#3764),#3767);
#3764 = B_SPLINE_CURVE_WITH_KNOTS('',1,(#3765,#3766),.UNSPECIFIED.,.F.,
  .F.,(2,2),(0.,1.),.PIECEWISE_BEZIER_KNOTS.);
#3765 = CARTESIAN_POINT('',(4.55,-0.2));
#3766 = CARTESIAN_POINT('',(4.55,0.));
#3767 = ( GEOMETRIC_REPRESENTATION_CONTEXT(2) 
PARAMETRIC_REPRESENTATION_CONTEXT() REPRESENTATION_CONTEXT('2D SPACE',''
  ) );
#3768 = PCURVE('',#3710,#3769);
#3769 = DEFINITIONAL_REPRESENTATION('',(#3770),#3773);
#3770 = B_SPLINE_CURVE_WITH_KNOTS('',1,(#3771,#3772),.UNSPECIFIED.,.F.,
  .F.,(2,2),(0.,1.),.PIECEWISE_BEZIER_KNOTS.);
#3771 = CARTESIAN_POINT('',(0.,-0.2));
#3772 = CARTESIAN_POINT('',(0.,0.));
#3773 = ( GEOMETRIC_REPRESENTATION_CONTEXT(2) 
PARAMETRIC_REPRESENTATION_CONTEXT() REPRESENTATION_CONTEXT('2D SPACE',''
  ) );
#3774 = ORIENTED_EDGE('',*,*,#3775,.F.);
#3775 = EDGE_CURVE('',#3727,#3756,#3776,.T.);
#3776 = SURFACE_CURVE('',#3777,(#3781,#3788),.PCURVE_S1.);
#3777 = LINE('',#3778,#3779);
#3778 = CARTESIAN_POINT('',(1.95,2.275,1.025));
#3779 = VECTOR('',#3780,1.);
#3780 = DIRECTION('',(2.22044604925E-16,-1.,0.));
#3781 = PCURVE('',#2793,#3782);
#3782 = DEFINITIONAL_REPRESENTATION('',(#3783),#3787);
#3783 = LINE('',#3784,#3785);
#3784 = CARTESIAN_POINT('',(0.,0.));
#3785 = VECTOR('',#3786,1.);
#3786 = DIRECTION('',(1.,0.));
#3787 = ( GEOMETRIC_REPRESENTATION_CONTEXT(2) 
PARAMETRIC_REPRESENTATION_CONTEXT() REPRESENTATION_CONTEXT('2D SPACE',''
  ) );
#3788 = PCURVE('',#3789,#3794);
#3789 = B_SPLINE_SURFACE_WITH_KNOTS('',1,1,(
    (#3790,#3791)
    ,(#3792,#3793
    )),.UNSPECIFIED.,.F.,.F.,.F.,(2,2),(2,2),(0.,4.55),(0.,1.),
  .PIECEWISE_BEZIER_KNOTS.);
#3790 = CARTESIAN_POINT('',(1.95,2.275,1.025));
#3791 = CARTESIAN_POINT('',(1.875,2.2375,1.025));
#3792 = CARTESIAN_POINT('',(1.95,-2.275,1.025));
#3793 = CARTESIAN_POINT('',(1.875,-2.2375,1.025));
#3794 = DEFINITIONAL_REPRESENTATION('',(#3795),#3799);
#3795 = LINE('',#3796,#3797);
#3796 = CARTESIAN_POINT('',(8.881784197001E-16,1.308297669345E-13));
#3797 = VECTOR('',#3798,1.);
#3798 = DIRECTION('',(1.,-3.186124313148E-14));
#3799 = ( GEOMETRIC_REPRESENTATION_CONTEXT(2) 
PARAMETRIC_REPRESENTATION_CONTEXT() REPRESENTATION_CONTEXT('2D SPACE',''
  ) );
#3800 = ADVANCED_FACE('',(#3801),#2821,.F.);
#3801 = FACE_BOUND('',#3802,.F.);
#3802 = EDGE_LOOP('',(#3803,#3831,#3832,#3855));
#3803 = ORIENTED_EDGE('',*,*,#3804,.F.);
#3804 = EDGE_CURVE('',#2806,#3805,#3807,.T.);
#3805 = VERTEX_POINT('',#3806);
#3806 = CARTESIAN_POINT('',(2.25,-1.7,0.825));
#3807 = SURFACE_CURVE('',#3808,(#3812,#3819),.PCURVE_S1.);
#3808 = LINE('',#3809,#3810);
#3809 = CARTESIAN_POINT('',(1.8,-1.7,0.825));
#3810 = VECTOR('',#3811,1.);
#3811 = DIRECTION('',(1.,2.22044604925E-16,0.));
#3812 = PCURVE('',#2821,#3813);
#3813 = DEFINITIONAL_REPRESENTATION('',(#3814),#3818);
#3814 = LINE('',#3815,#3816);
#3815 = CARTESIAN_POINT('',(0.,0.));
#3816 = VECTOR('',#3817,1.);
#3817 = DIRECTION('',(1.,0.));
#3818 = ( GEOMETRIC_REPRESENTATION_CONTEXT(2) 
PARAMETRIC_REPRESENTATION_CONTEXT() REPRESENTATION_CONTEXT('2D SPACE',''
  ) );
#3819 = PCURVE('',#3820,#3825);
#3820 = PLANE('',#3821);
#3821 = AXIS2_PLACEMENT_3D('',#3822,#3823,#3824);
#3822 = CARTESIAN_POINT('',(2.41578967201,-1.7,0.532659657565));
#3823 = DIRECTION('',(2.22044604925E-16,-1.,0.));
#3824 = DIRECTION('',(0.,0.,1.));
#3825 = DEFINITIONAL_REPRESENTATION('',(#3826),#3830);
#3826 = LINE('',#3827,#3828);
#3827 = CARTESIAN_POINT('',(0.292340342435,0.61578967201));
#3828 = VECTOR('',#3829,1.);
#3829 = DIRECTION('',(0.,-1.));
#3830 = ( GEOMETRIC_REPRESENTATION_CONTEXT(2) 
PARAMETRIC_REPRESENTATION_CONTEXT() REPRESENTATION_CONTEXT('2D SPACE',''
  ) );
#3831 = ORIENTED_EDGE('',*,*,#2805,.T.);
#3832 = ORIENTED_EDGE('',*,*,#3833,.T.);
#3833 = EDGE_CURVE('',#2778,#3834,#3836,.T.);
#3834 = VERTEX_POINT('',#3835);
#3835 = CARTESIAN_POINT('',(2.25,-2.11,0.825));
#3836 = SURFACE_CURVE('',#3837,(#3841,#3848),.PCURVE_S1.);
#3837 = LINE('',#3838,#3839);
#3838 = CARTESIAN_POINT('',(1.8,-2.11,0.825));
#3839 = VECTOR('',#3840,1.);
#3840 = DIRECTION('',(1.,2.22044604925E-16,0.));
#3841 = PCURVE('',#2821,#3842);
#3842 = DEFINITIONAL_REPRESENTATION('',(#3843),#3847);
#3843 = LINE('',#3844,#3845);
#3844 = CARTESIAN_POINT('',(-9.103828801925E-17,-0.41));
#3845 = VECTOR('',#3846,1.);
#3846 = DIRECTION('',(1.,0.));
#3847 = ( GEOMETRIC_REPRESENTATION_CONTEXT(2) 
PARAMETRIC_REPRESENTATION_CONTEXT() REPRESENTATION_CONTEXT('2D SPACE',''
  ) );
#3848 = PCURVE('',#3742,#3849);
#3849 = DEFINITIONAL_REPRESENTATION('',(#3850),#3854);
#3850 = LINE('',#3851,#3852);
#3851 = CARTESIAN_POINT('',(0.292340342435,0.61578967201));
#3852 = VECTOR('',#3853,1.);
#3853 = DIRECTION('',(0.,-1.));
#3854 = ( GEOMETRIC_REPRESENTATION_CONTEXT(2) 
PARAMETRIC_REPRESENTATION_CONTEXT() REPRESENTATION_CONTEXT('2D SPACE',''
  ) );
#3855 = ORIENTED_EDGE('',*,*,#3856,.F.);
#3856 = EDGE_CURVE('',#3805,#3834,#3857,.T.);
#3857 = SURFACE_CURVE('',#3858,(#3862,#3869),.PCURVE_S1.);
#3858 = LINE('',#3859,#3860);
#3859 = CARTESIAN_POINT('',(2.25,-1.7,0.825));
#3860 = VECTOR('',#3861,1.);
#3861 = DIRECTION('',(2.22044604925E-16,-1.,0.));
#3862 = PCURVE('',#2821,#3863);
#3863 = DEFINITIONAL_REPRESENTATION('',(#3864),#3868);
#3864 = LINE('',#3865,#3866);
#3865 = CARTESIAN_POINT('',(0.45,-9.992007221625E-17));
#3866 = VECTOR('',#3867,1.);
#3867 = DIRECTION('',(0.,-1.));
#3868 = ( GEOMETRIC_REPRESENTATION_CONTEXT(2) 
PARAMETRIC_REPRESENTATION_CONTEXT() REPRESENTATION_CONTEXT('2D SPACE',''
  ) );
#3869 = PCURVE('',#3870,#3875);
#3870 = CYLINDRICAL_SURFACE('',#3871,0.1);
#3871 = AXIS2_PLACEMENT_3D('',#3872,#3873,#3874);
#3872 = CARTESIAN_POINT('',(2.25,-1.7,0.725));
#3873 = DIRECTION('',(-2.22044604925E-16,1.,0.));
#3874 = DIRECTION('',(4.440892098501E-15,9.860761315262E-31,1.));
#3875 = DEFINITIONAL_REPRESENTATION('',(#3876),#3880);
#3876 = LINE('',#3877,#3878);
#3877 = CARTESIAN_POINT('',(0.,0.));
#3878 = VECTOR('',#3879,1.);
#3879 = DIRECTION('',(0.,-1.));
#3880 = ( GEOMETRIC_REPRESENTATION_CONTEXT(2) 
PARAMETRIC_REPRESENTATION_CONTEXT() REPRESENTATION_CONTEXT('2D SPACE',''
  ) );
#3881 = ADVANCED_FACE('',(#3882),#2849,.F.);
#3882 = FACE_BOUND('',#3883,.F.);
#3883 = EDGE_LOOP('',(#3884,#3912,#3913,#3936));
#3884 = ORIENTED_EDGE('',*,*,#3885,.F.);
#3885 = EDGE_CURVE('',#2834,#3886,#3888,.T.);
#3886 = VERTEX_POINT('',#3887);
#3887 = CARTESIAN_POINT('',(1.95,-0.84,1.025));
#3888 = SURFACE_CURVE('',#3889,(#3893,#3900),.PCURVE_S1.);
#3889 = LINE('',#3890,#3891);
#3890 = CARTESIAN_POINT('',(1.95,-0.84,0.778829828783));
#3891 = VECTOR('',#3892,1.);
#3892 = DIRECTION('',(0.,0.,1.));
#3893 = PCURVE('',#2849,#3894);
#3894 = DEFINITIONAL_REPRESENTATION('',(#3895),#3899);
#3895 = LINE('',#3896,#3897);
#3896 = CARTESIAN_POINT('',(3.115,-0.246170171217));
#3897 = VECTOR('',#3898,1.);
#3898 = DIRECTION('',(0.,1.));
#3899 = ( GEOMETRIC_REPRESENTATION_CONTEXT(2) 
PARAMETRIC_REPRESENTATION_CONTEXT() REPRESENTATION_CONTEXT('2D SPACE',''
  ) );
#3900 = PCURVE('',#3901,#3906);
#3901 = PLANE('',#3902);
#3902 = AXIS2_PLACEMENT_3D('',#3903,#3904,#3905);
#3903 = CARTESIAN_POINT('',(2.41578967201,-0.84,0.532659657565));
#3904 = DIRECTION('',(2.22044604925E-16,-1.,0.));
#3905 = DIRECTION('',(0.,0.,1.));
#3906 = DEFINITIONAL_REPRESENTATION('',(#3907),#3911);
#3907 = LINE('',#3908,#3909);
#3908 = CARTESIAN_POINT('',(0.246170171218,0.46578967201));
#3909 = VECTOR('',#3910,1.);
#3910 = DIRECTION('',(1.,0.));
#3911 = ( GEOMETRIC_REPRESENTATION_CONTEXT(2) 
PARAMETRIC_REPRESENTATION_CONTEXT() REPRESENTATION_CONTEXT('2D SPACE',''
  ) );
#3912 = ORIENTED_EDGE('',*,*,#2833,.T.);
#3913 = ORIENTED_EDGE('',*,*,#3914,.T.);
#3914 = EDGE_CURVE('',#2806,#3915,#3917,.T.);
#3915 = VERTEX_POINT('',#3916);
#3916 = CARTESIAN_POINT('',(1.95,-1.7,1.025));
#3917 = SURFACE_CURVE('',#3918,(#3922,#3929),.PCURVE_S1.);
#3918 = LINE('',#3919,#3920);
#3919 = CARTESIAN_POINT('',(1.95,-1.7,0.778829828783));
#3920 = VECTOR('',#3921,1.);
#3921 = DIRECTION('',(0.,0.,1.));
#3922 = PCURVE('',#2849,#3923);
#3923 = DEFINITIONAL_REPRESENTATION('',(#3924),#3928);
#3924 = LINE('',#3925,#3926);
#3925 = CARTESIAN_POINT('',(3.975,-0.246170171217));
#3926 = VECTOR('',#3927,1.);
#3927 = DIRECTION('',(0.,1.));
#3928 = ( GEOMETRIC_REPRESENTATION_CONTEXT(2) 
PARAMETRIC_REPRESENTATION_CONTEXT() REPRESENTATION_CONTEXT('2D SPACE',''
  ) );
#3929 = PCURVE('',#3820,#3930);
#3930 = DEFINITIONAL_REPRESENTATION('',(#3931),#3935);
#3931 = LINE('',#3932,#3933);
#3932 = CARTESIAN_POINT('',(0.246170171218,0.46578967201));
#3933 = VECTOR('',#3934,1.);
#3934 = DIRECTION('',(1.,0.));
#3935 = ( GEOMETRIC_REPRESENTATION_CONTEXT(2) 
PARAMETRIC_REPRESENTATION_CONTEXT() REPRESENTATION_CONTEXT('2D SPACE',''
  ) );
#3936 = ORIENTED_EDGE('',*,*,#3937,.F.);
#3937 = EDGE_CURVE('',#3886,#3915,#3938,.T.);
#3938 = SURFACE_CURVE('',#3939,(#3943,#3950),.PCURVE_S1.);
#3939 = LINE('',#3940,#3941);
#3940 = CARTESIAN_POINT('',(1.95,2.275,1.025));
#3941 = VECTOR('',#3942,1.);
#3942 = DIRECTION('',(2.22044604925E-16,-1.,0.));
#3943 = PCURVE('',#2849,#3944);
#3944 = DEFINITIONAL_REPRESENTATION('',(#3945),#3949);
#3945 = LINE('',#3946,#3947);
#3946 = CARTESIAN_POINT('',(0.,0.));
#3947 = VECTOR('',#3948,1.);
#3948 = DIRECTION('',(1.,0.));
#3949 = ( GEOMETRIC_REPRESENTATION_CONTEXT(2) 
PARAMETRIC_REPRESENTATION_CONTEXT() REPRESENTATION_CONTEXT('2D SPACE',''
  ) );
#3950 = PCURVE('',#3951,#3956);
#3951 = B_SPLINE_SURFACE_WITH_KNOTS('',1,1,(
    (#3952,#3953)
    ,(#3954,#3955
    )),.UNSPECIFIED.,.F.,.F.,.F.,(2,2),(2,2),(0.,4.55),(0.,1.),
  .PIECEWISE_BEZIER_KNOTS.);
#3952 = CARTESIAN_POINT('',(1.95,2.275,1.025));
#3953 = CARTESIAN_POINT('',(1.875,2.2375,1.025));
#3954 = CARTESIAN_POINT('',(1.95,-2.275,1.025));
#3955 = CARTESIAN_POINT('',(1.875,-2.2375,1.025));
#3956 = DEFINITIONAL_REPRESENTATION('',(#3957),#3961);
#3957 = LINE('',#3958,#3959);
#3958 = CARTESIAN_POINT('',(4.440892098501E-16,-1.525603577073E-15));
#3959 = VECTOR('',#3960,1.);
#3960 = DIRECTION('',(1.,-2.268566587707E-15));
#3961 = ( GEOMETRIC_REPRESENTATION_CONTEXT(2) 
PARAMETRIC_REPRESENTATION_CONTEXT() REPRESENTATION_CONTEXT('2D SPACE',''
  ) );
#3962 = ADVANCED_FACE('',(#3963),#2933,.F.);
#3963 = FACE_BOUND('',#3964,.F.);
#3964 = EDGE_LOOP('',(#3965,#3988,#3989,#4017));
#3965 = ORIENTED_EDGE('',*,*,#3966,.F.);
#3966 = EDGE_CURVE('',#2918,#3967,#3969,.T.);
#3967 = VERTEX_POINT('',#3968);
#3968 = CARTESIAN_POINT('',(2.25,0.84,0.825));
#3969 = SURFACE_CURVE('',#3970,(#3974,#3981),.PCURVE_S1.);
#3970 = LINE('',#3971,#3972);
#3971 = CARTESIAN_POINT('',(1.8,0.84,0.825));
#3972 = VECTOR('',#3973,1.);
#3973 = DIRECTION('',(1.,2.22044604925E-16,0.));
#3974 = PCURVE('',#2933,#3975);
#3975 = DEFINITIONAL_REPRESENTATION('',(#3976),#3980);
#3976 = LINE('',#3977,#3978);
#3977 = CARTESIAN_POINT('',(0.,0.));
#3978 = VECTOR('',#3979,1.);
#3979 = DIRECTION('',(1.,0.));
#3980 = ( GEOMETRIC_REPRESENTATION_CONTEXT(2) 
PARAMETRIC_REPRESENTATION_CONTEXT() REPRESENTATION_CONTEXT('2D SPACE',''
  ) );
#3981 = PCURVE('',#3408,#3982);
#3982 = DEFINITIONAL_REPRESENTATION('',(#3983),#3987);
#3983 = LINE('',#3984,#3985);
#3984 = CARTESIAN_POINT('',(0.292340342435,0.61578967201));
#3985 = VECTOR('',#3986,1.);
#3986 = DIRECTION('',(0.,-1.));
#3987 = ( GEOMETRIC_REPRESENTATION_CONTEXT(2) 
PARAMETRIC_REPRESENTATION_CONTEXT() REPRESENTATION_CONTEXT('2D SPACE',''
  ) );
#3988 = ORIENTED_EDGE('',*,*,#2917,.T.);
#3989 = ORIENTED_EDGE('',*,*,#3990,.T.);
#3990 = EDGE_CURVE('',#2890,#3991,#3993,.T.);
#3991 = VERTEX_POINT('',#3992);
#3992 = CARTESIAN_POINT('',(2.25,0.43,0.825));
#3993 = SURFACE_CURVE('',#3994,(#3998,#4005),.PCURVE_S1.);
#3994 = LINE('',#3995,#3996);
#3995 = CARTESIAN_POINT('',(1.8,0.43,0.825));
#3996 = VECTOR('',#3997,1.);
#3997 = DIRECTION('',(1.,2.22044604925E-16,0.));
#3998 = PCURVE('',#2933,#3999);
#3999 = DEFINITIONAL_REPRESENTATION('',(#4000),#4004);
#4000 = LINE('',#4001,#4002);
#4001 = CARTESIAN_POINT('',(-9.103828801925E-17,-0.41));
#4002 = VECTOR('',#4003,1.);
#4003 = DIRECTION('',(1.,0.));
#4004 = ( GEOMETRIC_REPRESENTATION_CONTEXT(2) 
PARAMETRIC_REPRESENTATION_CONTEXT() REPRESENTATION_CONTEXT('2D SPACE',''
  ) );
#4005 = PCURVE('',#4006,#4011);
#4006 = PLANE('',#4007);
#4007 = AXIS2_PLACEMENT_3D('',#4008,#4009,#4010);
#4008 = CARTESIAN_POINT('',(2.41578967201,0.43,0.532659657565));
#4009 = DIRECTION('',(2.22044604925E-16,-1.,0.));
#4010 = DIRECTION('',(0.,0.,1.));
#4011 = DEFINITIONAL_REPRESENTATION('',(#4012),#4016);
#4012 = LINE('',#4013,#4014);
#4013 = CARTESIAN_POINT('',(0.292340342435,0.61578967201));
#4014 = VECTOR('',#4015,1.);
#4015 = DIRECTION('',(0.,-1.));
#4016 = ( GEOMETRIC_REPRESENTATION_CONTEXT(2) 
PARAMETRIC_REPRESENTATION_CONTEXT() REPRESENTATION_CONTEXT('2D SPACE',''
  ) );
#4017 = ORIENTED_EDGE('',*,*,#4018,.F.);
#4018 = EDGE_CURVE('',#3967,#3991,#4019,.T.);
#4019 = SURFACE_CURVE('',#4020,(#4024,#4031),.PCURVE_S1.);
#4020 = LINE('',#4021,#4022);
#4021 = CARTESIAN_POINT('',(2.25,0.84,0.825));
#4022 = VECTOR('',#4023,1.);
#4023 = DIRECTION('',(2.22044604925E-16,-1.,0.));
#4024 = PCURVE('',#2933,#4025);
#4025 = DEFINITIONAL_REPRESENTATION('',(#4026),#4030);
#4026 = LINE('',#4027,#4028);
#4027 = CARTESIAN_POINT('',(0.45,-9.992007221625E-17));
#4028 = VECTOR('',#4029,1.);
#4029 = DIRECTION('',(0.,-1.));
#4030 = ( GEOMETRIC_REPRESENTATION_CONTEXT(2) 
PARAMETRIC_REPRESENTATION_CONTEXT() REPRESENTATION_CONTEXT('2D SPACE',''
  ) );
#4031 = PCURVE('',#4032,#4037);
#4032 = CYLINDRICAL_SURFACE('',#4033,0.1);
#4033 = AXIS2_PLACEMENT_3D('',#4034,#4035,#4036);
#4034 = CARTESIAN_POINT('',(2.25,0.84,0.725));
#4035 = DIRECTION('',(-2.22044604925E-16,1.,0.));
#4036 = DIRECTION('',(4.440892098501E-15,9.860761315262E-31,1.));
#4037 = DEFINITIONAL_REPRESENTATION('',(#4038),#4042);
#4038 = LINE('',#4039,#4040);
#4039 = CARTESIAN_POINT('',(0.,0.));
#4040 = VECTOR('',#4041,1.);
#4041 = DIRECTION('',(0.,-1.));
#4042 = ( GEOMETRIC_REPRESENTATION_CONTEXT(2) 
PARAMETRIC_REPRESENTATION_CONTEXT() REPRESENTATION_CONTEXT('2D SPACE',''
  ) );
#4043 = ADVANCED_FACE('',(#4044),#2877,.F.);
#4044 = FACE_BOUND('',#4045,.F.);
#4045 = EDGE_LOOP('',(#4046,#4074,#4075,#4098));
#4046 = ORIENTED_EDGE('',*,*,#4047,.F.);
#4047 = EDGE_CURVE('',#2862,#4048,#4050,.T.);
#4048 = VERTEX_POINT('',#4049);
#4049 = CARTESIAN_POINT('',(2.25,-0.43,0.825));
#4050 = SURFACE_CURVE('',#4051,(#4055,#4062),.PCURVE_S1.);
#4051 = LINE('',#4052,#4053);
#4052 = CARTESIAN_POINT('',(1.8,-0.43,0.825));
#4053 = VECTOR('',#4054,1.);
#4054 = DIRECTION('',(1.,2.22044604925E-16,0.));
#4055 = PCURVE('',#2877,#4056);
#4056 = DEFINITIONAL_REPRESENTATION('',(#4057),#4061);
#4057 = LINE('',#4058,#4059);
#4058 = CARTESIAN_POINT('',(0.,0.));
#4059 = VECTOR('',#4060,1.);
#4060 = DIRECTION('',(1.,0.));
#4061 = ( GEOMETRIC_REPRESENTATION_CONTEXT(2) 
PARAMETRIC_REPRESENTATION_CONTEXT() REPRESENTATION_CONTEXT('2D SPACE',''
  ) );
#4062 = PCURVE('',#4063,#4068);
#4063 = PLANE('',#4064);
#4064 = AXIS2_PLACEMENT_3D('',#4065,#4066,#4067);
#4065 = CARTESIAN_POINT('',(2.41578967201,-0.43,0.532659657565));
#4066 = DIRECTION('',(2.22044604925E-16,-1.,0.));
#4067 = DIRECTION('',(0.,0.,1.));
#4068 = DEFINITIONAL_REPRESENTATION('',(#4069),#4073);
#4069 = LINE('',#4070,#4071);
#4070 = CARTESIAN_POINT('',(0.292340342435,0.61578967201));
#4071 = VECTOR('',#4072,1.);
#4072 = DIRECTION('',(0.,-1.));
#4073 = ( GEOMETRIC_REPRESENTATION_CONTEXT(2) 
PARAMETRIC_REPRESENTATION_CONTEXT() REPRESENTATION_CONTEXT('2D SPACE',''
  ) );
#4074 = ORIENTED_EDGE('',*,*,#2861,.T.);
#4075 = ORIENTED_EDGE('',*,*,#4076,.T.);
#4076 = EDGE_CURVE('',#2834,#4077,#4079,.T.);
#4077 = VERTEX_POINT('',#4078);
#4078 = CARTESIAN_POINT('',(2.25,-0.84,0.825));
#4079 = SURFACE_CURVE('',#4080,(#4084,#4091),.PCURVE_S1.);
#4080 = LINE('',#4081,#4082);
#4081 = CARTESIAN_POINT('',(1.8,-0.84,0.825));
#4082 = VECTOR('',#4083,1.);
#4083 = DIRECTION('',(1.,2.22044604925E-16,0.));
#4084 = PCURVE('',#2877,#4085);
#4085 = DEFINITIONAL_REPRESENTATION('',(#4086),#4090);
#4086 = LINE('',#4087,#4088);
#4087 = CARTESIAN_POINT('',(-9.103828801925E-17,-0.41));
#4088 = VECTOR('',#4089,1.);
#4089 = DIRECTION('',(1.,0.));
#4090 = ( GEOMETRIC_REPRESENTATION_CONTEXT(2) 
PARAMETRIC_REPRESENTATION_CONTEXT() REPRESENTATION_CONTEXT('2D SPACE',''
  ) );
#4091 = PCURVE('',#3901,#4092);
#4092 = DEFINITIONAL_REPRESENTATION('',(#4093),#4097);
#4093 = LINE('',#4094,#4095);
#4094 = CARTESIAN_POINT('',(0.292340342435,0.61578967201));
#4095 = VECTOR('',#4096,1.);
#4096 = DIRECTION('',(0.,-1.));
#4097 = ( GEOMETRIC_REPRESENTATION_CONTEXT(2) 
PARAMETRIC_REPRESENTATION_CONTEXT() REPRESENTATION_CONTEXT('2D SPACE',''
  ) );
#4098 = ORIENTED_EDGE('',*,*,#4099,.F.);
#4099 = EDGE_CURVE('',#4048,#4077,#4100,.T.);
#4100 = SURFACE_CURVE('',#4101,(#4105,#4112),.PCURVE_S1.);
#4101 = LINE('',#4102,#4103);
#4102 = CARTESIAN_POINT('',(2.25,-0.43,0.825));
#4103 = VECTOR('',#4104,1.);
#4104 = DIRECTION('',(2.22044604925E-16,-1.,0.));
#4105 = PCURVE('',#2877,#4106);
#4106 = DEFINITIONAL_REPRESENTATION('',(#4107),#4111);
#4107 = LINE('',#4108,#4109);
#4108 = CARTESIAN_POINT('',(0.45,-9.992007221625E-17));
#4109 = VECTOR('',#4110,1.);
#4110 = DIRECTION('',(0.,-1.));
#4111 = ( GEOMETRIC_REPRESENTATION_CONTEXT(2) 
PARAMETRIC_REPRESENTATION_CONTEXT() REPRESENTATION_CONTEXT('2D SPACE',''
  ) );
#4112 = PCURVE('',#4113,#4118);
#4113 = CYLINDRICAL_SURFACE('',#4114,0.1);
#4114 = AXIS2_PLACEMENT_3D('',#4115,#4116,#4117);
#4115 = CARTESIAN_POINT('',(2.25,-0.43,0.725));
#4116 = DIRECTION('',(-2.22044604925E-16,1.,0.));
#4117 = DIRECTION('',(4.440892098501E-15,9.860761315262E-31,1.));
#4118 = DEFINITIONAL_REPRESENTATION('',(#4119),#4123);
#4119 = LINE('',#4120,#4121);
#4120 = CARTESIAN_POINT('',(0.,0.));
#4121 = VECTOR('',#4122,1.);
#4122 = DIRECTION('',(0.,-1.));
#4123 = ( GEOMETRIC_REPRESENTATION_CONTEXT(2) 
PARAMETRIC_REPRESENTATION_CONTEXT() REPRESENTATION_CONTEXT('2D SPACE',''
  ) );
#4124 = ADVANCED_FACE('',(#4125),#2905,.F.);
#4125 = FACE_BOUND('',#4126,.F.);
#4126 = EDGE_LOOP('',(#4127,#4150,#4151,#4174));
#4127 = ORIENTED_EDGE('',*,*,#4128,.F.);
#4128 = EDGE_CURVE('',#2890,#4129,#4131,.T.);
#4129 = VERTEX_POINT('',#4130);
#4130 = CARTESIAN_POINT('',(1.95,0.43,1.025));
#4131 = SURFACE_CURVE('',#4132,(#4136,#4143),.PCURVE_S1.);
#4132 = LINE('',#4133,#4134);
#4133 = CARTESIAN_POINT('',(1.95,0.43,0.778829828783));
#4134 = VECTOR('',#4135,1.);
#4135 = DIRECTION('',(0.,0.,1.));
#4136 = PCURVE('',#2905,#4137);
#4137 = DEFINITIONAL_REPRESENTATION('',(#4138),#4142);
#4138 = LINE('',#4139,#4140);
#4139 = CARTESIAN_POINT('',(1.845,-0.246170171217));
#4140 = VECTOR('',#4141,1.);
#4141 = DIRECTION('',(0.,1.));
#4142 = ( GEOMETRIC_REPRESENTATION_CONTEXT(2) 
PARAMETRIC_REPRESENTATION_CONTEXT() REPRESENTATION_CONTEXT('2D SPACE',''
  ) );
#4143 = PCURVE('',#4006,#4144);
#4144 = DEFINITIONAL_REPRESENTATION('',(#4145),#4149);
#4145 = LINE('',#4146,#4147);
#4146 = CARTESIAN_POINT('',(0.246170171218,0.46578967201));
#4147 = VECTOR('',#4148,1.);
#4148 = DIRECTION('',(1.,0.));
#4149 = ( GEOMETRIC_REPRESENTATION_CONTEXT(2) 
PARAMETRIC_REPRESENTATION_CONTEXT() REPRESENTATION_CONTEXT('2D SPACE',''
  ) );
#4150 = ORIENTED_EDGE('',*,*,#2889,.T.);
#4151 = ORIENTED_EDGE('',*,*,#4152,.T.);
#4152 = EDGE_CURVE('',#2862,#4153,#4155,.T.);
#4153 = VERTEX_POINT('',#4154);
#4154 = CARTESIAN_POINT('',(1.95,-0.43,1.025));
#4155 = SURFACE_CURVE('',#4156,(#4160,#4167),.PCURVE_S1.);
#4156 = LINE('',#4157,#4158);
#4157 = CARTESIAN_POINT('',(1.95,-0.43,0.778829828783));
#4158 = VECTOR('',#4159,1.);
#4159 = DIRECTION('',(0.,0.,1.));
#4160 = PCURVE('',#2905,#4161);
#4161 = DEFINITIONAL_REPRESENTATION('',(#4162),#4166);
#4162 = LINE('',#4163,#4164);
#4163 = CARTESIAN_POINT('',(2.705,-0.246170171217));
#4164 = VECTOR('',#4165,1.);
#4165 = DIRECTION('',(0.,1.));
#4166 = ( GEOMETRIC_REPRESENTATION_CONTEXT(2) 
PARAMETRIC_REPRESENTATION_CONTEXT() REPRESENTATION_CONTEXT('2D SPACE',''
  ) );
#4167 = PCURVE('',#4063,#4168);
#4168 = DEFINITIONAL_REPRESENTATION('',(#4169),#4173);
#4169 = LINE('',#4170,#4171);
#4170 = CARTESIAN_POINT('',(0.246170171218,0.46578967201));
#4171 = VECTOR('',#4172,1.);
#4172 = DIRECTION('',(1.,0.));
#4173 = ( GEOMETRIC_REPRESENTATION_CONTEXT(2) 
PARAMETRIC_REPRESENTATION_CONTEXT() REPRESENTATION_CONTEXT('2D SPACE',''
  ) );
#4174 = ORIENTED_EDGE('',*,*,#4175,.F.);
#4175 = EDGE_CURVE('',#4129,#4153,#4176,.T.);
#4176 = SURFACE_CURVE('',#4177,(#4181,#4188),.PCURVE_S1.);
#4177 = LINE('',#4178,#4179);
#4178 = CARTESIAN_POINT('',(1.95,2.275,1.025));
#4179 = VECTOR('',#4180,1.);
#4180 = DIRECTION('',(2.22044604925E-16,-1.,0.));
#4181 = PCURVE('',#2905,#4182);
#4182 = DEFINITIONAL_REPRESENTATION('',(#4183),#4187);
#4183 = LINE('',#4184,#4185);
#4184 = CARTESIAN_POINT('',(0.,0.));
#4185 = VECTOR('',#4186,1.);
#4186 = DIRECTION('',(1.,0.));
#4187 = ( GEOMETRIC_REPRESENTATION_CONTEXT(2) 
PARAMETRIC_REPRESENTATION_CONTEXT() REPRESENTATION_CONTEXT('2D SPACE',''
  ) );
#4188 = PCURVE('',#4189,#4194);
#4189 = B_SPLINE_SURFACE_WITH_KNOTS('',1,1,(
    (#4190,#4191)
    ,(#4192,#4193
    )),.UNSPECIFIED.,.F.,.F.,.F.,(2,2),(2,2),(0.,4.55),(0.,1.),
  .PIECEWISE_BEZIER_KNOTS.);
#4190 = CARTESIAN_POINT('',(1.95,2.275,1.025));
#4191 = CARTESIAN_POINT('',(1.875,2.2375,1.025));
#4192 = CARTESIAN_POINT('',(1.95,-2.275,1.025));
#4193 = CARTESIAN_POINT('',(1.875,-2.2375,1.025));
#4194 = DEFINITIONAL_REPRESENTATION('',(#4195),#4199);
#4195 = LINE('',#4196,#4197);
#4196 = CARTESIAN_POINT('',(4.440892098501E-16,4.650842583769E-16));
#4197 = VECTOR('',#4198,1.);
#4198 = DIRECTION('',(1.,-3.444569116312E-15));
#4199 = ( GEOMETRIC_REPRESENTATION_CONTEXT(2) 
PARAMETRIC_REPRESENTATION_CONTEXT() REPRESENTATION_CONTEXT('2D SPACE',''
  ) );
#4200 = ADVANCED_FACE('',(#4201),#3059,.F.);
#4201 = FACE_BOUND('',#4202,.F.);
#4202 = EDGE_LOOP('',(#4203,#4204,#4205,#4233));
#4203 = ORIENTED_EDGE('',*,*,#3627,.T.);
#4204 = ORIENTED_EDGE('',*,*,#3045,.T.);
#4205 = ORIENTED_EDGE('',*,*,#4206,.F.);
#4206 = EDGE_CURVE('',#4207,#3046,#4209,.T.);
#4207 = VERTEX_POINT('',#4208);
#4208 = CARTESIAN_POINT('',(1.775,2.45,1.025));
#4209 = SURFACE_CURVE('',#4210,(#4214,#4221),.PCURVE_S1.);
#4210 = LINE('',#4211,#4212);
#4211 = CARTESIAN_POINT('',(1.775,2.45,1.025));
#4212 = VECTOR('',#4213,1.);
#4213 = DIRECTION('',(0.707106781187,-0.707106781187,0.));
#4214 = PCURVE('',#3059,#4215);
#4215 = DEFINITIONAL_REPRESENTATION('',(#4216),#4220);
#4216 = LINE('',#4217,#4218);
#4217 = CARTESIAN_POINT('',(0.,0.));
#4218 = VECTOR('',#4219,1.);
#4219 = DIRECTION('',(1.,0.));
#4220 = ( GEOMETRIC_REPRESENTATION_CONTEXT(2) 
PARAMETRIC_REPRESENTATION_CONTEXT() REPRESENTATION_CONTEXT('2D SPACE',''
  ) );
#4221 = PCURVE('',#4222,#4227);
#4222 = B_SPLINE_SURFACE_WITH_KNOTS('',1,1,(
    (#4223,#4224)
    ,(#4225,#4226
    )),.UNSPECIFIED.,.F.,.F.,.F.,(2,2),(2,2),(0.,0.247487373415),(0.,1.)
  ,.PIECEWISE_BEZIER_KNOTS.);
#4223 = CARTESIAN_POINT('',(1.775,2.45,1.025));
#4224 = CARTESIAN_POINT('',(1.7375,2.375,1.025));
#4225 = CARTESIAN_POINT('',(1.95,2.275,1.025));
#4226 = CARTESIAN_POINT('',(1.875,2.2375,1.025));
#4227 = DEFINITIONAL_REPRESENTATION('',(#4228),#4232);
#4228 = LINE('',#4229,#4230);
#4229 = CARTESIAN_POINT('',(-1.427240192909E-16,-5.26430630895E-15));
#4230 = VECTOR('',#4231,1.);
#4231 = DIRECTION('',(1.,-4.801228329872E-15));
#4232 = ( GEOMETRIC_REPRESENTATION_CONTEXT(2) 
PARAMETRIC_REPRESENTATION_CONTEXT() REPRESENTATION_CONTEXT('2D SPACE',''
  ) );
#4233 = ORIENTED_EDGE('',*,*,#4234,.F.);
#4234 = EDGE_CURVE('',#3628,#4207,#4235,.T.);
#4235 = SURFACE_CURVE('',#4236,(#4239,#4245),.PCURVE_S1.);
#4236 = B_SPLINE_CURVE_WITH_KNOTS('',1,(#4237,#4238),.UNSPECIFIED.,.F.,
  .F.,(2,2),(0.,1.),.PIECEWISE_BEZIER_KNOTS.);
#4237 = CARTESIAN_POINT('',(1.775,2.45,0.825));
#4238 = CARTESIAN_POINT('',(1.775,2.45,1.025));
#4239 = PCURVE('',#3059,#4240);
#4240 = DEFINITIONAL_REPRESENTATION('',(#4241),#4244);
#4241 = B_SPLINE_CURVE_WITH_KNOTS('',1,(#4242,#4243),.UNSPECIFIED.,.F.,
  .F.,(2,2),(0.,1.),.PIECEWISE_BEZIER_KNOTS.);
#4242 = CARTESIAN_POINT('',(0.,-0.2));
#4243 = CARTESIAN_POINT('',(0.,0.));
#4244 = ( GEOMETRIC_REPRESENTATION_CONTEXT(2) 
PARAMETRIC_REPRESENTATION_CONTEXT() REPRESENTATION_CONTEXT('2D SPACE',''
  ) );
#4245 = PCURVE('',#4246,#4251);
#4246 = PLANE('',#4247);
#4247 = AXIS2_PLACEMENT_3D('',#4248,#4249,#4250);
#4248 = CARTESIAN_POINT('',(-1.775,2.45,1.025));
#4249 = DIRECTION('',(2.22044604925E-16,-1.,0.));
#4250 = DIRECTION('',(1.,2.22044604925E-16,0.));
#4251 = DEFINITIONAL_REPRESENTATION('',(#4252),#4255);
#4252 = B_SPLINE_CURVE_WITH_KNOTS('',1,(#4253,#4254),.UNSPECIFIED.,.F.,
  .F.,(2,2),(0.,1.),.PIECEWISE_BEZIER_KNOTS.);
#4253 = CARTESIAN_POINT('',(3.55,-0.2));
#4254 = CARTESIAN_POINT('',(3.55,0.));
#4255 = ( GEOMETRIC_REPRESENTATION_CONTEXT(2) 
PARAMETRIC_REPRESENTATION_CONTEXT() REPRESENTATION_CONTEXT('2D SPACE',''
  ) );
#4256 = ADVANCED_FACE('',(#4257),#3086,.F.);
#4257 = FACE_BOUND('',#4258,.F.);
#4258 = EDGE_LOOP('',(#4259,#4281,#4282,#4283));
#4259 = ORIENTED_EDGE('',*,*,#4260,.F.);
#4260 = EDGE_CURVE('',#3046,#4261,#4263,.T.);
#4261 = VERTEX_POINT('',#4262);
#4262 = CARTESIAN_POINT('',(1.875,2.2375,1.025));
#4263 = SURFACE_CURVE('',#4264,(#4267,#4274),.PCURVE_S1.);
#4264 = B_SPLINE_CURVE_WITH_KNOTS('',1,(#4265,#4266),.UNSPECIFIED.,.F.,
  .F.,(2,2),(0.,1.),.PIECEWISE_BEZIER_KNOTS.);
#4265 = CARTESIAN_POINT('',(1.95,2.275,1.025));
#4266 = CARTESIAN_POINT('',(1.875,2.2375,1.025));
#4267 = PCURVE('',#3086,#4268);
#4268 = DEFINITIONAL_REPRESENTATION('',(#4269),#4273);
#4269 = LINE('',#4270,#4271);
#4270 = CARTESIAN_POINT('',(3.582431915782E-16,6.610125476969E-16));
#4271 = VECTOR('',#4272,1.);
#4272 = DIRECTION('',(2.539634103421E-16,1.));
#4273 = ( GEOMETRIC_REPRESENTATION_CONTEXT(2) 
PARAMETRIC_REPRESENTATION_CONTEXT() REPRESENTATION_CONTEXT('2D SPACE',''
  ) );
#4274 = PCURVE('',#4222,#4275);
#4275 = DEFINITIONAL_REPRESENTATION('',(#4276),#4280);
#4276 = LINE('',#4277,#4278);
#4277 = CARTESIAN_POINT('',(0.247487373415,-4.47881987592E-15));
#4278 = VECTOR('',#4279,1.);
#4279 = DIRECTION('',(3.330669073875E-16,1.));
#4280 = ( GEOMETRIC_REPRESENTATION_CONTEXT(2) 
PARAMETRIC_REPRESENTATION_CONTEXT() REPRESENTATION_CONTEXT('2D SPACE',''
  ) );
#4281 = ORIENTED_EDGE('',*,*,#3072,.T.);
#4282 = ORIENTED_EDGE('',*,*,#3202,.T.);
#4283 = ORIENTED_EDGE('',*,*,#4284,.F.);
#4284 = EDGE_CURVE('',#4261,#3175,#4285,.T.);
#4285 = SURFACE_CURVE('',#4286,(#4290,#4296),.PCURVE_S1.);
#4286 = LINE('',#4287,#4288);
#4287 = CARTESIAN_POINT('',(1.875,2.2375,1.025));
#4288 = VECTOR('',#4289,1.);
#4289 = DIRECTION('',(2.22044604925E-16,-1.,0.));
#4290 = PCURVE('',#3086,#4291);
#4291 = DEFINITIONAL_REPRESENTATION('',(#4292),#4295);
#4292 = B_SPLINE_CURVE_WITH_KNOTS('',1,(#4293,#4294),.UNSPECIFIED.,.F.,
  .F.,(2,2),(0.,0.1275),.PIECEWISE_BEZIER_KNOTS.);
#4293 = CARTESIAN_POINT('',(6.122066019203E-16,1.));
#4294 = CARTESIAN_POINT('',(0.129636871508,1.));
#4295 = ( GEOMETRIC_REPRESENTATION_CONTEXT(2) 
PARAMETRIC_REPRESENTATION_CONTEXT() REPRESENTATION_CONTEXT('2D SPACE',''
  ) );
#4296 = PCURVE('',#3190,#4297);
#4297 = DEFINITIONAL_REPRESENTATION('',(#4298),#4302);
#4298 = LINE('',#4299,#4300);
#4299 = CARTESIAN_POINT('',(9.892682991552E-17,9.298836221054E-17));
#4300 = VECTOR('',#4301,1.);
#4301 = DIRECTION('',(1.,6.324161807868E-16));
#4302 = ( GEOMETRIC_REPRESENTATION_CONTEXT(2) 
PARAMETRIC_REPRESENTATION_CONTEXT() REPRESENTATION_CONTEXT('2D SPACE',''
  ) );
#4303 = ADVANCED_FACE('',(#4304),#3190,.F.);
#4304 = FACE_BOUND('',#4305,.F.);
#4305 = EDGE_LOOP('',(#4306,#4307,#4308,#4330,#4358,#4380,#4408,#4430,
    #4458,#4480,#4507,#4534));
#4306 = ORIENTED_EDGE('',*,*,#4284,.T.);
#4307 = ORIENTED_EDGE('',*,*,#3174,.T.);
#4308 = ORIENTED_EDGE('',*,*,#4309,.T.);
#4309 = EDGE_CURVE('',#3125,#4310,#4312,.T.);
#4310 = VERTEX_POINT('',#4311);
#4311 = CARTESIAN_POINT('',(1.875,0.84,1.025));
#4312 = SURFACE_CURVE('',#4313,(#4317,#4324),.PCURVE_S1.);
#4313 = LINE('',#4314,#4315);
#4314 = CARTESIAN_POINT('',(1.875,2.2375,1.025));
#4315 = VECTOR('',#4316,1.);
#4316 = DIRECTION('',(2.22044604925E-16,-1.,0.));
#4317 = PCURVE('',#3190,#4318);
#4318 = DEFINITIONAL_REPRESENTATION('',(#4319),#4323);
#4319 = LINE('',#4320,#4321);
#4320 = CARTESIAN_POINT('',(0.,2.08919418951E-18));
#4321 = VECTOR('',#4322,1.);
#4322 = DIRECTION('',(1.,5.501662465529E-17));
#4323 = ( GEOMETRIC_REPRESENTATION_CONTEXT(2) 
PARAMETRIC_REPRESENTATION_CONTEXT() REPRESENTATION_CONTEXT('2D SPACE',''
  ) );
#4324 = PCURVE('',#3140,#4325);
#4325 = DEFINITIONAL_REPRESENTATION('',(#4326),#4329);
#4326 = B_SPLINE_CURVE_WITH_KNOTS('',1,(#4327,#4328),.UNSPECIFIED.,.F.,
  .F.,(2,2),(0.5375,1.3975),.PIECEWISE_BEZIER_KNOTS.);
#4327 = CARTESIAN_POINT('',(0.546508379888,1.));
#4328 = CARTESIAN_POINT('',(1.420921787709,1.));
#4329 = ( GEOMETRIC_REPRESENTATION_CONTEXT(2) 
PARAMETRIC_REPRESENTATION_CONTEXT() REPRESENTATION_CONTEXT('2D SPACE',''
  ) );
#4330 = ORIENTED_EDGE('',*,*,#4331,.T.);
#4331 = EDGE_CURVE('',#4310,#4332,#4334,.T.);
#4332 = VERTEX_POINT('',#4333);
#4333 = CARTESIAN_POINT('',(1.875,0.43,1.025));
#4334 = SURFACE_CURVE('',#4335,(#4339,#4346),.PCURVE_S1.);
#4335 = LINE('',#4336,#4337);
#4336 = CARTESIAN_POINT('',(1.875,2.2375,1.025));
#4337 = VECTOR('',#4338,1.);
#4338 = DIRECTION('',(2.22044604925E-16,-1.,0.));
#4339 = PCURVE('',#3190,#4340);
#4340 = DEFINITIONAL_REPRESENTATION('',(#4341),#4345);
#4341 = LINE('',#4342,#4343);
#4342 = CARTESIAN_POINT('',(2.22044604925E-16,1.929411984959E-16));
#4343 = VECTOR('',#4344,1.);
#4344 = DIRECTION('',(1.,-1.154113379257E-16));
#4345 = ( GEOMETRIC_REPRESENTATION_CONTEXT(2) 
PARAMETRIC_REPRESENTATION_CONTEXT() REPRESENTATION_CONTEXT('2D SPACE',''
  ) );
#4346 = PCURVE('',#4347,#4352);
#4347 = PLANE('',#4348);
#4348 = AXIS2_PLACEMENT_3D('',#4349,#4350,#4351);
#4349 = CARTESIAN_POINT('',(2.25,0.84,1.025));
#4350 = DIRECTION('',(0.,0.,-1.));
#4351 = DIRECTION('',(-1.,-2.22044604925E-16,-0.));
#4352 = DEFINITIONAL_REPRESENTATION('',(#4353),#4357);
#4353 = LINE('',#4354,#4355);
#4354 = CARTESIAN_POINT('',(0.375,1.3975));
#4355 = VECTOR('',#4356,1.);
#4356 = DIRECTION('',(0.,-1.));
#4357 = ( GEOMETRIC_REPRESENTATION_CONTEXT(2) 
PARAMETRIC_REPRESENTATION_CONTEXT() REPRESENTATION_CONTEXT('2D SPACE',''
  ) );
#4358 = ORIENTED_EDGE('',*,*,#4359,.T.);
#4359 = EDGE_CURVE('',#4332,#4360,#4362,.T.);
#4360 = VERTEX_POINT('',#4361);
#4361 = CARTESIAN_POINT('',(1.875,-0.43,1.025));
#4362 = SURFACE_CURVE('',#4363,(#4367,#4374),.PCURVE_S1.);
#4363 = LINE('',#4364,#4365);
#4364 = CARTESIAN_POINT('',(1.875,2.2375,1.025));
#4365 = VECTOR('',#4366,1.);
#4366 = DIRECTION('',(2.22044604925E-16,-1.,0.));
#4367 = PCURVE('',#3190,#4368);
#4368 = DEFINITIONAL_REPRESENTATION('',(#4369),#4373);
#4369 = LINE('',#4370,#4371);
#4370 = CARTESIAN_POINT('',(0.,-1.103120379896E-16));
#4371 = VECTOR('',#4372,1.);
#4372 = DIRECTION('',(1.,2.819575854973E-21));
#4373 = ( GEOMETRIC_REPRESENTATION_CONTEXT(2) 
PARAMETRIC_REPRESENTATION_CONTEXT() REPRESENTATION_CONTEXT('2D SPACE',''
  ) );
#4374 = PCURVE('',#4189,#4375);
#4375 = DEFINITIONAL_REPRESENTATION('',(#4376),#4379);
#4376 = B_SPLINE_CURVE_WITH_KNOTS('',1,(#4377,#4378),.UNSPECIFIED.,.F.,
  .F.,(2,2),(1.8075,2.6675),.PIECEWISE_BEZIER_KNOTS.);
#4377 = CARTESIAN_POINT('',(1.837793296089,1.));
#4378 = CARTESIAN_POINT('',(2.712206703911,1.));
#4379 = ( GEOMETRIC_REPRESENTATION_CONTEXT(2) 
PARAMETRIC_REPRESENTATION_CONTEXT() REPRESENTATION_CONTEXT('2D SPACE',''
  ) );
#4380 = ORIENTED_EDGE('',*,*,#4381,.T.);
#4381 = EDGE_CURVE('',#4360,#4382,#4384,.T.);
#4382 = VERTEX_POINT('',#4383);
#4383 = CARTESIAN_POINT('',(1.875,-0.84,1.025));
#4384 = SURFACE_CURVE('',#4385,(#4389,#4396),.PCURVE_S1.);
#4385 = LINE('',#4386,#4387);
#4386 = CARTESIAN_POINT('',(1.875,2.2375,1.025));
#4387 = VECTOR('',#4388,1.);
#4388 = DIRECTION('',(2.22044604925E-16,-1.,0.));
#4389 = PCURVE('',#3190,#4390);
#4390 = DEFINITIONAL_REPRESENTATION('',(#4391),#4395);
#4391 = LINE('',#4392,#4393);
#4392 = CARTESIAN_POINT('',(0.,-8.206977039385E-16));
#4393 = VECTOR('',#4394,1.);
#4394 = DIRECTION('',(1.,2.308345043547E-16));
#4395 = ( GEOMETRIC_REPRESENTATION_CONTEXT(2) 
PARAMETRIC_REPRESENTATION_CONTEXT() REPRESENTATION_CONTEXT('2D SPACE',''
  ) );
#4396 = PCURVE('',#4397,#4402);
#4397 = PLANE('',#4398);
#4398 = AXIS2_PLACEMENT_3D('',#4399,#4400,#4401);
#4399 = CARTESIAN_POINT('',(2.25,-0.43,1.025));
#4400 = DIRECTION('',(0.,0.,-1.));
#4401 = DIRECTION('',(-1.,-2.22044604925E-16,-0.));
#4402 = DEFINITIONAL_REPRESENTATION('',(#4403),#4407);
#4403 = LINE('',#4404,#4405);
#4404 = CARTESIAN_POINT('',(0.375,2.6675));
#4405 = VECTOR('',#4406,1.);
#4406 = DIRECTION('',(0.,-1.));
#4407 = ( GEOMETRIC_REPRESENTATION_CONTEXT(2) 
PARAMETRIC_REPRESENTATION_CONTEXT() REPRESENTATION_CONTEXT('2D SPACE',''
  ) );
#4408 = ORIENTED_EDGE('',*,*,#4409,.T.);
#4409 = EDGE_CURVE('',#4382,#4410,#4412,.T.);
#4410 = VERTEX_POINT('',#4411);
#4411 = CARTESIAN_POINT('',(1.875,-1.7,1.025));
#4412 = SURFACE_CURVE('',#4413,(#4417,#4424),.PCURVE_S1.);
#4413 = LINE('',#4414,#4415);
#4414 = CARTESIAN_POINT('',(1.875,2.2375,1.025));
#4415 = VECTOR('',#4416,1.);
#4416 = DIRECTION('',(2.22044604925E-16,-1.,0.));
#4417 = PCURVE('',#3190,#4418);
#4418 = DEFINITIONAL_REPRESENTATION('',(#4419),#4423);
#4419 = LINE('',#4420,#4421);
#4420 = CARTESIAN_POINT('',(0.,-2.04955340595E-16));
#4421 = VECTOR('',#4422,1.);
#4422 = DIRECTION('',(1.,2.819498569694E-21));
#4423 = ( GEOMETRIC_REPRESENTATION_CONTEXT(2) 
PARAMETRIC_REPRESENTATION_CONTEXT() REPRESENTATION_CONTEXT('2D SPACE',''
  ) );
#4424 = PCURVE('',#3951,#4425);
#4425 = DEFINITIONAL_REPRESENTATION('',(#4426),#4429);
#4426 = B_SPLINE_CURVE_WITH_KNOTS('',1,(#4427,#4428),.UNSPECIFIED.,.F.,
  .F.,(2,2),(3.0775,3.9375),.PIECEWISE_BEZIER_KNOTS.);
#4427 = CARTESIAN_POINT('',(3.129078212291,1.));
#4428 = CARTESIAN_POINT('',(4.003491620112,1.));
#4429 = ( GEOMETRIC_REPRESENTATION_CONTEXT(2) 
PARAMETRIC_REPRESENTATION_CONTEXT() REPRESENTATION_CONTEXT('2D SPACE',''
  ) );
#4430 = ORIENTED_EDGE('',*,*,#4431,.T.);
#4431 = EDGE_CURVE('',#4410,#4432,#4434,.T.);
#4432 = VERTEX_POINT('',#4433);
#4433 = CARTESIAN_POINT('',(1.875,-2.11,1.025));
#4434 = SURFACE_CURVE('',#4435,(#4439,#4446),.PCURVE_S1.);
#4435 = LINE('',#4436,#4437);
#4436 = CARTESIAN_POINT('',(1.875,2.2375,1.025));
#4437 = VECTOR('',#4438,1.);
#4438 = DIRECTION('',(2.22044604925E-16,-1.,0.));
#4439 = PCURVE('',#3190,#4440);
#4440 = DEFINITIONAL_REPRESENTATION('',(#4441),#4445);
#4441 = LINE('',#4442,#4443);
#4442 = CARTESIAN_POINT('',(4.440892098501E-16,1.457818411555E-15));
#4443 = VECTOR('',#4444,1.);
#4444 = DIRECTION('',(1.,-3.824640944042E-16));
#4445 = ( GEOMETRIC_REPRESENTATION_CONTEXT(2) 
PARAMETRIC_REPRESENTATION_CONTEXT() REPRESENTATION_CONTEXT('2D SPACE',''
  ) );
#4446 = PCURVE('',#4447,#4452);
#4447 = PLANE('',#4448);
#4448 = AXIS2_PLACEMENT_3D('',#4449,#4450,#4451);
#4449 = CARTESIAN_POINT('',(2.25,-1.7,1.025));
#4450 = DIRECTION('',(0.,0.,-1.));
#4451 = DIRECTION('',(-1.,-2.22044604925E-16,-0.));
#4452 = DEFINITIONAL_REPRESENTATION('',(#4453),#4457);
#4453 = LINE('',#4454,#4455);
#4454 = CARTESIAN_POINT('',(0.375,3.9375));
#4455 = VECTOR('',#4456,1.);
#4456 = DIRECTION('',(0.,-1.));
#4457 = ( GEOMETRIC_REPRESENTATION_CONTEXT(2) 
PARAMETRIC_REPRESENTATION_CONTEXT() REPRESENTATION_CONTEXT('2D SPACE',''
  ) );
#4458 = ORIENTED_EDGE('',*,*,#4459,.T.);
#4459 = EDGE_CURVE('',#4432,#4460,#4462,.T.);
#4460 = VERTEX_POINT('',#4461);
#4461 = CARTESIAN_POINT('',(1.875,-2.2375,1.025));
#4462 = SURFACE_CURVE('',#4463,(#4467,#4474),.PCURVE_S1.);
#4463 = LINE('',#4464,#4465);
#4464 = CARTESIAN_POINT('',(1.875,2.2375,1.025));
#4465 = VECTOR('',#4466,1.);
#4466 = DIRECTION('',(2.22044604925E-16,-1.,0.));
#4467 = PCURVE('',#3190,#4468);
#4468 = DEFINITIONAL_REPRESENTATION('',(#4469),#4473);
#4469 = LINE('',#4470,#4471);
#4470 = CARTESIAN_POINT('',(0.,6.427961929068E-15));
#4471 = VECTOR('',#4472,1.);
#4472 = DIRECTION('',(1.,-1.489613775567E-15));
#4473 = ( GEOMETRIC_REPRESENTATION_CONTEXT(2) 
PARAMETRIC_REPRESENTATION_CONTEXT() REPRESENTATION_CONTEXT('2D SPACE',''
  ) );
#4474 = PCURVE('',#3789,#4475);
#4475 = DEFINITIONAL_REPRESENTATION('',(#4476),#4479);
#4476 = B_SPLINE_CURVE_WITH_KNOTS('',1,(#4477,#4478),.UNSPECIFIED.,.F.,
  .F.,(2,2),(4.3475,4.475),.PIECEWISE_BEZIER_KNOTS.);
#4477 = CARTESIAN_POINT('',(4.420363128492,1.));
#4478 = CARTESIAN_POINT('',(4.55,1.));
#4479 = ( GEOMETRIC_REPRESENTATION_CONTEXT(2) 
PARAMETRIC_REPRESENTATION_CONTEXT() REPRESENTATION_CONTEXT('2D SPACE',''
  ) );
#4480 = ORIENTED_EDGE('',*,*,#4481,.T.);
#4481 = EDGE_CURVE('',#4460,#4482,#4484,.T.);
#4482 = VERTEX_POINT('',#4483);
#4483 = CARTESIAN_POINT('',(1.760171280765,-2.180085640382,1.75));
#4484 = SURFACE_CURVE('',#4485,(#4488,#4495),.PCURVE_S1.);
#4485 = B_SPLINE_CURVE_WITH_KNOTS('',1,(#4486,#4487),.UNSPECIFIED.,.F.,
  .F.,(2,2),(0.,1.),.PIECEWISE_BEZIER_KNOTS.);
#4486 = CARTESIAN_POINT('',(1.875,-2.2375,1.025));
#4487 = CARTESIAN_POINT('',(1.760171280765,-2.180085640382,1.75));
#4488 = PCURVE('',#3190,#4489);
#4489 = DEFINITIONAL_REPRESENTATION('',(#4490),#4494);
#4490 = LINE('',#4491,#4492);
#4491 = CARTESIAN_POINT('',(4.475,1.080348556673E-16));
#4492 = VECTOR('',#4493,1.);
#4493 = DIRECTION('',(0.,1.));
#4494 = ( GEOMETRIC_REPRESENTATION_CONTEXT(2) 
PARAMETRIC_REPRESENTATION_CONTEXT() REPRESENTATION_CONTEXT('2D SPACE',''
  ) );
#4495 = PCURVE('',#4496,#4501);
#4496 = B_SPLINE_SURFACE_WITH_KNOTS('',1,1,(
    (#4497,#4498)
    ,(#4499,#4500
    )),.UNSPECIFIED.,.F.,.F.,.F.,(2,2),(2,2),(0.,0.194454364826),(0.,1.)
  ,.PIECEWISE_BEZIER_KNOTS.);
#4497 = CARTESIAN_POINT('',(1.875,-2.2375,1.025));
#4498 = CARTESIAN_POINT('',(1.760171280765,-2.180085640382,1.75));
#4499 = CARTESIAN_POINT('',(1.7375,-2.375,1.025));
#4500 = CARTESIAN_POINT('',(1.680085640382,-2.260171280765,1.75));
#4501 = DEFINITIONAL_REPRESENTATION('',(#4502),#4506);
#4502 = LINE('',#4503,#4504);
#4503 = CARTESIAN_POINT('',(-1.318037530753E-16,1.463330846146E-16));
#4504 = VECTOR('',#4505,1.);
#4505 = DIRECTION('',(2.6730391658E-16,1.));
#4506 = ( GEOMETRIC_REPRESENTATION_CONTEXT(2) 
PARAMETRIC_REPRESENTATION_CONTEXT() REPRESENTATION_CONTEXT('2D SPACE',''
  ) );
#4507 = ORIENTED_EDGE('',*,*,#4508,.F.);
#4508 = EDGE_CURVE('',#4509,#4482,#4511,.T.);
#4509 = VERTEX_POINT('',#4510);
#4510 = CARTESIAN_POINT('',(1.760171280765,2.180085640382,1.75));
#4511 = SURFACE_CURVE('',#4512,(#4516,#4522),.PCURVE_S1.);
#4512 = LINE('',#4513,#4514);
#4513 = CARTESIAN_POINT('',(1.760171280765,2.180085640382,1.75));
#4514 = VECTOR('',#4515,1.);
#4515 = DIRECTION('',(2.22044604925E-16,-1.,0.));
#4516 = PCURVE('',#3190,#4517);
#4517 = DEFINITIONAL_REPRESENTATION('',(#4518),#4521);
#4518 = B_SPLINE_CURVE_WITH_KNOTS('',1,(#4519,#4520),.UNSPECIFIED.,.F.,
  .F.,(2,2),(0.,4.360171280764),.PIECEWISE_BEZIER_KNOTS.);
#4519 = CARTESIAN_POINT('',(-3.026276149984E-17,1.));
#4520 = CARTESIAN_POINT('',(4.475,1.));
#4521 = ( GEOMETRIC_REPRESENTATION_CONTEXT(2) 
PARAMETRIC_REPRESENTATION_CONTEXT() REPRESENTATION_CONTEXT('2D SPACE',''
  ) );
#4522 = PCURVE('',#4523,#4528);
#4523 = PLANE('',#4524);
#4524 = AXIS2_PLACEMENT_3D('',#4525,#4526,#4527);
#4525 = CARTESIAN_POINT('',(-1.680085640382,2.260171280765,1.75));
#4526 = DIRECTION('',(0.,0.,-1.));
#4527 = DIRECTION('',(0.596575959062,-0.802556617983,0.));
#4528 = DEFINITIONAL_REPRESENTATION('',(#4529),#4533);
#4529 = LINE('',#4530,#4531);
#4530 = CARTESIAN_POINT('',(2.116647832849,-2.713223791911));
#4531 = VECTOR('',#4532,1.);
#4532 = DIRECTION('',(0.802556617983,0.596575959062));
#4533 = ( GEOMETRIC_REPRESENTATION_CONTEXT(2) 
PARAMETRIC_REPRESENTATION_CONTEXT() REPRESENTATION_CONTEXT('2D SPACE',''
  ) );
#4534 = ORIENTED_EDGE('',*,*,#4535,.F.);
#4535 = EDGE_CURVE('',#4261,#4509,#4536,.T.);
#4536 = SURFACE_CURVE('',#4537,(#4540,#4547),.PCURVE_S1.);
#4537 = B_SPLINE_CURVE_WITH_KNOTS('',1,(#4538,#4539),.UNSPECIFIED.,.F.,
  .F.,(2,2),(0.,1.),.PIECEWISE_BEZIER_KNOTS.);
#4538 = CARTESIAN_POINT('',(1.875,2.2375,1.025));
#4539 = CARTESIAN_POINT('',(1.760171280765,2.180085640382,1.75));
#4540 = PCURVE('',#3190,#4541);
#4541 = DEFINITIONAL_REPRESENTATION('',(#4542),#4546);
#4542 = LINE('',#4543,#4544);
#4543 = CARTESIAN_POINT('',(9.892682991552E-17,9.298836221054E-17));
#4544 = VECTOR('',#4545,1.);
#4545 = DIRECTION('',(-1.319780525915E-16,1.));
#4546 = ( GEOMETRIC_REPRESENTATION_CONTEXT(2) 
PARAMETRIC_REPRESENTATION_CONTEXT() REPRESENTATION_CONTEXT('2D SPACE',''
  ) );
#4547 = PCURVE('',#4548,#4553);
#4548 = B_SPLINE_SURFACE_WITH_KNOTS('',1,1,(
    (#4549,#4550)
    ,(#4551,#4552
    )),.UNSPECIFIED.,.F.,.F.,.F.,(2,2),(2,2),(0.,0.194454364826),(0.,1.)
  ,.PIECEWISE_BEZIER_KNOTS.);
#4549 = CARTESIAN_POINT('',(1.7375,2.375,1.025));
#4550 = CARTESIAN_POINT('',(1.680085640382,2.260171280765,1.75));
#4551 = CARTESIAN_POINT('',(1.875,2.2375,1.025));
#4552 = CARTESIAN_POINT('',(1.760171280765,2.180085640382,1.75));
#4553 = DEFINITIONAL_REPRESENTATION('',(#4554),#4558);
#4554 = LINE('',#4555,#4556);
#4555 = CARTESIAN_POINT('',(0.194454364826,4.01822944048E-17));
#4556 = VECTOR('',#4557,1.);
#4557 = DIRECTION('',(2.498001805407E-16,1.));
#4558 = ( GEOMETRIC_REPRESENTATION_CONTEXT(2) 
PARAMETRIC_REPRESENTATION_CONTEXT() REPRESENTATION_CONTEXT('2D SPACE',''
  ) );
#4559 = ADVANCED_FACE('',(#4560),#3140,.F.);
#4560 = FACE_BOUND('',#4561,.F.);
#4561 = EDGE_LOOP('',(#4562,#4563,#4564,#4584));
#4562 = ORIENTED_EDGE('',*,*,#3124,.F.);
#4563 = ORIENTED_EDGE('',*,*,#3420,.T.);
#4564 = ORIENTED_EDGE('',*,*,#4565,.T.);
#4565 = EDGE_CURVE('',#3393,#4310,#4566,.T.);
#4566 = SURFACE_CURVE('',#4567,(#4571,#4577),.PCURVE_S1.);
#4567 = LINE('',#4568,#4569);
#4568 = CARTESIAN_POINT('',(2.25,0.84,1.025));
#4569 = VECTOR('',#4570,1.);
#4570 = DIRECTION('',(-1.,-2.22044604925E-16,0.));
#4571 = PCURVE('',#3140,#4572);
#4572 = DEFINITIONAL_REPRESENTATION('',(#4573),#4576);
#4573 = B_SPLINE_CURVE_WITH_KNOTS('',1,(#4574,#4575),.UNSPECIFIED.,.F.,
  .F.,(2,2),(0.3,0.375),.PIECEWISE_BEZIER_KNOTS.);
#4574 = CARTESIAN_POINT('',(1.435,2.872827200473E-16));
#4575 = CARTESIAN_POINT('',(1.420921787709,1.));
#4576 = ( GEOMETRIC_REPRESENTATION_CONTEXT(2) 
PARAMETRIC_REPRESENTATION_CONTEXT() REPRESENTATION_CONTEXT('2D SPACE',''
  ) );
#4577 = PCURVE('',#4347,#4578);
#4578 = DEFINITIONAL_REPRESENTATION('',(#4579),#4583);
#4579 = LINE('',#4580,#4581);
#4580 = CARTESIAN_POINT('',(-0.,0.));
#4581 = VECTOR('',#4582,1.);
#4582 = DIRECTION('',(1.,0.));
#4583 = ( GEOMETRIC_REPRESENTATION_CONTEXT(2) 
PARAMETRIC_REPRESENTATION_CONTEXT() REPRESENTATION_CONTEXT('2D SPACE',''
  ) );
#4584 = ORIENTED_EDGE('',*,*,#4309,.F.);
#4585 = ADVANCED_FACE('',(#4586),#3408,.F.);
#4586 = FACE_BOUND('',#4587,.F.);
#4587 = EDGE_LOOP('',(#4588,#4589,#4590,#4618,#4646,#4675,#4703,#4731,
    #4759,#4792,#4820,#4849));
#4588 = ORIENTED_EDGE('',*,*,#3392,.F.);
#4589 = ORIENTED_EDGE('',*,*,#3966,.T.);
#4590 = ORIENTED_EDGE('',*,*,#4591,.T.);
#4591 = EDGE_CURVE('',#3967,#4592,#4594,.T.);
#4592 = VERTEX_POINT('',#4593);
#4593 = CARTESIAN_POINT('',(2.35,0.84,0.725));
#4594 = SURFACE_CURVE('',#4595,(#4600,#4611),.PCURVE_S1.);
#4595 = CIRCLE('',#4596,0.1);
#4596 = AXIS2_PLACEMENT_3D('',#4597,#4598,#4599);
#4597 = CARTESIAN_POINT('',(2.25,0.84,0.725));
#4598 = DIRECTION('',(-2.22044604925E-16,1.,0.));
#4599 = DIRECTION('',(4.440892098501E-15,9.860761315262E-31,1.));
#4600 = PCURVE('',#3408,#4601);
#4601 = DEFINITIONAL_REPRESENTATION('',(#4602),#4610);
#4602 = ( BOUNDED_CURVE() B_SPLINE_CURVE(2,(#4603,#4604,#4605,#4606,
#4607,#4608,#4609),.UNSPECIFIED.,.T.,.F.) B_SPLINE_CURVE_WITH_KNOTS((1,2
    ,2,2,2,1),(-2.094395102393,0.,2.094395102393,4.188790204786,
6.28318530718,8.377580409573),.UNSPECIFIED.) CURVE() 
GEOMETRIC_REPRESENTATION_ITEM() RATIONAL_B_SPLINE_CURVE((1.,0.5,1.,0.5,
1.,0.5,1.)) REPRESENTATION_ITEM('') );
#4603 = CARTESIAN_POINT('',(0.292340342435,0.16578967201));
#4604 = CARTESIAN_POINT('',(0.292340342435,-7.415408746888E-03));
#4605 = CARTESIAN_POINT('',(0.142340342435,7.918713163156E-02));
#4606 = CARTESIAN_POINT('',(-7.659657565E-03,0.16578967201));
#4607 = CARTESIAN_POINT('',(0.142340342435,0.252392212388));
#4608 = CARTESIAN_POINT('',(0.292340342435,0.338994752767));
#4609 = CARTESIAN_POINT('',(0.292340342435,0.16578967201));
#4610 = ( GEOMETRIC_REPRESENTATION_CONTEXT(2) 
PARAMETRIC_REPRESENTATION_CONTEXT() REPRESENTATION_CONTEXT('2D SPACE',''
  ) );
#4611 = PCURVE('',#4032,#4612);
#4612 = DEFINITIONAL_REPRESENTATION('',(#4613),#4617);
#4613 = LINE('',#4614,#4615);
#4614 = CARTESIAN_POINT('',(0.,0.));
#4615 = VECTOR('',#4616,1.);
#4616 = DIRECTION('',(1.,-7.067899292141E-17));
#4617 = ( GEOMETRIC_REPRESENTATION_CONTEXT(2) 
PARAMETRIC_REPRESENTATION_CONTEXT() REPRESENTATION_CONTEXT('2D SPACE',''
  ) );
#4618 = ORIENTED_EDGE('',*,*,#4619,.T.);
#4619 = EDGE_CURVE('',#4592,#4620,#4622,.T.);
#4620 = VERTEX_POINT('',#4621);
#4621 = CARTESIAN_POINT('',(2.35,0.84,0.3));
#4622 = SURFACE_CURVE('',#4623,(#4627,#4634),.PCURVE_S1.);
#4623 = LINE('',#4624,#4625);
#4624 = CARTESIAN_POINT('',(2.35,0.84,0.725));
#4625 = VECTOR('',#4626,1.);
#4626 = DIRECTION('',(1.044915787883E-15,2.320179133003E-31,-1.));
#4627 = PCURVE('',#3408,#4628);
#4628 = DEFINITIONAL_REPRESENTATION('',(#4629),#4633);
#4629 = LINE('',#4630,#4631);
#4630 = CARTESIAN_POINT('',(0.192340342435,6.578967201E-02));
#4631 = VECTOR('',#4632,1.);
#4632 = DIRECTION('',(-1.,-1.044915787883E-15));
#4633 = ( GEOMETRIC_REPRESENTATION_CONTEXT(2) 
PARAMETRIC_REPRESENTATION_CONTEXT() REPRESENTATION_CONTEXT('2D SPACE',''
  ) );
#4634 = PCURVE('',#4635,#4640);
#4635 = PLANE('',#4636);
#4636 = AXIS2_PLACEMENT_3D('',#4637,#4638,#4639);
#4637 = CARTESIAN_POINT('',(2.35,0.84,0.725));
#4638 = DIRECTION('',(1.,2.22044604925E-16,1.044915787883E-15));
#4639 = DIRECTION('',(1.044915787883E-15,2.320179133003E-31,-1.));
#4640 = DEFINITIONAL_REPRESENTATION('',(#4641),#4645);
#4641 = LINE('',#4642,#4643);
#4642 = CARTESIAN_POINT('',(0.,0.));
#4643 = VECTOR('',#4644,1.);
#4644 = DIRECTION('',(1.,0.));
#4645 = ( GEOMETRIC_REPRESENTATION_CONTEXT(2) 
PARAMETRIC_REPRESENTATION_CONTEXT() REPRESENTATION_CONTEXT('2D SPACE',''
  ) );
#4646 = ORIENTED_EDGE('',*,*,#4647,.T.);
#4647 = EDGE_CURVE('',#4620,#4648,#4650,.T.);
#4648 = VERTEX_POINT('',#4649);
#4649 = CARTESIAN_POINT('',(2.65,0.84,5.551115123126E-17));
#4650 = SURFACE_CURVE('',#4651,(#4656,#4663),.PCURVE_S1.);
#4651 = CIRCLE('',#4652,0.3);
#4652 = AXIS2_PLACEMENT_3D('',#4653,#4654,#4655);
#4653 = CARTESIAN_POINT('',(2.65,0.84,0.3));
#4654 = DIRECTION('',(2.22044604925E-16,-1.,0.));
#4655 = DIRECTION('',(-1.,-2.22044604925E-16,3.515706244646E-15));
#4656 = PCURVE('',#3408,#4657);
#4657 = DEFINITIONAL_REPRESENTATION('',(#4658),#4662);
#4658 = CIRCLE('',#4659,0.3);
#4659 = AXIS2_PLACEMENT_2D('',#4660,#4661);
#4660 = CARTESIAN_POINT('',(-0.232659657565,-0.23421032799));
#4661 = DIRECTION('',(3.515706244646E-15,1.));
#4662 = ( GEOMETRIC_REPRESENTATION_CONTEXT(2) 
PARAMETRIC_REPRESENTATION_CONTEXT() REPRESENTATION_CONTEXT('2D SPACE',''
  ) );
#4663 = PCURVE('',#4664,#4669);
#4664 = CYLINDRICAL_SURFACE('',#4665,0.3);
#4665 = AXIS2_PLACEMENT_3D('',#4666,#4667,#4668);
#4666 = CARTESIAN_POINT('',(2.65,0.84,0.3));
#4667 = DIRECTION('',(-2.22044604925E-16,1.,-0.));
#4668 = DIRECTION('',(-1.,-2.22044604925E-16,3.515706244646E-15));
#4669 = DEFINITIONAL_REPRESENTATION('',(#4670),#4674);
#4670 = LINE('',#4671,#4672);
#4671 = CARTESIAN_POINT('',(6.28318530718,-1.110223024625E-16));
#4672 = VECTOR('',#4673,1.);
#4673 = DIRECTION('',(-1.,7.067899292141E-17));
#4674 = ( GEOMETRIC_REPRESENTATION_CONTEXT(2) 
PARAMETRIC_REPRESENTATION_CONTEXT() REPRESENTATION_CONTEXT('2D SPACE',''
  ) );
#4675 = ORIENTED_EDGE('',*,*,#4676,.T.);
#4676 = EDGE_CURVE('',#4648,#4677,#4679,.T.);
#4677 = VERTEX_POINT('',#4678);
#4678 = CARTESIAN_POINT('',(3.,0.84,5.551115123126E-17));
#4679 = SURFACE_CURVE('',#4680,(#4684,#4691),.PCURVE_S1.);
#4680 = LINE('',#4681,#4682);
#4681 = CARTESIAN_POINT('',(2.65,0.84,5.551115123126E-17));
#4682 = VECTOR('',#4683,1.);
#4683 = DIRECTION('',(1.,2.22044604925E-16,0.));
#4684 = PCURVE('',#3408,#4685);
#4685 = DEFINITIONAL_REPRESENTATION('',(#4686),#4690);
#4686 = LINE('',#4687,#4688);
#4687 = CARTESIAN_POINT('',(-0.532659657565,-0.23421032799));
#4688 = VECTOR('',#4689,1.);
#4689 = DIRECTION('',(0.,-1.));
#4690 = ( GEOMETRIC_REPRESENTATION_CONTEXT(2) 
PARAMETRIC_REPRESENTATION_CONTEXT() REPRESENTATION_CONTEXT('2D SPACE',''
  ) );
#4691 = PCURVE('',#4692,#4697);
#4692 = PLANE('',#4693);
#4693 = AXIS2_PLACEMENT_3D('',#4694,#4695,#4696);
#4694 = CARTESIAN_POINT('',(2.65,0.84,5.551115123126E-17));
#4695 = DIRECTION('',(0.,0.,1.));
#4696 = DIRECTION('',(1.,2.22044604925E-16,-0.));
#4697 = DEFINITIONAL_REPRESENTATION('',(#4698),#4702);
#4698 = LINE('',#4699,#4700);
#4699 = CARTESIAN_POINT('',(0.,0.));
#4700 = VECTOR('',#4701,1.);
#4701 = DIRECTION('',(1.,0.));
#4702 = ( GEOMETRIC_REPRESENTATION_CONTEXT(2) 
PARAMETRIC_REPRESENTATION_CONTEXT() REPRESENTATION_CONTEXT('2D SPACE',''
  ) );
#4703 = ORIENTED_EDGE('',*,*,#4704,.T.);
#4704 = EDGE_CURVE('',#4677,#4705,#4707,.T.);
#4705 = VERTEX_POINT('',#4706);
#4706 = CARTESIAN_POINT('',(3.,0.84,0.2));
#4707 = SURFACE_CURVE('',#4708,(#4712,#4719),.PCURVE_S1.);
#4708 = LINE('',#4709,#4710);
#4709 = CARTESIAN_POINT('',(3.,0.84,5.551115123126E-17));
#4710 = VECTOR('',#4711,1.);
#4711 = DIRECTION('',(0.,0.,1.));
#4712 = PCURVE('',#3408,#4713);
#4713 = DEFINITIONAL_REPRESENTATION('',(#4714),#4718);
#4714 = LINE('',#4715,#4716);
#4715 = CARTESIAN_POINT('',(-0.532659657565,-0.58421032799));
#4716 = VECTOR('',#4717,1.);
#4717 = DIRECTION('',(1.,0.));
#4718 = ( GEOMETRIC_REPRESENTATION_CONTEXT(2) 
PARAMETRIC_REPRESENTATION_CONTEXT() REPRESENTATION_CONTEXT('2D SPACE',''
  ) );
#4719 = PCURVE('',#4720,#4725);
#4720 = PLANE('',#4721);
#4721 = AXIS2_PLACEMENT_3D('',#4722,#4723,#4724);
#4722 = CARTESIAN_POINT('',(3.,0.84,5.551115123126E-17));
#4723 = DIRECTION('',(-1.,-2.22044604925E-16,0.));
#4724 = DIRECTION('',(0.,0.,1.));
#4725 = DEFINITIONAL_REPRESENTATION('',(#4726),#4730);
#4726 = LINE('',#4727,#4728);
#4727 = CARTESIAN_POINT('',(0.,0.));
#4728 = VECTOR('',#4729,1.);
#4729 = DIRECTION('',(1.,0.));
#4730 = ( GEOMETRIC_REPRESENTATION_CONTEXT(2) 
PARAMETRIC_REPRESENTATION_CONTEXT() REPRESENTATION_CONTEXT('2D SPACE',''
  ) );
#4731 = ORIENTED_EDGE('',*,*,#4732,.T.);
#4732 = EDGE_CURVE('',#4705,#4733,#4735,.T.);
#4733 = VERTEX_POINT('',#4734);
#4734 = CARTESIAN_POINT('',(2.65,0.84,0.2));
#4735 = SURFACE_CURVE('',#4736,(#4740,#4747),.PCURVE_S1.);
#4736 = LINE('',#4737,#4738);
#4737 = CARTESIAN_POINT('',(3.,0.84,0.2));
#4738 = VECTOR('',#4739,1.);
#4739 = DIRECTION('',(-1.,-2.22044604925E-16,0.));
#4740 = PCURVE('',#3408,#4741);
#4741 = DEFINITIONAL_REPRESENTATION('',(#4742),#4746);
#4742 = LINE('',#4743,#4744);
#4743 = CARTESIAN_POINT('',(-0.332659657565,-0.58421032799));
#4744 = VECTOR('',#4745,1.);
#4745 = DIRECTION('',(0.,1.));
#4746 = ( GEOMETRIC_REPRESENTATION_CONTEXT(2) 
PARAMETRIC_REPRESENTATION_CONTEXT() REPRESENTATION_CONTEXT('2D SPACE',''
  ) );
#4747 = PCURVE('',#4748,#4753);
#4748 = PLANE('',#4749);
#4749 = AXIS2_PLACEMENT_3D('',#4750,#4751,#4752);
#4750 = CARTESIAN_POINT('',(3.,0.84,0.2));
#4751 = DIRECTION('',(0.,0.,-1.));
#4752 = DIRECTION('',(-1.,-2.22044604925E-16,-0.));
#4753 = DEFINITIONAL_REPRESENTATION('',(#4754),#4758);
#4754 = LINE('',#4755,#4756);
#4755 = CARTESIAN_POINT('',(-0.,0.));
#4756 = VECTOR('',#4757,1.);
#4757 = DIRECTION('',(1.,0.));
#4758 = ( GEOMETRIC_REPRESENTATION_CONTEXT(2) 
PARAMETRIC_REPRESENTATION_CONTEXT() REPRESENTATION_CONTEXT('2D SPACE',''
  ) );
#4759 = ORIENTED_EDGE('',*,*,#4760,.T.);
#4760 = EDGE_CURVE('',#4733,#4761,#4763,.T.);
#4761 = VERTEX_POINT('',#4762);
#4762 = CARTESIAN_POINT('',(2.55,0.84,0.3));
#4763 = SURFACE_CURVE('',#4764,(#4769,#4780),.PCURVE_S1.);
#4764 = CIRCLE('',#4765,0.1);
#4765 = AXIS2_PLACEMENT_3D('',#4766,#4767,#4768);
#4766 = CARTESIAN_POINT('',(2.65,0.84,0.3));
#4767 = DIRECTION('',(-2.22044604925E-16,1.,0.));
#4768 = DIRECTION('',(0.,0.,-1.));
#4769 = PCURVE('',#3408,#4770);
#4770 = DEFINITIONAL_REPRESENTATION('',(#4771),#4779);
#4771 = ( BOUNDED_CURVE() B_SPLINE_CURVE(2,(#4772,#4773,#4774,#4775,
#4776,#4777,#4778),.UNSPECIFIED.,.T.,.F.) B_SPLINE_CURVE_WITH_KNOTS((1,2
    ,2,2,2,1),(-2.094395102393,0.,2.094395102393,4.188790204786,
6.28318530718,8.377580409573),.UNSPECIFIED.) CURVE() 
GEOMETRIC_REPRESENTATION_ITEM() RATIONAL_B_SPLINE_CURVE((1.,0.5,1.,0.5,
1.,0.5,1.)) REPRESENTATION_ITEM('') );
#4772 = CARTESIAN_POINT('',(-0.332659657565,-0.23421032799));
#4773 = CARTESIAN_POINT('',(-0.332659657565,-6.100524723311E-02));
#4774 = CARTESIAN_POINT('',(-0.182659657565,-0.147607787612));
#4775 = CARTESIAN_POINT('',(-3.2659657565E-02,-0.23421032799));
#4776 = CARTESIAN_POINT('',(-0.182659657565,-0.320812868368));
#4777 = CARTESIAN_POINT('',(-0.332659657565,-0.407415408747));
#4778 = CARTESIAN_POINT('',(-0.332659657565,-0.23421032799));
#4779 = ( GEOMETRIC_REPRESENTATION_CONTEXT(2) 
PARAMETRIC_REPRESENTATION_CONTEXT() REPRESENTATION_CONTEXT('2D SPACE',''
  ) );
#4780 = PCURVE('',#4781,#4786);
#4781 = CYLINDRICAL_SURFACE('',#4782,0.1);
#4782 = AXIS2_PLACEMENT_3D('',#4783,#4784,#4785);
#4783 = CARTESIAN_POINT('',(2.65,0.84,0.3));
#4784 = DIRECTION('',(-2.22044604925E-16,1.,0.));
#4785 = DIRECTION('',(0.,0.,-1.));
#4786 = DEFINITIONAL_REPRESENTATION('',(#4787),#4791);
#4787 = LINE('',#4788,#4789);
#4788 = CARTESIAN_POINT('',(0.,0.));
#4789 = VECTOR('',#4790,1.);
#4790 = DIRECTION('',(1.,0.));
#4791 = ( GEOMETRIC_REPRESENTATION_CONTEXT(2) 
PARAMETRIC_REPRESENTATION_CONTEXT() REPRESENTATION_CONTEXT('2D SPACE',''
  ) );
#4792 = ORIENTED_EDGE('',*,*,#4793,.T.);
#4793 = EDGE_CURVE('',#4761,#4794,#4796,.T.);
#4794 = VERTEX_POINT('',#4795);
#4795 = CARTESIAN_POINT('',(2.55,0.84,0.725));
#4796 = SURFACE_CURVE('',#4797,(#4801,#4808),.PCURVE_S1.);
#4797 = LINE('',#4798,#4799);
#4798 = CARTESIAN_POINT('',(2.55,0.84,0.3));
#4799 = VECTOR('',#4800,1.);
#4800 = DIRECTION('',(0.,0.,1.));
#4801 = PCURVE('',#3408,#4802);
#4802 = DEFINITIONAL_REPRESENTATION('',(#4803),#4807);
#4803 = LINE('',#4804,#4805);
#4804 = CARTESIAN_POINT('',(-0.232659657565,-0.13421032799));
#4805 = VECTOR('',#4806,1.);
#4806 = DIRECTION('',(1.,0.));
#4807 = ( GEOMETRIC_REPRESENTATION_CONTEXT(2) 
PARAMETRIC_REPRESENTATION_CONTEXT() REPRESENTATION_CONTEXT('2D SPACE',''
  ) );
#4808 = PCURVE('',#4809,#4814);
#4809 = PLANE('',#4810);
#4810 = AXIS2_PLACEMENT_3D('',#4811,#4812,#4813);
#4811 = CARTESIAN_POINT('',(2.55,0.84,0.3));
#4812 = DIRECTION('',(-1.,-2.22044604925E-16,0.));
#4813 = DIRECTION('',(0.,0.,1.));
#4814 = DEFINITIONAL_REPRESENTATION('',(#4815),#4819);
#4815 = LINE('',#4816,#4817);
#4816 = CARTESIAN_POINT('',(0.,0.));
#4817 = VECTOR('',#4818,1.);
#4818 = DIRECTION('',(1.,0.));
#4819 = ( GEOMETRIC_REPRESENTATION_CONTEXT(2) 
PARAMETRIC_REPRESENTATION_CONTEXT() REPRESENTATION_CONTEXT('2D SPACE',''
  ) );
#4820 = ORIENTED_EDGE('',*,*,#4821,.T.);
#4821 = EDGE_CURVE('',#4794,#4822,#4824,.T.);
#4822 = VERTEX_POINT('',#4823);
#4823 = CARTESIAN_POINT('',(2.25,0.84,1.025));
#4824 = SURFACE_CURVE('',#4825,(#4830,#4837),.PCURVE_S1.);
#4825 = CIRCLE('',#4826,0.3);
#4826 = AXIS2_PLACEMENT_3D('',#4827,#4828,#4829);
#4827 = CARTESIAN_POINT('',(2.25,0.84,0.725));
#4828 = DIRECTION('',(2.22044604925E-16,-1.,0.));
#4829 = DIRECTION('',(1.,2.22044604925E-16,3.700743415417E-16));
#4830 = PCURVE('',#3408,#4831);
#4831 = DEFINITIONAL_REPRESENTATION('',(#4832),#4836);
#4832 = CIRCLE('',#4833,0.3);
#4833 = AXIS2_PLACEMENT_2D('',#4834,#4835);
#4834 = CARTESIAN_POINT('',(0.192340342435,0.16578967201));
#4835 = DIRECTION('',(3.700743415417E-16,-1.));
#4836 = ( GEOMETRIC_REPRESENTATION_CONTEXT(2) 
PARAMETRIC_REPRESENTATION_CONTEXT() REPRESENTATION_CONTEXT('2D SPACE',''
  ) );
#4837 = PCURVE('',#4838,#4843);
#4838 = CYLINDRICAL_SURFACE('',#4839,0.3);
#4839 = AXIS2_PLACEMENT_3D('',#4840,#4841,#4842);
#4840 = CARTESIAN_POINT('',(2.25,0.84,0.725));
#4841 = DIRECTION('',(-2.22044604925E-16,1.,-0.));
#4842 = DIRECTION('',(1.,2.22044604925E-16,3.700743415417E-16));
#4843 = DEFINITIONAL_REPRESENTATION('',(#4844),#4848);
#4844 = LINE('',#4845,#4846);
#4845 = CARTESIAN_POINT('',(6.28318530718,0.));
#4846 = VECTOR('',#4847,1.);
#4847 = DIRECTION('',(-1.,0.));
#4848 = ( GEOMETRIC_REPRESENTATION_CONTEXT(2) 
PARAMETRIC_REPRESENTATION_CONTEXT() REPRESENTATION_CONTEXT('2D SPACE',''
  ) );
#4849 = ORIENTED_EDGE('',*,*,#4850,.T.);
#4850 = EDGE_CURVE('',#4822,#3393,#4851,.T.);
#4851 = SURFACE_CURVE('',#4852,(#4856,#4863),.PCURVE_S1.);
#4852 = LINE('',#4853,#4854);
#4853 = CARTESIAN_POINT('',(2.25,0.84,1.025));
#4854 = VECTOR('',#4855,1.);
#4855 = DIRECTION('',(-1.,-2.22044604925E-16,0.));
#4856 = PCURVE('',#3408,#4857);
#4857 = DEFINITIONAL_REPRESENTATION('',(#4858),#4862);
#4858 = LINE('',#4859,#4860);
#4859 = CARTESIAN_POINT('',(0.492340342435,0.16578967201));
#4860 = VECTOR('',#4861,1.);
#4861 = DIRECTION('',(0.,1.));
#4862 = ( GEOMETRIC_REPRESENTATION_CONTEXT(2) 
PARAMETRIC_REPRESENTATION_CONTEXT() REPRESENTATION_CONTEXT('2D SPACE',''
  ) );
#4863 = PCURVE('',#4347,#4864);
#4864 = DEFINITIONAL_REPRESENTATION('',(#4865),#4869);
#4865 = LINE('',#4866,#4867);
#4866 = CARTESIAN_POINT('',(-0.,0.));
#4867 = VECTOR('',#4868,1.);
#4868 = DIRECTION('',(1.,0.));
#4869 = ( GEOMETRIC_REPRESENTATION_CONTEXT(2) 
PARAMETRIC_REPRESENTATION_CONTEXT() REPRESENTATION_CONTEXT('2D SPACE',''
  ) );
#4870 = ADVANCED_FACE('',(#4871),#3611,.F.);
#4871 = FACE_BOUND('',#4872,.F.);
#4872 = EDGE_LOOP('',(#4873,#4874,#4875,#4898));
#4873 = ORIENTED_EDGE('',*,*,#3597,.T.);
#4874 = ORIENTED_EDGE('',*,*,#3650,.T.);
#4875 = ORIENTED_EDGE('',*,*,#4876,.F.);
#4876 = EDGE_CURVE('',#4877,#3628,#4879,.T.);
#4877 = VERTEX_POINT('',#4878);
#4878 = CARTESIAN_POINT('',(-1.775,2.45,0.825));
#4879 = SURFACE_CURVE('',#4880,(#4884,#4891),.PCURVE_S1.);
#4880 = LINE('',#4881,#4882);
#4881 = CARTESIAN_POINT('',(-1.775,2.45,0.825));
#4882 = VECTOR('',#4883,1.);
#4883 = DIRECTION('',(1.,2.22044604925E-16,0.));
#4884 = PCURVE('',#3611,#4885);
#4885 = DEFINITIONAL_REPRESENTATION('',(#4886),#4890);
#4886 = LINE('',#4887,#4888);
#4887 = CARTESIAN_POINT('',(2.176640215269E-17,1.));
#4888 = VECTOR('',#4889,1.);
#4889 = DIRECTION('',(1.,3.127388801761E-17));
#4890 = ( GEOMETRIC_REPRESENTATION_CONTEXT(2) 
PARAMETRIC_REPRESENTATION_CONTEXT() REPRESENTATION_CONTEXT('2D SPACE',''
  ) );
#4891 = PCURVE('',#4246,#4892);
#4892 = DEFINITIONAL_REPRESENTATION('',(#4893),#4897);
#4893 = LINE('',#4894,#4895);
#4894 = CARTESIAN_POINT('',(0.,-0.2));
#4895 = VECTOR('',#4896,1.);
#4896 = DIRECTION('',(1.,0.));
#4897 = ( GEOMETRIC_REPRESENTATION_CONTEXT(2) 
PARAMETRIC_REPRESENTATION_CONTEXT() REPRESENTATION_CONTEXT('2D SPACE',''
  ) );
#4898 = ORIENTED_EDGE('',*,*,#4899,.F.);
#4899 = EDGE_CURVE('',#3447,#4877,#4900,.T.);
#4900 = SURFACE_CURVE('',#4901,(#4904,#4911),.PCURVE_S1.);
#4901 = B_SPLINE_CURVE_WITH_KNOTS('',1,(#4902,#4903),.UNSPECIFIED.,.F.,
  .F.,(2,2),(0.,1.),.PIECEWISE_BEZIER_KNOTS.);
#4902 = CARTESIAN_POINT('',(-1.717585640382,2.335171280765,0.1));
#4903 = CARTESIAN_POINT('',(-1.775,2.45,0.825));
#4904 = PCURVE('',#3611,#4905);
#4905 = DEFINITIONAL_REPRESENTATION('',(#4906),#4910);
#4906 = LINE('',#4907,#4908);
#4907 = CARTESIAN_POINT('',(2.867682730149E-16,-3.386432460304E-17));
#4908 = VECTOR('',#4909,1.);
#4909 = DIRECTION('',(-2.650018708623E-16,1.));
#4910 = ( GEOMETRIC_REPRESENTATION_CONTEXT(2) 
PARAMETRIC_REPRESENTATION_CONTEXT() REPRESENTATION_CONTEXT('2D SPACE',''
  ) );
#4911 = PCURVE('',#3462,#4912);
#4912 = DEFINITIONAL_REPRESENTATION('',(#4913),#4917);
#4913 = LINE('',#4914,#4915);
#4914 = CARTESIAN_POINT('',(0.247487373415,-1.18030267204E-16));
#4915 = VECTOR('',#4916,1.);
#4916 = DIRECTION('',(1.110223024625E-16,1.));
#4917 = ( GEOMETRIC_REPRESENTATION_CONTEXT(2) 
PARAMETRIC_REPRESENTATION_CONTEXT() REPRESENTATION_CONTEXT('2D SPACE',''
  ) );
#4918 = ADVANCED_FACE('',(#4919),#3543,.F.);
#4919 = FACE_BOUND('',#4920,.F.);
#4920 = EDGE_LOOP('',(#4921,#4922,#4944,#4970));
#4921 = ORIENTED_EDGE('',*,*,#3527,.T.);
#4922 = ORIENTED_EDGE('',*,*,#4923,.T.);
#4923 = EDGE_CURVE('',#3501,#4924,#4926,.T.);
#4924 = VERTEX_POINT('',#4925);
#4925 = CARTESIAN_POINT('',(-1.775,-2.45,0.825));
#4926 = SURFACE_CURVE('',#4927,(#4930,#4937),.PCURVE_S1.);
#4927 = B_SPLINE_CURVE_WITH_KNOTS('',1,(#4928,#4929),.UNSPECIFIED.,.F.,
  .F.,(2,2),(0.,1.),.PIECEWISE_BEZIER_KNOTS.);
#4928 = CARTESIAN_POINT('',(-1.717585640382,-2.335171280765,0.1));
#4929 = CARTESIAN_POINT('',(-1.775,-2.45,0.825));
#4930 = PCURVE('',#3543,#4931);
#4931 = DEFINITIONAL_REPRESENTATION('',(#4932),#4936);
#4932 = LINE('',#4933,#4934);
#4933 = CARTESIAN_POINT('',(3.55,-1.234009040003E-16));
#4934 = VECTOR('',#4935,1.);
#4935 = DIRECTION('',(0.,1.));
#4936 = ( GEOMETRIC_REPRESENTATION_CONTEXT(2) 
PARAMETRIC_REPRESENTATION_CONTEXT() REPRESENTATION_CONTEXT('2D SPACE',''
  ) );
#4937 = PCURVE('',#3516,#4938);
#4938 = DEFINITIONAL_REPRESENTATION('',(#4939),#4943);
#4939 = LINE('',#4940,#4941);
#4940 = CARTESIAN_POINT('',(-6.316502332661E-16,2.905068403496E-17));
#4941 = VECTOR('',#4942,1.);
#4942 = DIRECTION('',(3.710816018575E-16,1.));
#4943 = ( GEOMETRIC_REPRESENTATION_CONTEXT(2) 
PARAMETRIC_REPRESENTATION_CONTEXT() REPRESENTATION_CONTEXT('2D SPACE',''
  ) );
#4944 = ORIENTED_EDGE('',*,*,#4945,.F.);
#4945 = EDGE_CURVE('',#3675,#4924,#4946,.T.);
#4946 = SURFACE_CURVE('',#4947,(#4951,#4958),.PCURVE_S1.);
#4947 = LINE('',#4948,#4949);
#4948 = CARTESIAN_POINT('',(1.775,-2.45,0.825));
#4949 = VECTOR('',#4950,1.);
#4950 = DIRECTION('',(-1.,-2.22044604925E-16,0.));
#4951 = PCURVE('',#3543,#4952);
#4952 = DEFINITIONAL_REPRESENTATION('',(#4953),#4957);
#4953 = LINE('',#4954,#4955);
#4954 = CARTESIAN_POINT('',(2.176640215269E-17,1.));
#4955 = VECTOR('',#4956,1.);
#4956 = DIRECTION('',(1.,3.127388801761E-17));
#4957 = ( GEOMETRIC_REPRESENTATION_CONTEXT(2) 
PARAMETRIC_REPRESENTATION_CONTEXT() REPRESENTATION_CONTEXT('2D SPACE',''
  ) );
#4958 = PCURVE('',#4959,#4964);
#4959 = PLANE('',#4960);
#4960 = AXIS2_PLACEMENT_3D('',#4961,#4962,#4963);
#4961 = CARTESIAN_POINT('',(1.775,-2.45,1.025));
#4962 = DIRECTION('',(-2.22044604925E-16,1.,0.));
#4963 = DIRECTION('',(-1.,-2.22044604925E-16,0.));
#4964 = DEFINITIONAL_REPRESENTATION('',(#4965),#4969);
#4965 = LINE('',#4966,#4967);
#4966 = CARTESIAN_POINT('',(-0.,-0.2));
#4967 = VECTOR('',#4968,1.);
#4968 = DIRECTION('',(1.,0.));
#4969 = ( GEOMETRIC_REPRESENTATION_CONTEXT(2) 
PARAMETRIC_REPRESENTATION_CONTEXT() REPRESENTATION_CONTEXT('2D SPACE',''
  ) );
#4970 = ORIENTED_EDGE('',*,*,#3674,.F.);
#4971 = ADVANCED_FACE('',(#4972),#3516,.F.);
#4972 = FACE_BOUND('',#4973,.F.);
#4973 = EDGE_LOOP('',(#4974,#4975,#4997,#5023));
#4974 = ORIENTED_EDGE('',*,*,#3500,.T.);
#4975 = ORIENTED_EDGE('',*,*,#4976,.T.);
#4976 = EDGE_CURVE('',#3474,#4977,#4979,.T.);
#4977 = VERTEX_POINT('',#4978);
#4978 = CARTESIAN_POINT('',(-1.95,-2.275,0.825));
#4979 = SURFACE_CURVE('',#4980,(#4983,#4990),.PCURVE_S1.);
#4980 = B_SPLINE_CURVE_WITH_KNOTS('',1,(#4981,#4982),.UNSPECIFIED.,.F.,
  .F.,(2,2),(0.,1.),.PIECEWISE_BEZIER_KNOTS.);
#4981 = CARTESIAN_POINT('',(-1.835171280765,-2.217585640382,0.1));
#4982 = CARTESIAN_POINT('',(-1.95,-2.275,0.825));
#4983 = PCURVE('',#3516,#4984);
#4984 = DEFINITIONAL_REPRESENTATION('',(#4985),#4989);
#4985 = LINE('',#4986,#4987);
#4986 = CARTESIAN_POINT('',(0.247487373415,-8.182109435701E-18));
#4987 = VECTOR('',#4988,1.);
#4988 = DIRECTION('',(6.106226635438E-16,1.));
#4989 = ( GEOMETRIC_REPRESENTATION_CONTEXT(2) 
PARAMETRIC_REPRESENTATION_CONTEXT() REPRESENTATION_CONTEXT('2D SPACE',''
  ) );
#4990 = PCURVE('',#3489,#4991);
#4991 = DEFINITIONAL_REPRESENTATION('',(#4992),#4996);
#4992 = LINE('',#4993,#4994);
#4993 = CARTESIAN_POINT('',(-4.94827695417E-16,-2.662846262169E-17));
#4994 = VECTOR('',#4995,1.);
#4995 = DIRECTION('',(6.052250384456E-16,1.));
#4996 = ( GEOMETRIC_REPRESENTATION_CONTEXT(2) 
PARAMETRIC_REPRESENTATION_CONTEXT() REPRESENTATION_CONTEXT('2D SPACE',''
  ) );
#4997 = ORIENTED_EDGE('',*,*,#4998,.F.);
#4998 = EDGE_CURVE('',#4924,#4977,#4999,.T.);
#4999 = SURFACE_CURVE('',#5000,(#5004,#5011),.PCURVE_S1.);
#5000 = LINE('',#5001,#5002);
#5001 = CARTESIAN_POINT('',(-1.775,-2.45,0.825));
#5002 = VECTOR('',#5003,1.);
#5003 = DIRECTION('',(-0.707106781187,0.707106781187,0.));
#5004 = PCURVE('',#3516,#5005);
#5005 = DEFINITIONAL_REPRESENTATION('',(#5006),#5010);
#5006 = LINE('',#5007,#5008);
#5007 = CARTESIAN_POINT('',(5.057693122531E-17,1.));
#5008 = VECTOR('',#5009,1.);
#5009 = DIRECTION('',(1.,0.));
#5010 = ( GEOMETRIC_REPRESENTATION_CONTEXT(2) 
PARAMETRIC_REPRESENTATION_CONTEXT() REPRESENTATION_CONTEXT('2D SPACE',''
  ) );
#5011 = PCURVE('',#5012,#5017);
#5012 = PLANE('',#5013);
#5013 = AXIS2_PLACEMENT_3D('',#5014,#5015,#5016);
#5014 = CARTESIAN_POINT('',(-1.775,-2.45,1.025));
#5015 = DIRECTION('',(0.707106781187,0.707106781187,0.));
#5016 = DIRECTION('',(-0.707106781187,0.707106781187,0.));
#5017 = DEFINITIONAL_REPRESENTATION('',(#5018),#5022);
#5018 = LINE('',#5019,#5020);
#5019 = CARTESIAN_POINT('',(0.,-0.2));
#5020 = VECTOR('',#5021,1.);
#5021 = DIRECTION('',(1.,0.));
#5022 = ( GEOMETRIC_REPRESENTATION_CONTEXT(2) 
PARAMETRIC_REPRESENTATION_CONTEXT() REPRESENTATION_CONTEXT('2D SPACE',''
  ) );
#5023 = ORIENTED_EDGE('',*,*,#4923,.F.);
#5024 = ADVANCED_FACE('',(#5025),#3489,.F.);
#5025 = FACE_BOUND('',#5026,.F.);
#5026 = EDGE_LOOP('',(#5027,#5028,#5050,#5078,#5106,#5134,#5162,#5190,
    #5218,#5246,#5274,#5300));
#5027 = ORIENTED_EDGE('',*,*,#3473,.T.);
#5028 = ORIENTED_EDGE('',*,*,#5029,.T.);
#5029 = EDGE_CURVE('',#3445,#5030,#5032,.T.);
#5030 = VERTEX_POINT('',#5031);
#5031 = CARTESIAN_POINT('',(-1.95,2.275,0.825));
#5032 = SURFACE_CURVE('',#5033,(#5036,#5043),.PCURVE_S1.);
#5033 = B_SPLINE_CURVE_WITH_KNOTS('',1,(#5034,#5035),.UNSPECIFIED.,.F.,
  .F.,(2,2),(0.,1.),.PIECEWISE_BEZIER_KNOTS.);
#5034 = CARTESIAN_POINT('',(-1.835171280765,2.217585640382,0.1));
#5035 = CARTESIAN_POINT('',(-1.95,2.275,0.825));
#5036 = PCURVE('',#3489,#5037);
#5037 = DEFINITIONAL_REPRESENTATION('',(#5038),#5042);
#5038 = LINE('',#5039,#5040);
#5039 = CARTESIAN_POINT('',(4.55,-9.333496124434E-18));
#5040 = VECTOR('',#5041,1.);
#5041 = DIRECTION('',(0.,1.));
#5042 = ( GEOMETRIC_REPRESENTATION_CONTEXT(2) 
PARAMETRIC_REPRESENTATION_CONTEXT() REPRESENTATION_CONTEXT('2D SPACE',''
  ) );
#5043 = PCURVE('',#3462,#5044);
#5044 = DEFINITIONAL_REPRESENTATION('',(#5045),#5049);
#5045 = LINE('',#5046,#5047);
#5046 = CARTESIAN_POINT('',(2.992756715082E-16,-4.171445780772E-17));
#5047 = VECTOR('',#5048,1.);
#5048 = DIRECTION('',(-8.858060589813E-17,1.));
#5049 = ( GEOMETRIC_REPRESENTATION_CONTEXT(2) 
PARAMETRIC_REPRESENTATION_CONTEXT() REPRESENTATION_CONTEXT('2D SPACE',''
  ) );
#5050 = ORIENTED_EDGE('',*,*,#5051,.F.);
#5051 = EDGE_CURVE('',#5052,#5030,#5054,.T.);
#5052 = VERTEX_POINT('',#5053);
#5053 = CARTESIAN_POINT('',(-1.95,2.11,0.825));
#5054 = SURFACE_CURVE('',#5055,(#5059,#5066),.PCURVE_S1.);
#5055 = LINE('',#5056,#5057);
#5056 = CARTESIAN_POINT('',(-1.95,-2.275,0.825));
#5057 = VECTOR('',#5058,1.);
#5058 = DIRECTION('',(-2.22044604925E-16,1.,0.));
#5059 = PCURVE('',#3489,#5060);
#5060 = DEFINITIONAL_REPRESENTATION('',(#5061),#5065);
#5061 = LINE('',#5062,#5063);
#5062 = CARTESIAN_POINT('',(8.881784197001E-16,1.));
#5063 = VECTOR('',#5064,1.);
#5064 = DIRECTION('',(1.,0.));
#5065 = ( GEOMETRIC_REPRESENTATION_CONTEXT(2) 
PARAMETRIC_REPRESENTATION_CONTEXT() REPRESENTATION_CONTEXT('2D SPACE',''
  ) );
#5066 = PCURVE('',#5067,#5072);
#5067 = PLANE('',#5068);
#5068 = AXIS2_PLACEMENT_3D('',#5069,#5070,#5071);
#5069 = CARTESIAN_POINT('',(-1.95,-2.275,1.025));
#5070 = DIRECTION('',(1.,2.22044604925E-16,0.));
#5071 = DIRECTION('',(-2.22044604925E-16,1.,0.));
#5072 = DEFINITIONAL_REPRESENTATION('',(#5073),#5077);
#5073 = LINE('',#5074,#5075);
#5074 = CARTESIAN_POINT('',(0.,-0.2));
#5075 = VECTOR('',#5076,1.);
#5076 = DIRECTION('',(1.,0.));
#5077 = ( GEOMETRIC_REPRESENTATION_CONTEXT(2) 
PARAMETRIC_REPRESENTATION_CONTEXT() REPRESENTATION_CONTEXT('2D SPACE',''
  ) );
#5078 = ORIENTED_EDGE('',*,*,#5079,.F.);
#5079 = EDGE_CURVE('',#5080,#5052,#5082,.T.);
#5080 = VERTEX_POINT('',#5081);
#5081 = CARTESIAN_POINT('',(-1.95,1.7,0.825));
#5082 = SURFACE_CURVE('',#5083,(#5087,#5094),.PCURVE_S1.);
#5083 = LINE('',#5084,#5085);
#5084 = CARTESIAN_POINT('',(-1.95,-2.275,0.825));
#5085 = VECTOR('',#5086,1.);
#5086 = DIRECTION('',(-2.22044604925E-16,1.,0.));
#5087 = PCURVE('',#3489,#5088);
#5088 = DEFINITIONAL_REPRESENTATION('',(#5089),#5093);
#5089 = LINE('',#5090,#5091);
#5090 = CARTESIAN_POINT('',(4.440892098501E-16,1.));
#5091 = VECTOR('',#5092,1.);
#5092 = DIRECTION('',(1.,0.));
#5093 = ( GEOMETRIC_REPRESENTATION_CONTEXT(2) 
PARAMETRIC_REPRESENTATION_CONTEXT() REPRESENTATION_CONTEXT('2D SPACE',''
  ) );
#5094 = PCURVE('',#5095,#5100);
#5095 = PLANE('',#5096);
#5096 = AXIS2_PLACEMENT_3D('',#5097,#5098,#5099);
#5097 = CARTESIAN_POINT('',(-1.8,1.7,0.825));
#5098 = DIRECTION('',(0.,0.,1.));
#5099 = DIRECTION('',(-1.,-9.95799250103E-17,0.));
#5100 = DEFINITIONAL_REPRESENTATION('',(#5101),#5105);
#5101 = LINE('',#5102,#5103);
#5102 = CARTESIAN_POINT('',(0.15,3.975));
#5103 = VECTOR('',#5104,1.);
#5104 = DIRECTION('',(1.224646799147E-16,-1.));
#5105 = ( GEOMETRIC_REPRESENTATION_CONTEXT(2) 
PARAMETRIC_REPRESENTATION_CONTEXT() REPRESENTATION_CONTEXT('2D SPACE',''
  ) );
#5106 = ORIENTED_EDGE('',*,*,#5107,.F.);
#5107 = EDGE_CURVE('',#5108,#5080,#5110,.T.);
#5108 = VERTEX_POINT('',#5109);
#5109 = CARTESIAN_POINT('',(-1.95,0.84,0.825));
#5110 = SURFACE_CURVE('',#5111,(#5115,#5122),.PCURVE_S1.);
#5111 = LINE('',#5112,#5113);
#5112 = CARTESIAN_POINT('',(-1.95,-2.275,0.825));
#5113 = VECTOR('',#5114,1.);
#5114 = DIRECTION('',(-2.22044604925E-16,1.,0.));
#5115 = PCURVE('',#3489,#5116);
#5116 = DEFINITIONAL_REPRESENTATION('',(#5117),#5121);
#5117 = LINE('',#5118,#5119);
#5118 = CARTESIAN_POINT('',(4.440892098501E-16,1.));
#5119 = VECTOR('',#5120,1.);
#5120 = DIRECTION('',(1.,0.));
#5121 = ( GEOMETRIC_REPRESENTATION_CONTEXT(2) 
PARAMETRIC_REPRESENTATION_CONTEXT() REPRESENTATION_CONTEXT('2D SPACE',''
  ) );
#5122 = PCURVE('',#5123,#5128);
#5123 = PLANE('',#5124);
#5124 = AXIS2_PLACEMENT_3D('',#5125,#5126,#5127);
#5125 = CARTESIAN_POINT('',(-1.95,-2.275,1.025));
#5126 = DIRECTION('',(1.,2.22044604925E-16,0.));
#5127 = DIRECTION('',(-2.22044604925E-16,1.,0.));
#5128 = DEFINITIONAL_REPRESENTATION('',(#5129),#5133);
#5129 = LINE('',#5130,#5131);
#5130 = CARTESIAN_POINT('',(0.,-0.2));
#5131 = VECTOR('',#5132,1.);
#5132 = DIRECTION('',(1.,0.));
#5133 = ( GEOMETRIC_REPRESENTATION_CONTEXT(2) 
PARAMETRIC_REPRESENTATION_CONTEXT() REPRESENTATION_CONTEXT('2D SPACE',''
  ) );
#5134 = ORIENTED_EDGE('',*,*,#5135,.F.);
#5135 = EDGE_CURVE('',#5136,#5108,#5138,.T.);
#5136 = VERTEX_POINT('',#5137);
#5137 = CARTESIAN_POINT('',(-1.95,0.43,0.825));
#5138 = SURFACE_CURVE('',#5139,(#5143,#5150),.PCURVE_S1.);
#5139 = LINE('',#5140,#5141);
#5140 = CARTESIAN_POINT('',(-1.95,-2.275,0.825));
#5141 = VECTOR('',#5142,1.);
#5142 = DIRECTION('',(-2.22044604925E-16,1.,0.));
#5143 = PCURVE('',#3489,#5144);
#5144 = DEFINITIONAL_REPRESENTATION('',(#5145),#5149);
#5145 = LINE('',#5146,#5147);
#5146 = CARTESIAN_POINT('',(4.440892098501E-16,1.));
#5147 = VECTOR('',#5148,1.);
#5148 = DIRECTION('',(1.,-5.415722071342E-16));
#5149 = ( GEOMETRIC_REPRESENTATION_CONTEXT(2) 
PARAMETRIC_REPRESENTATION_CONTEXT() REPRESENTATION_CONTEXT('2D SPACE',''
  ) );
#5150 = PCURVE('',#5151,#5156);
#5151 = PLANE('',#5152);
#5152 = AXIS2_PLACEMENT_3D('',#5153,#5154,#5155);
#5153 = CARTESIAN_POINT('',(-1.8,0.43,0.825));
#5154 = DIRECTION('',(0.,0.,1.));
#5155 = DIRECTION('',(-1.,-9.95799250103E-17,0.));
#5156 = DEFINITIONAL_REPRESENTATION('',(#5157),#5161);
#5157 = LINE('',#5158,#5159);
#5158 = CARTESIAN_POINT('',(0.15,2.705));
#5159 = VECTOR('',#5160,1.);
#5160 = DIRECTION('',(1.224646799147E-16,-1.));
#5161 = ( GEOMETRIC_REPRESENTATION_CONTEXT(2) 
PARAMETRIC_REPRESENTATION_CONTEXT() REPRESENTATION_CONTEXT('2D SPACE',''
  ) );
#5162 = ORIENTED_EDGE('',*,*,#5163,.F.);
#5163 = EDGE_CURVE('',#5164,#5136,#5166,.T.);
#5164 = VERTEX_POINT('',#5165);
#5165 = CARTESIAN_POINT('',(-1.95,-0.43,0.825));
#5166 = SURFACE_CURVE('',#5167,(#5171,#5178),.PCURVE_S1.);
#5167 = LINE('',#5168,#5169);
#5168 = CARTESIAN_POINT('',(-1.95,-2.275,0.825));
#5169 = VECTOR('',#5170,1.);
#5170 = DIRECTION('',(-2.22044604925E-16,1.,0.));
#5171 = PCURVE('',#3489,#5172);
#5172 = DEFINITIONAL_REPRESENTATION('',(#5173),#5177);
#5173 = LINE('',#5174,#5175);
#5174 = CARTESIAN_POINT('',(2.22044604925E-16,1.));
#5175 = VECTOR('',#5176,1.);
#5176 = DIRECTION('',(1.,0.));
#5177 = ( GEOMETRIC_REPRESENTATION_CONTEXT(2) 
PARAMETRIC_REPRESENTATION_CONTEXT() REPRESENTATION_CONTEXT('2D SPACE',''
  ) );
#5178 = PCURVE('',#5179,#5184);
#5179 = PLANE('',#5180);
#5180 = AXIS2_PLACEMENT_3D('',#5181,#5182,#5183);
#5181 = CARTESIAN_POINT('',(-1.95,-2.275,1.025));
#5182 = DIRECTION('',(1.,2.22044604925E-16,0.));
#5183 = DIRECTION('',(-2.22044604925E-16,1.,0.));
#5184 = DEFINITIONAL_REPRESENTATION('',(#5185),#5189);
#5185 = LINE('',#5186,#5187);
#5186 = CARTESIAN_POINT('',(0.,-0.2));
#5187 = VECTOR('',#5188,1.);
#5188 = DIRECTION('',(1.,0.));
#5189 = ( GEOMETRIC_REPRESENTATION_CONTEXT(2) 
PARAMETRIC_REPRESENTATION_CONTEXT() REPRESENTATION_CONTEXT('2D SPACE',''
  ) );
#5190 = ORIENTED_EDGE('',*,*,#5191,.F.);
#5191 = EDGE_CURVE('',#5192,#5164,#5194,.T.);
#5192 = VERTEX_POINT('',#5193);
#5193 = CARTESIAN_POINT('',(-1.95,-0.84,0.825));
#5194 = SURFACE_CURVE('',#5195,(#5199,#5206),.PCURVE_S1.);
#5195 = LINE('',#5196,#5197);
#5196 = CARTESIAN_POINT('',(-1.95,-2.275,0.825));
#5197 = VECTOR('',#5198,1.);
#5198 = DIRECTION('',(-2.22044604925E-16,1.,0.));
#5199 = PCURVE('',#3489,#5200);
#5200 = DEFINITIONAL_REPRESENTATION('',(#5201),#5205);
#5201 = LINE('',#5202,#5203);
#5202 = CARTESIAN_POINT('',(2.22044604925E-16,1.));
#5203 = VECTOR('',#5204,1.);
#5204 = DIRECTION('',(1.,5.415722071342E-16));
#5205 = ( GEOMETRIC_REPRESENTATION_CONTEXT(2) 
PARAMETRIC_REPRESENTATION_CONTEXT() REPRESENTATION_CONTEXT('2D SPACE',''
  ) );
#5206 = PCURVE('',#5207,#5212);
#5207 = PLANE('',#5208);
#5208 = AXIS2_PLACEMENT_3D('',#5209,#5210,#5211);
#5209 = CARTESIAN_POINT('',(-1.8,-0.84,0.825));
#5210 = DIRECTION('',(0.,0.,1.));
#5211 = DIRECTION('',(-1.,-9.95799250103E-17,0.));
#5212 = DEFINITIONAL_REPRESENTATION('',(#5213),#5217);
#5213 = LINE('',#5214,#5215);
#5214 = CARTESIAN_POINT('',(0.15,1.435));
#5215 = VECTOR('',#5216,1.);
#5216 = DIRECTION('',(1.224646799147E-16,-1.));
#5217 = ( GEOMETRIC_REPRESENTATION_CONTEXT(2) 
PARAMETRIC_REPRESENTATION_CONTEXT() REPRESENTATION_CONTEXT('2D SPACE',''
  ) );
#5218 = ORIENTED_EDGE('',*,*,#5219,.F.);
#5219 = EDGE_CURVE('',#5220,#5192,#5222,.T.);
#5220 = VERTEX_POINT('',#5221);
#5221 = CARTESIAN_POINT('',(-1.95,-1.7,0.825));
#5222 = SURFACE_CURVE('',#5223,(#5227,#5234),.PCURVE_S1.);
#5223 = LINE('',#5224,#5225);
#5224 = CARTESIAN_POINT('',(-1.95,-2.275,0.825));
#5225 = VECTOR('',#5226,1.);
#5226 = DIRECTION('',(-2.22044604925E-16,1.,0.));
#5227 = PCURVE('',#3489,#5228);
#5228 = DEFINITIONAL_REPRESENTATION('',(#5229),#5233);
#5229 = LINE('',#5230,#5231);
#5230 = CARTESIAN_POINT('',(0.,1.));
#5231 = VECTOR('',#5232,1.);
#5232 = DIRECTION('',(1.,0.));
#5233 = ( GEOMETRIC_REPRESENTATION_CONTEXT(2) 
PARAMETRIC_REPRESENTATION_CONTEXT() REPRESENTATION_CONTEXT('2D SPACE',''
  ) );
#5234 = PCURVE('',#5235,#5240);
#5235 = PLANE('',#5236);
#5236 = AXIS2_PLACEMENT_3D('',#5237,#5238,#5239);
#5237 = CARTESIAN_POINT('',(-1.95,-2.275,1.025));
#5238 = DIRECTION('',(1.,2.22044604925E-16,0.));
#5239 = DIRECTION('',(-2.22044604925E-16,1.,0.));
#5240 = DEFINITIONAL_REPRESENTATION('',(#5241),#5245);
#5241 = LINE('',#5242,#5243);
#5242 = CARTESIAN_POINT('',(0.,-0.2));
#5243 = VECTOR('',#5244,1.);
#5244 = DIRECTION('',(1.,0.));
#5245 = ( GEOMETRIC_REPRESENTATION_CONTEXT(2) 
PARAMETRIC_REPRESENTATION_CONTEXT() REPRESENTATION_CONTEXT('2D SPACE',''
  ) );
#5246 = ORIENTED_EDGE('',*,*,#5247,.F.);
#5247 = EDGE_CURVE('',#5248,#5220,#5250,.T.);
#5248 = VERTEX_POINT('',#5249);
#5249 = CARTESIAN_POINT('',(-1.95,-2.11,0.825));
#5250 = SURFACE_CURVE('',#5251,(#5255,#5262),.PCURVE_S1.);
#5251 = LINE('',#5252,#5253);
#5252 = CARTESIAN_POINT('',(-1.95,-2.275,0.825));
#5253 = VECTOR('',#5254,1.);
#5254 = DIRECTION('',(-2.22044604925E-16,1.,0.));
#5255 = PCURVE('',#3489,#5256);
#5256 = DEFINITIONAL_REPRESENTATION('',(#5257),#5261);
#5257 = LINE('',#5258,#5259);
#5258 = CARTESIAN_POINT('',(1.665334536938E-16,1.));
#5259 = VECTOR('',#5260,1.);
#5260 = DIRECTION('',(1.,2.707861035671E-16));
#5261 = ( GEOMETRIC_REPRESENTATION_CONTEXT(2) 
PARAMETRIC_REPRESENTATION_CONTEXT() REPRESENTATION_CONTEXT('2D SPACE',''
  ) );
#5262 = PCURVE('',#5263,#5268);
#5263 = PLANE('',#5264);
#5264 = AXIS2_PLACEMENT_3D('',#5265,#5266,#5267);
#5265 = CARTESIAN_POINT('',(-1.8,-2.11,0.825));
#5266 = DIRECTION('',(0.,0.,1.));
#5267 = DIRECTION('',(-1.,-9.95799250103E-17,0.));
#5268 = DEFINITIONAL_REPRESENTATION('',(#5269),#5273);
#5269 = LINE('',#5270,#5271);
#5270 = CARTESIAN_POINT('',(0.15,0.165));
#5271 = VECTOR('',#5272,1.);
#5272 = DIRECTION('',(1.224646799147E-16,-1.));
#5273 = ( GEOMETRIC_REPRESENTATION_CONTEXT(2) 
PARAMETRIC_REPRESENTATION_CONTEXT() REPRESENTATION_CONTEXT('2D SPACE',''
  ) );
#5274 = ORIENTED_EDGE('',*,*,#5275,.F.);
#5275 = EDGE_CURVE('',#4977,#5248,#5276,.T.);
#5276 = SURFACE_CURVE('',#5277,(#5281,#5288),.PCURVE_S1.);
#5277 = LINE('',#5278,#5279);
#5278 = CARTESIAN_POINT('',(-1.95,-2.275,0.825));
#5279 = VECTOR('',#5280,1.);
#5280 = DIRECTION('',(-2.22044604925E-16,1.,0.));
#5281 = PCURVE('',#3489,#5282);
#5282 = DEFINITIONAL_REPRESENTATION('',(#5283),#5287);
#5283 = LINE('',#5284,#5285);
#5284 = CARTESIAN_POINT('',(-3.364087759472E-16,1.));
#5285 = VECTOR('',#5286,1.);
#5286 = DIRECTION('',(1.,0.));
#5287 = ( GEOMETRIC_REPRESENTATION_CONTEXT(2) 
PARAMETRIC_REPRESENTATION_CONTEXT() REPRESENTATION_CONTEXT('2D SPACE',''
  ) );
#5288 = PCURVE('',#5289,#5294);
#5289 = PLANE('',#5290);
#5290 = AXIS2_PLACEMENT_3D('',#5291,#5292,#5293);
#5291 = CARTESIAN_POINT('',(-1.95,-2.275,1.025));
#5292 = DIRECTION('',(1.,2.22044604925E-16,0.));
#5293 = DIRECTION('',(-2.22044604925E-16,1.,0.));
#5294 = DEFINITIONAL_REPRESENTATION('',(#5295),#5299);
#5295 = LINE('',#5296,#5297);
#5296 = CARTESIAN_POINT('',(0.,-0.2));
#5297 = VECTOR('',#5298,1.);
#5298 = DIRECTION('',(1.,0.));
#5299 = ( GEOMETRIC_REPRESENTATION_CONTEXT(2) 
PARAMETRIC_REPRESENTATION_CONTEXT() REPRESENTATION_CONTEXT('2D SPACE',''
  ) );
#5300 = ORIENTED_EDGE('',*,*,#4976,.F.);
#5301 = ADVANCED_FACE('',(#5302),#3462,.F.);
#5302 = FACE_BOUND('',#5303,.F.);
#5303 = EDGE_LOOP('',(#5304,#5305,#5306,#5332));
#5304 = ORIENTED_EDGE('',*,*,#3444,.T.);
#5305 = ORIENTED_EDGE('',*,*,#4899,.T.);
#5306 = ORIENTED_EDGE('',*,*,#5307,.F.);
#5307 = EDGE_CURVE('',#5030,#4877,#5308,.T.);
#5308 = SURFACE_CURVE('',#5309,(#5313,#5320),.PCURVE_S1.);
#5309 = LINE('',#5310,#5311);
#5310 = CARTESIAN_POINT('',(-1.95,2.275,0.825));
#5311 = VECTOR('',#5312,1.);
#5312 = DIRECTION('',(0.707106781187,0.707106781187,0.));
#5313 = PCURVE('',#3462,#5314);
#5314 = DEFINITIONAL_REPRESENTATION('',(#5315),#5319);
#5315 = LINE('',#5316,#5317);
#5316 = CARTESIAN_POINT('',(-1.061963552289E-16,1.));
#5317 = VECTOR('',#5318,1.);
#5318 = DIRECTION('',(1.,0.));
#5319 = ( GEOMETRIC_REPRESENTATION_CONTEXT(2) 
PARAMETRIC_REPRESENTATION_CONTEXT() REPRESENTATION_CONTEXT('2D SPACE',''
  ) );
#5320 = PCURVE('',#5321,#5326);
#5321 = PLANE('',#5322);
#5322 = AXIS2_PLACEMENT_3D('',#5323,#5324,#5325);
#5323 = CARTESIAN_POINT('',(-1.95,2.275,1.025));
#5324 = DIRECTION('',(0.707106781187,-0.707106781187,0.));
#5325 = DIRECTION('',(0.707106781187,0.707106781187,0.));
#5326 = DEFINITIONAL_REPRESENTATION('',(#5327),#5331);
#5327 = LINE('',#5328,#5329);
#5328 = CARTESIAN_POINT('',(0.,-0.2));
#5329 = VECTOR('',#5330,1.);
#5330 = DIRECTION('',(1.,0.));
#5331 = ( GEOMETRIC_REPRESENTATION_CONTEXT(2) 
PARAMETRIC_REPRESENTATION_CONTEXT() REPRESENTATION_CONTEXT('2D SPACE',''
  ) );
#5332 = ORIENTED_EDGE('',*,*,#5029,.F.);
#5333 = ADVANCED_FACE('',(#5334),#3710,.F.);
#5334 = FACE_BOUND('',#5335,.F.);
#5335 = EDGE_LOOP('',(#5336,#5337,#5357,#5383));
#5336 = ORIENTED_EDGE('',*,*,#3696,.T.);
#5337 = ORIENTED_EDGE('',*,*,#5338,.T.);
#5338 = EDGE_CURVE('',#3675,#5339,#5341,.T.);
#5339 = VERTEX_POINT('',#5340);
#5340 = CARTESIAN_POINT('',(1.775,-2.45,1.025));
#5341 = SURFACE_CURVE('',#5342,(#5345,#5351),.PCURVE_S1.);
#5342 = B_SPLINE_CURVE_WITH_KNOTS('',1,(#5343,#5344),.UNSPECIFIED.,.F.,
  .F.,(2,2),(0.,1.),.PIECEWISE_BEZIER_KNOTS.);
#5343 = CARTESIAN_POINT('',(1.775,-2.45,0.825));
#5344 = CARTESIAN_POINT('',(1.775,-2.45,1.025));
#5345 = PCURVE('',#3710,#5346);
#5346 = DEFINITIONAL_REPRESENTATION('',(#5347),#5350);
#5347 = B_SPLINE_CURVE_WITH_KNOTS('',1,(#5348,#5349),.UNSPECIFIED.,.F.,
  .F.,(2,2),(0.,1.),.PIECEWISE_BEZIER_KNOTS.);
#5348 = CARTESIAN_POINT('',(0.247487373415,-0.2));
#5349 = CARTESIAN_POINT('',(0.247487373415,0.));
#5350 = ( GEOMETRIC_REPRESENTATION_CONTEXT(2) 
PARAMETRIC_REPRESENTATION_CONTEXT() REPRESENTATION_CONTEXT('2D SPACE',''
  ) );
#5351 = PCURVE('',#4959,#5352);
#5352 = DEFINITIONAL_REPRESENTATION('',(#5353),#5356);
#5353 = B_SPLINE_CURVE_WITH_KNOTS('',1,(#5354,#5355),.UNSPECIFIED.,.F.,
  .F.,(2,2),(0.,1.),.PIECEWISE_BEZIER_KNOTS.);
#5354 = CARTESIAN_POINT('',(0.,-0.2));
#5355 = CARTESIAN_POINT('',(0.,0.));
#5356 = ( GEOMETRIC_REPRESENTATION_CONTEXT(2) 
PARAMETRIC_REPRESENTATION_CONTEXT() REPRESENTATION_CONTEXT('2D SPACE',''
  ) );
#5357 = ORIENTED_EDGE('',*,*,#5358,.F.);
#5358 = EDGE_CURVE('',#3756,#5339,#5359,.T.);
#5359 = SURFACE_CURVE('',#5360,(#5364,#5371),.PCURVE_S1.);
#5360 = LINE('',#5361,#5362);
#5361 = CARTESIAN_POINT('',(1.95,-2.275,1.025));
#5362 = VECTOR('',#5363,1.);
#5363 = DIRECTION('',(-0.707106781187,-0.707106781187,0.));
#5364 = PCURVE('',#3710,#5365);
#5365 = DEFINITIONAL_REPRESENTATION('',(#5366),#5370);
#5366 = LINE('',#5367,#5368);
#5367 = CARTESIAN_POINT('',(0.,0.));
#5368 = VECTOR('',#5369,1.);
#5369 = DIRECTION('',(1.,0.));
#5370 = ( GEOMETRIC_REPRESENTATION_CONTEXT(2) 
PARAMETRIC_REPRESENTATION_CONTEXT() REPRESENTATION_CONTEXT('2D SPACE',''
  ) );
#5371 = PCURVE('',#5372,#5377);
#5372 = B_SPLINE_SURFACE_WITH_KNOTS('',1,1,(
    (#5373,#5374)
    ,(#5375,#5376
    )),.UNSPECIFIED.,.F.,.F.,.F.,(2,2),(2,2),(0.,0.247487373415),(0.,1.)
  ,.PIECEWISE_BEZIER_KNOTS.);
#5373 = CARTESIAN_POINT('',(1.95,-2.275,1.025));
#5374 = CARTESIAN_POINT('',(1.875,-2.2375,1.025));
#5375 = CARTESIAN_POINT('',(1.775,-2.45,1.025));
#5376 = CARTESIAN_POINT('',(1.7375,-2.375,1.025));
#5377 = DEFINITIONAL_REPRESENTATION('',(#5378),#5382);
#5378 = LINE('',#5379,#5380);
#5379 = CARTESIAN_POINT('',(2.508731586994E-16,-4.08400163074E-15));
#5380 = VECTOR('',#5381,1.);
#5381 = DIRECTION('',(1.,7.990563855149E-15));
#5382 = ( GEOMETRIC_REPRESENTATION_CONTEXT(2) 
PARAMETRIC_REPRESENTATION_CONTEXT() REPRESENTATION_CONTEXT('2D SPACE',''
  ) );
#5383 = ORIENTED_EDGE('',*,*,#3755,.F.);
#5384 = ADVANCED_FACE('',(#5385),#3742,.T.);
#5385 = FACE_BOUND('',#5386,.T.);
#5386 = EDGE_LOOP('',(#5387,#5388,#5389,#5417,#5445,#5474,#5502,#5530,
    #5558,#5591,#5619,#5648));
#5387 = ORIENTED_EDGE('',*,*,#3726,.F.);
#5388 = ORIENTED_EDGE('',*,*,#3833,.T.);
#5389 = ORIENTED_EDGE('',*,*,#5390,.T.);
#5390 = EDGE_CURVE('',#3834,#5391,#5393,.T.);
#5391 = VERTEX_POINT('',#5392);
#5392 = CARTESIAN_POINT('',(2.35,-2.11,0.725));
#5393 = SURFACE_CURVE('',#5394,(#5399,#5410),.PCURVE_S1.);
#5394 = CIRCLE('',#5395,0.1);
#5395 = AXIS2_PLACEMENT_3D('',#5396,#5397,#5398);
#5396 = CARTESIAN_POINT('',(2.25,-2.11,0.725));
#5397 = DIRECTION('',(-2.22044604925E-16,1.,0.));
#5398 = DIRECTION('',(4.440892098501E-15,9.860761315262E-31,1.));
#5399 = PCURVE('',#3742,#5400);
#5400 = DEFINITIONAL_REPRESENTATION('',(#5401),#5409);
#5401 = ( BOUNDED_CURVE() B_SPLINE_CURVE(2,(#5402,#5403,#5404,#5405,
#5406,#5407,#5408),.UNSPECIFIED.,.T.,.F.) B_SPLINE_CURVE_WITH_KNOTS((1,2
    ,2,2,2,1),(-2.094395102393,0.,2.094395102393,4.188790204786,
6.28318530718,8.377580409573),.UNSPECIFIED.) CURVE() 
GEOMETRIC_REPRESENTATION_ITEM() RATIONAL_B_SPLINE_CURVE((1.,0.5,1.,0.5,
1.,0.5,1.)) REPRESENTATION_ITEM('') );
#5402 = CARTESIAN_POINT('',(0.292340342435,0.16578967201));
#5403 = CARTESIAN_POINT('',(0.292340342435,-7.415408746888E-03));
#5404 = CARTESIAN_POINT('',(0.142340342435,7.918713163156E-02));
#5405 = CARTESIAN_POINT('',(-7.659657565E-03,0.16578967201));
#5406 = CARTESIAN_POINT('',(0.142340342435,0.252392212388));
#5407 = CARTESIAN_POINT('',(0.292340342435,0.338994752767));
#5408 = CARTESIAN_POINT('',(0.292340342435,0.16578967201));
#5409 = ( GEOMETRIC_REPRESENTATION_CONTEXT(2) 
PARAMETRIC_REPRESENTATION_CONTEXT() REPRESENTATION_CONTEXT('2D SPACE',''
  ) );
#5410 = PCURVE('',#3870,#5411);
#5411 = DEFINITIONAL_REPRESENTATION('',(#5412),#5416);
#5412 = LINE('',#5413,#5414);
#5413 = CARTESIAN_POINT('',(0.,-0.41));
#5414 = VECTOR('',#5415,1.);
#5415 = DIRECTION('',(1.,0.));
#5416 = ( GEOMETRIC_REPRESENTATION_CONTEXT(2) 
PARAMETRIC_REPRESENTATION_CONTEXT() REPRESENTATION_CONTEXT('2D SPACE',''
  ) );
#5417 = ORIENTED_EDGE('',*,*,#5418,.T.);
#5418 = EDGE_CURVE('',#5391,#5419,#5421,.T.);
#5419 = VERTEX_POINT('',#5420);
#5420 = CARTESIAN_POINT('',(2.35,-2.11,0.3));
#5421 = SURFACE_CURVE('',#5422,(#5426,#5433),.PCURVE_S1.);
#5422 = LINE('',#5423,#5424);
#5423 = CARTESIAN_POINT('',(2.35,-2.11,0.725));
#5424 = VECTOR('',#5425,1.);
#5425 = DIRECTION('',(1.044915787883E-15,2.320179133003E-31,-1.));
#5426 = PCURVE('',#3742,#5427);
#5427 = DEFINITIONAL_REPRESENTATION('',(#5428),#5432);
#5428 = LINE('',#5429,#5430);
#5429 = CARTESIAN_POINT('',(0.192340342435,6.578967201E-02));
#5430 = VECTOR('',#5431,1.);
#5431 = DIRECTION('',(-1.,-1.044915787883E-15));
#5432 = ( GEOMETRIC_REPRESENTATION_CONTEXT(2) 
PARAMETRIC_REPRESENTATION_CONTEXT() REPRESENTATION_CONTEXT('2D SPACE',''
  ) );
#5433 = PCURVE('',#5434,#5439);
#5434 = PLANE('',#5435);
#5435 = AXIS2_PLACEMENT_3D('',#5436,#5437,#5438);
#5436 = CARTESIAN_POINT('',(2.35,-1.7,0.725));
#5437 = DIRECTION('',(1.,2.22044604925E-16,1.044915787883E-15));
#5438 = DIRECTION('',(1.044915787883E-15,2.320179133003E-31,-1.));
#5439 = DEFINITIONAL_REPRESENTATION('',(#5440),#5444);
#5440 = LINE('',#5441,#5442);
#5441 = CARTESIAN_POINT('',(-9.512734445312E-32,-0.41));
#5442 = VECTOR('',#5443,1.);
#5443 = DIRECTION('',(1.,0.));
#5444 = ( GEOMETRIC_REPRESENTATION_CONTEXT(2) 
PARAMETRIC_REPRESENTATION_CONTEXT() REPRESENTATION_CONTEXT('2D SPACE',''
  ) );
#5445 = ORIENTED_EDGE('',*,*,#5446,.T.);
#5446 = EDGE_CURVE('',#5419,#5447,#5449,.T.);
#5447 = VERTEX_POINT('',#5448);
#5448 = CARTESIAN_POINT('',(2.65,-2.11,5.551115123126E-17));
#5449 = SURFACE_CURVE('',#5450,(#5455,#5462),.PCURVE_S1.);
#5450 = CIRCLE('',#5451,0.3);
#5451 = AXIS2_PLACEMENT_3D('',#5452,#5453,#5454);
#5452 = CARTESIAN_POINT('',(2.65,-2.11,0.3));
#5453 = DIRECTION('',(2.22044604925E-16,-1.,0.));
#5454 = DIRECTION('',(-1.,-2.22044604925E-16,3.515706244646E-15));
#5455 = PCURVE('',#3742,#5456);
#5456 = DEFINITIONAL_REPRESENTATION('',(#5457),#5461);
#5457 = CIRCLE('',#5458,0.3);
#5458 = AXIS2_PLACEMENT_2D('',#5459,#5460);
#5459 = CARTESIAN_POINT('',(-0.232659657565,-0.23421032799));
#5460 = DIRECTION('',(3.515706244646E-15,1.));
#5461 = ( GEOMETRIC_REPRESENTATION_CONTEXT(2) 
PARAMETRIC_REPRESENTATION_CONTEXT() REPRESENTATION_CONTEXT('2D SPACE',''
  ) );
#5462 = PCURVE('',#5463,#5468);
#5463 = CYLINDRICAL_SURFACE('',#5464,0.3);
#5464 = AXIS2_PLACEMENT_3D('',#5465,#5466,#5467);
#5465 = CARTESIAN_POINT('',(2.65,-1.7,0.3));
#5466 = DIRECTION('',(-2.22044604925E-16,1.,-0.));
#5467 = DIRECTION('',(-1.,-2.22044604925E-16,3.515706244646E-15));
#5468 = DEFINITIONAL_REPRESENTATION('',(#5469),#5473);
#5469 = LINE('',#5470,#5471);
#5470 = CARTESIAN_POINT('',(6.28318530718,-0.41));
#5471 = VECTOR('',#5472,1.);
#5472 = DIRECTION('',(-1.,0.));
#5473 = ( GEOMETRIC_REPRESENTATION_CONTEXT(2) 
PARAMETRIC_REPRESENTATION_CONTEXT() REPRESENTATION_CONTEXT('2D SPACE',''
  ) );
#5474 = ORIENTED_EDGE('',*,*,#5475,.T.);
#5475 = EDGE_CURVE('',#5447,#5476,#5478,.T.);
#5476 = VERTEX_POINT('',#5477);
#5477 = CARTESIAN_POINT('',(3.,-2.11,5.551115123126E-17));
#5478 = SURFACE_CURVE('',#5479,(#5483,#5490),.PCURVE_S1.);
#5479 = LINE('',#5480,#5481);
#5480 = CARTESIAN_POINT('',(2.65,-2.11,5.551115123126E-17));
#5481 = VECTOR('',#5482,1.);
#5482 = DIRECTION('',(1.,2.22044604925E-16,0.));
#5483 = PCURVE('',#3742,#5484);
#5484 = DEFINITIONAL_REPRESENTATION('',(#5485),#5489);
#5485 = LINE('',#5486,#5487);
#5486 = CARTESIAN_POINT('',(-0.532659657565,-0.23421032799));
#5487 = VECTOR('',#5488,1.);
#5488 = DIRECTION('',(0.,-1.));
#5489 = ( GEOMETRIC_REPRESENTATION_CONTEXT(2) 
PARAMETRIC_REPRESENTATION_CONTEXT() REPRESENTATION_CONTEXT('2D SPACE',''
  ) );
#5490 = PCURVE('',#5491,#5496);
#5491 = PLANE('',#5492);
#5492 = AXIS2_PLACEMENT_3D('',#5493,#5494,#5495);
#5493 = CARTESIAN_POINT('',(2.65,-1.7,5.551115123126E-17));
#5494 = DIRECTION('',(0.,0.,1.));
#5495 = DIRECTION('',(1.,2.22044604925E-16,-0.));
#5496 = DEFINITIONAL_REPRESENTATION('',(#5497),#5501);
#5497 = LINE('',#5498,#5499);
#5498 = CARTESIAN_POINT('',(-9.103828801925E-17,-0.41));
#5499 = VECTOR('',#5500,1.);
#5500 = DIRECTION('',(1.,0.));
#5501 = ( GEOMETRIC_REPRESENTATION_CONTEXT(2) 
PARAMETRIC_REPRESENTATION_CONTEXT() REPRESENTATION_CONTEXT('2D SPACE',''
  ) );
#5502 = ORIENTED_EDGE('',*,*,#5503,.T.);
#5503 = EDGE_CURVE('',#5476,#5504,#5506,.T.);
#5504 = VERTEX_POINT('',#5505);
#5505 = CARTESIAN_POINT('',(3.,-2.11,0.2));
#5506 = SURFACE_CURVE('',#5507,(#5511,#5518),.PCURVE_S1.);
#5507 = LINE('',#5508,#5509);
#5508 = CARTESIAN_POINT('',(3.,-2.11,5.551115123126E-17));
#5509 = VECTOR('',#5510,1.);
#5510 = DIRECTION('',(0.,0.,1.));
#5511 = PCURVE('',#3742,#5512);
#5512 = DEFINITIONAL_REPRESENTATION('',(#5513),#5517);
#5513 = LINE('',#5514,#5515);
#5514 = CARTESIAN_POINT('',(-0.532659657565,-0.58421032799));
#5515 = VECTOR('',#5516,1.);
#5516 = DIRECTION('',(1.,0.));
#5517 = ( GEOMETRIC_REPRESENTATION_CONTEXT(2) 
PARAMETRIC_REPRESENTATION_CONTEXT() REPRESENTATION_CONTEXT('2D SPACE',''
  ) );
#5518 = PCURVE('',#5519,#5524);
#5519 = PLANE('',#5520);
#5520 = AXIS2_PLACEMENT_3D('',#5521,#5522,#5523);
#5521 = CARTESIAN_POINT('',(3.,-1.7,5.551115123126E-17));
#5522 = DIRECTION('',(-1.,-2.22044604925E-16,0.));
#5523 = DIRECTION('',(0.,0.,1.));
#5524 = DEFINITIONAL_REPRESENTATION('',(#5525),#5529);
#5525 = LINE('',#5526,#5527);
#5526 = CARTESIAN_POINT('',(0.,-0.41));
#5527 = VECTOR('',#5528,1.);
#5528 = DIRECTION('',(1.,0.));
#5529 = ( GEOMETRIC_REPRESENTATION_CONTEXT(2) 
PARAMETRIC_REPRESENTATION_CONTEXT() REPRESENTATION_CONTEXT('2D SPACE',''
  ) );
#5530 = ORIENTED_EDGE('',*,*,#5531,.T.);
#5531 = EDGE_CURVE('',#5504,#5532,#5534,.T.);
#5532 = VERTEX_POINT('',#5533);
#5533 = CARTESIAN_POINT('',(2.65,-2.11,0.2));
#5534 = SURFACE_CURVE('',#5535,(#5539,#5546),.PCURVE_S1.);
#5535 = LINE('',#5536,#5537);
#5536 = CARTESIAN_POINT('',(3.,-2.11,0.2));
#5537 = VECTOR('',#5538,1.);
#5538 = DIRECTION('',(-1.,-2.22044604925E-16,0.));
#5539 = PCURVE('',#3742,#5540);
#5540 = DEFINITIONAL_REPRESENTATION('',(#5541),#5545);
#5541 = LINE('',#5542,#5543);
#5542 = CARTESIAN_POINT('',(-0.332659657565,-0.58421032799));
#5543 = VECTOR('',#5544,1.);
#5544 = DIRECTION('',(0.,1.));
#5545 = ( GEOMETRIC_REPRESENTATION_CONTEXT(2) 
PARAMETRIC_REPRESENTATION_CONTEXT() REPRESENTATION_CONTEXT('2D SPACE',''
  ) );
#5546 = PCURVE('',#5547,#5552);
#5547 = PLANE('',#5548);
#5548 = AXIS2_PLACEMENT_3D('',#5549,#5550,#5551);
#5549 = CARTESIAN_POINT('',(3.,-1.7,0.2));
#5550 = DIRECTION('',(0.,0.,-1.));
#5551 = DIRECTION('',(-1.,-2.22044604925E-16,-0.));
#5552 = DEFINITIONAL_REPRESENTATION('',(#5553),#5557);
#5553 = LINE('',#5554,#5555);
#5554 = CARTESIAN_POINT('',(9.103828801925E-17,-0.41));
#5555 = VECTOR('',#5556,1.);
#5556 = DIRECTION('',(1.,0.));
#5557 = ( GEOMETRIC_REPRESENTATION_CONTEXT(2) 
PARAMETRIC_REPRESENTATION_CONTEXT() REPRESENTATION_CONTEXT('2D SPACE',''
  ) );
#5558 = ORIENTED_EDGE('',*,*,#5559,.T.);
#5559 = EDGE_CURVE('',#5532,#5560,#5562,.T.);
#5560 = VERTEX_POINT('',#5561);
#5561 = CARTESIAN_POINT('',(2.55,-2.11,0.3));
#5562 = SURFACE_CURVE('',#5563,(#5568,#5579),.PCURVE_S1.);
#5563 = CIRCLE('',#5564,0.1);
#5564 = AXIS2_PLACEMENT_3D('',#5565,#5566,#5567);
#5565 = CARTESIAN_POINT('',(2.65,-2.11,0.3));
#5566 = DIRECTION('',(-2.22044604925E-16,1.,0.));
#5567 = DIRECTION('',(0.,0.,-1.));
#5568 = PCURVE('',#3742,#5569);
#5569 = DEFINITIONAL_REPRESENTATION('',(#5570),#5578);
#5570 = ( BOUNDED_CURVE() B_SPLINE_CURVE(2,(#5571,#5572,#5573,#5574,
#5575,#5576,#5577),.UNSPECIFIED.,.T.,.F.) B_SPLINE_CURVE_WITH_KNOTS((1,2
    ,2,2,2,1),(-2.094395102393,0.,2.094395102393,4.188790204786,
6.28318530718,8.377580409573),.UNSPECIFIED.) CURVE() 
GEOMETRIC_REPRESENTATION_ITEM() RATIONAL_B_SPLINE_CURVE((1.,0.5,1.,0.5,
1.,0.5,1.)) REPRESENTATION_ITEM('') );
#5571 = CARTESIAN_POINT('',(-0.332659657565,-0.23421032799));
#5572 = CARTESIAN_POINT('',(-0.332659657565,-6.100524723311E-02));
#5573 = CARTESIAN_POINT('',(-0.182659657565,-0.147607787612));
#5574 = CARTESIAN_POINT('',(-3.2659657565E-02,-0.23421032799));
#5575 = CARTESIAN_POINT('',(-0.182659657565,-0.320812868368));
#5576 = CARTESIAN_POINT('',(-0.332659657565,-0.407415408747));
#5577 = CARTESIAN_POINT('',(-0.332659657565,-0.23421032799));
#5578 = ( GEOMETRIC_REPRESENTATION_CONTEXT(2) 
PARAMETRIC_REPRESENTATION_CONTEXT() REPRESENTATION_CONTEXT('2D SPACE',''
  ) );
#5579 = PCURVE('',#5580,#5585);
#5580 = CYLINDRICAL_SURFACE('',#5581,0.1);
#5581 = AXIS2_PLACEMENT_3D('',#5582,#5583,#5584);
#5582 = CARTESIAN_POINT('',(2.65,-1.7,0.3));
#5583 = DIRECTION('',(-2.22044604925E-16,1.,0.));
#5584 = DIRECTION('',(0.,0.,-1.));
#5585 = DEFINITIONAL_REPRESENTATION('',(#5586),#5590);
#5586 = LINE('',#5587,#5588);
#5587 = CARTESIAN_POINT('',(0.,-0.41));
#5588 = VECTOR('',#5589,1.);
#5589 = DIRECTION('',(1.,0.));
#5590 = ( GEOMETRIC_REPRESENTATION_CONTEXT(2) 
PARAMETRIC_REPRESENTATION_CONTEXT() REPRESENTATION_CONTEXT('2D SPACE',''
  ) );
#5591 = ORIENTED_EDGE('',*,*,#5592,.T.);
#5592 = EDGE_CURVE('',#5560,#5593,#5595,.T.);
#5593 = VERTEX_POINT('',#5594);
#5594 = CARTESIAN_POINT('',(2.55,-2.11,0.725));
#5595 = SURFACE_CURVE('',#5596,(#5600,#5607),.PCURVE_S1.);
#5596 = LINE('',#5597,#5598);
#5597 = CARTESIAN_POINT('',(2.55,-2.11,0.3));
#5598 = VECTOR('',#5599,1.);
#5599 = DIRECTION('',(0.,0.,1.));
#5600 = PCURVE('',#3742,#5601);
#5601 = DEFINITIONAL_REPRESENTATION('',(#5602),#5606);
#5602 = LINE('',#5603,#5604);
#5603 = CARTESIAN_POINT('',(-0.232659657565,-0.13421032799));
#5604 = VECTOR('',#5605,1.);
#5605 = DIRECTION('',(1.,0.));
#5606 = ( GEOMETRIC_REPRESENTATION_CONTEXT(2) 
PARAMETRIC_REPRESENTATION_CONTEXT() REPRESENTATION_CONTEXT('2D SPACE',''
  ) );
#5607 = PCURVE('',#5608,#5613);
#5608 = PLANE('',#5609);
#5609 = AXIS2_PLACEMENT_3D('',#5610,#5611,#5612);
#5610 = CARTESIAN_POINT('',(2.55,-1.7,0.3));
#5611 = DIRECTION('',(-1.,-2.22044604925E-16,0.));
#5612 = DIRECTION('',(0.,0.,1.));
#5613 = DEFINITIONAL_REPRESENTATION('',(#5614),#5618);
#5614 = LINE('',#5615,#5616);
#5615 = CARTESIAN_POINT('',(0.,-0.41));
#5616 = VECTOR('',#5617,1.);
#5617 = DIRECTION('',(1.,0.));
#5618 = ( GEOMETRIC_REPRESENTATION_CONTEXT(2) 
PARAMETRIC_REPRESENTATION_CONTEXT() REPRESENTATION_CONTEXT('2D SPACE',''
  ) );
#5619 = ORIENTED_EDGE('',*,*,#5620,.T.);
#5620 = EDGE_CURVE('',#5593,#5621,#5623,.T.);
#5621 = VERTEX_POINT('',#5622);
#5622 = CARTESIAN_POINT('',(2.25,-2.11,1.025));
#5623 = SURFACE_CURVE('',#5624,(#5629,#5636),.PCURVE_S1.);
#5624 = CIRCLE('',#5625,0.3);
#5625 = AXIS2_PLACEMENT_3D('',#5626,#5627,#5628);
#5626 = CARTESIAN_POINT('',(2.25,-2.11,0.725));
#5627 = DIRECTION('',(2.22044604925E-16,-1.,0.));
#5628 = DIRECTION('',(1.,2.22044604925E-16,3.700743415417E-16));
#5629 = PCURVE('',#3742,#5630);
#5630 = DEFINITIONAL_REPRESENTATION('',(#5631),#5635);
#5631 = CIRCLE('',#5632,0.3);
#5632 = AXIS2_PLACEMENT_2D('',#5633,#5634);
#5633 = CARTESIAN_POINT('',(0.192340342435,0.16578967201));
#5634 = DIRECTION('',(3.700743415417E-16,-1.));
#5635 = ( GEOMETRIC_REPRESENTATION_CONTEXT(2) 
PARAMETRIC_REPRESENTATION_CONTEXT() REPRESENTATION_CONTEXT('2D SPACE',''
  ) );
#5636 = PCURVE('',#5637,#5642);
#5637 = CYLINDRICAL_SURFACE('',#5638,0.3);
#5638 = AXIS2_PLACEMENT_3D('',#5639,#5640,#5641);
#5639 = CARTESIAN_POINT('',(2.25,-1.7,0.725));
#5640 = DIRECTION('',(-2.22044604925E-16,1.,-0.));
#5641 = DIRECTION('',(1.,2.22044604925E-16,3.700743415417E-16));
#5642 = DEFINITIONAL_REPRESENTATION('',(#5643),#5647);
#5643 = LINE('',#5644,#5645);
#5644 = CARTESIAN_POINT('',(6.28318530718,-0.41));
#5645 = VECTOR('',#5646,1.);
#5646 = DIRECTION('',(-1.,0.));
#5647 = ( GEOMETRIC_REPRESENTATION_CONTEXT(2) 
PARAMETRIC_REPRESENTATION_CONTEXT() REPRESENTATION_CONTEXT('2D SPACE',''
  ) );
#5648 = ORIENTED_EDGE('',*,*,#5649,.T.);
#5649 = EDGE_CURVE('',#5621,#3727,#5650,.T.);
#5650 = SURFACE_CURVE('',#5651,(#5655,#5662),.PCURVE_S1.);
#5651 = LINE('',#5652,#5653);
#5652 = CARTESIAN_POINT('',(2.25,-2.11,1.025));
#5653 = VECTOR('',#5654,1.);
#5654 = DIRECTION('',(-1.,-2.22044604925E-16,0.));
#5655 = PCURVE('',#3742,#5656);
#5656 = DEFINITIONAL_REPRESENTATION('',(#5657),#5661);
#5657 = LINE('',#5658,#5659);
#5658 = CARTESIAN_POINT('',(0.492340342435,0.16578967201));
#5659 = VECTOR('',#5660,1.);
#5660 = DIRECTION('',(0.,1.));
#5661 = ( GEOMETRIC_REPRESENTATION_CONTEXT(2) 
PARAMETRIC_REPRESENTATION_CONTEXT() REPRESENTATION_CONTEXT('2D SPACE',''
  ) );
#5662 = PCURVE('',#4447,#5663);
#5663 = DEFINITIONAL_REPRESENTATION('',(#5664),#5668);
#5664 = LINE('',#5665,#5666);
#5665 = CARTESIAN_POINT('',(9.103828801925E-17,-0.41));
#5666 = VECTOR('',#5667,1.);
#5667 = DIRECTION('',(1.,0.));
#5668 = ( GEOMETRIC_REPRESENTATION_CONTEXT(2) 
PARAMETRIC_REPRESENTATION_CONTEXT() REPRESENTATION_CONTEXT('2D SPACE',''
  ) );
#5669 = ADVANCED_FACE('',(#5670),#3789,.F.);
#5670 = FACE_BOUND('',#5671,.F.);
#5671 = EDGE_LOOP('',(#5672,#5715,#5716,#5736));
#5672 = ORIENTED_EDGE('',*,*,#5673,.F.);
#5673 = EDGE_CURVE('',#3727,#4432,#5674,.T.);
#5674 = SURFACE_CURVE('',#5675,(#5679,#5708),.PCURVE_S1.);
#5675 = LINE('',#5676,#5677);
#5676 = CARTESIAN_POINT('',(2.25,-2.11,1.025));
#5677 = VECTOR('',#5678,1.);
#5678 = DIRECTION('',(-1.,-2.22044604925E-16,0.));
#5679 = PCURVE('',#3789,#5680);
#5680 = DEFINITIONAL_REPRESENTATION('',(#5681),#5707);
#5681 = B_SPLINE_CURVE_WITH_KNOTS('',3,(#5682,#5683,#5684,#5685,#5686,
    #5687,#5688,#5689,#5690,#5691,#5692,#5693,#5694,#5695,#5696,#5697,
    #5698,#5699,#5700,#5701,#5702,#5703,#5704,#5705,#5706),
  .UNSPECIFIED.,.F.,.F.,(4,1,1,1,1,1,1,1,1,1,1,1,1,1,1,1,1,1,1,1,1,1,4),
  (0.3,0.303409090909,0.306818181818,0.310227272727,0.313636363636,
    0.317045454545,0.320454545455,0.323863636364,0.327272727273,
    0.330681818182,0.334090909091,0.3375,0.340909090909,0.344318181818,
    0.347727272727,0.351136363636,0.354545454545,0.357954545455,
    0.361363636364,0.364772727273,0.368181818182,0.371590909091,0.375),
  .QUASI_UNIFORM_KNOTS.);
#5682 = CARTESIAN_POINT('',(4.385,0.));
#5683 = CARTESIAN_POINT('',(4.385526973028,1.515151515152E-02));
#5684 = CARTESIAN_POINT('',(4.38658170875,4.545454545455E-02));
#5685 = CARTESIAN_POINT('',(4.388166186677,9.090909090909E-02));
#5686 = CARTESIAN_POINT('',(4.389753044293,0.136363636364));
#5687 = CARTESIAN_POINT('',(4.391342286965,0.181818181818));
#5688 = CARTESIAN_POINT('',(4.392933920073,0.227272727273));
#5689 = CARTESIAN_POINT('',(4.394527949014,0.272727272727));
#5690 = CARTESIAN_POINT('',(4.396124379203,0.318181818182));
#5691 = CARTESIAN_POINT('',(4.39772321607,0.363636363636));
#5692 = CARTESIAN_POINT('',(4.39932446506,0.409090909091));
#5693 = CARTESIAN_POINT('',(4.400928131636,0.454545454545));
#5694 = CARTESIAN_POINT('',(4.402534221279,0.5));
#5695 = CARTESIAN_POINT('',(4.404142739482,0.545454545455));
#5696 = CARTESIAN_POINT('',(4.40575369176,0.590909090909));
#5697 = CARTESIAN_POINT('',(4.407367083641,0.636363636364));
#5698 = CARTESIAN_POINT('',(4.408982920672,0.681818181818));
#5699 = CARTESIAN_POINT('',(4.410601208414,0.727272727273));
#5700 = CARTESIAN_POINT('',(4.412221952448,0.772727272727));
#5701 = CARTESIAN_POINT('',(4.41384515837,0.818181818182));
#5702 = CARTESIAN_POINT('',(4.415470831794,0.863636363636));
#5703 = CARTESIAN_POINT('',(4.417098978351,0.909090909091));
#5704 = CARTESIAN_POINT('',(4.418729603687,0.954545454545));
#5705 = CARTESIAN_POINT('',(4.419818343544,0.984848484848));
#5706 = CARTESIAN_POINT('',(4.420363128492,1.));
#5707 = ( GEOMETRIC_REPRESENTATION_CONTEXT(2) 
PARAMETRIC_REPRESENTATION_CONTEXT() REPRESENTATION_CONTEXT('2D SPACE',''
  ) );
#5708 = PCURVE('',#4447,#5709);
#5709 = DEFINITIONAL_REPRESENTATION('',(#5710),#5714);
#5710 = LINE('',#5711,#5712);
#5711 = CARTESIAN_POINT('',(9.103828801925E-17,-0.41));
#5712 = VECTOR('',#5713,1.);
#5713 = DIRECTION('',(1.,0.));
#5714 = ( GEOMETRIC_REPRESENTATION_CONTEXT(2) 
PARAMETRIC_REPRESENTATION_CONTEXT() REPRESENTATION_CONTEXT('2D SPACE',''
  ) );
#5715 = ORIENTED_EDGE('',*,*,#3775,.T.);
#5716 = ORIENTED_EDGE('',*,*,#5717,.T.);
#5717 = EDGE_CURVE('',#3756,#4460,#5718,.T.);
#5718 = SURFACE_CURVE('',#5719,(#5722,#5729),.PCURVE_S1.);
#5719 = B_SPLINE_CURVE_WITH_KNOTS('',1,(#5720,#5721),.UNSPECIFIED.,.F.,
  .F.,(2,2),(0.,1.),.PIECEWISE_BEZIER_KNOTS.);
#5720 = CARTESIAN_POINT('',(1.95,-2.275,1.025));
#5721 = CARTESIAN_POINT('',(1.875,-2.2375,1.025));
#5722 = PCURVE('',#3789,#5723);
#5723 = DEFINITIONAL_REPRESENTATION('',(#5724),#5728);
#5724 = LINE('',#5725,#5726);
#5725 = CARTESIAN_POINT('',(4.55,6.640843479731E-16));
#5726 = VECTOR('',#5727,1.);
#5727 = DIRECTION('',(-8.881784197001E-16,1.));
#5728 = ( GEOMETRIC_REPRESENTATION_CONTEXT(2) 
PARAMETRIC_REPRESENTATION_CONTEXT() REPRESENTATION_CONTEXT('2D SPACE',''
  ) );
#5729 = PCURVE('',#5372,#5730);
#5730 = DEFINITIONAL_REPRESENTATION('',(#5731),#5735);
#5731 = LINE('',#5732,#5733);
#5732 = CARTESIAN_POINT('',(2.508731586994E-16,-4.08400163074E-15));
#5733 = VECTOR('',#5734,1.);
#5734 = DIRECTION('',(2.93758077062E-16,1.));
#5735 = ( GEOMETRIC_REPRESENTATION_CONTEXT(2) 
PARAMETRIC_REPRESENTATION_CONTEXT() REPRESENTATION_CONTEXT('2D SPACE',''
  ) );
#5736 = ORIENTED_EDGE('',*,*,#4459,.F.);
#5737 = ADVANCED_FACE('',(#5738),#3820,.F.);
#5738 = FACE_BOUND('',#5739,.F.);
#5739 = EDGE_LOOP('',(#5740,#5741,#5742,#5770,#5793,#5817,#5840,#5863,
    #5886,#5914,#5937,#5961));
#5740 = ORIENTED_EDGE('',*,*,#3914,.F.);
#5741 = ORIENTED_EDGE('',*,*,#3804,.T.);
#5742 = ORIENTED_EDGE('',*,*,#5743,.T.);
#5743 = EDGE_CURVE('',#3805,#5744,#5746,.T.);
#5744 = VERTEX_POINT('',#5745);
#5745 = CARTESIAN_POINT('',(2.35,-1.7,0.725));
#5746 = SURFACE_CURVE('',#5747,(#5752,#5763),.PCURVE_S1.);
#5747 = CIRCLE('',#5748,0.1);
#5748 = AXIS2_PLACEMENT_3D('',#5749,#5750,#5751);
#5749 = CARTESIAN_POINT('',(2.25,-1.7,0.725));
#5750 = DIRECTION('',(-2.22044604925E-16,1.,0.));
#5751 = DIRECTION('',(4.440892098501E-15,9.860761315262E-31,1.));
#5752 = PCURVE('',#3820,#5753);
#5753 = DEFINITIONAL_REPRESENTATION('',(#5754),#5762);
#5754 = ( BOUNDED_CURVE() B_SPLINE_CURVE(2,(#5755,#5756,#5757,#5758,
#5759,#5760,#5761),.UNSPECIFIED.,.T.,.F.) B_SPLINE_CURVE_WITH_KNOTS((1,2
    ,2,2,2,1),(-2.094395102393,0.,2.094395102393,4.188790204786,
6.28318530718,8.377580409573),.UNSPECIFIED.) CURVE() 
GEOMETRIC_REPRESENTATION_ITEM() RATIONAL_B_SPLINE_CURVE((1.,0.5,1.,0.5,
1.,0.5,1.)) REPRESENTATION_ITEM('') );
#5755 = CARTESIAN_POINT('',(0.292340342435,0.16578967201));
#5756 = CARTESIAN_POINT('',(0.292340342435,-7.415408746888E-03));
#5757 = CARTESIAN_POINT('',(0.142340342435,7.918713163156E-02));
#5758 = CARTESIAN_POINT('',(-7.659657565E-03,0.16578967201));
#5759 = CARTESIAN_POINT('',(0.142340342435,0.252392212388));
#5760 = CARTESIAN_POINT('',(0.292340342435,0.338994752767));
#5761 = CARTESIAN_POINT('',(0.292340342435,0.16578967201));
#5762 = ( GEOMETRIC_REPRESENTATION_CONTEXT(2) 
PARAMETRIC_REPRESENTATION_CONTEXT() REPRESENTATION_CONTEXT('2D SPACE',''
  ) );
#5763 = PCURVE('',#3870,#5764);
#5764 = DEFINITIONAL_REPRESENTATION('',(#5765),#5769);
#5765 = LINE('',#5766,#5767);
#5766 = CARTESIAN_POINT('',(0.,0.));
#5767 = VECTOR('',#5768,1.);
#5768 = DIRECTION('',(1.,0.));
#5769 = ( GEOMETRIC_REPRESENTATION_CONTEXT(2) 
PARAMETRIC_REPRESENTATION_CONTEXT() REPRESENTATION_CONTEXT('2D SPACE',''
  ) );
#5770 = ORIENTED_EDGE('',*,*,#5771,.T.);
#5771 = EDGE_CURVE('',#5744,#5772,#5774,.T.);
#5772 = VERTEX_POINT('',#5773);
#5773 = CARTESIAN_POINT('',(2.35,-1.7,0.3));
#5774 = SURFACE_CURVE('',#5775,(#5779,#5786),.PCURVE_S1.);
#5775 = LINE('',#5776,#5777);
#5776 = CARTESIAN_POINT('',(2.35,-1.7,0.725));
#5777 = VECTOR('',#5778,1.);
#5778 = DIRECTION('',(1.044915787883E-15,2.320179133003E-31,-1.));
#5779 = PCURVE('',#3820,#5780);
#5780 = DEFINITIONAL_REPRESENTATION('',(#5781),#5785);
#5781 = LINE('',#5782,#5783);
#5782 = CARTESIAN_POINT('',(0.192340342435,6.578967201E-02));
#5783 = VECTOR('',#5784,1.);
#5784 = DIRECTION('',(-1.,-1.044915787883E-15));
#5785 = ( GEOMETRIC_REPRESENTATION_CONTEXT(2) 
PARAMETRIC_REPRESENTATION_CONTEXT() REPRESENTATION_CONTEXT('2D SPACE',''
  ) );
#5786 = PCURVE('',#5434,#5787);
#5787 = DEFINITIONAL_REPRESENTATION('',(#5788),#5792);
#5788 = LINE('',#5789,#5790);
#5789 = CARTESIAN_POINT('',(0.,0.));
#5790 = VECTOR('',#5791,1.);
#5791 = DIRECTION('',(1.,0.));
#5792 = ( GEOMETRIC_REPRESENTATION_CONTEXT(2) 
PARAMETRIC_REPRESENTATION_CONTEXT() REPRESENTATION_CONTEXT('2D SPACE',''
  ) );
#5793 = ORIENTED_EDGE('',*,*,#5794,.T.);
#5794 = EDGE_CURVE('',#5772,#5795,#5797,.T.);
#5795 = VERTEX_POINT('',#5796);
#5796 = CARTESIAN_POINT('',(2.65,-1.7,5.551115123126E-17));
#5797 = SURFACE_CURVE('',#5798,(#5803,#5810),.PCURVE_S1.);
#5798 = CIRCLE('',#5799,0.3);
#5799 = AXIS2_PLACEMENT_3D('',#5800,#5801,#5802);
#5800 = CARTESIAN_POINT('',(2.65,-1.7,0.3));
#5801 = DIRECTION('',(2.22044604925E-16,-1.,0.));
#5802 = DIRECTION('',(-1.,-2.22044604925E-16,3.515706244646E-15));
#5803 = PCURVE('',#3820,#5804);
#5804 = DEFINITIONAL_REPRESENTATION('',(#5805),#5809);
#5805 = CIRCLE('',#5806,0.3);
#5806 = AXIS2_PLACEMENT_2D('',#5807,#5808);
#5807 = CARTESIAN_POINT('',(-0.232659657565,-0.23421032799));
#5808 = DIRECTION('',(3.515706244646E-15,1.));
#5809 = ( GEOMETRIC_REPRESENTATION_CONTEXT(2) 
PARAMETRIC_REPRESENTATION_CONTEXT() REPRESENTATION_CONTEXT('2D SPACE',''
  ) );
#5810 = PCURVE('',#5463,#5811);
#5811 = DEFINITIONAL_REPRESENTATION('',(#5812),#5816);
#5812 = LINE('',#5813,#5814);
#5813 = CARTESIAN_POINT('',(6.28318530718,2.22044604925E-16));
#5814 = VECTOR('',#5815,1.);
#5815 = DIRECTION('',(-1.,-1.413579858428E-16));
#5816 = ( GEOMETRIC_REPRESENTATION_CONTEXT(2) 
PARAMETRIC_REPRESENTATION_CONTEXT() REPRESENTATION_CONTEXT('2D SPACE',''
  ) );
#5817 = ORIENTED_EDGE('',*,*,#5818,.T.);
#5818 = EDGE_CURVE('',#5795,#5819,#5821,.T.);
#5819 = VERTEX_POINT('',#5820);
#5820 = CARTESIAN_POINT('',(3.,-1.7,5.551115123126E-17));
#5821 = SURFACE_CURVE('',#5822,(#5826,#5833),.PCURVE_S1.);
#5822 = LINE('',#5823,#5824);
#5823 = CARTESIAN_POINT('',(2.65,-1.7,5.551115123126E-17));
#5824 = VECTOR('',#5825,1.);
#5825 = DIRECTION('',(1.,2.22044604925E-16,0.));
#5826 = PCURVE('',#3820,#5827);
#5827 = DEFINITIONAL_REPRESENTATION('',(#5828),#5832);
#5828 = LINE('',#5829,#5830);
#5829 = CARTESIAN_POINT('',(-0.532659657565,-0.23421032799));
#5830 = VECTOR('',#5831,1.);
#5831 = DIRECTION('',(0.,-1.));
#5832 = ( GEOMETRIC_REPRESENTATION_CONTEXT(2) 
PARAMETRIC_REPRESENTATION_CONTEXT() REPRESENTATION_CONTEXT('2D SPACE',''
  ) );
#5833 = PCURVE('',#5491,#5834);
#5834 = DEFINITIONAL_REPRESENTATION('',(#5835),#5839);
#5835 = LINE('',#5836,#5837);
#5836 = CARTESIAN_POINT('',(0.,0.));
#5837 = VECTOR('',#5838,1.);
#5838 = DIRECTION('',(1.,0.));
#5839 = ( GEOMETRIC_REPRESENTATION_CONTEXT(2) 
PARAMETRIC_REPRESENTATION_CONTEXT() REPRESENTATION_CONTEXT('2D SPACE',''
  ) );
#5840 = ORIENTED_EDGE('',*,*,#5841,.T.);
#5841 = EDGE_CURVE('',#5819,#5842,#5844,.T.);
#5842 = VERTEX_POINT('',#5843);
#5843 = CARTESIAN_POINT('',(3.,-1.7,0.2));
#5844 = SURFACE_CURVE('',#5845,(#5849,#5856),.PCURVE_S1.);
#5845 = LINE('',#5846,#5847);
#5846 = CARTESIAN_POINT('',(3.,-1.7,5.551115123126E-17));
#5847 = VECTOR('',#5848,1.);
#5848 = DIRECTION('',(0.,0.,1.));
#5849 = PCURVE('',#3820,#5850);
#5850 = DEFINITIONAL_REPRESENTATION('',(#5851),#5855);
#5851 = LINE('',#5852,#5853);
#5852 = CARTESIAN_POINT('',(-0.532659657565,-0.58421032799));
#5853 = VECTOR('',#5854,1.);
#5854 = DIRECTION('',(1.,0.));
#5855 = ( GEOMETRIC_REPRESENTATION_CONTEXT(2) 
PARAMETRIC_REPRESENTATION_CONTEXT() REPRESENTATION_CONTEXT('2D SPACE',''
  ) );
#5856 = PCURVE('',#5519,#5857);
#5857 = DEFINITIONAL_REPRESENTATION('',(#5858),#5862);
#5858 = LINE('',#5859,#5860);
#5859 = CARTESIAN_POINT('',(0.,0.));
#5860 = VECTOR('',#5861,1.);
#5861 = DIRECTION('',(1.,0.));
#5862 = ( GEOMETRIC_REPRESENTATION_CONTEXT(2) 
PARAMETRIC_REPRESENTATION_CONTEXT() REPRESENTATION_CONTEXT('2D SPACE',''
  ) );
#5863 = ORIENTED_EDGE('',*,*,#5864,.T.);
#5864 = EDGE_CURVE('',#5842,#5865,#5867,.T.);
#5865 = VERTEX_POINT('',#5866);
#5866 = CARTESIAN_POINT('',(2.65,-1.7,0.2));
#5867 = SURFACE_CURVE('',#5868,(#5872,#5879),.PCURVE_S1.);
#5868 = LINE('',#5869,#5870);
#5869 = CARTESIAN_POINT('',(3.,-1.7,0.2));
#5870 = VECTOR('',#5871,1.);
#5871 = DIRECTION('',(-1.,-2.22044604925E-16,0.));
#5872 = PCURVE('',#3820,#5873);
#5873 = DEFINITIONAL_REPRESENTATION('',(#5874),#5878);
#5874 = LINE('',#5875,#5876);
#5875 = CARTESIAN_POINT('',(-0.332659657565,-0.58421032799));
#5876 = VECTOR('',#5877,1.);
#5877 = DIRECTION('',(0.,1.));
#5878 = ( GEOMETRIC_REPRESENTATION_CONTEXT(2) 
PARAMETRIC_REPRESENTATION_CONTEXT() REPRESENTATION_CONTEXT('2D SPACE',''
  ) );
#5879 = PCURVE('',#5547,#5880);
#5880 = DEFINITIONAL_REPRESENTATION('',(#5881),#5885);
#5881 = LINE('',#5882,#5883);
#5882 = CARTESIAN_POINT('',(-0.,0.));
#5883 = VECTOR('',#5884,1.);
#5884 = DIRECTION('',(1.,0.));
#5885 = ( GEOMETRIC_REPRESENTATION_CONTEXT(2) 
PARAMETRIC_REPRESENTATION_CONTEXT() REPRESENTATION_CONTEXT('2D SPACE',''
  ) );
#5886 = ORIENTED_EDGE('',*,*,#5887,.T.);
#5887 = EDGE_CURVE('',#5865,#5888,#5890,.T.);
#5888 = VERTEX_POINT('',#5889);
#5889 = CARTESIAN_POINT('',(2.55,-1.7,0.3));
#5890 = SURFACE_CURVE('',#5891,(#5896,#5907),.PCURVE_S1.);
#5891 = CIRCLE('',#5892,0.1);
#5892 = AXIS2_PLACEMENT_3D('',#5893,#5894,#5895);
#5893 = CARTESIAN_POINT('',(2.65,-1.7,0.3));
#5894 = DIRECTION('',(-2.22044604925E-16,1.,0.));
#5895 = DIRECTION('',(0.,0.,-1.));
#5896 = PCURVE('',#3820,#5897);
#5897 = DEFINITIONAL_REPRESENTATION('',(#5898),#5906);
#5898 = ( BOUNDED_CURVE() B_SPLINE_CURVE(2,(#5899,#5900,#5901,#5902,
#5903,#5904,#5905),.UNSPECIFIED.,.T.,.F.) B_SPLINE_CURVE_WITH_KNOTS((1,2
    ,2,2,2,1),(-2.094395102393,0.,2.094395102393,4.188790204786,
6.28318530718,8.377580409573),.UNSPECIFIED.) CURVE() 
GEOMETRIC_REPRESENTATION_ITEM() RATIONAL_B_SPLINE_CURVE((1.,0.5,1.,0.5,
1.,0.5,1.)) REPRESENTATION_ITEM('') );
#5899 = CARTESIAN_POINT('',(-0.332659657565,-0.23421032799));
#5900 = CARTESIAN_POINT('',(-0.332659657565,-6.100524723311E-02));
#5901 = CARTESIAN_POINT('',(-0.182659657565,-0.147607787612));
#5902 = CARTESIAN_POINT('',(-3.2659657565E-02,-0.23421032799));
#5903 = CARTESIAN_POINT('',(-0.182659657565,-0.320812868368));
#5904 = CARTESIAN_POINT('',(-0.332659657565,-0.407415408747));
#5905 = CARTESIAN_POINT('',(-0.332659657565,-0.23421032799));
#5906 = ( GEOMETRIC_REPRESENTATION_CONTEXT(2) 
PARAMETRIC_REPRESENTATION_CONTEXT() REPRESENTATION_CONTEXT('2D SPACE',''
  ) );
#5907 = PCURVE('',#5580,#5908);
#5908 = DEFINITIONAL_REPRESENTATION('',(#5909),#5913);
#5909 = LINE('',#5910,#5911);
#5910 = CARTESIAN_POINT('',(0.,0.));
#5911 = VECTOR('',#5912,1.);
#5912 = DIRECTION('',(1.,0.));
#5913 = ( GEOMETRIC_REPRESENTATION_CONTEXT(2) 
PARAMETRIC_REPRESENTATION_CONTEXT() REPRESENTATION_CONTEXT('2D SPACE',''
  ) );
#5914 = ORIENTED_EDGE('',*,*,#5915,.T.);
#5915 = EDGE_CURVE('',#5888,#5916,#5918,.T.);
#5916 = VERTEX_POINT('',#5917);
#5917 = CARTESIAN_POINT('',(2.55,-1.7,0.725));
#5918 = SURFACE_CURVE('',#5919,(#5923,#5930),.PCURVE_S1.);
#5919 = LINE('',#5920,#5921);
#5920 = CARTESIAN_POINT('',(2.55,-1.7,0.3));
#5921 = VECTOR('',#5922,1.);
#5922 = DIRECTION('',(0.,0.,1.));
#5923 = PCURVE('',#3820,#5924);
#5924 = DEFINITIONAL_REPRESENTATION('',(#5925),#5929);
#5925 = LINE('',#5926,#5927);
#5926 = CARTESIAN_POINT('',(-0.232659657565,-0.13421032799));
#5927 = VECTOR('',#5928,1.);
#5928 = DIRECTION('',(1.,0.));
#5929 = ( GEOMETRIC_REPRESENTATION_CONTEXT(2) 
PARAMETRIC_REPRESENTATION_CONTEXT() REPRESENTATION_CONTEXT('2D SPACE',''
  ) );
#5930 = PCURVE('',#5608,#5931);
#5931 = DEFINITIONAL_REPRESENTATION('',(#5932),#5936);
#5932 = LINE('',#5933,#5934);
#5933 = CARTESIAN_POINT('',(0.,0.));
#5934 = VECTOR('',#5935,1.);
#5935 = DIRECTION('',(1.,0.));
#5936 = ( GEOMETRIC_REPRESENTATION_CONTEXT(2) 
PARAMETRIC_REPRESENTATION_CONTEXT() REPRESENTATION_CONTEXT('2D SPACE',''
  ) );
#5937 = ORIENTED_EDGE('',*,*,#5938,.T.);
#5938 = EDGE_CURVE('',#5916,#5939,#5941,.T.);
#5939 = VERTEX_POINT('',#5940);
#5940 = CARTESIAN_POINT('',(2.25,-1.7,1.025));
#5941 = SURFACE_CURVE('',#5942,(#5947,#5954),.PCURVE_S1.);
#5942 = CIRCLE('',#5943,0.3);
#5943 = AXIS2_PLACEMENT_3D('',#5944,#5945,#5946);
#5944 = CARTESIAN_POINT('',(2.25,-1.7,0.725));
#5945 = DIRECTION('',(2.22044604925E-16,-1.,0.));
#5946 = DIRECTION('',(1.,2.22044604925E-16,3.700743415417E-16));
#5947 = PCURVE('',#3820,#5948);
#5948 = DEFINITIONAL_REPRESENTATION('',(#5949),#5953);
#5949 = CIRCLE('',#5950,0.3);
#5950 = AXIS2_PLACEMENT_2D('',#5951,#5952);
#5951 = CARTESIAN_POINT('',(0.192340342435,0.16578967201));
#5952 = DIRECTION('',(3.700743415417E-16,-1.));
#5953 = ( GEOMETRIC_REPRESENTATION_CONTEXT(2) 
PARAMETRIC_REPRESENTATION_CONTEXT() REPRESENTATION_CONTEXT('2D SPACE',''
  ) );
#5954 = PCURVE('',#5637,#5955);
#5955 = DEFINITIONAL_REPRESENTATION('',(#5956),#5960);
#5956 = LINE('',#5957,#5958);
#5957 = CARTESIAN_POINT('',(6.28318530718,-2.22044604925E-16));
#5958 = VECTOR('',#5959,1.);
#5959 = DIRECTION('',(-1.,1.413579858428E-16));
#5960 = ( GEOMETRIC_REPRESENTATION_CONTEXT(2) 
PARAMETRIC_REPRESENTATION_CONTEXT() REPRESENTATION_CONTEXT('2D SPACE',''
  ) );
#5961 = ORIENTED_EDGE('',*,*,#5962,.T.);
#5962 = EDGE_CURVE('',#5939,#3915,#5963,.T.);
#5963 = SURFACE_CURVE('',#5964,(#5968,#5975),.PCURVE_S1.);
#5964 = LINE('',#5965,#5966);
#5965 = CARTESIAN_POINT('',(2.25,-1.7,1.025));
#5966 = VECTOR('',#5967,1.);
#5967 = DIRECTION('',(-1.,-2.22044604925E-16,0.));
#5968 = PCURVE('',#3820,#5969);
#5969 = DEFINITIONAL_REPRESENTATION('',(#5970),#5974);
#5970 = LINE('',#5971,#5972);
#5971 = CARTESIAN_POINT('',(0.492340342435,0.16578967201));
#5972 = VECTOR('',#5973,1.);
#5973 = DIRECTION('',(0.,1.));
#5974 = ( GEOMETRIC_REPRESENTATION_CONTEXT(2) 
PARAMETRIC_REPRESENTATION_CONTEXT() REPRESENTATION_CONTEXT('2D SPACE',''
  ) );
#5975 = PCURVE('',#4447,#5976);
#5976 = DEFINITIONAL_REPRESENTATION('',(#5977),#5981);
#5977 = LINE('',#5978,#5979);
#5978 = CARTESIAN_POINT('',(-0.,0.));
#5979 = VECTOR('',#5980,1.);
#5980 = DIRECTION('',(1.,0.));
#5981 = ( GEOMETRIC_REPRESENTATION_CONTEXT(2) 
PARAMETRIC_REPRESENTATION_CONTEXT() REPRESENTATION_CONTEXT('2D SPACE',''
  ) );
#5982 = ADVANCED_FACE('',(#5983),#3870,.F.);
#5983 = FACE_BOUND('',#5984,.F.);
#5984 = EDGE_LOOP('',(#5985,#5986,#5987,#6008));
#5985 = ORIENTED_EDGE('',*,*,#3856,.T.);
#5986 = ORIENTED_EDGE('',*,*,#5390,.T.);
#5987 = ORIENTED_EDGE('',*,*,#5988,.F.);
#5988 = EDGE_CURVE('',#5744,#5391,#5989,.T.);
#5989 = SURFACE_CURVE('',#5990,(#5994,#6001),.PCURVE_S1.);
#5990 = LINE('',#5991,#5992);
#5991 = CARTESIAN_POINT('',(2.35,-1.7,0.725));
#5992 = VECTOR('',#5993,1.);
#5993 = DIRECTION('',(2.22044604925E-16,-1.,0.));
#5994 = PCURVE('',#3870,#5995);
#5995 = DEFINITIONAL_REPRESENTATION('',(#5996),#6000);
#5996 = LINE('',#5997,#5998);
#5997 = CARTESIAN_POINT('',(1.570796326795,0.));
#5998 = VECTOR('',#5999,1.);
#5999 = DIRECTION('',(0.,-1.));
#6000 = ( GEOMETRIC_REPRESENTATION_CONTEXT(2) 
PARAMETRIC_REPRESENTATION_CONTEXT() REPRESENTATION_CONTEXT('2D SPACE',''
  ) );
#6001 = PCURVE('',#5434,#6002);
#6002 = DEFINITIONAL_REPRESENTATION('',(#6003),#6007);
#6003 = LINE('',#6004,#6005);
#6004 = CARTESIAN_POINT('',(0.,0.));
#6005 = VECTOR('',#6006,1.);
#6006 = DIRECTION('',(7.584527938158E-44,-1.));
#6007 = ( GEOMETRIC_REPRESENTATION_CONTEXT(2) 
PARAMETRIC_REPRESENTATION_CONTEXT() REPRESENTATION_CONTEXT('2D SPACE',''
  ) );
#6008 = ORIENTED_EDGE('',*,*,#5743,.F.);
#6009 = ADVANCED_FACE('',(#6010),#3901,.T.);
#6010 = FACE_BOUND('',#6011,.T.);
#6011 = EDGE_LOOP('',(#6012,#6013,#6014,#6042,#6070,#6099,#6127,#6155,
    #6183,#6216,#6244,#6273));
#6012 = ORIENTED_EDGE('',*,*,#3885,.F.);
#6013 = ORIENTED_EDGE('',*,*,#4076,.T.);
#6014 = ORIENTED_EDGE('',*,*,#6015,.T.);
#6015 = EDGE_CURVE('',#4077,#6016,#6018,.T.);
#6016 = VERTEX_POINT('',#6017);
#6017 = CARTESIAN_POINT('',(2.35,-0.84,0.725));
#6018 = SURFACE_CURVE('',#6019,(#6024,#6035),.PCURVE_S1.);
#6019 = CIRCLE('',#6020,0.1);
#6020 = AXIS2_PLACEMENT_3D('',#6021,#6022,#6023);
#6021 = CARTESIAN_POINT('',(2.25,-0.84,0.725));
#6022 = DIRECTION('',(-2.22044604925E-16,1.,0.));
#6023 = DIRECTION('',(4.440892098501E-15,9.860761315262E-31,1.));
#6024 = PCURVE('',#3901,#6025);
#6025 = DEFINITIONAL_REPRESENTATION('',(#6026),#6034);
#6026 = ( BOUNDED_CURVE() B_SPLINE_CURVE(2,(#6027,#6028,#6029,#6030,
#6031,#6032,#6033),.UNSPECIFIED.,.T.,.F.) B_SPLINE_CURVE_WITH_KNOTS((1,2
    ,2,2,2,1),(-2.094395102393,0.,2.094395102393,4.188790204786,
6.28318530718,8.377580409573),.UNSPECIFIED.) CURVE() 
GEOMETRIC_REPRESENTATION_ITEM() RATIONAL_B_SPLINE_CURVE((1.,0.5,1.,0.5,
1.,0.5,1.)) REPRESENTATION_ITEM('') );
#6027 = CARTESIAN_POINT('',(0.292340342435,0.16578967201));
#6028 = CARTESIAN_POINT('',(0.292340342435,-7.415408746888E-03));
#6029 = CARTESIAN_POINT('',(0.142340342435,7.918713163156E-02));
#6030 = CARTESIAN_POINT('',(-7.659657565E-03,0.16578967201));
#6031 = CARTESIAN_POINT('',(0.142340342435,0.252392212388));
#6032 = CARTESIAN_POINT('',(0.292340342435,0.338994752767));
#6033 = CARTESIAN_POINT('',(0.292340342435,0.16578967201));
#6034 = ( GEOMETRIC_REPRESENTATION_CONTEXT(2) 
PARAMETRIC_REPRESENTATION_CONTEXT() REPRESENTATION_CONTEXT('2D SPACE',''
  ) );
#6035 = PCURVE('',#4113,#6036);
#6036 = DEFINITIONAL_REPRESENTATION('',(#6037),#6041);
#6037 = LINE('',#6038,#6039);
#6038 = CARTESIAN_POINT('',(0.,-0.41));
#6039 = VECTOR('',#6040,1.);
#6040 = DIRECTION('',(1.,-7.067899292141E-17));
#6041 = ( GEOMETRIC_REPRESENTATION_CONTEXT(2) 
PARAMETRIC_REPRESENTATION_CONTEXT() REPRESENTATION_CONTEXT('2D SPACE',''
  ) );
#6042 = ORIENTED_EDGE('',*,*,#6043,.T.);
#6043 = EDGE_CURVE('',#6016,#6044,#6046,.T.);
#6044 = VERTEX_POINT('',#6045);
#6045 = CARTESIAN_POINT('',(2.35,-0.84,0.3));
#6046 = SURFACE_CURVE('',#6047,(#6051,#6058),.PCURVE_S1.);
#6047 = LINE('',#6048,#6049);
#6048 = CARTESIAN_POINT('',(2.35,-0.84,0.725));
#6049 = VECTOR('',#6050,1.);
#6050 = DIRECTION('',(1.044915787883E-15,2.320179133003E-31,-1.));
#6051 = PCURVE('',#3901,#6052);
#6052 = DEFINITIONAL_REPRESENTATION('',(#6053),#6057);
#6053 = LINE('',#6054,#6055);
#6054 = CARTESIAN_POINT('',(0.192340342435,6.578967201E-02));
#6055 = VECTOR('',#6056,1.);
#6056 = DIRECTION('',(-1.,-1.044915787883E-15));
#6057 = ( GEOMETRIC_REPRESENTATION_CONTEXT(2) 
PARAMETRIC_REPRESENTATION_CONTEXT() REPRESENTATION_CONTEXT('2D SPACE',''
  ) );
#6058 = PCURVE('',#6059,#6064);
#6059 = PLANE('',#6060);
#6060 = AXIS2_PLACEMENT_3D('',#6061,#6062,#6063);
#6061 = CARTESIAN_POINT('',(2.35,-0.43,0.725));
#6062 = DIRECTION('',(1.,2.22044604925E-16,1.044915787883E-15));
#6063 = DIRECTION('',(1.044915787883E-15,2.320179133003E-31,-1.));
#6064 = DEFINITIONAL_REPRESENTATION('',(#6065),#6069);
#6065 = LINE('',#6066,#6067);
#6066 = CARTESIAN_POINT('',(-9.512734445312E-32,-0.41));
#6067 = VECTOR('',#6068,1.);
#6068 = DIRECTION('',(1.,0.));
#6069 = ( GEOMETRIC_REPRESENTATION_CONTEXT(2) 
PARAMETRIC_REPRESENTATION_CONTEXT() REPRESENTATION_CONTEXT('2D SPACE',''
  ) );
#6070 = ORIENTED_EDGE('',*,*,#6071,.T.);
#6071 = EDGE_CURVE('',#6044,#6072,#6074,.T.);
#6072 = VERTEX_POINT('',#6073);
#6073 = CARTESIAN_POINT('',(2.65,-0.84,5.551115123126E-17));
#6074 = SURFACE_CURVE('',#6075,(#6080,#6087),.PCURVE_S1.);
#6075 = CIRCLE('',#6076,0.3);
#6076 = AXIS2_PLACEMENT_3D('',#6077,#6078,#6079);
#6077 = CARTESIAN_POINT('',(2.65,-0.84,0.3));
#6078 = DIRECTION('',(2.22044604925E-16,-1.,0.));
#6079 = DIRECTION('',(-1.,-2.22044604925E-16,3.515706244646E-15));
#6080 = PCURVE('',#3901,#6081);
#6081 = DEFINITIONAL_REPRESENTATION('',(#6082),#6086);
#6082 = CIRCLE('',#6083,0.3);
#6083 = AXIS2_PLACEMENT_2D('',#6084,#6085);
#6084 = CARTESIAN_POINT('',(-0.232659657565,-0.23421032799));
#6085 = DIRECTION('',(3.515706244646E-15,1.));
#6086 = ( GEOMETRIC_REPRESENTATION_CONTEXT(2) 
PARAMETRIC_REPRESENTATION_CONTEXT() REPRESENTATION_CONTEXT('2D SPACE',''
  ) );
#6087 = PCURVE('',#6088,#6093);
#6088 = CYLINDRICAL_SURFACE('',#6089,0.3);
#6089 = AXIS2_PLACEMENT_3D('',#6090,#6091,#6092);
#6090 = CARTESIAN_POINT('',(2.65,-0.43,0.3));
#6091 = DIRECTION('',(-2.22044604925E-16,1.,-0.));
#6092 = DIRECTION('',(-1.,-2.22044604925E-16,3.515706244646E-15));
#6093 = DEFINITIONAL_REPRESENTATION('',(#6094),#6098);
#6094 = LINE('',#6095,#6096);
#6095 = CARTESIAN_POINT('',(6.28318530718,-0.41));
#6096 = VECTOR('',#6097,1.);
#6097 = DIRECTION('',(-1.,7.067899292141E-17));
#6098 = ( GEOMETRIC_REPRESENTATION_CONTEXT(2) 
PARAMETRIC_REPRESENTATION_CONTEXT() REPRESENTATION_CONTEXT('2D SPACE',''
  ) );
#6099 = ORIENTED_EDGE('',*,*,#6100,.T.);
#6100 = EDGE_CURVE('',#6072,#6101,#6103,.T.);
#6101 = VERTEX_POINT('',#6102);
#6102 = CARTESIAN_POINT('',(3.,-0.84,5.551115123126E-17));
#6103 = SURFACE_CURVE('',#6104,(#6108,#6115),.PCURVE_S1.);
#6104 = LINE('',#6105,#6106);
#6105 = CARTESIAN_POINT('',(2.65,-0.84,5.551115123126E-17));
#6106 = VECTOR('',#6107,1.);
#6107 = DIRECTION('',(1.,2.22044604925E-16,0.));
#6108 = PCURVE('',#3901,#6109);
#6109 = DEFINITIONAL_REPRESENTATION('',(#6110),#6114);
#6110 = LINE('',#6111,#6112);
#6111 = CARTESIAN_POINT('',(-0.532659657565,-0.23421032799));
#6112 = VECTOR('',#6113,1.);
#6113 = DIRECTION('',(0.,-1.));
#6114 = ( GEOMETRIC_REPRESENTATION_CONTEXT(2) 
PARAMETRIC_REPRESENTATION_CONTEXT() REPRESENTATION_CONTEXT('2D SPACE',''
  ) );
#6115 = PCURVE('',#6116,#6121);
#6116 = PLANE('',#6117);
#6117 = AXIS2_PLACEMENT_3D('',#6118,#6119,#6120);
#6118 = CARTESIAN_POINT('',(2.65,-0.43,5.551115123126E-17));
#6119 = DIRECTION('',(0.,0.,1.));
#6120 = DIRECTION('',(1.,2.22044604925E-16,-0.));
#6121 = DEFINITIONAL_REPRESENTATION('',(#6122),#6126);
#6122 = LINE('',#6123,#6124);
#6123 = CARTESIAN_POINT('',(-9.103828801925E-17,-0.41));
#6124 = VECTOR('',#6125,1.);
#6125 = DIRECTION('',(1.,0.));
#6126 = ( GEOMETRIC_REPRESENTATION_CONTEXT(2) 
PARAMETRIC_REPRESENTATION_CONTEXT() REPRESENTATION_CONTEXT('2D SPACE',''
  ) );
#6127 = ORIENTED_EDGE('',*,*,#6128,.T.);
#6128 = EDGE_CURVE('',#6101,#6129,#6131,.T.);
#6129 = VERTEX_POINT('',#6130);
#6130 = CARTESIAN_POINT('',(3.,-0.84,0.2));
#6131 = SURFACE_CURVE('',#6132,(#6136,#6143),.PCURVE_S1.);
#6132 = LINE('',#6133,#6134);
#6133 = CARTESIAN_POINT('',(3.,-0.84,5.551115123126E-17));
#6134 = VECTOR('',#6135,1.);
#6135 = DIRECTION('',(0.,0.,1.));
#6136 = PCURVE('',#3901,#6137);
#6137 = DEFINITIONAL_REPRESENTATION('',(#6138),#6142);
#6138 = LINE('',#6139,#6140);
#6139 = CARTESIAN_POINT('',(-0.532659657565,-0.58421032799));
#6140 = VECTOR('',#6141,1.);
#6141 = DIRECTION('',(1.,0.));
#6142 = ( GEOMETRIC_REPRESENTATION_CONTEXT(2) 
PARAMETRIC_REPRESENTATION_CONTEXT() REPRESENTATION_CONTEXT('2D SPACE',''
  ) );
#6143 = PCURVE('',#6144,#6149);
#6144 = PLANE('',#6145);
#6145 = AXIS2_PLACEMENT_3D('',#6146,#6147,#6148);
#6146 = CARTESIAN_POINT('',(3.,-0.43,5.551115123126E-17));
#6147 = DIRECTION('',(-1.,-2.22044604925E-16,0.));
#6148 = DIRECTION('',(0.,0.,1.));
#6149 = DEFINITIONAL_REPRESENTATION('',(#6150),#6154);
#6150 = LINE('',#6151,#6152);
#6151 = CARTESIAN_POINT('',(0.,-0.41));
#6152 = VECTOR('',#6153,1.);
#6153 = DIRECTION('',(1.,0.));
#6154 = ( GEOMETRIC_REPRESENTATION_CONTEXT(2) 
PARAMETRIC_REPRESENTATION_CONTEXT() REPRESENTATION_CONTEXT('2D SPACE',''
  ) );
#6155 = ORIENTED_EDGE('',*,*,#6156,.T.);
#6156 = EDGE_CURVE('',#6129,#6157,#6159,.T.);
#6157 = VERTEX_POINT('',#6158);
#6158 = CARTESIAN_POINT('',(2.65,-0.84,0.2));
#6159 = SURFACE_CURVE('',#6160,(#6164,#6171),.PCURVE_S1.);
#6160 = LINE('',#6161,#6162);
#6161 = CARTESIAN_POINT('',(3.,-0.84,0.2));
#6162 = VECTOR('',#6163,1.);
#6163 = DIRECTION('',(-1.,-2.22044604925E-16,0.));
#6164 = PCURVE('',#3901,#6165);
#6165 = DEFINITIONAL_REPRESENTATION('',(#6166),#6170);
#6166 = LINE('',#6167,#6168);
#6167 = CARTESIAN_POINT('',(-0.332659657565,-0.58421032799));
#6168 = VECTOR('',#6169,1.);
#6169 = DIRECTION('',(0.,1.));
#6170 = ( GEOMETRIC_REPRESENTATION_CONTEXT(2) 
PARAMETRIC_REPRESENTATION_CONTEXT() REPRESENTATION_CONTEXT('2D SPACE',''
  ) );
#6171 = PCURVE('',#6172,#6177);
#6172 = PLANE('',#6173);
#6173 = AXIS2_PLACEMENT_3D('',#6174,#6175,#6176);
#6174 = CARTESIAN_POINT('',(3.,-0.43,0.2));
#6175 = DIRECTION('',(0.,0.,-1.));
#6176 = DIRECTION('',(-1.,-2.22044604925E-16,-0.));
#6177 = DEFINITIONAL_REPRESENTATION('',(#6178),#6182);
#6178 = LINE('',#6179,#6180);
#6179 = CARTESIAN_POINT('',(9.103828801925E-17,-0.41));
#6180 = VECTOR('',#6181,1.);
#6181 = DIRECTION('',(1.,0.));
#6182 = ( GEOMETRIC_REPRESENTATION_CONTEXT(2) 
PARAMETRIC_REPRESENTATION_CONTEXT() REPRESENTATION_CONTEXT('2D SPACE',''
  ) );
#6183 = ORIENTED_EDGE('',*,*,#6184,.T.);
#6184 = EDGE_CURVE('',#6157,#6185,#6187,.T.);
#6185 = VERTEX_POINT('',#6186);
#6186 = CARTESIAN_POINT('',(2.55,-0.84,0.3));
#6187 = SURFACE_CURVE('',#6188,(#6193,#6204),.PCURVE_S1.);
#6188 = CIRCLE('',#6189,0.1);
#6189 = AXIS2_PLACEMENT_3D('',#6190,#6191,#6192);
#6190 = CARTESIAN_POINT('',(2.65,-0.84,0.3));
#6191 = DIRECTION('',(-2.22044604925E-16,1.,0.));
#6192 = DIRECTION('',(0.,0.,-1.));
#6193 = PCURVE('',#3901,#6194);
#6194 = DEFINITIONAL_REPRESENTATION('',(#6195),#6203);
#6195 = ( BOUNDED_CURVE() B_SPLINE_CURVE(2,(#6196,#6197,#6198,#6199,
#6200,#6201,#6202),.UNSPECIFIED.,.T.,.F.) B_SPLINE_CURVE_WITH_KNOTS((1,2
    ,2,2,2,1),(-2.094395102393,0.,2.094395102393,4.188790204786,
6.28318530718,8.377580409573),.UNSPECIFIED.) CURVE() 
GEOMETRIC_REPRESENTATION_ITEM() RATIONAL_B_SPLINE_CURVE((1.,0.5,1.,0.5,
1.,0.5,1.)) REPRESENTATION_ITEM('') );
#6196 = CARTESIAN_POINT('',(-0.332659657565,-0.23421032799));
#6197 = CARTESIAN_POINT('',(-0.332659657565,-6.100524723311E-02));
#6198 = CARTESIAN_POINT('',(-0.182659657565,-0.147607787612));
#6199 = CARTESIAN_POINT('',(-3.2659657565E-02,-0.23421032799));
#6200 = CARTESIAN_POINT('',(-0.182659657565,-0.320812868368));
#6201 = CARTESIAN_POINT('',(-0.332659657565,-0.407415408747));
#6202 = CARTESIAN_POINT('',(-0.332659657565,-0.23421032799));
#6203 = ( GEOMETRIC_REPRESENTATION_CONTEXT(2) 
PARAMETRIC_REPRESENTATION_CONTEXT() REPRESENTATION_CONTEXT('2D SPACE',''
  ) );
#6204 = PCURVE('',#6205,#6210);
#6205 = CYLINDRICAL_SURFACE('',#6206,0.1);
#6206 = AXIS2_PLACEMENT_3D('',#6207,#6208,#6209);
#6207 = CARTESIAN_POINT('',(2.65,-0.43,0.3));
#6208 = DIRECTION('',(-2.22044604925E-16,1.,0.));
#6209 = DIRECTION('',(0.,0.,-1.));
#6210 = DEFINITIONAL_REPRESENTATION('',(#6211),#6215);
#6211 = LINE('',#6212,#6213);
#6212 = CARTESIAN_POINT('',(0.,-0.41));
#6213 = VECTOR('',#6214,1.);
#6214 = DIRECTION('',(1.,0.));
#6215 = ( GEOMETRIC_REPRESENTATION_CONTEXT(2) 
PARAMETRIC_REPRESENTATION_CONTEXT() REPRESENTATION_CONTEXT('2D SPACE',''
  ) );
#6216 = ORIENTED_EDGE('',*,*,#6217,.T.);
#6217 = EDGE_CURVE('',#6185,#6218,#6220,.T.);
#6218 = VERTEX_POINT('',#6219);
#6219 = CARTESIAN_POINT('',(2.55,-0.84,0.725));
#6220 = SURFACE_CURVE('',#6221,(#6225,#6232),.PCURVE_S1.);
#6221 = LINE('',#6222,#6223);
#6222 = CARTESIAN_POINT('',(2.55,-0.84,0.3));
#6223 = VECTOR('',#6224,1.);
#6224 = DIRECTION('',(0.,0.,1.));
#6225 = PCURVE('',#3901,#6226);
#6226 = DEFINITIONAL_REPRESENTATION('',(#6227),#6231);
#6227 = LINE('',#6228,#6229);
#6228 = CARTESIAN_POINT('',(-0.232659657565,-0.13421032799));
#6229 = VECTOR('',#6230,1.);
#6230 = DIRECTION('',(1.,0.));
#6231 = ( GEOMETRIC_REPRESENTATION_CONTEXT(2) 
PARAMETRIC_REPRESENTATION_CONTEXT() REPRESENTATION_CONTEXT('2D SPACE',''
  ) );
#6232 = PCURVE('',#6233,#6238);
#6233 = PLANE('',#6234);
#6234 = AXIS2_PLACEMENT_3D('',#6235,#6236,#6237);
#6235 = CARTESIAN_POINT('',(2.55,-0.43,0.3));
#6236 = DIRECTION('',(-1.,-2.22044604925E-16,0.));
#6237 = DIRECTION('',(0.,0.,1.));
#6238 = DEFINITIONAL_REPRESENTATION('',(#6239),#6243);
#6239 = LINE('',#6240,#6241);
#6240 = CARTESIAN_POINT('',(0.,-0.41));
#6241 = VECTOR('',#6242,1.);
#6242 = DIRECTION('',(1.,0.));
#6243 = ( GEOMETRIC_REPRESENTATION_CONTEXT(2) 
PARAMETRIC_REPRESENTATION_CONTEXT() REPRESENTATION_CONTEXT('2D SPACE',''
  ) );
#6244 = ORIENTED_EDGE('',*,*,#6245,.T.);
#6245 = EDGE_CURVE('',#6218,#6246,#6248,.T.);
#6246 = VERTEX_POINT('',#6247);
#6247 = CARTESIAN_POINT('',(2.25,-0.84,1.025));
#6248 = SURFACE_CURVE('',#6249,(#6254,#6261),.PCURVE_S1.);
#6249 = CIRCLE('',#6250,0.3);
#6250 = AXIS2_PLACEMENT_3D('',#6251,#6252,#6253);
#6251 = CARTESIAN_POINT('',(2.25,-0.84,0.725));
#6252 = DIRECTION('',(2.22044604925E-16,-1.,0.));
#6253 = DIRECTION('',(1.,2.22044604925E-16,3.700743415417E-16));
#6254 = PCURVE('',#3901,#6255);
#6255 = DEFINITIONAL_REPRESENTATION('',(#6256),#6260);
#6256 = CIRCLE('',#6257,0.3);
#6257 = AXIS2_PLACEMENT_2D('',#6258,#6259);
#6258 = CARTESIAN_POINT('',(0.192340342435,0.16578967201));
#6259 = DIRECTION('',(3.700743415417E-16,-1.));
#6260 = ( GEOMETRIC_REPRESENTATION_CONTEXT(2) 
PARAMETRIC_REPRESENTATION_CONTEXT() REPRESENTATION_CONTEXT('2D SPACE',''
  ) );
#6261 = PCURVE('',#6262,#6267);
#6262 = CYLINDRICAL_SURFACE('',#6263,0.3);
#6263 = AXIS2_PLACEMENT_3D('',#6264,#6265,#6266);
#6264 = CARTESIAN_POINT('',(2.25,-0.43,0.725));
#6265 = DIRECTION('',(-2.22044604925E-16,1.,-0.));
#6266 = DIRECTION('',(1.,2.22044604925E-16,3.700743415417E-16));
#6267 = DEFINITIONAL_REPRESENTATION('',(#6268),#6272);
#6268 = LINE('',#6269,#6270);
#6269 = CARTESIAN_POINT('',(6.28318530718,-0.41));
#6270 = VECTOR('',#6271,1.);
#6271 = DIRECTION('',(-1.,0.));
#6272 = ( GEOMETRIC_REPRESENTATION_CONTEXT(2) 
PARAMETRIC_REPRESENTATION_CONTEXT() REPRESENTATION_CONTEXT('2D SPACE',''
  ) );
#6273 = ORIENTED_EDGE('',*,*,#6274,.T.);
#6274 = EDGE_CURVE('',#6246,#3886,#6275,.T.);
#6275 = SURFACE_CURVE('',#6276,(#6280,#6287),.PCURVE_S1.);
#6276 = LINE('',#6277,#6278);
#6277 = CARTESIAN_POINT('',(2.25,-0.84,1.025));
#6278 = VECTOR('',#6279,1.);
#6279 = DIRECTION('',(-1.,-2.22044604925E-16,0.));
#6280 = PCURVE('',#3901,#6281);
#6281 = DEFINITIONAL_REPRESENTATION('',(#6282),#6286);
#6282 = LINE('',#6283,#6284);
#6283 = CARTESIAN_POINT('',(0.492340342435,0.16578967201));
#6284 = VECTOR('',#6285,1.);
#6285 = DIRECTION('',(0.,1.));
#6286 = ( GEOMETRIC_REPRESENTATION_CONTEXT(2) 
PARAMETRIC_REPRESENTATION_CONTEXT() REPRESENTATION_CONTEXT('2D SPACE',''
  ) );
#6287 = PCURVE('',#4397,#6288);
#6288 = DEFINITIONAL_REPRESENTATION('',(#6289),#6293);
#6289 = LINE('',#6290,#6291);
#6290 = CARTESIAN_POINT('',(9.103828801925E-17,-0.41));
#6291 = VECTOR('',#6292,1.);
#6292 = DIRECTION('',(1.,0.));
#6293 = ( GEOMETRIC_REPRESENTATION_CONTEXT(2) 
PARAMETRIC_REPRESENTATION_CONTEXT() REPRESENTATION_CONTEXT('2D SPACE',''
  ) );
#6294 = ADVANCED_FACE('',(#6295),#3951,.F.);
#6295 = FACE_BOUND('',#6296,.F.);
#6296 = EDGE_LOOP('',(#6297,#6317,#6318,#6361));
#6297 = ORIENTED_EDGE('',*,*,#6298,.F.);
#6298 = EDGE_CURVE('',#3886,#4382,#6299,.T.);
#6299 = SURFACE_CURVE('',#6300,(#6304,#6310),.PCURVE_S1.);
#6300 = LINE('',#6301,#6302);
#6301 = CARTESIAN_POINT('',(2.25,-0.84,1.025));
#6302 = VECTOR('',#6303,1.);
#6303 = DIRECTION('',(-1.,-2.22044604925E-16,0.));
#6304 = PCURVE('',#3951,#6305);
#6305 = DEFINITIONAL_REPRESENTATION('',(#6306),#6309);
#6306 = B_SPLINE_CURVE_WITH_KNOTS('',1,(#6307,#6308),.UNSPECIFIED.,.F.,
  .F.,(2,2),(0.3,0.375),.PIECEWISE_BEZIER_KNOTS.);
#6307 = CARTESIAN_POINT('',(3.115,2.895956992222E-16));
#6308 = CARTESIAN_POINT('',(3.129078212291,1.));
#6309 = ( GEOMETRIC_REPRESENTATION_CONTEXT(2) 
PARAMETRIC_REPRESENTATION_CONTEXT() REPRESENTATION_CONTEXT('2D SPACE',''
  ) );
#6310 = PCURVE('',#4397,#6311);
#6311 = DEFINITIONAL_REPRESENTATION('',(#6312),#6316);
#6312 = LINE('',#6313,#6314);
#6313 = CARTESIAN_POINT('',(9.103828801925E-17,-0.41));
#6314 = VECTOR('',#6315,1.);
#6315 = DIRECTION('',(1.,0.));
#6316 = ( GEOMETRIC_REPRESENTATION_CONTEXT(2) 
PARAMETRIC_REPRESENTATION_CONTEXT() REPRESENTATION_CONTEXT('2D SPACE',''
  ) );
#6317 = ORIENTED_EDGE('',*,*,#3937,.T.);
#6318 = ORIENTED_EDGE('',*,*,#6319,.T.);
#6319 = EDGE_CURVE('',#3915,#4410,#6320,.T.);
#6320 = SURFACE_CURVE('',#6321,(#6325,#6354),.PCURVE_S1.);
#6321 = LINE('',#6322,#6323);
#6322 = CARTESIAN_POINT('',(2.25,-1.7,1.025));
#6323 = VECTOR('',#6324,1.);
#6324 = DIRECTION('',(-1.,-2.22044604925E-16,0.));
#6325 = PCURVE('',#3951,#6326);
#6326 = DEFINITIONAL_REPRESENTATION('',(#6327),#6353);
#6327 = B_SPLINE_CURVE_WITH_KNOTS('',3,(#6328,#6329,#6330,#6331,#6332,
    #6333,#6334,#6335,#6336,#6337,#6338,#6339,#6340,#6341,#6342,#6343,
    #6344,#6345,#6346,#6347,#6348,#6349,#6350,#6351,#6352),
  .UNSPECIFIED.,.F.,.F.,(4,1,1,1,1,1,1,1,1,1,1,1,1,1,1,1,1,1,1,1,1,1,4),
  (0.3,0.303409090909,0.306818181818,0.310227272727,0.313636363636,
    0.317045454545,0.320454545455,0.323863636364,0.327272727273,
    0.330681818182,0.334090909091,0.3375,0.340909090909,0.344318181818,
    0.347727272727,0.351136363636,0.354545454545,0.357954545455,
    0.361363636364,0.364772727273,0.368181818182,0.371590909091,0.375),
  .QUASI_UNIFORM_KNOTS.);
#6328 = CARTESIAN_POINT('',(3.975,0.));
#6329 = CARTESIAN_POINT('',(3.975424575426,1.515151515152E-02));
#6330 = CARTESIAN_POINT('',(3.9762743625,4.545454545455E-02));
#6331 = CARTESIAN_POINT('',(3.97755095609,9.090909090909E-02));
#6332 = CARTESIAN_POINT('',(3.978829466966,0.136363636364));
#6333 = CARTESIAN_POINT('',(3.98010989945,0.181818181818));
#6334 = CARTESIAN_POINT('',(3.981392257878,0.227272727273));
#6335 = CARTESIAN_POINT('',(3.982676546599,0.272727272727));
#6336 = CARTESIAN_POINT('',(3.983962769974,0.318181818182));
#6337 = CARTESIAN_POINT('',(3.985250932379,0.363636363636));
#6338 = CARTESIAN_POINT('',(3.9865410382,0.409090909091));
#6339 = CARTESIAN_POINT('',(3.98783309184,0.454545454545));
#6340 = CARTESIAN_POINT('',(3.989127097713,0.5));
#6341 = CARTESIAN_POINT('',(3.990423060246,0.545454545455));
#6342 = CARTESIAN_POINT('',(3.991720983883,0.590909090909));
#6343 = CARTESIAN_POINT('',(3.993020873076,0.636363636364));
#6344 = CARTESIAN_POINT('',(3.994322732295,0.681818181818));
#6345 = CARTESIAN_POINT('',(3.995626566021,0.727272727273));
#6346 = CARTESIAN_POINT('',(3.996932378749,0.772727272727));
#6347 = CARTESIAN_POINT('',(3.99824017499,0.818181818182));
#6348 = CARTESIAN_POINT('',(3.999549959265,0.863636363636));
#6349 = CARTESIAN_POINT('',(4.000861736112,0.909090909091));
#6350 = CARTESIAN_POINT('',(4.00217551008,0.954545454545));
#6351 = CARTESIAN_POINT('',(4.003052693851,0.984848484848));
#6352 = CARTESIAN_POINT('',(4.003491620112,1.));
#6353 = ( GEOMETRIC_REPRESENTATION_CONTEXT(2) 
PARAMETRIC_REPRESENTATION_CONTEXT() REPRESENTATION_CONTEXT('2D SPACE',''
  ) );
#6354 = PCURVE('',#4447,#6355);
#6355 = DEFINITIONAL_REPRESENTATION('',(#6356),#6360);
#6356 = LINE('',#6357,#6358);
#6357 = CARTESIAN_POINT('',(-0.,0.));
#6358 = VECTOR('',#6359,1.);
#6359 = DIRECTION('',(1.,0.));
#6360 = ( GEOMETRIC_REPRESENTATION_CONTEXT(2) 
PARAMETRIC_REPRESENTATION_CONTEXT() REPRESENTATION_CONTEXT('2D SPACE',''
  ) );
#6361 = ORIENTED_EDGE('',*,*,#4409,.F.);
#6362 = ADVANCED_FACE('',(#6363),#4032,.F.);
#6363 = FACE_BOUND('',#6364,.F.);
#6364 = EDGE_LOOP('',(#6365,#6366,#6394,#6415));
#6365 = ORIENTED_EDGE('',*,*,#4018,.T.);
#6366 = ORIENTED_EDGE('',*,*,#6367,.T.);
#6367 = EDGE_CURVE('',#3991,#6368,#6370,.T.);
#6368 = VERTEX_POINT('',#6369);
#6369 = CARTESIAN_POINT('',(2.35,0.43,0.725));
#6370 = SURFACE_CURVE('',#6371,(#6376,#6383),.PCURVE_S1.);
#6371 = CIRCLE('',#6372,0.1);
#6372 = AXIS2_PLACEMENT_3D('',#6373,#6374,#6375);
#6373 = CARTESIAN_POINT('',(2.25,0.43,0.725));
#6374 = DIRECTION('',(-2.22044604925E-16,1.,0.));
#6375 = DIRECTION('',(4.440892098501E-15,9.860761315262E-31,1.));
#6376 = PCURVE('',#4032,#6377);
#6377 = DEFINITIONAL_REPRESENTATION('',(#6378),#6382);
#6378 = LINE('',#6379,#6380);
#6379 = CARTESIAN_POINT('',(0.,-0.41));
#6380 = VECTOR('',#6381,1.);
#6381 = DIRECTION('',(1.,0.));
#6382 = ( GEOMETRIC_REPRESENTATION_CONTEXT(2) 
PARAMETRIC_REPRESENTATION_CONTEXT() REPRESENTATION_CONTEXT('2D SPACE',''
  ) );
#6383 = PCURVE('',#4006,#6384);
#6384 = DEFINITIONAL_REPRESENTATION('',(#6385),#6393);
#6385 = ( BOUNDED_CURVE() B_SPLINE_CURVE(2,(#6386,#6387,#6388,#6389,
#6390,#6391,#6392),.UNSPECIFIED.,.T.,.F.) B_SPLINE_CURVE_WITH_KNOTS((1,2
    ,2,2,2,1),(-2.094395102393,0.,2.094395102393,4.188790204786,
6.28318530718,8.377580409573),.UNSPECIFIED.) CURVE() 
GEOMETRIC_REPRESENTATION_ITEM() RATIONAL_B_SPLINE_CURVE((1.,0.5,1.,0.5,
1.,0.5,1.)) REPRESENTATION_ITEM('') );
#6386 = CARTESIAN_POINT('',(0.292340342435,0.16578967201));
#6387 = CARTESIAN_POINT('',(0.292340342435,-7.415408746888E-03));
#6388 = CARTESIAN_POINT('',(0.142340342435,7.918713163156E-02));
#6389 = CARTESIAN_POINT('',(-7.659657565E-03,0.16578967201));
#6390 = CARTESIAN_POINT('',(0.142340342435,0.252392212388));
#6391 = CARTESIAN_POINT('',(0.292340342435,0.338994752767));
#6392 = CARTESIAN_POINT('',(0.292340342435,0.16578967201));
#6393 = ( GEOMETRIC_REPRESENTATION_CONTEXT(2) 
PARAMETRIC_REPRESENTATION_CONTEXT() REPRESENTATION_CONTEXT('2D SPACE',''
  ) );
#6394 = ORIENTED_EDGE('',*,*,#6395,.F.);
#6395 = EDGE_CURVE('',#4592,#6368,#6396,.T.);
#6396 = SURFACE_CURVE('',#6397,(#6401,#6408),.PCURVE_S1.);
#6397 = LINE('',#6398,#6399);
#6398 = CARTESIAN_POINT('',(2.35,0.84,0.725));
#6399 = VECTOR('',#6400,1.);
#6400 = DIRECTION('',(2.22044604925E-16,-1.,0.));
#6401 = PCURVE('',#4032,#6402);
#6402 = DEFINITIONAL_REPRESENTATION('',(#6403),#6407);
#6403 = LINE('',#6404,#6405);
#6404 = CARTESIAN_POINT('',(1.570796326795,-1.110223024625E-16));
#6405 = VECTOR('',#6406,1.);
#6406 = DIRECTION('',(0.,-1.));
#6407 = ( GEOMETRIC_REPRESENTATION_CONTEXT(2) 
PARAMETRIC_REPRESENTATION_CONTEXT() REPRESENTATION_CONTEXT('2D SPACE',''
  ) );
#6408 = PCURVE('',#4635,#6409);
#6409 = DEFINITIONAL_REPRESENTATION('',(#6410),#6414);
#6410 = LINE('',#6411,#6412);
#6411 = CARTESIAN_POINT('',(0.,0.));
#6412 = VECTOR('',#6413,1.);
#6413 = DIRECTION('',(7.584527938158E-44,-1.));
#6414 = ( GEOMETRIC_REPRESENTATION_CONTEXT(2) 
PARAMETRIC_REPRESENTATION_CONTEXT() REPRESENTATION_CONTEXT('2D SPACE',''
  ) );
#6415 = ORIENTED_EDGE('',*,*,#4591,.F.);
#6416 = ADVANCED_FACE('',(#6417),#4006,.T.);
#6417 = FACE_BOUND('',#6418,.T.);
#6418 = EDGE_LOOP('',(#6419,#6420,#6421,#6422,#6445,#6469,#6492,#6515,
    #6538,#6566,#6589,#6613));
#6419 = ORIENTED_EDGE('',*,*,#4128,.F.);
#6420 = ORIENTED_EDGE('',*,*,#3990,.T.);
#6421 = ORIENTED_EDGE('',*,*,#6367,.T.);
#6422 = ORIENTED_EDGE('',*,*,#6423,.T.);
#6423 = EDGE_CURVE('',#6368,#6424,#6426,.T.);
#6424 = VERTEX_POINT('',#6425);
#6425 = CARTESIAN_POINT('',(2.35,0.43,0.3));
#6426 = SURFACE_CURVE('',#6427,(#6431,#6438),.PCURVE_S1.);
#6427 = LINE('',#6428,#6429);
#6428 = CARTESIAN_POINT('',(2.35,0.43,0.725));
#6429 = VECTOR('',#6430,1.);
#6430 = DIRECTION('',(1.044915787883E-15,2.320179133003E-31,-1.));
#6431 = PCURVE('',#4006,#6432);
#6432 = DEFINITIONAL_REPRESENTATION('',(#6433),#6437);
#6433 = LINE('',#6434,#6435);
#6434 = CARTESIAN_POINT('',(0.192340342435,6.578967201E-02));
#6435 = VECTOR('',#6436,1.);
#6436 = DIRECTION('',(-1.,-1.044915787883E-15));
#6437 = ( GEOMETRIC_REPRESENTATION_CONTEXT(2) 
PARAMETRIC_REPRESENTATION_CONTEXT() REPRESENTATION_CONTEXT('2D SPACE',''
  ) );
#6438 = PCURVE('',#4635,#6439);
#6439 = DEFINITIONAL_REPRESENTATION('',(#6440),#6444);
#6440 = LINE('',#6441,#6442);
#6441 = CARTESIAN_POINT('',(-9.512734445312E-32,-0.41));
#6442 = VECTOR('',#6443,1.);
#6443 = DIRECTION('',(1.,0.));
#6444 = ( GEOMETRIC_REPRESENTATION_CONTEXT(2) 
PARAMETRIC_REPRESENTATION_CONTEXT() REPRESENTATION_CONTEXT('2D SPACE',''
  ) );
#6445 = ORIENTED_EDGE('',*,*,#6446,.T.);
#6446 = EDGE_CURVE('',#6424,#6447,#6449,.T.);
#6447 = VERTEX_POINT('',#6448);
#6448 = CARTESIAN_POINT('',(2.65,0.43,5.551115123126E-17));
#6449 = SURFACE_CURVE('',#6450,(#6455,#6462),.PCURVE_S1.);
#6450 = CIRCLE('',#6451,0.3);
#6451 = AXIS2_PLACEMENT_3D('',#6452,#6453,#6454);
#6452 = CARTESIAN_POINT('',(2.65,0.43,0.3));
#6453 = DIRECTION('',(2.22044604925E-16,-1.,0.));
#6454 = DIRECTION('',(-1.,-2.22044604925E-16,3.515706244646E-15));
#6455 = PCURVE('',#4006,#6456);
#6456 = DEFINITIONAL_REPRESENTATION('',(#6457),#6461);
#6457 = CIRCLE('',#6458,0.3);
#6458 = AXIS2_PLACEMENT_2D('',#6459,#6460);
#6459 = CARTESIAN_POINT('',(-0.232659657565,-0.23421032799));
#6460 = DIRECTION('',(3.515706244646E-15,1.));
#6461 = ( GEOMETRIC_REPRESENTATION_CONTEXT(2) 
PARAMETRIC_REPRESENTATION_CONTEXT() REPRESENTATION_CONTEXT('2D SPACE',''
  ) );
#6462 = PCURVE('',#4664,#6463);
#6463 = DEFINITIONAL_REPRESENTATION('',(#6464),#6468);
#6464 = LINE('',#6465,#6466);
#6465 = CARTESIAN_POINT('',(6.28318530718,-0.41));
#6466 = VECTOR('',#6467,1.);
#6467 = DIRECTION('',(-1.,-3.533949646071E-17));
#6468 = ( GEOMETRIC_REPRESENTATION_CONTEXT(2) 
PARAMETRIC_REPRESENTATION_CONTEXT() REPRESENTATION_CONTEXT('2D SPACE',''
  ) );
#6469 = ORIENTED_EDGE('',*,*,#6470,.T.);
#6470 = EDGE_CURVE('',#6447,#6471,#6473,.T.);
#6471 = VERTEX_POINT('',#6472);
#6472 = CARTESIAN_POINT('',(3.,0.43,5.551115123126E-17));
#6473 = SURFACE_CURVE('',#6474,(#6478,#6485),.PCURVE_S1.);
#6474 = LINE('',#6475,#6476);
#6475 = CARTESIAN_POINT('',(2.65,0.43,5.551115123126E-17));
#6476 = VECTOR('',#6477,1.);
#6477 = DIRECTION('',(1.,2.22044604925E-16,0.));
#6478 = PCURVE('',#4006,#6479);
#6479 = DEFINITIONAL_REPRESENTATION('',(#6480),#6484);
#6480 = LINE('',#6481,#6482);
#6481 = CARTESIAN_POINT('',(-0.532659657565,-0.23421032799));
#6482 = VECTOR('',#6483,1.);
#6483 = DIRECTION('',(0.,-1.));
#6484 = ( GEOMETRIC_REPRESENTATION_CONTEXT(2) 
PARAMETRIC_REPRESENTATION_CONTEXT() REPRESENTATION_CONTEXT('2D SPACE',''
  ) );
#6485 = PCURVE('',#4692,#6486);
#6486 = DEFINITIONAL_REPRESENTATION('',(#6487),#6491);
#6487 = LINE('',#6488,#6489);
#6488 = CARTESIAN_POINT('',(-9.103828801925E-17,-0.41));
#6489 = VECTOR('',#6490,1.);
#6490 = DIRECTION('',(1.,0.));
#6491 = ( GEOMETRIC_REPRESENTATION_CONTEXT(2) 
PARAMETRIC_REPRESENTATION_CONTEXT() REPRESENTATION_CONTEXT('2D SPACE',''
  ) );
#6492 = ORIENTED_EDGE('',*,*,#6493,.T.);
#6493 = EDGE_CURVE('',#6471,#6494,#6496,.T.);
#6494 = VERTEX_POINT('',#6495);
#6495 = CARTESIAN_POINT('',(3.,0.43,0.2));
#6496 = SURFACE_CURVE('',#6497,(#6501,#6508),.PCURVE_S1.);
#6497 = LINE('',#6498,#6499);
#6498 = CARTESIAN_POINT('',(3.,0.43,5.551115123126E-17));
#6499 = VECTOR('',#6500,1.);
#6500 = DIRECTION('',(0.,0.,1.));
#6501 = PCURVE('',#4006,#6502);
#6502 = DEFINITIONAL_REPRESENTATION('',(#6503),#6507);
#6503 = LINE('',#6504,#6505);
#6504 = CARTESIAN_POINT('',(-0.532659657565,-0.58421032799));
#6505 = VECTOR('',#6506,1.);
#6506 = DIRECTION('',(1.,0.));
#6507 = ( GEOMETRIC_REPRESENTATION_CONTEXT(2) 
PARAMETRIC_REPRESENTATION_CONTEXT() REPRESENTATION_CONTEXT('2D SPACE',''
  ) );
#6508 = PCURVE('',#4720,#6509);
#6509 = DEFINITIONAL_REPRESENTATION('',(#6510),#6514);
#6510 = LINE('',#6511,#6512);
#6511 = CARTESIAN_POINT('',(0.,-0.41));
#6512 = VECTOR('',#6513,1.);
#6513 = DIRECTION('',(1.,0.));
#6514 = ( GEOMETRIC_REPRESENTATION_CONTEXT(2) 
PARAMETRIC_REPRESENTATION_CONTEXT() REPRESENTATION_CONTEXT('2D SPACE',''
  ) );
#6515 = ORIENTED_EDGE('',*,*,#6516,.T.);
#6516 = EDGE_CURVE('',#6494,#6517,#6519,.T.);
#6517 = VERTEX_POINT('',#6518);
#6518 = CARTESIAN_POINT('',(2.65,0.43,0.2));
#6519 = SURFACE_CURVE('',#6520,(#6524,#6531),.PCURVE_S1.);
#6520 = LINE('',#6521,#6522);
#6521 = CARTESIAN_POINT('',(3.,0.43,0.2));
#6522 = VECTOR('',#6523,1.);
#6523 = DIRECTION('',(-1.,-2.22044604925E-16,0.));
#6524 = PCURVE('',#4006,#6525);
#6525 = DEFINITIONAL_REPRESENTATION('',(#6526),#6530);
#6526 = LINE('',#6527,#6528);
#6527 = CARTESIAN_POINT('',(-0.332659657565,-0.58421032799));
#6528 = VECTOR('',#6529,1.);
#6529 = DIRECTION('',(0.,1.));
#6530 = ( GEOMETRIC_REPRESENTATION_CONTEXT(2) 
PARAMETRIC_REPRESENTATION_CONTEXT() REPRESENTATION_CONTEXT('2D SPACE',''
  ) );
#6531 = PCURVE('',#4748,#6532);
#6532 = DEFINITIONAL_REPRESENTATION('',(#6533),#6537);
#6533 = LINE('',#6534,#6535);
#6534 = CARTESIAN_POINT('',(9.103828801925E-17,-0.41));
#6535 = VECTOR('',#6536,1.);
#6536 = DIRECTION('',(1.,0.));
#6537 = ( GEOMETRIC_REPRESENTATION_CONTEXT(2) 
PARAMETRIC_REPRESENTATION_CONTEXT() REPRESENTATION_CONTEXT('2D SPACE',''
  ) );
#6538 = ORIENTED_EDGE('',*,*,#6539,.T.);
#6539 = EDGE_CURVE('',#6517,#6540,#6542,.T.);
#6540 = VERTEX_POINT('',#6541);
#6541 = CARTESIAN_POINT('',(2.55,0.43,0.3));
#6542 = SURFACE_CURVE('',#6543,(#6548,#6559),.PCURVE_S1.);
#6543 = CIRCLE('',#6544,0.1);
#6544 = AXIS2_PLACEMENT_3D('',#6545,#6546,#6547);
#6545 = CARTESIAN_POINT('',(2.65,0.43,0.3));
#6546 = DIRECTION('',(-2.22044604925E-16,1.,0.));
#6547 = DIRECTION('',(0.,0.,-1.));
#6548 = PCURVE('',#4006,#6549);
#6549 = DEFINITIONAL_REPRESENTATION('',(#6550),#6558);
#6550 = ( BOUNDED_CURVE() B_SPLINE_CURVE(2,(#6551,#6552,#6553,#6554,
#6555,#6556,#6557),.UNSPECIFIED.,.T.,.F.) B_SPLINE_CURVE_WITH_KNOTS((1,2
    ,2,2,2,1),(-2.094395102393,0.,2.094395102393,4.188790204786,
6.28318530718,8.377580409573),.UNSPECIFIED.) CURVE() 
GEOMETRIC_REPRESENTATION_ITEM() RATIONAL_B_SPLINE_CURVE((1.,0.5,1.,0.5,
1.,0.5,1.)) REPRESENTATION_ITEM('') );
#6551 = CARTESIAN_POINT('',(-0.332659657565,-0.23421032799));
#6552 = CARTESIAN_POINT('',(-0.332659657565,-6.100524723311E-02));
#6553 = CARTESIAN_POINT('',(-0.182659657565,-0.147607787612));
#6554 = CARTESIAN_POINT('',(-3.2659657565E-02,-0.23421032799));
#6555 = CARTESIAN_POINT('',(-0.182659657565,-0.320812868368));
#6556 = CARTESIAN_POINT('',(-0.332659657565,-0.407415408747));
#6557 = CARTESIAN_POINT('',(-0.332659657565,-0.23421032799));
#6558 = ( GEOMETRIC_REPRESENTATION_CONTEXT(2) 
PARAMETRIC_REPRESENTATION_CONTEXT() REPRESENTATION_CONTEXT('2D SPACE',''
  ) );
#6559 = PCURVE('',#4781,#6560);
#6560 = DEFINITIONAL_REPRESENTATION('',(#6561),#6565);
#6561 = LINE('',#6562,#6563);
#6562 = CARTESIAN_POINT('',(0.,-0.41));
#6563 = VECTOR('',#6564,1.);
#6564 = DIRECTION('',(1.,3.533949646071E-17));
#6565 = ( GEOMETRIC_REPRESENTATION_CONTEXT(2) 
PARAMETRIC_REPRESENTATION_CONTEXT() REPRESENTATION_CONTEXT('2D SPACE',''
  ) );
#6566 = ORIENTED_EDGE('',*,*,#6567,.T.);
#6567 = EDGE_CURVE('',#6540,#6568,#6570,.T.);
#6568 = VERTEX_POINT('',#6569);
#6569 = CARTESIAN_POINT('',(2.55,0.43,0.725));
#6570 = SURFACE_CURVE('',#6571,(#6575,#6582),.PCURVE_S1.);
#6571 = LINE('',#6572,#6573);
#6572 = CARTESIAN_POINT('',(2.55,0.43,0.3));
#6573 = VECTOR('',#6574,1.);
#6574 = DIRECTION('',(0.,0.,1.));
#6575 = PCURVE('',#4006,#6576);
#6576 = DEFINITIONAL_REPRESENTATION('',(#6577),#6581);
#6577 = LINE('',#6578,#6579);
#6578 = CARTESIAN_POINT('',(-0.232659657565,-0.13421032799));
#6579 = VECTOR('',#6580,1.);
#6580 = DIRECTION('',(1.,0.));
#6581 = ( GEOMETRIC_REPRESENTATION_CONTEXT(2) 
PARAMETRIC_REPRESENTATION_CONTEXT() REPRESENTATION_CONTEXT('2D SPACE',''
  ) );
#6582 = PCURVE('',#4809,#6583);
#6583 = DEFINITIONAL_REPRESENTATION('',(#6584),#6588);
#6584 = LINE('',#6585,#6586);
#6585 = CARTESIAN_POINT('',(0.,-0.41));
#6586 = VECTOR('',#6587,1.);
#6587 = DIRECTION('',(1.,0.));
#6588 = ( GEOMETRIC_REPRESENTATION_CONTEXT(2) 
PARAMETRIC_REPRESENTATION_CONTEXT() REPRESENTATION_CONTEXT('2D SPACE',''
  ) );
#6589 = ORIENTED_EDGE('',*,*,#6590,.T.);
#6590 = EDGE_CURVE('',#6568,#6591,#6593,.T.);
#6591 = VERTEX_POINT('',#6592);
#6592 = CARTESIAN_POINT('',(2.25,0.43,1.025));
#6593 = SURFACE_CURVE('',#6594,(#6599,#6606),.PCURVE_S1.);
#6594 = CIRCLE('',#6595,0.3);
#6595 = AXIS2_PLACEMENT_3D('',#6596,#6597,#6598);
#6596 = CARTESIAN_POINT('',(2.25,0.43,0.725));
#6597 = DIRECTION('',(2.22044604925E-16,-1.,0.));
#6598 = DIRECTION('',(1.,2.22044604925E-16,3.700743415417E-16));
#6599 = PCURVE('',#4006,#6600);
#6600 = DEFINITIONAL_REPRESENTATION('',(#6601),#6605);
#6601 = CIRCLE('',#6602,0.3);
#6602 = AXIS2_PLACEMENT_2D('',#6603,#6604);
#6603 = CARTESIAN_POINT('',(0.192340342435,0.16578967201));
#6604 = DIRECTION('',(3.700743415417E-16,-1.));
#6605 = ( GEOMETRIC_REPRESENTATION_CONTEXT(2) 
PARAMETRIC_REPRESENTATION_CONTEXT() REPRESENTATION_CONTEXT('2D SPACE',''
  ) );
#6606 = PCURVE('',#4838,#6607);
#6607 = DEFINITIONAL_REPRESENTATION('',(#6608),#6612);
#6608 = LINE('',#6609,#6610);
#6609 = CARTESIAN_POINT('',(6.28318530718,-0.41));
#6610 = VECTOR('',#6611,1.);
#6611 = DIRECTION('',(-1.,0.));
#6612 = ( GEOMETRIC_REPRESENTATION_CONTEXT(2) 
PARAMETRIC_REPRESENTATION_CONTEXT() REPRESENTATION_CONTEXT('2D SPACE',''
  ) );
#6613 = ORIENTED_EDGE('',*,*,#6614,.T.);
#6614 = EDGE_CURVE('',#6591,#4129,#6615,.T.);
#6615 = SURFACE_CURVE('',#6616,(#6620,#6627),.PCURVE_S1.);
#6616 = LINE('',#6617,#6618);
#6617 = CARTESIAN_POINT('',(2.25,0.43,1.025));
#6618 = VECTOR('',#6619,1.);
#6619 = DIRECTION('',(-1.,-2.22044604925E-16,0.));
#6620 = PCURVE('',#4006,#6621);
#6621 = DEFINITIONAL_REPRESENTATION('',(#6622),#6626);
#6622 = LINE('',#6623,#6624);
#6623 = CARTESIAN_POINT('',(0.492340342435,0.16578967201));
#6624 = VECTOR('',#6625,1.);
#6625 = DIRECTION('',(0.,1.));
#6626 = ( GEOMETRIC_REPRESENTATION_CONTEXT(2) 
PARAMETRIC_REPRESENTATION_CONTEXT() REPRESENTATION_CONTEXT('2D SPACE',''
  ) );
#6627 = PCURVE('',#4347,#6628);
#6628 = DEFINITIONAL_REPRESENTATION('',(#6629),#6633);
#6629 = LINE('',#6630,#6631);
#6630 = CARTESIAN_POINT('',(9.103828801925E-17,-0.41));
#6631 = VECTOR('',#6632,1.);
#6632 = DIRECTION('',(1.,0.));
#6633 = ( GEOMETRIC_REPRESENTATION_CONTEXT(2) 
PARAMETRIC_REPRESENTATION_CONTEXT() REPRESENTATION_CONTEXT('2D SPACE',''
  ) );
#6634 = ADVANCED_FACE('',(#6635),#4063,.F.);
#6635 = FACE_BOUND('',#6636,.F.);
#6636 = EDGE_LOOP('',(#6637,#6638,#6639,#6667,#6690,#6714,#6737,#6760,
    #6783,#6811,#6834,#6858));
#6637 = ORIENTED_EDGE('',*,*,#4152,.F.);
#6638 = ORIENTED_EDGE('',*,*,#4047,.T.);
#6639 = ORIENTED_EDGE('',*,*,#6640,.T.);
#6640 = EDGE_CURVE('',#4048,#6641,#6643,.T.);
#6641 = VERTEX_POINT('',#6642);
#6642 = CARTESIAN_POINT('',(2.35,-0.43,0.725));
#6643 = SURFACE_CURVE('',#6644,(#6649,#6660),.PCURVE_S1.);
#6644 = CIRCLE('',#6645,0.1);
#6645 = AXIS2_PLACEMENT_3D('',#6646,#6647,#6648);
#6646 = CARTESIAN_POINT('',(2.25,-0.43,0.725));
#6647 = DIRECTION('',(-2.22044604925E-16,1.,0.));
#6648 = DIRECTION('',(4.440892098501E-15,9.860761315262E-31,1.));
#6649 = PCURVE('',#4063,#6650);
#6650 = DEFINITIONAL_REPRESENTATION('',(#6651),#6659);
#6651 = ( BOUNDED_CURVE() B_SPLINE_CURVE(2,(#6652,#6653,#6654,#6655,
#6656,#6657,#6658),.UNSPECIFIED.,.T.,.F.) B_SPLINE_CURVE_WITH_KNOTS((1,2
    ,2,2,2,1),(-2.094395102393,0.,2.094395102393,4.188790204786,
6.28318530718,8.377580409573),.UNSPECIFIED.) CURVE() 
GEOMETRIC_REPRESENTATION_ITEM() RATIONAL_B_SPLINE_CURVE((1.,0.5,1.,0.5,
1.,0.5,1.)) REPRESENTATION_ITEM('') );
#6652 = CARTESIAN_POINT('',(0.292340342435,0.16578967201));
#6653 = CARTESIAN_POINT('',(0.292340342435,-7.415408746888E-03));
#6654 = CARTESIAN_POINT('',(0.142340342435,7.918713163156E-02));
#6655 = CARTESIAN_POINT('',(-7.659657565E-03,0.16578967201));
#6656 = CARTESIAN_POINT('',(0.142340342435,0.252392212388));
#6657 = CARTESIAN_POINT('',(0.292340342435,0.338994752767));
#6658 = CARTESIAN_POINT('',(0.292340342435,0.16578967201));
#6659 = ( GEOMETRIC_REPRESENTATION_CONTEXT(2) 
PARAMETRIC_REPRESENTATION_CONTEXT() REPRESENTATION_CONTEXT('2D SPACE',''
  ) );
#6660 = PCURVE('',#4113,#6661);
#6661 = DEFINITIONAL_REPRESENTATION('',(#6662),#6666);
#6662 = LINE('',#6663,#6664);
#6663 = CARTESIAN_POINT('',(0.,0.));
#6664 = VECTOR('',#6665,1.);
#6665 = DIRECTION('',(1.,0.));
#6666 = ( GEOMETRIC_REPRESENTATION_CONTEXT(2) 
PARAMETRIC_REPRESENTATION_CONTEXT() REPRESENTATION_CONTEXT('2D SPACE',''
  ) );
#6667 = ORIENTED_EDGE('',*,*,#6668,.T.);
#6668 = EDGE_CURVE('',#6641,#6669,#6671,.T.);
#6669 = VERTEX_POINT('',#6670);
#6670 = CARTESIAN_POINT('',(2.35,-0.43,0.3));
#6671 = SURFACE_CURVE('',#6672,(#6676,#6683),.PCURVE_S1.);
#6672 = LINE('',#6673,#6674);
#6673 = CARTESIAN_POINT('',(2.35,-0.43,0.725));
#6674 = VECTOR('',#6675,1.);
#6675 = DIRECTION('',(1.044915787883E-15,2.320179133003E-31,-1.));
#6676 = PCURVE('',#4063,#6677);
#6677 = DEFINITIONAL_REPRESENTATION('',(#6678),#6682);
#6678 = LINE('',#6679,#6680);
#6679 = CARTESIAN_POINT('',(0.192340342435,6.578967201E-02));
#6680 = VECTOR('',#6681,1.);
#6681 = DIRECTION('',(-1.,-1.044915787883E-15));
#6682 = ( GEOMETRIC_REPRESENTATION_CONTEXT(2) 
PARAMETRIC_REPRESENTATION_CONTEXT() REPRESENTATION_CONTEXT('2D SPACE',''
  ) );
#6683 = PCURVE('',#6059,#6684);
#6684 = DEFINITIONAL_REPRESENTATION('',(#6685),#6689);
#6685 = LINE('',#6686,#6687);
#6686 = CARTESIAN_POINT('',(0.,0.));
#6687 = VECTOR('',#6688,1.);
#6688 = DIRECTION('',(1.,0.));
#6689 = ( GEOMETRIC_REPRESENTATION_CONTEXT(2) 
PARAMETRIC_REPRESENTATION_CONTEXT() REPRESENTATION_CONTEXT('2D SPACE',''
  ) );
#6690 = ORIENTED_EDGE('',*,*,#6691,.T.);
#6691 = EDGE_CURVE('',#6669,#6692,#6694,.T.);
#6692 = VERTEX_POINT('',#6693);
#6693 = CARTESIAN_POINT('',(2.65,-0.43,5.551115123126E-17));
#6694 = SURFACE_CURVE('',#6695,(#6700,#6707),.PCURVE_S1.);
#6695 = CIRCLE('',#6696,0.3);
#6696 = AXIS2_PLACEMENT_3D('',#6697,#6698,#6699);
#6697 = CARTESIAN_POINT('',(2.65,-0.43,0.3));
#6698 = DIRECTION('',(2.22044604925E-16,-1.,0.));
#6699 = DIRECTION('',(-1.,-2.22044604925E-16,3.515706244646E-15));
#6700 = PCURVE('',#4063,#6701);
#6701 = DEFINITIONAL_REPRESENTATION('',(#6702),#6706);
#6702 = CIRCLE('',#6703,0.3);
#6703 = AXIS2_PLACEMENT_2D('',#6704,#6705);
#6704 = CARTESIAN_POINT('',(-0.232659657565,-0.23421032799));
#6705 = DIRECTION('',(3.515706244646E-15,1.));
#6706 = ( GEOMETRIC_REPRESENTATION_CONTEXT(2) 
PARAMETRIC_REPRESENTATION_CONTEXT() REPRESENTATION_CONTEXT('2D SPACE',''
  ) );
#6707 = PCURVE('',#6088,#6708);
#6708 = DEFINITIONAL_REPRESENTATION('',(#6709),#6713);
#6709 = LINE('',#6710,#6711);
#6710 = CARTESIAN_POINT('',(6.28318530718,5.551115123126E-17));
#6711 = VECTOR('',#6712,1.);
#6712 = DIRECTION('',(-1.,-3.533949646071E-17));
#6713 = ( GEOMETRIC_REPRESENTATION_CONTEXT(2) 
PARAMETRIC_REPRESENTATION_CONTEXT() REPRESENTATION_CONTEXT('2D SPACE',''
  ) );
#6714 = ORIENTED_EDGE('',*,*,#6715,.T.);
#6715 = EDGE_CURVE('',#6692,#6716,#6718,.T.);
#6716 = VERTEX_POINT('',#6717);
#6717 = CARTESIAN_POINT('',(3.,-0.43,5.551115123126E-17));
#6718 = SURFACE_CURVE('',#6719,(#6723,#6730),.PCURVE_S1.);
#6719 = LINE('',#6720,#6721);
#6720 = CARTESIAN_POINT('',(2.65,-0.43,5.551115123126E-17));
#6721 = VECTOR('',#6722,1.);
#6722 = DIRECTION('',(1.,2.22044604925E-16,0.));
#6723 = PCURVE('',#4063,#6724);
#6724 = DEFINITIONAL_REPRESENTATION('',(#6725),#6729);
#6725 = LINE('',#6726,#6727);
#6726 = CARTESIAN_POINT('',(-0.532659657565,-0.23421032799));
#6727 = VECTOR('',#6728,1.);
#6728 = DIRECTION('',(0.,-1.));
#6729 = ( GEOMETRIC_REPRESENTATION_CONTEXT(2) 
PARAMETRIC_REPRESENTATION_CONTEXT() REPRESENTATION_CONTEXT('2D SPACE',''
  ) );
#6730 = PCURVE('',#6116,#6731);
#6731 = DEFINITIONAL_REPRESENTATION('',(#6732),#6736);
#6732 = LINE('',#6733,#6734);
#6733 = CARTESIAN_POINT('',(0.,0.));
#6734 = VECTOR('',#6735,1.);
#6735 = DIRECTION('',(1.,0.));
#6736 = ( GEOMETRIC_REPRESENTATION_CONTEXT(2) 
PARAMETRIC_REPRESENTATION_CONTEXT() REPRESENTATION_CONTEXT('2D SPACE',''
  ) );
#6737 = ORIENTED_EDGE('',*,*,#6738,.T.);
#6738 = EDGE_CURVE('',#6716,#6739,#6741,.T.);
#6739 = VERTEX_POINT('',#6740);
#6740 = CARTESIAN_POINT('',(3.,-0.43,0.2));
#6741 = SURFACE_CURVE('',#6742,(#6746,#6753),.PCURVE_S1.);
#6742 = LINE('',#6743,#6744);
#6743 = CARTESIAN_POINT('',(3.,-0.43,5.551115123126E-17));
#6744 = VECTOR('',#6745,1.);
#6745 = DIRECTION('',(0.,0.,1.));
#6746 = PCURVE('',#4063,#6747);
#6747 = DEFINITIONAL_REPRESENTATION('',(#6748),#6752);
#6748 = LINE('',#6749,#6750);
#6749 = CARTESIAN_POINT('',(-0.532659657565,-0.58421032799));
#6750 = VECTOR('',#6751,1.);
#6751 = DIRECTION('',(1.,0.));
#6752 = ( GEOMETRIC_REPRESENTATION_CONTEXT(2) 
PARAMETRIC_REPRESENTATION_CONTEXT() REPRESENTATION_CONTEXT('2D SPACE',''
  ) );
#6753 = PCURVE('',#6144,#6754);
#6754 = DEFINITIONAL_REPRESENTATION('',(#6755),#6759);
#6755 = LINE('',#6756,#6757);
#6756 = CARTESIAN_POINT('',(0.,0.));
#6757 = VECTOR('',#6758,1.);
#6758 = DIRECTION('',(1.,0.));
#6759 = ( GEOMETRIC_REPRESENTATION_CONTEXT(2) 
PARAMETRIC_REPRESENTATION_CONTEXT() REPRESENTATION_CONTEXT('2D SPACE',''
  ) );
#6760 = ORIENTED_EDGE('',*,*,#6761,.T.);
#6761 = EDGE_CURVE('',#6739,#6762,#6764,.T.);
#6762 = VERTEX_POINT('',#6763);
#6763 = CARTESIAN_POINT('',(2.65,-0.43,0.2));
#6764 = SURFACE_CURVE('',#6765,(#6769,#6776),.PCURVE_S1.);
#6765 = LINE('',#6766,#6767);
#6766 = CARTESIAN_POINT('',(3.,-0.43,0.2));
#6767 = VECTOR('',#6768,1.);
#6768 = DIRECTION('',(-1.,-2.22044604925E-16,0.));
#6769 = PCURVE('',#4063,#6770);
#6770 = DEFINITIONAL_REPRESENTATION('',(#6771),#6775);
#6771 = LINE('',#6772,#6773);
#6772 = CARTESIAN_POINT('',(-0.332659657565,-0.58421032799));
#6773 = VECTOR('',#6774,1.);
#6774 = DIRECTION('',(0.,1.));
#6775 = ( GEOMETRIC_REPRESENTATION_CONTEXT(2) 
PARAMETRIC_REPRESENTATION_CONTEXT() REPRESENTATION_CONTEXT('2D SPACE',''
  ) );
#6776 = PCURVE('',#6172,#6777);
#6777 = DEFINITIONAL_REPRESENTATION('',(#6778),#6782);
#6778 = LINE('',#6779,#6780);
#6779 = CARTESIAN_POINT('',(-0.,0.));
#6780 = VECTOR('',#6781,1.);
#6781 = DIRECTION('',(1.,0.));
#6782 = ( GEOMETRIC_REPRESENTATION_CONTEXT(2) 
PARAMETRIC_REPRESENTATION_CONTEXT() REPRESENTATION_CONTEXT('2D SPACE',''
  ) );
#6783 = ORIENTED_EDGE('',*,*,#6784,.T.);
#6784 = EDGE_CURVE('',#6762,#6785,#6787,.T.);
#6785 = VERTEX_POINT('',#6786);
#6786 = CARTESIAN_POINT('',(2.55,-0.43,0.3));
#6787 = SURFACE_CURVE('',#6788,(#6793,#6804),.PCURVE_S1.);
#6788 = CIRCLE('',#6789,0.1);
#6789 = AXIS2_PLACEMENT_3D('',#6790,#6791,#6792);
#6790 = CARTESIAN_POINT('',(2.65,-0.43,0.3));
#6791 = DIRECTION('',(-2.22044604925E-16,1.,0.));
#6792 = DIRECTION('',(0.,0.,-1.));
#6793 = PCURVE('',#4063,#6794);
#6794 = DEFINITIONAL_REPRESENTATION('',(#6795),#6803);
#6795 = ( BOUNDED_CURVE() B_SPLINE_CURVE(2,(#6796,#6797,#6798,#6799,
#6800,#6801,#6802),.UNSPECIFIED.,.T.,.F.) B_SPLINE_CURVE_WITH_KNOTS((1,2
    ,2,2,2,1),(-2.094395102393,0.,2.094395102393,4.188790204786,
6.28318530718,8.377580409573),.UNSPECIFIED.) CURVE() 
GEOMETRIC_REPRESENTATION_ITEM() RATIONAL_B_SPLINE_CURVE((1.,0.5,1.,0.5,
1.,0.5,1.)) REPRESENTATION_ITEM('') );
#6796 = CARTESIAN_POINT('',(-0.332659657565,-0.23421032799));
#6797 = CARTESIAN_POINT('',(-0.332659657565,-6.100524723311E-02));
#6798 = CARTESIAN_POINT('',(-0.182659657565,-0.147607787612));
#6799 = CARTESIAN_POINT('',(-3.2659657565E-02,-0.23421032799));
#6800 = CARTESIAN_POINT('',(-0.182659657565,-0.320812868368));
#6801 = CARTESIAN_POINT('',(-0.332659657565,-0.407415408747));
#6802 = CARTESIAN_POINT('',(-0.332659657565,-0.23421032799));
#6803 = ( GEOMETRIC_REPRESENTATION_CONTEXT(2) 
PARAMETRIC_REPRESENTATION_CONTEXT() REPRESENTATION_CONTEXT('2D SPACE',''
  ) );
#6804 = PCURVE('',#6205,#6805);
#6805 = DEFINITIONAL_REPRESENTATION('',(#6806),#6810);
#6806 = LINE('',#6807,#6808);
#6807 = CARTESIAN_POINT('',(0.,0.));
#6808 = VECTOR('',#6809,1.);
#6809 = DIRECTION('',(1.,3.533949646071E-17));
#6810 = ( GEOMETRIC_REPRESENTATION_CONTEXT(2) 
PARAMETRIC_REPRESENTATION_CONTEXT() REPRESENTATION_CONTEXT('2D SPACE',''
  ) );
#6811 = ORIENTED_EDGE('',*,*,#6812,.T.);
#6812 = EDGE_CURVE('',#6785,#6813,#6815,.T.);
#6813 = VERTEX_POINT('',#6814);
#6814 = CARTESIAN_POINT('',(2.55,-0.43,0.725));
#6815 = SURFACE_CURVE('',#6816,(#6820,#6827),.PCURVE_S1.);
#6816 = LINE('',#6817,#6818);
#6817 = CARTESIAN_POINT('',(2.55,-0.43,0.3));
#6818 = VECTOR('',#6819,1.);
#6819 = DIRECTION('',(0.,0.,1.));
#6820 = PCURVE('',#4063,#6821);
#6821 = DEFINITIONAL_REPRESENTATION('',(#6822),#6826);
#6822 = LINE('',#6823,#6824);
#6823 = CARTESIAN_POINT('',(-0.232659657565,-0.13421032799));
#6824 = VECTOR('',#6825,1.);
#6825 = DIRECTION('',(1.,0.));
#6826 = ( GEOMETRIC_REPRESENTATION_CONTEXT(2) 
PARAMETRIC_REPRESENTATION_CONTEXT() REPRESENTATION_CONTEXT('2D SPACE',''
  ) );
#6827 = PCURVE('',#6233,#6828);
#6828 = DEFINITIONAL_REPRESENTATION('',(#6829),#6833);
#6829 = LINE('',#6830,#6831);
#6830 = CARTESIAN_POINT('',(0.,0.));
#6831 = VECTOR('',#6832,1.);
#6832 = DIRECTION('',(1.,0.));
#6833 = ( GEOMETRIC_REPRESENTATION_CONTEXT(2) 
PARAMETRIC_REPRESENTATION_CONTEXT() REPRESENTATION_CONTEXT('2D SPACE',''
  ) );
#6834 = ORIENTED_EDGE('',*,*,#6835,.T.);
#6835 = EDGE_CURVE('',#6813,#6836,#6838,.T.);
#6836 = VERTEX_POINT('',#6837);
#6837 = CARTESIAN_POINT('',(2.25,-0.43,1.025));
#6838 = SURFACE_CURVE('',#6839,(#6844,#6851),.PCURVE_S1.);
#6839 = CIRCLE('',#6840,0.3);
#6840 = AXIS2_PLACEMENT_3D('',#6841,#6842,#6843);
#6841 = CARTESIAN_POINT('',(2.25,-0.43,0.725));
#6842 = DIRECTION('',(2.22044604925E-16,-1.,0.));
#6843 = DIRECTION('',(1.,2.22044604925E-16,3.700743415417E-16));
#6844 = PCURVE('',#4063,#6845);
#6845 = DEFINITIONAL_REPRESENTATION('',(#6846),#6850);
#6846 = CIRCLE('',#6847,0.3);
#6847 = AXIS2_PLACEMENT_2D('',#6848,#6849);
#6848 = CARTESIAN_POINT('',(0.192340342435,0.16578967201));
#6849 = DIRECTION('',(3.700743415417E-16,-1.));
#6850 = ( GEOMETRIC_REPRESENTATION_CONTEXT(2) 
PARAMETRIC_REPRESENTATION_CONTEXT() REPRESENTATION_CONTEXT('2D SPACE',''
  ) );
#6851 = PCURVE('',#6262,#6852);
#6852 = DEFINITIONAL_REPRESENTATION('',(#6853),#6857);
#6853 = LINE('',#6854,#6855);
#6854 = CARTESIAN_POINT('',(6.28318530718,0.));
#6855 = VECTOR('',#6856,1.);
#6856 = DIRECTION('',(-1.,0.));
#6857 = ( GEOMETRIC_REPRESENTATION_CONTEXT(2) 
PARAMETRIC_REPRESENTATION_CONTEXT() REPRESENTATION_CONTEXT('2D SPACE',''
  ) );
#6858 = ORIENTED_EDGE('',*,*,#6859,.T.);
#6859 = EDGE_CURVE('',#6836,#4153,#6860,.T.);
#6860 = SURFACE_CURVE('',#6861,(#6865,#6872),.PCURVE_S1.);
#6861 = LINE('',#6862,#6863);
#6862 = CARTESIAN_POINT('',(2.25,-0.43,1.025));
#6863 = VECTOR('',#6864,1.);
#6864 = DIRECTION('',(-1.,-2.22044604925E-16,0.));
#6865 = PCURVE('',#4063,#6866);
#6866 = DEFINITIONAL_REPRESENTATION('',(#6867),#6871);
#6867 = LINE('',#6868,#6869);
#6868 = CARTESIAN_POINT('',(0.492340342435,0.16578967201));
#6869 = VECTOR('',#6870,1.);
#6870 = DIRECTION('',(0.,1.));
#6871 = ( GEOMETRIC_REPRESENTATION_CONTEXT(2) 
PARAMETRIC_REPRESENTATION_CONTEXT() REPRESENTATION_CONTEXT('2D SPACE',''
  ) );
#6872 = PCURVE('',#4397,#6873);
#6873 = DEFINITIONAL_REPRESENTATION('',(#6874),#6878);
#6874 = LINE('',#6875,#6876);
#6875 = CARTESIAN_POINT('',(-0.,0.));
#6876 = VECTOR('',#6877,1.);
#6877 = DIRECTION('',(1.,0.));
#6878 = ( GEOMETRIC_REPRESENTATION_CONTEXT(2) 
PARAMETRIC_REPRESENTATION_CONTEXT() REPRESENTATION_CONTEXT('2D SPACE',''
  ) );
#6879 = ADVANCED_FACE('',(#6880),#4113,.F.);
#6880 = FACE_BOUND('',#6881,.F.);
#6881 = EDGE_LOOP('',(#6882,#6883,#6884,#6905));
#6882 = ORIENTED_EDGE('',*,*,#4099,.T.);
#6883 = ORIENTED_EDGE('',*,*,#6015,.T.);
#6884 = ORIENTED_EDGE('',*,*,#6885,.F.);
#6885 = EDGE_CURVE('',#6641,#6016,#6886,.T.);
#6886 = SURFACE_CURVE('',#6887,(#6891,#6898),.PCURVE_S1.);
#6887 = LINE('',#6888,#6889);
#6888 = CARTESIAN_POINT('',(2.35,-0.43,0.725));
#6889 = VECTOR('',#6890,1.);
#6890 = DIRECTION('',(2.22044604925E-16,-1.,0.));
#6891 = PCURVE('',#4113,#6892);
#6892 = DEFINITIONAL_REPRESENTATION('',(#6893),#6897);
#6893 = LINE('',#6894,#6895);
#6894 = CARTESIAN_POINT('',(1.570796326795,0.));
#6895 = VECTOR('',#6896,1.);
#6896 = DIRECTION('',(0.,-1.));
#6897 = ( GEOMETRIC_REPRESENTATION_CONTEXT(2) 
PARAMETRIC_REPRESENTATION_CONTEXT() REPRESENTATION_CONTEXT('2D SPACE',''
  ) );
#6898 = PCURVE('',#6059,#6899);
#6899 = DEFINITIONAL_REPRESENTATION('',(#6900),#6904);
#6900 = LINE('',#6901,#6902);
#6901 = CARTESIAN_POINT('',(0.,0.));
#6902 = VECTOR('',#6903,1.);
#6903 = DIRECTION('',(7.584527938158E-44,-1.));
#6904 = ( GEOMETRIC_REPRESENTATION_CONTEXT(2) 
PARAMETRIC_REPRESENTATION_CONTEXT() REPRESENTATION_CONTEXT('2D SPACE',''
  ) );
#6905 = ORIENTED_EDGE('',*,*,#6640,.F.);
#6906 = ADVANCED_FACE('',(#6907),#4189,.F.);
#6907 = FACE_BOUND('',#6908,.F.);
#6908 = EDGE_LOOP('',(#6909,#6929,#6930,#6950));
#6909 = ORIENTED_EDGE('',*,*,#6910,.F.);
#6910 = EDGE_CURVE('',#4129,#4332,#6911,.T.);
#6911 = SURFACE_CURVE('',#6912,(#6916,#6922),.PCURVE_S1.);
#6912 = LINE('',#6913,#6914);
#6913 = CARTESIAN_POINT('',(2.25,0.43,1.025));
#6914 = VECTOR('',#6915,1.);
#6915 = DIRECTION('',(-1.,-2.22044604925E-16,0.));
#6916 = PCURVE('',#4189,#6917);
#6917 = DEFINITIONAL_REPRESENTATION('',(#6918),#6921);
#6918 = B_SPLINE_CURVE_WITH_KNOTS('',1,(#6919,#6920),.UNSPECIFIED.,.F.,
  .F.,(2,2),(0.3,0.375),.PIECEWISE_BEZIER_KNOTS.);
#6919 = CARTESIAN_POINT('',(1.845,3.104370344802E-17));
#6920 = CARTESIAN_POINT('',(1.837793296089,1.));
#6921 = ( GEOMETRIC_REPRESENTATION_CONTEXT(2) 
PARAMETRIC_REPRESENTATION_CONTEXT() REPRESENTATION_CONTEXT('2D SPACE',''
  ) );
#6922 = PCURVE('',#4347,#6923);
#6923 = DEFINITIONAL_REPRESENTATION('',(#6924),#6928);
#6924 = LINE('',#6925,#6926);
#6925 = CARTESIAN_POINT('',(9.103828801925E-17,-0.41));
#6926 = VECTOR('',#6927,1.);
#6927 = DIRECTION('',(1.,0.));
#6928 = ( GEOMETRIC_REPRESENTATION_CONTEXT(2) 
PARAMETRIC_REPRESENTATION_CONTEXT() REPRESENTATION_CONTEXT('2D SPACE',''
  ) );
#6929 = ORIENTED_EDGE('',*,*,#4175,.T.);
#6930 = ORIENTED_EDGE('',*,*,#6931,.T.);
#6931 = EDGE_CURVE('',#4153,#4360,#6932,.T.);
#6932 = SURFACE_CURVE('',#6933,(#6937,#6943),.PCURVE_S1.);
#6933 = LINE('',#6934,#6935);
#6934 = CARTESIAN_POINT('',(2.25,-0.43,1.025));
#6935 = VECTOR('',#6936,1.);
#6936 = DIRECTION('',(-1.,-2.22044604925E-16,0.));
#6937 = PCURVE('',#4189,#6938);
#6938 = DEFINITIONAL_REPRESENTATION('',(#6939),#6942);
#6939 = B_SPLINE_CURVE_WITH_KNOTS('',1,(#6940,#6941),.UNSPECIFIED.,.F.,
  .F.,(2,2),(0.3,0.375),.PIECEWISE_BEZIER_KNOTS.);
#6940 = CARTESIAN_POINT('',(2.705,2.93089957531E-17));
#6941 = CARTESIAN_POINT('',(2.712206703911,1.));
#6942 = ( GEOMETRIC_REPRESENTATION_CONTEXT(2) 
PARAMETRIC_REPRESENTATION_CONTEXT() REPRESENTATION_CONTEXT('2D SPACE',''
  ) );
#6943 = PCURVE('',#4397,#6944);
#6944 = DEFINITIONAL_REPRESENTATION('',(#6945),#6949);
#6945 = LINE('',#6946,#6947);
#6946 = CARTESIAN_POINT('',(-0.,0.));
#6947 = VECTOR('',#6948,1.);
#6948 = DIRECTION('',(1.,0.));
#6949 = ( GEOMETRIC_REPRESENTATION_CONTEXT(2) 
PARAMETRIC_REPRESENTATION_CONTEXT() REPRESENTATION_CONTEXT('2D SPACE',''
  ) );
#6950 = ORIENTED_EDGE('',*,*,#4359,.F.);
#6951 = ADVANCED_FACE('',(#6952),#4222,.F.);
#6952 = FACE_BOUND('',#6953,.F.);
#6953 = EDGE_LOOP('',(#6954,#6955,#6956,#6978));
#6954 = ORIENTED_EDGE('',*,*,#4206,.T.);
#6955 = ORIENTED_EDGE('',*,*,#4260,.T.);
#6956 = ORIENTED_EDGE('',*,*,#6957,.F.);
#6957 = EDGE_CURVE('',#6958,#4261,#6960,.T.);
#6958 = VERTEX_POINT('',#6959);
#6959 = CARTESIAN_POINT('',(1.7375,2.375,1.025));
#6960 = SURFACE_CURVE('',#6961,(#6965,#6971),.PCURVE_S1.);
#6961 = LINE('',#6962,#6963);
#6962 = CARTESIAN_POINT('',(1.7375,2.375,1.025));
#6963 = VECTOR('',#6964,1.);
#6964 = DIRECTION('',(0.707106781187,-0.707106781187,0.));
#6965 = PCURVE('',#4222,#6966);
#6966 = DEFINITIONAL_REPRESENTATION('',(#6967),#6970);
#6967 = B_SPLINE_CURVE_WITH_KNOTS('',1,(#6968,#6969),.UNSPECIFIED.,.F.,
  .F.,(2,2),(0.,0.194454364826),.PIECEWISE_BEZIER_KNOTS.);
#6968 = CARTESIAN_POINT('',(-3.328677979189E-16,1.));
#6969 = CARTESIAN_POINT('',(0.247487373415,1.));
#6970 = ( GEOMETRIC_REPRESENTATION_CONTEXT(2) 
PARAMETRIC_REPRESENTATION_CONTEXT() REPRESENTATION_CONTEXT('2D SPACE',''
  ) );
#6971 = PCURVE('',#4548,#6972);
#6972 = DEFINITIONAL_REPRESENTATION('',(#6973),#6977);
#6973 = LINE('',#6974,#6975);
#6974 = CARTESIAN_POINT('',(2.520333281894E-17,1.463398608857E-16));
#6975 = VECTOR('',#6976,1.);
#6976 = DIRECTION('',(1.,-5.45925346422E-16));
#6977 = ( GEOMETRIC_REPRESENTATION_CONTEXT(2) 
PARAMETRIC_REPRESENTATION_CONTEXT() REPRESENTATION_CONTEXT('2D SPACE',''
  ) );
#6978 = ORIENTED_EDGE('',*,*,#6979,.F.);
#6979 = EDGE_CURVE('',#4207,#6958,#6980,.T.);
#6980 = SURFACE_CURVE('',#6981,(#6984,#6991),.PCURVE_S1.);
#6981 = B_SPLINE_CURVE_WITH_KNOTS('',1,(#6982,#6983),.UNSPECIFIED.,.F.,
  .F.,(2,2),(0.,1.),.PIECEWISE_BEZIER_KNOTS.);
#6982 = CARTESIAN_POINT('',(1.775,2.45,1.025));
#6983 = CARTESIAN_POINT('',(1.7375,2.375,1.025));
#6984 = PCURVE('',#4222,#6985);
#6985 = DEFINITIONAL_REPRESENTATION('',(#6986),#6990);
#6986 = LINE('',#6987,#6988);
#6987 = CARTESIAN_POINT('',(-1.427240192909E-16,-5.26430630895E-15));
#6988 = VECTOR('',#6989,1.);
#6989 = DIRECTION('',(3.427360861369E-16,1.));
#6990 = ( GEOMETRIC_REPRESENTATION_CONTEXT(2) 
PARAMETRIC_REPRESENTATION_CONTEXT() REPRESENTATION_CONTEXT('2D SPACE',''
  ) );
#6991 = PCURVE('',#6992,#6997);
#6992 = B_SPLINE_SURFACE_WITH_KNOTS('',1,1,(
    (#6993,#6994)
    ,(#6995,#6996
    )),.UNSPECIFIED.,.F.,.F.,.F.,(2,2),(2,2),(0.,3.55),(0.,1.),
  .PIECEWISE_BEZIER_KNOTS.);
#6993 = CARTESIAN_POINT('',(-1.775,2.45,1.025));
#6994 = CARTESIAN_POINT('',(-1.7375,2.375,1.025));
#6995 = CARTESIAN_POINT('',(1.775,2.45,1.025));
#6996 = CARTESIAN_POINT('',(1.7375,2.375,1.025));
#6997 = DEFINITIONAL_REPRESENTATION('',(#6998),#7002);
#6998 = LINE('',#6999,#7000);
#6999 = CARTESIAN_POINT('',(3.55,1.042276600342E-15));
#7000 = VECTOR('',#7001,1.);
#7001 = DIRECTION('',(4.440892098501E-16,1.));
#7002 = ( GEOMETRIC_REPRESENTATION_CONTEXT(2) 
PARAMETRIC_REPRESENTATION_CONTEXT() REPRESENTATION_CONTEXT('2D SPACE',''
  ) );
#7003 = ADVANCED_FACE('',(#7004),#4246,.F.);
#7004 = FACE_BOUND('',#7005,.F.);
#7005 = EDGE_LOOP('',(#7006,#7007,#7008,#7031));
#7006 = ORIENTED_EDGE('',*,*,#4876,.T.);
#7007 = ORIENTED_EDGE('',*,*,#4234,.T.);
#7008 = ORIENTED_EDGE('',*,*,#7009,.F.);
#7009 = EDGE_CURVE('',#7010,#4207,#7012,.T.);
#7010 = VERTEX_POINT('',#7011);
#7011 = CARTESIAN_POINT('',(-1.775,2.45,1.025));
#7012 = SURFACE_CURVE('',#7013,(#7017,#7024),.PCURVE_S1.);
#7013 = LINE('',#7014,#7015);
#7014 = CARTESIAN_POINT('',(-1.775,2.45,1.025));
#7015 = VECTOR('',#7016,1.);
#7016 = DIRECTION('',(1.,2.22044604925E-16,0.));
#7017 = PCURVE('',#4246,#7018);
#7018 = DEFINITIONAL_REPRESENTATION('',(#7019),#7023);
#7019 = LINE('',#7020,#7021);
#7020 = CARTESIAN_POINT('',(0.,0.));
#7021 = VECTOR('',#7022,1.);
#7022 = DIRECTION('',(1.,0.));
#7023 = ( GEOMETRIC_REPRESENTATION_CONTEXT(2) 
PARAMETRIC_REPRESENTATION_CONTEXT() REPRESENTATION_CONTEXT('2D SPACE',''
  ) );
#7024 = PCURVE('',#6992,#7025);
#7025 = DEFINITIONAL_REPRESENTATION('',(#7026),#7030);
#7026 = LINE('',#7027,#7028);
#7027 = CARTESIAN_POINT('',(3.586217722922E-17,1.041987532702E-15));
#7028 = VECTOR('',#7029,1.);
#7029 = DIRECTION('',(1.,-3.335799961041E-15));
#7030 = ( GEOMETRIC_REPRESENTATION_CONTEXT(2) 
PARAMETRIC_REPRESENTATION_CONTEXT() REPRESENTATION_CONTEXT('2D SPACE',''
  ) );
#7031 = ORIENTED_EDGE('',*,*,#7032,.F.);
#7032 = EDGE_CURVE('',#4877,#7010,#7033,.T.);
#7033 = SURFACE_CURVE('',#7034,(#7037,#7043),.PCURVE_S1.);
#7034 = B_SPLINE_CURVE_WITH_KNOTS('',1,(#7035,#7036),.UNSPECIFIED.,.F.,
  .F.,(2,2),(0.,1.),.PIECEWISE_BEZIER_KNOTS.);
#7035 = CARTESIAN_POINT('',(-1.775,2.45,0.825));
#7036 = CARTESIAN_POINT('',(-1.775,2.45,1.025));
#7037 = PCURVE('',#4246,#7038);
#7038 = DEFINITIONAL_REPRESENTATION('',(#7039),#7042);
#7039 = B_SPLINE_CURVE_WITH_KNOTS('',1,(#7040,#7041),.UNSPECIFIED.,.F.,
  .F.,(2,2),(0.,1.),.PIECEWISE_BEZIER_KNOTS.);
#7040 = CARTESIAN_POINT('',(0.,-0.2));
#7041 = CARTESIAN_POINT('',(0.,0.));
#7042 = ( GEOMETRIC_REPRESENTATION_CONTEXT(2) 
PARAMETRIC_REPRESENTATION_CONTEXT() REPRESENTATION_CONTEXT('2D SPACE',''
  ) );
#7043 = PCURVE('',#5321,#7044);
#7044 = DEFINITIONAL_REPRESENTATION('',(#7045),#7048);
#7045 = B_SPLINE_CURVE_WITH_KNOTS('',1,(#7046,#7047),.UNSPECIFIED.,.F.,
  .F.,(2,2),(0.,1.),.PIECEWISE_BEZIER_KNOTS.);
#7046 = CARTESIAN_POINT('',(0.247487373415,-0.2));
#7047 = CARTESIAN_POINT('',(0.247487373415,0.));
#7048 = ( GEOMETRIC_REPRESENTATION_CONTEXT(2) 
PARAMETRIC_REPRESENTATION_CONTEXT() REPRESENTATION_CONTEXT('2D SPACE',''
  ) );
#7049 = ADVANCED_FACE('',(#7050),#4548,.F.);
#7050 = FACE_BOUND('',#7051,.F.);
#7051 = EDGE_LOOP('',(#7052,#7053,#7054,#7076));
#7052 = ORIENTED_EDGE('',*,*,#6957,.T.);
#7053 = ORIENTED_EDGE('',*,*,#4535,.T.);
#7054 = ORIENTED_EDGE('',*,*,#7055,.F.);
#7055 = EDGE_CURVE('',#7056,#4509,#7058,.T.);
#7056 = VERTEX_POINT('',#7057);
#7057 = CARTESIAN_POINT('',(1.680085640382,2.260171280765,1.75));
#7058 = SURFACE_CURVE('',#7059,(#7063,#7069),.PCURVE_S1.);
#7059 = LINE('',#7060,#7061);
#7060 = CARTESIAN_POINT('',(1.680085640382,2.260171280765,1.75));
#7061 = VECTOR('',#7062,1.);
#7062 = DIRECTION('',(0.707106781187,-0.707106781187,0.));
#7063 = PCURVE('',#4548,#7064);
#7064 = DEFINITIONAL_REPRESENTATION('',(#7065),#7068);
#7065 = B_SPLINE_CURVE_WITH_KNOTS('',1,(#7066,#7067),.UNSPECIFIED.,.F.,
  .F.,(2,2),(0.,0.113258198781),.PIECEWISE_BEZIER_KNOTS.);
#7066 = CARTESIAN_POINT('',(4.099913335811E-16,1.));
#7067 = CARTESIAN_POINT('',(0.194454364826,1.));
#7068 = ( GEOMETRIC_REPRESENTATION_CONTEXT(2) 
PARAMETRIC_REPRESENTATION_CONTEXT() REPRESENTATION_CONTEXT('2D SPACE',''
  ) );
#7069 = PCURVE('',#4523,#7070);
#7070 = DEFINITIONAL_REPRESENTATION('',(#7071),#7075);
#7071 = LINE('',#7072,#7073);
#7072 = CARTESIAN_POINT('',(2.004597404435,-2.696727698935));
#7073 = VECTOR('',#7074,1.);
#7074 = DIRECTION('',(0.989336133008,-0.145650320716));
#7075 = ( GEOMETRIC_REPRESENTATION_CONTEXT(2) 
PARAMETRIC_REPRESENTATION_CONTEXT() REPRESENTATION_CONTEXT('2D SPACE',''
  ) );
#7076 = ORIENTED_EDGE('',*,*,#7077,.F.);
#7077 = EDGE_CURVE('',#6958,#7056,#7078,.T.);
#7078 = SURFACE_CURVE('',#7079,(#7082,#7089),.PCURVE_S1.);
#7079 = B_SPLINE_CURVE_WITH_KNOTS('',1,(#7080,#7081),.UNSPECIFIED.,.F.,
  .F.,(2,2),(0.,1.),.PIECEWISE_BEZIER_KNOTS.);
#7080 = CARTESIAN_POINT('',(1.7375,2.375,1.025));
#7081 = CARTESIAN_POINT('',(1.680085640382,2.260171280765,1.75));
#7082 = PCURVE('',#4548,#7083);
#7083 = DEFINITIONAL_REPRESENTATION('',(#7084),#7088);
#7084 = LINE('',#7085,#7086);
#7085 = CARTESIAN_POINT('',(2.520333281894E-17,1.463398608857E-16));
#7086 = VECTOR('',#7087,1.);
#7087 = DIRECTION('',(1.127506532616E-16,1.));
#7088 = ( GEOMETRIC_REPRESENTATION_CONTEXT(2) 
PARAMETRIC_REPRESENTATION_CONTEXT() REPRESENTATION_CONTEXT('2D SPACE',''
  ) );
#7089 = PCURVE('',#7090,#7095);
#7090 = B_SPLINE_SURFACE_WITH_KNOTS('',1,1,(
    (#7091,#7092)
    ,(#7093,#7094
    )),.UNSPECIFIED.,.F.,.F.,.F.,(2,2),(2,2),(0.,3.475),(0.,1.),
  .PIECEWISE_BEZIER_KNOTS.);
#7091 = CARTESIAN_POINT('',(-1.7375,2.375,1.025));
#7092 = CARTESIAN_POINT('',(-1.680085640382,2.260171280765,1.75));
#7093 = CARTESIAN_POINT('',(1.7375,2.375,1.025));
#7094 = CARTESIAN_POINT('',(1.680085640382,2.260171280765,1.75));
#7095 = DEFINITIONAL_REPRESENTATION('',(#7096),#7100);
#7096 = LINE('',#7097,#7098);
#7097 = CARTESIAN_POINT('',(3.475,2.229134430816E-16));
#7098 = VECTOR('',#7099,1.);
#7099 = DIRECTION('',(0.,1.));
#7100 = ( GEOMETRIC_REPRESENTATION_CONTEXT(2) 
PARAMETRIC_REPRESENTATION_CONTEXT() REPRESENTATION_CONTEXT('2D SPACE',''
  ) );
#7101 = ADVANCED_FACE('',(#7102,#7256),#4523,.F.);
#7102 = FACE_BOUND('',#7103,.F.);
#7103 = EDGE_LOOP('',(#7104,#7126,#7127,#7128,#7150,#7177,#7204,#7231));
#7104 = ORIENTED_EDGE('',*,*,#7105,.T.);
#7105 = EDGE_CURVE('',#7106,#7056,#7108,.T.);
#7106 = VERTEX_POINT('',#7107);
#7107 = CARTESIAN_POINT('',(-1.680085640382,2.260171280765,1.75));
#7108 = SURFACE_CURVE('',#7109,(#7113,#7120),.PCURVE_S1.);
#7109 = LINE('',#7110,#7111);
#7110 = CARTESIAN_POINT('',(-1.680085640382,2.260171280765,1.75));
#7111 = VECTOR('',#7112,1.);
#7112 = DIRECTION('',(1.,2.22044604925E-16,0.));
#7113 = PCURVE('',#4523,#7114);
#7114 = DEFINITIONAL_REPRESENTATION('',(#7115),#7119);
#7115 = LINE('',#7116,#7117);
#7116 = CARTESIAN_POINT('',(0.,-0.));
#7117 = VECTOR('',#7118,1.);
#7118 = DIRECTION('',(0.596575959062,-0.802556617983));
#7119 = ( GEOMETRIC_REPRESENTATION_CONTEXT(2) 
PARAMETRIC_REPRESENTATION_CONTEXT() REPRESENTATION_CONTEXT('2D SPACE',''
  ) );
#7120 = PCURVE('',#7090,#7121);
#7121 = DEFINITIONAL_REPRESENTATION('',(#7122),#7125);
#7122 = B_SPLINE_CURVE_WITH_KNOTS('',1,(#7123,#7124),.UNSPECIFIED.,.F.,
  .F.,(2,2),(0.,3.360171280764),.PIECEWISE_BEZIER_KNOTS.);
#7123 = CARTESIAN_POINT('',(2.75143737505E-16,1.));
#7124 = CARTESIAN_POINT('',(3.475,1.));
#7125 = ( GEOMETRIC_REPRESENTATION_CONTEXT(2) 
PARAMETRIC_REPRESENTATION_CONTEXT() REPRESENTATION_CONTEXT('2D SPACE',''
  ) );
#7126 = ORIENTED_EDGE('',*,*,#7055,.T.);
#7127 = ORIENTED_EDGE('',*,*,#4508,.T.);
#7128 = ORIENTED_EDGE('',*,*,#7129,.T.);
#7129 = EDGE_CURVE('',#4482,#7130,#7132,.T.);
#7130 = VERTEX_POINT('',#7131);
#7131 = CARTESIAN_POINT('',(1.680085640382,-2.260171280765,1.75));
#7132 = SURFACE_CURVE('',#7133,(#7137,#7144),.PCURVE_S1.);
#7133 = LINE('',#7134,#7135);
#7134 = CARTESIAN_POINT('',(1.760171280765,-2.180085640382,1.75));
#7135 = VECTOR('',#7136,1.);
#7136 = DIRECTION('',(-0.707106781187,-0.707106781187,0.));
#7137 = PCURVE('',#4523,#7138);
#7138 = DEFINITIONAL_REPRESENTATION('',(#7139),#7143);
#7139 = LINE('',#7140,#7141);
#7140 = CARTESIAN_POINT('',(5.615932149767,-0.112050428413));
#7141 = VECTOR('',#7142,1.);
#7142 = DIRECTION('',(0.145650320716,0.989336133008));
#7143 = ( GEOMETRIC_REPRESENTATION_CONTEXT(2) 
PARAMETRIC_REPRESENTATION_CONTEXT() REPRESENTATION_CONTEXT('2D SPACE',''
  ) );
#7144 = PCURVE('',#4496,#7145);
#7145 = DEFINITIONAL_REPRESENTATION('',(#7146),#7149);
#7146 = B_SPLINE_CURVE_WITH_KNOTS('',1,(#7147,#7148),.UNSPECIFIED.,.F.,
  .F.,(2,2),(0.,0.113258198781),.PIECEWISE_BEZIER_KNOTS.);
#7147 = CARTESIAN_POINT('',(-1.316046174369E-16,1.));
#7148 = CARTESIAN_POINT('',(0.194454364826,1.));
#7149 = ( GEOMETRIC_REPRESENTATION_CONTEXT(2) 
PARAMETRIC_REPRESENTATION_CONTEXT() REPRESENTATION_CONTEXT('2D SPACE',''
  ) );
#7150 = ORIENTED_EDGE('',*,*,#7151,.T.);
#7151 = EDGE_CURVE('',#7130,#7152,#7154,.T.);
#7152 = VERTEX_POINT('',#7153);
#7153 = CARTESIAN_POINT('',(-1.680085640382,-2.260171280765,1.75));
#7154 = SURFACE_CURVE('',#7155,(#7159,#7166),.PCURVE_S1.);
#7155 = LINE('',#7156,#7157);
#7156 = CARTESIAN_POINT('',(1.680085640382,-2.260171280765,1.75));
#7157 = VECTOR('',#7158,1.);
#7158 = DIRECTION('',(-1.,-2.22044604925E-16,0.));
#7159 = PCURVE('',#4523,#7160);
#7160 = DEFINITIONAL_REPRESENTATION('',(#7161),#7165);
#7161 = LINE('',#7162,#7163);
#7162 = CARTESIAN_POINT('',(5.632428242743,-2.39808173319E-14));
#7163 = VECTOR('',#7164,1.);
#7164 = DIRECTION('',(-0.596575959062,0.802556617983));
#7165 = ( GEOMETRIC_REPRESENTATION_CONTEXT(2) 
PARAMETRIC_REPRESENTATION_CONTEXT() REPRESENTATION_CONTEXT('2D SPACE',''
  ) );
#7166 = PCURVE('',#7167,#7172);
#7167 = B_SPLINE_SURFACE_WITH_KNOTS('',1,1,(
    (#7168,#7169)
    ,(#7170,#7171
    )),.UNSPECIFIED.,.F.,.F.,.F.,(2,2),(2,2),(0.,3.475),(0.,1.),
  .PIECEWISE_BEZIER_KNOTS.);
#7168 = CARTESIAN_POINT('',(1.7375,-2.375,1.025));
#7169 = CARTESIAN_POINT('',(1.680085640382,-2.260171280765,1.75));
#7170 = CARTESIAN_POINT('',(-1.7375,-2.375,1.025));
#7171 = CARTESIAN_POINT('',(-1.680085640382,-2.260171280765,1.75));
#7172 = DEFINITIONAL_REPRESENTATION('',(#7173),#7176);
#7173 = B_SPLINE_CURVE_WITH_KNOTS('',1,(#7174,#7175),.UNSPECIFIED.,.F.,
  .F.,(2,2),(0.,3.360171280764),.PIECEWISE_BEZIER_KNOTS.);
#7174 = CARTESIAN_POINT('',(2.75143737505E-16,1.));
#7175 = CARTESIAN_POINT('',(3.475,1.));
#7176 = ( GEOMETRIC_REPRESENTATION_CONTEXT(2) 
PARAMETRIC_REPRESENTATION_CONTEXT() REPRESENTATION_CONTEXT('2D SPACE',''
  ) );
#7177 = ORIENTED_EDGE('',*,*,#7178,.T.);
#7178 = EDGE_CURVE('',#7152,#7179,#7181,.T.);
#7179 = VERTEX_POINT('',#7180);
#7180 = CARTESIAN_POINT('',(-1.760171280765,-2.180085640382,1.75));
#7181 = SURFACE_CURVE('',#7182,(#7186,#7193),.PCURVE_S1.);
#7182 = LINE('',#7183,#7184);
#7183 = CARTESIAN_POINT('',(-1.680085640382,-2.260171280765,1.75));
#7184 = VECTOR('',#7185,1.);
#7185 = DIRECTION('',(-0.707106781187,0.707106781187,0.));
#7186 = PCURVE('',#4523,#7187);
#7187 = DEFINITIONAL_REPRESENTATION('',(#7188),#7192);
#7188 = LINE('',#7189,#7190);
#7189 = CARTESIAN_POINT('',(3.627830838308,2.696727698935));
#7190 = VECTOR('',#7191,1.);
#7191 = DIRECTION('',(-0.989336133008,0.145650320716));
#7192 = ( GEOMETRIC_REPRESENTATION_CONTEXT(2) 
PARAMETRIC_REPRESENTATION_CONTEXT() REPRESENTATION_CONTEXT('2D SPACE',''
  ) );
#7193 = PCURVE('',#7194,#7199);
#7194 = B_SPLINE_SURFACE_WITH_KNOTS('',1,1,(
    (#7195,#7196)
    ,(#7197,#7198
    )),.UNSPECIFIED.,.F.,.F.,.F.,(2,2),(2,2),(0.,0.194454364826),(0.,1.)
  ,.PIECEWISE_BEZIER_KNOTS.);
#7195 = CARTESIAN_POINT('',(-1.7375,-2.375,1.025));
#7196 = CARTESIAN_POINT('',(-1.680085640382,-2.260171280765,1.75));
#7197 = CARTESIAN_POINT('',(-1.875,-2.2375,1.025));
#7198 = CARTESIAN_POINT('',(-1.760171280765,-2.180085640382,1.75));
#7199 = DEFINITIONAL_REPRESENTATION('',(#7200),#7203);
#7200 = B_SPLINE_CURVE_WITH_KNOTS('',1,(#7201,#7202),.UNSPECIFIED.,.F.,
  .F.,(2,2),(0.,0.113258198781),.PIECEWISE_BEZIER_KNOTS.);
#7201 = CARTESIAN_POINT('',(4.099913335811E-16,1.));
#7202 = CARTESIAN_POINT('',(0.194454364826,1.));
#7203 = ( GEOMETRIC_REPRESENTATION_CONTEXT(2) 
PARAMETRIC_REPRESENTATION_CONTEXT() REPRESENTATION_CONTEXT('2D SPACE',''
  ) );
#7204 = ORIENTED_EDGE('',*,*,#7205,.T.);
#7205 = EDGE_CURVE('',#7179,#7206,#7208,.T.);
#7206 = VERTEX_POINT('',#7207);
#7207 = CARTESIAN_POINT('',(-1.760171280765,2.180085640382,1.75));
#7208 = SURFACE_CURVE('',#7209,(#7213,#7220),.PCURVE_S1.);
#7209 = LINE('',#7210,#7211);
#7210 = CARTESIAN_POINT('',(-1.760171280765,-2.180085640382,1.75));
#7211 = VECTOR('',#7212,1.);
#7212 = DIRECTION('',(-2.22044604925E-16,1.,0.));
#7213 = PCURVE('',#4523,#7214);
#7214 = DEFINITIONAL_REPRESENTATION('',(#7215),#7219);
#7215 = LINE('',#7216,#7217);
#7216 = CARTESIAN_POINT('',(3.515780409894,2.713223791911));
#7217 = VECTOR('',#7218,1.);
#7218 = DIRECTION('',(-0.802556617983,-0.596575959062));
#7219 = ( GEOMETRIC_REPRESENTATION_CONTEXT(2) 
PARAMETRIC_REPRESENTATION_CONTEXT() REPRESENTATION_CONTEXT('2D SPACE',''
  ) );
#7220 = PCURVE('',#7221,#7226);
#7221 = B_SPLINE_SURFACE_WITH_KNOTS('',1,1,(
    (#7222,#7223)
    ,(#7224,#7225
    )),.UNSPECIFIED.,.F.,.F.,.F.,(2,2),(2,2),(0.,4.475),(0.,1.),
  .PIECEWISE_BEZIER_KNOTS.);
#7222 = CARTESIAN_POINT('',(-1.875,-2.2375,1.025));
#7223 = CARTESIAN_POINT('',(-1.760171280765,-2.180085640382,1.75));
#7224 = CARTESIAN_POINT('',(-1.875,2.2375,1.025));
#7225 = CARTESIAN_POINT('',(-1.760171280765,2.180085640382,1.75));
#7226 = DEFINITIONAL_REPRESENTATION('',(#7227),#7230);
#7227 = B_SPLINE_CURVE_WITH_KNOTS('',1,(#7228,#7229),.UNSPECIFIED.,.F.,
  .F.,(2,2),(0.,4.360171280764),.PIECEWISE_BEZIER_KNOTS.);
#7228 = CARTESIAN_POINT('',(-3.026276149984E-17,1.));
#7229 = CARTESIAN_POINT('',(4.475,1.));
#7230 = ( GEOMETRIC_REPRESENTATION_CONTEXT(2) 
PARAMETRIC_REPRESENTATION_CONTEXT() REPRESENTATION_CONTEXT('2D SPACE',''
  ) );
#7231 = ORIENTED_EDGE('',*,*,#7232,.T.);
#7232 = EDGE_CURVE('',#7206,#7106,#7233,.T.);
#7233 = SURFACE_CURVE('',#7234,(#7238,#7245),.PCURVE_S1.);
#7234 = LINE('',#7235,#7236);
#7235 = CARTESIAN_POINT('',(-1.760171280765,2.180085640382,1.75));
#7236 = VECTOR('',#7237,1.);
#7237 = DIRECTION('',(0.707106781187,0.707106781187,0.));
#7238 = PCURVE('',#4523,#7239);
#7239 = DEFINITIONAL_REPRESENTATION('',(#7240),#7244);
#7240 = LINE('',#7241,#7242);
#7241 = CARTESIAN_POINT('',(1.649609297621E-02,0.112050428413));
#7242 = VECTOR('',#7243,1.);
#7243 = DIRECTION('',(-0.145650320716,-0.989336133008));
#7244 = ( GEOMETRIC_REPRESENTATION_CONTEXT(2) 
PARAMETRIC_REPRESENTATION_CONTEXT() REPRESENTATION_CONTEXT('2D SPACE',''
  ) );
#7245 = PCURVE('',#7246,#7251);
#7246 = B_SPLINE_SURFACE_WITH_KNOTS('',1,1,(
    (#7247,#7248)
    ,(#7249,#7250
    )),.UNSPECIFIED.,.F.,.F.,.F.,(2,2),(2,2),(0.,0.194454364826),(0.,1.)
  ,.PIECEWISE_BEZIER_KNOTS.);
#7247 = CARTESIAN_POINT('',(-1.875,2.2375,1.025));
#7248 = CARTESIAN_POINT('',(-1.760171280765,2.180085640382,1.75));
#7249 = CARTESIAN_POINT('',(-1.7375,2.375,1.025));
#7250 = CARTESIAN_POINT('',(-1.680085640382,2.260171280765,1.75));
#7251 = DEFINITIONAL_REPRESENTATION('',(#7252),#7255);
#7252 = B_SPLINE_CURVE_WITH_KNOTS('',1,(#7253,#7254),.UNSPECIFIED.,.F.,
  .F.,(2,2),(0.,0.113258198781),.PIECEWISE_BEZIER_KNOTS.);
#7253 = CARTESIAN_POINT('',(-1.316046174369E-16,1.));
#7254 = CARTESIAN_POINT('',(0.194454364826,1.));
#7255 = ( GEOMETRIC_REPRESENTATION_CONTEXT(2) 
PARAMETRIC_REPRESENTATION_CONTEXT() REPRESENTATION_CONTEXT('2D SPACE',''
  ) );
#7256 = FACE_BOUND('',#7257,.F.);
#7257 = EDGE_LOOP('',(#7258));
#7258 = ORIENTED_EDGE('',*,*,#7259,.T.);
#7259 = EDGE_CURVE('',#7260,#7260,#7262,.T.);
#7260 = VERTEX_POINT('',#7261);
#7261 = CARTESIAN_POINT('',(-1.110171280765,1.310171280765,1.75));
#7262 = SURFACE_CURVE('',#7263,(#7268,#7279),.PCURVE_S1.);
#7263 = CIRCLE('',#7264,0.3);
#7264 = AXIS2_PLACEMENT_3D('',#7265,#7266,#7267);
#7265 = CARTESIAN_POINT('',(-1.110171280765,1.610171280765,1.75));
#7266 = DIRECTION('',(-0.,0.,1.));
#7267 = DIRECTION('',(2.22044604925E-16,-1.,0.));
#7268 = PCURVE('',#4523,#7269);
#7269 = DEFINITIONAL_REPRESENTATION('',(#7270),#7278);
#7270 = ( BOUNDED_CURVE() B_SPLINE_CURVE(2,(#7271,#7272,#7273,#7274,
#7275,#7276,#7277),.UNSPECIFIED.,.T.,.F.) B_SPLINE_CURVE_WITH_KNOTS((1,2
    ,2,2,2,1),(-2.094395102393,0.,2.094395102393,4.188790204786,
6.28318530718,8.377580409573),.UNSPECIFIED.) CURVE() 
GEOMETRIC_REPRESENTATION_ITEM() RATIONAL_B_SPLINE_CURVE((1.,0.5,1.,0.5,
1.,0.5,1.)) REPRESENTATION_ITEM('') );
#7271 = CARTESIAN_POINT('',(1.102425992756,0.109358620115));
#7272 = CARTESIAN_POINT('',(1.412415954257,-0.307662031375));
#7273 = CARTESIAN_POINT('',(0.896270495414,-0.367610887208));
#7274 = CARTESIAN_POINT('',(0.380125036571,-0.427559743041));
#7275 = CARTESIAN_POINT('',(0.586280533913,4.940976428144E-02));
#7276 = CARTESIAN_POINT('',(0.792436031255,0.526379271604));
#7277 = CARTESIAN_POINT('',(1.102425992756,0.109358620115));
#7278 = ( GEOMETRIC_REPRESENTATION_CONTEXT(2) 
PARAMETRIC_REPRESENTATION_CONTEXT() REPRESENTATION_CONTEXT('2D SPACE',''
  ) );
#7279 = PCURVE('',#7280,#7285);
#7280 = CYLINDRICAL_SURFACE('',#7281,0.3);
#7281 = AXIS2_PLACEMENT_3D('',#7282,#7283,#7284);
#7282 = CARTESIAN_POINT('',(-1.110171280765,1.610171280765,1.75));
#7283 = DIRECTION('',(-0.,0.,-1.));
#7284 = DIRECTION('',(2.22044604925E-16,-1.,-0.));
#7285 = DEFINITIONAL_REPRESENTATION('',(#7286),#7290);
#7286 = LINE('',#7287,#7288);
#7287 = CARTESIAN_POINT('',(6.28318530718,0.));
#7288 = VECTOR('',#7289,1.);
#7289 = DIRECTION('',(-1.,0.));
#7290 = ( GEOMETRIC_REPRESENTATION_CONTEXT(2) 
PARAMETRIC_REPRESENTATION_CONTEXT() REPRESENTATION_CONTEXT('2D SPACE',''
  ) );
#7291 = ADVANCED_FACE('',(#7292),#4496,.F.);
#7292 = FACE_BOUND('',#7293,.F.);
#7293 = EDGE_LOOP('',(#7294,#7316,#7336,#7337));
#7294 = ORIENTED_EDGE('',*,*,#7295,.T.);
#7295 = EDGE_CURVE('',#4460,#7296,#7298,.T.);
#7296 = VERTEX_POINT('',#7297);
#7297 = CARTESIAN_POINT('',(1.7375,-2.375,1.025));
#7298 = SURFACE_CURVE('',#7299,(#7303,#7310),.PCURVE_S1.);
#7299 = LINE('',#7300,#7301);
#7300 = CARTESIAN_POINT('',(1.875,-2.2375,1.025));
#7301 = VECTOR('',#7302,1.);
#7302 = DIRECTION('',(-0.707106781187,-0.707106781187,0.));
#7303 = PCURVE('',#4496,#7304);
#7304 = DEFINITIONAL_REPRESENTATION('',(#7305),#7309);
#7305 = LINE('',#7306,#7307);
#7306 = CARTESIAN_POINT('',(-1.318037530753E-16,1.463330846146E-16));
#7307 = VECTOR('',#7308,1.);
#7308 = DIRECTION('',(1.,1.81974050535E-16));
#7309 = ( GEOMETRIC_REPRESENTATION_CONTEXT(2) 
PARAMETRIC_REPRESENTATION_CONTEXT() REPRESENTATION_CONTEXT('2D SPACE',''
  ) );
#7310 = PCURVE('',#5372,#7311);
#7311 = DEFINITIONAL_REPRESENTATION('',(#7312),#7315);
#7312 = B_SPLINE_CURVE_WITH_KNOTS('',1,(#7313,#7314),.UNSPECIFIED.,.F.,
  .F.,(2,2),(0.,0.194454364826),.PIECEWISE_BEZIER_KNOTS.);
#7313 = CARTESIAN_POINT('',(5.446312357614E-16,1.));
#7314 = CARTESIAN_POINT('',(0.247487373415,1.));
#7315 = ( GEOMETRIC_REPRESENTATION_CONTEXT(2) 
PARAMETRIC_REPRESENTATION_CONTEXT() REPRESENTATION_CONTEXT('2D SPACE',''
  ) );
#7316 = ORIENTED_EDGE('',*,*,#7317,.T.);
#7317 = EDGE_CURVE('',#7296,#7130,#7318,.T.);
#7318 = SURFACE_CURVE('',#7319,(#7322,#7329),.PCURVE_S1.);
#7319 = B_SPLINE_CURVE_WITH_KNOTS('',1,(#7320,#7321),.UNSPECIFIED.,.F.,
  .F.,(2,2),(0.,1.),.PIECEWISE_BEZIER_KNOTS.);
#7320 = CARTESIAN_POINT('',(1.7375,-2.375,1.025));
#7321 = CARTESIAN_POINT('',(1.680085640382,-2.260171280765,1.75));
#7322 = PCURVE('',#4496,#7323);
#7323 = DEFINITIONAL_REPRESENTATION('',(#7324),#7328);
#7324 = LINE('',#7325,#7326);
#7325 = CARTESIAN_POINT('',(0.194454364826,1.463361621183E-16));
#7326 = VECTOR('',#7327,1.);
#7327 = DIRECTION('',(-5.273559366969E-16,1.));
#7328 = ( GEOMETRIC_REPRESENTATION_CONTEXT(2) 
PARAMETRIC_REPRESENTATION_CONTEXT() REPRESENTATION_CONTEXT('2D SPACE',''
  ) );
#7329 = PCURVE('',#7167,#7330);
#7330 = DEFINITIONAL_REPRESENTATION('',(#7331),#7335);
#7331 = LINE('',#7332,#7333);
#7332 = CARTESIAN_POINT('',(-1.062162001898E-16,3.830465704938E-18));
#7333 = VECTOR('',#7334,1.);
#7334 = DIRECTION('',(3.757404270073E-16,1.));
#7335 = ( GEOMETRIC_REPRESENTATION_CONTEXT(2) 
PARAMETRIC_REPRESENTATION_CONTEXT() REPRESENTATION_CONTEXT('2D SPACE',''
  ) );
#7336 = ORIENTED_EDGE('',*,*,#7129,.F.);
#7337 = ORIENTED_EDGE('',*,*,#4481,.F.);
#7338 = ADVANCED_FACE('',(#7339),#4347,.F.);
#7339 = FACE_BOUND('',#7340,.F.);
#7340 = EDGE_LOOP('',(#7341,#7342,#7363,#7364,#7365,#7366));
#7341 = ORIENTED_EDGE('',*,*,#4850,.F.);
#7342 = ORIENTED_EDGE('',*,*,#7343,.T.);
#7343 = EDGE_CURVE('',#4822,#6591,#7344,.T.);
#7344 = SURFACE_CURVE('',#7345,(#7349,#7356),.PCURVE_S1.);
#7345 = LINE('',#7346,#7347);
#7346 = CARTESIAN_POINT('',(2.25,0.84,1.025));
#7347 = VECTOR('',#7348,1.);
#7348 = DIRECTION('',(2.22044604925E-16,-1.,0.));
#7349 = PCURVE('',#4347,#7350);
#7350 = DEFINITIONAL_REPRESENTATION('',(#7351),#7355);
#7351 = LINE('',#7352,#7353);
#7352 = CARTESIAN_POINT('',(-0.,0.));
#7353 = VECTOR('',#7354,1.);
#7354 = DIRECTION('',(0.,-1.));
#7355 = ( GEOMETRIC_REPRESENTATION_CONTEXT(2) 
PARAMETRIC_REPRESENTATION_CONTEXT() REPRESENTATION_CONTEXT('2D SPACE',''
  ) );
#7356 = PCURVE('',#4838,#7357);
#7357 = DEFINITIONAL_REPRESENTATION('',(#7358),#7362);
#7358 = LINE('',#7359,#7360);
#7359 = CARTESIAN_POINT('',(4.712388980385,0.));
#7360 = VECTOR('',#7361,1.);
#7361 = DIRECTION('',(0.,-1.));
#7362 = ( GEOMETRIC_REPRESENTATION_CONTEXT(2) 
PARAMETRIC_REPRESENTATION_CONTEXT() REPRESENTATION_CONTEXT('2D SPACE',''
  ) );
#7363 = ORIENTED_EDGE('',*,*,#6614,.T.);
#7364 = ORIENTED_EDGE('',*,*,#6910,.T.);
#7365 = ORIENTED_EDGE('',*,*,#4331,.F.);
#7366 = ORIENTED_EDGE('',*,*,#4565,.F.);
#7367 = ADVANCED_FACE('',(#7368),#4447,.F.);
#7368 = FACE_BOUND('',#7369,.F.);
#7369 = EDGE_LOOP('',(#7370,#7371,#7392,#7393,#7394,#7395));
#7370 = ORIENTED_EDGE('',*,*,#5962,.F.);
#7371 = ORIENTED_EDGE('',*,*,#7372,.T.);
#7372 = EDGE_CURVE('',#5939,#5621,#7373,.T.);
#7373 = SURFACE_CURVE('',#7374,(#7378,#7385),.PCURVE_S1.);
#7374 = LINE('',#7375,#7376);
#7375 = CARTESIAN_POINT('',(2.25,-1.7,1.025));
#7376 = VECTOR('',#7377,1.);
#7377 = DIRECTION('',(2.22044604925E-16,-1.,0.));
#7378 = PCURVE('',#4447,#7379);
#7379 = DEFINITIONAL_REPRESENTATION('',(#7380),#7384);
#7380 = LINE('',#7381,#7382);
#7381 = CARTESIAN_POINT('',(-0.,0.));
#7382 = VECTOR('',#7383,1.);
#7383 = DIRECTION('',(0.,-1.));
#7384 = ( GEOMETRIC_REPRESENTATION_CONTEXT(2) 
PARAMETRIC_REPRESENTATION_CONTEXT() REPRESENTATION_CONTEXT('2D SPACE',''
  ) );
#7385 = PCURVE('',#5637,#7386);
#7386 = DEFINITIONAL_REPRESENTATION('',(#7387),#7391);
#7387 = LINE('',#7388,#7389);
#7388 = CARTESIAN_POINT('',(4.712388980385,0.));
#7389 = VECTOR('',#7390,1.);
#7390 = DIRECTION('',(0.,-1.));
#7391 = ( GEOMETRIC_REPRESENTATION_CONTEXT(2) 
PARAMETRIC_REPRESENTATION_CONTEXT() REPRESENTATION_CONTEXT('2D SPACE',''
  ) );
#7392 = ORIENTED_EDGE('',*,*,#5649,.T.);
#7393 = ORIENTED_EDGE('',*,*,#5673,.T.);
#7394 = ORIENTED_EDGE('',*,*,#4431,.F.);
#7395 = ORIENTED_EDGE('',*,*,#6319,.F.);
#7396 = ADVANCED_FACE('',(#7397),#4397,.F.);
#7397 = FACE_BOUND('',#7398,.F.);
#7398 = EDGE_LOOP('',(#7399,#7400,#7421,#7422,#7423,#7424));
#7399 = ORIENTED_EDGE('',*,*,#6859,.F.);
#7400 = ORIENTED_EDGE('',*,*,#7401,.T.);
#7401 = EDGE_CURVE('',#6836,#6246,#7402,.T.);
#7402 = SURFACE_CURVE('',#7403,(#7407,#7414),.PCURVE_S1.);
#7403 = LINE('',#7404,#7405);
#7404 = CARTESIAN_POINT('',(2.25,-0.43,1.025));
#7405 = VECTOR('',#7406,1.);
#7406 = DIRECTION('',(2.22044604925E-16,-1.,0.));
#7407 = PCURVE('',#4397,#7408);
#7408 = DEFINITIONAL_REPRESENTATION('',(#7409),#7413);
#7409 = LINE('',#7410,#7411);
#7410 = CARTESIAN_POINT('',(-0.,0.));
#7411 = VECTOR('',#7412,1.);
#7412 = DIRECTION('',(0.,-1.));
#7413 = ( GEOMETRIC_REPRESENTATION_CONTEXT(2) 
PARAMETRIC_REPRESENTATION_CONTEXT() REPRESENTATION_CONTEXT('2D SPACE',''
  ) );
#7414 = PCURVE('',#6262,#7415);
#7415 = DEFINITIONAL_REPRESENTATION('',(#7416),#7420);
#7416 = LINE('',#7417,#7418);
#7417 = CARTESIAN_POINT('',(4.712388980385,0.));
#7418 = VECTOR('',#7419,1.);
#7419 = DIRECTION('',(0.,-1.));
#7420 = ( GEOMETRIC_REPRESENTATION_CONTEXT(2) 
PARAMETRIC_REPRESENTATION_CONTEXT() REPRESENTATION_CONTEXT('2D SPACE',''
  ) );
#7421 = ORIENTED_EDGE('',*,*,#6274,.T.);
#7422 = ORIENTED_EDGE('',*,*,#6298,.T.);
#7423 = ORIENTED_EDGE('',*,*,#4381,.F.);
#7424 = ORIENTED_EDGE('',*,*,#6931,.F.);
#7425 = ADVANCED_FACE('',(#7426),#4838,.T.);
#7426 = FACE_BOUND('',#7427,.T.);
#7427 = EDGE_LOOP('',(#7428,#7429,#7430,#7431));
#7428 = ORIENTED_EDGE('',*,*,#4821,.T.);
#7429 = ORIENTED_EDGE('',*,*,#7343,.T.);
#7430 = ORIENTED_EDGE('',*,*,#6590,.F.);
#7431 = ORIENTED_EDGE('',*,*,#7432,.F.);
#7432 = EDGE_CURVE('',#4794,#6568,#7433,.T.);
#7433 = SURFACE_CURVE('',#7434,(#7438,#7445),.PCURVE_S1.);
#7434 = LINE('',#7435,#7436);
#7435 = CARTESIAN_POINT('',(2.55,0.84,0.725));
#7436 = VECTOR('',#7437,1.);
#7437 = DIRECTION('',(2.22044604925E-16,-1.,0.));
#7438 = PCURVE('',#4838,#7439);
#7439 = DEFINITIONAL_REPRESENTATION('',(#7440),#7444);
#7440 = LINE('',#7441,#7442);
#7441 = CARTESIAN_POINT('',(6.28318530718,-1.110223024625E-16));
#7442 = VECTOR('',#7443,1.);
#7443 = DIRECTION('',(0.,-1.));
#7444 = ( GEOMETRIC_REPRESENTATION_CONTEXT(2) 
PARAMETRIC_REPRESENTATION_CONTEXT() REPRESENTATION_CONTEXT('2D SPACE',''
  ) );
#7445 = PCURVE('',#4809,#7446);
#7446 = DEFINITIONAL_REPRESENTATION('',(#7447),#7451);
#7447 = LINE('',#7448,#7449);
#7448 = CARTESIAN_POINT('',(0.425,0.));
#7449 = VECTOR('',#7450,1.);
#7450 = DIRECTION('',(0.,-1.));
#7451 = ( GEOMETRIC_REPRESENTATION_CONTEXT(2) 
PARAMETRIC_REPRESENTATION_CONTEXT() REPRESENTATION_CONTEXT('2D SPACE',''
  ) );
#7452 = ADVANCED_FACE('',(#7453),#4809,.F.);
#7453 = FACE_BOUND('',#7454,.F.);
#7454 = EDGE_LOOP('',(#7455,#7476,#7477,#7478));
#7455 = ORIENTED_EDGE('',*,*,#7456,.T.);
#7456 = EDGE_CURVE('',#4761,#6540,#7457,.T.);
#7457 = SURFACE_CURVE('',#7458,(#7462,#7469),.PCURVE_S1.);
#7458 = LINE('',#7459,#7460);
#7459 = CARTESIAN_POINT('',(2.55,0.84,0.3));
#7460 = VECTOR('',#7461,1.);
#7461 = DIRECTION('',(2.22044604925E-16,-1.,0.));
#7462 = PCURVE('',#4809,#7463);
#7463 = DEFINITIONAL_REPRESENTATION('',(#7464),#7468);
#7464 = LINE('',#7465,#7466);
#7465 = CARTESIAN_POINT('',(0.,0.));
#7466 = VECTOR('',#7467,1.);
#7467 = DIRECTION('',(0.,-1.));
#7468 = ( GEOMETRIC_REPRESENTATION_CONTEXT(2) 
PARAMETRIC_REPRESENTATION_CONTEXT() REPRESENTATION_CONTEXT('2D SPACE',''
  ) );
#7469 = PCURVE('',#4781,#7470);
#7470 = DEFINITIONAL_REPRESENTATION('',(#7471),#7475);
#7471 = LINE('',#7472,#7473);
#7472 = CARTESIAN_POINT('',(1.570796326795,0.));
#7473 = VECTOR('',#7474,1.);
#7474 = DIRECTION('',(0.,-1.));
#7475 = ( GEOMETRIC_REPRESENTATION_CONTEXT(2) 
PARAMETRIC_REPRESENTATION_CONTEXT() REPRESENTATION_CONTEXT('2D SPACE',''
  ) );
#7476 = ORIENTED_EDGE('',*,*,#6567,.T.);
#7477 = ORIENTED_EDGE('',*,*,#7432,.F.);
#7478 = ORIENTED_EDGE('',*,*,#4793,.F.);
#7479 = ADVANCED_FACE('',(#7480),#4781,.F.);
#7480 = FACE_BOUND('',#7481,.F.);
#7481 = EDGE_LOOP('',(#7482,#7503,#7504,#7505));
#7482 = ORIENTED_EDGE('',*,*,#7483,.T.);
#7483 = EDGE_CURVE('',#4733,#6517,#7484,.T.);
#7484 = SURFACE_CURVE('',#7485,(#7489,#7496),.PCURVE_S1.);
#7485 = LINE('',#7486,#7487);
#7486 = CARTESIAN_POINT('',(2.65,0.84,0.2));
#7487 = VECTOR('',#7488,1.);
#7488 = DIRECTION('',(2.22044604925E-16,-1.,0.));
#7489 = PCURVE('',#4781,#7490);
#7490 = DEFINITIONAL_REPRESENTATION('',(#7491),#7495);
#7491 = LINE('',#7492,#7493);
#7492 = CARTESIAN_POINT('',(0.,0.));
#7493 = VECTOR('',#7494,1.);
#7494 = DIRECTION('',(0.,-1.));
#7495 = ( GEOMETRIC_REPRESENTATION_CONTEXT(2) 
PARAMETRIC_REPRESENTATION_CONTEXT() REPRESENTATION_CONTEXT('2D SPACE',''
  ) );
#7496 = PCURVE('',#4748,#7497);
#7497 = DEFINITIONAL_REPRESENTATION('',(#7498),#7502);
#7498 = LINE('',#7499,#7500);
#7499 = CARTESIAN_POINT('',(0.35,7.771561172375E-17));
#7500 = VECTOR('',#7501,1.);
#7501 = DIRECTION('',(0.,-1.));
#7502 = ( GEOMETRIC_REPRESENTATION_CONTEXT(2) 
PARAMETRIC_REPRESENTATION_CONTEXT() REPRESENTATION_CONTEXT('2D SPACE',''
  ) );
#7503 = ORIENTED_EDGE('',*,*,#6539,.T.);
#7504 = ORIENTED_EDGE('',*,*,#7456,.F.);
#7505 = ORIENTED_EDGE('',*,*,#4760,.F.);
#7506 = ADVANCED_FACE('',(#7507),#4748,.F.);
#7507 = FACE_BOUND('',#7508,.F.);
#7508 = EDGE_LOOP('',(#7509,#7530,#7531,#7532));
#7509 = ORIENTED_EDGE('',*,*,#7510,.T.);
#7510 = EDGE_CURVE('',#4705,#6494,#7511,.T.);
#7511 = SURFACE_CURVE('',#7512,(#7516,#7523),.PCURVE_S1.);
#7512 = LINE('',#7513,#7514);
#7513 = CARTESIAN_POINT('',(3.,0.84,0.2));
#7514 = VECTOR('',#7515,1.);
#7515 = DIRECTION('',(2.22044604925E-16,-1.,0.));
#7516 = PCURVE('',#4748,#7517);
#7517 = DEFINITIONAL_REPRESENTATION('',(#7518),#7522);
#7518 = LINE('',#7519,#7520);
#7519 = CARTESIAN_POINT('',(-0.,0.));
#7520 = VECTOR('',#7521,1.);
#7521 = DIRECTION('',(0.,-1.));
#7522 = ( GEOMETRIC_REPRESENTATION_CONTEXT(2) 
PARAMETRIC_REPRESENTATION_CONTEXT() REPRESENTATION_CONTEXT('2D SPACE',''
  ) );
#7523 = PCURVE('',#4720,#7524);
#7524 = DEFINITIONAL_REPRESENTATION('',(#7525),#7529);
#7525 = LINE('',#7526,#7527);
#7526 = CARTESIAN_POINT('',(0.2,0.));
#7527 = VECTOR('',#7528,1.);
#7528 = DIRECTION('',(0.,-1.));
#7529 = ( GEOMETRIC_REPRESENTATION_CONTEXT(2) 
PARAMETRIC_REPRESENTATION_CONTEXT() REPRESENTATION_CONTEXT('2D SPACE',''
  ) );
#7530 = ORIENTED_EDGE('',*,*,#6516,.T.);
#7531 = ORIENTED_EDGE('',*,*,#7483,.F.);
#7532 = ORIENTED_EDGE('',*,*,#4732,.F.);
#7533 = ADVANCED_FACE('',(#7534),#4720,.F.);
#7534 = FACE_BOUND('',#7535,.F.);
#7535 = EDGE_LOOP('',(#7536,#7557,#7558,#7559));
#7536 = ORIENTED_EDGE('',*,*,#7537,.T.);
#7537 = EDGE_CURVE('',#4677,#6471,#7538,.T.);
#7538 = SURFACE_CURVE('',#7539,(#7543,#7550),.PCURVE_S1.);
#7539 = LINE('',#7540,#7541);
#7540 = CARTESIAN_POINT('',(3.,0.84,5.551115123126E-17));
#7541 = VECTOR('',#7542,1.);
#7542 = DIRECTION('',(2.22044604925E-16,-1.,0.));
#7543 = PCURVE('',#4720,#7544);
#7544 = DEFINITIONAL_REPRESENTATION('',(#7545),#7549);
#7545 = LINE('',#7546,#7547);
#7546 = CARTESIAN_POINT('',(0.,0.));
#7547 = VECTOR('',#7548,1.);
#7548 = DIRECTION('',(0.,-1.));
#7549 = ( GEOMETRIC_REPRESENTATION_CONTEXT(2) 
PARAMETRIC_REPRESENTATION_CONTEXT() REPRESENTATION_CONTEXT('2D SPACE',''
  ) );
#7550 = PCURVE('',#4692,#7551);
#7551 = DEFINITIONAL_REPRESENTATION('',(#7552),#7556);
#7552 = LINE('',#7553,#7554);
#7553 = CARTESIAN_POINT('',(0.35,-7.771561172375E-17));
#7554 = VECTOR('',#7555,1.);
#7555 = DIRECTION('',(0.,-1.));
#7556 = ( GEOMETRIC_REPRESENTATION_CONTEXT(2) 
PARAMETRIC_REPRESENTATION_CONTEXT() REPRESENTATION_CONTEXT('2D SPACE',''
  ) );
#7557 = ORIENTED_EDGE('',*,*,#6493,.T.);
#7558 = ORIENTED_EDGE('',*,*,#7510,.F.);
#7559 = ORIENTED_EDGE('',*,*,#4704,.F.);
#7560 = ADVANCED_FACE('',(#7561),#4692,.F.);
#7561 = FACE_BOUND('',#7562,.F.);
#7562 = EDGE_LOOP('',(#7563,#7584,#7585,#7586));
#7563 = ORIENTED_EDGE('',*,*,#7564,.T.);
#7564 = EDGE_CURVE('',#4648,#6447,#7565,.T.);
#7565 = SURFACE_CURVE('',#7566,(#7570,#7577),.PCURVE_S1.);
#7566 = LINE('',#7567,#7568);
#7567 = CARTESIAN_POINT('',(2.65,0.84,5.551115123126E-17));
#7568 = VECTOR('',#7569,1.);
#7569 = DIRECTION('',(2.22044604925E-16,-1.,0.));
#7570 = PCURVE('',#4692,#7571);
#7571 = DEFINITIONAL_REPRESENTATION('',(#7572),#7576);
#7572 = LINE('',#7573,#7574);
#7573 = CARTESIAN_POINT('',(0.,0.));
#7574 = VECTOR('',#7575,1.);
#7575 = DIRECTION('',(0.,-1.));
#7576 = ( GEOMETRIC_REPRESENTATION_CONTEXT(2) 
PARAMETRIC_REPRESENTATION_CONTEXT() REPRESENTATION_CONTEXT('2D SPACE',''
  ) );
#7577 = PCURVE('',#4664,#7578);
#7578 = DEFINITIONAL_REPRESENTATION('',(#7579),#7583);
#7579 = LINE('',#7580,#7581);
#7580 = CARTESIAN_POINT('',(4.712388980385,0.));
#7581 = VECTOR('',#7582,1.);
#7582 = DIRECTION('',(0.,-1.));
#7583 = ( GEOMETRIC_REPRESENTATION_CONTEXT(2) 
PARAMETRIC_REPRESENTATION_CONTEXT() REPRESENTATION_CONTEXT('2D SPACE',''
  ) );
#7584 = ORIENTED_EDGE('',*,*,#6470,.T.);
#7585 = ORIENTED_EDGE('',*,*,#7537,.F.);
#7586 = ORIENTED_EDGE('',*,*,#4676,.F.);
#7587 = ADVANCED_FACE('',(#7588),#4664,.T.);
#7588 = FACE_BOUND('',#7589,.T.);
#7589 = EDGE_LOOP('',(#7590,#7591,#7592,#7593));
#7590 = ORIENTED_EDGE('',*,*,#4647,.T.);
#7591 = ORIENTED_EDGE('',*,*,#7564,.T.);
#7592 = ORIENTED_EDGE('',*,*,#6446,.F.);
#7593 = ORIENTED_EDGE('',*,*,#7594,.F.);
#7594 = EDGE_CURVE('',#4620,#6424,#7595,.T.);
#7595 = SURFACE_CURVE('',#7596,(#7600,#7607),.PCURVE_S1.);
#7596 = LINE('',#7597,#7598);
#7597 = CARTESIAN_POINT('',(2.35,0.84,0.3));
#7598 = VECTOR('',#7599,1.);
#7599 = DIRECTION('',(2.22044604925E-16,-1.,0.));
#7600 = PCURVE('',#4664,#7601);
#7601 = DEFINITIONAL_REPRESENTATION('',(#7602),#7606);
#7602 = LINE('',#7603,#7604);
#7603 = CARTESIAN_POINT('',(6.28318530718,0.));
#7604 = VECTOR('',#7605,1.);
#7605 = DIRECTION('',(0.,-1.));
#7606 = ( GEOMETRIC_REPRESENTATION_CONTEXT(2) 
PARAMETRIC_REPRESENTATION_CONTEXT() REPRESENTATION_CONTEXT('2D SPACE',''
  ) );
#7607 = PCURVE('',#4635,#7608);
#7608 = DEFINITIONAL_REPRESENTATION('',(#7609),#7613);
#7609 = LINE('',#7610,#7611);
#7610 = CARTESIAN_POINT('',(0.425,-9.860761315258E-32));
#7611 = VECTOR('',#7612,1.);
#7612 = DIRECTION('',(7.584527938158E-44,-1.));
#7613 = ( GEOMETRIC_REPRESENTATION_CONTEXT(2) 
PARAMETRIC_REPRESENTATION_CONTEXT() REPRESENTATION_CONTEXT('2D SPACE',''
  ) );
#7614 = ADVANCED_FACE('',(#7615),#4635,.F.);
#7615 = FACE_BOUND('',#7616,.F.);
#7616 = EDGE_LOOP('',(#7617,#7618,#7619,#7620));
#7617 = ORIENTED_EDGE('',*,*,#6395,.T.);
#7618 = ORIENTED_EDGE('',*,*,#6423,.T.);
#7619 = ORIENTED_EDGE('',*,*,#7594,.F.);
#7620 = ORIENTED_EDGE('',*,*,#4619,.F.);
#7621 = ADVANCED_FACE('',(#7622),#4959,.F.);
#7622 = FACE_BOUND('',#7623,.F.);
#7623 = EDGE_LOOP('',(#7624,#7625,#7645,#7671));
#7624 = ORIENTED_EDGE('',*,*,#4945,.T.);
#7625 = ORIENTED_EDGE('',*,*,#7626,.T.);
#7626 = EDGE_CURVE('',#4924,#7627,#7629,.T.);
#7627 = VERTEX_POINT('',#7628);
#7628 = CARTESIAN_POINT('',(-1.775,-2.45,1.025));
#7629 = SURFACE_CURVE('',#7630,(#7633,#7639),.PCURVE_S1.);
#7630 = B_SPLINE_CURVE_WITH_KNOTS('',1,(#7631,#7632),.UNSPECIFIED.,.F.,
  .F.,(2,2),(0.,1.),.PIECEWISE_BEZIER_KNOTS.);
#7631 = CARTESIAN_POINT('',(-1.775,-2.45,0.825));
#7632 = CARTESIAN_POINT('',(-1.775,-2.45,1.025));
#7633 = PCURVE('',#4959,#7634);
#7634 = DEFINITIONAL_REPRESENTATION('',(#7635),#7638);
#7635 = B_SPLINE_CURVE_WITH_KNOTS('',1,(#7636,#7637),.UNSPECIFIED.,.F.,
  .F.,(2,2),(0.,1.),.PIECEWISE_BEZIER_KNOTS.);
#7636 = CARTESIAN_POINT('',(3.55,-0.2));
#7637 = CARTESIAN_POINT('',(3.55,0.));
#7638 = ( GEOMETRIC_REPRESENTATION_CONTEXT(2) 
PARAMETRIC_REPRESENTATION_CONTEXT() REPRESENTATION_CONTEXT('2D SPACE',''
  ) );
#7639 = PCURVE('',#5012,#7640);
#7640 = DEFINITIONAL_REPRESENTATION('',(#7641),#7644);
#7641 = B_SPLINE_CURVE_WITH_KNOTS('',1,(#7642,#7643),.UNSPECIFIED.,.F.,
  .F.,(2,2),(0.,1.),.PIECEWISE_BEZIER_KNOTS.);
#7642 = CARTESIAN_POINT('',(0.,-0.2));
#7643 = CARTESIAN_POINT('',(0.,0.));
#7644 = ( GEOMETRIC_REPRESENTATION_CONTEXT(2) 
PARAMETRIC_REPRESENTATION_CONTEXT() REPRESENTATION_CONTEXT('2D SPACE',''
  ) );
#7645 = ORIENTED_EDGE('',*,*,#7646,.F.);
#7646 = EDGE_CURVE('',#5339,#7627,#7647,.T.);
#7647 = SURFACE_CURVE('',#7648,(#7652,#7659),.PCURVE_S1.);
#7648 = LINE('',#7649,#7650);
#7649 = CARTESIAN_POINT('',(1.775,-2.45,1.025));
#7650 = VECTOR('',#7651,1.);
#7651 = DIRECTION('',(-1.,-2.22044604925E-16,0.));
#7652 = PCURVE('',#4959,#7653);
#7653 = DEFINITIONAL_REPRESENTATION('',(#7654),#7658);
#7654 = LINE('',#7655,#7656);
#7655 = CARTESIAN_POINT('',(0.,0.));
#7656 = VECTOR('',#7657,1.);
#7657 = DIRECTION('',(1.,0.));
#7658 = ( GEOMETRIC_REPRESENTATION_CONTEXT(2) 
PARAMETRIC_REPRESENTATION_CONTEXT() REPRESENTATION_CONTEXT('2D SPACE',''
  ) );
#7659 = PCURVE('',#7660,#7665);
#7660 = B_SPLINE_SURFACE_WITH_KNOTS('',1,1,(
    (#7661,#7662)
    ,(#7663,#7664
    )),.UNSPECIFIED.,.F.,.F.,.F.,(2,2),(2,2),(0.,3.55),(0.,1.),
  .PIECEWISE_BEZIER_KNOTS.);
#7661 = CARTESIAN_POINT('',(1.775,-2.45,1.025));
#7662 = CARTESIAN_POINT('',(1.7375,-2.375,1.025));
#7663 = CARTESIAN_POINT('',(-1.775,-2.45,1.025));
#7664 = CARTESIAN_POINT('',(-1.7375,-2.375,1.025));
#7665 = DEFINITIONAL_REPRESENTATION('',(#7666),#7670);
#7666 = LINE('',#7667,#7668);
#7667 = CARTESIAN_POINT('',(3.586217722922E-17,1.041987532702E-15));
#7668 = VECTOR('',#7669,1.);
#7669 = DIRECTION('',(1.,-3.335799961041E-15));
#7670 = ( GEOMETRIC_REPRESENTATION_CONTEXT(2) 
PARAMETRIC_REPRESENTATION_CONTEXT() REPRESENTATION_CONTEXT('2D SPACE',''
  ) );
#7671 = ORIENTED_EDGE('',*,*,#5338,.F.);
#7672 = ADVANCED_FACE('',(#7673),#5012,.F.);
#7673 = FACE_BOUND('',#7674,.F.);
#7674 = EDGE_LOOP('',(#7675,#7676,#7696,#7722));
#7675 = ORIENTED_EDGE('',*,*,#4998,.T.);
#7676 = ORIENTED_EDGE('',*,*,#7677,.T.);
#7677 = EDGE_CURVE('',#4977,#7678,#7680,.T.);
#7678 = VERTEX_POINT('',#7679);
#7679 = CARTESIAN_POINT('',(-1.95,-2.275,1.025));
#7680 = SURFACE_CURVE('',#7681,(#7684,#7690),.PCURVE_S1.);
#7681 = B_SPLINE_CURVE_WITH_KNOTS('',1,(#7682,#7683),.UNSPECIFIED.,.F.,
  .F.,(2,2),(0.,1.),.PIECEWISE_BEZIER_KNOTS.);
#7682 = CARTESIAN_POINT('',(-1.95,-2.275,0.825));
#7683 = CARTESIAN_POINT('',(-1.95,-2.275,1.025));
#7684 = PCURVE('',#5012,#7685);
#7685 = DEFINITIONAL_REPRESENTATION('',(#7686),#7689);
#7686 = B_SPLINE_CURVE_WITH_KNOTS('',1,(#7687,#7688),.UNSPECIFIED.,.F.,
  .F.,(2,2),(0.,1.),.PIECEWISE_BEZIER_KNOTS.);
#7687 = CARTESIAN_POINT('',(0.247487373415,-0.2));
#7688 = CARTESIAN_POINT('',(0.247487373415,0.));
#7689 = ( GEOMETRIC_REPRESENTATION_CONTEXT(2) 
PARAMETRIC_REPRESENTATION_CONTEXT() REPRESENTATION_CONTEXT('2D SPACE',''
  ) );
#7690 = PCURVE('',#5289,#7691);
#7691 = DEFINITIONAL_REPRESENTATION('',(#7692),#7695);
#7692 = B_SPLINE_CURVE_WITH_KNOTS('',1,(#7693,#7694),.UNSPECIFIED.,.F.,
  .F.,(2,2),(0.,1.),.PIECEWISE_BEZIER_KNOTS.);
#7693 = CARTESIAN_POINT('',(0.,-0.2));
#7694 = CARTESIAN_POINT('',(0.,0.));
#7695 = ( GEOMETRIC_REPRESENTATION_CONTEXT(2) 
PARAMETRIC_REPRESENTATION_CONTEXT() REPRESENTATION_CONTEXT('2D SPACE',''
  ) );
#7696 = ORIENTED_EDGE('',*,*,#7697,.F.);
#7697 = EDGE_CURVE('',#7627,#7678,#7698,.T.);
#7698 = SURFACE_CURVE('',#7699,(#7703,#7710),.PCURVE_S1.);
#7699 = LINE('',#7700,#7701);
#7700 = CARTESIAN_POINT('',(-1.775,-2.45,1.025));
#7701 = VECTOR('',#7702,1.);
#7702 = DIRECTION('',(-0.707106781187,0.707106781187,0.));
#7703 = PCURVE('',#5012,#7704);
#7704 = DEFINITIONAL_REPRESENTATION('',(#7705),#7709);
#7705 = LINE('',#7706,#7707);
#7706 = CARTESIAN_POINT('',(0.,0.));
#7707 = VECTOR('',#7708,1.);
#7708 = DIRECTION('',(1.,0.));
#7709 = ( GEOMETRIC_REPRESENTATION_CONTEXT(2) 
PARAMETRIC_REPRESENTATION_CONTEXT() REPRESENTATION_CONTEXT('2D SPACE',''
  ) );
#7710 = PCURVE('',#7711,#7716);
#7711 = B_SPLINE_SURFACE_WITH_KNOTS('',1,1,(
    (#7712,#7713)
    ,(#7714,#7715
    )),.UNSPECIFIED.,.F.,.F.,.F.,(2,2),(2,2),(0.,0.247487373415),(0.,1.)
  ,.PIECEWISE_BEZIER_KNOTS.);
#7712 = CARTESIAN_POINT('',(-1.775,-2.45,1.025));
#7713 = CARTESIAN_POINT('',(-1.7375,-2.375,1.025));
#7714 = CARTESIAN_POINT('',(-1.95,-2.275,1.025));
#7715 = CARTESIAN_POINT('',(-1.875,-2.2375,1.025));
#7716 = DEFINITIONAL_REPRESENTATION('',(#7717),#7721);
#7717 = LINE('',#7718,#7719);
#7718 = CARTESIAN_POINT('',(-1.427240192909E-16,-5.26430630895E-15));
#7719 = VECTOR('',#7720,1.);
#7720 = DIRECTION('',(1.,-4.801228329872E-15));
#7721 = ( GEOMETRIC_REPRESENTATION_CONTEXT(2) 
PARAMETRIC_REPRESENTATION_CONTEXT() REPRESENTATION_CONTEXT('2D SPACE',''
  ) );
#7722 = ORIENTED_EDGE('',*,*,#7626,.F.);
#7723 = ADVANCED_FACE('',(#7724),#5289,.F.);
#7724 = FACE_BOUND('',#7725,.F.);
#7725 = EDGE_LOOP('',(#7726,#7727,#7728,#7756));
#7726 = ORIENTED_EDGE('',*,*,#7677,.F.);
#7727 = ORIENTED_EDGE('',*,*,#5275,.T.);
#7728 = ORIENTED_EDGE('',*,*,#7729,.T.);
#7729 = EDGE_CURVE('',#5248,#7730,#7732,.T.);
#7730 = VERTEX_POINT('',#7731);
#7731 = CARTESIAN_POINT('',(-1.95,-2.11,1.025));
#7732 = SURFACE_CURVE('',#7733,(#7737,#7744),.PCURVE_S1.);
#7733 = LINE('',#7734,#7735);
#7734 = CARTESIAN_POINT('',(-1.95,-2.11,0.778829828783));
#7735 = VECTOR('',#7736,1.);
#7736 = DIRECTION('',(0.,0.,1.));
#7737 = PCURVE('',#5289,#7738);
#7738 = DEFINITIONAL_REPRESENTATION('',(#7739),#7743);
#7739 = LINE('',#7740,#7741);
#7740 = CARTESIAN_POINT('',(0.165,-0.246170171217));
#7741 = VECTOR('',#7742,1.);
#7742 = DIRECTION('',(0.,1.));
#7743 = ( GEOMETRIC_REPRESENTATION_CONTEXT(2) 
PARAMETRIC_REPRESENTATION_CONTEXT() REPRESENTATION_CONTEXT('2D SPACE',''
  ) );
#7744 = PCURVE('',#7745,#7750);
#7745 = PLANE('',#7746);
#7746 = AXIS2_PLACEMENT_3D('',#7747,#7748,#7749);
#7747 = CARTESIAN_POINT('',(-2.41578967201,-2.11,0.532659657565));
#7748 = DIRECTION('',(-9.95799250103E-17,1.,0.));
#7749 = DIRECTION('',(0.,0.,1.));
#7750 = DEFINITIONAL_REPRESENTATION('',(#7751),#7755);
#7751 = LINE('',#7752,#7753);
#7752 = CARTESIAN_POINT('',(0.246170171218,0.46578967201));
#7753 = VECTOR('',#7754,1.);
#7754 = DIRECTION('',(1.,0.));
#7755 = ( GEOMETRIC_REPRESENTATION_CONTEXT(2) 
PARAMETRIC_REPRESENTATION_CONTEXT() REPRESENTATION_CONTEXT('2D SPACE',''
  ) );
#7756 = ORIENTED_EDGE('',*,*,#7757,.F.);
#7757 = EDGE_CURVE('',#7678,#7730,#7758,.T.);
#7758 = SURFACE_CURVE('',#7759,(#7763,#7770),.PCURVE_S1.);
#7759 = LINE('',#7760,#7761);
#7760 = CARTESIAN_POINT('',(-1.95,-2.275,1.025));
#7761 = VECTOR('',#7762,1.);
#7762 = DIRECTION('',(-2.22044604925E-16,1.,0.));
#7763 = PCURVE('',#5289,#7764);
#7764 = DEFINITIONAL_REPRESENTATION('',(#7765),#7769);
#7765 = LINE('',#7766,#7767);
#7766 = CARTESIAN_POINT('',(0.,0.));
#7767 = VECTOR('',#7768,1.);
#7768 = DIRECTION('',(1.,0.));
#7769 = ( GEOMETRIC_REPRESENTATION_CONTEXT(2) 
PARAMETRIC_REPRESENTATION_CONTEXT() REPRESENTATION_CONTEXT('2D SPACE',''
  ) );
#7770 = PCURVE('',#7771,#7776);
#7771 = B_SPLINE_SURFACE_WITH_KNOTS('',1,1,(
    (#7772,#7773)
    ,(#7774,#7775
    )),.UNSPECIFIED.,.F.,.F.,.F.,(2,2),(2,2),(0.,4.55),(0.,1.),
  .PIECEWISE_BEZIER_KNOTS.);
#7772 = CARTESIAN_POINT('',(-1.95,-2.275,1.025));
#7773 = CARTESIAN_POINT('',(-1.875,-2.2375,1.025));
#7774 = CARTESIAN_POINT('',(-1.95,2.275,1.025));
#7775 = CARTESIAN_POINT('',(-1.875,2.2375,1.025));
#7776 = DEFINITIONAL_REPRESENTATION('',(#7777),#7781);
#7777 = LINE('',#7778,#7779);
#7778 = CARTESIAN_POINT('',(-8.584601827189E-17,6.610125476969E-16));
#7779 = VECTOR('',#7780,1.);
#7780 = DIRECTION('',(1.,-8.115046621091E-14));
#7781 = ( GEOMETRIC_REPRESENTATION_CONTEXT(2) 
PARAMETRIC_REPRESENTATION_CONTEXT() REPRESENTATION_CONTEXT('2D SPACE',''
  ) );
#7782 = ADVANCED_FACE('',(#7783),#5067,.F.);
#7783 = FACE_BOUND('',#7784,.F.);
#7784 = EDGE_LOOP('',(#7785,#7813,#7814,#7834));
#7785 = ORIENTED_EDGE('',*,*,#7786,.F.);
#7786 = EDGE_CURVE('',#5052,#7787,#7789,.T.);
#7787 = VERTEX_POINT('',#7788);
#7788 = CARTESIAN_POINT('',(-1.95,2.11,1.025));
#7789 = SURFACE_CURVE('',#7790,(#7794,#7801),.PCURVE_S1.);
#7790 = LINE('',#7791,#7792);
#7791 = CARTESIAN_POINT('',(-1.95,2.11,0.778829828783));
#7792 = VECTOR('',#7793,1.);
#7793 = DIRECTION('',(0.,0.,1.));
#7794 = PCURVE('',#5067,#7795);
#7795 = DEFINITIONAL_REPRESENTATION('',(#7796),#7800);
#7796 = LINE('',#7797,#7798);
#7797 = CARTESIAN_POINT('',(4.385,-0.246170171217));
#7798 = VECTOR('',#7799,1.);
#7799 = DIRECTION('',(0.,1.));
#7800 = ( GEOMETRIC_REPRESENTATION_CONTEXT(2) 
PARAMETRIC_REPRESENTATION_CONTEXT() REPRESENTATION_CONTEXT('2D SPACE',''
  ) );
#7801 = PCURVE('',#7802,#7807);
#7802 = PLANE('',#7803);
#7803 = AXIS2_PLACEMENT_3D('',#7804,#7805,#7806);
#7804 = CARTESIAN_POINT('',(-2.41578967201,2.11,0.532659657565));
#7805 = DIRECTION('',(-9.95799250103E-17,1.,0.));
#7806 = DIRECTION('',(0.,0.,1.));
#7807 = DEFINITIONAL_REPRESENTATION('',(#7808),#7812);
#7808 = LINE('',#7809,#7810);
#7809 = CARTESIAN_POINT('',(0.246170171218,0.46578967201));
#7810 = VECTOR('',#7811,1.);
#7811 = DIRECTION('',(1.,0.));
#7812 = ( GEOMETRIC_REPRESENTATION_CONTEXT(2) 
PARAMETRIC_REPRESENTATION_CONTEXT() REPRESENTATION_CONTEXT('2D SPACE',''
  ) );
#7813 = ORIENTED_EDGE('',*,*,#5051,.T.);
#7814 = ORIENTED_EDGE('',*,*,#7815,.T.);
#7815 = EDGE_CURVE('',#5030,#7816,#7818,.T.);
#7816 = VERTEX_POINT('',#7817);
#7817 = CARTESIAN_POINT('',(-1.95,2.275,1.025));
#7818 = SURFACE_CURVE('',#7819,(#7822,#7828),.PCURVE_S1.);
#7819 = B_SPLINE_CURVE_WITH_KNOTS('',1,(#7820,#7821),.UNSPECIFIED.,.F.,
  .F.,(2,2),(0.,1.),.PIECEWISE_BEZIER_KNOTS.);
#7820 = CARTESIAN_POINT('',(-1.95,2.275,0.825));
#7821 = CARTESIAN_POINT('',(-1.95,2.275,1.025));
#7822 = PCURVE('',#5067,#7823);
#7823 = DEFINITIONAL_REPRESENTATION('',(#7824),#7827);
#7824 = B_SPLINE_CURVE_WITH_KNOTS('',1,(#7825,#7826),.UNSPECIFIED.,.F.,
  .F.,(2,2),(0.,1.),.PIECEWISE_BEZIER_KNOTS.);
#7825 = CARTESIAN_POINT('',(4.55,-0.2));
#7826 = CARTESIAN_POINT('',(4.55,0.));
#7827 = ( GEOMETRIC_REPRESENTATION_CONTEXT(2) 
PARAMETRIC_REPRESENTATION_CONTEXT() REPRESENTATION_CONTEXT('2D SPACE',''
  ) );
#7828 = PCURVE('',#5321,#7829);
#7829 = DEFINITIONAL_REPRESENTATION('',(#7830),#7833);
#7830 = B_SPLINE_CURVE_WITH_KNOTS('',1,(#7831,#7832),.UNSPECIFIED.,.F.,
  .F.,(2,2),(0.,1.),.PIECEWISE_BEZIER_KNOTS.);
#7831 = CARTESIAN_POINT('',(0.,-0.2));
#7832 = CARTESIAN_POINT('',(0.,0.));
#7833 = ( GEOMETRIC_REPRESENTATION_CONTEXT(2) 
PARAMETRIC_REPRESENTATION_CONTEXT() REPRESENTATION_CONTEXT('2D SPACE',''
  ) );
#7834 = ORIENTED_EDGE('',*,*,#7835,.F.);
#7835 = EDGE_CURVE('',#7787,#7816,#7836,.T.);
#7836 = SURFACE_CURVE('',#7837,(#7841,#7848),.PCURVE_S1.);
#7837 = LINE('',#7838,#7839);
#7838 = CARTESIAN_POINT('',(-1.95,-2.275,1.025));
#7839 = VECTOR('',#7840,1.);
#7840 = DIRECTION('',(-2.22044604925E-16,1.,0.));
#7841 = PCURVE('',#5067,#7842);
#7842 = DEFINITIONAL_REPRESENTATION('',(#7843),#7847);
#7843 = LINE('',#7844,#7845);
#7844 = CARTESIAN_POINT('',(0.,0.));
#7845 = VECTOR('',#7846,1.);
#7846 = DIRECTION('',(1.,0.));
#7847 = ( GEOMETRIC_REPRESENTATION_CONTEXT(2) 
PARAMETRIC_REPRESENTATION_CONTEXT() REPRESENTATION_CONTEXT('2D SPACE',''
  ) );
#7848 = PCURVE('',#7849,#7854);
#7849 = B_SPLINE_SURFACE_WITH_KNOTS('',1,1,(
    (#7850,#7851)
    ,(#7852,#7853
    )),.UNSPECIFIED.,.F.,.F.,.F.,(2,2),(2,2),(0.,4.55),(0.,1.),
  .PIECEWISE_BEZIER_KNOTS.);
#7850 = CARTESIAN_POINT('',(-1.95,-2.275,1.025));
#7851 = CARTESIAN_POINT('',(-1.875,-2.2375,1.025));
#7852 = CARTESIAN_POINT('',(-1.95,2.275,1.025));
#7853 = CARTESIAN_POINT('',(-1.875,2.2375,1.025));
#7854 = DEFINITIONAL_REPRESENTATION('',(#7855),#7859);
#7855 = LINE('',#7856,#7857);
#7856 = CARTESIAN_POINT('',(8.881784197001E-16,1.308297669345E-13));
#7857 = VECTOR('',#7858,1.);
#7858 = DIRECTION('',(1.,-3.186124313148E-14));
#7859 = ( GEOMETRIC_REPRESENTATION_CONTEXT(2) 
PARAMETRIC_REPRESENTATION_CONTEXT() REPRESENTATION_CONTEXT('2D SPACE',''
  ) );
#7860 = ADVANCED_FACE('',(#7861),#5263,.F.);
#7861 = FACE_BOUND('',#7862,.F.);
#7862 = EDGE_LOOP('',(#7863,#7886,#7887,#7915));
#7863 = ORIENTED_EDGE('',*,*,#7864,.F.);
#7864 = EDGE_CURVE('',#5248,#7865,#7867,.T.);
#7865 = VERTEX_POINT('',#7866);
#7866 = CARTESIAN_POINT('',(-2.25,-2.11,0.825));
#7867 = SURFACE_CURVE('',#7868,(#7872,#7879),.PCURVE_S1.);
#7868 = LINE('',#7869,#7870);
#7869 = CARTESIAN_POINT('',(-1.8,-2.11,0.825));
#7870 = VECTOR('',#7871,1.);
#7871 = DIRECTION('',(-1.,-9.95799250103E-17,0.));
#7872 = PCURVE('',#5263,#7873);
#7873 = DEFINITIONAL_REPRESENTATION('',(#7874),#7878);
#7874 = LINE('',#7875,#7876);
#7875 = CARTESIAN_POINT('',(0.,0.));
#7876 = VECTOR('',#7877,1.);
#7877 = DIRECTION('',(1.,0.));
#7878 = ( GEOMETRIC_REPRESENTATION_CONTEXT(2) 
PARAMETRIC_REPRESENTATION_CONTEXT() REPRESENTATION_CONTEXT('2D SPACE',''
  ) );
#7879 = PCURVE('',#7745,#7880);
#7880 = DEFINITIONAL_REPRESENTATION('',(#7881),#7885);
#7881 = LINE('',#7882,#7883);
#7882 = CARTESIAN_POINT('',(0.292340342435,0.61578967201));
#7883 = VECTOR('',#7884,1.);
#7884 = DIRECTION('',(0.,-1.));
#7885 = ( GEOMETRIC_REPRESENTATION_CONTEXT(2) 
PARAMETRIC_REPRESENTATION_CONTEXT() REPRESENTATION_CONTEXT('2D SPACE',''
  ) );
#7886 = ORIENTED_EDGE('',*,*,#5247,.T.);
#7887 = ORIENTED_EDGE('',*,*,#7888,.T.);
#7888 = EDGE_CURVE('',#5220,#7889,#7891,.T.);
#7889 = VERTEX_POINT('',#7890);
#7890 = CARTESIAN_POINT('',(-2.25,-1.7,0.825));
#7891 = SURFACE_CURVE('',#7892,(#7896,#7903),.PCURVE_S1.);
#7892 = LINE('',#7893,#7894);
#7893 = CARTESIAN_POINT('',(-1.8,-1.7,0.825));
#7894 = VECTOR('',#7895,1.);
#7895 = DIRECTION('',(-1.,-9.95799250103E-17,0.));
#7896 = PCURVE('',#5263,#7897);
#7897 = DEFINITIONAL_REPRESENTATION('',(#7898),#7902);
#7898 = LINE('',#7899,#7900);
#7899 = CARTESIAN_POINT('',(-4.082776925422E-17,-0.41));
#7900 = VECTOR('',#7901,1.);
#7901 = DIRECTION('',(1.,0.));
#7902 = ( GEOMETRIC_REPRESENTATION_CONTEXT(2) 
PARAMETRIC_REPRESENTATION_CONTEXT() REPRESENTATION_CONTEXT('2D SPACE',''
  ) );
#7903 = PCURVE('',#7904,#7909);
#7904 = PLANE('',#7905);
#7905 = AXIS2_PLACEMENT_3D('',#7906,#7907,#7908);
#7906 = CARTESIAN_POINT('',(-2.41578967201,-1.7,0.532659657565));
#7907 = DIRECTION('',(-9.95799250103E-17,1.,0.));
#7908 = DIRECTION('',(0.,0.,1.));
#7909 = DEFINITIONAL_REPRESENTATION('',(#7910),#7914);
#7910 = LINE('',#7911,#7912);
#7911 = CARTESIAN_POINT('',(0.292340342435,0.61578967201));
#7912 = VECTOR('',#7913,1.);
#7913 = DIRECTION('',(0.,-1.));
#7914 = ( GEOMETRIC_REPRESENTATION_CONTEXT(2) 
PARAMETRIC_REPRESENTATION_CONTEXT() REPRESENTATION_CONTEXT('2D SPACE',''
  ) );
#7915 = ORIENTED_EDGE('',*,*,#7916,.F.);
#7916 = EDGE_CURVE('',#7865,#7889,#7917,.T.);
#7917 = SURFACE_CURVE('',#7918,(#7922,#7929),.PCURVE_S1.);
#7918 = LINE('',#7919,#7920);
#7919 = CARTESIAN_POINT('',(-2.25,-2.11,0.825));
#7920 = VECTOR('',#7921,1.);
#7921 = DIRECTION('',(-9.95799250103E-17,1.,0.));
#7922 = PCURVE('',#5263,#7923);
#7923 = DEFINITIONAL_REPRESENTATION('',(#7924),#7928);
#7924 = LINE('',#7925,#7926);
#7925 = CARTESIAN_POINT('',(0.45,-4.481096625463E-17));
#7926 = VECTOR('',#7927,1.);
#7927 = DIRECTION('',(0.,-1.));
#7928 = ( GEOMETRIC_REPRESENTATION_CONTEXT(2) 
PARAMETRIC_REPRESENTATION_CONTEXT() REPRESENTATION_CONTEXT('2D SPACE',''
  ) );
#7929 = PCURVE('',#7930,#7935);
#7930 = CYLINDRICAL_SURFACE('',#7931,0.1);
#7931 = AXIS2_PLACEMENT_3D('',#7932,#7933,#7934);
#7932 = CARTESIAN_POINT('',(-2.25,-2.11,0.725));
#7933 = DIRECTION('',(9.95799250103E-17,-1.,0.));
#7934 = DIRECTION('',(-4.440892098501E-15,-4.422237021476E-31,1.));
#7935 = DEFINITIONAL_REPRESENTATION('',(#7936),#7940);
#7936 = LINE('',#7937,#7938);
#7937 = CARTESIAN_POINT('',(0.,0.));
#7938 = VECTOR('',#7939,1.);
#7939 = DIRECTION('',(0.,-1.));
#7940 = ( GEOMETRIC_REPRESENTATION_CONTEXT(2) 
PARAMETRIC_REPRESENTATION_CONTEXT() REPRESENTATION_CONTEXT('2D SPACE',''
  ) );
#7941 = ADVANCED_FACE('',(#7942),#5095,.F.);
#7942 = FACE_BOUND('',#7943,.F.);
#7943 = EDGE_LOOP('',(#7944,#7972,#7973,#7996));
#7944 = ORIENTED_EDGE('',*,*,#7945,.F.);
#7945 = EDGE_CURVE('',#5080,#7946,#7948,.T.);
#7946 = VERTEX_POINT('',#7947);
#7947 = CARTESIAN_POINT('',(-2.25,1.7,0.825));
#7948 = SURFACE_CURVE('',#7949,(#7953,#7960),.PCURVE_S1.);
#7949 = LINE('',#7950,#7951);
#7950 = CARTESIAN_POINT('',(-1.8,1.7,0.825));
#7951 = VECTOR('',#7952,1.);
#7952 = DIRECTION('',(-1.,-9.95799250103E-17,0.));
#7953 = PCURVE('',#5095,#7954);
#7954 = DEFINITIONAL_REPRESENTATION('',(#7955),#7959);
#7955 = LINE('',#7956,#7957);
#7956 = CARTESIAN_POINT('',(0.,0.));
#7957 = VECTOR('',#7958,1.);
#7958 = DIRECTION('',(1.,0.));
#7959 = ( GEOMETRIC_REPRESENTATION_CONTEXT(2) 
PARAMETRIC_REPRESENTATION_CONTEXT() REPRESENTATION_CONTEXT('2D SPACE',''
  ) );
#7960 = PCURVE('',#7961,#7966);
#7961 = PLANE('',#7962);
#7962 = AXIS2_PLACEMENT_3D('',#7963,#7964,#7965);
#7963 = CARTESIAN_POINT('',(-2.41578967201,1.7,0.532659657565));
#7964 = DIRECTION('',(-9.95799250103E-17,1.,0.));
#7965 = DIRECTION('',(0.,0.,1.));
#7966 = DEFINITIONAL_REPRESENTATION('',(#7967),#7971);
#7967 = LINE('',#7968,#7969);
#7968 = CARTESIAN_POINT('',(0.292340342435,0.61578967201));
#7969 = VECTOR('',#7970,1.);
#7970 = DIRECTION('',(0.,-1.));
#7971 = ( GEOMETRIC_REPRESENTATION_CONTEXT(2) 
PARAMETRIC_REPRESENTATION_CONTEXT() REPRESENTATION_CONTEXT('2D SPACE',''
  ) );
#7972 = ORIENTED_EDGE('',*,*,#5079,.T.);
#7973 = ORIENTED_EDGE('',*,*,#7974,.T.);
#7974 = EDGE_CURVE('',#5052,#7975,#7977,.T.);
#7975 = VERTEX_POINT('',#7976);
#7976 = CARTESIAN_POINT('',(-2.25,2.11,0.825));
#7977 = SURFACE_CURVE('',#7978,(#7982,#7989),.PCURVE_S1.);
#7978 = LINE('',#7979,#7980);
#7979 = CARTESIAN_POINT('',(-1.8,2.11,0.825));
#7980 = VECTOR('',#7981,1.);
#7981 = DIRECTION('',(-1.,-9.95799250103E-17,0.));
#7982 = PCURVE('',#5095,#7983);
#7983 = DEFINITIONAL_REPRESENTATION('',(#7984),#7988);
#7984 = LINE('',#7985,#7986);
#7985 = CARTESIAN_POINT('',(-4.082776925422E-17,-0.41));
#7986 = VECTOR('',#7987,1.);
#7987 = DIRECTION('',(1.,0.));
#7988 = ( GEOMETRIC_REPRESENTATION_CONTEXT(2) 
PARAMETRIC_REPRESENTATION_CONTEXT() REPRESENTATION_CONTEXT('2D SPACE',''
  ) );
#7989 = PCURVE('',#7802,#7990);
#7990 = DEFINITIONAL_REPRESENTATION('',(#7991),#7995);
#7991 = LINE('',#7992,#7993);
#7992 = CARTESIAN_POINT('',(0.292340342435,0.61578967201));
#7993 = VECTOR('',#7994,1.);
#7994 = DIRECTION('',(0.,-1.));
#7995 = ( GEOMETRIC_REPRESENTATION_CONTEXT(2) 
PARAMETRIC_REPRESENTATION_CONTEXT() REPRESENTATION_CONTEXT('2D SPACE',''
  ) );
#7996 = ORIENTED_EDGE('',*,*,#7997,.F.);
#7997 = EDGE_CURVE('',#7946,#7975,#7998,.T.);
#7998 = SURFACE_CURVE('',#7999,(#8003,#8010),.PCURVE_S1.);
#7999 = LINE('',#8000,#8001);
#8000 = CARTESIAN_POINT('',(-2.25,1.7,0.825));
#8001 = VECTOR('',#8002,1.);
#8002 = DIRECTION('',(-9.95799250103E-17,1.,0.));
#8003 = PCURVE('',#5095,#8004);
#8004 = DEFINITIONAL_REPRESENTATION('',(#8005),#8009);
#8005 = LINE('',#8006,#8007);
#8006 = CARTESIAN_POINT('',(0.45,-4.481096625463E-17));
#8007 = VECTOR('',#8008,1.);
#8008 = DIRECTION('',(0.,-1.));
#8009 = ( GEOMETRIC_REPRESENTATION_CONTEXT(2) 
PARAMETRIC_REPRESENTATION_CONTEXT() REPRESENTATION_CONTEXT('2D SPACE',''
  ) );
#8010 = PCURVE('',#8011,#8016);
#8011 = CYLINDRICAL_SURFACE('',#8012,0.1);
#8012 = AXIS2_PLACEMENT_3D('',#8013,#8014,#8015);
#8013 = CARTESIAN_POINT('',(-2.25,1.7,0.725));
#8014 = DIRECTION('',(9.95799250103E-17,-1.,0.));
#8015 = DIRECTION('',(-4.440892098501E-15,-4.422237021476E-31,1.));
#8016 = DEFINITIONAL_REPRESENTATION('',(#8017),#8021);
#8017 = LINE('',#8018,#8019);
#8018 = CARTESIAN_POINT('',(0.,0.));
#8019 = VECTOR('',#8020,1.);
#8020 = DIRECTION('',(0.,-1.));
#8021 = ( GEOMETRIC_REPRESENTATION_CONTEXT(2) 
PARAMETRIC_REPRESENTATION_CONTEXT() REPRESENTATION_CONTEXT('2D SPACE',''
  ) );
#8022 = ADVANCED_FACE('',(#8023),#5235,.F.);
#8023 = FACE_BOUND('',#8024,.F.);
#8024 = EDGE_LOOP('',(#8025,#8048,#8049,#8077));
#8025 = ORIENTED_EDGE('',*,*,#8026,.F.);
#8026 = EDGE_CURVE('',#5220,#8027,#8029,.T.);
#8027 = VERTEX_POINT('',#8028);
#8028 = CARTESIAN_POINT('',(-1.95,-1.7,1.025));
#8029 = SURFACE_CURVE('',#8030,(#8034,#8041),.PCURVE_S1.);
#8030 = LINE('',#8031,#8032);
#8031 = CARTESIAN_POINT('',(-1.95,-1.7,0.778829828783));
#8032 = VECTOR('',#8033,1.);
#8033 = DIRECTION('',(0.,0.,1.));
#8034 = PCURVE('',#5235,#8035);
#8035 = DEFINITIONAL_REPRESENTATION('',(#8036),#8040);
#8036 = LINE('',#8037,#8038);
#8037 = CARTESIAN_POINT('',(0.575,-0.246170171217));
#8038 = VECTOR('',#8039,1.);
#8039 = DIRECTION('',(0.,1.));
#8040 = ( GEOMETRIC_REPRESENTATION_CONTEXT(2) 
PARAMETRIC_REPRESENTATION_CONTEXT() REPRESENTATION_CONTEXT('2D SPACE',''
  ) );
#8041 = PCURVE('',#7904,#8042);
#8042 = DEFINITIONAL_REPRESENTATION('',(#8043),#8047);
#8043 = LINE('',#8044,#8045);
#8044 = CARTESIAN_POINT('',(0.246170171218,0.46578967201));
#8045 = VECTOR('',#8046,1.);
#8046 = DIRECTION('',(1.,0.));
#8047 = ( GEOMETRIC_REPRESENTATION_CONTEXT(2) 
PARAMETRIC_REPRESENTATION_CONTEXT() REPRESENTATION_CONTEXT('2D SPACE',''
  ) );
#8048 = ORIENTED_EDGE('',*,*,#5219,.T.);
#8049 = ORIENTED_EDGE('',*,*,#8050,.T.);
#8050 = EDGE_CURVE('',#5192,#8051,#8053,.T.);
#8051 = VERTEX_POINT('',#8052);
#8052 = CARTESIAN_POINT('',(-1.95,-0.84,1.025));
#8053 = SURFACE_CURVE('',#8054,(#8058,#8065),.PCURVE_S1.);
#8054 = LINE('',#8055,#8056);
#8055 = CARTESIAN_POINT('',(-1.95,-0.84,0.778829828783));
#8056 = VECTOR('',#8057,1.);
#8057 = DIRECTION('',(0.,0.,1.));
#8058 = PCURVE('',#5235,#8059);
#8059 = DEFINITIONAL_REPRESENTATION('',(#8060),#8064);
#8060 = LINE('',#8061,#8062);
#8061 = CARTESIAN_POINT('',(1.435,-0.246170171217));
#8062 = VECTOR('',#8063,1.);
#8063 = DIRECTION('',(0.,1.));
#8064 = ( GEOMETRIC_REPRESENTATION_CONTEXT(2) 
PARAMETRIC_REPRESENTATION_CONTEXT() REPRESENTATION_CONTEXT('2D SPACE',''
  ) );
#8065 = PCURVE('',#8066,#8071);
#8066 = PLANE('',#8067);
#8067 = AXIS2_PLACEMENT_3D('',#8068,#8069,#8070);
#8068 = CARTESIAN_POINT('',(-2.41578967201,-0.84,0.532659657565));
#8069 = DIRECTION('',(-9.95799250103E-17,1.,0.));
#8070 = DIRECTION('',(0.,0.,1.));
#8071 = DEFINITIONAL_REPRESENTATION('',(#8072),#8076);
#8072 = LINE('',#8073,#8074);
#8073 = CARTESIAN_POINT('',(0.246170171218,0.46578967201));
#8074 = VECTOR('',#8075,1.);
#8075 = DIRECTION('',(1.,0.));
#8076 = ( GEOMETRIC_REPRESENTATION_CONTEXT(2) 
PARAMETRIC_REPRESENTATION_CONTEXT() REPRESENTATION_CONTEXT('2D SPACE',''
  ) );
#8077 = ORIENTED_EDGE('',*,*,#8078,.F.);
#8078 = EDGE_CURVE('',#8027,#8051,#8079,.T.);
#8079 = SURFACE_CURVE('',#8080,(#8084,#8091),.PCURVE_S1.);
#8080 = LINE('',#8081,#8082);
#8081 = CARTESIAN_POINT('',(-1.95,-2.275,1.025));
#8082 = VECTOR('',#8083,1.);
#8083 = DIRECTION('',(-2.22044604925E-16,1.,0.));
#8084 = PCURVE('',#5235,#8085);
#8085 = DEFINITIONAL_REPRESENTATION('',(#8086),#8090);
#8086 = LINE('',#8087,#8088);
#8087 = CARTESIAN_POINT('',(0.,0.));
#8088 = VECTOR('',#8089,1.);
#8089 = DIRECTION('',(1.,0.));
#8090 = ( GEOMETRIC_REPRESENTATION_CONTEXT(2) 
PARAMETRIC_REPRESENTATION_CONTEXT() REPRESENTATION_CONTEXT('2D SPACE',''
  ) );
#8091 = PCURVE('',#8092,#8097);
#8092 = B_SPLINE_SURFACE_WITH_KNOTS('',1,1,(
    (#8093,#8094)
    ,(#8095,#8096
    )),.UNSPECIFIED.,.F.,.F.,.F.,(2,2),(2,2),(0.,4.55),(0.,1.),
  .PIECEWISE_BEZIER_KNOTS.);
#8093 = CARTESIAN_POINT('',(-1.95,-2.275,1.025));
#8094 = CARTESIAN_POINT('',(-1.875,-2.2375,1.025));
#8095 = CARTESIAN_POINT('',(-1.95,2.275,1.025));
#8096 = CARTESIAN_POINT('',(-1.875,2.2375,1.025));
#8097 = DEFINITIONAL_REPRESENTATION('',(#8098),#8102);
#8098 = LINE('',#8099,#8100);
#8099 = CARTESIAN_POINT('',(-1.110223024625E-16,1.787388845424E-15));
#8100 = VECTOR('',#8101,1.);
#8101 = DIRECTION('',(1.,-3.108502339868E-15));
#8102 = ( GEOMETRIC_REPRESENTATION_CONTEXT(2) 
PARAMETRIC_REPRESENTATION_CONTEXT() REPRESENTATION_CONTEXT('2D SPACE',''
  ) );
#8103 = ADVANCED_FACE('',(#8104),#5123,.F.);
#8104 = FACE_BOUND('',#8105,.F.);
#8105 = EDGE_LOOP('',(#8106,#8134,#8135,#8158));
#8106 = ORIENTED_EDGE('',*,*,#8107,.F.);
#8107 = EDGE_CURVE('',#5108,#8108,#8110,.T.);
#8108 = VERTEX_POINT('',#8109);
#8109 = CARTESIAN_POINT('',(-1.95,0.84,1.025));
#8110 = SURFACE_CURVE('',#8111,(#8115,#8122),.PCURVE_S1.);
#8111 = LINE('',#8112,#8113);
#8112 = CARTESIAN_POINT('',(-1.95,0.84,0.778829828783));
#8113 = VECTOR('',#8114,1.);
#8114 = DIRECTION('',(0.,0.,1.));
#8115 = PCURVE('',#5123,#8116);
#8116 = DEFINITIONAL_REPRESENTATION('',(#8117),#8121);
#8117 = LINE('',#8118,#8119);
#8118 = CARTESIAN_POINT('',(3.115,-0.246170171217));
#8119 = VECTOR('',#8120,1.);
#8120 = DIRECTION('',(0.,1.));
#8121 = ( GEOMETRIC_REPRESENTATION_CONTEXT(2) 
PARAMETRIC_REPRESENTATION_CONTEXT() REPRESENTATION_CONTEXT('2D SPACE',''
  ) );
#8122 = PCURVE('',#8123,#8128);
#8123 = PLANE('',#8124);
#8124 = AXIS2_PLACEMENT_3D('',#8125,#8126,#8127);
#8125 = CARTESIAN_POINT('',(-2.41578967201,0.84,0.532659657565));
#8126 = DIRECTION('',(-9.95799250103E-17,1.,0.));
#8127 = DIRECTION('',(0.,0.,1.));
#8128 = DEFINITIONAL_REPRESENTATION('',(#8129),#8133);
#8129 = LINE('',#8130,#8131);
#8130 = CARTESIAN_POINT('',(0.246170171218,0.46578967201));
#8131 = VECTOR('',#8132,1.);
#8132 = DIRECTION('',(1.,0.));
#8133 = ( GEOMETRIC_REPRESENTATION_CONTEXT(2) 
PARAMETRIC_REPRESENTATION_CONTEXT() REPRESENTATION_CONTEXT('2D SPACE',''
  ) );
#8134 = ORIENTED_EDGE('',*,*,#5107,.T.);
#8135 = ORIENTED_EDGE('',*,*,#8136,.T.);
#8136 = EDGE_CURVE('',#5080,#8137,#8139,.T.);
#8137 = VERTEX_POINT('',#8138);
#8138 = CARTESIAN_POINT('',(-1.95,1.7,1.025));
#8139 = SURFACE_CURVE('',#8140,(#8144,#8151),.PCURVE_S1.);
#8140 = LINE('',#8141,#8142);
#8141 = CARTESIAN_POINT('',(-1.95,1.7,0.778829828783));
#8142 = VECTOR('',#8143,1.);
#8143 = DIRECTION('',(0.,0.,1.));
#8144 = PCURVE('',#5123,#8145);
#8145 = DEFINITIONAL_REPRESENTATION('',(#8146),#8150);
#8146 = LINE('',#8147,#8148);
#8147 = CARTESIAN_POINT('',(3.975,-0.246170171217));
#8148 = VECTOR('',#8149,1.);
#8149 = DIRECTION('',(0.,1.));
#8150 = ( GEOMETRIC_REPRESENTATION_CONTEXT(2) 
PARAMETRIC_REPRESENTATION_CONTEXT() REPRESENTATION_CONTEXT('2D SPACE',''
  ) );
#8151 = PCURVE('',#7961,#8152);
#8152 = DEFINITIONAL_REPRESENTATION('',(#8153),#8157);
#8153 = LINE('',#8154,#8155);
#8154 = CARTESIAN_POINT('',(0.246170171218,0.46578967201));
#8155 = VECTOR('',#8156,1.);
#8156 = DIRECTION('',(1.,0.));
#8157 = ( GEOMETRIC_REPRESENTATION_CONTEXT(2) 
PARAMETRIC_REPRESENTATION_CONTEXT() REPRESENTATION_CONTEXT('2D SPACE',''
  ) );
#8158 = ORIENTED_EDGE('',*,*,#8159,.F.);
#8159 = EDGE_CURVE('',#8108,#8137,#8160,.T.);
#8160 = SURFACE_CURVE('',#8161,(#8165,#8172),.PCURVE_S1.);
#8161 = LINE('',#8162,#8163);
#8162 = CARTESIAN_POINT('',(-1.95,-2.275,1.025));
#8163 = VECTOR('',#8164,1.);
#8164 = DIRECTION('',(-2.22044604925E-16,1.,0.));
#8165 = PCURVE('',#5123,#8166);
#8166 = DEFINITIONAL_REPRESENTATION('',(#8167),#8171);
#8167 = LINE('',#8168,#8169);
#8168 = CARTESIAN_POINT('',(0.,0.));
#8169 = VECTOR('',#8170,1.);
#8170 = DIRECTION('',(1.,0.));
#8171 = ( GEOMETRIC_REPRESENTATION_CONTEXT(2) 
PARAMETRIC_REPRESENTATION_CONTEXT() REPRESENTATION_CONTEXT('2D SPACE',''
  ) );
#8172 = PCURVE('',#8173,#8178);
#8173 = B_SPLINE_SURFACE_WITH_KNOTS('',1,1,(
    (#8174,#8175)
    ,(#8176,#8177
    )),.UNSPECIFIED.,.F.,.F.,.F.,(2,2),(2,2),(0.,4.55),(0.,1.),
  .PIECEWISE_BEZIER_KNOTS.);
#8174 = CARTESIAN_POINT('',(-1.95,-2.275,1.025));
#8175 = CARTESIAN_POINT('',(-1.875,-2.2375,1.025));
#8176 = CARTESIAN_POINT('',(-1.95,2.275,1.025));
#8177 = CARTESIAN_POINT('',(-1.875,2.2375,1.025));
#8178 = DEFINITIONAL_REPRESENTATION('',(#8179),#8183);
#8179 = LINE('',#8180,#8181);
#8180 = CARTESIAN_POINT('',(4.440892098501E-16,-1.533621517397E-15));
#8181 = VECTOR('',#8182,1.);
#8182 = DIRECTION('',(1.,-2.266549495801E-15));
#8183 = ( GEOMETRIC_REPRESENTATION_CONTEXT(2) 
PARAMETRIC_REPRESENTATION_CONTEXT() REPRESENTATION_CONTEXT('2D SPACE',''
  ) );
#8184 = ADVANCED_FACE('',(#8185),#5207,.F.);
#8185 = FACE_BOUND('',#8186,.F.);
#8186 = EDGE_LOOP('',(#8187,#8210,#8211,#8239));
#8187 = ORIENTED_EDGE('',*,*,#8188,.F.);
#8188 = EDGE_CURVE('',#5192,#8189,#8191,.T.);
#8189 = VERTEX_POINT('',#8190);
#8190 = CARTESIAN_POINT('',(-2.25,-0.84,0.825));
#8191 = SURFACE_CURVE('',#8192,(#8196,#8203),.PCURVE_S1.);
#8192 = LINE('',#8193,#8194);
#8193 = CARTESIAN_POINT('',(-1.8,-0.84,0.825));
#8194 = VECTOR('',#8195,1.);
#8195 = DIRECTION('',(-1.,-9.95799250103E-17,0.));
#8196 = PCURVE('',#5207,#8197);
#8197 = DEFINITIONAL_REPRESENTATION('',(#8198),#8202);
#8198 = LINE('',#8199,#8200);
#8199 = CARTESIAN_POINT('',(0.,0.));
#8200 = VECTOR('',#8201,1.);
#8201 = DIRECTION('',(1.,0.));
#8202 = ( GEOMETRIC_REPRESENTATION_CONTEXT(2) 
PARAMETRIC_REPRESENTATION_CONTEXT() REPRESENTATION_CONTEXT('2D SPACE',''
  ) );
#8203 = PCURVE('',#8066,#8204);
#8204 = DEFINITIONAL_REPRESENTATION('',(#8205),#8209);
#8205 = LINE('',#8206,#8207);
#8206 = CARTESIAN_POINT('',(0.292340342435,0.61578967201));
#8207 = VECTOR('',#8208,1.);
#8208 = DIRECTION('',(0.,-1.));
#8209 = ( GEOMETRIC_REPRESENTATION_CONTEXT(2) 
PARAMETRIC_REPRESENTATION_CONTEXT() REPRESENTATION_CONTEXT('2D SPACE',''
  ) );
#8210 = ORIENTED_EDGE('',*,*,#5191,.T.);
#8211 = ORIENTED_EDGE('',*,*,#8212,.T.);
#8212 = EDGE_CURVE('',#5164,#8213,#8215,.T.);
#8213 = VERTEX_POINT('',#8214);
#8214 = CARTESIAN_POINT('',(-2.25,-0.43,0.825));
#8215 = SURFACE_CURVE('',#8216,(#8220,#8227),.PCURVE_S1.);
#8216 = LINE('',#8217,#8218);
#8217 = CARTESIAN_POINT('',(-1.8,-0.43,0.825));
#8218 = VECTOR('',#8219,1.);
#8219 = DIRECTION('',(-1.,-9.95799250103E-17,0.));
#8220 = PCURVE('',#5207,#8221);
#8221 = DEFINITIONAL_REPRESENTATION('',(#8222),#8226);
#8222 = LINE('',#8223,#8224);
#8223 = CARTESIAN_POINT('',(-4.082776925422E-17,-0.41));
#8224 = VECTOR('',#8225,1.);
#8225 = DIRECTION('',(1.,0.));
#8226 = ( GEOMETRIC_REPRESENTATION_CONTEXT(2) 
PARAMETRIC_REPRESENTATION_CONTEXT() REPRESENTATION_CONTEXT('2D SPACE',''
  ) );
#8227 = PCURVE('',#8228,#8233);
#8228 = PLANE('',#8229);
#8229 = AXIS2_PLACEMENT_3D('',#8230,#8231,#8232);
#8230 = CARTESIAN_POINT('',(-2.41578967201,-0.43,0.532659657565));
#8231 = DIRECTION('',(-9.95799250103E-17,1.,0.));
#8232 = DIRECTION('',(0.,0.,1.));
#8233 = DEFINITIONAL_REPRESENTATION('',(#8234),#8238);
#8234 = LINE('',#8235,#8236);
#8235 = CARTESIAN_POINT('',(0.292340342435,0.61578967201));
#8236 = VECTOR('',#8237,1.);
#8237 = DIRECTION('',(0.,-1.));
#8238 = ( GEOMETRIC_REPRESENTATION_CONTEXT(2) 
PARAMETRIC_REPRESENTATION_CONTEXT() REPRESENTATION_CONTEXT('2D SPACE',''
  ) );
#8239 = ORIENTED_EDGE('',*,*,#8240,.F.);
#8240 = EDGE_CURVE('',#8189,#8213,#8241,.T.);
#8241 = SURFACE_CURVE('',#8242,(#8246,#8253),.PCURVE_S1.);
#8242 = LINE('',#8243,#8244);
#8243 = CARTESIAN_POINT('',(-2.25,-0.84,0.825));
#8244 = VECTOR('',#8245,1.);
#8245 = DIRECTION('',(-9.95799250103E-17,1.,0.));
#8246 = PCURVE('',#5207,#8247);
#8247 = DEFINITIONAL_REPRESENTATION('',(#8248),#8252);
#8248 = LINE('',#8249,#8250);
#8249 = CARTESIAN_POINT('',(0.45,-4.481096625463E-17));
#8250 = VECTOR('',#8251,1.);
#8251 = DIRECTION('',(0.,-1.));
#8252 = ( GEOMETRIC_REPRESENTATION_CONTEXT(2) 
PARAMETRIC_REPRESENTATION_CONTEXT() REPRESENTATION_CONTEXT('2D SPACE',''
  ) );
#8253 = PCURVE('',#8254,#8259);
#8254 = CYLINDRICAL_SURFACE('',#8255,0.1);
#8255 = AXIS2_PLACEMENT_3D('',#8256,#8257,#8258);
#8256 = CARTESIAN_POINT('',(-2.25,-0.84,0.725));
#8257 = DIRECTION('',(9.95799250103E-17,-1.,0.));
#8258 = DIRECTION('',(-4.440892098501E-15,-4.422237021476E-31,1.));
#8259 = DEFINITIONAL_REPRESENTATION('',(#8260),#8264);
#8260 = LINE('',#8261,#8262);
#8261 = CARTESIAN_POINT('',(0.,0.));
#8262 = VECTOR('',#8263,1.);
#8263 = DIRECTION('',(0.,-1.));
#8264 = ( GEOMETRIC_REPRESENTATION_CONTEXT(2) 
PARAMETRIC_REPRESENTATION_CONTEXT() REPRESENTATION_CONTEXT('2D SPACE',''
  ) );
#8265 = ADVANCED_FACE('',(#8266),#5151,.F.);
#8266 = FACE_BOUND('',#8267,.F.);
#8267 = EDGE_LOOP('',(#8268,#8296,#8297,#8320));
#8268 = ORIENTED_EDGE('',*,*,#8269,.F.);
#8269 = EDGE_CURVE('',#5136,#8270,#8272,.T.);
#8270 = VERTEX_POINT('',#8271);
#8271 = CARTESIAN_POINT('',(-2.25,0.43,0.825));
#8272 = SURFACE_CURVE('',#8273,(#8277,#8284),.PCURVE_S1.);
#8273 = LINE('',#8274,#8275);
#8274 = CARTESIAN_POINT('',(-1.8,0.43,0.825));
#8275 = VECTOR('',#8276,1.);
#8276 = DIRECTION('',(-1.,-9.95799250103E-17,0.));
#8277 = PCURVE('',#5151,#8278);
#8278 = DEFINITIONAL_REPRESENTATION('',(#8279),#8283);
#8279 = LINE('',#8280,#8281);
#8280 = CARTESIAN_POINT('',(0.,0.));
#8281 = VECTOR('',#8282,1.);
#8282 = DIRECTION('',(1.,0.));
#8283 = ( GEOMETRIC_REPRESENTATION_CONTEXT(2) 
PARAMETRIC_REPRESENTATION_CONTEXT() REPRESENTATION_CONTEXT('2D SPACE',''
  ) );
#8284 = PCURVE('',#8285,#8290);
#8285 = PLANE('',#8286);
#8286 = AXIS2_PLACEMENT_3D('',#8287,#8288,#8289);
#8287 = CARTESIAN_POINT('',(-2.41578967201,0.43,0.532659657565));
#8288 = DIRECTION('',(-9.95799250103E-17,1.,0.));
#8289 = DIRECTION('',(0.,0.,1.));
#8290 = DEFINITIONAL_REPRESENTATION('',(#8291),#8295);
#8291 = LINE('',#8292,#8293);
#8292 = CARTESIAN_POINT('',(0.292340342435,0.61578967201));
#8293 = VECTOR('',#8294,1.);
#8294 = DIRECTION('',(0.,-1.));
#8295 = ( GEOMETRIC_REPRESENTATION_CONTEXT(2) 
PARAMETRIC_REPRESENTATION_CONTEXT() REPRESENTATION_CONTEXT('2D SPACE',''
  ) );
#8296 = ORIENTED_EDGE('',*,*,#5135,.T.);
#8297 = ORIENTED_EDGE('',*,*,#8298,.T.);
#8298 = EDGE_CURVE('',#5108,#8299,#8301,.T.);
#8299 = VERTEX_POINT('',#8300);
#8300 = CARTESIAN_POINT('',(-2.25,0.84,0.825));
#8301 = SURFACE_CURVE('',#8302,(#8306,#8313),.PCURVE_S1.);
#8302 = LINE('',#8303,#8304);
#8303 = CARTESIAN_POINT('',(-1.8,0.84,0.825));
#8304 = VECTOR('',#8305,1.);
#8305 = DIRECTION('',(-1.,-9.95799250103E-17,0.));
#8306 = PCURVE('',#5151,#8307);
#8307 = DEFINITIONAL_REPRESENTATION('',(#8308),#8312);
#8308 = LINE('',#8309,#8310);
#8309 = CARTESIAN_POINT('',(-4.082776925422E-17,-0.41));
#8310 = VECTOR('',#8311,1.);
#8311 = DIRECTION('',(1.,0.));
#8312 = ( GEOMETRIC_REPRESENTATION_CONTEXT(2) 
PARAMETRIC_REPRESENTATION_CONTEXT() REPRESENTATION_CONTEXT('2D SPACE',''
  ) );
#8313 = PCURVE('',#8123,#8314);
#8314 = DEFINITIONAL_REPRESENTATION('',(#8315),#8319);
#8315 = LINE('',#8316,#8317);
#8316 = CARTESIAN_POINT('',(0.292340342435,0.61578967201));
#8317 = VECTOR('',#8318,1.);
#8318 = DIRECTION('',(0.,-1.));
#8319 = ( GEOMETRIC_REPRESENTATION_CONTEXT(2) 
PARAMETRIC_REPRESENTATION_CONTEXT() REPRESENTATION_CONTEXT('2D SPACE',''
  ) );
#8320 = ORIENTED_EDGE('',*,*,#8321,.F.);
#8321 = EDGE_CURVE('',#8270,#8299,#8322,.T.);
#8322 = SURFACE_CURVE('',#8323,(#8327,#8334),.PCURVE_S1.);
#8323 = LINE('',#8324,#8325);
#8324 = CARTESIAN_POINT('',(-2.25,0.43,0.825));
#8325 = VECTOR('',#8326,1.);
#8326 = DIRECTION('',(-9.95799250103E-17,1.,0.));
#8327 = PCURVE('',#5151,#8328);
#8328 = DEFINITIONAL_REPRESENTATION('',(#8329),#8333);
#8329 = LINE('',#8330,#8331);
#8330 = CARTESIAN_POINT('',(0.45,-4.481096625463E-17));
#8331 = VECTOR('',#8332,1.);
#8332 = DIRECTION('',(0.,-1.));
#8333 = ( GEOMETRIC_REPRESENTATION_CONTEXT(2) 
PARAMETRIC_REPRESENTATION_CONTEXT() REPRESENTATION_CONTEXT('2D SPACE',''
  ) );
#8334 = PCURVE('',#8335,#8340);
#8335 = CYLINDRICAL_SURFACE('',#8336,0.1);
#8336 = AXIS2_PLACEMENT_3D('',#8337,#8338,#8339);
#8337 = CARTESIAN_POINT('',(-2.25,0.43,0.725));
#8338 = DIRECTION('',(9.95799250103E-17,-1.,0.));
#8339 = DIRECTION('',(-4.440892098501E-15,-4.422237021476E-31,1.));
#8340 = DEFINITIONAL_REPRESENTATION('',(#8341),#8345);
#8341 = LINE('',#8342,#8343);
#8342 = CARTESIAN_POINT('',(0.,0.));
#8343 = VECTOR('',#8344,1.);
#8344 = DIRECTION('',(0.,-1.));
#8345 = ( GEOMETRIC_REPRESENTATION_CONTEXT(2) 
PARAMETRIC_REPRESENTATION_CONTEXT() REPRESENTATION_CONTEXT('2D SPACE',''
  ) );
#8346 = ADVANCED_FACE('',(#8347),#5179,.F.);
#8347 = FACE_BOUND('',#8348,.F.);
#8348 = EDGE_LOOP('',(#8349,#8372,#8373,#8396));
#8349 = ORIENTED_EDGE('',*,*,#8350,.F.);
#8350 = EDGE_CURVE('',#5164,#8351,#8353,.T.);
#8351 = VERTEX_POINT('',#8352);
#8352 = CARTESIAN_POINT('',(-1.95,-0.43,1.025));
#8353 = SURFACE_CURVE('',#8354,(#8358,#8365),.PCURVE_S1.);
#8354 = LINE('',#8355,#8356);
#8355 = CARTESIAN_POINT('',(-1.95,-0.43,0.778829828783));
#8356 = VECTOR('',#8357,1.);
#8357 = DIRECTION('',(0.,0.,1.));
#8358 = PCURVE('',#5179,#8359);
#8359 = DEFINITIONAL_REPRESENTATION('',(#8360),#8364);
#8360 = LINE('',#8361,#8362);
#8361 = CARTESIAN_POINT('',(1.845,-0.246170171217));
#8362 = VECTOR('',#8363,1.);
#8363 = DIRECTION('',(0.,1.));
#8364 = ( GEOMETRIC_REPRESENTATION_CONTEXT(2) 
PARAMETRIC_REPRESENTATION_CONTEXT() REPRESENTATION_CONTEXT('2D SPACE',''
  ) );
#8365 = PCURVE('',#8228,#8366);
#8366 = DEFINITIONAL_REPRESENTATION('',(#8367),#8371);
#8367 = LINE('',#8368,#8369);
#8368 = CARTESIAN_POINT('',(0.246170171218,0.46578967201));
#8369 = VECTOR('',#8370,1.);
#8370 = DIRECTION('',(1.,0.));
#8371 = ( GEOMETRIC_REPRESENTATION_CONTEXT(2) 
PARAMETRIC_REPRESENTATION_CONTEXT() REPRESENTATION_CONTEXT('2D SPACE',''
  ) );
#8372 = ORIENTED_EDGE('',*,*,#5163,.T.);
#8373 = ORIENTED_EDGE('',*,*,#8374,.T.);
#8374 = EDGE_CURVE('',#5136,#8375,#8377,.T.);
#8375 = VERTEX_POINT('',#8376);
#8376 = CARTESIAN_POINT('',(-1.95,0.43,1.025));
#8377 = SURFACE_CURVE('',#8378,(#8382,#8389),.PCURVE_S1.);
#8378 = LINE('',#8379,#8380);
#8379 = CARTESIAN_POINT('',(-1.95,0.43,0.778829828783));
#8380 = VECTOR('',#8381,1.);
#8381 = DIRECTION('',(0.,0.,1.));
#8382 = PCURVE('',#5179,#8383);
#8383 = DEFINITIONAL_REPRESENTATION('',(#8384),#8388);
#8384 = LINE('',#8385,#8386);
#8385 = CARTESIAN_POINT('',(2.705,-0.246170171217));
#8386 = VECTOR('',#8387,1.);
#8387 = DIRECTION('',(0.,1.));
#8388 = ( GEOMETRIC_REPRESENTATION_CONTEXT(2) 
PARAMETRIC_REPRESENTATION_CONTEXT() REPRESENTATION_CONTEXT('2D SPACE',''
  ) );
#8389 = PCURVE('',#8285,#8390);
#8390 = DEFINITIONAL_REPRESENTATION('',(#8391),#8395);
#8391 = LINE('',#8392,#8393);
#8392 = CARTESIAN_POINT('',(0.246170171218,0.46578967201));
#8393 = VECTOR('',#8394,1.);
#8394 = DIRECTION('',(1.,0.));
#8395 = ( GEOMETRIC_REPRESENTATION_CONTEXT(2) 
PARAMETRIC_REPRESENTATION_CONTEXT() REPRESENTATION_CONTEXT('2D SPACE',''
  ) );
#8396 = ORIENTED_EDGE('',*,*,#8397,.F.);
#8397 = EDGE_CURVE('',#8351,#8375,#8398,.T.);
#8398 = SURFACE_CURVE('',#8399,(#8403,#8410),.PCURVE_S1.);
#8399 = LINE('',#8400,#8401);
#8400 = CARTESIAN_POINT('',(-1.95,-2.275,1.025));
#8401 = VECTOR('',#8402,1.);
#8402 = DIRECTION('',(-2.22044604925E-16,1.,0.));
#8403 = PCURVE('',#5179,#8404);
#8404 = DEFINITIONAL_REPRESENTATION('',(#8405),#8409);
#8405 = LINE('',#8406,#8407);
#8406 = CARTESIAN_POINT('',(0.,0.));
#8407 = VECTOR('',#8408,1.);
#8408 = DIRECTION('',(1.,0.));
#8409 = ( GEOMETRIC_REPRESENTATION_CONTEXT(2) 
PARAMETRIC_REPRESENTATION_CONTEXT() REPRESENTATION_CONTEXT('2D SPACE',''
  ) );
#8410 = PCURVE('',#8411,#8416);
#8411 = B_SPLINE_SURFACE_WITH_KNOTS('',1,1,(
    (#8412,#8413)
    ,(#8414,#8415
    )),.UNSPECIFIED.,.F.,.F.,.F.,(2,2),(2,2),(0.,4.55),(0.,1.),
  .PIECEWISE_BEZIER_KNOTS.);
#8412 = CARTESIAN_POINT('',(-1.95,-2.275,1.025));
#8413 = CARTESIAN_POINT('',(-1.875,-2.2375,1.025));
#8414 = CARTESIAN_POINT('',(-1.95,2.275,1.025));
#8415 = CARTESIAN_POINT('',(-1.875,2.2375,1.025));
#8416 = DEFINITIONAL_REPRESENTATION('',(#8417),#8421);
#8417 = LINE('',#8418,#8419);
#8418 = CARTESIAN_POINT('',(4.440892098501E-16,4.650842583769E-16));
#8419 = VECTOR('',#8420,1.);
#8420 = DIRECTION('',(1.,-3.444569116312E-15));
#8421 = ( GEOMETRIC_REPRESENTATION_CONTEXT(2) 
PARAMETRIC_REPRESENTATION_CONTEXT() REPRESENTATION_CONTEXT('2D SPACE',''
  ) );
#8422 = ADVANCED_FACE('',(#8423),#5321,.F.);
#8423 = FACE_BOUND('',#8424,.F.);
#8424 = EDGE_LOOP('',(#8425,#8426,#8427,#8453));
#8425 = ORIENTED_EDGE('',*,*,#5307,.T.);
#8426 = ORIENTED_EDGE('',*,*,#7032,.T.);
#8427 = ORIENTED_EDGE('',*,*,#8428,.F.);
#8428 = EDGE_CURVE('',#7816,#7010,#8429,.T.);
#8429 = SURFACE_CURVE('',#8430,(#8434,#8441),.PCURVE_S1.);
#8430 = LINE('',#8431,#8432);
#8431 = CARTESIAN_POINT('',(-1.95,2.275,1.025));
#8432 = VECTOR('',#8433,1.);
#8433 = DIRECTION('',(0.707106781187,0.707106781187,0.));
#8434 = PCURVE('',#5321,#8435);
#8435 = DEFINITIONAL_REPRESENTATION('',(#8436),#8440);
#8436 = LINE('',#8437,#8438);
#8437 = CARTESIAN_POINT('',(0.,0.));
#8438 = VECTOR('',#8439,1.);
#8439 = DIRECTION('',(1.,0.));
#8440 = ( GEOMETRIC_REPRESENTATION_CONTEXT(2) 
PARAMETRIC_REPRESENTATION_CONTEXT() REPRESENTATION_CONTEXT('2D SPACE',''
  ) );
#8441 = PCURVE('',#8442,#8447);
#8442 = B_SPLINE_SURFACE_WITH_KNOTS('',1,1,(
    (#8443,#8444)
    ,(#8445,#8446
    )),.UNSPECIFIED.,.F.,.F.,.F.,(2,2),(2,2),(0.,0.247487373415),(0.,1.)
  ,.PIECEWISE_BEZIER_KNOTS.);
#8443 = CARTESIAN_POINT('',(-1.95,2.275,1.025));
#8444 = CARTESIAN_POINT('',(-1.875,2.2375,1.025));
#8445 = CARTESIAN_POINT('',(-1.775,2.45,1.025));
#8446 = CARTESIAN_POINT('',(-1.7375,2.375,1.025));
#8447 = DEFINITIONAL_REPRESENTATION('',(#8448),#8452);
#8448 = LINE('',#8449,#8450);
#8449 = CARTESIAN_POINT('',(2.508731586994E-16,-4.08400163074E-15));
#8450 = VECTOR('',#8451,1.);
#8451 = DIRECTION('',(1.,7.990563855149E-15));
#8452 = ( GEOMETRIC_REPRESENTATION_CONTEXT(2) 
PARAMETRIC_REPRESENTATION_CONTEXT() REPRESENTATION_CONTEXT('2D SPACE',''
  ) );
#8453 = ORIENTED_EDGE('',*,*,#7815,.F.);
#8454 = ADVANCED_FACE('',(#8455),#5372,.F.);
#8455 = FACE_BOUND('',#8456,.F.);
#8456 = EDGE_LOOP('',(#8457,#8458,#8478,#8479));
#8457 = ORIENTED_EDGE('',*,*,#5358,.T.);
#8458 = ORIENTED_EDGE('',*,*,#8459,.T.);
#8459 = EDGE_CURVE('',#5339,#7296,#8460,.T.);
#8460 = SURFACE_CURVE('',#8461,(#8464,#8471),.PCURVE_S1.);
#8461 = B_SPLINE_CURVE_WITH_KNOTS('',1,(#8462,#8463),.UNSPECIFIED.,.F.,
  .F.,(2,2),(0.,1.),.PIECEWISE_BEZIER_KNOTS.);
#8462 = CARTESIAN_POINT('',(1.775,-2.45,1.025));
#8463 = CARTESIAN_POINT('',(1.7375,-2.375,1.025));
#8464 = PCURVE('',#5372,#8465);
#8465 = DEFINITIONAL_REPRESENTATION('',(#8466),#8470);
#8466 = LINE('',#8467,#8468);
#8467 = CARTESIAN_POINT('',(0.247487373415,-4.08016779168E-15));
#8468 = VECTOR('',#8469,1.);
#8469 = DIRECTION('',(2.775557561563E-17,1.));
#8470 = ( GEOMETRIC_REPRESENTATION_CONTEXT(2) 
PARAMETRIC_REPRESENTATION_CONTEXT() REPRESENTATION_CONTEXT('2D SPACE',''
  ) );
#8471 = PCURVE('',#7660,#8472);
#8472 = DEFINITIONAL_REPRESENTATION('',(#8473),#8477);
#8473 = LINE('',#8474,#8475);
#8474 = CARTESIAN_POINT('',(3.586217722922E-17,1.041987532702E-15));
#8475 = VECTOR('',#8476,1.);
#8476 = DIRECTION('',(-1.363609671586E-16,1.));
#8477 = ( GEOMETRIC_REPRESENTATION_CONTEXT(2) 
PARAMETRIC_REPRESENTATION_CONTEXT() REPRESENTATION_CONTEXT('2D SPACE',''
  ) );
#8478 = ORIENTED_EDGE('',*,*,#7295,.F.);
#8479 = ORIENTED_EDGE('',*,*,#5717,.F.);
#8480 = ADVANCED_FACE('',(#8481),#5637,.T.);
#8481 = FACE_BOUND('',#8482,.T.);
#8482 = EDGE_LOOP('',(#8483,#8484,#8485,#8486));
#8483 = ORIENTED_EDGE('',*,*,#5938,.T.);
#8484 = ORIENTED_EDGE('',*,*,#7372,.T.);
#8485 = ORIENTED_EDGE('',*,*,#5620,.F.);
#8486 = ORIENTED_EDGE('',*,*,#8487,.F.);
#8487 = EDGE_CURVE('',#5916,#5593,#8488,.T.);
#8488 = SURFACE_CURVE('',#8489,(#8493,#8500),.PCURVE_S1.);
#8489 = LINE('',#8490,#8491);
#8490 = CARTESIAN_POINT('',(2.55,-1.7,0.725));
#8491 = VECTOR('',#8492,1.);
#8492 = DIRECTION('',(2.22044604925E-16,-1.,0.));
#8493 = PCURVE('',#5637,#8494);
#8494 = DEFINITIONAL_REPRESENTATION('',(#8495),#8499);
#8495 = LINE('',#8496,#8497);
#8496 = CARTESIAN_POINT('',(6.28318530718,-2.22044604925E-16));
#8497 = VECTOR('',#8498,1.);
#8498 = DIRECTION('',(0.,-1.));
#8499 = ( GEOMETRIC_REPRESENTATION_CONTEXT(2) 
PARAMETRIC_REPRESENTATION_CONTEXT() REPRESENTATION_CONTEXT('2D SPACE',''
  ) );
#8500 = PCURVE('',#5608,#8501);
#8501 = DEFINITIONAL_REPRESENTATION('',(#8502),#8506);
#8502 = LINE('',#8503,#8504);
#8503 = CARTESIAN_POINT('',(0.425,0.));
#8504 = VECTOR('',#8505,1.);
#8505 = DIRECTION('',(0.,-1.));
#8506 = ( GEOMETRIC_REPRESENTATION_CONTEXT(2) 
PARAMETRIC_REPRESENTATION_CONTEXT() REPRESENTATION_CONTEXT('2D SPACE',''
  ) );
#8507 = ADVANCED_FACE('',(#8508),#5608,.F.);
#8508 = FACE_BOUND('',#8509,.F.);
#8509 = EDGE_LOOP('',(#8510,#8531,#8532,#8533));
#8510 = ORIENTED_EDGE('',*,*,#8511,.T.);
#8511 = EDGE_CURVE('',#5888,#5560,#8512,.T.);
#8512 = SURFACE_CURVE('',#8513,(#8517,#8524),.PCURVE_S1.);
#8513 = LINE('',#8514,#8515);
#8514 = CARTESIAN_POINT('',(2.55,-1.7,0.3));
#8515 = VECTOR('',#8516,1.);
#8516 = DIRECTION('',(2.22044604925E-16,-1.,0.));
#8517 = PCURVE('',#5608,#8518);
#8518 = DEFINITIONAL_REPRESENTATION('',(#8519),#8523);
#8519 = LINE('',#8520,#8521);
#8520 = CARTESIAN_POINT('',(0.,0.));
#8521 = VECTOR('',#8522,1.);
#8522 = DIRECTION('',(0.,-1.));
#8523 = ( GEOMETRIC_REPRESENTATION_CONTEXT(2) 
PARAMETRIC_REPRESENTATION_CONTEXT() REPRESENTATION_CONTEXT('2D SPACE',''
  ) );
#8524 = PCURVE('',#5580,#8525);
#8525 = DEFINITIONAL_REPRESENTATION('',(#8526),#8530);
#8526 = LINE('',#8527,#8528);
#8527 = CARTESIAN_POINT('',(1.570796326795,0.));
#8528 = VECTOR('',#8529,1.);
#8529 = DIRECTION('',(0.,-1.));
#8530 = ( GEOMETRIC_REPRESENTATION_CONTEXT(2) 
PARAMETRIC_REPRESENTATION_CONTEXT() REPRESENTATION_CONTEXT('2D SPACE',''
  ) );
#8531 = ORIENTED_EDGE('',*,*,#5592,.T.);
#8532 = ORIENTED_EDGE('',*,*,#8487,.F.);
#8533 = ORIENTED_EDGE('',*,*,#5915,.F.);
#8534 = ADVANCED_FACE('',(#8535),#5580,.F.);
#8535 = FACE_BOUND('',#8536,.F.);
#8536 = EDGE_LOOP('',(#8537,#8558,#8559,#8560));
#8537 = ORIENTED_EDGE('',*,*,#8538,.T.);
#8538 = EDGE_CURVE('',#5865,#5532,#8539,.T.);
#8539 = SURFACE_CURVE('',#8540,(#8544,#8551),.PCURVE_S1.);
#8540 = LINE('',#8541,#8542);
#8541 = CARTESIAN_POINT('',(2.65,-1.7,0.2));
#8542 = VECTOR('',#8543,1.);
#8543 = DIRECTION('',(2.22044604925E-16,-1.,0.));
#8544 = PCURVE('',#5580,#8545);
#8545 = DEFINITIONAL_REPRESENTATION('',(#8546),#8550);
#8546 = LINE('',#8547,#8548);
#8547 = CARTESIAN_POINT('',(0.,0.));
#8548 = VECTOR('',#8549,1.);
#8549 = DIRECTION('',(0.,-1.));
#8550 = ( GEOMETRIC_REPRESENTATION_CONTEXT(2) 
PARAMETRIC_REPRESENTATION_CONTEXT() REPRESENTATION_CONTEXT('2D SPACE',''
  ) );
#8551 = PCURVE('',#5547,#8552);
#8552 = DEFINITIONAL_REPRESENTATION('',(#8553),#8557);
#8553 = LINE('',#8554,#8555);
#8554 = CARTESIAN_POINT('',(0.35,7.771561172375E-17));
#8555 = VECTOR('',#8556,1.);
#8556 = DIRECTION('',(0.,-1.));
#8557 = ( GEOMETRIC_REPRESENTATION_CONTEXT(2) 
PARAMETRIC_REPRESENTATION_CONTEXT() REPRESENTATION_CONTEXT('2D SPACE',''
  ) );
#8558 = ORIENTED_EDGE('',*,*,#5559,.T.);
#8559 = ORIENTED_EDGE('',*,*,#8511,.F.);
#8560 = ORIENTED_EDGE('',*,*,#5887,.F.);
#8561 = ADVANCED_FACE('',(#8562),#5547,.F.);
#8562 = FACE_BOUND('',#8563,.F.);
#8563 = EDGE_LOOP('',(#8564,#8585,#8586,#8587));
#8564 = ORIENTED_EDGE('',*,*,#8565,.T.);
#8565 = EDGE_CURVE('',#5842,#5504,#8566,.T.);
#8566 = SURFACE_CURVE('',#8567,(#8571,#8578),.PCURVE_S1.);
#8567 = LINE('',#8568,#8569);
#8568 = CARTESIAN_POINT('',(3.,-1.7,0.2));
#8569 = VECTOR('',#8570,1.);
#8570 = DIRECTION('',(2.22044604925E-16,-1.,0.));
#8571 = PCURVE('',#5547,#8572);
#8572 = DEFINITIONAL_REPRESENTATION('',(#8573),#8577);
#8573 = LINE('',#8574,#8575);
#8574 = CARTESIAN_POINT('',(-0.,0.));
#8575 = VECTOR('',#8576,1.);
#8576 = DIRECTION('',(0.,-1.));
#8577 = ( GEOMETRIC_REPRESENTATION_CONTEXT(2) 
PARAMETRIC_REPRESENTATION_CONTEXT() REPRESENTATION_CONTEXT('2D SPACE',''
  ) );
#8578 = PCURVE('',#5519,#8579);
#8579 = DEFINITIONAL_REPRESENTATION('',(#8580),#8584);
#8580 = LINE('',#8581,#8582);
#8581 = CARTESIAN_POINT('',(0.2,0.));
#8582 = VECTOR('',#8583,1.);
#8583 = DIRECTION('',(0.,-1.));
#8584 = ( GEOMETRIC_REPRESENTATION_CONTEXT(2) 
PARAMETRIC_REPRESENTATION_CONTEXT() REPRESENTATION_CONTEXT('2D SPACE',''
  ) );
#8585 = ORIENTED_EDGE('',*,*,#5531,.T.);
#8586 = ORIENTED_EDGE('',*,*,#8538,.F.);
#8587 = ORIENTED_EDGE('',*,*,#5864,.F.);
#8588 = ADVANCED_FACE('',(#8589),#5519,.F.);
#8589 = FACE_BOUND('',#8590,.F.);
#8590 = EDGE_LOOP('',(#8591,#8612,#8613,#8614));
#8591 = ORIENTED_EDGE('',*,*,#8592,.T.);
#8592 = EDGE_CURVE('',#5819,#5476,#8593,.T.);
#8593 = SURFACE_CURVE('',#8594,(#8598,#8605),.PCURVE_S1.);
#8594 = LINE('',#8595,#8596);
#8595 = CARTESIAN_POINT('',(3.,-1.7,5.551115123126E-17));
#8596 = VECTOR('',#8597,1.);
#8597 = DIRECTION('',(2.22044604925E-16,-1.,0.));
#8598 = PCURVE('',#5519,#8599);
#8599 = DEFINITIONAL_REPRESENTATION('',(#8600),#8604);
#8600 = LINE('',#8601,#8602);
#8601 = CARTESIAN_POINT('',(0.,0.));
#8602 = VECTOR('',#8603,1.);
#8603 = DIRECTION('',(0.,-1.));
#8604 = ( GEOMETRIC_REPRESENTATION_CONTEXT(2) 
PARAMETRIC_REPRESENTATION_CONTEXT() REPRESENTATION_CONTEXT('2D SPACE',''
  ) );
#8605 = PCURVE('',#5491,#8606);
#8606 = DEFINITIONAL_REPRESENTATION('',(#8607),#8611);
#8607 = LINE('',#8608,#8609);
#8608 = CARTESIAN_POINT('',(0.35,-7.771561172375E-17));
#8609 = VECTOR('',#8610,1.);
#8610 = DIRECTION('',(0.,-1.));
#8611 = ( GEOMETRIC_REPRESENTATION_CONTEXT(2) 
PARAMETRIC_REPRESENTATION_CONTEXT() REPRESENTATION_CONTEXT('2D SPACE',''
  ) );
#8612 = ORIENTED_EDGE('',*,*,#5503,.T.);
#8613 = ORIENTED_EDGE('',*,*,#8565,.F.);
#8614 = ORIENTED_EDGE('',*,*,#5841,.F.);
#8615 = ADVANCED_FACE('',(#8616),#5491,.F.);
#8616 = FACE_BOUND('',#8617,.F.);
#8617 = EDGE_LOOP('',(#8618,#8639,#8640,#8641));
#8618 = ORIENTED_EDGE('',*,*,#8619,.T.);
#8619 = EDGE_CURVE('',#5795,#5447,#8620,.T.);
#8620 = SURFACE_CURVE('',#8621,(#8625,#8632),.PCURVE_S1.);
#8621 = LINE('',#8622,#8623);
#8622 = CARTESIAN_POINT('',(2.65,-1.7,5.551115123126E-17));
#8623 = VECTOR('',#8624,1.);
#8624 = DIRECTION('',(2.22044604925E-16,-1.,0.));
#8625 = PCURVE('',#5491,#8626);
#8626 = DEFINITIONAL_REPRESENTATION('',(#8627),#8631);
#8627 = LINE('',#8628,#8629);
#8628 = CARTESIAN_POINT('',(0.,0.));
#8629 = VECTOR('',#8630,1.);
#8630 = DIRECTION('',(0.,-1.));
#8631 = ( GEOMETRIC_REPRESENTATION_CONTEXT(2) 
PARAMETRIC_REPRESENTATION_CONTEXT() REPRESENTATION_CONTEXT('2D SPACE',''
  ) );
#8632 = PCURVE('',#5463,#8633);
#8633 = DEFINITIONAL_REPRESENTATION('',(#8634),#8638);
#8634 = LINE('',#8635,#8636);
#8635 = CARTESIAN_POINT('',(4.712388980385,0.));
#8636 = VECTOR('',#8637,1.);
#8637 = DIRECTION('',(0.,-1.));
#8638 = ( GEOMETRIC_REPRESENTATION_CONTEXT(2) 
PARAMETRIC_REPRESENTATION_CONTEXT() REPRESENTATION_CONTEXT('2D SPACE',''
  ) );
#8639 = ORIENTED_EDGE('',*,*,#5475,.T.);
#8640 = ORIENTED_EDGE('',*,*,#8592,.F.);
#8641 = ORIENTED_EDGE('',*,*,#5818,.F.);
#8642 = ADVANCED_FACE('',(#8643),#5463,.T.);
#8643 = FACE_BOUND('',#8644,.T.);
#8644 = EDGE_LOOP('',(#8645,#8646,#8647,#8648));
#8645 = ORIENTED_EDGE('',*,*,#5794,.T.);
#8646 = ORIENTED_EDGE('',*,*,#8619,.T.);
#8647 = ORIENTED_EDGE('',*,*,#5446,.F.);
#8648 = ORIENTED_EDGE('',*,*,#8649,.F.);
#8649 = EDGE_CURVE('',#5772,#5419,#8650,.T.);
#8650 = SURFACE_CURVE('',#8651,(#8655,#8662),.PCURVE_S1.);
#8651 = LINE('',#8652,#8653);
#8652 = CARTESIAN_POINT('',(2.35,-1.7,0.3));
#8653 = VECTOR('',#8654,1.);
#8654 = DIRECTION('',(2.22044604925E-16,-1.,0.));
#8655 = PCURVE('',#5463,#8656);
#8656 = DEFINITIONAL_REPRESENTATION('',(#8657),#8661);
#8657 = LINE('',#8658,#8659);
#8658 = CARTESIAN_POINT('',(6.28318530718,2.22044604925E-16));
#8659 = VECTOR('',#8660,1.);
#8660 = DIRECTION('',(0.,-1.));
#8661 = ( GEOMETRIC_REPRESENTATION_CONTEXT(2) 
PARAMETRIC_REPRESENTATION_CONTEXT() REPRESENTATION_CONTEXT('2D SPACE',''
  ) );
#8662 = PCURVE('',#5434,#8663);
#8663 = DEFINITIONAL_REPRESENTATION('',(#8664),#8668);
#8664 = LINE('',#8665,#8666);
#8665 = CARTESIAN_POINT('',(0.425,-9.860761315258E-32));
#8666 = VECTOR('',#8667,1.);
#8667 = DIRECTION('',(7.584527938158E-44,-1.));
#8668 = ( GEOMETRIC_REPRESENTATION_CONTEXT(2) 
PARAMETRIC_REPRESENTATION_CONTEXT() REPRESENTATION_CONTEXT('2D SPACE',''
  ) );
#8669 = ADVANCED_FACE('',(#8670),#5434,.F.);
#8670 = FACE_BOUND('',#8671,.F.);
#8671 = EDGE_LOOP('',(#8672,#8673,#8674,#8675));
#8672 = ORIENTED_EDGE('',*,*,#5988,.T.);
#8673 = ORIENTED_EDGE('',*,*,#5418,.T.);
#8674 = ORIENTED_EDGE('',*,*,#8649,.F.);
#8675 = ORIENTED_EDGE('',*,*,#5771,.F.);
#8676 = ADVANCED_FACE('',(#8677),#6262,.T.);
#8677 = FACE_BOUND('',#8678,.T.);
#8678 = EDGE_LOOP('',(#8679,#8680,#8681,#8682));
#8679 = ORIENTED_EDGE('',*,*,#6835,.T.);
#8680 = ORIENTED_EDGE('',*,*,#7401,.T.);
#8681 = ORIENTED_EDGE('',*,*,#6245,.F.);
#8682 = ORIENTED_EDGE('',*,*,#8683,.F.);
#8683 = EDGE_CURVE('',#6813,#6218,#8684,.T.);
#8684 = SURFACE_CURVE('',#8685,(#8689,#8696),.PCURVE_S1.);
#8685 = LINE('',#8686,#8687);
#8686 = CARTESIAN_POINT('',(2.55,-0.43,0.725));
#8687 = VECTOR('',#8688,1.);
#8688 = DIRECTION('',(2.22044604925E-16,-1.,0.));
#8689 = PCURVE('',#6262,#8690);
#8690 = DEFINITIONAL_REPRESENTATION('',(#8691),#8695);
#8691 = LINE('',#8692,#8693);
#8692 = CARTESIAN_POINT('',(6.28318530718,-5.551115123126E-17));
#8693 = VECTOR('',#8694,1.);
#8694 = DIRECTION('',(0.,-1.));
#8695 = ( GEOMETRIC_REPRESENTATION_CONTEXT(2) 
PARAMETRIC_REPRESENTATION_CONTEXT() REPRESENTATION_CONTEXT('2D SPACE',''
  ) );
#8696 = PCURVE('',#6233,#8697);
#8697 = DEFINITIONAL_REPRESENTATION('',(#8698),#8702);
#8698 = LINE('',#8699,#8700);
#8699 = CARTESIAN_POINT('',(0.425,0.));
#8700 = VECTOR('',#8701,1.);
#8701 = DIRECTION('',(0.,-1.));
#8702 = ( GEOMETRIC_REPRESENTATION_CONTEXT(2) 
PARAMETRIC_REPRESENTATION_CONTEXT() REPRESENTATION_CONTEXT('2D SPACE',''
  ) );
#8703 = ADVANCED_FACE('',(#8704),#6233,.F.);
#8704 = FACE_BOUND('',#8705,.F.);
#8705 = EDGE_LOOP('',(#8706,#8727,#8728,#8729));
#8706 = ORIENTED_EDGE('',*,*,#8707,.T.);
#8707 = EDGE_CURVE('',#6785,#6185,#8708,.T.);
#8708 = SURFACE_CURVE('',#8709,(#8713,#8720),.PCURVE_S1.);
#8709 = LINE('',#8710,#8711);
#8710 = CARTESIAN_POINT('',(2.55,-0.43,0.3));
#8711 = VECTOR('',#8712,1.);
#8712 = DIRECTION('',(2.22044604925E-16,-1.,0.));
#8713 = PCURVE('',#6233,#8714);
#8714 = DEFINITIONAL_REPRESENTATION('',(#8715),#8719);
#8715 = LINE('',#8716,#8717);
#8716 = CARTESIAN_POINT('',(0.,0.));
#8717 = VECTOR('',#8718,1.);
#8718 = DIRECTION('',(0.,-1.));
#8719 = ( GEOMETRIC_REPRESENTATION_CONTEXT(2) 
PARAMETRIC_REPRESENTATION_CONTEXT() REPRESENTATION_CONTEXT('2D SPACE',''
  ) );
#8720 = PCURVE('',#6205,#8721);
#8721 = DEFINITIONAL_REPRESENTATION('',(#8722),#8726);
#8722 = LINE('',#8723,#8724);
#8723 = CARTESIAN_POINT('',(1.570796326795,5.551115123126E-17));
#8724 = VECTOR('',#8725,1.);
#8725 = DIRECTION('',(0.,-1.));
#8726 = ( GEOMETRIC_REPRESENTATION_CONTEXT(2) 
PARAMETRIC_REPRESENTATION_CONTEXT() REPRESENTATION_CONTEXT('2D SPACE',''
  ) );
#8727 = ORIENTED_EDGE('',*,*,#6217,.T.);
#8728 = ORIENTED_EDGE('',*,*,#8683,.F.);
#8729 = ORIENTED_EDGE('',*,*,#6812,.F.);
#8730 = ADVANCED_FACE('',(#8731),#6205,.F.);
#8731 = FACE_BOUND('',#8732,.F.);
#8732 = EDGE_LOOP('',(#8733,#8754,#8755,#8756));
#8733 = ORIENTED_EDGE('',*,*,#8734,.T.);
#8734 = EDGE_CURVE('',#6762,#6157,#8735,.T.);
#8735 = SURFACE_CURVE('',#8736,(#8740,#8747),.PCURVE_S1.);
#8736 = LINE('',#8737,#8738);
#8737 = CARTESIAN_POINT('',(2.65,-0.43,0.2));
#8738 = VECTOR('',#8739,1.);
#8739 = DIRECTION('',(2.22044604925E-16,-1.,0.));
#8740 = PCURVE('',#6205,#8741);
#8741 = DEFINITIONAL_REPRESENTATION('',(#8742),#8746);
#8742 = LINE('',#8743,#8744);
#8743 = CARTESIAN_POINT('',(0.,0.));
#8744 = VECTOR('',#8745,1.);
#8745 = DIRECTION('',(0.,-1.));
#8746 = ( GEOMETRIC_REPRESENTATION_CONTEXT(2) 
PARAMETRIC_REPRESENTATION_CONTEXT() REPRESENTATION_CONTEXT('2D SPACE',''
  ) );
#8747 = PCURVE('',#6172,#8748);
#8748 = DEFINITIONAL_REPRESENTATION('',(#8749),#8753);
#8749 = LINE('',#8750,#8751);
#8750 = CARTESIAN_POINT('',(0.35,7.771561172375E-17));
#8751 = VECTOR('',#8752,1.);
#8752 = DIRECTION('',(0.,-1.));
#8753 = ( GEOMETRIC_REPRESENTATION_CONTEXT(2) 
PARAMETRIC_REPRESENTATION_CONTEXT() REPRESENTATION_CONTEXT('2D SPACE',''
  ) );
#8754 = ORIENTED_EDGE('',*,*,#6184,.T.);
#8755 = ORIENTED_EDGE('',*,*,#8707,.F.);
#8756 = ORIENTED_EDGE('',*,*,#6784,.F.);
#8757 = ADVANCED_FACE('',(#8758),#6172,.F.);
#8758 = FACE_BOUND('',#8759,.F.);
#8759 = EDGE_LOOP('',(#8760,#8781,#8782,#8783));
#8760 = ORIENTED_EDGE('',*,*,#8761,.T.);
#8761 = EDGE_CURVE('',#6739,#6129,#8762,.T.);
#8762 = SURFACE_CURVE('',#8763,(#8767,#8774),.PCURVE_S1.);
#8763 = LINE('',#8764,#8765);
#8764 = CARTESIAN_POINT('',(3.,-0.43,0.2));
#8765 = VECTOR('',#8766,1.);
#8766 = DIRECTION('',(2.22044604925E-16,-1.,0.));
#8767 = PCURVE('',#6172,#8768);
#8768 = DEFINITIONAL_REPRESENTATION('',(#8769),#8773);
#8769 = LINE('',#8770,#8771);
#8770 = CARTESIAN_POINT('',(-0.,0.));
#8771 = VECTOR('',#8772,1.);
#8772 = DIRECTION('',(0.,-1.));
#8773 = ( GEOMETRIC_REPRESENTATION_CONTEXT(2) 
PARAMETRIC_REPRESENTATION_CONTEXT() REPRESENTATION_CONTEXT('2D SPACE',''
  ) );
#8774 = PCURVE('',#6144,#8775);
#8775 = DEFINITIONAL_REPRESENTATION('',(#8776),#8780);
#8776 = LINE('',#8777,#8778);
#8777 = CARTESIAN_POINT('',(0.2,0.));
#8778 = VECTOR('',#8779,1.);
#8779 = DIRECTION('',(0.,-1.));
#8780 = ( GEOMETRIC_REPRESENTATION_CONTEXT(2) 
PARAMETRIC_REPRESENTATION_CONTEXT() REPRESENTATION_CONTEXT('2D SPACE',''
  ) );
#8781 = ORIENTED_EDGE('',*,*,#6156,.T.);
#8782 = ORIENTED_EDGE('',*,*,#8734,.F.);
#8783 = ORIENTED_EDGE('',*,*,#6761,.F.);
#8784 = ADVANCED_FACE('',(#8785),#6144,.F.);
#8785 = FACE_BOUND('',#8786,.F.);
#8786 = EDGE_LOOP('',(#8787,#8808,#8809,#8810));
#8787 = ORIENTED_EDGE('',*,*,#8788,.T.);
#8788 = EDGE_CURVE('',#6716,#6101,#8789,.T.);
#8789 = SURFACE_CURVE('',#8790,(#8794,#8801),.PCURVE_S1.);
#8790 = LINE('',#8791,#8792);
#8791 = CARTESIAN_POINT('',(3.,-0.43,5.551115123126E-17));
#8792 = VECTOR('',#8793,1.);
#8793 = DIRECTION('',(2.22044604925E-16,-1.,0.));
#8794 = PCURVE('',#6144,#8795);
#8795 = DEFINITIONAL_REPRESENTATION('',(#8796),#8800);
#8796 = LINE('',#8797,#8798);
#8797 = CARTESIAN_POINT('',(0.,0.));
#8798 = VECTOR('',#8799,1.);
#8799 = DIRECTION('',(0.,-1.));
#8800 = ( GEOMETRIC_REPRESENTATION_CONTEXT(2) 
PARAMETRIC_REPRESENTATION_CONTEXT() REPRESENTATION_CONTEXT('2D SPACE',''
  ) );
#8801 = PCURVE('',#6116,#8802);
#8802 = DEFINITIONAL_REPRESENTATION('',(#8803),#8807);
#8803 = LINE('',#8804,#8805);
#8804 = CARTESIAN_POINT('',(0.35,-7.771561172375E-17));
#8805 = VECTOR('',#8806,1.);
#8806 = DIRECTION('',(0.,-1.));
#8807 = ( GEOMETRIC_REPRESENTATION_CONTEXT(2) 
PARAMETRIC_REPRESENTATION_CONTEXT() REPRESENTATION_CONTEXT('2D SPACE',''
  ) );
#8808 = ORIENTED_EDGE('',*,*,#6128,.T.);
#8809 = ORIENTED_EDGE('',*,*,#8761,.F.);
#8810 = ORIENTED_EDGE('',*,*,#6738,.F.);
#8811 = ADVANCED_FACE('',(#8812),#6116,.F.);
#8812 = FACE_BOUND('',#8813,.F.);
#8813 = EDGE_LOOP('',(#8814,#8835,#8836,#8837));
#8814 = ORIENTED_EDGE('',*,*,#8815,.T.);
#8815 = EDGE_CURVE('',#6692,#6072,#8816,.T.);
#8816 = SURFACE_CURVE('',#8817,(#8821,#8828),.PCURVE_S1.);
#8817 = LINE('',#8818,#8819);
#8818 = CARTESIAN_POINT('',(2.65,-0.43,5.551115123126E-17));
#8819 = VECTOR('',#8820,1.);
#8820 = DIRECTION('',(2.22044604925E-16,-1.,0.));
#8821 = PCURVE('',#6116,#8822);
#8822 = DEFINITIONAL_REPRESENTATION('',(#8823),#8827);
#8823 = LINE('',#8824,#8825);
#8824 = CARTESIAN_POINT('',(0.,0.));
#8825 = VECTOR('',#8826,1.);
#8826 = DIRECTION('',(0.,-1.));
#8827 = ( GEOMETRIC_REPRESENTATION_CONTEXT(2) 
PARAMETRIC_REPRESENTATION_CONTEXT() REPRESENTATION_CONTEXT('2D SPACE',''
  ) );
#8828 = PCURVE('',#6088,#8829);
#8829 = DEFINITIONAL_REPRESENTATION('',(#8830),#8834);
#8830 = LINE('',#8831,#8832);
#8831 = CARTESIAN_POINT('',(4.712388980385,0.));
#8832 = VECTOR('',#8833,1.);
#8833 = DIRECTION('',(0.,-1.));
#8834 = ( GEOMETRIC_REPRESENTATION_CONTEXT(2) 
PARAMETRIC_REPRESENTATION_CONTEXT() REPRESENTATION_CONTEXT('2D SPACE',''
  ) );
#8835 = ORIENTED_EDGE('',*,*,#6100,.T.);
#8836 = ORIENTED_EDGE('',*,*,#8788,.F.);
#8837 = ORIENTED_EDGE('',*,*,#6715,.F.);
#8838 = ADVANCED_FACE('',(#8839),#6088,.T.);
#8839 = FACE_BOUND('',#8840,.T.);
#8840 = EDGE_LOOP('',(#8841,#8842,#8843,#8844));
#8841 = ORIENTED_EDGE('',*,*,#6691,.T.);
#8842 = ORIENTED_EDGE('',*,*,#8815,.T.);
#8843 = ORIENTED_EDGE('',*,*,#6071,.F.);
#8844 = ORIENTED_EDGE('',*,*,#8845,.F.);
#8845 = EDGE_CURVE('',#6669,#6044,#8846,.T.);
#8846 = SURFACE_CURVE('',#8847,(#8851,#8858),.PCURVE_S1.);
#8847 = LINE('',#8848,#8849);
#8848 = CARTESIAN_POINT('',(2.35,-0.43,0.3));
#8849 = VECTOR('',#8850,1.);
#8850 = DIRECTION('',(2.22044604925E-16,-1.,0.));
#8851 = PCURVE('',#6088,#8852);
#8852 = DEFINITIONAL_REPRESENTATION('',(#8853),#8857);
#8853 = LINE('',#8854,#8855);
#8854 = CARTESIAN_POINT('',(6.28318530718,1.110223024625E-16));
#8855 = VECTOR('',#8856,1.);
#8856 = DIRECTION('',(0.,-1.));
#8857 = ( GEOMETRIC_REPRESENTATION_CONTEXT(2) 
PARAMETRIC_REPRESENTATION_CONTEXT() REPRESENTATION_CONTEXT('2D SPACE',''
  ) );
#8858 = PCURVE('',#6059,#8859);
#8859 = DEFINITIONAL_REPRESENTATION('',(#8860),#8864);
#8860 = LINE('',#8861,#8862);
#8861 = CARTESIAN_POINT('',(0.425,-9.860761315258E-32));
#8862 = VECTOR('',#8863,1.);
#8863 = DIRECTION('',(7.584527938158E-44,-1.));
#8864 = ( GEOMETRIC_REPRESENTATION_CONTEXT(2) 
PARAMETRIC_REPRESENTATION_CONTEXT() REPRESENTATION_CONTEXT('2D SPACE',''
  ) );
#8865 = ADVANCED_FACE('',(#8866),#6059,.F.);
#8866 = FACE_BOUND('',#8867,.F.);
#8867 = EDGE_LOOP('',(#8868,#8869,#8870,#8871));
#8868 = ORIENTED_EDGE('',*,*,#6885,.T.);
#8869 = ORIENTED_EDGE('',*,*,#6043,.T.);
#8870 = ORIENTED_EDGE('',*,*,#8845,.F.);
#8871 = ORIENTED_EDGE('',*,*,#6668,.F.);
#8872 = ADVANCED_FACE('',(#8873),#6992,.F.);
#8873 = FACE_BOUND('',#8874,.F.);
#8874 = EDGE_LOOP('',(#8875,#8876,#8877,#8899));
#8875 = ORIENTED_EDGE('',*,*,#7009,.T.);
#8876 = ORIENTED_EDGE('',*,*,#6979,.T.);
#8877 = ORIENTED_EDGE('',*,*,#8878,.F.);
#8878 = EDGE_CURVE('',#8879,#6958,#8881,.T.);
#8879 = VERTEX_POINT('',#8880);
#8880 = CARTESIAN_POINT('',(-1.7375,2.375,1.025));
#8881 = SURFACE_CURVE('',#8882,(#8886,#8892),.PCURVE_S1.);
#8882 = LINE('',#8883,#8884);
#8883 = CARTESIAN_POINT('',(-1.7375,2.375,1.025));
#8884 = VECTOR('',#8885,1.);
#8885 = DIRECTION('',(1.,2.22044604925E-16,0.));
#8886 = PCURVE('',#6992,#8887);
#8887 = DEFINITIONAL_REPRESENTATION('',(#8888),#8891);
#8888 = B_SPLINE_CURVE_WITH_KNOTS('',1,(#8889,#8890),.UNSPECIFIED.,.F.,
  .F.,(2,2),(0.,3.475),.PIECEWISE_BEZIER_KNOTS.);
#8889 = CARTESIAN_POINT('',(-3.273357244571E-16,1.));
#8890 = CARTESIAN_POINT('',(3.55,1.));
#8891 = ( GEOMETRIC_REPRESENTATION_CONTEXT(2) 
PARAMETRIC_REPRESENTATION_CONTEXT() REPRESENTATION_CONTEXT('2D SPACE',''
  ) );
#8892 = PCURVE('',#7090,#8893);
#8893 = DEFINITIONAL_REPRESENTATION('',(#8894),#8898);
#8894 = LINE('',#8895,#8896);
#8895 = CARTESIAN_POINT('',(-1.062162001898E-16,3.830465704938E-18));
#8896 = VECTOR('',#8897,1.);
#8897 = DIRECTION('',(1.,-5.016767432657E-17));
#8898 = ( GEOMETRIC_REPRESENTATION_CONTEXT(2) 
PARAMETRIC_REPRESENTATION_CONTEXT() REPRESENTATION_CONTEXT('2D SPACE',''
  ) );
#8899 = ORIENTED_EDGE('',*,*,#8900,.F.);
#8900 = EDGE_CURVE('',#7010,#8879,#8901,.T.);
#8901 = SURFACE_CURVE('',#8902,(#8905,#8912),.PCURVE_S1.);
#8902 = B_SPLINE_CURVE_WITH_KNOTS('',1,(#8903,#8904),.UNSPECIFIED.,.F.,
  .F.,(2,2),(0.,1.),.PIECEWISE_BEZIER_KNOTS.);
#8903 = CARTESIAN_POINT('',(-1.775,2.45,1.025));
#8904 = CARTESIAN_POINT('',(-1.7375,2.375,1.025));
#8905 = PCURVE('',#6992,#8906);
#8906 = DEFINITIONAL_REPRESENTATION('',(#8907),#8911);
#8907 = LINE('',#8908,#8909);
#8908 = CARTESIAN_POINT('',(3.586217722922E-17,1.041987532702E-15));
#8909 = VECTOR('',#8910,1.);
#8910 = DIRECTION('',(-1.363609671586E-16,1.));
#8911 = ( GEOMETRIC_REPRESENTATION_CONTEXT(2) 
PARAMETRIC_REPRESENTATION_CONTEXT() REPRESENTATION_CONTEXT('2D SPACE',''
  ) );
#8912 = PCURVE('',#8442,#8913);
#8913 = DEFINITIONAL_REPRESENTATION('',(#8914),#8918);
#8914 = LINE('',#8915,#8916);
#8915 = CARTESIAN_POINT('',(0.247487373415,-4.08016779168E-15));
#8916 = VECTOR('',#8917,1.);
#8917 = DIRECTION('',(2.775557561563E-17,1.));
#8918 = ( GEOMETRIC_REPRESENTATION_CONTEXT(2) 
PARAMETRIC_REPRESENTATION_CONTEXT() REPRESENTATION_CONTEXT('2D SPACE',''
  ) );
#8919 = ADVANCED_FACE('',(#8920),#7090,.F.);
#8920 = FACE_BOUND('',#8921,.F.);
#8921 = EDGE_LOOP('',(#8922,#8923,#8924,#8925));
#8922 = ORIENTED_EDGE('',*,*,#8878,.T.);
#8923 = ORIENTED_EDGE('',*,*,#7077,.T.);
#8924 = ORIENTED_EDGE('',*,*,#7105,.F.);
#8925 = ORIENTED_EDGE('',*,*,#8926,.F.);
#8926 = EDGE_CURVE('',#8879,#7106,#8927,.T.);
#8927 = SURFACE_CURVE('',#8928,(#8931,#8938),.PCURVE_S1.);
#8928 = B_SPLINE_CURVE_WITH_KNOTS('',1,(#8929,#8930),.UNSPECIFIED.,.F.,
  .F.,(2,2),(0.,1.),.PIECEWISE_BEZIER_KNOTS.);
#8929 = CARTESIAN_POINT('',(-1.7375,2.375,1.025));
#8930 = CARTESIAN_POINT('',(-1.680085640382,2.260171280765,1.75));
#8931 = PCURVE('',#7090,#8932);
#8932 = DEFINITIONAL_REPRESENTATION('',(#8933),#8937);
#8933 = LINE('',#8934,#8935);
#8934 = CARTESIAN_POINT('',(-1.062162001898E-16,3.830465704938E-18));
#8935 = VECTOR('',#8936,1.);
#8936 = DIRECTION('',(3.757404270073E-16,1.));
#8937 = ( GEOMETRIC_REPRESENTATION_CONTEXT(2) 
PARAMETRIC_REPRESENTATION_CONTEXT() REPRESENTATION_CONTEXT('2D SPACE',''
  ) );
#8938 = PCURVE('',#7246,#8939);
#8939 = DEFINITIONAL_REPRESENTATION('',(#8940),#8944);
#8940 = LINE('',#8941,#8942);
#8941 = CARTESIAN_POINT('',(0.194454364826,1.463361621183E-16));
#8942 = VECTOR('',#8943,1.);
#8943 = DIRECTION('',(-5.273559366969E-16,1.));
#8944 = ( GEOMETRIC_REPRESENTATION_CONTEXT(2) 
PARAMETRIC_REPRESENTATION_CONTEXT() REPRESENTATION_CONTEXT('2D SPACE',''
  ) );
#8945 = ADVANCED_FACE('',(#8946),#7246,.F.);
#8946 = FACE_BOUND('',#8947,.F.);
#8947 = EDGE_LOOP('',(#8948,#8970,#8971,#8972));
#8948 = ORIENTED_EDGE('',*,*,#8949,.T.);
#8949 = EDGE_CURVE('',#8950,#8879,#8952,.T.);
#8950 = VERTEX_POINT('',#8951);
#8951 = CARTESIAN_POINT('',(-1.875,2.2375,1.025));
#8952 = SURFACE_CURVE('',#8953,(#8957,#8964),.PCURVE_S1.);
#8953 = LINE('',#8954,#8955);
#8954 = CARTESIAN_POINT('',(-1.875,2.2375,1.025));
#8955 = VECTOR('',#8956,1.);
#8956 = DIRECTION('',(0.707106781187,0.707106781187,0.));
#8957 = PCURVE('',#7246,#8958);
#8958 = DEFINITIONAL_REPRESENTATION('',(#8959),#8963);
#8959 = LINE('',#8960,#8961);
#8960 = CARTESIAN_POINT('',(-1.318037530753E-16,1.463330846146E-16));
#8961 = VECTOR('',#8962,1.);
#8962 = DIRECTION('',(1.,1.81974050535E-16));
#8963 = ( GEOMETRIC_REPRESENTATION_CONTEXT(2) 
PARAMETRIC_REPRESENTATION_CONTEXT() REPRESENTATION_CONTEXT('2D SPACE',''
  ) );
#8964 = PCURVE('',#8442,#8965);
#8965 = DEFINITIONAL_REPRESENTATION('',(#8966),#8969);
#8966 = B_SPLINE_CURVE_WITH_KNOTS('',1,(#8967,#8968),.UNSPECIFIED.,.F.,
  .F.,(2,2),(0.,0.194454364826),.PIECEWISE_BEZIER_KNOTS.);
#8967 = CARTESIAN_POINT('',(5.446312357614E-16,1.));
#8968 = CARTESIAN_POINT('',(0.247487373415,1.));
#8969 = ( GEOMETRIC_REPRESENTATION_CONTEXT(2) 
PARAMETRIC_REPRESENTATION_CONTEXT() REPRESENTATION_CONTEXT('2D SPACE',''
  ) );
#8970 = ORIENTED_EDGE('',*,*,#8926,.T.);
#8971 = ORIENTED_EDGE('',*,*,#7232,.F.);
#8972 = ORIENTED_EDGE('',*,*,#8973,.F.);
#8973 = EDGE_CURVE('',#8950,#7206,#8974,.T.);
#8974 = SURFACE_CURVE('',#8975,(#8978,#8985),.PCURVE_S1.);
#8975 = B_SPLINE_CURVE_WITH_KNOTS('',1,(#8976,#8977),.UNSPECIFIED.,.F.,
  .F.,(2,2),(0.,1.),.PIECEWISE_BEZIER_KNOTS.);
#8976 = CARTESIAN_POINT('',(-1.875,2.2375,1.025));
#8977 = CARTESIAN_POINT('',(-1.760171280765,2.180085640382,1.75));
#8978 = PCURVE('',#7246,#8979);
#8979 = DEFINITIONAL_REPRESENTATION('',(#8980),#8984);
#8980 = LINE('',#8981,#8982);
#8981 = CARTESIAN_POINT('',(-1.318037530753E-16,1.463330846146E-16));
#8982 = VECTOR('',#8983,1.);
#8983 = DIRECTION('',(2.6730391658E-16,1.));
#8984 = ( GEOMETRIC_REPRESENTATION_CONTEXT(2) 
PARAMETRIC_REPRESENTATION_CONTEXT() REPRESENTATION_CONTEXT('2D SPACE',''
  ) );
#8985 = PCURVE('',#7221,#8986);
#8986 = DEFINITIONAL_REPRESENTATION('',(#8987),#8991);
#8987 = LINE('',#8988,#8989);
#8988 = CARTESIAN_POINT('',(4.475,1.080348556673E-16));
#8989 = VECTOR('',#8990,1.);
#8990 = DIRECTION('',(0.,1.));
#8991 = ( GEOMETRIC_REPRESENTATION_CONTEXT(2) 
PARAMETRIC_REPRESENTATION_CONTEXT() REPRESENTATION_CONTEXT('2D SPACE',''
  ) );
#8992 = ADVANCED_FACE('',(#8993),#7221,.F.);
#8993 = FACE_BOUND('',#8994,.F.);
#8994 = EDGE_LOOP('',(#8995,#9019,#9047,#9069,#9097,#9119,#9147,#9169,
    #9197,#9217,#9218,#9219));
#8995 = ORIENTED_EDGE('',*,*,#8996,.T.);
#8996 = EDGE_CURVE('',#8997,#8999,#9001,.T.);
#8997 = VERTEX_POINT('',#8998);
#8998 = CARTESIAN_POINT('',(-1.875,-2.2375,1.025));
#8999 = VERTEX_POINT('',#9000);
#9000 = CARTESIAN_POINT('',(-1.875,-2.11,1.025));
#9001 = SURFACE_CURVE('',#9002,(#9006,#9013),.PCURVE_S1.);
#9002 = LINE('',#9003,#9004);
#9003 = CARTESIAN_POINT('',(-1.875,-2.2375,1.025));
#9004 = VECTOR('',#9005,1.);
#9005 = DIRECTION('',(-2.22044604925E-16,1.,0.));
#9006 = PCURVE('',#7221,#9007);
#9007 = DEFINITIONAL_REPRESENTATION('',(#9008),#9012);
#9008 = LINE('',#9009,#9010);
#9009 = CARTESIAN_POINT('',(9.892682991552E-17,9.298836221054E-17));
#9010 = VECTOR('',#9011,1.);
#9011 = DIRECTION('',(1.,6.324161807868E-16));
#9012 = ( GEOMETRIC_REPRESENTATION_CONTEXT(2) 
PARAMETRIC_REPRESENTATION_CONTEXT() REPRESENTATION_CONTEXT('2D SPACE',''
  ) );
#9013 = PCURVE('',#7771,#9014);
#9014 = DEFINITIONAL_REPRESENTATION('',(#9015),#9018);
#9015 = B_SPLINE_CURVE_WITH_KNOTS('',1,(#9016,#9017),.UNSPECIFIED.,.F.,
  .F.,(2,2),(0.,0.1275),.PIECEWISE_BEZIER_KNOTS.);
#9016 = CARTESIAN_POINT('',(6.122066019203E-16,1.));
#9017 = CARTESIAN_POINT('',(0.129636871508,1.));
#9018 = ( GEOMETRIC_REPRESENTATION_CONTEXT(2) 
PARAMETRIC_REPRESENTATION_CONTEXT() REPRESENTATION_CONTEXT('2D SPACE',''
  ) );
#9019 = ORIENTED_EDGE('',*,*,#9020,.T.);
#9020 = EDGE_CURVE('',#8999,#9021,#9023,.T.);
#9021 = VERTEX_POINT('',#9022);
#9022 = CARTESIAN_POINT('',(-1.875,-1.7,1.025));
#9023 = SURFACE_CURVE('',#9024,(#9028,#9035),.PCURVE_S1.);
#9024 = LINE('',#9025,#9026);
#9025 = CARTESIAN_POINT('',(-1.875,-2.2375,1.025));
#9026 = VECTOR('',#9027,1.);
#9027 = DIRECTION('',(-2.22044604925E-16,1.,0.));
#9028 = PCURVE('',#7221,#9029);
#9029 = DEFINITIONAL_REPRESENTATION('',(#9030),#9034);
#9030 = LINE('',#9031,#9032);
#9031 = CARTESIAN_POINT('',(-1.110223024625E-16,2.030520704916E-16));
#9032 = VECTOR('',#9033,1.);
#9033 = DIRECTION('',(1.,-2.308285900451E-16));
#9034 = ( GEOMETRIC_REPRESENTATION_CONTEXT(2) 
PARAMETRIC_REPRESENTATION_CONTEXT() REPRESENTATION_CONTEXT('2D SPACE',''
  ) );
#9035 = PCURVE('',#9036,#9041);
#9036 = PLANE('',#9037);
#9037 = AXIS2_PLACEMENT_3D('',#9038,#9039,#9040);
#9038 = CARTESIAN_POINT('',(-2.25,-2.11,1.025));
#9039 = DIRECTION('',(-0.,0.,-1.));
#9040 = DIRECTION('',(1.,9.95799250103E-17,0.));
#9041 = DEFINITIONAL_REPRESENTATION('',(#9042),#9046);
#9042 = LINE('',#9043,#9044);
#9043 = CARTESIAN_POINT('',(0.375,0.1275));
#9044 = VECTOR('',#9045,1.);
#9045 = DIRECTION('',(-1.224646799147E-16,-1.));
#9046 = ( GEOMETRIC_REPRESENTATION_CONTEXT(2) 
PARAMETRIC_REPRESENTATION_CONTEXT() REPRESENTATION_CONTEXT('2D SPACE',''
  ) );
#9047 = ORIENTED_EDGE('',*,*,#9048,.T.);
#9048 = EDGE_CURVE('',#9021,#9049,#9051,.T.);
#9049 = VERTEX_POINT('',#9050);
#9050 = CARTESIAN_POINT('',(-1.875,-0.84,1.025));
#9051 = SURFACE_CURVE('',#9052,(#9056,#9063),.PCURVE_S1.);
#9052 = LINE('',#9053,#9054);
#9053 = CARTESIAN_POINT('',(-1.875,-2.2375,1.025));
#9054 = VECTOR('',#9055,1.);
#9055 = DIRECTION('',(-2.22044604925E-16,1.,0.));
#9056 = PCURVE('',#7221,#9057);
#9057 = DEFINITIONAL_REPRESENTATION('',(#9058),#9062);
#9058 = LINE('',#9059,#9060);
#9059 = CARTESIAN_POINT('',(0.,2.08919418951E-18));
#9060 = VECTOR('',#9061,1.);
#9061 = DIRECTION('',(1.,5.501662465529E-17));
#9062 = ( GEOMETRIC_REPRESENTATION_CONTEXT(2) 
PARAMETRIC_REPRESENTATION_CONTEXT() REPRESENTATION_CONTEXT('2D SPACE',''
  ) );
#9063 = PCURVE('',#8092,#9064);
#9064 = DEFINITIONAL_REPRESENTATION('',(#9065),#9068);
#9065 = B_SPLINE_CURVE_WITH_KNOTS('',1,(#9066,#9067),.UNSPECIFIED.,.F.,
  .F.,(2,2),(0.5375,1.3975),.PIECEWISE_BEZIER_KNOTS.);
#9066 = CARTESIAN_POINT('',(0.546508379888,1.));
#9067 = CARTESIAN_POINT('',(1.420921787709,1.));
#9068 = ( GEOMETRIC_REPRESENTATION_CONTEXT(2) 
PARAMETRIC_REPRESENTATION_CONTEXT() REPRESENTATION_CONTEXT('2D SPACE',''
  ) );
#9069 = ORIENTED_EDGE('',*,*,#9070,.T.);
#9070 = EDGE_CURVE('',#9049,#9071,#9073,.T.);
#9071 = VERTEX_POINT('',#9072);
#9072 = CARTESIAN_POINT('',(-1.875,-0.43,1.025));
#9073 = SURFACE_CURVE('',#9074,(#9078,#9085),.PCURVE_S1.);
#9074 = LINE('',#9075,#9076);
#9075 = CARTESIAN_POINT('',(-1.875,-2.2375,1.025));
#9076 = VECTOR('',#9077,1.);
#9077 = DIRECTION('',(-2.22044604925E-16,1.,0.));
#9078 = PCURVE('',#7221,#9079);
#9079 = DEFINITIONAL_REPRESENTATION('',(#9080),#9084);
#9080 = LINE('',#9081,#9082);
#9081 = CARTESIAN_POINT('',(2.22044604925E-16,1.929411984959E-16));
#9082 = VECTOR('',#9083,1.);
#9083 = DIRECTION('',(1.,-1.154113379257E-16));
#9084 = ( GEOMETRIC_REPRESENTATION_CONTEXT(2) 
PARAMETRIC_REPRESENTATION_CONTEXT() REPRESENTATION_CONTEXT('2D SPACE',''
  ) );
#9085 = PCURVE('',#9086,#9091);
#9086 = PLANE('',#9087);
#9087 = AXIS2_PLACEMENT_3D('',#9088,#9089,#9090);
#9088 = CARTESIAN_POINT('',(-2.25,-0.84,1.025));
#9089 = DIRECTION('',(-0.,0.,-1.));
#9090 = DIRECTION('',(1.,9.95799250103E-17,0.));
#9091 = DEFINITIONAL_REPRESENTATION('',(#9092),#9096);
#9092 = LINE('',#9093,#9094);
#9093 = CARTESIAN_POINT('',(0.375,1.3975));
#9094 = VECTOR('',#9095,1.);
#9095 = DIRECTION('',(-1.224646799147E-16,-1.));
#9096 = ( GEOMETRIC_REPRESENTATION_CONTEXT(2) 
PARAMETRIC_REPRESENTATION_CONTEXT() REPRESENTATION_CONTEXT('2D SPACE',''
  ) );
#9097 = ORIENTED_EDGE('',*,*,#9098,.T.);
#9098 = EDGE_CURVE('',#9071,#9099,#9101,.T.);
#9099 = VERTEX_POINT('',#9100);
#9100 = CARTESIAN_POINT('',(-1.875,0.43,1.025));
#9101 = SURFACE_CURVE('',#9102,(#9106,#9113),.PCURVE_S1.);
#9102 = LINE('',#9103,#9104);
#9103 = CARTESIAN_POINT('',(-1.875,-2.2375,1.025));
#9104 = VECTOR('',#9105,1.);
#9105 = DIRECTION('',(-2.22044604925E-16,1.,0.));
#9106 = PCURVE('',#7221,#9107);
#9107 = DEFINITIONAL_REPRESENTATION('',(#9108),#9112);
#9108 = LINE('',#9109,#9110);
#9109 = CARTESIAN_POINT('',(0.,-1.103120379896E-16));
#9110 = VECTOR('',#9111,1.);
#9111 = DIRECTION('',(1.,2.819575854973E-21));
#9112 = ( GEOMETRIC_REPRESENTATION_CONTEXT(2) 
PARAMETRIC_REPRESENTATION_CONTEXT() REPRESENTATION_CONTEXT('2D SPACE',''
  ) );
#9113 = PCURVE('',#8411,#9114);
#9114 = DEFINITIONAL_REPRESENTATION('',(#9115),#9118);
#9115 = B_SPLINE_CURVE_WITH_KNOTS('',1,(#9116,#9117),.UNSPECIFIED.,.F.,
  .F.,(2,2),(1.8075,2.6675),.PIECEWISE_BEZIER_KNOTS.);
#9116 = CARTESIAN_POINT('',(1.837793296089,1.));
#9117 = CARTESIAN_POINT('',(2.712206703911,1.));
#9118 = ( GEOMETRIC_REPRESENTATION_CONTEXT(2) 
PARAMETRIC_REPRESENTATION_CONTEXT() REPRESENTATION_CONTEXT('2D SPACE',''
  ) );
#9119 = ORIENTED_EDGE('',*,*,#9120,.T.);
#9120 = EDGE_CURVE('',#9099,#9121,#9123,.T.);
#9121 = VERTEX_POINT('',#9122);
#9122 = CARTESIAN_POINT('',(-1.875,0.84,1.025));
#9123 = SURFACE_CURVE('',#9124,(#9128,#9135),.PCURVE_S1.);
#9124 = LINE('',#9125,#9126);
#9125 = CARTESIAN_POINT('',(-1.875,-2.2375,1.025));
#9126 = VECTOR('',#9127,1.);
#9127 = DIRECTION('',(-2.22044604925E-16,1.,0.));
#9128 = PCURVE('',#7221,#9129);
#9129 = DEFINITIONAL_REPRESENTATION('',(#9130),#9134);
#9130 = LINE('',#9131,#9132);
#9131 = CARTESIAN_POINT('',(0.,-8.206977039385E-16));
#9132 = VECTOR('',#9133,1.);
#9133 = DIRECTION('',(1.,2.308345043547E-16));
#9134 = ( GEOMETRIC_REPRESENTATION_CONTEXT(2) 
PARAMETRIC_REPRESENTATION_CONTEXT() REPRESENTATION_CONTEXT('2D SPACE',''
  ) );
#9135 = PCURVE('',#9136,#9141);
#9136 = PLANE('',#9137);
#9137 = AXIS2_PLACEMENT_3D('',#9138,#9139,#9140);
#9138 = CARTESIAN_POINT('',(-2.25,0.43,1.025));
#9139 = DIRECTION('',(-0.,0.,-1.));
#9140 = DIRECTION('',(1.,9.95799250103E-17,0.));
#9141 = DEFINITIONAL_REPRESENTATION('',(#9142),#9146);
#9142 = LINE('',#9143,#9144);
#9143 = CARTESIAN_POINT('',(0.375,2.6675));
#9144 = VECTOR('',#9145,1.);
#9145 = DIRECTION('',(-1.224646799147E-16,-1.));
#9146 = ( GEOMETRIC_REPRESENTATION_CONTEXT(2) 
PARAMETRIC_REPRESENTATION_CONTEXT() REPRESENTATION_CONTEXT('2D SPACE',''
  ) );
#9147 = ORIENTED_EDGE('',*,*,#9148,.T.);
#9148 = EDGE_CURVE('',#9121,#9149,#9151,.T.);
#9149 = VERTEX_POINT('',#9150);
#9150 = CARTESIAN_POINT('',(-1.875,1.7,1.025));
#9151 = SURFACE_CURVE('',#9152,(#9156,#9163),.PCURVE_S1.);
#9152 = LINE('',#9153,#9154);
#9153 = CARTESIAN_POINT('',(-1.875,-2.2375,1.025));
#9154 = VECTOR('',#9155,1.);
#9155 = DIRECTION('',(-2.22044604925E-16,1.,0.));
#9156 = PCURVE('',#7221,#9157);
#9157 = DEFINITIONAL_REPRESENTATION('',(#9158),#9162);
#9158 = LINE('',#9159,#9160);
#9159 = CARTESIAN_POINT('',(0.,-2.04955340595E-16));
#9160 = VECTOR('',#9161,1.);
#9161 = DIRECTION('',(1.,2.819498569694E-21));
#9162 = ( GEOMETRIC_REPRESENTATION_CONTEXT(2) 
PARAMETRIC_REPRESENTATION_CONTEXT() REPRESENTATION_CONTEXT('2D SPACE',''
  ) );
#9163 = PCURVE('',#8173,#9164);
#9164 = DEFINITIONAL_REPRESENTATION('',(#9165),#9168);
#9165 = B_SPLINE_CURVE_WITH_KNOTS('',1,(#9166,#9167),.UNSPECIFIED.,.F.,
  .F.,(2,2),(3.0775,3.9375),.PIECEWISE_BEZIER_KNOTS.);
#9166 = CARTESIAN_POINT('',(3.129078212291,1.));
#9167 = CARTESIAN_POINT('',(4.003491620112,1.));
#9168 = ( GEOMETRIC_REPRESENTATION_CONTEXT(2) 
PARAMETRIC_REPRESENTATION_CONTEXT() REPRESENTATION_CONTEXT('2D SPACE',''
  ) );
#9169 = ORIENTED_EDGE('',*,*,#9170,.T.);
#9170 = EDGE_CURVE('',#9149,#9171,#9173,.T.);
#9171 = VERTEX_POINT('',#9172);
#9172 = CARTESIAN_POINT('',(-1.875,2.11,1.025));
#9173 = SURFACE_CURVE('',#9174,(#9178,#9185),.PCURVE_S1.);
#9174 = LINE('',#9175,#9176);
#9175 = CARTESIAN_POINT('',(-1.875,-2.2375,1.025));
#9176 = VECTOR('',#9177,1.);
#9177 = DIRECTION('',(-2.22044604925E-16,1.,0.));
#9178 = PCURVE('',#7221,#9179);
#9179 = DEFINITIONAL_REPRESENTATION('',(#9180),#9184);
#9180 = LINE('',#9181,#9182);
#9181 = CARTESIAN_POINT('',(4.440892098501E-16,1.457818411555E-15));
#9182 = VECTOR('',#9183,1.);
#9183 = DIRECTION('',(1.,-3.824640944042E-16));
#9184 = ( GEOMETRIC_REPRESENTATION_CONTEXT(2) 
PARAMETRIC_REPRESENTATION_CONTEXT() REPRESENTATION_CONTEXT('2D SPACE',''
  ) );
#9185 = PCURVE('',#9186,#9191);
#9186 = PLANE('',#9187);
#9187 = AXIS2_PLACEMENT_3D('',#9188,#9189,#9190);
#9188 = CARTESIAN_POINT('',(-2.25,1.7,1.025));
#9189 = DIRECTION('',(-0.,0.,-1.));
#9190 = DIRECTION('',(1.,9.95799250103E-17,0.));
#9191 = DEFINITIONAL_REPRESENTATION('',(#9192),#9196);
#9192 = LINE('',#9193,#9194);
#9193 = CARTESIAN_POINT('',(0.375,3.9375));
#9194 = VECTOR('',#9195,1.);
#9195 = DIRECTION('',(-1.224646799147E-16,-1.));
#9196 = ( GEOMETRIC_REPRESENTATION_CONTEXT(2) 
PARAMETRIC_REPRESENTATION_CONTEXT() REPRESENTATION_CONTEXT('2D SPACE',''
  ) );
#9197 = ORIENTED_EDGE('',*,*,#9198,.T.);
#9198 = EDGE_CURVE('',#9171,#8950,#9199,.T.);
#9199 = SURFACE_CURVE('',#9200,(#9204,#9211),.PCURVE_S1.);
#9200 = LINE('',#9201,#9202);
#9201 = CARTESIAN_POINT('',(-1.875,-2.2375,1.025));
#9202 = VECTOR('',#9203,1.);
#9203 = DIRECTION('',(-2.22044604925E-16,1.,0.));
#9204 = PCURVE('',#7221,#9205);
#9205 = DEFINITIONAL_REPRESENTATION('',(#9206),#9210);
#9206 = LINE('',#9207,#9208);
#9207 = CARTESIAN_POINT('',(0.,6.427961929068E-15));
#9208 = VECTOR('',#9209,1.);
#9209 = DIRECTION('',(1.,-1.489613775567E-15));
#9210 = ( GEOMETRIC_REPRESENTATION_CONTEXT(2) 
PARAMETRIC_REPRESENTATION_CONTEXT() REPRESENTATION_CONTEXT('2D SPACE',''
  ) );
#9211 = PCURVE('',#7849,#9212);
#9212 = DEFINITIONAL_REPRESENTATION('',(#9213),#9216);
#9213 = B_SPLINE_CURVE_WITH_KNOTS('',1,(#9214,#9215),.UNSPECIFIED.,.F.,
  .F.,(2,2),(4.3475,4.475),.PIECEWISE_BEZIER_KNOTS.);
#9214 = CARTESIAN_POINT('',(4.420363128492,1.));
#9215 = CARTESIAN_POINT('',(4.55,1.));
#9216 = ( GEOMETRIC_REPRESENTATION_CONTEXT(2) 
PARAMETRIC_REPRESENTATION_CONTEXT() REPRESENTATION_CONTEXT('2D SPACE',''
  ) );
#9217 = ORIENTED_EDGE('',*,*,#8973,.T.);
#9218 = ORIENTED_EDGE('',*,*,#7205,.F.);
#9219 = ORIENTED_EDGE('',*,*,#9220,.F.);
#9220 = EDGE_CURVE('',#8997,#7179,#9221,.T.);
#9221 = SURFACE_CURVE('',#9222,(#9225,#9232),.PCURVE_S1.);
#9222 = B_SPLINE_CURVE_WITH_KNOTS('',1,(#9223,#9224),.UNSPECIFIED.,.F.,
  .F.,(2,2),(0.,1.),.PIECEWISE_BEZIER_KNOTS.);
#9223 = CARTESIAN_POINT('',(-1.875,-2.2375,1.025));
#9224 = CARTESIAN_POINT('',(-1.760171280765,-2.180085640382,1.75));
#9225 = PCURVE('',#7221,#9226);
#9226 = DEFINITIONAL_REPRESENTATION('',(#9227),#9231);
#9227 = LINE('',#9228,#9229);
#9228 = CARTESIAN_POINT('',(9.892682991552E-17,9.298836221054E-17));
#9229 = VECTOR('',#9230,1.);
#9230 = DIRECTION('',(-1.319780525915E-16,1.));
#9231 = ( GEOMETRIC_REPRESENTATION_CONTEXT(2) 
PARAMETRIC_REPRESENTATION_CONTEXT() REPRESENTATION_CONTEXT('2D SPACE',''
  ) );
#9232 = PCURVE('',#7194,#9233);
#9233 = DEFINITIONAL_REPRESENTATION('',(#9234),#9238);
#9234 = LINE('',#9235,#9236);
#9235 = CARTESIAN_POINT('',(0.194454364826,4.01822944048E-17));
#9236 = VECTOR('',#9237,1.);
#9237 = DIRECTION('',(2.498001805407E-16,1.));
#9238 = ( GEOMETRIC_REPRESENTATION_CONTEXT(2) 
PARAMETRIC_REPRESENTATION_CONTEXT() REPRESENTATION_CONTEXT('2D SPACE',''
  ) );
#9239 = ADVANCED_FACE('',(#9240),#7194,.F.);
#9240 = FACE_BOUND('',#9241,.F.);
#9241 = EDGE_LOOP('',(#9242,#9264,#9265,#9266));
#9242 = ORIENTED_EDGE('',*,*,#9243,.T.);
#9243 = EDGE_CURVE('',#9244,#8997,#9246,.T.);
#9244 = VERTEX_POINT('',#9245);
#9245 = CARTESIAN_POINT('',(-1.7375,-2.375,1.025));
#9246 = SURFACE_CURVE('',#9247,(#9251,#9258),.PCURVE_S1.);
#9247 = LINE('',#9248,#9249);
#9248 = CARTESIAN_POINT('',(-1.7375,-2.375,1.025));
#9249 = VECTOR('',#9250,1.);
#9250 = DIRECTION('',(-0.707106781187,0.707106781187,0.));
#9251 = PCURVE('',#7194,#9252);
#9252 = DEFINITIONAL_REPRESENTATION('',(#9253),#9257);
#9253 = LINE('',#9254,#9255);
#9254 = CARTESIAN_POINT('',(2.520333281894E-17,1.463398608857E-16));
#9255 = VECTOR('',#9256,1.);
#9256 = DIRECTION('',(1.,-5.45925346422E-16));
#9257 = ( GEOMETRIC_REPRESENTATION_CONTEXT(2) 
PARAMETRIC_REPRESENTATION_CONTEXT() REPRESENTATION_CONTEXT('2D SPACE',''
  ) );
#9258 = PCURVE('',#7711,#9259);
#9259 = DEFINITIONAL_REPRESENTATION('',(#9260),#9263);
#9260 = B_SPLINE_CURVE_WITH_KNOTS('',1,(#9261,#9262),.UNSPECIFIED.,.F.,
  .F.,(2,2),(0.,0.194454364826),.PIECEWISE_BEZIER_KNOTS.);
#9261 = CARTESIAN_POINT('',(-3.328677979189E-16,1.));
#9262 = CARTESIAN_POINT('',(0.247487373415,1.));
#9263 = ( GEOMETRIC_REPRESENTATION_CONTEXT(2) 
PARAMETRIC_REPRESENTATION_CONTEXT() REPRESENTATION_CONTEXT('2D SPACE',''
  ) );
#9264 = ORIENTED_EDGE('',*,*,#9220,.T.);
#9265 = ORIENTED_EDGE('',*,*,#7178,.F.);
#9266 = ORIENTED_EDGE('',*,*,#9267,.F.);
#9267 = EDGE_CURVE('',#9244,#7152,#9268,.T.);
#9268 = SURFACE_CURVE('',#9269,(#9272,#9279),.PCURVE_S1.);
#9269 = B_SPLINE_CURVE_WITH_KNOTS('',1,(#9270,#9271),.UNSPECIFIED.,.F.,
  .F.,(2,2),(0.,1.),.PIECEWISE_BEZIER_KNOTS.);
#9270 = CARTESIAN_POINT('',(-1.7375,-2.375,1.025));
#9271 = CARTESIAN_POINT('',(-1.680085640382,-2.260171280765,1.75));
#9272 = PCURVE('',#7194,#9273);
#9273 = DEFINITIONAL_REPRESENTATION('',(#9274),#9278);
#9274 = LINE('',#9275,#9276);
#9275 = CARTESIAN_POINT('',(2.520333281894E-17,1.463398608857E-16));
#9276 = VECTOR('',#9277,1.);
#9277 = DIRECTION('',(1.127506532616E-16,1.));
#9278 = ( GEOMETRIC_REPRESENTATION_CONTEXT(2) 
PARAMETRIC_REPRESENTATION_CONTEXT() REPRESENTATION_CONTEXT('2D SPACE',''
  ) );
#9279 = PCURVE('',#7167,#9280);
#9280 = DEFINITIONAL_REPRESENTATION('',(#9281),#9285);
#9281 = LINE('',#9282,#9283);
#9282 = CARTESIAN_POINT('',(3.475,2.229134430816E-16));
#9283 = VECTOR('',#9284,1.);
#9284 = DIRECTION('',(0.,1.));
#9285 = ( GEOMETRIC_REPRESENTATION_CONTEXT(2) 
PARAMETRIC_REPRESENTATION_CONTEXT() REPRESENTATION_CONTEXT('2D SPACE',''
  ) );
#9286 = ADVANCED_FACE('',(#9287),#7167,.F.);
#9287 = FACE_BOUND('',#9288,.F.);
#9288 = EDGE_LOOP('',(#9289,#9309,#9310,#9311));
#9289 = ORIENTED_EDGE('',*,*,#9290,.T.);
#9290 = EDGE_CURVE('',#7296,#9244,#9291,.T.);
#9291 = SURFACE_CURVE('',#9292,(#9296,#9303),.PCURVE_S1.);
#9292 = LINE('',#9293,#9294);
#9293 = CARTESIAN_POINT('',(1.7375,-2.375,1.025));
#9294 = VECTOR('',#9295,1.);
#9295 = DIRECTION('',(-1.,-2.22044604925E-16,0.));
#9296 = PCURVE('',#7167,#9297);
#9297 = DEFINITIONAL_REPRESENTATION('',(#9298),#9302);
#9298 = LINE('',#9299,#9300);
#9299 = CARTESIAN_POINT('',(-1.062162001898E-16,3.830465704938E-18));
#9300 = VECTOR('',#9301,1.);
#9301 = DIRECTION('',(1.,-5.016767432657E-17));
#9302 = ( GEOMETRIC_REPRESENTATION_CONTEXT(2) 
PARAMETRIC_REPRESENTATION_CONTEXT() REPRESENTATION_CONTEXT('2D SPACE',''
  ) );
#9303 = PCURVE('',#7660,#9304);
#9304 = DEFINITIONAL_REPRESENTATION('',(#9305),#9308);
#9305 = B_SPLINE_CURVE_WITH_KNOTS('',1,(#9306,#9307),.UNSPECIFIED.,.F.,
  .F.,(2,2),(0.,3.475),.PIECEWISE_BEZIER_KNOTS.);
#9306 = CARTESIAN_POINT('',(-3.273357244571E-16,1.));
#9307 = CARTESIAN_POINT('',(3.55,1.));
#9308 = ( GEOMETRIC_REPRESENTATION_CONTEXT(2) 
PARAMETRIC_REPRESENTATION_CONTEXT() REPRESENTATION_CONTEXT('2D SPACE',''
  ) );
#9309 = ORIENTED_EDGE('',*,*,#9267,.T.);
#9310 = ORIENTED_EDGE('',*,*,#7151,.F.);
#9311 = ORIENTED_EDGE('',*,*,#7317,.F.);
#9312 = ADVANCED_FACE('',(#9313),#7280,.F.);
#9313 = FACE_BOUND('',#9314,.F.);
#9314 = EDGE_LOOP('',(#9315,#9344,#9365,#9366));
#9315 = ORIENTED_EDGE('',*,*,#9316,.T.);
#9316 = EDGE_CURVE('',#9317,#9317,#9319,.T.);
#9317 = VERTEX_POINT('',#9318);
#9318 = CARTESIAN_POINT('',(-1.110171280765,1.310171280765,1.7));
#9319 = SURFACE_CURVE('',#9320,(#9325,#9332),.PCURVE_S1.);
#9320 = CIRCLE('',#9321,0.3);
#9321 = AXIS2_PLACEMENT_3D('',#9322,#9323,#9324);
#9322 = CARTESIAN_POINT('',(-1.110171280765,1.610171280765,1.7));
#9323 = DIRECTION('',(-0.,0.,1.));
#9324 = DIRECTION('',(2.22044604925E-16,-1.,0.));
#9325 = PCURVE('',#7280,#9326);
#9326 = DEFINITIONAL_REPRESENTATION('',(#9327),#9331);
#9327 = LINE('',#9328,#9329);
#9328 = CARTESIAN_POINT('',(6.28318530718,5.E-02));
#9329 = VECTOR('',#9330,1.);
#9330 = DIRECTION('',(-1.,0.));
#9331 = ( GEOMETRIC_REPRESENTATION_CONTEXT(2) 
PARAMETRIC_REPRESENTATION_CONTEXT() REPRESENTATION_CONTEXT('2D SPACE',''
  ) );
#9332 = PCURVE('',#9333,#9338);
#9333 = PLANE('',#9334);
#9334 = AXIS2_PLACEMENT_3D('',#9335,#9336,#9337);
#9335 = CARTESIAN_POINT('',(-1.110171280765,1.610171280765,1.7));
#9336 = DIRECTION('',(0.,0.,1.));
#9337 = DIRECTION('',(2.22044604925E-16,-1.,0.));
#9338 = DEFINITIONAL_REPRESENTATION('',(#9339),#9343);
#9339 = CIRCLE('',#9340,0.3);
#9340 = AXIS2_PLACEMENT_2D('',#9341,#9342);
#9341 = CARTESIAN_POINT('',(0.,0.));
#9342 = DIRECTION('',(1.,0.));
#9343 = ( GEOMETRIC_REPRESENTATION_CONTEXT(2) 
PARAMETRIC_REPRESENTATION_CONTEXT() REPRESENTATION_CONTEXT('2D SPACE',''
  ) );
#9344 = ORIENTED_EDGE('',*,*,#9345,.F.);
#9345 = EDGE_CURVE('',#7260,#9317,#9346,.T.);
#9346 = SEAM_CURVE('',#9347,(#9351,#9358),.PCURVE_S1.);
#9347 = LINE('',#9348,#9349);
#9348 = CARTESIAN_POINT('',(-1.110171280765,1.310171280765,1.75));
#9349 = VECTOR('',#9350,1.);
#9350 = DIRECTION('',(0.,-0.,-1.));
#9351 = PCURVE('',#7280,#9352);
#9352 = DEFINITIONAL_REPRESENTATION('',(#9353),#9357);
#9353 = LINE('',#9354,#9355);
#9354 = CARTESIAN_POINT('',(0.,0.));
#9355 = VECTOR('',#9356,1.);
#9356 = DIRECTION('',(0.,1.));
#9357 = ( GEOMETRIC_REPRESENTATION_CONTEXT(2) 
PARAMETRIC_REPRESENTATION_CONTEXT() REPRESENTATION_CONTEXT('2D SPACE',''
  ) );
#9358 = PCURVE('',#7280,#9359);
#9359 = DEFINITIONAL_REPRESENTATION('',(#9360),#9364);
#9360 = LINE('',#9361,#9362);
#9361 = CARTESIAN_POINT('',(6.28318530718,0.));
#9362 = VECTOR('',#9363,1.);
#9363 = DIRECTION('',(0.,1.));
#9364 = ( GEOMETRIC_REPRESENTATION_CONTEXT(2) 
PARAMETRIC_REPRESENTATION_CONTEXT() REPRESENTATION_CONTEXT('2D SPACE',''
  ) );
#9365 = ORIENTED_EDGE('',*,*,#7259,.F.);
#9366 = ORIENTED_EDGE('',*,*,#9345,.T.);
#9367 = ADVANCED_FACE('',(#9368),#7660,.F.);
#9368 = FACE_BOUND('',#9369,.F.);
#9369 = EDGE_LOOP('',(#9370,#9371,#9391,#9392));
#9370 = ORIENTED_EDGE('',*,*,#7646,.T.);
#9371 = ORIENTED_EDGE('',*,*,#9372,.T.);
#9372 = EDGE_CURVE('',#7627,#9244,#9373,.T.);
#9373 = SURFACE_CURVE('',#9374,(#9377,#9384),.PCURVE_S1.);
#9374 = B_SPLINE_CURVE_WITH_KNOTS('',1,(#9375,#9376),.UNSPECIFIED.,.F.,
  .F.,(2,2),(0.,1.),.PIECEWISE_BEZIER_KNOTS.);
#9375 = CARTESIAN_POINT('',(-1.775,-2.45,1.025));
#9376 = CARTESIAN_POINT('',(-1.7375,-2.375,1.025));
#9377 = PCURVE('',#7660,#9378);
#9378 = DEFINITIONAL_REPRESENTATION('',(#9379),#9383);
#9379 = LINE('',#9380,#9381);
#9380 = CARTESIAN_POINT('',(3.55,1.042276600342E-15));
#9381 = VECTOR('',#9382,1.);
#9382 = DIRECTION('',(4.440892098501E-16,1.));
#9383 = ( GEOMETRIC_REPRESENTATION_CONTEXT(2) 
PARAMETRIC_REPRESENTATION_CONTEXT() REPRESENTATION_CONTEXT('2D SPACE',''
  ) );
#9384 = PCURVE('',#7711,#9385);
#9385 = DEFINITIONAL_REPRESENTATION('',(#9386),#9390);
#9386 = LINE('',#9387,#9388);
#9387 = CARTESIAN_POINT('',(-1.427240192909E-16,-5.26430630895E-15));
#9388 = VECTOR('',#9389,1.);
#9389 = DIRECTION('',(3.427360861369E-16,1.));
#9390 = ( GEOMETRIC_REPRESENTATION_CONTEXT(2) 
PARAMETRIC_REPRESENTATION_CONTEXT() REPRESENTATION_CONTEXT('2D SPACE',''
  ) );
#9391 = ORIENTED_EDGE('',*,*,#9290,.F.);
#9392 = ORIENTED_EDGE('',*,*,#8459,.F.);
#9393 = ADVANCED_FACE('',(#9394),#7711,.F.);
#9394 = FACE_BOUND('',#9395,.F.);
#9395 = EDGE_LOOP('',(#9396,#9397,#9417,#9418));
#9396 = ORIENTED_EDGE('',*,*,#7697,.T.);
#9397 = ORIENTED_EDGE('',*,*,#9398,.T.);
#9398 = EDGE_CURVE('',#7678,#8997,#9399,.T.);
#9399 = SURFACE_CURVE('',#9400,(#9403,#9410),.PCURVE_S1.);
#9400 = B_SPLINE_CURVE_WITH_KNOTS('',1,(#9401,#9402),.UNSPECIFIED.,.F.,
  .F.,(2,2),(0.,1.),.PIECEWISE_BEZIER_KNOTS.);
#9401 = CARTESIAN_POINT('',(-1.95,-2.275,1.025));
#9402 = CARTESIAN_POINT('',(-1.875,-2.2375,1.025));
#9403 = PCURVE('',#7711,#9404);
#9404 = DEFINITIONAL_REPRESENTATION('',(#9405),#9409);
#9405 = LINE('',#9406,#9407);
#9406 = CARTESIAN_POINT('',(0.247487373415,-4.47881987592E-15));
#9407 = VECTOR('',#9408,1.);
#9408 = DIRECTION('',(3.330669073875E-16,1.));
#9409 = ( GEOMETRIC_REPRESENTATION_CONTEXT(2) 
PARAMETRIC_REPRESENTATION_CONTEXT() REPRESENTATION_CONTEXT('2D SPACE',''
  ) );
#9410 = PCURVE('',#7771,#9411);
#9411 = DEFINITIONAL_REPRESENTATION('',(#9412),#9416);
#9412 = LINE('',#9413,#9414);
#9413 = CARTESIAN_POINT('',(3.582431915782E-16,6.610125476969E-16));
#9414 = VECTOR('',#9415,1.);
#9415 = DIRECTION('',(2.539634103421E-16,1.));
#9416 = ( GEOMETRIC_REPRESENTATION_CONTEXT(2) 
PARAMETRIC_REPRESENTATION_CONTEXT() REPRESENTATION_CONTEXT('2D SPACE',''
  ) );
#9417 = ORIENTED_EDGE('',*,*,#9243,.F.);
#9418 = ORIENTED_EDGE('',*,*,#9372,.F.);
#9419 = ADVANCED_FACE('',(#9420),#7771,.F.);
#9420 = FACE_BOUND('',#9421,.F.);
#9421 = EDGE_LOOP('',(#9422,#9423,#9424,#9467));
#9422 = ORIENTED_EDGE('',*,*,#9398,.F.);
#9423 = ORIENTED_EDGE('',*,*,#7757,.T.);
#9424 = ORIENTED_EDGE('',*,*,#9425,.T.);
#9425 = EDGE_CURVE('',#7730,#8999,#9426,.T.);
#9426 = SURFACE_CURVE('',#9427,(#9431,#9460),.PCURVE_S1.);
#9427 = LINE('',#9428,#9429);
#9428 = CARTESIAN_POINT('',(-2.25,-2.11,1.025));
#9429 = VECTOR('',#9430,1.);
#9430 = DIRECTION('',(1.,9.95799250103E-17,0.));
#9431 = PCURVE('',#7771,#9432);
#9432 = DEFINITIONAL_REPRESENTATION('',(#9433),#9459);
#9433 = B_SPLINE_CURVE_WITH_KNOTS('',3,(#9434,#9435,#9436,#9437,#9438,
    #9439,#9440,#9441,#9442,#9443,#9444,#9445,#9446,#9447,#9448,#9449,
    #9450,#9451,#9452,#9453,#9454,#9455,#9456,#9457,#9458),
  .UNSPECIFIED.,.F.,.F.,(4,1,1,1,1,1,1,1,1,1,1,1,1,1,1,1,1,1,1,1,1,1,4),
  (0.3,0.303409090909,0.306818181818,0.310227272727,0.313636363636,
    0.317045454545,0.320454545455,0.323863636364,0.327272727273,
    0.330681818182,0.334090909091,0.3375,0.340909090909,0.344318181818,
    0.347727272727,0.351136363636,0.354545454545,0.357954545455,
    0.361363636364,0.364772727273,0.368181818182,0.371590909091,0.375),
  .QUASI_UNIFORM_KNOTS.);
#9434 = CARTESIAN_POINT('',(0.165,0.));
#9435 = CARTESIAN_POINT('',(0.164473026972,1.515151515152E-02));
#9436 = CARTESIAN_POINT('',(0.16341829125,4.545454545455E-02));
#9437 = CARTESIAN_POINT('',(0.161833813323,9.090909090909E-02));
#9438 = CARTESIAN_POINT('',(0.160246955707,0.136363636364));
#9439 = CARTESIAN_POINT('',(0.158657713035,0.181818181818));
#9440 = CARTESIAN_POINT('',(0.157066079927,0.227272727273));
#9441 = CARTESIAN_POINT('',(0.155472050986,0.272727272727));
#9442 = CARTESIAN_POINT('',(0.153875620797,0.318181818182));
#9443 = CARTESIAN_POINT('',(0.15227678393,0.363636363636));
#9444 = CARTESIAN_POINT('',(0.15067553494,0.409090909091));
#9445 = CARTESIAN_POINT('',(0.149071868364,0.454545454545));
#9446 = CARTESIAN_POINT('',(0.147465778721,0.5));
#9447 = CARTESIAN_POINT('',(0.145857260518,0.545454545455));
#9448 = CARTESIAN_POINT('',(0.14424630824,0.590909090909));
#9449 = CARTESIAN_POINT('',(0.142632916359,0.636363636364));
#9450 = CARTESIAN_POINT('',(0.141017079328,0.681818181818));
#9451 = CARTESIAN_POINT('',(0.139398791586,0.727272727273));
#9452 = CARTESIAN_POINT('',(0.137778047552,0.772727272727));
#9453 = CARTESIAN_POINT('',(0.13615484163,0.818181818182));
#9454 = CARTESIAN_POINT('',(0.134529168206,0.863636363636));
#9455 = CARTESIAN_POINT('',(0.132901021649,0.909090909091));
#9456 = CARTESIAN_POINT('',(0.131270396313,0.954545454545));
#9457 = CARTESIAN_POINT('',(0.130181656456,0.984848484848));
#9458 = CARTESIAN_POINT('',(0.129636871508,1.));
#9459 = ( GEOMETRIC_REPRESENTATION_CONTEXT(2) 
PARAMETRIC_REPRESENTATION_CONTEXT() REPRESENTATION_CONTEXT('2D SPACE',''
  ) );
#9460 = PCURVE('',#9036,#9461);
#9461 = DEFINITIONAL_REPRESENTATION('',(#9462),#9466);
#9462 = LINE('',#9463,#9464);
#9463 = CARTESIAN_POINT('',(0.,0.));
#9464 = VECTOR('',#9465,1.);
#9465 = DIRECTION('',(1.,0.));
#9466 = ( GEOMETRIC_REPRESENTATION_CONTEXT(2) 
PARAMETRIC_REPRESENTATION_CONTEXT() REPRESENTATION_CONTEXT('2D SPACE',''
  ) );
#9467 = ORIENTED_EDGE('',*,*,#8996,.F.);
#9468 = ADVANCED_FACE('',(#9469),#7745,.F.);
#9469 = FACE_BOUND('',#9470,.F.);
#9470 = EDGE_LOOP('',(#9471,#9472,#9473,#9501,#9529,#9558,#9586,#9614,
    #9642,#9675,#9703,#9732));
#9471 = ORIENTED_EDGE('',*,*,#7729,.F.);
#9472 = ORIENTED_EDGE('',*,*,#7864,.T.);
#9473 = ORIENTED_EDGE('',*,*,#9474,.T.);
#9474 = EDGE_CURVE('',#7865,#9475,#9477,.T.);
#9475 = VERTEX_POINT('',#9476);
#9476 = CARTESIAN_POINT('',(-2.35,-2.11,0.725));
#9477 = SURFACE_CURVE('',#9478,(#9483,#9494),.PCURVE_S1.);
#9478 = CIRCLE('',#9479,0.1);
#9479 = AXIS2_PLACEMENT_3D('',#9480,#9481,#9482);
#9480 = CARTESIAN_POINT('',(-2.25,-2.11,0.725));
#9481 = DIRECTION('',(9.95799250103E-17,-1.,0.));
#9482 = DIRECTION('',(-4.440892098501E-15,-4.422237021476E-31,1.));
#9483 = PCURVE('',#7745,#9484);
#9484 = DEFINITIONAL_REPRESENTATION('',(#9485),#9493);
#9485 = ( BOUNDED_CURVE() B_SPLINE_CURVE(2,(#9486,#9487,#9488,#9489,
#9490,#9491,#9492),.UNSPECIFIED.,.T.,.F.) B_SPLINE_CURVE_WITH_KNOTS((1,2
    ,2,2,2,1),(-2.094395102393,0.,2.094395102393,4.188790204786,
6.28318530718,8.377580409573),.UNSPECIFIED.) CURVE() 
GEOMETRIC_REPRESENTATION_ITEM() RATIONAL_B_SPLINE_CURVE((1.,0.5,1.,0.5,
1.,0.5,1.)) REPRESENTATION_ITEM('') );
#9486 = CARTESIAN_POINT('',(0.292340342435,0.16578967201));
#9487 = CARTESIAN_POINT('',(0.292340342435,-7.415408746888E-03));
#9488 = CARTESIAN_POINT('',(0.142340342435,7.918713163156E-02));
#9489 = CARTESIAN_POINT('',(-7.659657565E-03,0.16578967201));
#9490 = CARTESIAN_POINT('',(0.142340342435,0.252392212388));
#9491 = CARTESIAN_POINT('',(0.292340342435,0.338994752767));
#9492 = CARTESIAN_POINT('',(0.292340342435,0.16578967201));
#9493 = ( GEOMETRIC_REPRESENTATION_CONTEXT(2) 
PARAMETRIC_REPRESENTATION_CONTEXT() REPRESENTATION_CONTEXT('2D SPACE',''
  ) );
#9494 = PCURVE('',#7930,#9495);
#9495 = DEFINITIONAL_REPRESENTATION('',(#9496),#9500);
#9496 = LINE('',#9497,#9498);
#9497 = CARTESIAN_POINT('',(0.,0.));
#9498 = VECTOR('',#9499,1.);
#9499 = DIRECTION('',(1.,0.));
#9500 = ( GEOMETRIC_REPRESENTATION_CONTEXT(2) 
PARAMETRIC_REPRESENTATION_CONTEXT() REPRESENTATION_CONTEXT('2D SPACE',''
  ) );
#9501 = ORIENTED_EDGE('',*,*,#9502,.T.);
#9502 = EDGE_CURVE('',#9475,#9503,#9505,.T.);
#9503 = VERTEX_POINT('',#9504);
#9504 = CARTESIAN_POINT('',(-2.35,-2.11,0.3));
#9505 = SURFACE_CURVE('',#9506,(#9510,#9517),.PCURVE_S1.);
#9506 = LINE('',#9507,#9508);
#9507 = CARTESIAN_POINT('',(-2.35,-2.11,0.725));
#9508 = VECTOR('',#9509,1.);
#9509 = DIRECTION('',(-1.044915787883E-15,-1.040526357994E-31,-1.));
#9510 = PCURVE('',#7745,#9511);
#9511 = DEFINITIONAL_REPRESENTATION('',(#9512),#9516);
#9512 = LINE('',#9513,#9514);
#9513 = CARTESIAN_POINT('',(0.192340342435,6.578967201E-02));
#9514 = VECTOR('',#9515,1.);
#9515 = DIRECTION('',(-1.,-1.044915787883E-15));
#9516 = ( GEOMETRIC_REPRESENTATION_CONTEXT(2) 
PARAMETRIC_REPRESENTATION_CONTEXT() REPRESENTATION_CONTEXT('2D SPACE',''
  ) );
#9517 = PCURVE('',#9518,#9523);
#9518 = PLANE('',#9519);
#9519 = AXIS2_PLACEMENT_3D('',#9520,#9521,#9522);
#9520 = CARTESIAN_POINT('',(-2.35,-2.11,0.725));
#9521 = DIRECTION('',(-1.,-9.95799250103E-17,1.044915787883E-15));
#9522 = DIRECTION('',(-1.044915787883E-15,-1.040526357994E-31,-1.));
#9523 = DEFINITIONAL_REPRESENTATION('',(#9524),#9528);
#9524 = LINE('',#9525,#9526);
#9525 = CARTESIAN_POINT('',(-0.,0.));
#9526 = VECTOR('',#9527,1.);
#9527 = DIRECTION('',(1.,0.));
#9528 = ( GEOMETRIC_REPRESENTATION_CONTEXT(2) 
PARAMETRIC_REPRESENTATION_CONTEXT() REPRESENTATION_CONTEXT('2D SPACE',''
  ) );
#9529 = ORIENTED_EDGE('',*,*,#9530,.T.);
#9530 = EDGE_CURVE('',#9503,#9531,#9533,.T.);
#9531 = VERTEX_POINT('',#9532);
#9532 = CARTESIAN_POINT('',(-2.65,-2.11,5.551115123126E-17));
#9533 = SURFACE_CURVE('',#9534,(#9539,#9546),.PCURVE_S1.);
#9534 = CIRCLE('',#9535,0.3);
#9535 = AXIS2_PLACEMENT_3D('',#9536,#9537,#9538);
#9536 = CARTESIAN_POINT('',(-2.65,-2.11,0.3));
#9537 = DIRECTION('',(-9.95799250103E-17,1.,0.));
#9538 = DIRECTION('',(1.,9.95799250103E-17,3.515706244646E-15));
#9539 = PCURVE('',#7745,#9540);
#9540 = DEFINITIONAL_REPRESENTATION('',(#9541),#9545);
#9541 = CIRCLE('',#9542,0.3);
#9542 = AXIS2_PLACEMENT_2D('',#9543,#9544);
#9543 = CARTESIAN_POINT('',(-0.232659657565,-0.23421032799));
#9544 = DIRECTION('',(3.515706244646E-15,1.));
#9545 = ( GEOMETRIC_REPRESENTATION_CONTEXT(2) 
PARAMETRIC_REPRESENTATION_CONTEXT() REPRESENTATION_CONTEXT('2D SPACE',''
  ) );
#9546 = PCURVE('',#9547,#9552);
#9547 = CYLINDRICAL_SURFACE('',#9548,0.3);
#9548 = AXIS2_PLACEMENT_3D('',#9549,#9550,#9551);
#9549 = CARTESIAN_POINT('',(-2.65,-2.11,0.3));
#9550 = DIRECTION('',(9.95799250103E-17,-1.,-0.));
#9551 = DIRECTION('',(1.,9.95799250103E-17,3.515706244646E-15));
#9552 = DEFINITIONAL_REPRESENTATION('',(#9553),#9557);
#9553 = LINE('',#9554,#9555);
#9554 = CARTESIAN_POINT('',(6.28318530718,0.));
#9555 = VECTOR('',#9556,1.);
#9556 = DIRECTION('',(-1.,0.));
#9557 = ( GEOMETRIC_REPRESENTATION_CONTEXT(2) 
PARAMETRIC_REPRESENTATION_CONTEXT() REPRESENTATION_CONTEXT('2D SPACE',''
  ) );
#9558 = ORIENTED_EDGE('',*,*,#9559,.T.);
#9559 = EDGE_CURVE('',#9531,#9560,#9562,.T.);
#9560 = VERTEX_POINT('',#9561);
#9561 = CARTESIAN_POINT('',(-3.,-2.11,5.551115123126E-17));
#9562 = SURFACE_CURVE('',#9563,(#9567,#9574),.PCURVE_S1.);
#9563 = LINE('',#9564,#9565);
#9564 = CARTESIAN_POINT('',(-2.65,-2.11,5.551115123126E-17));
#9565 = VECTOR('',#9566,1.);
#9566 = DIRECTION('',(-1.,-9.95799250103E-17,0.));
#9567 = PCURVE('',#7745,#9568);
#9568 = DEFINITIONAL_REPRESENTATION('',(#9569),#9573);
#9569 = LINE('',#9570,#9571);
#9570 = CARTESIAN_POINT('',(-0.532659657565,-0.23421032799));
#9571 = VECTOR('',#9572,1.);
#9572 = DIRECTION('',(0.,-1.));
#9573 = ( GEOMETRIC_REPRESENTATION_CONTEXT(2) 
PARAMETRIC_REPRESENTATION_CONTEXT() REPRESENTATION_CONTEXT('2D SPACE',''
  ) );
#9574 = PCURVE('',#9575,#9580);
#9575 = PLANE('',#9576);
#9576 = AXIS2_PLACEMENT_3D('',#9577,#9578,#9579);
#9577 = CARTESIAN_POINT('',(-2.65,-2.11,5.551115123126E-17));
#9578 = DIRECTION('',(0.,0.,1.));
#9579 = DIRECTION('',(-1.,-9.95799250103E-17,0.));
#9580 = DEFINITIONAL_REPRESENTATION('',(#9581),#9585);
#9581 = LINE('',#9582,#9583);
#9582 = CARTESIAN_POINT('',(0.,0.));
#9583 = VECTOR('',#9584,1.);
#9584 = DIRECTION('',(1.,0.));
#9585 = ( GEOMETRIC_REPRESENTATION_CONTEXT(2) 
PARAMETRIC_REPRESENTATION_CONTEXT() REPRESENTATION_CONTEXT('2D SPACE',''
  ) );
#9586 = ORIENTED_EDGE('',*,*,#9587,.T.);
#9587 = EDGE_CURVE('',#9560,#9588,#9590,.T.);
#9588 = VERTEX_POINT('',#9589);
#9589 = CARTESIAN_POINT('',(-3.,-2.11,0.2));
#9590 = SURFACE_CURVE('',#9591,(#9595,#9602),.PCURVE_S1.);
#9591 = LINE('',#9592,#9593);
#9592 = CARTESIAN_POINT('',(-3.,-2.11,5.551115123126E-17));
#9593 = VECTOR('',#9594,1.);
#9594 = DIRECTION('',(0.,0.,1.));
#9595 = PCURVE('',#7745,#9596);
#9596 = DEFINITIONAL_REPRESENTATION('',(#9597),#9601);
#9597 = LINE('',#9598,#9599);
#9598 = CARTESIAN_POINT('',(-0.532659657565,-0.58421032799));
#9599 = VECTOR('',#9600,1.);
#9600 = DIRECTION('',(1.,0.));
#9601 = ( GEOMETRIC_REPRESENTATION_CONTEXT(2) 
PARAMETRIC_REPRESENTATION_CONTEXT() REPRESENTATION_CONTEXT('2D SPACE',''
  ) );
#9602 = PCURVE('',#9603,#9608);
#9603 = PLANE('',#9604);
#9604 = AXIS2_PLACEMENT_3D('',#9605,#9606,#9607);
#9605 = CARTESIAN_POINT('',(-3.,-2.11,5.551115123126E-17));
#9606 = DIRECTION('',(1.,9.95799250103E-17,0.));
#9607 = DIRECTION('',(0.,-0.,1.));
#9608 = DEFINITIONAL_REPRESENTATION('',(#9609),#9613);
#9609 = LINE('',#9610,#9611);
#9610 = CARTESIAN_POINT('',(0.,0.));
#9611 = VECTOR('',#9612,1.);
#9612 = DIRECTION('',(1.,0.));
#9613 = ( GEOMETRIC_REPRESENTATION_CONTEXT(2) 
PARAMETRIC_REPRESENTATION_CONTEXT() REPRESENTATION_CONTEXT('2D SPACE',''
  ) );
#9614 = ORIENTED_EDGE('',*,*,#9615,.T.);
#9615 = EDGE_CURVE('',#9588,#9616,#9618,.T.);
#9616 = VERTEX_POINT('',#9617);
#9617 = CARTESIAN_POINT('',(-2.65,-2.11,0.2));
#9618 = SURFACE_CURVE('',#9619,(#9623,#9630),.PCURVE_S1.);
#9619 = LINE('',#9620,#9621);
#9620 = CARTESIAN_POINT('',(-3.,-2.11,0.2));
#9621 = VECTOR('',#9622,1.);
#9622 = DIRECTION('',(1.,9.95799250103E-17,0.));
#9623 = PCURVE('',#7745,#9624);
#9624 = DEFINITIONAL_REPRESENTATION('',(#9625),#9629);
#9625 = LINE('',#9626,#9627);
#9626 = CARTESIAN_POINT('',(-0.332659657565,-0.58421032799));
#9627 = VECTOR('',#9628,1.);
#9628 = DIRECTION('',(0.,1.));
#9629 = ( GEOMETRIC_REPRESENTATION_CONTEXT(2) 
PARAMETRIC_REPRESENTATION_CONTEXT() REPRESENTATION_CONTEXT('2D SPACE',''
  ) );
#9630 = PCURVE('',#9631,#9636);
#9631 = PLANE('',#9632);
#9632 = AXIS2_PLACEMENT_3D('',#9633,#9634,#9635);
#9633 = CARTESIAN_POINT('',(-3.,-2.11,0.2));
#9634 = DIRECTION('',(-0.,0.,-1.));
#9635 = DIRECTION('',(1.,9.95799250103E-17,0.));
#9636 = DEFINITIONAL_REPRESENTATION('',(#9637),#9641);
#9637 = LINE('',#9638,#9639);
#9638 = CARTESIAN_POINT('',(0.,0.));
#9639 = VECTOR('',#9640,1.);
#9640 = DIRECTION('',(1.,0.));
#9641 = ( GEOMETRIC_REPRESENTATION_CONTEXT(2) 
PARAMETRIC_REPRESENTATION_CONTEXT() REPRESENTATION_CONTEXT('2D SPACE',''
  ) );
#9642 = ORIENTED_EDGE('',*,*,#9643,.T.);
#9643 = EDGE_CURVE('',#9616,#9644,#9646,.T.);
#9644 = VERTEX_POINT('',#9645);
#9645 = CARTESIAN_POINT('',(-2.55,-2.11,0.3));
#9646 = SURFACE_CURVE('',#9647,(#9652,#9663),.PCURVE_S1.);
#9647 = CIRCLE('',#9648,0.1);
#9648 = AXIS2_PLACEMENT_3D('',#9649,#9650,#9651);
#9649 = CARTESIAN_POINT('',(-2.65,-2.11,0.3));
#9650 = DIRECTION('',(9.95799250103E-17,-1.,-0.));
#9651 = DIRECTION('',(-0.,0.,-1.));
#9652 = PCURVE('',#7745,#9653);
#9653 = DEFINITIONAL_REPRESENTATION('',(#9654),#9662);
#9654 = ( BOUNDED_CURVE() B_SPLINE_CURVE(2,(#9655,#9656,#9657,#9658,
#9659,#9660,#9661),.UNSPECIFIED.,.T.,.F.) B_SPLINE_CURVE_WITH_KNOTS((1,2
    ,2,2,2,1),(-2.094395102393,0.,2.094395102393,4.188790204786,
6.28318530718,8.377580409573),.UNSPECIFIED.) CURVE() 
GEOMETRIC_REPRESENTATION_ITEM() RATIONAL_B_SPLINE_CURVE((1.,0.5,1.,0.5,
1.,0.5,1.)) REPRESENTATION_ITEM('') );
#9655 = CARTESIAN_POINT('',(-0.332659657565,-0.23421032799));
#9656 = CARTESIAN_POINT('',(-0.332659657565,-6.100524723311E-02));
#9657 = CARTESIAN_POINT('',(-0.182659657565,-0.147607787612));
#9658 = CARTESIAN_POINT('',(-3.2659657565E-02,-0.23421032799));
#9659 = CARTESIAN_POINT('',(-0.182659657565,-0.320812868368));
#9660 = CARTESIAN_POINT('',(-0.332659657565,-0.407415408747));
#9661 = CARTESIAN_POINT('',(-0.332659657565,-0.23421032799));
#9662 = ( GEOMETRIC_REPRESENTATION_CONTEXT(2) 
PARAMETRIC_REPRESENTATION_CONTEXT() REPRESENTATION_CONTEXT('2D SPACE',''
  ) );
#9663 = PCURVE('',#9664,#9669);
#9664 = CYLINDRICAL_SURFACE('',#9665,0.1);
#9665 = AXIS2_PLACEMENT_3D('',#9666,#9667,#9668);
#9666 = CARTESIAN_POINT('',(-2.65,-2.11,0.3));
#9667 = DIRECTION('',(9.95799250103E-17,-1.,0.));
#9668 = DIRECTION('',(0.,-0.,-1.));
#9669 = DEFINITIONAL_REPRESENTATION('',(#9670),#9674);
#9670 = LINE('',#9671,#9672);
#9671 = CARTESIAN_POINT('',(0.,0.));
#9672 = VECTOR('',#9673,1.);
#9673 = DIRECTION('',(1.,0.));
#9674 = ( GEOMETRIC_REPRESENTATION_CONTEXT(2) 
PARAMETRIC_REPRESENTATION_CONTEXT() REPRESENTATION_CONTEXT('2D SPACE',''
  ) );
#9675 = ORIENTED_EDGE('',*,*,#9676,.T.);
#9676 = EDGE_CURVE('',#9644,#9677,#9679,.T.);
#9677 = VERTEX_POINT('',#9678);
#9678 = CARTESIAN_POINT('',(-2.55,-2.11,0.725));
#9679 = SURFACE_CURVE('',#9680,(#9684,#9691),.PCURVE_S1.);
#9680 = LINE('',#9681,#9682);
#9681 = CARTESIAN_POINT('',(-2.55,-2.11,0.3));
#9682 = VECTOR('',#9683,1.);
#9683 = DIRECTION('',(0.,0.,1.));
#9684 = PCURVE('',#7745,#9685);
#9685 = DEFINITIONAL_REPRESENTATION('',(#9686),#9690);
#9686 = LINE('',#9687,#9688);
#9687 = CARTESIAN_POINT('',(-0.232659657565,-0.13421032799));
#9688 = VECTOR('',#9689,1.);
#9689 = DIRECTION('',(1.,0.));
#9690 = ( GEOMETRIC_REPRESENTATION_CONTEXT(2) 
PARAMETRIC_REPRESENTATION_CONTEXT() REPRESENTATION_CONTEXT('2D SPACE',''
  ) );
#9691 = PCURVE('',#9692,#9697);
#9692 = PLANE('',#9693);
#9693 = AXIS2_PLACEMENT_3D('',#9694,#9695,#9696);
#9694 = CARTESIAN_POINT('',(-2.55,-2.11,0.3));
#9695 = DIRECTION('',(1.,9.95799250103E-17,0.));
#9696 = DIRECTION('',(0.,-0.,1.));
#9697 = DEFINITIONAL_REPRESENTATION('',(#9698),#9702);
#9698 = LINE('',#9699,#9700);
#9699 = CARTESIAN_POINT('',(0.,0.));
#9700 = VECTOR('',#9701,1.);
#9701 = DIRECTION('',(1.,0.));
#9702 = ( GEOMETRIC_REPRESENTATION_CONTEXT(2) 
PARAMETRIC_REPRESENTATION_CONTEXT() REPRESENTATION_CONTEXT('2D SPACE',''
  ) );
#9703 = ORIENTED_EDGE('',*,*,#9704,.T.);
#9704 = EDGE_CURVE('',#9677,#9705,#9707,.T.);
#9705 = VERTEX_POINT('',#9706);
#9706 = CARTESIAN_POINT('',(-2.25,-2.11,1.025));
#9707 = SURFACE_CURVE('',#9708,(#9713,#9720),.PCURVE_S1.);
#9708 = CIRCLE('',#9709,0.3);
#9709 = AXIS2_PLACEMENT_3D('',#9710,#9711,#9712);
#9710 = CARTESIAN_POINT('',(-2.25,-2.11,0.725));
#9711 = DIRECTION('',(-9.95799250103E-17,1.,0.));
#9712 = DIRECTION('',(-1.,-9.95799250103E-17,3.700743415417E-16));
#9713 = PCURVE('',#7745,#9714);
#9714 = DEFINITIONAL_REPRESENTATION('',(#9715),#9719);
#9715 = CIRCLE('',#9716,0.3);
#9716 = AXIS2_PLACEMENT_2D('',#9717,#9718);
#9717 = CARTESIAN_POINT('',(0.192340342435,0.16578967201));
#9718 = DIRECTION('',(3.700743415417E-16,-1.));
#9719 = ( GEOMETRIC_REPRESENTATION_CONTEXT(2) 
PARAMETRIC_REPRESENTATION_CONTEXT() REPRESENTATION_CONTEXT('2D SPACE',''
  ) );
#9720 = PCURVE('',#9721,#9726);
#9721 = CYLINDRICAL_SURFACE('',#9722,0.3);
#9722 = AXIS2_PLACEMENT_3D('',#9723,#9724,#9725);
#9723 = CARTESIAN_POINT('',(-2.25,-2.11,0.725));
#9724 = DIRECTION('',(9.95799250103E-17,-1.,-0.));
#9725 = DIRECTION('',(-1.,-9.95799250103E-17,3.700743415417E-16));
#9726 = DEFINITIONAL_REPRESENTATION('',(#9727),#9731);
#9727 = LINE('',#9728,#9729);
#9728 = CARTESIAN_POINT('',(6.28318530718,0.));
#9729 = VECTOR('',#9730,1.);
#9730 = DIRECTION('',(-1.,0.));
#9731 = ( GEOMETRIC_REPRESENTATION_CONTEXT(2) 
PARAMETRIC_REPRESENTATION_CONTEXT() REPRESENTATION_CONTEXT('2D SPACE',''
  ) );
#9732 = ORIENTED_EDGE('',*,*,#9733,.T.);
#9733 = EDGE_CURVE('',#9705,#7730,#9734,.T.);
#9734 = SURFACE_CURVE('',#9735,(#9739,#9746),.PCURVE_S1.);
#9735 = LINE('',#9736,#9737);
#9736 = CARTESIAN_POINT('',(-2.25,-2.11,1.025));
#9737 = VECTOR('',#9738,1.);
#9738 = DIRECTION('',(1.,9.95799250103E-17,0.));
#9739 = PCURVE('',#7745,#9740);
#9740 = DEFINITIONAL_REPRESENTATION('',(#9741),#9745);
#9741 = LINE('',#9742,#9743);
#9742 = CARTESIAN_POINT('',(0.492340342435,0.16578967201));
#9743 = VECTOR('',#9744,1.);
#9744 = DIRECTION('',(0.,1.));
#9745 = ( GEOMETRIC_REPRESENTATION_CONTEXT(2) 
PARAMETRIC_REPRESENTATION_CONTEXT() REPRESENTATION_CONTEXT('2D SPACE',''
  ) );
#9746 = PCURVE('',#9036,#9747);
#9747 = DEFINITIONAL_REPRESENTATION('',(#9748),#9752);
#9748 = LINE('',#9749,#9750);
#9749 = CARTESIAN_POINT('',(0.,0.));
#9750 = VECTOR('',#9751,1.);
#9751 = DIRECTION('',(1.,0.));
#9752 = ( GEOMETRIC_REPRESENTATION_CONTEXT(2) 
PARAMETRIC_REPRESENTATION_CONTEXT() REPRESENTATION_CONTEXT('2D SPACE',''
  ) );
#9753 = ADVANCED_FACE('',(#9754),#7802,.T.);
#9754 = FACE_BOUND('',#9755,.T.);
#9755 = EDGE_LOOP('',(#9756,#9757,#9758,#9786,#9814,#9843,#9871,#9899,
    #9927,#9960,#9988,#10017));
#9756 = ORIENTED_EDGE('',*,*,#7786,.F.);
#9757 = ORIENTED_EDGE('',*,*,#7974,.T.);
#9758 = ORIENTED_EDGE('',*,*,#9759,.T.);
#9759 = EDGE_CURVE('',#7975,#9760,#9762,.T.);
#9760 = VERTEX_POINT('',#9761);
#9761 = CARTESIAN_POINT('',(-2.35,2.11,0.725));
#9762 = SURFACE_CURVE('',#9763,(#9768,#9779),.PCURVE_S1.);
#9763 = CIRCLE('',#9764,0.1);
#9764 = AXIS2_PLACEMENT_3D('',#9765,#9766,#9767);
#9765 = CARTESIAN_POINT('',(-2.25,2.11,0.725));
#9766 = DIRECTION('',(9.95799250103E-17,-1.,0.));
#9767 = DIRECTION('',(-4.440892098501E-15,-4.422237021476E-31,1.));
#9768 = PCURVE('',#7802,#9769);
#9769 = DEFINITIONAL_REPRESENTATION('',(#9770),#9778);
#9770 = ( BOUNDED_CURVE() B_SPLINE_CURVE(2,(#9771,#9772,#9773,#9774,
#9775,#9776,#9777),.UNSPECIFIED.,.T.,.F.) B_SPLINE_CURVE_WITH_KNOTS((1,2
    ,2,2,2,1),(-2.094395102393,0.,2.094395102393,4.188790204786,
6.28318530718,8.377580409573),.UNSPECIFIED.) CURVE() 
GEOMETRIC_REPRESENTATION_ITEM() RATIONAL_B_SPLINE_CURVE((1.,0.5,1.,0.5,
1.,0.5,1.)) REPRESENTATION_ITEM('') );
#9771 = CARTESIAN_POINT('',(0.292340342435,0.16578967201));
#9772 = CARTESIAN_POINT('',(0.292340342435,-7.415408746888E-03));
#9773 = CARTESIAN_POINT('',(0.142340342435,7.918713163156E-02));
#9774 = CARTESIAN_POINT('',(-7.659657565E-03,0.16578967201));
#9775 = CARTESIAN_POINT('',(0.142340342435,0.252392212388));
#9776 = CARTESIAN_POINT('',(0.292340342435,0.338994752767));
#9777 = CARTESIAN_POINT('',(0.292340342435,0.16578967201));
#9778 = ( GEOMETRIC_REPRESENTATION_CONTEXT(2) 
PARAMETRIC_REPRESENTATION_CONTEXT() REPRESENTATION_CONTEXT('2D SPACE',''
  ) );
#9779 = PCURVE('',#8011,#9780);
#9780 = DEFINITIONAL_REPRESENTATION('',(#9781),#9785);
#9781 = LINE('',#9782,#9783);
#9782 = CARTESIAN_POINT('',(0.,-0.41));
#9783 = VECTOR('',#9784,1.);
#9784 = DIRECTION('',(1.,0.));
#9785 = ( GEOMETRIC_REPRESENTATION_CONTEXT(2) 
PARAMETRIC_REPRESENTATION_CONTEXT() REPRESENTATION_CONTEXT('2D SPACE',''
  ) );
#9786 = ORIENTED_EDGE('',*,*,#9787,.T.);
#9787 = EDGE_CURVE('',#9760,#9788,#9790,.T.);
#9788 = VERTEX_POINT('',#9789);
#9789 = CARTESIAN_POINT('',(-2.35,2.11,0.3));
#9790 = SURFACE_CURVE('',#9791,(#9795,#9802),.PCURVE_S1.);
#9791 = LINE('',#9792,#9793);
#9792 = CARTESIAN_POINT('',(-2.35,2.11,0.725));
#9793 = VECTOR('',#9794,1.);
#9794 = DIRECTION('',(-1.044915787883E-15,-1.040526357994E-31,-1.));
#9795 = PCURVE('',#7802,#9796);
#9796 = DEFINITIONAL_REPRESENTATION('',(#9797),#9801);
#9797 = LINE('',#9798,#9799);
#9798 = CARTESIAN_POINT('',(0.192340342435,6.578967201E-02));
#9799 = VECTOR('',#9800,1.);
#9800 = DIRECTION('',(-1.,-1.044915787883E-15));
#9801 = ( GEOMETRIC_REPRESENTATION_CONTEXT(2) 
PARAMETRIC_REPRESENTATION_CONTEXT() REPRESENTATION_CONTEXT('2D SPACE',''
  ) );
#9802 = PCURVE('',#9803,#9808);
#9803 = PLANE('',#9804);
#9804 = AXIS2_PLACEMENT_3D('',#9805,#9806,#9807);
#9805 = CARTESIAN_POINT('',(-2.35,1.7,0.725));
#9806 = DIRECTION('',(-1.,-9.95799250103E-17,1.044915787883E-15));
#9807 = DIRECTION('',(-1.044915787883E-15,-1.040526357994E-31,-1.));
#9808 = DEFINITIONAL_REPRESENTATION('',(#9809),#9813);
#9809 = LINE('',#9810,#9811);
#9810 = CARTESIAN_POINT('',(-4.266158067775E-32,-0.41));
#9811 = VECTOR('',#9812,1.);
#9812 = DIRECTION('',(1.,0.));
#9813 = ( GEOMETRIC_REPRESENTATION_CONTEXT(2) 
PARAMETRIC_REPRESENTATION_CONTEXT() REPRESENTATION_CONTEXT('2D SPACE',''
  ) );
#9814 = ORIENTED_EDGE('',*,*,#9815,.T.);
#9815 = EDGE_CURVE('',#9788,#9816,#9818,.T.);
#9816 = VERTEX_POINT('',#9817);
#9817 = CARTESIAN_POINT('',(-2.65,2.11,5.551115123126E-17));
#9818 = SURFACE_CURVE('',#9819,(#9824,#9831),.PCURVE_S1.);
#9819 = CIRCLE('',#9820,0.3);
#9820 = AXIS2_PLACEMENT_3D('',#9821,#9822,#9823);
#9821 = CARTESIAN_POINT('',(-2.65,2.11,0.3));
#9822 = DIRECTION('',(-9.95799250103E-17,1.,0.));
#9823 = DIRECTION('',(1.,9.95799250103E-17,3.515706244646E-15));
#9824 = PCURVE('',#7802,#9825);
#9825 = DEFINITIONAL_REPRESENTATION('',(#9826),#9830);
#9826 = CIRCLE('',#9827,0.3);
#9827 = AXIS2_PLACEMENT_2D('',#9828,#9829);
#9828 = CARTESIAN_POINT('',(-0.232659657565,-0.23421032799));
#9829 = DIRECTION('',(3.515706244646E-15,1.));
#9830 = ( GEOMETRIC_REPRESENTATION_CONTEXT(2) 
PARAMETRIC_REPRESENTATION_CONTEXT() REPRESENTATION_CONTEXT('2D SPACE',''
  ) );
#9831 = PCURVE('',#9832,#9837);
#9832 = CYLINDRICAL_SURFACE('',#9833,0.3);
#9833 = AXIS2_PLACEMENT_3D('',#9834,#9835,#9836);
#9834 = CARTESIAN_POINT('',(-2.65,1.7,0.3));
#9835 = DIRECTION('',(9.95799250103E-17,-1.,-0.));
#9836 = DIRECTION('',(1.,9.95799250103E-17,3.515706244646E-15));
#9837 = DEFINITIONAL_REPRESENTATION('',(#9838),#9842);
#9838 = LINE('',#9839,#9840);
#9839 = CARTESIAN_POINT('',(6.28318530718,-0.41));
#9840 = VECTOR('',#9841,1.);
#9841 = DIRECTION('',(-1.,0.));
#9842 = ( GEOMETRIC_REPRESENTATION_CONTEXT(2) 
PARAMETRIC_REPRESENTATION_CONTEXT() REPRESENTATION_CONTEXT('2D SPACE',''
  ) );
#9843 = ORIENTED_EDGE('',*,*,#9844,.T.);
#9844 = EDGE_CURVE('',#9816,#9845,#9847,.T.);
#9845 = VERTEX_POINT('',#9846);
#9846 = CARTESIAN_POINT('',(-3.,2.11,5.551115123126E-17));
#9847 = SURFACE_CURVE('',#9848,(#9852,#9859),.PCURVE_S1.);
#9848 = LINE('',#9849,#9850);
#9849 = CARTESIAN_POINT('',(-2.65,2.11,5.551115123126E-17));
#9850 = VECTOR('',#9851,1.);
#9851 = DIRECTION('',(-1.,-9.95799250103E-17,0.));
#9852 = PCURVE('',#7802,#9853);
#9853 = DEFINITIONAL_REPRESENTATION('',(#9854),#9858);
#9854 = LINE('',#9855,#9856);
#9855 = CARTESIAN_POINT('',(-0.532659657565,-0.23421032799));
#9856 = VECTOR('',#9857,1.);
#9857 = DIRECTION('',(0.,-1.));
#9858 = ( GEOMETRIC_REPRESENTATION_CONTEXT(2) 
PARAMETRIC_REPRESENTATION_CONTEXT() REPRESENTATION_CONTEXT('2D SPACE',''
  ) );
#9859 = PCURVE('',#9860,#9865);
#9860 = PLANE('',#9861);
#9861 = AXIS2_PLACEMENT_3D('',#9862,#9863,#9864);
#9862 = CARTESIAN_POINT('',(-2.65,1.7,5.551115123126E-17));
#9863 = DIRECTION('',(0.,0.,1.));
#9864 = DIRECTION('',(-1.,-9.95799250103E-17,0.));
#9865 = DEFINITIONAL_REPRESENTATION('',(#9866),#9870);
#9866 = LINE('',#9867,#9868);
#9867 = CARTESIAN_POINT('',(-4.082776925422E-17,-0.41));
#9868 = VECTOR('',#9869,1.);
#9869 = DIRECTION('',(1.,0.));
#9870 = ( GEOMETRIC_REPRESENTATION_CONTEXT(2) 
PARAMETRIC_REPRESENTATION_CONTEXT() REPRESENTATION_CONTEXT('2D SPACE',''
  ) );
#9871 = ORIENTED_EDGE('',*,*,#9872,.T.);
#9872 = EDGE_CURVE('',#9845,#9873,#9875,.T.);
#9873 = VERTEX_POINT('',#9874);
#9874 = CARTESIAN_POINT('',(-3.,2.11,0.2));
#9875 = SURFACE_CURVE('',#9876,(#9880,#9887),.PCURVE_S1.);
#9876 = LINE('',#9877,#9878);
#9877 = CARTESIAN_POINT('',(-3.,2.11,5.551115123126E-17));
#9878 = VECTOR('',#9879,1.);
#9879 = DIRECTION('',(0.,0.,1.));
#9880 = PCURVE('',#7802,#9881);
#9881 = DEFINITIONAL_REPRESENTATION('',(#9882),#9886);
#9882 = LINE('',#9883,#9884);
#9883 = CARTESIAN_POINT('',(-0.532659657565,-0.58421032799));
#9884 = VECTOR('',#9885,1.);
#9885 = DIRECTION('',(1.,0.));
#9886 = ( GEOMETRIC_REPRESENTATION_CONTEXT(2) 
PARAMETRIC_REPRESENTATION_CONTEXT() REPRESENTATION_CONTEXT('2D SPACE',''
  ) );
#9887 = PCURVE('',#9888,#9893);
#9888 = PLANE('',#9889);
#9889 = AXIS2_PLACEMENT_3D('',#9890,#9891,#9892);
#9890 = CARTESIAN_POINT('',(-3.,1.7,5.551115123126E-17));
#9891 = DIRECTION('',(1.,9.95799250103E-17,0.));
#9892 = DIRECTION('',(0.,-0.,1.));
#9893 = DEFINITIONAL_REPRESENTATION('',(#9894),#9898);
#9894 = LINE('',#9895,#9896);
#9895 = CARTESIAN_POINT('',(0.,-0.41));
#9896 = VECTOR('',#9897,1.);
#9897 = DIRECTION('',(1.,0.));
#9898 = ( GEOMETRIC_REPRESENTATION_CONTEXT(2) 
PARAMETRIC_REPRESENTATION_CONTEXT() REPRESENTATION_CONTEXT('2D SPACE',''
  ) );
#9899 = ORIENTED_EDGE('',*,*,#9900,.T.);
#9900 = EDGE_CURVE('',#9873,#9901,#9903,.T.);
#9901 = VERTEX_POINT('',#9902);
#9902 = CARTESIAN_POINT('',(-2.65,2.11,0.2));
#9903 = SURFACE_CURVE('',#9904,(#9908,#9915),.PCURVE_S1.);
#9904 = LINE('',#9905,#9906);
#9905 = CARTESIAN_POINT('',(-3.,2.11,0.2));
#9906 = VECTOR('',#9907,1.);
#9907 = DIRECTION('',(1.,9.95799250103E-17,0.));
#9908 = PCURVE('',#7802,#9909);
#9909 = DEFINITIONAL_REPRESENTATION('',(#9910),#9914);
#9910 = LINE('',#9911,#9912);
#9911 = CARTESIAN_POINT('',(-0.332659657565,-0.58421032799));
#9912 = VECTOR('',#9913,1.);
#9913 = DIRECTION('',(0.,1.));
#9914 = ( GEOMETRIC_REPRESENTATION_CONTEXT(2) 
PARAMETRIC_REPRESENTATION_CONTEXT() REPRESENTATION_CONTEXT('2D SPACE',''
  ) );
#9915 = PCURVE('',#9916,#9921);
#9916 = PLANE('',#9917);
#9917 = AXIS2_PLACEMENT_3D('',#9918,#9919,#9920);
#9918 = CARTESIAN_POINT('',(-3.,1.7,0.2));
#9919 = DIRECTION('',(-0.,0.,-1.));
#9920 = DIRECTION('',(1.,9.95799250103E-17,0.));
#9921 = DEFINITIONAL_REPRESENTATION('',(#9922),#9926);
#9922 = LINE('',#9923,#9924);
#9923 = CARTESIAN_POINT('',(4.082776925422E-17,-0.41));
#9924 = VECTOR('',#9925,1.);
#9925 = DIRECTION('',(1.,0.));
#9926 = ( GEOMETRIC_REPRESENTATION_CONTEXT(2) 
PARAMETRIC_REPRESENTATION_CONTEXT() REPRESENTATION_CONTEXT('2D SPACE',''
  ) );
#9927 = ORIENTED_EDGE('',*,*,#9928,.T.);
#9928 = EDGE_CURVE('',#9901,#9929,#9931,.T.);
#9929 = VERTEX_POINT('',#9930);
#9930 = CARTESIAN_POINT('',(-2.55,2.11,0.3));
#9931 = SURFACE_CURVE('',#9932,(#9937,#9948),.PCURVE_S1.);
#9932 = CIRCLE('',#9933,0.1);
#9933 = AXIS2_PLACEMENT_3D('',#9934,#9935,#9936);
#9934 = CARTESIAN_POINT('',(-2.65,2.11,0.3));
#9935 = DIRECTION('',(9.95799250103E-17,-1.,-0.));
#9936 = DIRECTION('',(-0.,0.,-1.));
#9937 = PCURVE('',#7802,#9938);
#9938 = DEFINITIONAL_REPRESENTATION('',(#9939),#9947);
#9939 = ( BOUNDED_CURVE() B_SPLINE_CURVE(2,(#9940,#9941,#9942,#9943,
#9944,#9945,#9946),.UNSPECIFIED.,.T.,.F.) B_SPLINE_CURVE_WITH_KNOTS((1,2
    ,2,2,2,1),(-2.094395102393,0.,2.094395102393,4.188790204786,
6.28318530718,8.377580409573),.UNSPECIFIED.) CURVE() 
GEOMETRIC_REPRESENTATION_ITEM() RATIONAL_B_SPLINE_CURVE((1.,0.5,1.,0.5,
1.,0.5,1.)) REPRESENTATION_ITEM('') );
#9940 = CARTESIAN_POINT('',(-0.332659657565,-0.23421032799));
#9941 = CARTESIAN_POINT('',(-0.332659657565,-6.100524723311E-02));
#9942 = CARTESIAN_POINT('',(-0.182659657565,-0.147607787612));
#9943 = CARTESIAN_POINT('',(-3.2659657565E-02,-0.23421032799));
#9944 = CARTESIAN_POINT('',(-0.182659657565,-0.320812868368));
#9945 = CARTESIAN_POINT('',(-0.332659657565,-0.407415408747));
#9946 = CARTESIAN_POINT('',(-0.332659657565,-0.23421032799));
#9947 = ( GEOMETRIC_REPRESENTATION_CONTEXT(2) 
PARAMETRIC_REPRESENTATION_CONTEXT() REPRESENTATION_CONTEXT('2D SPACE',''
  ) );
#9948 = PCURVE('',#9949,#9954);
#9949 = CYLINDRICAL_SURFACE('',#9950,0.1);
#9950 = AXIS2_PLACEMENT_3D('',#9951,#9952,#9953);
#9951 = CARTESIAN_POINT('',(-2.65,1.7,0.3));
#9952 = DIRECTION('',(9.95799250103E-17,-1.,0.));
#9953 = DIRECTION('',(0.,-0.,-1.));
#9954 = DEFINITIONAL_REPRESENTATION('',(#9955),#9959);
#9955 = LINE('',#9956,#9957);
#9956 = CARTESIAN_POINT('',(0.,-0.41));
#9957 = VECTOR('',#9958,1.);
#9958 = DIRECTION('',(1.,0.));
#9959 = ( GEOMETRIC_REPRESENTATION_CONTEXT(2) 
PARAMETRIC_REPRESENTATION_CONTEXT() REPRESENTATION_CONTEXT('2D SPACE',''
  ) );
#9960 = ORIENTED_EDGE('',*,*,#9961,.T.);
#9961 = EDGE_CURVE('',#9929,#9962,#9964,.T.);
#9962 = VERTEX_POINT('',#9963);
#9963 = CARTESIAN_POINT('',(-2.55,2.11,0.725));
#9964 = SURFACE_CURVE('',#9965,(#9969,#9976),.PCURVE_S1.);
#9965 = LINE('',#9966,#9967);
#9966 = CARTESIAN_POINT('',(-2.55,2.11,0.3));
#9967 = VECTOR('',#9968,1.);
#9968 = DIRECTION('',(0.,0.,1.));
#9969 = PCURVE('',#7802,#9970);
#9970 = DEFINITIONAL_REPRESENTATION('',(#9971),#9975);
#9971 = LINE('',#9972,#9973);
#9972 = CARTESIAN_POINT('',(-0.232659657565,-0.13421032799));
#9973 = VECTOR('',#9974,1.);
#9974 = DIRECTION('',(1.,0.));
#9975 = ( GEOMETRIC_REPRESENTATION_CONTEXT(2) 
PARAMETRIC_REPRESENTATION_CONTEXT() REPRESENTATION_CONTEXT('2D SPACE',''
  ) );
#9976 = PCURVE('',#9977,#9982);
#9977 = PLANE('',#9978);
#9978 = AXIS2_PLACEMENT_3D('',#9979,#9980,#9981);
#9979 = CARTESIAN_POINT('',(-2.55,1.7,0.3));
#9980 = DIRECTION('',(1.,9.95799250103E-17,0.));
#9981 = DIRECTION('',(0.,-0.,1.));
#9982 = DEFINITIONAL_REPRESENTATION('',(#9983),#9987);
#9983 = LINE('',#9984,#9985);
#9984 = CARTESIAN_POINT('',(0.,-0.41));
#9985 = VECTOR('',#9986,1.);
#9986 = DIRECTION('',(1.,0.));
#9987 = ( GEOMETRIC_REPRESENTATION_CONTEXT(2) 
PARAMETRIC_REPRESENTATION_CONTEXT() REPRESENTATION_CONTEXT('2D SPACE',''
  ) );
#9988 = ORIENTED_EDGE('',*,*,#9989,.T.);
#9989 = EDGE_CURVE('',#9962,#9990,#9992,.T.);
#9990 = VERTEX_POINT('',#9991);
#9991 = CARTESIAN_POINT('',(-2.25,2.11,1.025));
#9992 = SURFACE_CURVE('',#9993,(#9998,#10005),.PCURVE_S1.);
#9993 = CIRCLE('',#9994,0.3);
#9994 = AXIS2_PLACEMENT_3D('',#9995,#9996,#9997);
#9995 = CARTESIAN_POINT('',(-2.25,2.11,0.725));
#9996 = DIRECTION('',(-9.95799250103E-17,1.,0.));
#9997 = DIRECTION('',(-1.,-9.95799250103E-17,3.700743415417E-16));
#9998 = PCURVE('',#7802,#9999);
#9999 = DEFINITIONAL_REPRESENTATION('',(#10000),#10004);
#10000 = CIRCLE('',#10001,0.3);
#10001 = AXIS2_PLACEMENT_2D('',#10002,#10003);
#10002 = CARTESIAN_POINT('',(0.192340342435,0.16578967201));
#10003 = DIRECTION('',(3.700743415417E-16,-1.));
#10004 = ( GEOMETRIC_REPRESENTATION_CONTEXT(2) 
PARAMETRIC_REPRESENTATION_CONTEXT() REPRESENTATION_CONTEXT('2D SPACE',''
  ) );
#10005 = PCURVE('',#10006,#10011);
#10006 = CYLINDRICAL_SURFACE('',#10007,0.3);
#10007 = AXIS2_PLACEMENT_3D('',#10008,#10009,#10010);
#10008 = CARTESIAN_POINT('',(-2.25,1.7,0.725));
#10009 = DIRECTION('',(9.95799250103E-17,-1.,-0.));
#10010 = DIRECTION('',(-1.,-9.95799250103E-17,3.700743415417E-16));
#10011 = DEFINITIONAL_REPRESENTATION('',(#10012),#10016);
#10012 = LINE('',#10013,#10014);
#10013 = CARTESIAN_POINT('',(6.28318530718,-0.41));
#10014 = VECTOR('',#10015,1.);
#10015 = DIRECTION('',(-1.,0.));
#10016 = ( GEOMETRIC_REPRESENTATION_CONTEXT(2) 
PARAMETRIC_REPRESENTATION_CONTEXT() REPRESENTATION_CONTEXT('2D SPACE',''
  ) );
#10017 = ORIENTED_EDGE('',*,*,#10018,.T.);
#10018 = EDGE_CURVE('',#9990,#7787,#10019,.T.);
#10019 = SURFACE_CURVE('',#10020,(#10024,#10031),.PCURVE_S1.);
#10020 = LINE('',#10021,#10022);
#10021 = CARTESIAN_POINT('',(-2.25,2.11,1.025));
#10022 = VECTOR('',#10023,1.);
#10023 = DIRECTION('',(1.,9.95799250103E-17,0.));
#10024 = PCURVE('',#7802,#10025);
#10025 = DEFINITIONAL_REPRESENTATION('',(#10026),#10030);
#10026 = LINE('',#10027,#10028);
#10027 = CARTESIAN_POINT('',(0.492340342435,0.16578967201));
#10028 = VECTOR('',#10029,1.);
#10029 = DIRECTION('',(0.,1.));
#10030 = ( GEOMETRIC_REPRESENTATION_CONTEXT(2) 
PARAMETRIC_REPRESENTATION_CONTEXT() REPRESENTATION_CONTEXT('2D SPACE',''
  ) );
#10031 = PCURVE('',#9186,#10032);
#10032 = DEFINITIONAL_REPRESENTATION('',(#10033),#10037);
#10033 = LINE('',#10034,#10035);
#10034 = CARTESIAN_POINT('',(4.082776925422E-17,-0.41));
#10035 = VECTOR('',#10036,1.);
#10036 = DIRECTION('',(1.,0.));
#10037 = ( GEOMETRIC_REPRESENTATION_CONTEXT(2) 
PARAMETRIC_REPRESENTATION_CONTEXT() REPRESENTATION_CONTEXT('2D SPACE',''
  ) );
#10038 = ADVANCED_FACE('',(#10039),#7849,.F.);
#10039 = FACE_BOUND('',#10040,.F.);
#10040 = EDGE_LOOP('',(#10041,#10084,#10085,#10105));
#10041 = ORIENTED_EDGE('',*,*,#10042,.F.);
#10042 = EDGE_CURVE('',#7787,#9171,#10043,.T.);
#10043 = SURFACE_CURVE('',#10044,(#10048,#10077),.PCURVE_S1.);
#10044 = LINE('',#10045,#10046);
#10045 = CARTESIAN_POINT('',(-2.25,2.11,1.025));
#10046 = VECTOR('',#10047,1.);
#10047 = DIRECTION('',(1.,9.95799250103E-17,0.));
#10048 = PCURVE('',#7849,#10049);
#10049 = DEFINITIONAL_REPRESENTATION('',(#10050),#10076);
#10050 = B_SPLINE_CURVE_WITH_KNOTS('',3,(#10051,#10052,#10053,#10054,
    #10055,#10056,#10057,#10058,#10059,#10060,#10061,#10062,#10063,
    #10064,#10065,#10066,#10067,#10068,#10069,#10070,#10071,#10072,
    #10073,#10074,#10075),.UNSPECIFIED.,.F.,.F.,(4,1,1,1,1,1,1,1,1,1,1,1
    ,1,1,1,1,1,1,1,1,1,1,4),(0.3,0.303409090909,0.306818181818,
    0.310227272727,0.313636363636,0.317045454545,0.320454545455,
    0.323863636364,0.327272727273,0.330681818182,0.334090909091,0.3375,
    0.340909090909,0.344318181818,0.347727272727,0.351136363636,
    0.354545454545,0.357954545455,0.361363636364,0.364772727273,
    0.368181818182,0.371590909091,0.375),.QUASI_UNIFORM_KNOTS.);
#10051 = CARTESIAN_POINT('',(4.385,0.));
#10052 = CARTESIAN_POINT('',(4.385526973028,1.515151515152E-02));
#10053 = CARTESIAN_POINT('',(4.38658170875,4.545454545455E-02));
#10054 = CARTESIAN_POINT('',(4.388166186677,9.090909090909E-02));
#10055 = CARTESIAN_POINT('',(4.389753044293,0.136363636364));
#10056 = CARTESIAN_POINT('',(4.391342286965,0.181818181818));
#10057 = CARTESIAN_POINT('',(4.392933920073,0.227272727273));
#10058 = CARTESIAN_POINT('',(4.394527949014,0.272727272727));
#10059 = CARTESIAN_POINT('',(4.396124379203,0.318181818182));
#10060 = CARTESIAN_POINT('',(4.39772321607,0.363636363636));
#10061 = CARTESIAN_POINT('',(4.39932446506,0.409090909091));
#10062 = CARTESIAN_POINT('',(4.400928131636,0.454545454545));
#10063 = CARTESIAN_POINT('',(4.402534221279,0.5));
#10064 = CARTESIAN_POINT('',(4.404142739482,0.545454545455));
#10065 = CARTESIAN_POINT('',(4.40575369176,0.590909090909));
#10066 = CARTESIAN_POINT('',(4.407367083641,0.636363636364));
#10067 = CARTESIAN_POINT('',(4.408982920672,0.681818181818));
#10068 = CARTESIAN_POINT('',(4.410601208414,0.727272727273));
#10069 = CARTESIAN_POINT('',(4.412221952448,0.772727272727));
#10070 = CARTESIAN_POINT('',(4.41384515837,0.818181818182));
#10071 = CARTESIAN_POINT('',(4.415470831794,0.863636363636));
#10072 = CARTESIAN_POINT('',(4.417098978351,0.909090909091));
#10073 = CARTESIAN_POINT('',(4.418729603687,0.954545454545));
#10074 = CARTESIAN_POINT('',(4.419818343544,0.984848484848));
#10075 = CARTESIAN_POINT('',(4.420363128492,1.));
#10076 = ( GEOMETRIC_REPRESENTATION_CONTEXT(2) 
PARAMETRIC_REPRESENTATION_CONTEXT() REPRESENTATION_CONTEXT('2D SPACE',''
  ) );
#10077 = PCURVE('',#9186,#10078);
#10078 = DEFINITIONAL_REPRESENTATION('',(#10079),#10083);
#10079 = LINE('',#10080,#10081);
#10080 = CARTESIAN_POINT('',(4.082776925422E-17,-0.41));
#10081 = VECTOR('',#10082,1.);
#10082 = DIRECTION('',(1.,0.));
#10083 = ( GEOMETRIC_REPRESENTATION_CONTEXT(2) 
PARAMETRIC_REPRESENTATION_CONTEXT() REPRESENTATION_CONTEXT('2D SPACE',''
  ) );
#10084 = ORIENTED_EDGE('',*,*,#7835,.T.);
#10085 = ORIENTED_EDGE('',*,*,#10086,.T.);
#10086 = EDGE_CURVE('',#7816,#8950,#10087,.T.);
#10087 = SURFACE_CURVE('',#10088,(#10091,#10098),.PCURVE_S1.);
#10088 = B_SPLINE_CURVE_WITH_KNOTS('',1,(#10089,#10090),.UNSPECIFIED.,
  .F.,.F.,(2,2),(0.,1.),.PIECEWISE_BEZIER_KNOTS.);
#10089 = CARTESIAN_POINT('',(-1.95,2.275,1.025));
#10090 = CARTESIAN_POINT('',(-1.875,2.2375,1.025));
#10091 = PCURVE('',#7849,#10092);
#10092 = DEFINITIONAL_REPRESENTATION('',(#10093),#10097);
#10093 = LINE('',#10094,#10095);
#10094 = CARTESIAN_POINT('',(4.55,6.640843479731E-16));
#10095 = VECTOR('',#10096,1.);
#10096 = DIRECTION('',(-8.881784197001E-16,1.));
#10097 = ( GEOMETRIC_REPRESENTATION_CONTEXT(2) 
PARAMETRIC_REPRESENTATION_CONTEXT() REPRESENTATION_CONTEXT('2D SPACE',''
  ) );
#10098 = PCURVE('',#8442,#10099);
#10099 = DEFINITIONAL_REPRESENTATION('',(#10100),#10104);
#10100 = LINE('',#10101,#10102);
#10101 = CARTESIAN_POINT('',(2.508731586994E-16,-4.08400163074E-15));
#10102 = VECTOR('',#10103,1.);
#10103 = DIRECTION('',(2.93758077062E-16,1.));
#10104 = ( GEOMETRIC_REPRESENTATION_CONTEXT(2) 
PARAMETRIC_REPRESENTATION_CONTEXT() REPRESENTATION_CONTEXT('2D SPACE',''
  ) );
#10105 = ORIENTED_EDGE('',*,*,#9198,.F.);
#10106 = ADVANCED_FACE('',(#10107),#7930,.F.);
#10107 = FACE_BOUND('',#10108,.F.);
#10108 = EDGE_LOOP('',(#10109,#10110,#10138,#10159));
#10109 = ORIENTED_EDGE('',*,*,#7916,.T.);
#10110 = ORIENTED_EDGE('',*,*,#10111,.T.);
#10111 = EDGE_CURVE('',#7889,#10112,#10114,.T.);
#10112 = VERTEX_POINT('',#10113);
#10113 = CARTESIAN_POINT('',(-2.35,-1.7,0.725));
#10114 = SURFACE_CURVE('',#10115,(#10120,#10127),.PCURVE_S1.);
#10115 = CIRCLE('',#10116,0.1);
#10116 = AXIS2_PLACEMENT_3D('',#10117,#10118,#10119);
#10117 = CARTESIAN_POINT('',(-2.25,-1.7,0.725));
#10118 = DIRECTION('',(9.95799250103E-17,-1.,0.));
#10119 = DIRECTION('',(-4.440892098501E-15,-4.422237021476E-31,1.));
#10120 = PCURVE('',#7930,#10121);
#10121 = DEFINITIONAL_REPRESENTATION('',(#10122),#10126);
#10122 = LINE('',#10123,#10124);
#10123 = CARTESIAN_POINT('',(0.,-0.41));
#10124 = VECTOR('',#10125,1.);
#10125 = DIRECTION('',(1.,0.));
#10126 = ( GEOMETRIC_REPRESENTATION_CONTEXT(2) 
PARAMETRIC_REPRESENTATION_CONTEXT() REPRESENTATION_CONTEXT('2D SPACE',''
  ) );
#10127 = PCURVE('',#7904,#10128);
#10128 = DEFINITIONAL_REPRESENTATION('',(#10129),#10137);
#10129 = ( BOUNDED_CURVE() B_SPLINE_CURVE(2,(#10130,#10131,#10132,#10133
    ,#10134,#10135,#10136),.UNSPECIFIED.,.T.,.F.) 
B_SPLINE_CURVE_WITH_KNOTS((1,2,2,2,2,1),(-2.094395102393,0.,
    2.094395102393,4.188790204786,6.28318530718,8.377580409573),
.UNSPECIFIED.) CURVE() GEOMETRIC_REPRESENTATION_ITEM() 
RATIONAL_B_SPLINE_CURVE((1.,0.5,1.,0.5,1.,0.5,1.)) REPRESENTATION_ITEM(
  '') );
#10130 = CARTESIAN_POINT('',(0.292340342435,0.16578967201));
#10131 = CARTESIAN_POINT('',(0.292340342435,-7.415408746888E-03));
#10132 = CARTESIAN_POINT('',(0.142340342435,7.918713163156E-02));
#10133 = CARTESIAN_POINT('',(-7.659657565E-03,0.16578967201));
#10134 = CARTESIAN_POINT('',(0.142340342435,0.252392212388));
#10135 = CARTESIAN_POINT('',(0.292340342435,0.338994752767));
#10136 = CARTESIAN_POINT('',(0.292340342435,0.16578967201));
#10137 = ( GEOMETRIC_REPRESENTATION_CONTEXT(2) 
PARAMETRIC_REPRESENTATION_CONTEXT() REPRESENTATION_CONTEXT('2D SPACE',''
  ) );
#10138 = ORIENTED_EDGE('',*,*,#10139,.F.);
#10139 = EDGE_CURVE('',#9475,#10112,#10140,.T.);
#10140 = SURFACE_CURVE('',#10141,(#10145,#10152),.PCURVE_S1.);
#10141 = LINE('',#10142,#10143);
#10142 = CARTESIAN_POINT('',(-2.35,-2.11,0.725));
#10143 = VECTOR('',#10144,1.);
#10144 = DIRECTION('',(-9.95799250103E-17,1.,0.));
#10145 = PCURVE('',#7930,#10146);
#10146 = DEFINITIONAL_REPRESENTATION('',(#10147),#10151);
#10147 = LINE('',#10148,#10149);
#10148 = CARTESIAN_POINT('',(1.570796326795,0.));
#10149 = VECTOR('',#10150,1.);
#10150 = DIRECTION('',(0.,-1.));
#10151 = ( GEOMETRIC_REPRESENTATION_CONTEXT(2) 
PARAMETRIC_REPRESENTATION_CONTEXT() REPRESENTATION_CONTEXT('2D SPACE',''
  ) );
#10152 = PCURVE('',#9518,#10153);
#10153 = DEFINITIONAL_REPRESENTATION('',(#10154),#10158);
#10154 = LINE('',#10155,#10156);
#10155 = CARTESIAN_POINT('',(-0.,0.));
#10156 = VECTOR('',#10157,1.);
#10157 = DIRECTION('',(6.767833676919E-44,-1.));
#10158 = ( GEOMETRIC_REPRESENTATION_CONTEXT(2) 
PARAMETRIC_REPRESENTATION_CONTEXT() REPRESENTATION_CONTEXT('2D SPACE',''
  ) );
#10159 = ORIENTED_EDGE('',*,*,#9474,.F.);
#10160 = ADVANCED_FACE('',(#10161),#7904,.T.);
#10161 = FACE_BOUND('',#10162,.T.);
#10162 = EDGE_LOOP('',(#10163,#10164,#10165,#10166,#10189,#10213,#10236,
    #10259,#10282,#10310,#10333,#10357));
#10163 = ORIENTED_EDGE('',*,*,#8026,.F.);
#10164 = ORIENTED_EDGE('',*,*,#7888,.T.);
#10165 = ORIENTED_EDGE('',*,*,#10111,.T.);
#10166 = ORIENTED_EDGE('',*,*,#10167,.T.);
#10167 = EDGE_CURVE('',#10112,#10168,#10170,.T.);
#10168 = VERTEX_POINT('',#10169);
#10169 = CARTESIAN_POINT('',(-2.35,-1.7,0.3));
#10170 = SURFACE_CURVE('',#10171,(#10175,#10182),.PCURVE_S1.);
#10171 = LINE('',#10172,#10173);
#10172 = CARTESIAN_POINT('',(-2.35,-1.7,0.725));
#10173 = VECTOR('',#10174,1.);
#10174 = DIRECTION('',(-1.044915787883E-15,-1.040526357994E-31,-1.));
#10175 = PCURVE('',#7904,#10176);
#10176 = DEFINITIONAL_REPRESENTATION('',(#10177),#10181);
#10177 = LINE('',#10178,#10179);
#10178 = CARTESIAN_POINT('',(0.192340342435,6.578967201E-02));
#10179 = VECTOR('',#10180,1.);
#10180 = DIRECTION('',(-1.,-1.044915787883E-15));
#10181 = ( GEOMETRIC_REPRESENTATION_CONTEXT(2) 
PARAMETRIC_REPRESENTATION_CONTEXT() REPRESENTATION_CONTEXT('2D SPACE',''
  ) );
#10182 = PCURVE('',#9518,#10183);
#10183 = DEFINITIONAL_REPRESENTATION('',(#10184),#10188);
#10184 = LINE('',#10185,#10186);
#10185 = CARTESIAN_POINT('',(-4.266158067775E-32,-0.41));
#10186 = VECTOR('',#10187,1.);
#10187 = DIRECTION('',(1.,0.));
#10188 = ( GEOMETRIC_REPRESENTATION_CONTEXT(2) 
PARAMETRIC_REPRESENTATION_CONTEXT() REPRESENTATION_CONTEXT('2D SPACE',''
  ) );
#10189 = ORIENTED_EDGE('',*,*,#10190,.T.);
#10190 = EDGE_CURVE('',#10168,#10191,#10193,.T.);
#10191 = VERTEX_POINT('',#10192);
#10192 = CARTESIAN_POINT('',(-2.65,-1.7,5.551115123126E-17));
#10193 = SURFACE_CURVE('',#10194,(#10199,#10206),.PCURVE_S1.);
#10194 = CIRCLE('',#10195,0.3);
#10195 = AXIS2_PLACEMENT_3D('',#10196,#10197,#10198);
#10196 = CARTESIAN_POINT('',(-2.65,-1.7,0.3));
#10197 = DIRECTION('',(-9.95799250103E-17,1.,0.));
#10198 = DIRECTION('',(1.,9.95799250103E-17,3.515706244646E-15));
#10199 = PCURVE('',#7904,#10200);
#10200 = DEFINITIONAL_REPRESENTATION('',(#10201),#10205);
#10201 = CIRCLE('',#10202,0.3);
#10202 = AXIS2_PLACEMENT_2D('',#10203,#10204);
#10203 = CARTESIAN_POINT('',(-0.232659657565,-0.23421032799));
#10204 = DIRECTION('',(3.515706244646E-15,1.));
#10205 = ( GEOMETRIC_REPRESENTATION_CONTEXT(2) 
PARAMETRIC_REPRESENTATION_CONTEXT() REPRESENTATION_CONTEXT('2D SPACE',''
  ) );
#10206 = PCURVE('',#9547,#10207);
#10207 = DEFINITIONAL_REPRESENTATION('',(#10208),#10212);
#10208 = LINE('',#10209,#10210);
#10209 = CARTESIAN_POINT('',(6.28318530718,-0.41));
#10210 = VECTOR('',#10211,1.);
#10211 = DIRECTION('',(-1.,0.));
#10212 = ( GEOMETRIC_REPRESENTATION_CONTEXT(2) 
PARAMETRIC_REPRESENTATION_CONTEXT() REPRESENTATION_CONTEXT('2D SPACE',''
  ) );
#10213 = ORIENTED_EDGE('',*,*,#10214,.T.);
#10214 = EDGE_CURVE('',#10191,#10215,#10217,.T.);
#10215 = VERTEX_POINT('',#10216);
#10216 = CARTESIAN_POINT('',(-3.,-1.7,5.551115123126E-17));
#10217 = SURFACE_CURVE('',#10218,(#10222,#10229),.PCURVE_S1.);
#10218 = LINE('',#10219,#10220);
#10219 = CARTESIAN_POINT('',(-2.65,-1.7,5.551115123126E-17));
#10220 = VECTOR('',#10221,1.);
#10221 = DIRECTION('',(-1.,-9.95799250103E-17,0.));
#10222 = PCURVE('',#7904,#10223);
#10223 = DEFINITIONAL_REPRESENTATION('',(#10224),#10228);
#10224 = LINE('',#10225,#10226);
#10225 = CARTESIAN_POINT('',(-0.532659657565,-0.23421032799));
#10226 = VECTOR('',#10227,1.);
#10227 = DIRECTION('',(0.,-1.));
#10228 = ( GEOMETRIC_REPRESENTATION_CONTEXT(2) 
PARAMETRIC_REPRESENTATION_CONTEXT() REPRESENTATION_CONTEXT('2D SPACE',''
  ) );
#10229 = PCURVE('',#9575,#10230);
#10230 = DEFINITIONAL_REPRESENTATION('',(#10231),#10235);
#10231 = LINE('',#10232,#10233);
#10232 = CARTESIAN_POINT('',(-4.082776925422E-17,-0.41));
#10233 = VECTOR('',#10234,1.);
#10234 = DIRECTION('',(1.,0.));
#10235 = ( GEOMETRIC_REPRESENTATION_CONTEXT(2) 
PARAMETRIC_REPRESENTATION_CONTEXT() REPRESENTATION_CONTEXT('2D SPACE',''
  ) );
#10236 = ORIENTED_EDGE('',*,*,#10237,.T.);
#10237 = EDGE_CURVE('',#10215,#10238,#10240,.T.);
#10238 = VERTEX_POINT('',#10239);
#10239 = CARTESIAN_POINT('',(-3.,-1.7,0.2));
#10240 = SURFACE_CURVE('',#10241,(#10245,#10252),.PCURVE_S1.);
#10241 = LINE('',#10242,#10243);
#10242 = CARTESIAN_POINT('',(-3.,-1.7,5.551115123126E-17));
#10243 = VECTOR('',#10244,1.);
#10244 = DIRECTION('',(0.,0.,1.));
#10245 = PCURVE('',#7904,#10246);
#10246 = DEFINITIONAL_REPRESENTATION('',(#10247),#10251);
#10247 = LINE('',#10248,#10249);
#10248 = CARTESIAN_POINT('',(-0.532659657565,-0.58421032799));
#10249 = VECTOR('',#10250,1.);
#10250 = DIRECTION('',(1.,0.));
#10251 = ( GEOMETRIC_REPRESENTATION_CONTEXT(2) 
PARAMETRIC_REPRESENTATION_CONTEXT() REPRESENTATION_CONTEXT('2D SPACE',''
  ) );
#10252 = PCURVE('',#9603,#10253);
#10253 = DEFINITIONAL_REPRESENTATION('',(#10254),#10258);
#10254 = LINE('',#10255,#10256);
#10255 = CARTESIAN_POINT('',(0.,-0.41));
#10256 = VECTOR('',#10257,1.);
#10257 = DIRECTION('',(1.,0.));
#10258 = ( GEOMETRIC_REPRESENTATION_CONTEXT(2) 
PARAMETRIC_REPRESENTATION_CONTEXT() REPRESENTATION_CONTEXT('2D SPACE',''
  ) );
#10259 = ORIENTED_EDGE('',*,*,#10260,.T.);
#10260 = EDGE_CURVE('',#10238,#10261,#10263,.T.);
#10261 = VERTEX_POINT('',#10262);
#10262 = CARTESIAN_POINT('',(-2.65,-1.7,0.2));
#10263 = SURFACE_CURVE('',#10264,(#10268,#10275),.PCURVE_S1.);
#10264 = LINE('',#10265,#10266);
#10265 = CARTESIAN_POINT('',(-3.,-1.7,0.2));
#10266 = VECTOR('',#10267,1.);
#10267 = DIRECTION('',(1.,9.95799250103E-17,0.));
#10268 = PCURVE('',#7904,#10269);
#10269 = DEFINITIONAL_REPRESENTATION('',(#10270),#10274);
#10270 = LINE('',#10271,#10272);
#10271 = CARTESIAN_POINT('',(-0.332659657565,-0.58421032799));
#10272 = VECTOR('',#10273,1.);
#10273 = DIRECTION('',(0.,1.));
#10274 = ( GEOMETRIC_REPRESENTATION_CONTEXT(2) 
PARAMETRIC_REPRESENTATION_CONTEXT() REPRESENTATION_CONTEXT('2D SPACE',''
  ) );
#10275 = PCURVE('',#9631,#10276);
#10276 = DEFINITIONAL_REPRESENTATION('',(#10277),#10281);
#10277 = LINE('',#10278,#10279);
#10278 = CARTESIAN_POINT('',(4.082776925422E-17,-0.41));
#10279 = VECTOR('',#10280,1.);
#10280 = DIRECTION('',(1.,0.));
#10281 = ( GEOMETRIC_REPRESENTATION_CONTEXT(2) 
PARAMETRIC_REPRESENTATION_CONTEXT() REPRESENTATION_CONTEXT('2D SPACE',''
  ) );
#10282 = ORIENTED_EDGE('',*,*,#10283,.T.);
#10283 = EDGE_CURVE('',#10261,#10284,#10286,.T.);
#10284 = VERTEX_POINT('',#10285);
#10285 = CARTESIAN_POINT('',(-2.55,-1.7,0.3));
#10286 = SURFACE_CURVE('',#10287,(#10292,#10303),.PCURVE_S1.);
#10287 = CIRCLE('',#10288,0.1);
#10288 = AXIS2_PLACEMENT_3D('',#10289,#10290,#10291);
#10289 = CARTESIAN_POINT('',(-2.65,-1.7,0.3));
#10290 = DIRECTION('',(9.95799250103E-17,-1.,-0.));
#10291 = DIRECTION('',(-0.,0.,-1.));
#10292 = PCURVE('',#7904,#10293);
#10293 = DEFINITIONAL_REPRESENTATION('',(#10294),#10302);
#10294 = ( BOUNDED_CURVE() B_SPLINE_CURVE(2,(#10295,#10296,#10297,#10298
    ,#10299,#10300,#10301),.UNSPECIFIED.,.T.,.F.) 
B_SPLINE_CURVE_WITH_KNOTS((1,2,2,2,2,1),(-2.094395102393,0.,
    2.094395102393,4.188790204786,6.28318530718,8.377580409573),
.UNSPECIFIED.) CURVE() GEOMETRIC_REPRESENTATION_ITEM() 
RATIONAL_B_SPLINE_CURVE((1.,0.5,1.,0.5,1.,0.5,1.)) REPRESENTATION_ITEM(
  '') );
#10295 = CARTESIAN_POINT('',(-0.332659657565,-0.23421032799));
#10296 = CARTESIAN_POINT('',(-0.332659657565,-6.100524723311E-02));
#10297 = CARTESIAN_POINT('',(-0.182659657565,-0.147607787612));
#10298 = CARTESIAN_POINT('',(-3.2659657565E-02,-0.23421032799));
#10299 = CARTESIAN_POINT('',(-0.182659657565,-0.320812868368));
#10300 = CARTESIAN_POINT('',(-0.332659657565,-0.407415408747));
#10301 = CARTESIAN_POINT('',(-0.332659657565,-0.23421032799));
#10302 = ( GEOMETRIC_REPRESENTATION_CONTEXT(2) 
PARAMETRIC_REPRESENTATION_CONTEXT() REPRESENTATION_CONTEXT('2D SPACE',''
  ) );
#10303 = PCURVE('',#9664,#10304);
#10304 = DEFINITIONAL_REPRESENTATION('',(#10305),#10309);
#10305 = LINE('',#10306,#10307);
#10306 = CARTESIAN_POINT('',(0.,-0.41));
#10307 = VECTOR('',#10308,1.);
#10308 = DIRECTION('',(1.,0.));
#10309 = ( GEOMETRIC_REPRESENTATION_CONTEXT(2) 
PARAMETRIC_REPRESENTATION_CONTEXT() REPRESENTATION_CONTEXT('2D SPACE',''
  ) );
#10310 = ORIENTED_EDGE('',*,*,#10311,.T.);
#10311 = EDGE_CURVE('',#10284,#10312,#10314,.T.);
#10312 = VERTEX_POINT('',#10313);
#10313 = CARTESIAN_POINT('',(-2.55,-1.7,0.725));
#10314 = SURFACE_CURVE('',#10315,(#10319,#10326),.PCURVE_S1.);
#10315 = LINE('',#10316,#10317);
#10316 = CARTESIAN_POINT('',(-2.55,-1.7,0.3));
#10317 = VECTOR('',#10318,1.);
#10318 = DIRECTION('',(0.,0.,1.));
#10319 = PCURVE('',#7904,#10320);
#10320 = DEFINITIONAL_REPRESENTATION('',(#10321),#10325);
#10321 = LINE('',#10322,#10323);
#10322 = CARTESIAN_POINT('',(-0.232659657565,-0.13421032799));
#10323 = VECTOR('',#10324,1.);
#10324 = DIRECTION('',(1.,0.));
#10325 = ( GEOMETRIC_REPRESENTATION_CONTEXT(2) 
PARAMETRIC_REPRESENTATION_CONTEXT() REPRESENTATION_CONTEXT('2D SPACE',''
  ) );
#10326 = PCURVE('',#9692,#10327);
#10327 = DEFINITIONAL_REPRESENTATION('',(#10328),#10332);
#10328 = LINE('',#10329,#10330);
#10329 = CARTESIAN_POINT('',(0.,-0.41));
#10330 = VECTOR('',#10331,1.);
#10331 = DIRECTION('',(1.,0.));
#10332 = ( GEOMETRIC_REPRESENTATION_CONTEXT(2) 
PARAMETRIC_REPRESENTATION_CONTEXT() REPRESENTATION_CONTEXT('2D SPACE',''
  ) );
#10333 = ORIENTED_EDGE('',*,*,#10334,.T.);
#10334 = EDGE_CURVE('',#10312,#10335,#10337,.T.);
#10335 = VERTEX_POINT('',#10336);
#10336 = CARTESIAN_POINT('',(-2.25,-1.7,1.025));
#10337 = SURFACE_CURVE('',#10338,(#10343,#10350),.PCURVE_S1.);
#10338 = CIRCLE('',#10339,0.3);
#10339 = AXIS2_PLACEMENT_3D('',#10340,#10341,#10342);
#10340 = CARTESIAN_POINT('',(-2.25,-1.7,0.725));
#10341 = DIRECTION('',(-9.95799250103E-17,1.,0.));
#10342 = DIRECTION('',(-1.,-9.95799250103E-17,3.700743415417E-16));
#10343 = PCURVE('',#7904,#10344);
#10344 = DEFINITIONAL_REPRESENTATION('',(#10345),#10349);
#10345 = CIRCLE('',#10346,0.3);
#10346 = AXIS2_PLACEMENT_2D('',#10347,#10348);
#10347 = CARTESIAN_POINT('',(0.192340342435,0.16578967201));
#10348 = DIRECTION('',(3.700743415417E-16,-1.));
#10349 = ( GEOMETRIC_REPRESENTATION_CONTEXT(2) 
PARAMETRIC_REPRESENTATION_CONTEXT() REPRESENTATION_CONTEXT('2D SPACE',''
  ) );
#10350 = PCURVE('',#9721,#10351);
#10351 = DEFINITIONAL_REPRESENTATION('',(#10352),#10356);
#10352 = LINE('',#10353,#10354);
#10353 = CARTESIAN_POINT('',(6.28318530718,-0.41));
#10354 = VECTOR('',#10355,1.);
#10355 = DIRECTION('',(-1.,0.));
#10356 = ( GEOMETRIC_REPRESENTATION_CONTEXT(2) 
PARAMETRIC_REPRESENTATION_CONTEXT() REPRESENTATION_CONTEXT('2D SPACE',''
  ) );
#10357 = ORIENTED_EDGE('',*,*,#10358,.T.);
#10358 = EDGE_CURVE('',#10335,#8027,#10359,.T.);
#10359 = SURFACE_CURVE('',#10360,(#10364,#10371),.PCURVE_S1.);
#10360 = LINE('',#10361,#10362);
#10361 = CARTESIAN_POINT('',(-2.25,-1.7,1.025));
#10362 = VECTOR('',#10363,1.);
#10363 = DIRECTION('',(1.,9.95799250103E-17,0.));
#10364 = PCURVE('',#7904,#10365);
#10365 = DEFINITIONAL_REPRESENTATION('',(#10366),#10370);
#10366 = LINE('',#10367,#10368);
#10367 = CARTESIAN_POINT('',(0.492340342435,0.16578967201));
#10368 = VECTOR('',#10369,1.);
#10369 = DIRECTION('',(0.,1.));
#10370 = ( GEOMETRIC_REPRESENTATION_CONTEXT(2) 
PARAMETRIC_REPRESENTATION_CONTEXT() REPRESENTATION_CONTEXT('2D SPACE',''
  ) );
#10371 = PCURVE('',#9036,#10372);
#10372 = DEFINITIONAL_REPRESENTATION('',(#10373),#10377);
#10373 = LINE('',#10374,#10375);
#10374 = CARTESIAN_POINT('',(4.082776925422E-17,-0.41));
#10375 = VECTOR('',#10376,1.);
#10376 = DIRECTION('',(1.,0.));
#10377 = ( GEOMETRIC_REPRESENTATION_CONTEXT(2) 
PARAMETRIC_REPRESENTATION_CONTEXT() REPRESENTATION_CONTEXT('2D SPACE',''
  ) );
#10378 = ADVANCED_FACE('',(#10379),#7961,.F.);
#10379 = FACE_BOUND('',#10380,.F.);
#10380 = EDGE_LOOP('',(#10381,#10382,#10383,#10411,#10434,#10458,#10481,
    #10504,#10527,#10555,#10578,#10602));
#10381 = ORIENTED_EDGE('',*,*,#8136,.F.);
#10382 = ORIENTED_EDGE('',*,*,#7945,.T.);
#10383 = ORIENTED_EDGE('',*,*,#10384,.T.);
#10384 = EDGE_CURVE('',#7946,#10385,#10387,.T.);
#10385 = VERTEX_POINT('',#10386);
#10386 = CARTESIAN_POINT('',(-2.35,1.7,0.725));
#10387 = SURFACE_CURVE('',#10388,(#10393,#10404),.PCURVE_S1.);
#10388 = CIRCLE('',#10389,0.1);
#10389 = AXIS2_PLACEMENT_3D('',#10390,#10391,#10392);
#10390 = CARTESIAN_POINT('',(-2.25,1.7,0.725));
#10391 = DIRECTION('',(9.95799250103E-17,-1.,0.));
#10392 = DIRECTION('',(-4.440892098501E-15,-4.422237021476E-31,1.));
#10393 = PCURVE('',#7961,#10394);
#10394 = DEFINITIONAL_REPRESENTATION('',(#10395),#10403);
#10395 = ( BOUNDED_CURVE() B_SPLINE_CURVE(2,(#10396,#10397,#10398,#10399
    ,#10400,#10401,#10402),.UNSPECIFIED.,.T.,.F.) 
B_SPLINE_CURVE_WITH_KNOTS((1,2,2,2,2,1),(-2.094395102393,0.,
    2.094395102393,4.188790204786,6.28318530718,8.377580409573),
.UNSPECIFIED.) CURVE() GEOMETRIC_REPRESENTATION_ITEM() 
RATIONAL_B_SPLINE_CURVE((1.,0.5,1.,0.5,1.,0.5,1.)) REPRESENTATION_ITEM(
  '') );
#10396 = CARTESIAN_POINT('',(0.292340342435,0.16578967201));
#10397 = CARTESIAN_POINT('',(0.292340342435,-7.415408746888E-03));
#10398 = CARTESIAN_POINT('',(0.142340342435,7.918713163156E-02));
#10399 = CARTESIAN_POINT('',(-7.659657565E-03,0.16578967201));
#10400 = CARTESIAN_POINT('',(0.142340342435,0.252392212388));
#10401 = CARTESIAN_POINT('',(0.292340342435,0.338994752767));
#10402 = CARTESIAN_POINT('',(0.292340342435,0.16578967201));
#10403 = ( GEOMETRIC_REPRESENTATION_CONTEXT(2) 
PARAMETRIC_REPRESENTATION_CONTEXT() REPRESENTATION_CONTEXT('2D SPACE',''
  ) );
#10404 = PCURVE('',#8011,#10405);
#10405 = DEFINITIONAL_REPRESENTATION('',(#10406),#10410);
#10406 = LINE('',#10407,#10408);
#10407 = CARTESIAN_POINT('',(0.,0.));
#10408 = VECTOR('',#10409,1.);
#10409 = DIRECTION('',(1.,0.));
#10410 = ( GEOMETRIC_REPRESENTATION_CONTEXT(2) 
PARAMETRIC_REPRESENTATION_CONTEXT() REPRESENTATION_CONTEXT('2D SPACE',''
  ) );
#10411 = ORIENTED_EDGE('',*,*,#10412,.T.);
#10412 = EDGE_CURVE('',#10385,#10413,#10415,.T.);
#10413 = VERTEX_POINT('',#10414);
#10414 = CARTESIAN_POINT('',(-2.35,1.7,0.3));
#10415 = SURFACE_CURVE('',#10416,(#10420,#10427),.PCURVE_S1.);
#10416 = LINE('',#10417,#10418);
#10417 = CARTESIAN_POINT('',(-2.35,1.7,0.725));
#10418 = VECTOR('',#10419,1.);
#10419 = DIRECTION('',(-1.044915787883E-15,-1.040526357994E-31,-1.));
#10420 = PCURVE('',#7961,#10421);
#10421 = DEFINITIONAL_REPRESENTATION('',(#10422),#10426);
#10422 = LINE('',#10423,#10424);
#10423 = CARTESIAN_POINT('',(0.192340342435,6.578967201E-02));
#10424 = VECTOR('',#10425,1.);
#10425 = DIRECTION('',(-1.,-1.044915787883E-15));
#10426 = ( GEOMETRIC_REPRESENTATION_CONTEXT(2) 
PARAMETRIC_REPRESENTATION_CONTEXT() REPRESENTATION_CONTEXT('2D SPACE',''
  ) );
#10427 = PCURVE('',#9803,#10428);
#10428 = DEFINITIONAL_REPRESENTATION('',(#10429),#10433);
#10429 = LINE('',#10430,#10431);
#10430 = CARTESIAN_POINT('',(-0.,0.));
#10431 = VECTOR('',#10432,1.);
#10432 = DIRECTION('',(1.,0.));
#10433 = ( GEOMETRIC_REPRESENTATION_CONTEXT(2) 
PARAMETRIC_REPRESENTATION_CONTEXT() REPRESENTATION_CONTEXT('2D SPACE',''
  ) );
#10434 = ORIENTED_EDGE('',*,*,#10435,.T.);
#10435 = EDGE_CURVE('',#10413,#10436,#10438,.T.);
#10436 = VERTEX_POINT('',#10437);
#10437 = CARTESIAN_POINT('',(-2.65,1.7,5.551115123126E-17));
#10438 = SURFACE_CURVE('',#10439,(#10444,#10451),.PCURVE_S1.);
#10439 = CIRCLE('',#10440,0.3);
#10440 = AXIS2_PLACEMENT_3D('',#10441,#10442,#10443);
#10441 = CARTESIAN_POINT('',(-2.65,1.7,0.3));
#10442 = DIRECTION('',(-9.95799250103E-17,1.,0.));
#10443 = DIRECTION('',(1.,9.95799250103E-17,3.515706244646E-15));
#10444 = PCURVE('',#7961,#10445);
#10445 = DEFINITIONAL_REPRESENTATION('',(#10446),#10450);
#10446 = CIRCLE('',#10447,0.3);
#10447 = AXIS2_PLACEMENT_2D('',#10448,#10449);
#10448 = CARTESIAN_POINT('',(-0.232659657565,-0.23421032799));
#10449 = DIRECTION('',(3.515706244646E-15,1.));
#10450 = ( GEOMETRIC_REPRESENTATION_CONTEXT(2) 
PARAMETRIC_REPRESENTATION_CONTEXT() REPRESENTATION_CONTEXT('2D SPACE',''
  ) );
#10451 = PCURVE('',#9832,#10452);
#10452 = DEFINITIONAL_REPRESENTATION('',(#10453),#10457);
#10453 = LINE('',#10454,#10455);
#10454 = CARTESIAN_POINT('',(6.28318530718,0.));
#10455 = VECTOR('',#10456,1.);
#10456 = DIRECTION('',(-1.,0.));
#10457 = ( GEOMETRIC_REPRESENTATION_CONTEXT(2) 
PARAMETRIC_REPRESENTATION_CONTEXT() REPRESENTATION_CONTEXT('2D SPACE',''
  ) );
#10458 = ORIENTED_EDGE('',*,*,#10459,.T.);
#10459 = EDGE_CURVE('',#10436,#10460,#10462,.T.);
#10460 = VERTEX_POINT('',#10461);
#10461 = CARTESIAN_POINT('',(-3.,1.7,5.551115123126E-17));
#10462 = SURFACE_CURVE('',#10463,(#10467,#10474),.PCURVE_S1.);
#10463 = LINE('',#10464,#10465);
#10464 = CARTESIAN_POINT('',(-2.65,1.7,5.551115123126E-17));
#10465 = VECTOR('',#10466,1.);
#10466 = DIRECTION('',(-1.,-9.95799250103E-17,0.));
#10467 = PCURVE('',#7961,#10468);
#10468 = DEFINITIONAL_REPRESENTATION('',(#10469),#10473);
#10469 = LINE('',#10470,#10471);
#10470 = CARTESIAN_POINT('',(-0.532659657565,-0.23421032799));
#10471 = VECTOR('',#10472,1.);
#10472 = DIRECTION('',(0.,-1.));
#10473 = ( GEOMETRIC_REPRESENTATION_CONTEXT(2) 
PARAMETRIC_REPRESENTATION_CONTEXT() REPRESENTATION_CONTEXT('2D SPACE',''
  ) );
#10474 = PCURVE('',#9860,#10475);
#10475 = DEFINITIONAL_REPRESENTATION('',(#10476),#10480);
#10476 = LINE('',#10477,#10478);
#10477 = CARTESIAN_POINT('',(0.,0.));
#10478 = VECTOR('',#10479,1.);
#10479 = DIRECTION('',(1.,0.));
#10480 = ( GEOMETRIC_REPRESENTATION_CONTEXT(2) 
PARAMETRIC_REPRESENTATION_CONTEXT() REPRESENTATION_CONTEXT('2D SPACE',''
  ) );
#10481 = ORIENTED_EDGE('',*,*,#10482,.T.);
#10482 = EDGE_CURVE('',#10460,#10483,#10485,.T.);
#10483 = VERTEX_POINT('',#10484);
#10484 = CARTESIAN_POINT('',(-3.,1.7,0.2));
#10485 = SURFACE_CURVE('',#10486,(#10490,#10497),.PCURVE_S1.);
#10486 = LINE('',#10487,#10488);
#10487 = CARTESIAN_POINT('',(-3.,1.7,5.551115123126E-17));
#10488 = VECTOR('',#10489,1.);
#10489 = DIRECTION('',(0.,0.,1.));
#10490 = PCURVE('',#7961,#10491);
#10491 = DEFINITIONAL_REPRESENTATION('',(#10492),#10496);
#10492 = LINE('',#10493,#10494);
#10493 = CARTESIAN_POINT('',(-0.532659657565,-0.58421032799));
#10494 = VECTOR('',#10495,1.);
#10495 = DIRECTION('',(1.,0.));
#10496 = ( GEOMETRIC_REPRESENTATION_CONTEXT(2) 
PARAMETRIC_REPRESENTATION_CONTEXT() REPRESENTATION_CONTEXT('2D SPACE',''
  ) );
#10497 = PCURVE('',#9888,#10498);
#10498 = DEFINITIONAL_REPRESENTATION('',(#10499),#10503);
#10499 = LINE('',#10500,#10501);
#10500 = CARTESIAN_POINT('',(0.,0.));
#10501 = VECTOR('',#10502,1.);
#10502 = DIRECTION('',(1.,0.));
#10503 = ( GEOMETRIC_REPRESENTATION_CONTEXT(2) 
PARAMETRIC_REPRESENTATION_CONTEXT() REPRESENTATION_CONTEXT('2D SPACE',''
  ) );
#10504 = ORIENTED_EDGE('',*,*,#10505,.T.);
#10505 = EDGE_CURVE('',#10483,#10506,#10508,.T.);
#10506 = VERTEX_POINT('',#10507);
#10507 = CARTESIAN_POINT('',(-2.65,1.7,0.2));
#10508 = SURFACE_CURVE('',#10509,(#10513,#10520),.PCURVE_S1.);
#10509 = LINE('',#10510,#10511);
#10510 = CARTESIAN_POINT('',(-3.,1.7,0.2));
#10511 = VECTOR('',#10512,1.);
#10512 = DIRECTION('',(1.,9.95799250103E-17,0.));
#10513 = PCURVE('',#7961,#10514);
#10514 = DEFINITIONAL_REPRESENTATION('',(#10515),#10519);
#10515 = LINE('',#10516,#10517);
#10516 = CARTESIAN_POINT('',(-0.332659657565,-0.58421032799));
#10517 = VECTOR('',#10518,1.);
#10518 = DIRECTION('',(0.,1.));
#10519 = ( GEOMETRIC_REPRESENTATION_CONTEXT(2) 
PARAMETRIC_REPRESENTATION_CONTEXT() REPRESENTATION_CONTEXT('2D SPACE',''
  ) );
#10520 = PCURVE('',#9916,#10521);
#10521 = DEFINITIONAL_REPRESENTATION('',(#10522),#10526);
#10522 = LINE('',#10523,#10524);
#10523 = CARTESIAN_POINT('',(0.,0.));
#10524 = VECTOR('',#10525,1.);
#10525 = DIRECTION('',(1.,0.));
#10526 = ( GEOMETRIC_REPRESENTATION_CONTEXT(2) 
PARAMETRIC_REPRESENTATION_CONTEXT() REPRESENTATION_CONTEXT('2D SPACE',''
  ) );
#10527 = ORIENTED_EDGE('',*,*,#10528,.T.);
#10528 = EDGE_CURVE('',#10506,#10529,#10531,.T.);
#10529 = VERTEX_POINT('',#10530);
#10530 = CARTESIAN_POINT('',(-2.55,1.7,0.3));
#10531 = SURFACE_CURVE('',#10532,(#10537,#10548),.PCURVE_S1.);
#10532 = CIRCLE('',#10533,0.1);
#10533 = AXIS2_PLACEMENT_3D('',#10534,#10535,#10536);
#10534 = CARTESIAN_POINT('',(-2.65,1.7,0.3));
#10535 = DIRECTION('',(9.95799250103E-17,-1.,-0.));
#10536 = DIRECTION('',(-0.,0.,-1.));
#10537 = PCURVE('',#7961,#10538);
#10538 = DEFINITIONAL_REPRESENTATION('',(#10539),#10547);
#10539 = ( BOUNDED_CURVE() B_SPLINE_CURVE(2,(#10540,#10541,#10542,#10543
    ,#10544,#10545,#10546),.UNSPECIFIED.,.T.,.F.) 
B_SPLINE_CURVE_WITH_KNOTS((1,2,2,2,2,1),(-2.094395102393,0.,
    2.094395102393,4.188790204786,6.28318530718,8.377580409573),
.UNSPECIFIED.) CURVE() GEOMETRIC_REPRESENTATION_ITEM() 
RATIONAL_B_SPLINE_CURVE((1.,0.5,1.,0.5,1.,0.5,1.)) REPRESENTATION_ITEM(
  '') );
#10540 = CARTESIAN_POINT('',(-0.332659657565,-0.23421032799));
#10541 = CARTESIAN_POINT('',(-0.332659657565,-6.100524723311E-02));
#10542 = CARTESIAN_POINT('',(-0.182659657565,-0.147607787612));
#10543 = CARTESIAN_POINT('',(-3.2659657565E-02,-0.23421032799));
#10544 = CARTESIAN_POINT('',(-0.182659657565,-0.320812868368));
#10545 = CARTESIAN_POINT('',(-0.332659657565,-0.407415408747));
#10546 = CARTESIAN_POINT('',(-0.332659657565,-0.23421032799));
#10547 = ( GEOMETRIC_REPRESENTATION_CONTEXT(2) 
PARAMETRIC_REPRESENTATION_CONTEXT() REPRESENTATION_CONTEXT('2D SPACE',''
  ) );
#10548 = PCURVE('',#9949,#10549);
#10549 = DEFINITIONAL_REPRESENTATION('',(#10550),#10554);
#10550 = LINE('',#10551,#10552);
#10551 = CARTESIAN_POINT('',(0.,0.));
#10552 = VECTOR('',#10553,1.);
#10553 = DIRECTION('',(1.,0.));
#10554 = ( GEOMETRIC_REPRESENTATION_CONTEXT(2) 
PARAMETRIC_REPRESENTATION_CONTEXT() REPRESENTATION_CONTEXT('2D SPACE',''
  ) );
#10555 = ORIENTED_EDGE('',*,*,#10556,.T.);
#10556 = EDGE_CURVE('',#10529,#10557,#10559,.T.);
#10557 = VERTEX_POINT('',#10558);
#10558 = CARTESIAN_POINT('',(-2.55,1.7,0.725));
#10559 = SURFACE_CURVE('',#10560,(#10564,#10571),.PCURVE_S1.);
#10560 = LINE('',#10561,#10562);
#10561 = CARTESIAN_POINT('',(-2.55,1.7,0.3));
#10562 = VECTOR('',#10563,1.);
#10563 = DIRECTION('',(0.,0.,1.));
#10564 = PCURVE('',#7961,#10565);
#10565 = DEFINITIONAL_REPRESENTATION('',(#10566),#10570);
#10566 = LINE('',#10567,#10568);
#10567 = CARTESIAN_POINT('',(-0.232659657565,-0.13421032799));
#10568 = VECTOR('',#10569,1.);
#10569 = DIRECTION('',(1.,0.));
#10570 = ( GEOMETRIC_REPRESENTATION_CONTEXT(2) 
PARAMETRIC_REPRESENTATION_CONTEXT() REPRESENTATION_CONTEXT('2D SPACE',''
  ) );
#10571 = PCURVE('',#9977,#10572);
#10572 = DEFINITIONAL_REPRESENTATION('',(#10573),#10577);
#10573 = LINE('',#10574,#10575);
#10574 = CARTESIAN_POINT('',(0.,0.));
#10575 = VECTOR('',#10576,1.);
#10576 = DIRECTION('',(1.,0.));
#10577 = ( GEOMETRIC_REPRESENTATION_CONTEXT(2) 
PARAMETRIC_REPRESENTATION_CONTEXT() REPRESENTATION_CONTEXT('2D SPACE',''
  ) );
#10578 = ORIENTED_EDGE('',*,*,#10579,.T.);
#10579 = EDGE_CURVE('',#10557,#10580,#10582,.T.);
#10580 = VERTEX_POINT('',#10581);
#10581 = CARTESIAN_POINT('',(-2.25,1.7,1.025));
#10582 = SURFACE_CURVE('',#10583,(#10588,#10595),.PCURVE_S1.);
#10583 = CIRCLE('',#10584,0.3);
#10584 = AXIS2_PLACEMENT_3D('',#10585,#10586,#10587);
#10585 = CARTESIAN_POINT('',(-2.25,1.7,0.725));
#10586 = DIRECTION('',(-9.95799250103E-17,1.,0.));
#10587 = DIRECTION('',(-1.,-9.95799250103E-17,3.700743415417E-16));
#10588 = PCURVE('',#7961,#10589);
#10589 = DEFINITIONAL_REPRESENTATION('',(#10590),#10594);
#10590 = CIRCLE('',#10591,0.3);
#10591 = AXIS2_PLACEMENT_2D('',#10592,#10593);
#10592 = CARTESIAN_POINT('',(0.192340342435,0.16578967201));
#10593 = DIRECTION('',(3.700743415417E-16,-1.));
#10594 = ( GEOMETRIC_REPRESENTATION_CONTEXT(2) 
PARAMETRIC_REPRESENTATION_CONTEXT() REPRESENTATION_CONTEXT('2D SPACE',''
  ) );
#10595 = PCURVE('',#10006,#10596);
#10596 = DEFINITIONAL_REPRESENTATION('',(#10597),#10601);
#10597 = LINE('',#10598,#10599);
#10598 = CARTESIAN_POINT('',(6.28318530718,0.));
#10599 = VECTOR('',#10600,1.);
#10600 = DIRECTION('',(-1.,0.));
#10601 = ( GEOMETRIC_REPRESENTATION_CONTEXT(2) 
PARAMETRIC_REPRESENTATION_CONTEXT() REPRESENTATION_CONTEXT('2D SPACE',''
  ) );
#10602 = ORIENTED_EDGE('',*,*,#10603,.T.);
#10603 = EDGE_CURVE('',#10580,#8137,#10604,.T.);
#10604 = SURFACE_CURVE('',#10605,(#10609,#10616),.PCURVE_S1.);
#10605 = LINE('',#10606,#10607);
#10606 = CARTESIAN_POINT('',(-2.25,1.7,1.025));
#10607 = VECTOR('',#10608,1.);
#10608 = DIRECTION('',(1.,9.95799250103E-17,0.));
#10609 = PCURVE('',#7961,#10610);
#10610 = DEFINITIONAL_REPRESENTATION('',(#10611),#10615);
#10611 = LINE('',#10612,#10613);
#10612 = CARTESIAN_POINT('',(0.492340342435,0.16578967201));
#10613 = VECTOR('',#10614,1.);
#10614 = DIRECTION('',(0.,1.));
#10615 = ( GEOMETRIC_REPRESENTATION_CONTEXT(2) 
PARAMETRIC_REPRESENTATION_CONTEXT() REPRESENTATION_CONTEXT('2D SPACE',''
  ) );
#10616 = PCURVE('',#9186,#10617);
#10617 = DEFINITIONAL_REPRESENTATION('',(#10618),#10622);
#10618 = LINE('',#10619,#10620);
#10619 = CARTESIAN_POINT('',(0.,0.));
#10620 = VECTOR('',#10621,1.);
#10621 = DIRECTION('',(1.,0.));
#10622 = ( GEOMETRIC_REPRESENTATION_CONTEXT(2) 
PARAMETRIC_REPRESENTATION_CONTEXT() REPRESENTATION_CONTEXT('2D SPACE',''
  ) );
#10623 = ADVANCED_FACE('',(#10624),#8011,.F.);
#10624 = FACE_BOUND('',#10625,.F.);
#10625 = EDGE_LOOP('',(#10626,#10627,#10628,#10649));
#10626 = ORIENTED_EDGE('',*,*,#7997,.T.);
#10627 = ORIENTED_EDGE('',*,*,#9759,.T.);
#10628 = ORIENTED_EDGE('',*,*,#10629,.F.);
#10629 = EDGE_CURVE('',#10385,#9760,#10630,.T.);
#10630 = SURFACE_CURVE('',#10631,(#10635,#10642),.PCURVE_S1.);
#10631 = LINE('',#10632,#10633);
#10632 = CARTESIAN_POINT('',(-2.35,1.7,0.725));
#10633 = VECTOR('',#10634,1.);
#10634 = DIRECTION('',(-9.95799250103E-17,1.,0.));
#10635 = PCURVE('',#8011,#10636);
#10636 = DEFINITIONAL_REPRESENTATION('',(#10637),#10641);
#10637 = LINE('',#10638,#10639);
#10638 = CARTESIAN_POINT('',(1.570796326795,0.));
#10639 = VECTOR('',#10640,1.);
#10640 = DIRECTION('',(0.,-1.));
#10641 = ( GEOMETRIC_REPRESENTATION_CONTEXT(2) 
PARAMETRIC_REPRESENTATION_CONTEXT() REPRESENTATION_CONTEXT('2D SPACE',''
  ) );
#10642 = PCURVE('',#9803,#10643);
#10643 = DEFINITIONAL_REPRESENTATION('',(#10644),#10648);
#10644 = LINE('',#10645,#10646);
#10645 = CARTESIAN_POINT('',(-0.,0.));
#10646 = VECTOR('',#10647,1.);
#10647 = DIRECTION('',(6.767833676919E-44,-1.));
#10648 = ( GEOMETRIC_REPRESENTATION_CONTEXT(2) 
PARAMETRIC_REPRESENTATION_CONTEXT() REPRESENTATION_CONTEXT('2D SPACE',''
  ) );
#10649 = ORIENTED_EDGE('',*,*,#10384,.F.);
#10650 = ADVANCED_FACE('',(#10651),#8092,.F.);
#10651 = FACE_BOUND('',#10652,.F.);
#10652 = EDGE_LOOP('',(#10653,#10696,#10697,#10717));
#10653 = ORIENTED_EDGE('',*,*,#10654,.F.);
#10654 = EDGE_CURVE('',#8027,#9021,#10655,.T.);
#10655 = SURFACE_CURVE('',#10656,(#10660,#10689),.PCURVE_S1.);
#10656 = LINE('',#10657,#10658);
#10657 = CARTESIAN_POINT('',(-2.25,-1.7,1.025));
#10658 = VECTOR('',#10659,1.);
#10659 = DIRECTION('',(1.,9.95799250103E-17,0.));
#10660 = PCURVE('',#8092,#10661);
#10661 = DEFINITIONAL_REPRESENTATION('',(#10662),#10688);
#10662 = B_SPLINE_CURVE_WITH_KNOTS('',3,(#10663,#10664,#10665,#10666,
    #10667,#10668,#10669,#10670,#10671,#10672,#10673,#10674,#10675,
    #10676,#10677,#10678,#10679,#10680,#10681,#10682,#10683,#10684,
    #10685,#10686,#10687),.UNSPECIFIED.,.F.,.F.,(4,1,1,1,1,1,1,1,1,1,1,1
    ,1,1,1,1,1,1,1,1,1,1,4),(0.3,0.303409090909,0.306818181818,
    0.310227272727,0.313636363636,0.317045454545,0.320454545455,
    0.323863636364,0.327272727273,0.330681818182,0.334090909091,0.3375,
    0.340909090909,0.344318181818,0.347727272727,0.351136363636,
    0.354545454545,0.357954545455,0.361363636364,0.364772727273,
    0.368181818182,0.371590909091,0.375),.QUASI_UNIFORM_KNOTS.);
#10663 = CARTESIAN_POINT('',(0.575,0.));
#10664 = CARTESIAN_POINT('',(0.574575424574,1.515151515152E-02));
#10665 = CARTESIAN_POINT('',(0.5737256375,4.545454545455E-02));
#10666 = CARTESIAN_POINT('',(0.57244904391,9.090909090909E-02));
#10667 = CARTESIAN_POINT('',(0.571170533034,0.136363636364));
#10668 = CARTESIAN_POINT('',(0.56989010055,0.181818181818));
#10669 = CARTESIAN_POINT('',(0.568607742122,0.227272727273));
#10670 = CARTESIAN_POINT('',(0.567323453401,0.272727272727));
#10671 = CARTESIAN_POINT('',(0.566037230026,0.318181818182));
#10672 = CARTESIAN_POINT('',(0.564749067621,0.363636363636));
#10673 = CARTESIAN_POINT('',(0.5634589618,0.409090909091));
#10674 = CARTESIAN_POINT('',(0.56216690816,0.454545454545));
#10675 = CARTESIAN_POINT('',(0.560872902287,0.5));
#10676 = CARTESIAN_POINT('',(0.559576939754,0.545454545455));
#10677 = CARTESIAN_POINT('',(0.558279016117,0.590909090909));
#10678 = CARTESIAN_POINT('',(0.556979126924,0.636363636364));
#10679 = CARTESIAN_POINT('',(0.555677267705,0.681818181818));
#10680 = CARTESIAN_POINT('',(0.554373433979,0.727272727273));
#10681 = CARTESIAN_POINT('',(0.553067621251,0.772727272727));
#10682 = CARTESIAN_POINT('',(0.55175982501,0.818181818182));
#10683 = CARTESIAN_POINT('',(0.550450040735,0.863636363636));
#10684 = CARTESIAN_POINT('',(0.549138263888,0.909090909091));
#10685 = CARTESIAN_POINT('',(0.54782448992,0.954545454545));
#10686 = CARTESIAN_POINT('',(0.546947306149,0.984848484848));
#10687 = CARTESIAN_POINT('',(0.546508379888,1.));
#10688 = ( GEOMETRIC_REPRESENTATION_CONTEXT(2) 
PARAMETRIC_REPRESENTATION_CONTEXT() REPRESENTATION_CONTEXT('2D SPACE',''
  ) );
#10689 = PCURVE('',#9036,#10690);
#10690 = DEFINITIONAL_REPRESENTATION('',(#10691),#10695);
#10691 = LINE('',#10692,#10693);
#10692 = CARTESIAN_POINT('',(4.082776925422E-17,-0.41));
#10693 = VECTOR('',#10694,1.);
#10694 = DIRECTION('',(1.,0.));
#10695 = ( GEOMETRIC_REPRESENTATION_CONTEXT(2) 
PARAMETRIC_REPRESENTATION_CONTEXT() REPRESENTATION_CONTEXT('2D SPACE',''
  ) );
#10696 = ORIENTED_EDGE('',*,*,#8078,.T.);
#10697 = ORIENTED_EDGE('',*,*,#10698,.T.);
#10698 = EDGE_CURVE('',#8051,#9049,#10699,.T.);
#10699 = SURFACE_CURVE('',#10700,(#10704,#10710),.PCURVE_S1.);
#10700 = LINE('',#10701,#10702);
#10701 = CARTESIAN_POINT('',(-2.25,-0.84,1.025));
#10702 = VECTOR('',#10703,1.);
#10703 = DIRECTION('',(1.,9.95799250103E-17,0.));
#10704 = PCURVE('',#8092,#10705);
#10705 = DEFINITIONAL_REPRESENTATION('',(#10706),#10709);
#10706 = B_SPLINE_CURVE_WITH_KNOTS('',1,(#10707,#10708),.UNSPECIFIED.,
  .F.,.F.,(2,2),(0.3,0.375),.PIECEWISE_BEZIER_KNOTS.);
#10707 = CARTESIAN_POINT('',(1.435,2.872827200473E-16));
#10708 = CARTESIAN_POINT('',(1.420921787709,1.));
#10709 = ( GEOMETRIC_REPRESENTATION_CONTEXT(2) 
PARAMETRIC_REPRESENTATION_CONTEXT() REPRESENTATION_CONTEXT('2D SPACE',''
  ) );
#10710 = PCURVE('',#9086,#10711);
#10711 = DEFINITIONAL_REPRESENTATION('',(#10712),#10716);
#10712 = LINE('',#10713,#10714);
#10713 = CARTESIAN_POINT('',(0.,0.));
#10714 = VECTOR('',#10715,1.);
#10715 = DIRECTION('',(1.,0.));
#10716 = ( GEOMETRIC_REPRESENTATION_CONTEXT(2) 
PARAMETRIC_REPRESENTATION_CONTEXT() REPRESENTATION_CONTEXT('2D SPACE',''
  ) );
#10717 = ORIENTED_EDGE('',*,*,#9048,.F.);
#10718 = ADVANCED_FACE('',(#10719),#8066,.F.);
#10719 = FACE_BOUND('',#10720,.F.);
#10720 = EDGE_LOOP('',(#10721,#10722,#10723,#10751,#10779,#10808,#10836,
    #10864,#10892,#10925,#10953,#10982));
#10721 = ORIENTED_EDGE('',*,*,#8050,.F.);
#10722 = ORIENTED_EDGE('',*,*,#8188,.T.);
#10723 = ORIENTED_EDGE('',*,*,#10724,.T.);
#10724 = EDGE_CURVE('',#8189,#10725,#10727,.T.);
#10725 = VERTEX_POINT('',#10726);
#10726 = CARTESIAN_POINT('',(-2.35,-0.84,0.725));
#10727 = SURFACE_CURVE('',#10728,(#10733,#10744),.PCURVE_S1.);
#10728 = CIRCLE('',#10729,0.1);
#10729 = AXIS2_PLACEMENT_3D('',#10730,#10731,#10732);
#10730 = CARTESIAN_POINT('',(-2.25,-0.84,0.725));
#10731 = DIRECTION('',(9.95799250103E-17,-1.,0.));
#10732 = DIRECTION('',(-4.440892098501E-15,-4.422237021476E-31,1.));
#10733 = PCURVE('',#8066,#10734);
#10734 = DEFINITIONAL_REPRESENTATION('',(#10735),#10743);
#10735 = ( BOUNDED_CURVE() B_SPLINE_CURVE(2,(#10736,#10737,#10738,#10739
    ,#10740,#10741,#10742),.UNSPECIFIED.,.T.,.F.) 
B_SPLINE_CURVE_WITH_KNOTS((1,2,2,2,2,1),(-2.094395102393,0.,
    2.094395102393,4.188790204786,6.28318530718,8.377580409573),
.UNSPECIFIED.) CURVE() GEOMETRIC_REPRESENTATION_ITEM() 
RATIONAL_B_SPLINE_CURVE((1.,0.5,1.,0.5,1.,0.5,1.)) REPRESENTATION_ITEM(
  '') );
#10736 = CARTESIAN_POINT('',(0.292340342435,0.16578967201));
#10737 = CARTESIAN_POINT('',(0.292340342435,-7.415408746888E-03));
#10738 = CARTESIAN_POINT('',(0.142340342435,7.918713163156E-02));
#10739 = CARTESIAN_POINT('',(-7.659657565E-03,0.16578967201));
#10740 = CARTESIAN_POINT('',(0.142340342435,0.252392212388));
#10741 = CARTESIAN_POINT('',(0.292340342435,0.338994752767));
#10742 = CARTESIAN_POINT('',(0.292340342435,0.16578967201));
#10743 = ( GEOMETRIC_REPRESENTATION_CONTEXT(2) 
PARAMETRIC_REPRESENTATION_CONTEXT() REPRESENTATION_CONTEXT('2D SPACE',''
  ) );
#10744 = PCURVE('',#8254,#10745);
#10745 = DEFINITIONAL_REPRESENTATION('',(#10746),#10750);
#10746 = LINE('',#10747,#10748);
#10747 = CARTESIAN_POINT('',(0.,0.));
#10748 = VECTOR('',#10749,1.);
#10749 = DIRECTION('',(1.,0.));
#10750 = ( GEOMETRIC_REPRESENTATION_CONTEXT(2) 
PARAMETRIC_REPRESENTATION_CONTEXT() REPRESENTATION_CONTEXT('2D SPACE',''
  ) );
#10751 = ORIENTED_EDGE('',*,*,#10752,.T.);
#10752 = EDGE_CURVE('',#10725,#10753,#10755,.T.);
#10753 = VERTEX_POINT('',#10754);
#10754 = CARTESIAN_POINT('',(-2.35,-0.84,0.3));
#10755 = SURFACE_CURVE('',#10756,(#10760,#10767),.PCURVE_S1.);
#10756 = LINE('',#10757,#10758);
#10757 = CARTESIAN_POINT('',(-2.35,-0.84,0.725));
#10758 = VECTOR('',#10759,1.);
#10759 = DIRECTION('',(-1.044915787883E-15,-1.040526357994E-31,-1.));
#10760 = PCURVE('',#8066,#10761);
#10761 = DEFINITIONAL_REPRESENTATION('',(#10762),#10766);
#10762 = LINE('',#10763,#10764);
#10763 = CARTESIAN_POINT('',(0.192340342435,6.578967201E-02));
#10764 = VECTOR('',#10765,1.);
#10765 = DIRECTION('',(-1.,-1.044915787883E-15));
#10766 = ( GEOMETRIC_REPRESENTATION_CONTEXT(2) 
PARAMETRIC_REPRESENTATION_CONTEXT() REPRESENTATION_CONTEXT('2D SPACE',''
  ) );
#10767 = PCURVE('',#10768,#10773);
#10768 = PLANE('',#10769);
#10769 = AXIS2_PLACEMENT_3D('',#10770,#10771,#10772);
#10770 = CARTESIAN_POINT('',(-2.35,-0.84,0.725));
#10771 = DIRECTION('',(-1.,-9.95799250103E-17,1.044915787883E-15));
#10772 = DIRECTION('',(-1.044915787883E-15,-1.040526357994E-31,-1.));
#10773 = DEFINITIONAL_REPRESENTATION('',(#10774),#10778);
#10774 = LINE('',#10775,#10776);
#10775 = CARTESIAN_POINT('',(-0.,0.));
#10776 = VECTOR('',#10777,1.);
#10777 = DIRECTION('',(1.,0.));
#10778 = ( GEOMETRIC_REPRESENTATION_CONTEXT(2) 
PARAMETRIC_REPRESENTATION_CONTEXT() REPRESENTATION_CONTEXT('2D SPACE',''
  ) );
#10779 = ORIENTED_EDGE('',*,*,#10780,.T.);
#10780 = EDGE_CURVE('',#10753,#10781,#10783,.T.);
#10781 = VERTEX_POINT('',#10782);
#10782 = CARTESIAN_POINT('',(-2.65,-0.84,5.551115123126E-17));
#10783 = SURFACE_CURVE('',#10784,(#10789,#10796),.PCURVE_S1.);
#10784 = CIRCLE('',#10785,0.3);
#10785 = AXIS2_PLACEMENT_3D('',#10786,#10787,#10788);
#10786 = CARTESIAN_POINT('',(-2.65,-0.84,0.3));
#10787 = DIRECTION('',(-9.95799250103E-17,1.,0.));
#10788 = DIRECTION('',(1.,9.95799250103E-17,3.515706244646E-15));
#10789 = PCURVE('',#8066,#10790);
#10790 = DEFINITIONAL_REPRESENTATION('',(#10791),#10795);
#10791 = CIRCLE('',#10792,0.3);
#10792 = AXIS2_PLACEMENT_2D('',#10793,#10794);
#10793 = CARTESIAN_POINT('',(-0.232659657565,-0.23421032799));
#10794 = DIRECTION('',(3.515706244646E-15,1.));
#10795 = ( GEOMETRIC_REPRESENTATION_CONTEXT(2) 
PARAMETRIC_REPRESENTATION_CONTEXT() REPRESENTATION_CONTEXT('2D SPACE',''
  ) );
#10796 = PCURVE('',#10797,#10802);
#10797 = CYLINDRICAL_SURFACE('',#10798,0.3);
#10798 = AXIS2_PLACEMENT_3D('',#10799,#10800,#10801);
#10799 = CARTESIAN_POINT('',(-2.65,-0.84,0.3));
#10800 = DIRECTION('',(9.95799250103E-17,-1.,-0.));
#10801 = DIRECTION('',(1.,9.95799250103E-17,3.515706244646E-15));
#10802 = DEFINITIONAL_REPRESENTATION('',(#10803),#10807);
#10803 = LINE('',#10804,#10805);
#10804 = CARTESIAN_POINT('',(6.28318530718,0.));
#10805 = VECTOR('',#10806,1.);
#10806 = DIRECTION('',(-1.,0.));
#10807 = ( GEOMETRIC_REPRESENTATION_CONTEXT(2) 
PARAMETRIC_REPRESENTATION_CONTEXT() REPRESENTATION_CONTEXT('2D SPACE',''
  ) );
#10808 = ORIENTED_EDGE('',*,*,#10809,.T.);
#10809 = EDGE_CURVE('',#10781,#10810,#10812,.T.);
#10810 = VERTEX_POINT('',#10811);
#10811 = CARTESIAN_POINT('',(-3.,-0.84,5.551115123126E-17));
#10812 = SURFACE_CURVE('',#10813,(#10817,#10824),.PCURVE_S1.);
#10813 = LINE('',#10814,#10815);
#10814 = CARTESIAN_POINT('',(-2.65,-0.84,5.551115123126E-17));
#10815 = VECTOR('',#10816,1.);
#10816 = DIRECTION('',(-1.,-9.95799250103E-17,0.));
#10817 = PCURVE('',#8066,#10818);
#10818 = DEFINITIONAL_REPRESENTATION('',(#10819),#10823);
#10819 = LINE('',#10820,#10821);
#10820 = CARTESIAN_POINT('',(-0.532659657565,-0.23421032799));
#10821 = VECTOR('',#10822,1.);
#10822 = DIRECTION('',(0.,-1.));
#10823 = ( GEOMETRIC_REPRESENTATION_CONTEXT(2) 
PARAMETRIC_REPRESENTATION_CONTEXT() REPRESENTATION_CONTEXT('2D SPACE',''
  ) );
#10824 = PCURVE('',#10825,#10830);
#10825 = PLANE('',#10826);
#10826 = AXIS2_PLACEMENT_3D('',#10827,#10828,#10829);
#10827 = CARTESIAN_POINT('',(-2.65,-0.84,5.551115123126E-17));
#10828 = DIRECTION('',(0.,0.,1.));
#10829 = DIRECTION('',(-1.,-9.95799250103E-17,0.));
#10830 = DEFINITIONAL_REPRESENTATION('',(#10831),#10835);
#10831 = LINE('',#10832,#10833);
#10832 = CARTESIAN_POINT('',(0.,0.));
#10833 = VECTOR('',#10834,1.);
#10834 = DIRECTION('',(1.,0.));
#10835 = ( GEOMETRIC_REPRESENTATION_CONTEXT(2) 
PARAMETRIC_REPRESENTATION_CONTEXT() REPRESENTATION_CONTEXT('2D SPACE',''
  ) );
#10836 = ORIENTED_EDGE('',*,*,#10837,.T.);
#10837 = EDGE_CURVE('',#10810,#10838,#10840,.T.);
#10838 = VERTEX_POINT('',#10839);
#10839 = CARTESIAN_POINT('',(-3.,-0.84,0.2));
#10840 = SURFACE_CURVE('',#10841,(#10845,#10852),.PCURVE_S1.);
#10841 = LINE('',#10842,#10843);
#10842 = CARTESIAN_POINT('',(-3.,-0.84,5.551115123126E-17));
#10843 = VECTOR('',#10844,1.);
#10844 = DIRECTION('',(0.,0.,1.));
#10845 = PCURVE('',#8066,#10846);
#10846 = DEFINITIONAL_REPRESENTATION('',(#10847),#10851);
#10847 = LINE('',#10848,#10849);
#10848 = CARTESIAN_POINT('',(-0.532659657565,-0.58421032799));
#10849 = VECTOR('',#10850,1.);
#10850 = DIRECTION('',(1.,0.));
#10851 = ( GEOMETRIC_REPRESENTATION_CONTEXT(2) 
PARAMETRIC_REPRESENTATION_CONTEXT() REPRESENTATION_CONTEXT('2D SPACE',''
  ) );
#10852 = PCURVE('',#10853,#10858);
#10853 = PLANE('',#10854);
#10854 = AXIS2_PLACEMENT_3D('',#10855,#10856,#10857);
#10855 = CARTESIAN_POINT('',(-3.,-0.84,5.551115123126E-17));
#10856 = DIRECTION('',(1.,9.95799250103E-17,0.));
#10857 = DIRECTION('',(0.,-0.,1.));
#10858 = DEFINITIONAL_REPRESENTATION('',(#10859),#10863);
#10859 = LINE('',#10860,#10861);
#10860 = CARTESIAN_POINT('',(0.,0.));
#10861 = VECTOR('',#10862,1.);
#10862 = DIRECTION('',(1.,0.));
#10863 = ( GEOMETRIC_REPRESENTATION_CONTEXT(2) 
PARAMETRIC_REPRESENTATION_CONTEXT() REPRESENTATION_CONTEXT('2D SPACE',''
  ) );
#10864 = ORIENTED_EDGE('',*,*,#10865,.T.);
#10865 = EDGE_CURVE('',#10838,#10866,#10868,.T.);
#10866 = VERTEX_POINT('',#10867);
#10867 = CARTESIAN_POINT('',(-2.65,-0.84,0.2));
#10868 = SURFACE_CURVE('',#10869,(#10873,#10880),.PCURVE_S1.);
#10869 = LINE('',#10870,#10871);
#10870 = CARTESIAN_POINT('',(-3.,-0.84,0.2));
#10871 = VECTOR('',#10872,1.);
#10872 = DIRECTION('',(1.,9.95799250103E-17,0.));
#10873 = PCURVE('',#8066,#10874);
#10874 = DEFINITIONAL_REPRESENTATION('',(#10875),#10879);
#10875 = LINE('',#10876,#10877);
#10876 = CARTESIAN_POINT('',(-0.332659657565,-0.58421032799));
#10877 = VECTOR('',#10878,1.);
#10878 = DIRECTION('',(0.,1.));
#10879 = ( GEOMETRIC_REPRESENTATION_CONTEXT(2) 
PARAMETRIC_REPRESENTATION_CONTEXT() REPRESENTATION_CONTEXT('2D SPACE',''
  ) );
#10880 = PCURVE('',#10881,#10886);
#10881 = PLANE('',#10882);
#10882 = AXIS2_PLACEMENT_3D('',#10883,#10884,#10885);
#10883 = CARTESIAN_POINT('',(-3.,-0.84,0.2));
#10884 = DIRECTION('',(-0.,0.,-1.));
#10885 = DIRECTION('',(1.,9.95799250103E-17,0.));
#10886 = DEFINITIONAL_REPRESENTATION('',(#10887),#10891);
#10887 = LINE('',#10888,#10889);
#10888 = CARTESIAN_POINT('',(0.,0.));
#10889 = VECTOR('',#10890,1.);
#10890 = DIRECTION('',(1.,0.));
#10891 = ( GEOMETRIC_REPRESENTATION_CONTEXT(2) 
PARAMETRIC_REPRESENTATION_CONTEXT() REPRESENTATION_CONTEXT('2D SPACE',''
  ) );
#10892 = ORIENTED_EDGE('',*,*,#10893,.T.);
#10893 = EDGE_CURVE('',#10866,#10894,#10896,.T.);
#10894 = VERTEX_POINT('',#10895);
#10895 = CARTESIAN_POINT('',(-2.55,-0.84,0.3));
#10896 = SURFACE_CURVE('',#10897,(#10902,#10913),.PCURVE_S1.);
#10897 = CIRCLE('',#10898,0.1);
#10898 = AXIS2_PLACEMENT_3D('',#10899,#10900,#10901);
#10899 = CARTESIAN_POINT('',(-2.65,-0.84,0.3));
#10900 = DIRECTION('',(9.95799250103E-17,-1.,-0.));
#10901 = DIRECTION('',(-0.,0.,-1.));
#10902 = PCURVE('',#8066,#10903);
#10903 = DEFINITIONAL_REPRESENTATION('',(#10904),#10912);
#10904 = ( BOUNDED_CURVE() B_SPLINE_CURVE(2,(#10905,#10906,#10907,#10908
    ,#10909,#10910,#10911),.UNSPECIFIED.,.T.,.F.) 
B_SPLINE_CURVE_WITH_KNOTS((1,2,2,2,2,1),(-2.094395102393,0.,
    2.094395102393,4.188790204786,6.28318530718,8.377580409573),
.UNSPECIFIED.) CURVE() GEOMETRIC_REPRESENTATION_ITEM() 
RATIONAL_B_SPLINE_CURVE((1.,0.5,1.,0.5,1.,0.5,1.)) REPRESENTATION_ITEM(
  '') );
#10905 = CARTESIAN_POINT('',(-0.332659657565,-0.23421032799));
#10906 = CARTESIAN_POINT('',(-0.332659657565,-6.100524723311E-02));
#10907 = CARTESIAN_POINT('',(-0.182659657565,-0.147607787612));
#10908 = CARTESIAN_POINT('',(-3.2659657565E-02,-0.23421032799));
#10909 = CARTESIAN_POINT('',(-0.182659657565,-0.320812868368));
#10910 = CARTESIAN_POINT('',(-0.332659657565,-0.407415408747));
#10911 = CARTESIAN_POINT('',(-0.332659657565,-0.23421032799));
#10912 = ( GEOMETRIC_REPRESENTATION_CONTEXT(2) 
PARAMETRIC_REPRESENTATION_CONTEXT() REPRESENTATION_CONTEXT('2D SPACE',''
  ) );
#10913 = PCURVE('',#10914,#10919);
#10914 = CYLINDRICAL_SURFACE('',#10915,0.1);
#10915 = AXIS2_PLACEMENT_3D('',#10916,#10917,#10918);
#10916 = CARTESIAN_POINT('',(-2.65,-0.84,0.3));
#10917 = DIRECTION('',(9.95799250103E-17,-1.,0.));
#10918 = DIRECTION('',(0.,-0.,-1.));
#10919 = DEFINITIONAL_REPRESENTATION('',(#10920),#10924);
#10920 = LINE('',#10921,#10922);
#10921 = CARTESIAN_POINT('',(0.,0.));
#10922 = VECTOR('',#10923,1.);
#10923 = DIRECTION('',(1.,0.));
#10924 = ( GEOMETRIC_REPRESENTATION_CONTEXT(2) 
PARAMETRIC_REPRESENTATION_CONTEXT() REPRESENTATION_CONTEXT('2D SPACE',''
  ) );
#10925 = ORIENTED_EDGE('',*,*,#10926,.T.);
#10926 = EDGE_CURVE('',#10894,#10927,#10929,.T.);
#10927 = VERTEX_POINT('',#10928);
#10928 = CARTESIAN_POINT('',(-2.55,-0.84,0.725));
#10929 = SURFACE_CURVE('',#10930,(#10934,#10941),.PCURVE_S1.);
#10930 = LINE('',#10931,#10932);
#10931 = CARTESIAN_POINT('',(-2.55,-0.84,0.3));
#10932 = VECTOR('',#10933,1.);
#10933 = DIRECTION('',(0.,0.,1.));
#10934 = PCURVE('',#8066,#10935);
#10935 = DEFINITIONAL_REPRESENTATION('',(#10936),#10940);
#10936 = LINE('',#10937,#10938);
#10937 = CARTESIAN_POINT('',(-0.232659657565,-0.13421032799));
#10938 = VECTOR('',#10939,1.);
#10939 = DIRECTION('',(1.,0.));
#10940 = ( GEOMETRIC_REPRESENTATION_CONTEXT(2) 
PARAMETRIC_REPRESENTATION_CONTEXT() REPRESENTATION_CONTEXT('2D SPACE',''
  ) );
#10941 = PCURVE('',#10942,#10947);
#10942 = PLANE('',#10943);
#10943 = AXIS2_PLACEMENT_3D('',#10944,#10945,#10946);
#10944 = CARTESIAN_POINT('',(-2.55,-0.84,0.3));
#10945 = DIRECTION('',(1.,9.95799250103E-17,0.));
#10946 = DIRECTION('',(0.,-0.,1.));
#10947 = DEFINITIONAL_REPRESENTATION('',(#10948),#10952);
#10948 = LINE('',#10949,#10950);
#10949 = CARTESIAN_POINT('',(0.,0.));
#10950 = VECTOR('',#10951,1.);
#10951 = DIRECTION('',(1.,0.));
#10952 = ( GEOMETRIC_REPRESENTATION_CONTEXT(2) 
PARAMETRIC_REPRESENTATION_CONTEXT() REPRESENTATION_CONTEXT('2D SPACE',''
  ) );
#10953 = ORIENTED_EDGE('',*,*,#10954,.T.);
#10954 = EDGE_CURVE('',#10927,#10955,#10957,.T.);
#10955 = VERTEX_POINT('',#10956);
#10956 = CARTESIAN_POINT('',(-2.25,-0.84,1.025));
#10957 = SURFACE_CURVE('',#10958,(#10963,#10970),.PCURVE_S1.);
#10958 = CIRCLE('',#10959,0.3);
#10959 = AXIS2_PLACEMENT_3D('',#10960,#10961,#10962);
#10960 = CARTESIAN_POINT('',(-2.25,-0.84,0.725));
#10961 = DIRECTION('',(-9.95799250103E-17,1.,0.));
#10962 = DIRECTION('',(-1.,-9.95799250103E-17,3.700743415417E-16));
#10963 = PCURVE('',#8066,#10964);
#10964 = DEFINITIONAL_REPRESENTATION('',(#10965),#10969);
#10965 = CIRCLE('',#10966,0.3);
#10966 = AXIS2_PLACEMENT_2D('',#10967,#10968);
#10967 = CARTESIAN_POINT('',(0.192340342435,0.16578967201));
#10968 = DIRECTION('',(3.700743415417E-16,-1.));
#10969 = ( GEOMETRIC_REPRESENTATION_CONTEXT(2) 
PARAMETRIC_REPRESENTATION_CONTEXT() REPRESENTATION_CONTEXT('2D SPACE',''
  ) );
#10970 = PCURVE('',#10971,#10976);
#10971 = CYLINDRICAL_SURFACE('',#10972,0.3);
#10972 = AXIS2_PLACEMENT_3D('',#10973,#10974,#10975);
#10973 = CARTESIAN_POINT('',(-2.25,-0.84,0.725));
#10974 = DIRECTION('',(9.95799250103E-17,-1.,-0.));
#10975 = DIRECTION('',(-1.,-9.95799250103E-17,3.700743415417E-16));
#10976 = DEFINITIONAL_REPRESENTATION('',(#10977),#10981);
#10977 = LINE('',#10978,#10979);
#10978 = CARTESIAN_POINT('',(6.28318530718,0.));
#10979 = VECTOR('',#10980,1.);
#10980 = DIRECTION('',(-1.,0.));
#10981 = ( GEOMETRIC_REPRESENTATION_CONTEXT(2) 
PARAMETRIC_REPRESENTATION_CONTEXT() REPRESENTATION_CONTEXT('2D SPACE',''
  ) );
#10982 = ORIENTED_EDGE('',*,*,#10983,.T.);
#10983 = EDGE_CURVE('',#10955,#8051,#10984,.T.);
#10984 = SURFACE_CURVE('',#10985,(#10989,#10996),.PCURVE_S1.);
#10985 = LINE('',#10986,#10987);
#10986 = CARTESIAN_POINT('',(-2.25,-0.84,1.025));
#10987 = VECTOR('',#10988,1.);
#10988 = DIRECTION('',(1.,9.95799250103E-17,0.));
#10989 = PCURVE('',#8066,#10990);
#10990 = DEFINITIONAL_REPRESENTATION('',(#10991),#10995);
#10991 = LINE('',#10992,#10993);
#10992 = CARTESIAN_POINT('',(0.492340342435,0.16578967201));
#10993 = VECTOR('',#10994,1.);
#10994 = DIRECTION('',(0.,1.));
#10995 = ( GEOMETRIC_REPRESENTATION_CONTEXT(2) 
PARAMETRIC_REPRESENTATION_CONTEXT() REPRESENTATION_CONTEXT('2D SPACE',''
  ) );
#10996 = PCURVE('',#9086,#10997);
#10997 = DEFINITIONAL_REPRESENTATION('',(#10998),#11002);
#10998 = LINE('',#10999,#11000);
#10999 = CARTESIAN_POINT('',(0.,0.));
#11000 = VECTOR('',#11001,1.);
#11001 = DIRECTION('',(1.,0.));
#11002 = ( GEOMETRIC_REPRESENTATION_CONTEXT(2) 
PARAMETRIC_REPRESENTATION_CONTEXT() REPRESENTATION_CONTEXT('2D SPACE',''
  ) );
#11003 = ADVANCED_FACE('',(#11004),#8123,.T.);
#11004 = FACE_BOUND('',#11005,.T.);
#11005 = EDGE_LOOP('',(#11006,#11007,#11008,#11036,#11064,#11093,#11121,
    #11149,#11177,#11210,#11238,#11267));
#11006 = ORIENTED_EDGE('',*,*,#8107,.F.);
#11007 = ORIENTED_EDGE('',*,*,#8298,.T.);
#11008 = ORIENTED_EDGE('',*,*,#11009,.T.);
#11009 = EDGE_CURVE('',#8299,#11010,#11012,.T.);
#11010 = VERTEX_POINT('',#11011);
#11011 = CARTESIAN_POINT('',(-2.35,0.84,0.725));
#11012 = SURFACE_CURVE('',#11013,(#11018,#11029),.PCURVE_S1.);
#11013 = CIRCLE('',#11014,0.1);
#11014 = AXIS2_PLACEMENT_3D('',#11015,#11016,#11017);
#11015 = CARTESIAN_POINT('',(-2.25,0.84,0.725));
#11016 = DIRECTION('',(9.95799250103E-17,-1.,0.));
#11017 = DIRECTION('',(-4.440892098501E-15,-4.422237021476E-31,1.));
#11018 = PCURVE('',#8123,#11019);
#11019 = DEFINITIONAL_REPRESENTATION('',(#11020),#11028);
#11020 = ( BOUNDED_CURVE() B_SPLINE_CURVE(2,(#11021,#11022,#11023,#11024
    ,#11025,#11026,#11027),.UNSPECIFIED.,.T.,.F.) 
B_SPLINE_CURVE_WITH_KNOTS((1,2,2,2,2,1),(-2.094395102393,0.,
    2.094395102393,4.188790204786,6.28318530718,8.377580409573),
.UNSPECIFIED.) CURVE() GEOMETRIC_REPRESENTATION_ITEM() 
RATIONAL_B_SPLINE_CURVE((1.,0.5,1.,0.5,1.,0.5,1.)) REPRESENTATION_ITEM(
  '') );
#11021 = CARTESIAN_POINT('',(0.292340342435,0.16578967201));
#11022 = CARTESIAN_POINT('',(0.292340342435,-7.415408746888E-03));
#11023 = CARTESIAN_POINT('',(0.142340342435,7.918713163156E-02));
#11024 = CARTESIAN_POINT('',(-7.659657565E-03,0.16578967201));
#11025 = CARTESIAN_POINT('',(0.142340342435,0.252392212388));
#11026 = CARTESIAN_POINT('',(0.292340342435,0.338994752767));
#11027 = CARTESIAN_POINT('',(0.292340342435,0.16578967201));
#11028 = ( GEOMETRIC_REPRESENTATION_CONTEXT(2) 
PARAMETRIC_REPRESENTATION_CONTEXT() REPRESENTATION_CONTEXT('2D SPACE',''
  ) );
#11029 = PCURVE('',#8335,#11030);
#11030 = DEFINITIONAL_REPRESENTATION('',(#11031),#11035);
#11031 = LINE('',#11032,#11033);
#11032 = CARTESIAN_POINT('',(0.,-0.41));
#11033 = VECTOR('',#11034,1.);
#11034 = DIRECTION('',(1.,0.));
#11035 = ( GEOMETRIC_REPRESENTATION_CONTEXT(2) 
PARAMETRIC_REPRESENTATION_CONTEXT() REPRESENTATION_CONTEXT('2D SPACE',''
  ) );
#11036 = ORIENTED_EDGE('',*,*,#11037,.T.);
#11037 = EDGE_CURVE('',#11010,#11038,#11040,.T.);
#11038 = VERTEX_POINT('',#11039);
#11039 = CARTESIAN_POINT('',(-2.35,0.84,0.3));
#11040 = SURFACE_CURVE('',#11041,(#11045,#11052),.PCURVE_S1.);
#11041 = LINE('',#11042,#11043);
#11042 = CARTESIAN_POINT('',(-2.35,0.84,0.725));
#11043 = VECTOR('',#11044,1.);
#11044 = DIRECTION('',(-1.044915787883E-15,-1.040526357994E-31,-1.));
#11045 = PCURVE('',#8123,#11046);
#11046 = DEFINITIONAL_REPRESENTATION('',(#11047),#11051);
#11047 = LINE('',#11048,#11049);
#11048 = CARTESIAN_POINT('',(0.192340342435,6.578967201E-02));
#11049 = VECTOR('',#11050,1.);
#11050 = DIRECTION('',(-1.,-1.044915787883E-15));
#11051 = ( GEOMETRIC_REPRESENTATION_CONTEXT(2) 
PARAMETRIC_REPRESENTATION_CONTEXT() REPRESENTATION_CONTEXT('2D SPACE',''
  ) );
#11052 = PCURVE('',#11053,#11058);
#11053 = PLANE('',#11054);
#11054 = AXIS2_PLACEMENT_3D('',#11055,#11056,#11057);
#11055 = CARTESIAN_POINT('',(-2.35,0.43,0.725));
#11056 = DIRECTION('',(-1.,-9.95799250103E-17,1.044915787883E-15));
#11057 = DIRECTION('',(-1.044915787883E-15,-1.040526357994E-31,-1.));
#11058 = DEFINITIONAL_REPRESENTATION('',(#11059),#11063);
#11059 = LINE('',#11060,#11061);
#11060 = CARTESIAN_POINT('',(-4.266158067775E-32,-0.41));
#11061 = VECTOR('',#11062,1.);
#11062 = DIRECTION('',(1.,0.));
#11063 = ( GEOMETRIC_REPRESENTATION_CONTEXT(2) 
PARAMETRIC_REPRESENTATION_CONTEXT() REPRESENTATION_CONTEXT('2D SPACE',''
  ) );
#11064 = ORIENTED_EDGE('',*,*,#11065,.T.);
#11065 = EDGE_CURVE('',#11038,#11066,#11068,.T.);
#11066 = VERTEX_POINT('',#11067);
#11067 = CARTESIAN_POINT('',(-2.65,0.84,5.551115123126E-17));
#11068 = SURFACE_CURVE('',#11069,(#11074,#11081),.PCURVE_S1.);
#11069 = CIRCLE('',#11070,0.3);
#11070 = AXIS2_PLACEMENT_3D('',#11071,#11072,#11073);
#11071 = CARTESIAN_POINT('',(-2.65,0.84,0.3));
#11072 = DIRECTION('',(-9.95799250103E-17,1.,0.));
#11073 = DIRECTION('',(1.,9.95799250103E-17,3.515706244646E-15));
#11074 = PCURVE('',#8123,#11075);
#11075 = DEFINITIONAL_REPRESENTATION('',(#11076),#11080);
#11076 = CIRCLE('',#11077,0.3);
#11077 = AXIS2_PLACEMENT_2D('',#11078,#11079);
#11078 = CARTESIAN_POINT('',(-0.232659657565,-0.23421032799));
#11079 = DIRECTION('',(3.515706244646E-15,1.));
#11080 = ( GEOMETRIC_REPRESENTATION_CONTEXT(2) 
PARAMETRIC_REPRESENTATION_CONTEXT() REPRESENTATION_CONTEXT('2D SPACE',''
  ) );
#11081 = PCURVE('',#11082,#11087);
#11082 = CYLINDRICAL_SURFACE('',#11083,0.3);
#11083 = AXIS2_PLACEMENT_3D('',#11084,#11085,#11086);
#11084 = CARTESIAN_POINT('',(-2.65,0.43,0.3));
#11085 = DIRECTION('',(9.95799250103E-17,-1.,-0.));
#11086 = DIRECTION('',(1.,9.95799250103E-17,3.515706244646E-15));
#11087 = DEFINITIONAL_REPRESENTATION('',(#11088),#11092);
#11088 = LINE('',#11089,#11090);
#11089 = CARTESIAN_POINT('',(6.28318530718,-0.41));
#11090 = VECTOR('',#11091,1.);
#11091 = DIRECTION('',(-1.,0.));
#11092 = ( GEOMETRIC_REPRESENTATION_CONTEXT(2) 
PARAMETRIC_REPRESENTATION_CONTEXT() REPRESENTATION_CONTEXT('2D SPACE',''
  ) );
#11093 = ORIENTED_EDGE('',*,*,#11094,.T.);
#11094 = EDGE_CURVE('',#11066,#11095,#11097,.T.);
#11095 = VERTEX_POINT('',#11096);
#11096 = CARTESIAN_POINT('',(-3.,0.84,5.551115123126E-17));
#11097 = SURFACE_CURVE('',#11098,(#11102,#11109),.PCURVE_S1.);
#11098 = LINE('',#11099,#11100);
#11099 = CARTESIAN_POINT('',(-2.65,0.84,5.551115123126E-17));
#11100 = VECTOR('',#11101,1.);
#11101 = DIRECTION('',(-1.,-9.95799250103E-17,0.));
#11102 = PCURVE('',#8123,#11103);
#11103 = DEFINITIONAL_REPRESENTATION('',(#11104),#11108);
#11104 = LINE('',#11105,#11106);
#11105 = CARTESIAN_POINT('',(-0.532659657565,-0.23421032799));
#11106 = VECTOR('',#11107,1.);
#11107 = DIRECTION('',(0.,-1.));
#11108 = ( GEOMETRIC_REPRESENTATION_CONTEXT(2) 
PARAMETRIC_REPRESENTATION_CONTEXT() REPRESENTATION_CONTEXT('2D SPACE',''
  ) );
#11109 = PCURVE('',#11110,#11115);
#11110 = PLANE('',#11111);
#11111 = AXIS2_PLACEMENT_3D('',#11112,#11113,#11114);
#11112 = CARTESIAN_POINT('',(-2.65,0.43,5.551115123126E-17));
#11113 = DIRECTION('',(0.,0.,1.));
#11114 = DIRECTION('',(-1.,-9.95799250103E-17,0.));
#11115 = DEFINITIONAL_REPRESENTATION('',(#11116),#11120);
#11116 = LINE('',#11117,#11118);
#11117 = CARTESIAN_POINT('',(-4.082776925422E-17,-0.41));
#11118 = VECTOR('',#11119,1.);
#11119 = DIRECTION('',(1.,0.));
#11120 = ( GEOMETRIC_REPRESENTATION_CONTEXT(2) 
PARAMETRIC_REPRESENTATION_CONTEXT() REPRESENTATION_CONTEXT('2D SPACE',''
  ) );
#11121 = ORIENTED_EDGE('',*,*,#11122,.T.);
#11122 = EDGE_CURVE('',#11095,#11123,#11125,.T.);
#11123 = VERTEX_POINT('',#11124);
#11124 = CARTESIAN_POINT('',(-3.,0.84,0.2));
#11125 = SURFACE_CURVE('',#11126,(#11130,#11137),.PCURVE_S1.);
#11126 = LINE('',#11127,#11128);
#11127 = CARTESIAN_POINT('',(-3.,0.84,5.551115123126E-17));
#11128 = VECTOR('',#11129,1.);
#11129 = DIRECTION('',(0.,0.,1.));
#11130 = PCURVE('',#8123,#11131);
#11131 = DEFINITIONAL_REPRESENTATION('',(#11132),#11136);
#11132 = LINE('',#11133,#11134);
#11133 = CARTESIAN_POINT('',(-0.532659657565,-0.58421032799));
#11134 = VECTOR('',#11135,1.);
#11135 = DIRECTION('',(1.,0.));
#11136 = ( GEOMETRIC_REPRESENTATION_CONTEXT(2) 
PARAMETRIC_REPRESENTATION_CONTEXT() REPRESENTATION_CONTEXT('2D SPACE',''
  ) );
#11137 = PCURVE('',#11138,#11143);
#11138 = PLANE('',#11139);
#11139 = AXIS2_PLACEMENT_3D('',#11140,#11141,#11142);
#11140 = CARTESIAN_POINT('',(-3.,0.43,5.551115123126E-17));
#11141 = DIRECTION('',(1.,9.95799250103E-17,0.));
#11142 = DIRECTION('',(0.,-0.,1.));
#11143 = DEFINITIONAL_REPRESENTATION('',(#11144),#11148);
#11144 = LINE('',#11145,#11146);
#11145 = CARTESIAN_POINT('',(0.,-0.41));
#11146 = VECTOR('',#11147,1.);
#11147 = DIRECTION('',(1.,0.));
#11148 = ( GEOMETRIC_REPRESENTATION_CONTEXT(2) 
PARAMETRIC_REPRESENTATION_CONTEXT() REPRESENTATION_CONTEXT('2D SPACE',''
  ) );
#11149 = ORIENTED_EDGE('',*,*,#11150,.T.);
#11150 = EDGE_CURVE('',#11123,#11151,#11153,.T.);
#11151 = VERTEX_POINT('',#11152);
#11152 = CARTESIAN_POINT('',(-2.65,0.84,0.2));
#11153 = SURFACE_CURVE('',#11154,(#11158,#11165),.PCURVE_S1.);
#11154 = LINE('',#11155,#11156);
#11155 = CARTESIAN_POINT('',(-3.,0.84,0.2));
#11156 = VECTOR('',#11157,1.);
#11157 = DIRECTION('',(1.,9.95799250103E-17,0.));
#11158 = PCURVE('',#8123,#11159);
#11159 = DEFINITIONAL_REPRESENTATION('',(#11160),#11164);
#11160 = LINE('',#11161,#11162);
#11161 = CARTESIAN_POINT('',(-0.332659657565,-0.58421032799));
#11162 = VECTOR('',#11163,1.);
#11163 = DIRECTION('',(0.,1.));
#11164 = ( GEOMETRIC_REPRESENTATION_CONTEXT(2) 
PARAMETRIC_REPRESENTATION_CONTEXT() REPRESENTATION_CONTEXT('2D SPACE',''
  ) );
#11165 = PCURVE('',#11166,#11171);
#11166 = PLANE('',#11167);
#11167 = AXIS2_PLACEMENT_3D('',#11168,#11169,#11170);
#11168 = CARTESIAN_POINT('',(-3.,0.43,0.2));
#11169 = DIRECTION('',(-0.,0.,-1.));
#11170 = DIRECTION('',(1.,9.95799250103E-17,0.));
#11171 = DEFINITIONAL_REPRESENTATION('',(#11172),#11176);
#11172 = LINE('',#11173,#11174);
#11173 = CARTESIAN_POINT('',(4.082776925422E-17,-0.41));
#11174 = VECTOR('',#11175,1.);
#11175 = DIRECTION('',(1.,0.));
#11176 = ( GEOMETRIC_REPRESENTATION_CONTEXT(2) 
PARAMETRIC_REPRESENTATION_CONTEXT() REPRESENTATION_CONTEXT('2D SPACE',''
  ) );
#11177 = ORIENTED_EDGE('',*,*,#11178,.T.);
#11178 = EDGE_CURVE('',#11151,#11179,#11181,.T.);
#11179 = VERTEX_POINT('',#11180);
#11180 = CARTESIAN_POINT('',(-2.55,0.84,0.3));
#11181 = SURFACE_CURVE('',#11182,(#11187,#11198),.PCURVE_S1.);
#11182 = CIRCLE('',#11183,0.1);
#11183 = AXIS2_PLACEMENT_3D('',#11184,#11185,#11186);
#11184 = CARTESIAN_POINT('',(-2.65,0.84,0.3));
#11185 = DIRECTION('',(9.95799250103E-17,-1.,-0.));
#11186 = DIRECTION('',(-0.,0.,-1.));
#11187 = PCURVE('',#8123,#11188);
#11188 = DEFINITIONAL_REPRESENTATION('',(#11189),#11197);
#11189 = ( BOUNDED_CURVE() B_SPLINE_CURVE(2,(#11190,#11191,#11192,#11193
    ,#11194,#11195,#11196),.UNSPECIFIED.,.T.,.F.) 
B_SPLINE_CURVE_WITH_KNOTS((1,2,2,2,2,1),(-2.094395102393,0.,
    2.094395102393,4.188790204786,6.28318530718,8.377580409573),
.UNSPECIFIED.) CURVE() GEOMETRIC_REPRESENTATION_ITEM() 
RATIONAL_B_SPLINE_CURVE((1.,0.5,1.,0.5,1.,0.5,1.)) REPRESENTATION_ITEM(
  '') );
#11190 = CARTESIAN_POINT('',(-0.332659657565,-0.23421032799));
#11191 = CARTESIAN_POINT('',(-0.332659657565,-6.100524723311E-02));
#11192 = CARTESIAN_POINT('',(-0.182659657565,-0.147607787612));
#11193 = CARTESIAN_POINT('',(-3.2659657565E-02,-0.23421032799));
#11194 = CARTESIAN_POINT('',(-0.182659657565,-0.320812868368));
#11195 = CARTESIAN_POINT('',(-0.332659657565,-0.407415408747));
#11196 = CARTESIAN_POINT('',(-0.332659657565,-0.23421032799));
#11197 = ( GEOMETRIC_REPRESENTATION_CONTEXT(2) 
PARAMETRIC_REPRESENTATION_CONTEXT() REPRESENTATION_CONTEXT('2D SPACE',''
  ) );
#11198 = PCURVE('',#11199,#11204);
#11199 = CYLINDRICAL_SURFACE('',#11200,0.1);
#11200 = AXIS2_PLACEMENT_3D('',#11201,#11202,#11203);
#11201 = CARTESIAN_POINT('',(-2.65,0.43,0.3));
#11202 = DIRECTION('',(9.95799250103E-17,-1.,0.));
#11203 = DIRECTION('',(0.,-0.,-1.));
#11204 = DEFINITIONAL_REPRESENTATION('',(#11205),#11209);
#11205 = LINE('',#11206,#11207);
#11206 = CARTESIAN_POINT('',(0.,-0.41));
#11207 = VECTOR('',#11208,1.);
#11208 = DIRECTION('',(1.,0.));
#11209 = ( GEOMETRIC_REPRESENTATION_CONTEXT(2) 
PARAMETRIC_REPRESENTATION_CONTEXT() REPRESENTATION_CONTEXT('2D SPACE',''
  ) );
#11210 = ORIENTED_EDGE('',*,*,#11211,.T.);
#11211 = EDGE_CURVE('',#11179,#11212,#11214,.T.);
#11212 = VERTEX_POINT('',#11213);
#11213 = CARTESIAN_POINT('',(-2.55,0.84,0.725));
#11214 = SURFACE_CURVE('',#11215,(#11219,#11226),.PCURVE_S1.);
#11215 = LINE('',#11216,#11217);
#11216 = CARTESIAN_POINT('',(-2.55,0.84,0.3));
#11217 = VECTOR('',#11218,1.);
#11218 = DIRECTION('',(0.,0.,1.));
#11219 = PCURVE('',#8123,#11220);
#11220 = DEFINITIONAL_REPRESENTATION('',(#11221),#11225);
#11221 = LINE('',#11222,#11223);
#11222 = CARTESIAN_POINT('',(-0.232659657565,-0.13421032799));
#11223 = VECTOR('',#11224,1.);
#11224 = DIRECTION('',(1.,0.));
#11225 = ( GEOMETRIC_REPRESENTATION_CONTEXT(2) 
PARAMETRIC_REPRESENTATION_CONTEXT() REPRESENTATION_CONTEXT('2D SPACE',''
  ) );
#11226 = PCURVE('',#11227,#11232);
#11227 = PLANE('',#11228);
#11228 = AXIS2_PLACEMENT_3D('',#11229,#11230,#11231);
#11229 = CARTESIAN_POINT('',(-2.55,0.43,0.3));
#11230 = DIRECTION('',(1.,9.95799250103E-17,0.));
#11231 = DIRECTION('',(0.,-0.,1.));
#11232 = DEFINITIONAL_REPRESENTATION('',(#11233),#11237);
#11233 = LINE('',#11234,#11235);
#11234 = CARTESIAN_POINT('',(0.,-0.41));
#11235 = VECTOR('',#11236,1.);
#11236 = DIRECTION('',(1.,0.));
#11237 = ( GEOMETRIC_REPRESENTATION_CONTEXT(2) 
PARAMETRIC_REPRESENTATION_CONTEXT() REPRESENTATION_CONTEXT('2D SPACE',''
  ) );
#11238 = ORIENTED_EDGE('',*,*,#11239,.T.);
#11239 = EDGE_CURVE('',#11212,#11240,#11242,.T.);
#11240 = VERTEX_POINT('',#11241);
#11241 = CARTESIAN_POINT('',(-2.25,0.84,1.025));
#11242 = SURFACE_CURVE('',#11243,(#11248,#11255),.PCURVE_S1.);
#11243 = CIRCLE('',#11244,0.3);
#11244 = AXIS2_PLACEMENT_3D('',#11245,#11246,#11247);
#11245 = CARTESIAN_POINT('',(-2.25,0.84,0.725));
#11246 = DIRECTION('',(-9.95799250103E-17,1.,0.));
#11247 = DIRECTION('',(-1.,-9.95799250103E-17,3.700743415417E-16));
#11248 = PCURVE('',#8123,#11249);
#11249 = DEFINITIONAL_REPRESENTATION('',(#11250),#11254);
#11250 = CIRCLE('',#11251,0.3);
#11251 = AXIS2_PLACEMENT_2D('',#11252,#11253);
#11252 = CARTESIAN_POINT('',(0.192340342435,0.16578967201));
#11253 = DIRECTION('',(3.700743415417E-16,-1.));
#11254 = ( GEOMETRIC_REPRESENTATION_CONTEXT(2) 
PARAMETRIC_REPRESENTATION_CONTEXT() REPRESENTATION_CONTEXT('2D SPACE',''
  ) );
#11255 = PCURVE('',#11256,#11261);
#11256 = CYLINDRICAL_SURFACE('',#11257,0.3);
#11257 = AXIS2_PLACEMENT_3D('',#11258,#11259,#11260);
#11258 = CARTESIAN_POINT('',(-2.25,0.43,0.725));
#11259 = DIRECTION('',(9.95799250103E-17,-1.,-0.));
#11260 = DIRECTION('',(-1.,-9.95799250103E-17,3.700743415417E-16));
#11261 = DEFINITIONAL_REPRESENTATION('',(#11262),#11266);
#11262 = LINE('',#11263,#11264);
#11263 = CARTESIAN_POINT('',(6.28318530718,-0.41));
#11264 = VECTOR('',#11265,1.);
#11265 = DIRECTION('',(-1.,0.));
#11266 = ( GEOMETRIC_REPRESENTATION_CONTEXT(2) 
PARAMETRIC_REPRESENTATION_CONTEXT() REPRESENTATION_CONTEXT('2D SPACE',''
  ) );
#11267 = ORIENTED_EDGE('',*,*,#11268,.T.);
#11268 = EDGE_CURVE('',#11240,#8108,#11269,.T.);
#11269 = SURFACE_CURVE('',#11270,(#11274,#11281),.PCURVE_S1.);
#11270 = LINE('',#11271,#11272);
#11271 = CARTESIAN_POINT('',(-2.25,0.84,1.025));
#11272 = VECTOR('',#11273,1.);
#11273 = DIRECTION('',(1.,9.95799250103E-17,0.));
#11274 = PCURVE('',#8123,#11275);
#11275 = DEFINITIONAL_REPRESENTATION('',(#11276),#11280);
#11276 = LINE('',#11277,#11278);
#11277 = CARTESIAN_POINT('',(0.492340342435,0.16578967201));
#11278 = VECTOR('',#11279,1.);
#11279 = DIRECTION('',(0.,1.));
#11280 = ( GEOMETRIC_REPRESENTATION_CONTEXT(2) 
PARAMETRIC_REPRESENTATION_CONTEXT() REPRESENTATION_CONTEXT('2D SPACE',''
  ) );
#11281 = PCURVE('',#9136,#11282);
#11282 = DEFINITIONAL_REPRESENTATION('',(#11283),#11287);
#11283 = LINE('',#11284,#11285);
#11284 = CARTESIAN_POINT('',(4.082776925422E-17,-0.41));
#11285 = VECTOR('',#11286,1.);
#11286 = DIRECTION('',(1.,0.));
#11287 = ( GEOMETRIC_REPRESENTATION_CONTEXT(2) 
PARAMETRIC_REPRESENTATION_CONTEXT() REPRESENTATION_CONTEXT('2D SPACE',''
  ) );
#11288 = ADVANCED_FACE('',(#11289),#8173,.F.);
#11289 = FACE_BOUND('',#11290,.F.);
#11290 = EDGE_LOOP('',(#11291,#11311,#11312,#11355));
#11291 = ORIENTED_EDGE('',*,*,#11292,.F.);
#11292 = EDGE_CURVE('',#8108,#9121,#11293,.T.);
#11293 = SURFACE_CURVE('',#11294,(#11298,#11304),.PCURVE_S1.);
#11294 = LINE('',#11295,#11296);
#11295 = CARTESIAN_POINT('',(-2.25,0.84,1.025));
#11296 = VECTOR('',#11297,1.);
#11297 = DIRECTION('',(1.,9.95799250103E-17,0.));
#11298 = PCURVE('',#8173,#11299);
#11299 = DEFINITIONAL_REPRESENTATION('',(#11300),#11303);
#11300 = B_SPLINE_CURVE_WITH_KNOTS('',1,(#11301,#11302),.UNSPECIFIED.,
  .F.,.F.,(2,2),(0.3,0.375),.PIECEWISE_BEZIER_KNOTS.);
#11301 = CARTESIAN_POINT('',(3.115,2.878610001836E-16));
#11302 = CARTESIAN_POINT('',(3.129078212291,1.));
#11303 = ( GEOMETRIC_REPRESENTATION_CONTEXT(2) 
PARAMETRIC_REPRESENTATION_CONTEXT() REPRESENTATION_CONTEXT('2D SPACE',''
  ) );
#11304 = PCURVE('',#9136,#11305);
#11305 = DEFINITIONAL_REPRESENTATION('',(#11306),#11310);
#11306 = LINE('',#11307,#11308);
#11307 = CARTESIAN_POINT('',(4.082776925422E-17,-0.41));
#11308 = VECTOR('',#11309,1.);
#11309 = DIRECTION('',(1.,0.));
#11310 = ( GEOMETRIC_REPRESENTATION_CONTEXT(2) 
PARAMETRIC_REPRESENTATION_CONTEXT() REPRESENTATION_CONTEXT('2D SPACE',''
  ) );
#11311 = ORIENTED_EDGE('',*,*,#8159,.T.);
#11312 = ORIENTED_EDGE('',*,*,#11313,.T.);
#11313 = EDGE_CURVE('',#8137,#9149,#11314,.T.);
#11314 = SURFACE_CURVE('',#11315,(#11319,#11348),.PCURVE_S1.);
#11315 = LINE('',#11316,#11317);
#11316 = CARTESIAN_POINT('',(-2.25,1.7,1.025));
#11317 = VECTOR('',#11318,1.);
#11318 = DIRECTION('',(1.,9.95799250103E-17,0.));
#11319 = PCURVE('',#8173,#11320);
#11320 = DEFINITIONAL_REPRESENTATION('',(#11321),#11347);
#11321 = B_SPLINE_CURVE_WITH_KNOTS('',3,(#11322,#11323,#11324,#11325,
    #11326,#11327,#11328,#11329,#11330,#11331,#11332,#11333,#11334,
    #11335,#11336,#11337,#11338,#11339,#11340,#11341,#11342,#11343,
    #11344,#11345,#11346),.UNSPECIFIED.,.F.,.F.,(4,1,1,1,1,1,1,1,1,1,1,1
    ,1,1,1,1,1,1,1,1,1,1,4),(0.3,0.303409090909,0.306818181818,
    0.310227272727,0.313636363636,0.317045454545,0.320454545455,
    0.323863636364,0.327272727273,0.330681818182,0.334090909091,0.3375,
    0.340909090909,0.344318181818,0.347727272727,0.351136363636,
    0.354545454545,0.357954545455,0.361363636364,0.364772727273,
    0.368181818182,0.371590909091,0.375),.QUASI_UNIFORM_KNOTS.);
#11322 = CARTESIAN_POINT('',(3.975,0.));
#11323 = CARTESIAN_POINT('',(3.975424575426,1.515151515152E-02));
#11324 = CARTESIAN_POINT('',(3.9762743625,4.545454545455E-02));
#11325 = CARTESIAN_POINT('',(3.97755095609,9.090909090909E-02));
#11326 = CARTESIAN_POINT('',(3.978829466966,0.136363636364));
#11327 = CARTESIAN_POINT('',(3.98010989945,0.181818181818));
#11328 = CARTESIAN_POINT('',(3.981392257878,0.227272727273));
#11329 = CARTESIAN_POINT('',(3.982676546599,0.272727272727));
#11330 = CARTESIAN_POINT('',(3.983962769974,0.318181818182));
#11331 = CARTESIAN_POINT('',(3.985250932379,0.363636363636));
#11332 = CARTESIAN_POINT('',(3.9865410382,0.409090909091));
#11333 = CARTESIAN_POINT('',(3.98783309184,0.454545454545));
#11334 = CARTESIAN_POINT('',(3.989127097713,0.5));
#11335 = CARTESIAN_POINT('',(3.990423060246,0.545454545455));
#11336 = CARTESIAN_POINT('',(3.991720983883,0.590909090909));
#11337 = CARTESIAN_POINT('',(3.993020873076,0.636363636364));
#11338 = CARTESIAN_POINT('',(3.994322732295,0.681818181818));
#11339 = CARTESIAN_POINT('',(3.995626566021,0.727272727273));
#11340 = CARTESIAN_POINT('',(3.996932378749,0.772727272727));
#11341 = CARTESIAN_POINT('',(3.99824017499,0.818181818182));
#11342 = CARTESIAN_POINT('',(3.999549959265,0.863636363636));
#11343 = CARTESIAN_POINT('',(4.000861736112,0.909090909091));
#11344 = CARTESIAN_POINT('',(4.00217551008,0.954545454545));
#11345 = CARTESIAN_POINT('',(4.003052693851,0.984848484848));
#11346 = CARTESIAN_POINT('',(4.003491620112,1.));
#11347 = ( GEOMETRIC_REPRESENTATION_CONTEXT(2) 
PARAMETRIC_REPRESENTATION_CONTEXT() REPRESENTATION_CONTEXT('2D SPACE',''
  ) );
#11348 = PCURVE('',#9186,#11349);
#11349 = DEFINITIONAL_REPRESENTATION('',(#11350),#11354);
#11350 = LINE('',#11351,#11352);
#11351 = CARTESIAN_POINT('',(0.,0.));
#11352 = VECTOR('',#11353,1.);
#11353 = DIRECTION('',(1.,0.));
#11354 = ( GEOMETRIC_REPRESENTATION_CONTEXT(2) 
PARAMETRIC_REPRESENTATION_CONTEXT() REPRESENTATION_CONTEXT('2D SPACE',''
  ) );
#11355 = ORIENTED_EDGE('',*,*,#9148,.F.);
#11356 = ADVANCED_FACE('',(#11357),#8254,.F.);
#11357 = FACE_BOUND('',#11358,.F.);
#11358 = EDGE_LOOP('',(#11359,#11360,#11388,#11409));
#11359 = ORIENTED_EDGE('',*,*,#8240,.T.);
#11360 = ORIENTED_EDGE('',*,*,#11361,.T.);
#11361 = EDGE_CURVE('',#8213,#11362,#11364,.T.);
#11362 = VERTEX_POINT('',#11363);
#11363 = CARTESIAN_POINT('',(-2.35,-0.43,0.725));
#11364 = SURFACE_CURVE('',#11365,(#11370,#11377),.PCURVE_S1.);
#11365 = CIRCLE('',#11366,0.1);
#11366 = AXIS2_PLACEMENT_3D('',#11367,#11368,#11369);
#11367 = CARTESIAN_POINT('',(-2.25,-0.43,0.725));
#11368 = DIRECTION('',(9.95799250103E-17,-1.,0.));
#11369 = DIRECTION('',(-4.440892098501E-15,-4.422237021476E-31,1.));
#11370 = PCURVE('',#8254,#11371);
#11371 = DEFINITIONAL_REPRESENTATION('',(#11372),#11376);
#11372 = LINE('',#11373,#11374);
#11373 = CARTESIAN_POINT('',(0.,-0.41));
#11374 = VECTOR('',#11375,1.);
#11375 = DIRECTION('',(1.,0.));
#11376 = ( GEOMETRIC_REPRESENTATION_CONTEXT(2) 
PARAMETRIC_REPRESENTATION_CONTEXT() REPRESENTATION_CONTEXT('2D SPACE',''
  ) );
#11377 = PCURVE('',#8228,#11378);
#11378 = DEFINITIONAL_REPRESENTATION('',(#11379),#11387);
#11379 = ( BOUNDED_CURVE() B_SPLINE_CURVE(2,(#11380,#11381,#11382,#11383
    ,#11384,#11385,#11386),.UNSPECIFIED.,.T.,.F.) 
B_SPLINE_CURVE_WITH_KNOTS((1,2,2,2,2,1),(-2.094395102393,0.,
    2.094395102393,4.188790204786,6.28318530718,8.377580409573),
.UNSPECIFIED.) CURVE() GEOMETRIC_REPRESENTATION_ITEM() 
RATIONAL_B_SPLINE_CURVE((1.,0.5,1.,0.5,1.,0.5,1.)) REPRESENTATION_ITEM(
  '') );
#11380 = CARTESIAN_POINT('',(0.292340342435,0.16578967201));
#11381 = CARTESIAN_POINT('',(0.292340342435,-7.415408746888E-03));
#11382 = CARTESIAN_POINT('',(0.142340342435,7.918713163156E-02));
#11383 = CARTESIAN_POINT('',(-7.659657565E-03,0.16578967201));
#11384 = CARTESIAN_POINT('',(0.142340342435,0.252392212388));
#11385 = CARTESIAN_POINT('',(0.292340342435,0.338994752767));
#11386 = CARTESIAN_POINT('',(0.292340342435,0.16578967201));
#11387 = ( GEOMETRIC_REPRESENTATION_CONTEXT(2) 
PARAMETRIC_REPRESENTATION_CONTEXT() REPRESENTATION_CONTEXT('2D SPACE',''
  ) );
#11388 = ORIENTED_EDGE('',*,*,#11389,.F.);
#11389 = EDGE_CURVE('',#10725,#11362,#11390,.T.);
#11390 = SURFACE_CURVE('',#11391,(#11395,#11402),.PCURVE_S1.);
#11391 = LINE('',#11392,#11393);
#11392 = CARTESIAN_POINT('',(-2.35,-0.84,0.725));
#11393 = VECTOR('',#11394,1.);
#11394 = DIRECTION('',(-9.95799250103E-17,1.,0.));
#11395 = PCURVE('',#8254,#11396);
#11396 = DEFINITIONAL_REPRESENTATION('',(#11397),#11401);
#11397 = LINE('',#11398,#11399);
#11398 = CARTESIAN_POINT('',(1.570796326795,0.));
#11399 = VECTOR('',#11400,1.);
#11400 = DIRECTION('',(0.,-1.));
#11401 = ( GEOMETRIC_REPRESENTATION_CONTEXT(2) 
PARAMETRIC_REPRESENTATION_CONTEXT() REPRESENTATION_CONTEXT('2D SPACE',''
  ) );
#11402 = PCURVE('',#10768,#11403);
#11403 = DEFINITIONAL_REPRESENTATION('',(#11404),#11408);
#11404 = LINE('',#11405,#11406);
#11405 = CARTESIAN_POINT('',(-0.,0.));
#11406 = VECTOR('',#11407,1.);
#11407 = DIRECTION('',(6.767833676919E-44,-1.));
#11408 = ( GEOMETRIC_REPRESENTATION_CONTEXT(2) 
PARAMETRIC_REPRESENTATION_CONTEXT() REPRESENTATION_CONTEXT('2D SPACE',''
  ) );
#11409 = ORIENTED_EDGE('',*,*,#10724,.F.);
#11410 = ADVANCED_FACE('',(#11411),#8228,.T.);
#11411 = FACE_BOUND('',#11412,.T.);
#11412 = EDGE_LOOP('',(#11413,#11414,#11415,#11416,#11439,#11463,#11486,
    #11509,#11532,#11560,#11583,#11607));
#11413 = ORIENTED_EDGE('',*,*,#8350,.F.);
#11414 = ORIENTED_EDGE('',*,*,#8212,.T.);
#11415 = ORIENTED_EDGE('',*,*,#11361,.T.);
#11416 = ORIENTED_EDGE('',*,*,#11417,.T.);
#11417 = EDGE_CURVE('',#11362,#11418,#11420,.T.);
#11418 = VERTEX_POINT('',#11419);
#11419 = CARTESIAN_POINT('',(-2.35,-0.43,0.3));
#11420 = SURFACE_CURVE('',#11421,(#11425,#11432),.PCURVE_S1.);
#11421 = LINE('',#11422,#11423);
#11422 = CARTESIAN_POINT('',(-2.35,-0.43,0.725));
#11423 = VECTOR('',#11424,1.);
#11424 = DIRECTION('',(-1.044915787883E-15,-1.040526357994E-31,-1.));
#11425 = PCURVE('',#8228,#11426);
#11426 = DEFINITIONAL_REPRESENTATION('',(#11427),#11431);
#11427 = LINE('',#11428,#11429);
#11428 = CARTESIAN_POINT('',(0.192340342435,6.578967201E-02));
#11429 = VECTOR('',#11430,1.);
#11430 = DIRECTION('',(-1.,-1.044915787883E-15));
#11431 = ( GEOMETRIC_REPRESENTATION_CONTEXT(2) 
PARAMETRIC_REPRESENTATION_CONTEXT() REPRESENTATION_CONTEXT('2D SPACE',''
  ) );
#11432 = PCURVE('',#10768,#11433);
#11433 = DEFINITIONAL_REPRESENTATION('',(#11434),#11438);
#11434 = LINE('',#11435,#11436);
#11435 = CARTESIAN_POINT('',(-4.266158067775E-32,-0.41));
#11436 = VECTOR('',#11437,1.);
#11437 = DIRECTION('',(1.,0.));
#11438 = ( GEOMETRIC_REPRESENTATION_CONTEXT(2) 
PARAMETRIC_REPRESENTATION_CONTEXT() REPRESENTATION_CONTEXT('2D SPACE',''
  ) );
#11439 = ORIENTED_EDGE('',*,*,#11440,.T.);
#11440 = EDGE_CURVE('',#11418,#11441,#11443,.T.);
#11441 = VERTEX_POINT('',#11442);
#11442 = CARTESIAN_POINT('',(-2.65,-0.43,5.551115123126E-17));
#11443 = SURFACE_CURVE('',#11444,(#11449,#11456),.PCURVE_S1.);
#11444 = CIRCLE('',#11445,0.3);
#11445 = AXIS2_PLACEMENT_3D('',#11446,#11447,#11448);
#11446 = CARTESIAN_POINT('',(-2.65,-0.43,0.3));
#11447 = DIRECTION('',(-9.95799250103E-17,1.,0.));
#11448 = DIRECTION('',(1.,9.95799250103E-17,3.515706244646E-15));
#11449 = PCURVE('',#8228,#11450);
#11450 = DEFINITIONAL_REPRESENTATION('',(#11451),#11455);
#11451 = CIRCLE('',#11452,0.3);
#11452 = AXIS2_PLACEMENT_2D('',#11453,#11454);
#11453 = CARTESIAN_POINT('',(-0.232659657565,-0.23421032799));
#11454 = DIRECTION('',(3.515706244646E-15,1.));
#11455 = ( GEOMETRIC_REPRESENTATION_CONTEXT(2) 
PARAMETRIC_REPRESENTATION_CONTEXT() REPRESENTATION_CONTEXT('2D SPACE',''
  ) );
#11456 = PCURVE('',#10797,#11457);
#11457 = DEFINITIONAL_REPRESENTATION('',(#11458),#11462);
#11458 = LINE('',#11459,#11460);
#11459 = CARTESIAN_POINT('',(6.28318530718,-0.41));
#11460 = VECTOR('',#11461,1.);
#11461 = DIRECTION('',(-1.,0.));
#11462 = ( GEOMETRIC_REPRESENTATION_CONTEXT(2) 
PARAMETRIC_REPRESENTATION_CONTEXT() REPRESENTATION_CONTEXT('2D SPACE',''
  ) );
#11463 = ORIENTED_EDGE('',*,*,#11464,.T.);
#11464 = EDGE_CURVE('',#11441,#11465,#11467,.T.);
#11465 = VERTEX_POINT('',#11466);
#11466 = CARTESIAN_POINT('',(-3.,-0.43,5.551115123126E-17));
#11467 = SURFACE_CURVE('',#11468,(#11472,#11479),.PCURVE_S1.);
#11468 = LINE('',#11469,#11470);
#11469 = CARTESIAN_POINT('',(-2.65,-0.43,5.551115123126E-17));
#11470 = VECTOR('',#11471,1.);
#11471 = DIRECTION('',(-1.,-9.95799250103E-17,0.));
#11472 = PCURVE('',#8228,#11473);
#11473 = DEFINITIONAL_REPRESENTATION('',(#11474),#11478);
#11474 = LINE('',#11475,#11476);
#11475 = CARTESIAN_POINT('',(-0.532659657565,-0.23421032799));
#11476 = VECTOR('',#11477,1.);
#11477 = DIRECTION('',(0.,-1.));
#11478 = ( GEOMETRIC_REPRESENTATION_CONTEXT(2) 
PARAMETRIC_REPRESENTATION_CONTEXT() REPRESENTATION_CONTEXT('2D SPACE',''
  ) );
#11479 = PCURVE('',#10825,#11480);
#11480 = DEFINITIONAL_REPRESENTATION('',(#11481),#11485);
#11481 = LINE('',#11482,#11483);
#11482 = CARTESIAN_POINT('',(-4.082776925422E-17,-0.41));
#11483 = VECTOR('',#11484,1.);
#11484 = DIRECTION('',(1.,0.));
#11485 = ( GEOMETRIC_REPRESENTATION_CONTEXT(2) 
PARAMETRIC_REPRESENTATION_CONTEXT() REPRESENTATION_CONTEXT('2D SPACE',''
  ) );
#11486 = ORIENTED_EDGE('',*,*,#11487,.T.);
#11487 = EDGE_CURVE('',#11465,#11488,#11490,.T.);
#11488 = VERTEX_POINT('',#11489);
#11489 = CARTESIAN_POINT('',(-3.,-0.43,0.2));
#11490 = SURFACE_CURVE('',#11491,(#11495,#11502),.PCURVE_S1.);
#11491 = LINE('',#11492,#11493);
#11492 = CARTESIAN_POINT('',(-3.,-0.43,5.551115123126E-17));
#11493 = VECTOR('',#11494,1.);
#11494 = DIRECTION('',(0.,0.,1.));
#11495 = PCURVE('',#8228,#11496);
#11496 = DEFINITIONAL_REPRESENTATION('',(#11497),#11501);
#11497 = LINE('',#11498,#11499);
#11498 = CARTESIAN_POINT('',(-0.532659657565,-0.58421032799));
#11499 = VECTOR('',#11500,1.);
#11500 = DIRECTION('',(1.,0.));
#11501 = ( GEOMETRIC_REPRESENTATION_CONTEXT(2) 
PARAMETRIC_REPRESENTATION_CONTEXT() REPRESENTATION_CONTEXT('2D SPACE',''
  ) );
#11502 = PCURVE('',#10853,#11503);
#11503 = DEFINITIONAL_REPRESENTATION('',(#11504),#11508);
#11504 = LINE('',#11505,#11506);
#11505 = CARTESIAN_POINT('',(0.,-0.41));
#11506 = VECTOR('',#11507,1.);
#11507 = DIRECTION('',(1.,0.));
#11508 = ( GEOMETRIC_REPRESENTATION_CONTEXT(2) 
PARAMETRIC_REPRESENTATION_CONTEXT() REPRESENTATION_CONTEXT('2D SPACE',''
  ) );
#11509 = ORIENTED_EDGE('',*,*,#11510,.T.);
#11510 = EDGE_CURVE('',#11488,#11511,#11513,.T.);
#11511 = VERTEX_POINT('',#11512);
#11512 = CARTESIAN_POINT('',(-2.65,-0.43,0.2));
#11513 = SURFACE_CURVE('',#11514,(#11518,#11525),.PCURVE_S1.);
#11514 = LINE('',#11515,#11516);
#11515 = CARTESIAN_POINT('',(-3.,-0.43,0.2));
#11516 = VECTOR('',#11517,1.);
#11517 = DIRECTION('',(1.,9.95799250103E-17,0.));
#11518 = PCURVE('',#8228,#11519);
#11519 = DEFINITIONAL_REPRESENTATION('',(#11520),#11524);
#11520 = LINE('',#11521,#11522);
#11521 = CARTESIAN_POINT('',(-0.332659657565,-0.58421032799));
#11522 = VECTOR('',#11523,1.);
#11523 = DIRECTION('',(0.,1.));
#11524 = ( GEOMETRIC_REPRESENTATION_CONTEXT(2) 
PARAMETRIC_REPRESENTATION_CONTEXT() REPRESENTATION_CONTEXT('2D SPACE',''
  ) );
#11525 = PCURVE('',#10881,#11526);
#11526 = DEFINITIONAL_REPRESENTATION('',(#11527),#11531);
#11527 = LINE('',#11528,#11529);
#11528 = CARTESIAN_POINT('',(4.082776925422E-17,-0.41));
#11529 = VECTOR('',#11530,1.);
#11530 = DIRECTION('',(1.,0.));
#11531 = ( GEOMETRIC_REPRESENTATION_CONTEXT(2) 
PARAMETRIC_REPRESENTATION_CONTEXT() REPRESENTATION_CONTEXT('2D SPACE',''
  ) );
#11532 = ORIENTED_EDGE('',*,*,#11533,.T.);
#11533 = EDGE_CURVE('',#11511,#11534,#11536,.T.);
#11534 = VERTEX_POINT('',#11535);
#11535 = CARTESIAN_POINT('',(-2.55,-0.43,0.3));
#11536 = SURFACE_CURVE('',#11537,(#11542,#11553),.PCURVE_S1.);
#11537 = CIRCLE('',#11538,0.1);
#11538 = AXIS2_PLACEMENT_3D('',#11539,#11540,#11541);
#11539 = CARTESIAN_POINT('',(-2.65,-0.43,0.3));
#11540 = DIRECTION('',(9.95799250103E-17,-1.,-0.));
#11541 = DIRECTION('',(-0.,0.,-1.));
#11542 = PCURVE('',#8228,#11543);
#11543 = DEFINITIONAL_REPRESENTATION('',(#11544),#11552);
#11544 = ( BOUNDED_CURVE() B_SPLINE_CURVE(2,(#11545,#11546,#11547,#11548
    ,#11549,#11550,#11551),.UNSPECIFIED.,.T.,.F.) 
B_SPLINE_CURVE_WITH_KNOTS((1,2,2,2,2,1),(-2.094395102393,0.,
    2.094395102393,4.188790204786,6.28318530718,8.377580409573),
.UNSPECIFIED.) CURVE() GEOMETRIC_REPRESENTATION_ITEM() 
RATIONAL_B_SPLINE_CURVE((1.,0.5,1.,0.5,1.,0.5,1.)) REPRESENTATION_ITEM(
  '') );
#11545 = CARTESIAN_POINT('',(-0.332659657565,-0.23421032799));
#11546 = CARTESIAN_POINT('',(-0.332659657565,-6.100524723311E-02));
#11547 = CARTESIAN_POINT('',(-0.182659657565,-0.147607787612));
#11548 = CARTESIAN_POINT('',(-3.2659657565E-02,-0.23421032799));
#11549 = CARTESIAN_POINT('',(-0.182659657565,-0.320812868368));
#11550 = CARTESIAN_POINT('',(-0.332659657565,-0.407415408747));
#11551 = CARTESIAN_POINT('',(-0.332659657565,-0.23421032799));
#11552 = ( GEOMETRIC_REPRESENTATION_CONTEXT(2) 
PARAMETRIC_REPRESENTATION_CONTEXT() REPRESENTATION_CONTEXT('2D SPACE',''
  ) );
#11553 = PCURVE('',#10914,#11554);
#11554 = DEFINITIONAL_REPRESENTATION('',(#11555),#11559);
#11555 = LINE('',#11556,#11557);
#11556 = CARTESIAN_POINT('',(0.,-0.41));
#11557 = VECTOR('',#11558,1.);
#11558 = DIRECTION('',(1.,0.));
#11559 = ( GEOMETRIC_REPRESENTATION_CONTEXT(2) 
PARAMETRIC_REPRESENTATION_CONTEXT() REPRESENTATION_CONTEXT('2D SPACE',''
  ) );
#11560 = ORIENTED_EDGE('',*,*,#11561,.T.);
#11561 = EDGE_CURVE('',#11534,#11562,#11564,.T.);
#11562 = VERTEX_POINT('',#11563);
#11563 = CARTESIAN_POINT('',(-2.55,-0.43,0.725));
#11564 = SURFACE_CURVE('',#11565,(#11569,#11576),.PCURVE_S1.);
#11565 = LINE('',#11566,#11567);
#11566 = CARTESIAN_POINT('',(-2.55,-0.43,0.3));
#11567 = VECTOR('',#11568,1.);
#11568 = DIRECTION('',(0.,0.,1.));
#11569 = PCURVE('',#8228,#11570);
#11570 = DEFINITIONAL_REPRESENTATION('',(#11571),#11575);
#11571 = LINE('',#11572,#11573);
#11572 = CARTESIAN_POINT('',(-0.232659657565,-0.13421032799));
#11573 = VECTOR('',#11574,1.);
#11574 = DIRECTION('',(1.,0.));
#11575 = ( GEOMETRIC_REPRESENTATION_CONTEXT(2) 
PARAMETRIC_REPRESENTATION_CONTEXT() REPRESENTATION_CONTEXT('2D SPACE',''
  ) );
#11576 = PCURVE('',#10942,#11577);
#11577 = DEFINITIONAL_REPRESENTATION('',(#11578),#11582);
#11578 = LINE('',#11579,#11580);
#11579 = CARTESIAN_POINT('',(0.,-0.41));
#11580 = VECTOR('',#11581,1.);
#11581 = DIRECTION('',(1.,0.));
#11582 = ( GEOMETRIC_REPRESENTATION_CONTEXT(2) 
PARAMETRIC_REPRESENTATION_CONTEXT() REPRESENTATION_CONTEXT('2D SPACE',''
  ) );
#11583 = ORIENTED_EDGE('',*,*,#11584,.T.);
#11584 = EDGE_CURVE('',#11562,#11585,#11587,.T.);
#11585 = VERTEX_POINT('',#11586);
#11586 = CARTESIAN_POINT('',(-2.25,-0.43,1.025));
#11587 = SURFACE_CURVE('',#11588,(#11593,#11600),.PCURVE_S1.);
#11588 = CIRCLE('',#11589,0.3);
#11589 = AXIS2_PLACEMENT_3D('',#11590,#11591,#11592);
#11590 = CARTESIAN_POINT('',(-2.25,-0.43,0.725));
#11591 = DIRECTION('',(-9.95799250103E-17,1.,0.));
#11592 = DIRECTION('',(-1.,-9.95799250103E-17,3.700743415417E-16));
#11593 = PCURVE('',#8228,#11594);
#11594 = DEFINITIONAL_REPRESENTATION('',(#11595),#11599);
#11595 = CIRCLE('',#11596,0.3);
#11596 = AXIS2_PLACEMENT_2D('',#11597,#11598);
#11597 = CARTESIAN_POINT('',(0.192340342435,0.16578967201));
#11598 = DIRECTION('',(3.700743415417E-16,-1.));
#11599 = ( GEOMETRIC_REPRESENTATION_CONTEXT(2) 
PARAMETRIC_REPRESENTATION_CONTEXT() REPRESENTATION_CONTEXT('2D SPACE',''
  ) );
#11600 = PCURVE('',#10971,#11601);
#11601 = DEFINITIONAL_REPRESENTATION('',(#11602),#11606);
#11602 = LINE('',#11603,#11604);
#11603 = CARTESIAN_POINT('',(6.28318530718,-0.41));
#11604 = VECTOR('',#11605,1.);
#11605 = DIRECTION('',(-1.,0.));
#11606 = ( GEOMETRIC_REPRESENTATION_CONTEXT(2) 
PARAMETRIC_REPRESENTATION_CONTEXT() REPRESENTATION_CONTEXT('2D SPACE',''
  ) );
#11607 = ORIENTED_EDGE('',*,*,#11608,.T.);
#11608 = EDGE_CURVE('',#11585,#8351,#11609,.T.);
#11609 = SURFACE_CURVE('',#11610,(#11614,#11621),.PCURVE_S1.);
#11610 = LINE('',#11611,#11612);
#11611 = CARTESIAN_POINT('',(-2.25,-0.43,1.025));
#11612 = VECTOR('',#11613,1.);
#11613 = DIRECTION('',(1.,9.95799250103E-17,0.));
#11614 = PCURVE('',#8228,#11615);
#11615 = DEFINITIONAL_REPRESENTATION('',(#11616),#11620);
#11616 = LINE('',#11617,#11618);
#11617 = CARTESIAN_POINT('',(0.492340342435,0.16578967201));
#11618 = VECTOR('',#11619,1.);
#11619 = DIRECTION('',(0.,1.));
#11620 = ( GEOMETRIC_REPRESENTATION_CONTEXT(2) 
PARAMETRIC_REPRESENTATION_CONTEXT() REPRESENTATION_CONTEXT('2D SPACE',''
  ) );
#11621 = PCURVE('',#9086,#11622);
#11622 = DEFINITIONAL_REPRESENTATION('',(#11623),#11627);
#11623 = LINE('',#11624,#11625);
#11624 = CARTESIAN_POINT('',(4.082776925422E-17,-0.41));
#11625 = VECTOR('',#11626,1.);
#11626 = DIRECTION('',(1.,0.));
#11627 = ( GEOMETRIC_REPRESENTATION_CONTEXT(2) 
PARAMETRIC_REPRESENTATION_CONTEXT() REPRESENTATION_CONTEXT('2D SPACE',''
  ) );
#11628 = ADVANCED_FACE('',(#11629),#8285,.F.);
#11629 = FACE_BOUND('',#11630,.F.);
#11630 = EDGE_LOOP('',(#11631,#11632,#11633,#11661,#11684,#11708,#11731,
    #11754,#11777,#11805,#11828,#11852));
#11631 = ORIENTED_EDGE('',*,*,#8374,.F.);
#11632 = ORIENTED_EDGE('',*,*,#8269,.T.);
#11633 = ORIENTED_EDGE('',*,*,#11634,.T.);
#11634 = EDGE_CURVE('',#8270,#11635,#11637,.T.);
#11635 = VERTEX_POINT('',#11636);
#11636 = CARTESIAN_POINT('',(-2.35,0.43,0.725));
#11637 = SURFACE_CURVE('',#11638,(#11643,#11654),.PCURVE_S1.);
#11638 = CIRCLE('',#11639,0.1);
#11639 = AXIS2_PLACEMENT_3D('',#11640,#11641,#11642);
#11640 = CARTESIAN_POINT('',(-2.25,0.43,0.725));
#11641 = DIRECTION('',(9.95799250103E-17,-1.,0.));
#11642 = DIRECTION('',(-4.440892098501E-15,-4.422237021476E-31,1.));
#11643 = PCURVE('',#8285,#11644);
#11644 = DEFINITIONAL_REPRESENTATION('',(#11645),#11653);
#11645 = ( BOUNDED_CURVE() B_SPLINE_CURVE(2,(#11646,#11647,#11648,#11649
    ,#11650,#11651,#11652),.UNSPECIFIED.,.T.,.F.) 
B_SPLINE_CURVE_WITH_KNOTS((1,2,2,2,2,1),(-2.094395102393,0.,
    2.094395102393,4.188790204786,6.28318530718,8.377580409573),
.UNSPECIFIED.) CURVE() GEOMETRIC_REPRESENTATION_ITEM() 
RATIONAL_B_SPLINE_CURVE((1.,0.5,1.,0.5,1.,0.5,1.)) REPRESENTATION_ITEM(
  '') );
#11646 = CARTESIAN_POINT('',(0.292340342435,0.16578967201));
#11647 = CARTESIAN_POINT('',(0.292340342435,-7.415408746888E-03));
#11648 = CARTESIAN_POINT('',(0.142340342435,7.918713163156E-02));
#11649 = CARTESIAN_POINT('',(-7.659657565E-03,0.16578967201));
#11650 = CARTESIAN_POINT('',(0.142340342435,0.252392212388));
#11651 = CARTESIAN_POINT('',(0.292340342435,0.338994752767));
#11652 = CARTESIAN_POINT('',(0.292340342435,0.16578967201));
#11653 = ( GEOMETRIC_REPRESENTATION_CONTEXT(2) 
PARAMETRIC_REPRESENTATION_CONTEXT() REPRESENTATION_CONTEXT('2D SPACE',''
  ) );
#11654 = PCURVE('',#8335,#11655);
#11655 = DEFINITIONAL_REPRESENTATION('',(#11656),#11660);
#11656 = LINE('',#11657,#11658);
#11657 = CARTESIAN_POINT('',(0.,0.));
#11658 = VECTOR('',#11659,1.);
#11659 = DIRECTION('',(1.,0.));
#11660 = ( GEOMETRIC_REPRESENTATION_CONTEXT(2) 
PARAMETRIC_REPRESENTATION_CONTEXT() REPRESENTATION_CONTEXT('2D SPACE',''
  ) );
#11661 = ORIENTED_EDGE('',*,*,#11662,.T.);
#11662 = EDGE_CURVE('',#11635,#11663,#11665,.T.);
#11663 = VERTEX_POINT('',#11664);
#11664 = CARTESIAN_POINT('',(-2.35,0.43,0.3));
#11665 = SURFACE_CURVE('',#11666,(#11670,#11677),.PCURVE_S1.);
#11666 = LINE('',#11667,#11668);
#11667 = CARTESIAN_POINT('',(-2.35,0.43,0.725));
#11668 = VECTOR('',#11669,1.);
#11669 = DIRECTION('',(-1.044915787883E-15,-1.040526357994E-31,-1.));
#11670 = PCURVE('',#8285,#11671);
#11671 = DEFINITIONAL_REPRESENTATION('',(#11672),#11676);
#11672 = LINE('',#11673,#11674);
#11673 = CARTESIAN_POINT('',(0.192340342435,6.578967201E-02));
#11674 = VECTOR('',#11675,1.);
#11675 = DIRECTION('',(-1.,-1.044915787883E-15));
#11676 = ( GEOMETRIC_REPRESENTATION_CONTEXT(2) 
PARAMETRIC_REPRESENTATION_CONTEXT() REPRESENTATION_CONTEXT('2D SPACE',''
  ) );
#11677 = PCURVE('',#11053,#11678);
#11678 = DEFINITIONAL_REPRESENTATION('',(#11679),#11683);
#11679 = LINE('',#11680,#11681);
#11680 = CARTESIAN_POINT('',(-0.,0.));
#11681 = VECTOR('',#11682,1.);
#11682 = DIRECTION('',(1.,0.));
#11683 = ( GEOMETRIC_REPRESENTATION_CONTEXT(2) 
PARAMETRIC_REPRESENTATION_CONTEXT() REPRESENTATION_CONTEXT('2D SPACE',''
  ) );
#11684 = ORIENTED_EDGE('',*,*,#11685,.T.);
#11685 = EDGE_CURVE('',#11663,#11686,#11688,.T.);
#11686 = VERTEX_POINT('',#11687);
#11687 = CARTESIAN_POINT('',(-2.65,0.43,5.551115123126E-17));
#11688 = SURFACE_CURVE('',#11689,(#11694,#11701),.PCURVE_S1.);
#11689 = CIRCLE('',#11690,0.3);
#11690 = AXIS2_PLACEMENT_3D('',#11691,#11692,#11693);
#11691 = CARTESIAN_POINT('',(-2.65,0.43,0.3));
#11692 = DIRECTION('',(-9.95799250103E-17,1.,0.));
#11693 = DIRECTION('',(1.,9.95799250103E-17,3.515706244646E-15));
#11694 = PCURVE('',#8285,#11695);
#11695 = DEFINITIONAL_REPRESENTATION('',(#11696),#11700);
#11696 = CIRCLE('',#11697,0.3);
#11697 = AXIS2_PLACEMENT_2D('',#11698,#11699);
#11698 = CARTESIAN_POINT('',(-0.232659657565,-0.23421032799));
#11699 = DIRECTION('',(3.515706244646E-15,1.));
#11700 = ( GEOMETRIC_REPRESENTATION_CONTEXT(2) 
PARAMETRIC_REPRESENTATION_CONTEXT() REPRESENTATION_CONTEXT('2D SPACE',''
  ) );
#11701 = PCURVE('',#11082,#11702);
#11702 = DEFINITIONAL_REPRESENTATION('',(#11703),#11707);
#11703 = LINE('',#11704,#11705);
#11704 = CARTESIAN_POINT('',(6.28318530718,0.));
#11705 = VECTOR('',#11706,1.);
#11706 = DIRECTION('',(-1.,0.));
#11707 = ( GEOMETRIC_REPRESENTATION_CONTEXT(2) 
PARAMETRIC_REPRESENTATION_CONTEXT() REPRESENTATION_CONTEXT('2D SPACE',''
  ) );
#11708 = ORIENTED_EDGE('',*,*,#11709,.T.);
#11709 = EDGE_CURVE('',#11686,#11710,#11712,.T.);
#11710 = VERTEX_POINT('',#11711);
#11711 = CARTESIAN_POINT('',(-3.,0.43,5.551115123126E-17));
#11712 = SURFACE_CURVE('',#11713,(#11717,#11724),.PCURVE_S1.);
#11713 = LINE('',#11714,#11715);
#11714 = CARTESIAN_POINT('',(-2.65,0.43,5.551115123126E-17));
#11715 = VECTOR('',#11716,1.);
#11716 = DIRECTION('',(-1.,-9.95799250103E-17,0.));
#11717 = PCURVE('',#8285,#11718);
#11718 = DEFINITIONAL_REPRESENTATION('',(#11719),#11723);
#11719 = LINE('',#11720,#11721);
#11720 = CARTESIAN_POINT('',(-0.532659657565,-0.23421032799));
#11721 = VECTOR('',#11722,1.);
#11722 = DIRECTION('',(0.,-1.));
#11723 = ( GEOMETRIC_REPRESENTATION_CONTEXT(2) 
PARAMETRIC_REPRESENTATION_CONTEXT() REPRESENTATION_CONTEXT('2D SPACE',''
  ) );
#11724 = PCURVE('',#11110,#11725);
#11725 = DEFINITIONAL_REPRESENTATION('',(#11726),#11730);
#11726 = LINE('',#11727,#11728);
#11727 = CARTESIAN_POINT('',(0.,0.));
#11728 = VECTOR('',#11729,1.);
#11729 = DIRECTION('',(1.,0.));
#11730 = ( GEOMETRIC_REPRESENTATION_CONTEXT(2) 
PARAMETRIC_REPRESENTATION_CONTEXT() REPRESENTATION_CONTEXT('2D SPACE',''
  ) );
#11731 = ORIENTED_EDGE('',*,*,#11732,.T.);
#11732 = EDGE_CURVE('',#11710,#11733,#11735,.T.);
#11733 = VERTEX_POINT('',#11734);
#11734 = CARTESIAN_POINT('',(-3.,0.43,0.2));
#11735 = SURFACE_CURVE('',#11736,(#11740,#11747),.PCURVE_S1.);
#11736 = LINE('',#11737,#11738);
#11737 = CARTESIAN_POINT('',(-3.,0.43,5.551115123126E-17));
#11738 = VECTOR('',#11739,1.);
#11739 = DIRECTION('',(0.,0.,1.));
#11740 = PCURVE('',#8285,#11741);
#11741 = DEFINITIONAL_REPRESENTATION('',(#11742),#11746);
#11742 = LINE('',#11743,#11744);
#11743 = CARTESIAN_POINT('',(-0.532659657565,-0.58421032799));
#11744 = VECTOR('',#11745,1.);
#11745 = DIRECTION('',(1.,0.));
#11746 = ( GEOMETRIC_REPRESENTATION_CONTEXT(2) 
PARAMETRIC_REPRESENTATION_CONTEXT() REPRESENTATION_CONTEXT('2D SPACE',''
  ) );
#11747 = PCURVE('',#11138,#11748);
#11748 = DEFINITIONAL_REPRESENTATION('',(#11749),#11753);
#11749 = LINE('',#11750,#11751);
#11750 = CARTESIAN_POINT('',(0.,0.));
#11751 = VECTOR('',#11752,1.);
#11752 = DIRECTION('',(1.,0.));
#11753 = ( GEOMETRIC_REPRESENTATION_CONTEXT(2) 
PARAMETRIC_REPRESENTATION_CONTEXT() REPRESENTATION_CONTEXT('2D SPACE',''
  ) );
#11754 = ORIENTED_EDGE('',*,*,#11755,.T.);
#11755 = EDGE_CURVE('',#11733,#11756,#11758,.T.);
#11756 = VERTEX_POINT('',#11757);
#11757 = CARTESIAN_POINT('',(-2.65,0.43,0.2));
#11758 = SURFACE_CURVE('',#11759,(#11763,#11770),.PCURVE_S1.);
#11759 = LINE('',#11760,#11761);
#11760 = CARTESIAN_POINT('',(-3.,0.43,0.2));
#11761 = VECTOR('',#11762,1.);
#11762 = DIRECTION('',(1.,9.95799250103E-17,0.));
#11763 = PCURVE('',#8285,#11764);
#11764 = DEFINITIONAL_REPRESENTATION('',(#11765),#11769);
#11765 = LINE('',#11766,#11767);
#11766 = CARTESIAN_POINT('',(-0.332659657565,-0.58421032799));
#11767 = VECTOR('',#11768,1.);
#11768 = DIRECTION('',(0.,1.));
#11769 = ( GEOMETRIC_REPRESENTATION_CONTEXT(2) 
PARAMETRIC_REPRESENTATION_CONTEXT() REPRESENTATION_CONTEXT('2D SPACE',''
  ) );
#11770 = PCURVE('',#11166,#11771);
#11771 = DEFINITIONAL_REPRESENTATION('',(#11772),#11776);
#11772 = LINE('',#11773,#11774);
#11773 = CARTESIAN_POINT('',(0.,0.));
#11774 = VECTOR('',#11775,1.);
#11775 = DIRECTION('',(1.,0.));
#11776 = ( GEOMETRIC_REPRESENTATION_CONTEXT(2) 
PARAMETRIC_REPRESENTATION_CONTEXT() REPRESENTATION_CONTEXT('2D SPACE',''
  ) );
#11777 = ORIENTED_EDGE('',*,*,#11778,.T.);
#11778 = EDGE_CURVE('',#11756,#11779,#11781,.T.);
#11779 = VERTEX_POINT('',#11780);
#11780 = CARTESIAN_POINT('',(-2.55,0.43,0.3));
#11781 = SURFACE_CURVE('',#11782,(#11787,#11798),.PCURVE_S1.);
#11782 = CIRCLE('',#11783,0.1);
#11783 = AXIS2_PLACEMENT_3D('',#11784,#11785,#11786);
#11784 = CARTESIAN_POINT('',(-2.65,0.43,0.3));
#11785 = DIRECTION('',(9.95799250103E-17,-1.,-0.));
#11786 = DIRECTION('',(-0.,0.,-1.));
#11787 = PCURVE('',#8285,#11788);
#11788 = DEFINITIONAL_REPRESENTATION('',(#11789),#11797);
#11789 = ( BOUNDED_CURVE() B_SPLINE_CURVE(2,(#11790,#11791,#11792,#11793
    ,#11794,#11795,#11796),.UNSPECIFIED.,.T.,.F.) 
B_SPLINE_CURVE_WITH_KNOTS((1,2,2,2,2,1),(-2.094395102393,0.,
    2.094395102393,4.188790204786,6.28318530718,8.377580409573),
.UNSPECIFIED.) CURVE() GEOMETRIC_REPRESENTATION_ITEM() 
RATIONAL_B_SPLINE_CURVE((1.,0.5,1.,0.5,1.,0.5,1.)) REPRESENTATION_ITEM(
  '') );
#11790 = CARTESIAN_POINT('',(-0.332659657565,-0.23421032799));
#11791 = CARTESIAN_POINT('',(-0.332659657565,-6.100524723311E-02));
#11792 = CARTESIAN_POINT('',(-0.182659657565,-0.147607787612));
#11793 = CARTESIAN_POINT('',(-3.2659657565E-02,-0.23421032799));
#11794 = CARTESIAN_POINT('',(-0.182659657565,-0.320812868368));
#11795 = CARTESIAN_POINT('',(-0.332659657565,-0.407415408747));
#11796 = CARTESIAN_POINT('',(-0.332659657565,-0.23421032799));
#11797 = ( GEOMETRIC_REPRESENTATION_CONTEXT(2) 
PARAMETRIC_REPRESENTATION_CONTEXT() REPRESENTATION_CONTEXT('2D SPACE',''
  ) );
#11798 = PCURVE('',#11199,#11799);
#11799 = DEFINITIONAL_REPRESENTATION('',(#11800),#11804);
#11800 = LINE('',#11801,#11802);
#11801 = CARTESIAN_POINT('',(0.,0.));
#11802 = VECTOR('',#11803,1.);
#11803 = DIRECTION('',(1.,0.));
#11804 = ( GEOMETRIC_REPRESENTATION_CONTEXT(2) 
PARAMETRIC_REPRESENTATION_CONTEXT() REPRESENTATION_CONTEXT('2D SPACE',''
  ) );
#11805 = ORIENTED_EDGE('',*,*,#11806,.T.);
#11806 = EDGE_CURVE('',#11779,#11807,#11809,.T.);
#11807 = VERTEX_POINT('',#11808);
#11808 = CARTESIAN_POINT('',(-2.55,0.43,0.725));
#11809 = SURFACE_CURVE('',#11810,(#11814,#11821),.PCURVE_S1.);
#11810 = LINE('',#11811,#11812);
#11811 = CARTESIAN_POINT('',(-2.55,0.43,0.3));
#11812 = VECTOR('',#11813,1.);
#11813 = DIRECTION('',(0.,0.,1.));
#11814 = PCURVE('',#8285,#11815);
#11815 = DEFINITIONAL_REPRESENTATION('',(#11816),#11820);
#11816 = LINE('',#11817,#11818);
#11817 = CARTESIAN_POINT('',(-0.232659657565,-0.13421032799));
#11818 = VECTOR('',#11819,1.);
#11819 = DIRECTION('',(1.,0.));
#11820 = ( GEOMETRIC_REPRESENTATION_CONTEXT(2) 
PARAMETRIC_REPRESENTATION_CONTEXT() REPRESENTATION_CONTEXT('2D SPACE',''
  ) );
#11821 = PCURVE('',#11227,#11822);
#11822 = DEFINITIONAL_REPRESENTATION('',(#11823),#11827);
#11823 = LINE('',#11824,#11825);
#11824 = CARTESIAN_POINT('',(0.,0.));
#11825 = VECTOR('',#11826,1.);
#11826 = DIRECTION('',(1.,0.));
#11827 = ( GEOMETRIC_REPRESENTATION_CONTEXT(2) 
PARAMETRIC_REPRESENTATION_CONTEXT() REPRESENTATION_CONTEXT('2D SPACE',''
  ) );
#11828 = ORIENTED_EDGE('',*,*,#11829,.T.);
#11829 = EDGE_CURVE('',#11807,#11830,#11832,.T.);
#11830 = VERTEX_POINT('',#11831);
#11831 = CARTESIAN_POINT('',(-2.25,0.43,1.025));
#11832 = SURFACE_CURVE('',#11833,(#11838,#11845),.PCURVE_S1.);
#11833 = CIRCLE('',#11834,0.3);
#11834 = AXIS2_PLACEMENT_3D('',#11835,#11836,#11837);
#11835 = CARTESIAN_POINT('',(-2.25,0.43,0.725));
#11836 = DIRECTION('',(-9.95799250103E-17,1.,0.));
#11837 = DIRECTION('',(-1.,-9.95799250103E-17,3.700743415417E-16));
#11838 = PCURVE('',#8285,#11839);
#11839 = DEFINITIONAL_REPRESENTATION('',(#11840),#11844);
#11840 = CIRCLE('',#11841,0.3);
#11841 = AXIS2_PLACEMENT_2D('',#11842,#11843);
#11842 = CARTESIAN_POINT('',(0.192340342435,0.16578967201));
#11843 = DIRECTION('',(3.700743415417E-16,-1.));
#11844 = ( GEOMETRIC_REPRESENTATION_CONTEXT(2) 
PARAMETRIC_REPRESENTATION_CONTEXT() REPRESENTATION_CONTEXT('2D SPACE',''
  ) );
#11845 = PCURVE('',#11256,#11846);
#11846 = DEFINITIONAL_REPRESENTATION('',(#11847),#11851);
#11847 = LINE('',#11848,#11849);
#11848 = CARTESIAN_POINT('',(6.28318530718,0.));
#11849 = VECTOR('',#11850,1.);
#11850 = DIRECTION('',(-1.,0.));
#11851 = ( GEOMETRIC_REPRESENTATION_CONTEXT(2) 
PARAMETRIC_REPRESENTATION_CONTEXT() REPRESENTATION_CONTEXT('2D SPACE',''
  ) );
#11852 = ORIENTED_EDGE('',*,*,#11853,.T.);
#11853 = EDGE_CURVE('',#11830,#8375,#11854,.T.);
#11854 = SURFACE_CURVE('',#11855,(#11859,#11866),.PCURVE_S1.);
#11855 = LINE('',#11856,#11857);
#11856 = CARTESIAN_POINT('',(-2.25,0.43,1.025));
#11857 = VECTOR('',#11858,1.);
#11858 = DIRECTION('',(1.,9.95799250103E-17,0.));
#11859 = PCURVE('',#8285,#11860);
#11860 = DEFINITIONAL_REPRESENTATION('',(#11861),#11865);
#11861 = LINE('',#11862,#11863);
#11862 = CARTESIAN_POINT('',(0.492340342435,0.16578967201));
#11863 = VECTOR('',#11864,1.);
#11864 = DIRECTION('',(0.,1.));
#11865 = ( GEOMETRIC_REPRESENTATION_CONTEXT(2) 
PARAMETRIC_REPRESENTATION_CONTEXT() REPRESENTATION_CONTEXT('2D SPACE',''
  ) );
#11866 = PCURVE('',#9136,#11867);
#11867 = DEFINITIONAL_REPRESENTATION('',(#11868),#11872);
#11868 = LINE('',#11869,#11870);
#11869 = CARTESIAN_POINT('',(0.,0.));
#11870 = VECTOR('',#11871,1.);
#11871 = DIRECTION('',(1.,0.));
#11872 = ( GEOMETRIC_REPRESENTATION_CONTEXT(2) 
PARAMETRIC_REPRESENTATION_CONTEXT() REPRESENTATION_CONTEXT('2D SPACE',''
  ) );
#11873 = ADVANCED_FACE('',(#11874),#8335,.F.);
#11874 = FACE_BOUND('',#11875,.F.);
#11875 = EDGE_LOOP('',(#11876,#11877,#11878,#11899));
#11876 = ORIENTED_EDGE('',*,*,#8321,.T.);
#11877 = ORIENTED_EDGE('',*,*,#11009,.T.);
#11878 = ORIENTED_EDGE('',*,*,#11879,.F.);
#11879 = EDGE_CURVE('',#11635,#11010,#11880,.T.);
#11880 = SURFACE_CURVE('',#11881,(#11885,#11892),.PCURVE_S1.);
#11881 = LINE('',#11882,#11883);
#11882 = CARTESIAN_POINT('',(-2.35,0.43,0.725));
#11883 = VECTOR('',#11884,1.);
#11884 = DIRECTION('',(-9.95799250103E-17,1.,0.));
#11885 = PCURVE('',#8335,#11886);
#11886 = DEFINITIONAL_REPRESENTATION('',(#11887),#11891);
#11887 = LINE('',#11888,#11889);
#11888 = CARTESIAN_POINT('',(1.570796326795,0.));
#11889 = VECTOR('',#11890,1.);
#11890 = DIRECTION('',(0.,-1.));
#11891 = ( GEOMETRIC_REPRESENTATION_CONTEXT(2) 
PARAMETRIC_REPRESENTATION_CONTEXT() REPRESENTATION_CONTEXT('2D SPACE',''
  ) );
#11892 = PCURVE('',#11053,#11893);
#11893 = DEFINITIONAL_REPRESENTATION('',(#11894),#11898);
#11894 = LINE('',#11895,#11896);
#11895 = CARTESIAN_POINT('',(-0.,0.));
#11896 = VECTOR('',#11897,1.);
#11897 = DIRECTION('',(6.767833676919E-44,-1.));
#11898 = ( GEOMETRIC_REPRESENTATION_CONTEXT(2) 
PARAMETRIC_REPRESENTATION_CONTEXT() REPRESENTATION_CONTEXT('2D SPACE',''
  ) );
#11899 = ORIENTED_EDGE('',*,*,#11634,.F.);
#11900 = ADVANCED_FACE('',(#11901),#8411,.F.);
#11901 = FACE_BOUND('',#11902,.F.);
#11902 = EDGE_LOOP('',(#11903,#11923,#11924,#11944));
#11903 = ORIENTED_EDGE('',*,*,#11904,.F.);
#11904 = EDGE_CURVE('',#8351,#9071,#11905,.T.);
#11905 = SURFACE_CURVE('',#11906,(#11910,#11916),.PCURVE_S1.);
#11906 = LINE('',#11907,#11908);
#11907 = CARTESIAN_POINT('',(-2.25,-0.43,1.025));
#11908 = VECTOR('',#11909,1.);
#11909 = DIRECTION('',(1.,9.95799250103E-17,0.));
#11910 = PCURVE('',#8411,#11911);
#11911 = DEFINITIONAL_REPRESENTATION('',(#11912),#11915);
#11912 = B_SPLINE_CURVE_WITH_KNOTS('',1,(#11913,#11914),.UNSPECIFIED.,
  .F.,.F.,(2,2),(0.3,0.375),.PIECEWISE_BEZIER_KNOTS.);
#11913 = CARTESIAN_POINT('',(1.845,3.104370344802E-17));
#11914 = CARTESIAN_POINT('',(1.837793296089,1.));
#11915 = ( GEOMETRIC_REPRESENTATION_CONTEXT(2) 
PARAMETRIC_REPRESENTATION_CONTEXT() REPRESENTATION_CONTEXT('2D SPACE',''
  ) );
#11916 = PCURVE('',#9086,#11917);
#11917 = DEFINITIONAL_REPRESENTATION('',(#11918),#11922);
#11918 = LINE('',#11919,#11920);
#11919 = CARTESIAN_POINT('',(4.082776925422E-17,-0.41));
#11920 = VECTOR('',#11921,1.);
#11921 = DIRECTION('',(1.,0.));
#11922 = ( GEOMETRIC_REPRESENTATION_CONTEXT(2) 
PARAMETRIC_REPRESENTATION_CONTEXT() REPRESENTATION_CONTEXT('2D SPACE',''
  ) );
#11923 = ORIENTED_EDGE('',*,*,#8397,.T.);
#11924 = ORIENTED_EDGE('',*,*,#11925,.T.);
#11925 = EDGE_CURVE('',#8375,#9099,#11926,.T.);
#11926 = SURFACE_CURVE('',#11927,(#11931,#11937),.PCURVE_S1.);
#11927 = LINE('',#11928,#11929);
#11928 = CARTESIAN_POINT('',(-2.25,0.43,1.025));
#11929 = VECTOR('',#11930,1.);
#11930 = DIRECTION('',(1.,9.95799250103E-17,0.));
#11931 = PCURVE('',#8411,#11932);
#11932 = DEFINITIONAL_REPRESENTATION('',(#11933),#11936);
#11933 = B_SPLINE_CURVE_WITH_KNOTS('',1,(#11934,#11935),.UNSPECIFIED.,
  .F.,.F.,(2,2),(0.3,0.375),.PIECEWISE_BEZIER_KNOTS.);
#11934 = CARTESIAN_POINT('',(2.705,2.93089957531E-17));
#11935 = CARTESIAN_POINT('',(2.712206703911,1.));
#11936 = ( GEOMETRIC_REPRESENTATION_CONTEXT(2) 
PARAMETRIC_REPRESENTATION_CONTEXT() REPRESENTATION_CONTEXT('2D SPACE',''
  ) );
#11937 = PCURVE('',#9136,#11938);
#11938 = DEFINITIONAL_REPRESENTATION('',(#11939),#11943);
#11939 = LINE('',#11940,#11941);
#11940 = CARTESIAN_POINT('',(0.,0.));
#11941 = VECTOR('',#11942,1.);
#11942 = DIRECTION('',(1.,0.));
#11943 = ( GEOMETRIC_REPRESENTATION_CONTEXT(2) 
PARAMETRIC_REPRESENTATION_CONTEXT() REPRESENTATION_CONTEXT('2D SPACE',''
  ) );
#11944 = ORIENTED_EDGE('',*,*,#9098,.F.);
#11945 = ADVANCED_FACE('',(#11946),#8442,.F.);
#11946 = FACE_BOUND('',#11947,.F.);
#11947 = EDGE_LOOP('',(#11948,#11949,#11950,#11951));
#11948 = ORIENTED_EDGE('',*,*,#8428,.T.);
#11949 = ORIENTED_EDGE('',*,*,#8900,.T.);
#11950 = ORIENTED_EDGE('',*,*,#8949,.F.);
#11951 = ORIENTED_EDGE('',*,*,#10086,.F.);
#11952 = ADVANCED_FACE('',(#11953),#9036,.F.);
#11953 = FACE_BOUND('',#11954,.F.);
#11954 = EDGE_LOOP('',(#11955,#11956,#11977,#11978,#11979,#11980));
#11955 = ORIENTED_EDGE('',*,*,#9733,.F.);
#11956 = ORIENTED_EDGE('',*,*,#11957,.T.);
#11957 = EDGE_CURVE('',#9705,#10335,#11958,.T.);
#11958 = SURFACE_CURVE('',#11959,(#11963,#11970),.PCURVE_S1.);
#11959 = LINE('',#11960,#11961);
#11960 = CARTESIAN_POINT('',(-2.25,-2.11,1.025));
#11961 = VECTOR('',#11962,1.);
#11962 = DIRECTION('',(-9.95799250103E-17,1.,0.));
#11963 = PCURVE('',#9036,#11964);
#11964 = DEFINITIONAL_REPRESENTATION('',(#11965),#11969);
#11965 = LINE('',#11966,#11967);
#11966 = CARTESIAN_POINT('',(0.,0.));
#11967 = VECTOR('',#11968,1.);
#11968 = DIRECTION('',(0.,-1.));
#11969 = ( GEOMETRIC_REPRESENTATION_CONTEXT(2) 
PARAMETRIC_REPRESENTATION_CONTEXT() REPRESENTATION_CONTEXT('2D SPACE',''
  ) );
#11970 = PCURVE('',#9721,#11971);
#11971 = DEFINITIONAL_REPRESENTATION('',(#11972),#11976);
#11972 = LINE('',#11973,#11974);
#11973 = CARTESIAN_POINT('',(4.712388980385,0.));
#11974 = VECTOR('',#11975,1.);
#11975 = DIRECTION('',(0.,-1.));
#11976 = ( GEOMETRIC_REPRESENTATION_CONTEXT(2) 
PARAMETRIC_REPRESENTATION_CONTEXT() REPRESENTATION_CONTEXT('2D SPACE',''
  ) );
#11977 = ORIENTED_EDGE('',*,*,#10358,.T.);
#11978 = ORIENTED_EDGE('',*,*,#10654,.T.);
#11979 = ORIENTED_EDGE('',*,*,#9020,.F.);
#11980 = ORIENTED_EDGE('',*,*,#9425,.F.);
#11981 = ADVANCED_FACE('',(#11982),#9086,.F.);
#11982 = FACE_BOUND('',#11983,.F.);
#11983 = EDGE_LOOP('',(#11984,#11985,#12006,#12007,#12008,#12009));
#11984 = ORIENTED_EDGE('',*,*,#10983,.F.);
#11985 = ORIENTED_EDGE('',*,*,#11986,.T.);
#11986 = EDGE_CURVE('',#10955,#11585,#11987,.T.);
#11987 = SURFACE_CURVE('',#11988,(#11992,#11999),.PCURVE_S1.);
#11988 = LINE('',#11989,#11990);
#11989 = CARTESIAN_POINT('',(-2.25,-0.84,1.025));
#11990 = VECTOR('',#11991,1.);
#11991 = DIRECTION('',(-9.95799250103E-17,1.,0.));
#11992 = PCURVE('',#9086,#11993);
#11993 = DEFINITIONAL_REPRESENTATION('',(#11994),#11998);
#11994 = LINE('',#11995,#11996);
#11995 = CARTESIAN_POINT('',(0.,0.));
#11996 = VECTOR('',#11997,1.);
#11997 = DIRECTION('',(0.,-1.));
#11998 = ( GEOMETRIC_REPRESENTATION_CONTEXT(2) 
PARAMETRIC_REPRESENTATION_CONTEXT() REPRESENTATION_CONTEXT('2D SPACE',''
  ) );
#11999 = PCURVE('',#10971,#12000);
#12000 = DEFINITIONAL_REPRESENTATION('',(#12001),#12005);
#12001 = LINE('',#12002,#12003);
#12002 = CARTESIAN_POINT('',(4.712388980385,0.));
#12003 = VECTOR('',#12004,1.);
#12004 = DIRECTION('',(0.,-1.));
#12005 = ( GEOMETRIC_REPRESENTATION_CONTEXT(2) 
PARAMETRIC_REPRESENTATION_CONTEXT() REPRESENTATION_CONTEXT('2D SPACE',''
  ) );
#12006 = ORIENTED_EDGE('',*,*,#11608,.T.);
#12007 = ORIENTED_EDGE('',*,*,#11904,.T.);
#12008 = ORIENTED_EDGE('',*,*,#9070,.F.);
#12009 = ORIENTED_EDGE('',*,*,#10698,.F.);
#12010 = ADVANCED_FACE('',(#12011),#9186,.F.);
#12011 = FACE_BOUND('',#12012,.F.);
#12012 = EDGE_LOOP('',(#12013,#12014,#12035,#12036,#12037,#12038));
#12013 = ORIENTED_EDGE('',*,*,#10603,.F.);
#12014 = ORIENTED_EDGE('',*,*,#12015,.T.);
#12015 = EDGE_CURVE('',#10580,#9990,#12016,.T.);
#12016 = SURFACE_CURVE('',#12017,(#12021,#12028),.PCURVE_S1.);
#12017 = LINE('',#12018,#12019);
#12018 = CARTESIAN_POINT('',(-2.25,1.7,1.025));
#12019 = VECTOR('',#12020,1.);
#12020 = DIRECTION('',(-9.95799250103E-17,1.,0.));
#12021 = PCURVE('',#9186,#12022);
#12022 = DEFINITIONAL_REPRESENTATION('',(#12023),#12027);
#12023 = LINE('',#12024,#12025);
#12024 = CARTESIAN_POINT('',(0.,0.));
#12025 = VECTOR('',#12026,1.);
#12026 = DIRECTION('',(0.,-1.));
#12027 = ( GEOMETRIC_REPRESENTATION_CONTEXT(2) 
PARAMETRIC_REPRESENTATION_CONTEXT() REPRESENTATION_CONTEXT('2D SPACE',''
  ) );
#12028 = PCURVE('',#10006,#12029);
#12029 = DEFINITIONAL_REPRESENTATION('',(#12030),#12034);
#12030 = LINE('',#12031,#12032);
#12031 = CARTESIAN_POINT('',(4.712388980385,0.));
#12032 = VECTOR('',#12033,1.);
#12033 = DIRECTION('',(0.,-1.));
#12034 = ( GEOMETRIC_REPRESENTATION_CONTEXT(2) 
PARAMETRIC_REPRESENTATION_CONTEXT() REPRESENTATION_CONTEXT('2D SPACE',''
  ) );
#12035 = ORIENTED_EDGE('',*,*,#10018,.T.);
#12036 = ORIENTED_EDGE('',*,*,#10042,.T.);
#12037 = ORIENTED_EDGE('',*,*,#9170,.F.);
#12038 = ORIENTED_EDGE('',*,*,#11313,.F.);
#12039 = ADVANCED_FACE('',(#12040),#9136,.F.);
#12040 = FACE_BOUND('',#12041,.F.);
#12041 = EDGE_LOOP('',(#12042,#12043,#12064,#12065,#12066,#12067));
#12042 = ORIENTED_EDGE('',*,*,#11853,.F.);
#12043 = ORIENTED_EDGE('',*,*,#12044,.T.);
#12044 = EDGE_CURVE('',#11830,#11240,#12045,.T.);
#12045 = SURFACE_CURVE('',#12046,(#12050,#12057),.PCURVE_S1.);
#12046 = LINE('',#12047,#12048);
#12047 = CARTESIAN_POINT('',(-2.25,0.43,1.025));
#12048 = VECTOR('',#12049,1.);
#12049 = DIRECTION('',(-9.95799250103E-17,1.,0.));
#12050 = PCURVE('',#9136,#12051);
#12051 = DEFINITIONAL_REPRESENTATION('',(#12052),#12056);
#12052 = LINE('',#12053,#12054);
#12053 = CARTESIAN_POINT('',(0.,0.));
#12054 = VECTOR('',#12055,1.);
#12055 = DIRECTION('',(0.,-1.));
#12056 = ( GEOMETRIC_REPRESENTATION_CONTEXT(2) 
PARAMETRIC_REPRESENTATION_CONTEXT() REPRESENTATION_CONTEXT('2D SPACE',''
  ) );
#12057 = PCURVE('',#11256,#12058);
#12058 = DEFINITIONAL_REPRESENTATION('',(#12059),#12063);
#12059 = LINE('',#12060,#12061);
#12060 = CARTESIAN_POINT('',(4.712388980385,0.));
#12061 = VECTOR('',#12062,1.);
#12062 = DIRECTION('',(0.,-1.));
#12063 = ( GEOMETRIC_REPRESENTATION_CONTEXT(2) 
PARAMETRIC_REPRESENTATION_CONTEXT() REPRESENTATION_CONTEXT('2D SPACE',''
  ) );
#12064 = ORIENTED_EDGE('',*,*,#11268,.T.);
#12065 = ORIENTED_EDGE('',*,*,#11292,.T.);
#12066 = ORIENTED_EDGE('',*,*,#9120,.F.);
#12067 = ORIENTED_EDGE('',*,*,#11925,.F.);
#12068 = ADVANCED_FACE('',(#12069),#9333,.T.);
#12069 = FACE_BOUND('',#12070,.T.);
#12070 = EDGE_LOOP('',(#12071));
#12071 = ORIENTED_EDGE('',*,*,#9316,.T.);
#12072 = ADVANCED_FACE('',(#12073),#9721,.T.);
#12073 = FACE_BOUND('',#12074,.T.);
#12074 = EDGE_LOOP('',(#12075,#12076,#12077,#12078));
#12075 = ORIENTED_EDGE('',*,*,#9704,.T.);
#12076 = ORIENTED_EDGE('',*,*,#11957,.T.);
#12077 = ORIENTED_EDGE('',*,*,#10334,.F.);
#12078 = ORIENTED_EDGE('',*,*,#12079,.F.);
#12079 = EDGE_CURVE('',#9677,#10312,#12080,.T.);
#12080 = SURFACE_CURVE('',#12081,(#12085,#12092),.PCURVE_S1.);
#12081 = LINE('',#12082,#12083);
#12082 = CARTESIAN_POINT('',(-2.55,-2.11,0.725));
#12083 = VECTOR('',#12084,1.);
#12084 = DIRECTION('',(-9.95799250103E-17,1.,0.));
#12085 = PCURVE('',#9721,#12086);
#12086 = DEFINITIONAL_REPRESENTATION('',(#12087),#12091);
#12087 = LINE('',#12088,#12089);
#12088 = CARTESIAN_POINT('',(6.28318530718,0.));
#12089 = VECTOR('',#12090,1.);
#12090 = DIRECTION('',(0.,-1.));
#12091 = ( GEOMETRIC_REPRESENTATION_CONTEXT(2) 
PARAMETRIC_REPRESENTATION_CONTEXT() REPRESENTATION_CONTEXT('2D SPACE',''
  ) );
#12092 = PCURVE('',#9692,#12093);
#12093 = DEFINITIONAL_REPRESENTATION('',(#12094),#12098);
#12094 = LINE('',#12095,#12096);
#12095 = CARTESIAN_POINT('',(0.425,0.));
#12096 = VECTOR('',#12097,1.);
#12097 = DIRECTION('',(0.,-1.));
#12098 = ( GEOMETRIC_REPRESENTATION_CONTEXT(2) 
PARAMETRIC_REPRESENTATION_CONTEXT() REPRESENTATION_CONTEXT('2D SPACE',''
  ) );
#12099 = ADVANCED_FACE('',(#12100),#9692,.F.);
#12100 = FACE_BOUND('',#12101,.F.);
#12101 = EDGE_LOOP('',(#12102,#12123,#12124,#12125));
#12102 = ORIENTED_EDGE('',*,*,#12103,.T.);
#12103 = EDGE_CURVE('',#9644,#10284,#12104,.T.);
#12104 = SURFACE_CURVE('',#12105,(#12109,#12116),.PCURVE_S1.);
#12105 = LINE('',#12106,#12107);
#12106 = CARTESIAN_POINT('',(-2.55,-2.11,0.3));
#12107 = VECTOR('',#12108,1.);
#12108 = DIRECTION('',(-9.95799250103E-17,1.,0.));
#12109 = PCURVE('',#9692,#12110);
#12110 = DEFINITIONAL_REPRESENTATION('',(#12111),#12115);
#12111 = LINE('',#12112,#12113);
#12112 = CARTESIAN_POINT('',(0.,0.));
#12113 = VECTOR('',#12114,1.);
#12114 = DIRECTION('',(0.,-1.));
#12115 = ( GEOMETRIC_REPRESENTATION_CONTEXT(2) 
PARAMETRIC_REPRESENTATION_CONTEXT() REPRESENTATION_CONTEXT('2D SPACE',''
  ) );
#12116 = PCURVE('',#9664,#12117);
#12117 = DEFINITIONAL_REPRESENTATION('',(#12118),#12122);
#12118 = LINE('',#12119,#12120);
#12119 = CARTESIAN_POINT('',(1.570796326795,0.));
#12120 = VECTOR('',#12121,1.);
#12121 = DIRECTION('',(0.,-1.));
#12122 = ( GEOMETRIC_REPRESENTATION_CONTEXT(2) 
PARAMETRIC_REPRESENTATION_CONTEXT() REPRESENTATION_CONTEXT('2D SPACE',''
  ) );
#12123 = ORIENTED_EDGE('',*,*,#10311,.T.);
#12124 = ORIENTED_EDGE('',*,*,#12079,.F.);
#12125 = ORIENTED_EDGE('',*,*,#9676,.F.);
#12126 = ADVANCED_FACE('',(#12127),#9664,.F.);
#12127 = FACE_BOUND('',#12128,.F.);
#12128 = EDGE_LOOP('',(#12129,#12150,#12151,#12152));
#12129 = ORIENTED_EDGE('',*,*,#12130,.T.);
#12130 = EDGE_CURVE('',#9616,#10261,#12131,.T.);
#12131 = SURFACE_CURVE('',#12132,(#12136,#12143),.PCURVE_S1.);
#12132 = LINE('',#12133,#12134);
#12133 = CARTESIAN_POINT('',(-2.65,-2.11,0.2));
#12134 = VECTOR('',#12135,1.);
#12135 = DIRECTION('',(-9.95799250103E-17,1.,0.));
#12136 = PCURVE('',#9664,#12137);
#12137 = DEFINITIONAL_REPRESENTATION('',(#12138),#12142);
#12138 = LINE('',#12139,#12140);
#12139 = CARTESIAN_POINT('',(0.,0.));
#12140 = VECTOR('',#12141,1.);
#12141 = DIRECTION('',(0.,-1.));
#12142 = ( GEOMETRIC_REPRESENTATION_CONTEXT(2) 
PARAMETRIC_REPRESENTATION_CONTEXT() REPRESENTATION_CONTEXT('2D SPACE',''
  ) );
#12143 = PCURVE('',#9631,#12144);
#12144 = DEFINITIONAL_REPRESENTATION('',(#12145),#12149);
#12145 = LINE('',#12146,#12147);
#12146 = CARTESIAN_POINT('',(0.35,3.485297375361E-17));
#12147 = VECTOR('',#12148,1.);
#12148 = DIRECTION('',(0.,-1.));
#12149 = ( GEOMETRIC_REPRESENTATION_CONTEXT(2) 
PARAMETRIC_REPRESENTATION_CONTEXT() REPRESENTATION_CONTEXT('2D SPACE',''
  ) );
#12150 = ORIENTED_EDGE('',*,*,#10283,.T.);
#12151 = ORIENTED_EDGE('',*,*,#12103,.F.);
#12152 = ORIENTED_EDGE('',*,*,#9643,.F.);
#12153 = ADVANCED_FACE('',(#12154),#9631,.F.);
#12154 = FACE_BOUND('',#12155,.F.);
#12155 = EDGE_LOOP('',(#12156,#12177,#12178,#12179));
#12156 = ORIENTED_EDGE('',*,*,#12157,.T.);
#12157 = EDGE_CURVE('',#9588,#10238,#12158,.T.);
#12158 = SURFACE_CURVE('',#12159,(#12163,#12170),.PCURVE_S1.);
#12159 = LINE('',#12160,#12161);
#12160 = CARTESIAN_POINT('',(-3.,-2.11,0.2));
#12161 = VECTOR('',#12162,1.);
#12162 = DIRECTION('',(-9.95799250103E-17,1.,0.));
#12163 = PCURVE('',#9631,#12164);
#12164 = DEFINITIONAL_REPRESENTATION('',(#12165),#12169);
#12165 = LINE('',#12166,#12167);
#12166 = CARTESIAN_POINT('',(0.,0.));
#12167 = VECTOR('',#12168,1.);
#12168 = DIRECTION('',(0.,-1.));
#12169 = ( GEOMETRIC_REPRESENTATION_CONTEXT(2) 
PARAMETRIC_REPRESENTATION_CONTEXT() REPRESENTATION_CONTEXT('2D SPACE',''
  ) );
#12170 = PCURVE('',#9603,#12171);
#12171 = DEFINITIONAL_REPRESENTATION('',(#12172),#12176);
#12172 = LINE('',#12173,#12174);
#12173 = CARTESIAN_POINT('',(0.2,0.));
#12174 = VECTOR('',#12175,1.);
#12175 = DIRECTION('',(0.,-1.));
#12176 = ( GEOMETRIC_REPRESENTATION_CONTEXT(2) 
PARAMETRIC_REPRESENTATION_CONTEXT() REPRESENTATION_CONTEXT('2D SPACE',''
  ) );
#12177 = ORIENTED_EDGE('',*,*,#10260,.T.);
#12178 = ORIENTED_EDGE('',*,*,#12130,.F.);
#12179 = ORIENTED_EDGE('',*,*,#9615,.F.);
#12180 = ADVANCED_FACE('',(#12181),#9603,.F.);
#12181 = FACE_BOUND('',#12182,.F.);
#12182 = EDGE_LOOP('',(#12183,#12204,#12205,#12206));
#12183 = ORIENTED_EDGE('',*,*,#12184,.T.);
#12184 = EDGE_CURVE('',#9560,#10215,#12185,.T.);
#12185 = SURFACE_CURVE('',#12186,(#12190,#12197),.PCURVE_S1.);
#12186 = LINE('',#12187,#12188);
#12187 = CARTESIAN_POINT('',(-3.,-2.11,5.551115123126E-17));
#12188 = VECTOR('',#12189,1.);
#12189 = DIRECTION('',(-9.95799250103E-17,1.,0.));
#12190 = PCURVE('',#9603,#12191);
#12191 = DEFINITIONAL_REPRESENTATION('',(#12192),#12196);
#12192 = LINE('',#12193,#12194);
#12193 = CARTESIAN_POINT('',(0.,0.));
#12194 = VECTOR('',#12195,1.);
#12195 = DIRECTION('',(0.,-1.));
#12196 = ( GEOMETRIC_REPRESENTATION_CONTEXT(2) 
PARAMETRIC_REPRESENTATION_CONTEXT() REPRESENTATION_CONTEXT('2D SPACE',''
  ) );
#12197 = PCURVE('',#9575,#12198);
#12198 = DEFINITIONAL_REPRESENTATION('',(#12199),#12203);
#12199 = LINE('',#12200,#12201);
#12200 = CARTESIAN_POINT('',(0.35,-3.485297375361E-17));
#12201 = VECTOR('',#12202,1.);
#12202 = DIRECTION('',(0.,-1.));
#12203 = ( GEOMETRIC_REPRESENTATION_CONTEXT(2) 
PARAMETRIC_REPRESENTATION_CONTEXT() REPRESENTATION_CONTEXT('2D SPACE',''
  ) );
#12204 = ORIENTED_EDGE('',*,*,#10237,.T.);
#12205 = ORIENTED_EDGE('',*,*,#12157,.F.);
#12206 = ORIENTED_EDGE('',*,*,#9587,.F.);
#12207 = ADVANCED_FACE('',(#12208),#9575,.F.);
#12208 = FACE_BOUND('',#12209,.F.);
#12209 = EDGE_LOOP('',(#12210,#12231,#12232,#12233));
#12210 = ORIENTED_EDGE('',*,*,#12211,.T.);
#12211 = EDGE_CURVE('',#9531,#10191,#12212,.T.);
#12212 = SURFACE_CURVE('',#12213,(#12217,#12224),.PCURVE_S1.);
#12213 = LINE('',#12214,#12215);
#12214 = CARTESIAN_POINT('',(-2.65,-2.11,5.551115123126E-17));
#12215 = VECTOR('',#12216,1.);
#12216 = DIRECTION('',(-9.95799250103E-17,1.,0.));
#12217 = PCURVE('',#9575,#12218);
#12218 = DEFINITIONAL_REPRESENTATION('',(#12219),#12223);
#12219 = LINE('',#12220,#12221);
#12220 = CARTESIAN_POINT('',(0.,0.));
#12221 = VECTOR('',#12222,1.);
#12222 = DIRECTION('',(0.,-1.));
#12223 = ( GEOMETRIC_REPRESENTATION_CONTEXT(2) 
PARAMETRIC_REPRESENTATION_CONTEXT() REPRESENTATION_CONTEXT('2D SPACE',''
  ) );
#12224 = PCURVE('',#9547,#12225);
#12225 = DEFINITIONAL_REPRESENTATION('',(#12226),#12230);
#12226 = LINE('',#12227,#12228);
#12227 = CARTESIAN_POINT('',(4.712388980385,0.));
#12228 = VECTOR('',#12229,1.);
#12229 = DIRECTION('',(0.,-1.));
#12230 = ( GEOMETRIC_REPRESENTATION_CONTEXT(2) 
PARAMETRIC_REPRESENTATION_CONTEXT() REPRESENTATION_CONTEXT('2D SPACE',''
  ) );
#12231 = ORIENTED_EDGE('',*,*,#10214,.T.);
#12232 = ORIENTED_EDGE('',*,*,#12184,.F.);
#12233 = ORIENTED_EDGE('',*,*,#9559,.F.);
#12234 = ADVANCED_FACE('',(#12235),#9547,.T.);
#12235 = FACE_BOUND('',#12236,.T.);
#12236 = EDGE_LOOP('',(#12237,#12238,#12239,#12240));
#12237 = ORIENTED_EDGE('',*,*,#9530,.T.);
#12238 = ORIENTED_EDGE('',*,*,#12211,.T.);
#12239 = ORIENTED_EDGE('',*,*,#10190,.F.);
#12240 = ORIENTED_EDGE('',*,*,#12241,.F.);
#12241 = EDGE_CURVE('',#9503,#10168,#12242,.T.);
#12242 = SURFACE_CURVE('',#12243,(#12247,#12254),.PCURVE_S1.);
#12243 = LINE('',#12244,#12245);
#12244 = CARTESIAN_POINT('',(-2.35,-2.11,0.3));
#12245 = VECTOR('',#12246,1.);
#12246 = DIRECTION('',(-9.95799250103E-17,1.,0.));
#12247 = PCURVE('',#9547,#12248);
#12248 = DEFINITIONAL_REPRESENTATION('',(#12249),#12253);
#12249 = LINE('',#12250,#12251);
#12250 = CARTESIAN_POINT('',(6.28318530718,0.));
#12251 = VECTOR('',#12252,1.);
#12252 = DIRECTION('',(0.,-1.));
#12253 = ( GEOMETRIC_REPRESENTATION_CONTEXT(2) 
PARAMETRIC_REPRESENTATION_CONTEXT() REPRESENTATION_CONTEXT('2D SPACE',''
  ) );
#12254 = PCURVE('',#9518,#12255);
#12255 = DEFINITIONAL_REPRESENTATION('',(#12256),#12260);
#12256 = LINE('',#12257,#12258);
#12257 = CARTESIAN_POINT('',(0.425,-4.422237021472E-32));
#12258 = VECTOR('',#12259,1.);
#12259 = DIRECTION('',(6.767833676919E-44,-1.));
#12260 = ( GEOMETRIC_REPRESENTATION_CONTEXT(2) 
PARAMETRIC_REPRESENTATION_CONTEXT() REPRESENTATION_CONTEXT('2D SPACE',''
  ) );
#12261 = ADVANCED_FACE('',(#12262),#9518,.F.);
#12262 = FACE_BOUND('',#12263,.F.);
#12263 = EDGE_LOOP('',(#12264,#12265,#12266,#12267));
#12264 = ORIENTED_EDGE('',*,*,#10139,.T.);
#12265 = ORIENTED_EDGE('',*,*,#10167,.T.);
#12266 = ORIENTED_EDGE('',*,*,#12241,.F.);
#12267 = ORIENTED_EDGE('',*,*,#9502,.F.);
#12268 = ADVANCED_FACE('',(#12269),#10006,.T.);
#12269 = FACE_BOUND('',#12270,.T.);
#12270 = EDGE_LOOP('',(#12271,#12272,#12273,#12274));
#12271 = ORIENTED_EDGE('',*,*,#10579,.T.);
#12272 = ORIENTED_EDGE('',*,*,#12015,.T.);
#12273 = ORIENTED_EDGE('',*,*,#9989,.F.);
#12274 = ORIENTED_EDGE('',*,*,#12275,.F.);
#12275 = EDGE_CURVE('',#10557,#9962,#12276,.T.);
#12276 = SURFACE_CURVE('',#12277,(#12281,#12288),.PCURVE_S1.);
#12277 = LINE('',#12278,#12279);
#12278 = CARTESIAN_POINT('',(-2.55,1.7,0.725));
#12279 = VECTOR('',#12280,1.);
#12280 = DIRECTION('',(-9.95799250103E-17,1.,0.));
#12281 = PCURVE('',#10006,#12282);
#12282 = DEFINITIONAL_REPRESENTATION('',(#12283),#12287);
#12283 = LINE('',#12284,#12285);
#12284 = CARTESIAN_POINT('',(6.28318530718,0.));
#12285 = VECTOR('',#12286,1.);
#12286 = DIRECTION('',(0.,-1.));
#12287 = ( GEOMETRIC_REPRESENTATION_CONTEXT(2) 
PARAMETRIC_REPRESENTATION_CONTEXT() REPRESENTATION_CONTEXT('2D SPACE',''
  ) );
#12288 = PCURVE('',#9977,#12289);
#12289 = DEFINITIONAL_REPRESENTATION('',(#12290),#12294);
#12290 = LINE('',#12291,#12292);
#12291 = CARTESIAN_POINT('',(0.425,0.));
#12292 = VECTOR('',#12293,1.);
#12293 = DIRECTION('',(0.,-1.));
#12294 = ( GEOMETRIC_REPRESENTATION_CONTEXT(2) 
PARAMETRIC_REPRESENTATION_CONTEXT() REPRESENTATION_CONTEXT('2D SPACE',''
  ) );
#12295 = ADVANCED_FACE('',(#12296),#9977,.F.);
#12296 = FACE_BOUND('',#12297,.F.);
#12297 = EDGE_LOOP('',(#12298,#12319,#12320,#12321));
#12298 = ORIENTED_EDGE('',*,*,#12299,.T.);
#12299 = EDGE_CURVE('',#10529,#9929,#12300,.T.);
#12300 = SURFACE_CURVE('',#12301,(#12305,#12312),.PCURVE_S1.);
#12301 = LINE('',#12302,#12303);
#12302 = CARTESIAN_POINT('',(-2.55,1.7,0.3));
#12303 = VECTOR('',#12304,1.);
#12304 = DIRECTION('',(-9.95799250103E-17,1.,0.));
#12305 = PCURVE('',#9977,#12306);
#12306 = DEFINITIONAL_REPRESENTATION('',(#12307),#12311);
#12307 = LINE('',#12308,#12309);
#12308 = CARTESIAN_POINT('',(0.,0.));
#12309 = VECTOR('',#12310,1.);
#12310 = DIRECTION('',(0.,-1.));
#12311 = ( GEOMETRIC_REPRESENTATION_CONTEXT(2) 
PARAMETRIC_REPRESENTATION_CONTEXT() REPRESENTATION_CONTEXT('2D SPACE',''
  ) );
#12312 = PCURVE('',#9949,#12313);
#12313 = DEFINITIONAL_REPRESENTATION('',(#12314),#12318);
#12314 = LINE('',#12315,#12316);
#12315 = CARTESIAN_POINT('',(1.570796326795,0.));
#12316 = VECTOR('',#12317,1.);
#12317 = DIRECTION('',(0.,-1.));
#12318 = ( GEOMETRIC_REPRESENTATION_CONTEXT(2) 
PARAMETRIC_REPRESENTATION_CONTEXT() REPRESENTATION_CONTEXT('2D SPACE',''
  ) );
#12319 = ORIENTED_EDGE('',*,*,#9961,.T.);
#12320 = ORIENTED_EDGE('',*,*,#12275,.F.);
#12321 = ORIENTED_EDGE('',*,*,#10556,.F.);
#12322 = ADVANCED_FACE('',(#12323),#9949,.F.);
#12323 = FACE_BOUND('',#12324,.F.);
#12324 = EDGE_LOOP('',(#12325,#12346,#12347,#12348));
#12325 = ORIENTED_EDGE('',*,*,#12326,.T.);
#12326 = EDGE_CURVE('',#10506,#9901,#12327,.T.);
#12327 = SURFACE_CURVE('',#12328,(#12332,#12339),.PCURVE_S1.);
#12328 = LINE('',#12329,#12330);
#12329 = CARTESIAN_POINT('',(-2.65,1.7,0.2));
#12330 = VECTOR('',#12331,1.);
#12331 = DIRECTION('',(-9.95799250103E-17,1.,0.));
#12332 = PCURVE('',#9949,#12333);
#12333 = DEFINITIONAL_REPRESENTATION('',(#12334),#12338);
#12334 = LINE('',#12335,#12336);
#12335 = CARTESIAN_POINT('',(0.,0.));
#12336 = VECTOR('',#12337,1.);
#12337 = DIRECTION('',(0.,-1.));
#12338 = ( GEOMETRIC_REPRESENTATION_CONTEXT(2) 
PARAMETRIC_REPRESENTATION_CONTEXT() REPRESENTATION_CONTEXT('2D SPACE',''
  ) );
#12339 = PCURVE('',#9916,#12340);
#12340 = DEFINITIONAL_REPRESENTATION('',(#12341),#12345);
#12341 = LINE('',#12342,#12343);
#12342 = CARTESIAN_POINT('',(0.35,3.485297375361E-17));
#12343 = VECTOR('',#12344,1.);
#12344 = DIRECTION('',(0.,-1.));
#12345 = ( GEOMETRIC_REPRESENTATION_CONTEXT(2) 
PARAMETRIC_REPRESENTATION_CONTEXT() REPRESENTATION_CONTEXT('2D SPACE',''
  ) );
#12346 = ORIENTED_EDGE('',*,*,#9928,.T.);
#12347 = ORIENTED_EDGE('',*,*,#12299,.F.);
#12348 = ORIENTED_EDGE('',*,*,#10528,.F.);
#12349 = ADVANCED_FACE('',(#12350),#9916,.F.);
#12350 = FACE_BOUND('',#12351,.F.);
#12351 = EDGE_LOOP('',(#12352,#12373,#12374,#12375));
#12352 = ORIENTED_EDGE('',*,*,#12353,.T.);
#12353 = EDGE_CURVE('',#10483,#9873,#12354,.T.);
#12354 = SURFACE_CURVE('',#12355,(#12359,#12366),.PCURVE_S1.);
#12355 = LINE('',#12356,#12357);
#12356 = CARTESIAN_POINT('',(-3.,1.7,0.2));
#12357 = VECTOR('',#12358,1.);
#12358 = DIRECTION('',(-9.95799250103E-17,1.,0.));
#12359 = PCURVE('',#9916,#12360);
#12360 = DEFINITIONAL_REPRESENTATION('',(#12361),#12365);
#12361 = LINE('',#12362,#12363);
#12362 = CARTESIAN_POINT('',(0.,0.));
#12363 = VECTOR('',#12364,1.);
#12364 = DIRECTION('',(0.,-1.));
#12365 = ( GEOMETRIC_REPRESENTATION_CONTEXT(2) 
PARAMETRIC_REPRESENTATION_CONTEXT() REPRESENTATION_CONTEXT('2D SPACE',''
  ) );
#12366 = PCURVE('',#9888,#12367);
#12367 = DEFINITIONAL_REPRESENTATION('',(#12368),#12372);
#12368 = LINE('',#12369,#12370);
#12369 = CARTESIAN_POINT('',(0.2,0.));
#12370 = VECTOR('',#12371,1.);
#12371 = DIRECTION('',(0.,-1.));
#12372 = ( GEOMETRIC_REPRESENTATION_CONTEXT(2) 
PARAMETRIC_REPRESENTATION_CONTEXT() REPRESENTATION_CONTEXT('2D SPACE',''
  ) );
#12373 = ORIENTED_EDGE('',*,*,#9900,.T.);
#12374 = ORIENTED_EDGE('',*,*,#12326,.F.);
#12375 = ORIENTED_EDGE('',*,*,#10505,.F.);
#12376 = ADVANCED_FACE('',(#12377),#9888,.F.);
#12377 = FACE_BOUND('',#12378,.F.);
#12378 = EDGE_LOOP('',(#12379,#12400,#12401,#12402));
#12379 = ORIENTED_EDGE('',*,*,#12380,.T.);
#12380 = EDGE_CURVE('',#10460,#9845,#12381,.T.);
#12381 = SURFACE_CURVE('',#12382,(#12386,#12393),.PCURVE_S1.);
#12382 = LINE('',#12383,#12384);
#12383 = CARTESIAN_POINT('',(-3.,1.7,5.551115123126E-17));
#12384 = VECTOR('',#12385,1.);
#12385 = DIRECTION('',(-9.95799250103E-17,1.,0.));
#12386 = PCURVE('',#9888,#12387);
#12387 = DEFINITIONAL_REPRESENTATION('',(#12388),#12392);
#12388 = LINE('',#12389,#12390);
#12389 = CARTESIAN_POINT('',(0.,0.));
#12390 = VECTOR('',#12391,1.);
#12391 = DIRECTION('',(0.,-1.));
#12392 = ( GEOMETRIC_REPRESENTATION_CONTEXT(2) 
PARAMETRIC_REPRESENTATION_CONTEXT() REPRESENTATION_CONTEXT('2D SPACE',''
  ) );
#12393 = PCURVE('',#9860,#12394);
#12394 = DEFINITIONAL_REPRESENTATION('',(#12395),#12399);
#12395 = LINE('',#12396,#12397);
#12396 = CARTESIAN_POINT('',(0.35,-3.485297375361E-17));
#12397 = VECTOR('',#12398,1.);
#12398 = DIRECTION('',(0.,-1.));
#12399 = ( GEOMETRIC_REPRESENTATION_CONTEXT(2) 
PARAMETRIC_REPRESENTATION_CONTEXT() REPRESENTATION_CONTEXT('2D SPACE',''
  ) );
#12400 = ORIENTED_EDGE('',*,*,#9872,.T.);
#12401 = ORIENTED_EDGE('',*,*,#12353,.F.);
#12402 = ORIENTED_EDGE('',*,*,#10482,.F.);
#12403 = ADVANCED_FACE('',(#12404),#9860,.F.);
#12404 = FACE_BOUND('',#12405,.F.);
#12405 = EDGE_LOOP('',(#12406,#12427,#12428,#12429));
#12406 = ORIENTED_EDGE('',*,*,#12407,.T.);
#12407 = EDGE_CURVE('',#10436,#9816,#12408,.T.);
#12408 = SURFACE_CURVE('',#12409,(#12413,#12420),.PCURVE_S1.);
#12409 = LINE('',#12410,#12411);
#12410 = CARTESIAN_POINT('',(-2.65,1.7,5.551115123126E-17));
#12411 = VECTOR('',#12412,1.);
#12412 = DIRECTION('',(-9.95799250103E-17,1.,0.));
#12413 = PCURVE('',#9860,#12414);
#12414 = DEFINITIONAL_REPRESENTATION('',(#12415),#12419);
#12415 = LINE('',#12416,#12417);
#12416 = CARTESIAN_POINT('',(0.,0.));
#12417 = VECTOR('',#12418,1.);
#12418 = DIRECTION('',(0.,-1.));
#12419 = ( GEOMETRIC_REPRESENTATION_CONTEXT(2) 
PARAMETRIC_REPRESENTATION_CONTEXT() REPRESENTATION_CONTEXT('2D SPACE',''
  ) );
#12420 = PCURVE('',#9832,#12421);
#12421 = DEFINITIONAL_REPRESENTATION('',(#12422),#12426);
#12422 = LINE('',#12423,#12424);
#12423 = CARTESIAN_POINT('',(4.712388980385,0.));
#12424 = VECTOR('',#12425,1.);
#12425 = DIRECTION('',(0.,-1.));
#12426 = ( GEOMETRIC_REPRESENTATION_CONTEXT(2) 
PARAMETRIC_REPRESENTATION_CONTEXT() REPRESENTATION_CONTEXT('2D SPACE',''
  ) );
#12427 = ORIENTED_EDGE('',*,*,#9844,.T.);
#12428 = ORIENTED_EDGE('',*,*,#12380,.F.);
#12429 = ORIENTED_EDGE('',*,*,#10459,.F.);
#12430 = ADVANCED_FACE('',(#12431),#9832,.T.);
#12431 = FACE_BOUND('',#12432,.T.);
#12432 = EDGE_LOOP('',(#12433,#12434,#12435,#12436));
#12433 = ORIENTED_EDGE('',*,*,#10435,.T.);
#12434 = ORIENTED_EDGE('',*,*,#12407,.T.);
#12435 = ORIENTED_EDGE('',*,*,#9815,.F.);
#12436 = ORIENTED_EDGE('',*,*,#12437,.F.);
#12437 = EDGE_CURVE('',#10413,#9788,#12438,.T.);
#12438 = SURFACE_CURVE('',#12439,(#12443,#12450),.PCURVE_S1.);
#12439 = LINE('',#12440,#12441);
#12440 = CARTESIAN_POINT('',(-2.35,1.7,0.3));
#12441 = VECTOR('',#12442,1.);
#12442 = DIRECTION('',(-9.95799250103E-17,1.,0.));
#12443 = PCURVE('',#9832,#12444);
#12444 = DEFINITIONAL_REPRESENTATION('',(#12445),#12449);
#12445 = LINE('',#12446,#12447);
#12446 = CARTESIAN_POINT('',(6.28318530718,0.));
#12447 = VECTOR('',#12448,1.);
#12448 = DIRECTION('',(0.,-1.));
#12449 = ( GEOMETRIC_REPRESENTATION_CONTEXT(2) 
PARAMETRIC_REPRESENTATION_CONTEXT() REPRESENTATION_CONTEXT('2D SPACE',''
  ) );
#12450 = PCURVE('',#9803,#12451);
#12451 = DEFINITIONAL_REPRESENTATION('',(#12452),#12456);
#12452 = LINE('',#12453,#12454);
#12453 = CARTESIAN_POINT('',(0.425,-4.422237021472E-32));
#12454 = VECTOR('',#12455,1.);
#12455 = DIRECTION('',(6.767833676919E-44,-1.));
#12456 = ( GEOMETRIC_REPRESENTATION_CONTEXT(2) 
PARAMETRIC_REPRESENTATION_CONTEXT() REPRESENTATION_CONTEXT('2D SPACE',''
  ) );
#12457 = ADVANCED_FACE('',(#12458),#9803,.F.);
#12458 = FACE_BOUND('',#12459,.F.);
#12459 = EDGE_LOOP('',(#12460,#12461,#12462,#12463));
#12460 = ORIENTED_EDGE('',*,*,#10629,.T.);
#12461 = ORIENTED_EDGE('',*,*,#9787,.T.);
#12462 = ORIENTED_EDGE('',*,*,#12437,.F.);
#12463 = ORIENTED_EDGE('',*,*,#10412,.F.);
#12464 = ADVANCED_FACE('',(#12465),#10971,.T.);
#12465 = FACE_BOUND('',#12466,.T.);
#12466 = EDGE_LOOP('',(#12467,#12468,#12469,#12470));
#12467 = ORIENTED_EDGE('',*,*,#10954,.T.);
#12468 = ORIENTED_EDGE('',*,*,#11986,.T.);
#12469 = ORIENTED_EDGE('',*,*,#11584,.F.);
#12470 = ORIENTED_EDGE('',*,*,#12471,.F.);
#12471 = EDGE_CURVE('',#10927,#11562,#12472,.T.);
#12472 = SURFACE_CURVE('',#12473,(#12477,#12484),.PCURVE_S1.);
#12473 = LINE('',#12474,#12475);
#12474 = CARTESIAN_POINT('',(-2.55,-0.84,0.725));
#12475 = VECTOR('',#12476,1.);
#12476 = DIRECTION('',(-9.95799250103E-17,1.,0.));
#12477 = PCURVE('',#10971,#12478);
#12478 = DEFINITIONAL_REPRESENTATION('',(#12479),#12483);
#12479 = LINE('',#12480,#12481);
#12480 = CARTESIAN_POINT('',(6.28318530718,0.));
#12481 = VECTOR('',#12482,1.);
#12482 = DIRECTION('',(0.,-1.));
#12483 = ( GEOMETRIC_REPRESENTATION_CONTEXT(2) 
PARAMETRIC_REPRESENTATION_CONTEXT() REPRESENTATION_CONTEXT('2D SPACE',''
  ) );
#12484 = PCURVE('',#10942,#12485);
#12485 = DEFINITIONAL_REPRESENTATION('',(#12486),#12490);
#12486 = LINE('',#12487,#12488);
#12487 = CARTESIAN_POINT('',(0.425,0.));
#12488 = VECTOR('',#12489,1.);
#12489 = DIRECTION('',(0.,-1.));
#12490 = ( GEOMETRIC_REPRESENTATION_CONTEXT(2) 
PARAMETRIC_REPRESENTATION_CONTEXT() REPRESENTATION_CONTEXT('2D SPACE',''
  ) );
#12491 = ADVANCED_FACE('',(#12492),#10942,.F.);
#12492 = FACE_BOUND('',#12493,.F.);
#12493 = EDGE_LOOP('',(#12494,#12515,#12516,#12517));
#12494 = ORIENTED_EDGE('',*,*,#12495,.T.);
#12495 = EDGE_CURVE('',#10894,#11534,#12496,.T.);
#12496 = SURFACE_CURVE('',#12497,(#12501,#12508),.PCURVE_S1.);
#12497 = LINE('',#12498,#12499);
#12498 = CARTESIAN_POINT('',(-2.55,-0.84,0.3));
#12499 = VECTOR('',#12500,1.);
#12500 = DIRECTION('',(-9.95799250103E-17,1.,0.));
#12501 = PCURVE('',#10942,#12502);
#12502 = DEFINITIONAL_REPRESENTATION('',(#12503),#12507);
#12503 = LINE('',#12504,#12505);
#12504 = CARTESIAN_POINT('',(0.,0.));
#12505 = VECTOR('',#12506,1.);
#12506 = DIRECTION('',(0.,-1.));
#12507 = ( GEOMETRIC_REPRESENTATION_CONTEXT(2) 
PARAMETRIC_REPRESENTATION_CONTEXT() REPRESENTATION_CONTEXT('2D SPACE',''
  ) );
#12508 = PCURVE('',#10914,#12509);
#12509 = DEFINITIONAL_REPRESENTATION('',(#12510),#12514);
#12510 = LINE('',#12511,#12512);
#12511 = CARTESIAN_POINT('',(1.570796326795,0.));
#12512 = VECTOR('',#12513,1.);
#12513 = DIRECTION('',(0.,-1.));
#12514 = ( GEOMETRIC_REPRESENTATION_CONTEXT(2) 
PARAMETRIC_REPRESENTATION_CONTEXT() REPRESENTATION_CONTEXT('2D SPACE',''
  ) );
#12515 = ORIENTED_EDGE('',*,*,#11561,.T.);
#12516 = ORIENTED_EDGE('',*,*,#12471,.F.);
#12517 = ORIENTED_EDGE('',*,*,#10926,.F.);
#12518 = ADVANCED_FACE('',(#12519),#10914,.F.);
#12519 = FACE_BOUND('',#12520,.F.);
#12520 = EDGE_LOOP('',(#12521,#12542,#12543,#12544));
#12521 = ORIENTED_EDGE('',*,*,#12522,.T.);
#12522 = EDGE_CURVE('',#10866,#11511,#12523,.T.);
#12523 = SURFACE_CURVE('',#12524,(#12528,#12535),.PCURVE_S1.);
#12524 = LINE('',#12525,#12526);
#12525 = CARTESIAN_POINT('',(-2.65,-0.84,0.2));
#12526 = VECTOR('',#12527,1.);
#12527 = DIRECTION('',(-9.95799250103E-17,1.,0.));
#12528 = PCURVE('',#10914,#12529);
#12529 = DEFINITIONAL_REPRESENTATION('',(#12530),#12534);
#12530 = LINE('',#12531,#12532);
#12531 = CARTESIAN_POINT('',(0.,0.));
#12532 = VECTOR('',#12533,1.);
#12533 = DIRECTION('',(0.,-1.));
#12534 = ( GEOMETRIC_REPRESENTATION_CONTEXT(2) 
PARAMETRIC_REPRESENTATION_CONTEXT() REPRESENTATION_CONTEXT('2D SPACE',''
  ) );
#12535 = PCURVE('',#10881,#12536);
#12536 = DEFINITIONAL_REPRESENTATION('',(#12537),#12541);
#12537 = LINE('',#12538,#12539);
#12538 = CARTESIAN_POINT('',(0.35,3.485297375361E-17));
#12539 = VECTOR('',#12540,1.);
#12540 = DIRECTION('',(0.,-1.));
#12541 = ( GEOMETRIC_REPRESENTATION_CONTEXT(2) 
PARAMETRIC_REPRESENTATION_CONTEXT() REPRESENTATION_CONTEXT('2D SPACE',''
  ) );
#12542 = ORIENTED_EDGE('',*,*,#11533,.T.);
#12543 = ORIENTED_EDGE('',*,*,#12495,.F.);
#12544 = ORIENTED_EDGE('',*,*,#10893,.F.);
#12545 = ADVANCED_FACE('',(#12546),#10881,.F.);
#12546 = FACE_BOUND('',#12547,.F.);
#12547 = EDGE_LOOP('',(#12548,#12569,#12570,#12571));
#12548 = ORIENTED_EDGE('',*,*,#12549,.T.);
#12549 = EDGE_CURVE('',#10838,#11488,#12550,.T.);
#12550 = SURFACE_CURVE('',#12551,(#12555,#12562),.PCURVE_S1.);
#12551 = LINE('',#12552,#12553);
#12552 = CARTESIAN_POINT('',(-3.,-0.84,0.2));
#12553 = VECTOR('',#12554,1.);
#12554 = DIRECTION('',(-9.95799250103E-17,1.,0.));
#12555 = PCURVE('',#10881,#12556);
#12556 = DEFINITIONAL_REPRESENTATION('',(#12557),#12561);
#12557 = LINE('',#12558,#12559);
#12558 = CARTESIAN_POINT('',(0.,0.));
#12559 = VECTOR('',#12560,1.);
#12560 = DIRECTION('',(0.,-1.));
#12561 = ( GEOMETRIC_REPRESENTATION_CONTEXT(2) 
PARAMETRIC_REPRESENTATION_CONTEXT() REPRESENTATION_CONTEXT('2D SPACE',''
  ) );
#12562 = PCURVE('',#10853,#12563);
#12563 = DEFINITIONAL_REPRESENTATION('',(#12564),#12568);
#12564 = LINE('',#12565,#12566);
#12565 = CARTESIAN_POINT('',(0.2,0.));
#12566 = VECTOR('',#12567,1.);
#12567 = DIRECTION('',(0.,-1.));
#12568 = ( GEOMETRIC_REPRESENTATION_CONTEXT(2) 
PARAMETRIC_REPRESENTATION_CONTEXT() REPRESENTATION_CONTEXT('2D SPACE',''
  ) );
#12569 = ORIENTED_EDGE('',*,*,#11510,.T.);
#12570 = ORIENTED_EDGE('',*,*,#12522,.F.);
#12571 = ORIENTED_EDGE('',*,*,#10865,.F.);
#12572 = ADVANCED_FACE('',(#12573),#10853,.F.);
#12573 = FACE_BOUND('',#12574,.F.);
#12574 = EDGE_LOOP('',(#12575,#12596,#12597,#12598));
#12575 = ORIENTED_EDGE('',*,*,#12576,.T.);
#12576 = EDGE_CURVE('',#10810,#11465,#12577,.T.);
#12577 = SURFACE_CURVE('',#12578,(#12582,#12589),.PCURVE_S1.);
#12578 = LINE('',#12579,#12580);
#12579 = CARTESIAN_POINT('',(-3.,-0.84,5.551115123126E-17));
#12580 = VECTOR('',#12581,1.);
#12581 = DIRECTION('',(-9.95799250103E-17,1.,0.));
#12582 = PCURVE('',#10853,#12583);
#12583 = DEFINITIONAL_REPRESENTATION('',(#12584),#12588);
#12584 = LINE('',#12585,#12586);
#12585 = CARTESIAN_POINT('',(0.,0.));
#12586 = VECTOR('',#12587,1.);
#12587 = DIRECTION('',(0.,-1.));
#12588 = ( GEOMETRIC_REPRESENTATION_CONTEXT(2) 
PARAMETRIC_REPRESENTATION_CONTEXT() REPRESENTATION_CONTEXT('2D SPACE',''
  ) );
#12589 = PCURVE('',#10825,#12590);
#12590 = DEFINITIONAL_REPRESENTATION('',(#12591),#12595);
#12591 = LINE('',#12592,#12593);
#12592 = CARTESIAN_POINT('',(0.35,-3.485297375361E-17));
#12593 = VECTOR('',#12594,1.);
#12594 = DIRECTION('',(0.,-1.));
#12595 = ( GEOMETRIC_REPRESENTATION_CONTEXT(2) 
PARAMETRIC_REPRESENTATION_CONTEXT() REPRESENTATION_CONTEXT('2D SPACE',''
  ) );
#12596 = ORIENTED_EDGE('',*,*,#11487,.T.);
#12597 = ORIENTED_EDGE('',*,*,#12549,.F.);
#12598 = ORIENTED_EDGE('',*,*,#10837,.F.);
#12599 = ADVANCED_FACE('',(#12600),#10825,.F.);
#12600 = FACE_BOUND('',#12601,.F.);
#12601 = EDGE_LOOP('',(#12602,#12623,#12624,#12625));
#12602 = ORIENTED_EDGE('',*,*,#12603,.T.);
#12603 = EDGE_CURVE('',#10781,#11441,#12604,.T.);
#12604 = SURFACE_CURVE('',#12605,(#12609,#12616),.PCURVE_S1.);
#12605 = LINE('',#12606,#12607);
#12606 = CARTESIAN_POINT('',(-2.65,-0.84,5.551115123126E-17));
#12607 = VECTOR('',#12608,1.);
#12608 = DIRECTION('',(-9.95799250103E-17,1.,0.));
#12609 = PCURVE('',#10825,#12610);
#12610 = DEFINITIONAL_REPRESENTATION('',(#12611),#12615);
#12611 = LINE('',#12612,#12613);
#12612 = CARTESIAN_POINT('',(0.,0.));
#12613 = VECTOR('',#12614,1.);
#12614 = DIRECTION('',(0.,-1.));
#12615 = ( GEOMETRIC_REPRESENTATION_CONTEXT(2) 
PARAMETRIC_REPRESENTATION_CONTEXT() REPRESENTATION_CONTEXT('2D SPACE',''
  ) );
#12616 = PCURVE('',#10797,#12617);
#12617 = DEFINITIONAL_REPRESENTATION('',(#12618),#12622);
#12618 = LINE('',#12619,#12620);
#12619 = CARTESIAN_POINT('',(4.712388980385,0.));
#12620 = VECTOR('',#12621,1.);
#12621 = DIRECTION('',(0.,-1.));
#12622 = ( GEOMETRIC_REPRESENTATION_CONTEXT(2) 
PARAMETRIC_REPRESENTATION_CONTEXT() REPRESENTATION_CONTEXT('2D SPACE',''
  ) );
#12623 = ORIENTED_EDGE('',*,*,#11464,.T.);
#12624 = ORIENTED_EDGE('',*,*,#12576,.F.);
#12625 = ORIENTED_EDGE('',*,*,#10809,.F.);
#12626 = ADVANCED_FACE('',(#12627),#10797,.T.);
#12627 = FACE_BOUND('',#12628,.T.);
#12628 = EDGE_LOOP('',(#12629,#12630,#12631,#12632));
#12629 = ORIENTED_EDGE('',*,*,#10780,.T.);
#12630 = ORIENTED_EDGE('',*,*,#12603,.T.);
#12631 = ORIENTED_EDGE('',*,*,#11440,.F.);
#12632 = ORIENTED_EDGE('',*,*,#12633,.F.);
#12633 = EDGE_CURVE('',#10753,#11418,#12634,.T.);
#12634 = SURFACE_CURVE('',#12635,(#12639,#12646),.PCURVE_S1.);
#12635 = LINE('',#12636,#12637);
#12636 = CARTESIAN_POINT('',(-2.35,-0.84,0.3));
#12637 = VECTOR('',#12638,1.);
#12638 = DIRECTION('',(-9.95799250103E-17,1.,0.));
#12639 = PCURVE('',#10797,#12640);
#12640 = DEFINITIONAL_REPRESENTATION('',(#12641),#12645);
#12641 = LINE('',#12642,#12643);
#12642 = CARTESIAN_POINT('',(6.28318530718,0.));
#12643 = VECTOR('',#12644,1.);
#12644 = DIRECTION('',(0.,-1.));
#12645 = ( GEOMETRIC_REPRESENTATION_CONTEXT(2) 
PARAMETRIC_REPRESENTATION_CONTEXT() REPRESENTATION_CONTEXT('2D SPACE',''
  ) );
#12646 = PCURVE('',#10768,#12647);
#12647 = DEFINITIONAL_REPRESENTATION('',(#12648),#12652);
#12648 = LINE('',#12649,#12650);
#12649 = CARTESIAN_POINT('',(0.425,-4.422237021472E-32));
#12650 = VECTOR('',#12651,1.);
#12651 = DIRECTION('',(6.767833676919E-44,-1.));
#12652 = ( GEOMETRIC_REPRESENTATION_CONTEXT(2) 
PARAMETRIC_REPRESENTATION_CONTEXT() REPRESENTATION_CONTEXT('2D SPACE',''
  ) );
#12653 = ADVANCED_FACE('',(#12654),#10768,.F.);
#12654 = FACE_BOUND('',#12655,.F.);
#12655 = EDGE_LOOP('',(#12656,#12657,#12658,#12659));
#12656 = ORIENTED_EDGE('',*,*,#11389,.T.);
#12657 = ORIENTED_EDGE('',*,*,#11417,.T.);
#12658 = ORIENTED_EDGE('',*,*,#12633,.F.);
#12659 = ORIENTED_EDGE('',*,*,#10752,.F.);
#12660 = ADVANCED_FACE('',(#12661),#11256,.T.);
#12661 = FACE_BOUND('',#12662,.T.);
#12662 = EDGE_LOOP('',(#12663,#12664,#12665,#12666));
#12663 = ORIENTED_EDGE('',*,*,#11829,.T.);
#12664 = ORIENTED_EDGE('',*,*,#12044,.T.);
#12665 = ORIENTED_EDGE('',*,*,#11239,.F.);
#12666 = ORIENTED_EDGE('',*,*,#12667,.F.);
#12667 = EDGE_CURVE('',#11807,#11212,#12668,.T.);
#12668 = SURFACE_CURVE('',#12669,(#12673,#12680),.PCURVE_S1.);
#12669 = LINE('',#12670,#12671);
#12670 = CARTESIAN_POINT('',(-2.55,0.43,0.725));
#12671 = VECTOR('',#12672,1.);
#12672 = DIRECTION('',(-9.95799250103E-17,1.,0.));
#12673 = PCURVE('',#11256,#12674);
#12674 = DEFINITIONAL_REPRESENTATION('',(#12675),#12679);
#12675 = LINE('',#12676,#12677);
#12676 = CARTESIAN_POINT('',(6.28318530718,-5.551115123126E-17));
#12677 = VECTOR('',#12678,1.);
#12678 = DIRECTION('',(0.,-1.));
#12679 = ( GEOMETRIC_REPRESENTATION_CONTEXT(2) 
PARAMETRIC_REPRESENTATION_CONTEXT() REPRESENTATION_CONTEXT('2D SPACE',''
  ) );
#12680 = PCURVE('',#11227,#12681);
#12681 = DEFINITIONAL_REPRESENTATION('',(#12682),#12686);
#12682 = LINE('',#12683,#12684);
#12683 = CARTESIAN_POINT('',(0.425,0.));
#12684 = VECTOR('',#12685,1.);
#12685 = DIRECTION('',(0.,-1.));
#12686 = ( GEOMETRIC_REPRESENTATION_CONTEXT(2) 
PARAMETRIC_REPRESENTATION_CONTEXT() REPRESENTATION_CONTEXT('2D SPACE',''
  ) );
#12687 = ADVANCED_FACE('',(#12688),#11227,.F.);
#12688 = FACE_BOUND('',#12689,.F.);
#12689 = EDGE_LOOP('',(#12690,#12711,#12712,#12713));
#12690 = ORIENTED_EDGE('',*,*,#12691,.T.);
#12691 = EDGE_CURVE('',#11779,#11179,#12692,.T.);
#12692 = SURFACE_CURVE('',#12693,(#12697,#12704),.PCURVE_S1.);
#12693 = LINE('',#12694,#12695);
#12694 = CARTESIAN_POINT('',(-2.55,0.43,0.3));
#12695 = VECTOR('',#12696,1.);
#12696 = DIRECTION('',(-9.95799250103E-17,1.,0.));
#12697 = PCURVE('',#11227,#12698);
#12698 = DEFINITIONAL_REPRESENTATION('',(#12699),#12703);
#12699 = LINE('',#12700,#12701);
#12700 = CARTESIAN_POINT('',(0.,0.));
#12701 = VECTOR('',#12702,1.);
#12702 = DIRECTION('',(0.,-1.));
#12703 = ( GEOMETRIC_REPRESENTATION_CONTEXT(2) 
PARAMETRIC_REPRESENTATION_CONTEXT() REPRESENTATION_CONTEXT('2D SPACE',''
  ) );
#12704 = PCURVE('',#11199,#12705);
#12705 = DEFINITIONAL_REPRESENTATION('',(#12706),#12710);
#12706 = LINE('',#12707,#12708);
#12707 = CARTESIAN_POINT('',(1.570796326795,0.));
#12708 = VECTOR('',#12709,1.);
#12709 = DIRECTION('',(0.,-1.));
#12710 = ( GEOMETRIC_REPRESENTATION_CONTEXT(2) 
PARAMETRIC_REPRESENTATION_CONTEXT() REPRESENTATION_CONTEXT('2D SPACE',''
  ) );
#12711 = ORIENTED_EDGE('',*,*,#11211,.T.);
#12712 = ORIENTED_EDGE('',*,*,#12667,.F.);
#12713 = ORIENTED_EDGE('',*,*,#11806,.F.);
#12714 = ADVANCED_FACE('',(#12715),#11199,.F.);
#12715 = FACE_BOUND('',#12716,.F.);
#12716 = EDGE_LOOP('',(#12717,#12738,#12739,#12740));
#12717 = ORIENTED_EDGE('',*,*,#12718,.T.);
#12718 = EDGE_CURVE('',#11756,#11151,#12719,.T.);
#12719 = SURFACE_CURVE('',#12720,(#12724,#12731),.PCURVE_S1.);
#12720 = LINE('',#12721,#12722);
#12721 = CARTESIAN_POINT('',(-2.65,0.43,0.2));
#12722 = VECTOR('',#12723,1.);
#12723 = DIRECTION('',(-9.95799250103E-17,1.,0.));
#12724 = PCURVE('',#11199,#12725);
#12725 = DEFINITIONAL_REPRESENTATION('',(#12726),#12730);
#12726 = LINE('',#12727,#12728);
#12727 = CARTESIAN_POINT('',(0.,0.));
#12728 = VECTOR('',#12729,1.);
#12729 = DIRECTION('',(0.,-1.));
#12730 = ( GEOMETRIC_REPRESENTATION_CONTEXT(2) 
PARAMETRIC_REPRESENTATION_CONTEXT() REPRESENTATION_CONTEXT('2D SPACE',''
  ) );
#12731 = PCURVE('',#11166,#12732);
#12732 = DEFINITIONAL_REPRESENTATION('',(#12733),#12737);
#12733 = LINE('',#12734,#12735);
#12734 = CARTESIAN_POINT('',(0.35,3.485297375361E-17));
#12735 = VECTOR('',#12736,1.);
#12736 = DIRECTION('',(0.,-1.));
#12737 = ( GEOMETRIC_REPRESENTATION_CONTEXT(2) 
PARAMETRIC_REPRESENTATION_CONTEXT() REPRESENTATION_CONTEXT('2D SPACE',''
  ) );
#12738 = ORIENTED_EDGE('',*,*,#11178,.T.);
#12739 = ORIENTED_EDGE('',*,*,#12691,.F.);
#12740 = ORIENTED_EDGE('',*,*,#11778,.F.);
#12741 = ADVANCED_FACE('',(#12742),#11166,.F.);
#12742 = FACE_BOUND('',#12743,.F.);
#12743 = EDGE_LOOP('',(#12744,#12765,#12766,#12767));
#12744 = ORIENTED_EDGE('',*,*,#12745,.T.);
#12745 = EDGE_CURVE('',#11733,#11123,#12746,.T.);
#12746 = SURFACE_CURVE('',#12747,(#12751,#12758),.PCURVE_S1.);
#12747 = LINE('',#12748,#12749);
#12748 = CARTESIAN_POINT('',(-3.,0.43,0.2));
#12749 = VECTOR('',#12750,1.);
#12750 = DIRECTION('',(-9.95799250103E-17,1.,0.));
#12751 = PCURVE('',#11166,#12752);
#12752 = DEFINITIONAL_REPRESENTATION('',(#12753),#12757);
#12753 = LINE('',#12754,#12755);
#12754 = CARTESIAN_POINT('',(0.,0.));
#12755 = VECTOR('',#12756,1.);
#12756 = DIRECTION('',(0.,-1.));
#12757 = ( GEOMETRIC_REPRESENTATION_CONTEXT(2) 
PARAMETRIC_REPRESENTATION_CONTEXT() REPRESENTATION_CONTEXT('2D SPACE',''
  ) );
#12758 = PCURVE('',#11138,#12759);
#12759 = DEFINITIONAL_REPRESENTATION('',(#12760),#12764);
#12760 = LINE('',#12761,#12762);
#12761 = CARTESIAN_POINT('',(0.2,0.));
#12762 = VECTOR('',#12763,1.);
#12763 = DIRECTION('',(0.,-1.));
#12764 = ( GEOMETRIC_REPRESENTATION_CONTEXT(2) 
PARAMETRIC_REPRESENTATION_CONTEXT() REPRESENTATION_CONTEXT('2D SPACE',''
  ) );
#12765 = ORIENTED_EDGE('',*,*,#11150,.T.);
#12766 = ORIENTED_EDGE('',*,*,#12718,.F.);
#12767 = ORIENTED_EDGE('',*,*,#11755,.F.);
#12768 = ADVANCED_FACE('',(#12769),#11138,.F.);
#12769 = FACE_BOUND('',#12770,.F.);
#12770 = EDGE_LOOP('',(#12771,#12792,#12793,#12794));
#12771 = ORIENTED_EDGE('',*,*,#12772,.T.);
#12772 = EDGE_CURVE('',#11710,#11095,#12773,.T.);
#12773 = SURFACE_CURVE('',#12774,(#12778,#12785),.PCURVE_S1.);
#12774 = LINE('',#12775,#12776);
#12775 = CARTESIAN_POINT('',(-3.,0.43,5.551115123126E-17));
#12776 = VECTOR('',#12777,1.);
#12777 = DIRECTION('',(-9.95799250103E-17,1.,0.));
#12778 = PCURVE('',#11138,#12779);
#12779 = DEFINITIONAL_REPRESENTATION('',(#12780),#12784);
#12780 = LINE('',#12781,#12782);
#12781 = CARTESIAN_POINT('',(0.,0.));
#12782 = VECTOR('',#12783,1.);
#12783 = DIRECTION('',(0.,-1.));
#12784 = ( GEOMETRIC_REPRESENTATION_CONTEXT(2) 
PARAMETRIC_REPRESENTATION_CONTEXT() REPRESENTATION_CONTEXT('2D SPACE',''
  ) );
#12785 = PCURVE('',#11110,#12786);
#12786 = DEFINITIONAL_REPRESENTATION('',(#12787),#12791);
#12787 = LINE('',#12788,#12789);
#12788 = CARTESIAN_POINT('',(0.35,-3.485297375361E-17));
#12789 = VECTOR('',#12790,1.);
#12790 = DIRECTION('',(0.,-1.));
#12791 = ( GEOMETRIC_REPRESENTATION_CONTEXT(2) 
PARAMETRIC_REPRESENTATION_CONTEXT() REPRESENTATION_CONTEXT('2D SPACE',''
  ) );
#12792 = ORIENTED_EDGE('',*,*,#11122,.T.);
#12793 = ORIENTED_EDGE('',*,*,#12745,.F.);
#12794 = ORIENTED_EDGE('',*,*,#11732,.F.);
#12795 = ADVANCED_FACE('',(#12796),#11110,.F.);
#12796 = FACE_BOUND('',#12797,.F.);
#12797 = EDGE_LOOP('',(#12798,#12819,#12820,#12821));
#12798 = ORIENTED_EDGE('',*,*,#12799,.T.);
#12799 = EDGE_CURVE('',#11686,#11066,#12800,.T.);
#12800 = SURFACE_CURVE('',#12801,(#12805,#12812),.PCURVE_S1.);
#12801 = LINE('',#12802,#12803);
#12802 = CARTESIAN_POINT('',(-2.65,0.43,5.551115123126E-17));
#12803 = VECTOR('',#12804,1.);
#12804 = DIRECTION('',(-9.95799250103E-17,1.,0.));
#12805 = PCURVE('',#11110,#12806);
#12806 = DEFINITIONAL_REPRESENTATION('',(#12807),#12811);
#12807 = LINE('',#12808,#12809);
#12808 = CARTESIAN_POINT('',(0.,0.));
#12809 = VECTOR('',#12810,1.);
#12810 = DIRECTION('',(0.,-1.));
#12811 = ( GEOMETRIC_REPRESENTATION_CONTEXT(2) 
PARAMETRIC_REPRESENTATION_CONTEXT() REPRESENTATION_CONTEXT('2D SPACE',''
  ) );
#12812 = PCURVE('',#11082,#12813);
#12813 = DEFINITIONAL_REPRESENTATION('',(#12814),#12818);
#12814 = LINE('',#12815,#12816);
#12815 = CARTESIAN_POINT('',(4.712388980385,0.));
#12816 = VECTOR('',#12817,1.);
#12817 = DIRECTION('',(0.,-1.));
#12818 = ( GEOMETRIC_REPRESENTATION_CONTEXT(2) 
PARAMETRIC_REPRESENTATION_CONTEXT() REPRESENTATION_CONTEXT('2D SPACE',''
  ) );
#12819 = ORIENTED_EDGE('',*,*,#11094,.T.);
#12820 = ORIENTED_EDGE('',*,*,#12772,.F.);
#12821 = ORIENTED_EDGE('',*,*,#11709,.F.);
#12822 = ADVANCED_FACE('',(#12823),#11082,.T.);
#12823 = FACE_BOUND('',#12824,.T.);
#12824 = EDGE_LOOP('',(#12825,#12826,#12827,#12828));
#12825 = ORIENTED_EDGE('',*,*,#11685,.T.);
#12826 = ORIENTED_EDGE('',*,*,#12799,.T.);
#12827 = ORIENTED_EDGE('',*,*,#11065,.F.);
#12828 = ORIENTED_EDGE('',*,*,#12829,.F.);
#12829 = EDGE_CURVE('',#11663,#11038,#12830,.T.);
#12830 = SURFACE_CURVE('',#12831,(#12835,#12842),.PCURVE_S1.);
#12831 = LINE('',#12832,#12833);
#12832 = CARTESIAN_POINT('',(-2.35,0.43,0.3));
#12833 = VECTOR('',#12834,1.);
#12834 = DIRECTION('',(-9.95799250103E-17,1.,0.));
#12835 = PCURVE('',#11082,#12836);
#12836 = DEFINITIONAL_REPRESENTATION('',(#12837),#12841);
#12837 = LINE('',#12838,#12839);
#12838 = CARTESIAN_POINT('',(6.28318530718,5.551115123126E-17));
#12839 = VECTOR('',#12840,1.);
#12840 = DIRECTION('',(0.,-1.));
#12841 = ( GEOMETRIC_REPRESENTATION_CONTEXT(2) 
PARAMETRIC_REPRESENTATION_CONTEXT() REPRESENTATION_CONTEXT('2D SPACE',''
  ) );
#12842 = PCURVE('',#11053,#12843);
#12843 = DEFINITIONAL_REPRESENTATION('',(#12844),#12848);
#12844 = LINE('',#12845,#12846);
#12845 = CARTESIAN_POINT('',(0.425,-4.422237021472E-32));
#12846 = VECTOR('',#12847,1.);
#12847 = DIRECTION('',(6.767833676919E-44,-1.));
#12848 = ( GEOMETRIC_REPRESENTATION_CONTEXT(2) 
PARAMETRIC_REPRESENTATION_CONTEXT() REPRESENTATION_CONTEXT('2D SPACE',''
  ) );
#12849 = ADVANCED_FACE('',(#12850),#11053,.F.);
#12850 = FACE_BOUND('',#12851,.F.);
#12851 = EDGE_LOOP('',(#12852,#12853,#12854,#12855));
#12852 = ORIENTED_EDGE('',*,*,#11879,.T.);
#12853 = ORIENTED_EDGE('',*,*,#11037,.T.);
#12854 = ORIENTED_EDGE('',*,*,#12829,.F.);
#12855 = ORIENTED_EDGE('',*,*,#11662,.F.);
#12856 = ( GEOMETRIC_REPRESENTATION_CONTEXT(3) 
GLOBAL_UNCERTAINTY_ASSIGNED_CONTEXT((#12860)) 
GLOBAL_UNIT_ASSIGNED_CONTEXT((#12857,#12858,#12859)) 
REPRESENTATION_CONTEXT('Context #1',
  '3D Context with UNIT and UNCERTAINTY') );
#12857 = ( LENGTH_UNIT() NAMED_UNIT(*) SI_UNIT(.MILLI.,.METRE.) );
#12858 = ( NAMED_UNIT(*) PLANE_ANGLE_UNIT() SI_UNIT($,.RADIAN.) );
#12859 = ( NAMED_UNIT(*) SI_UNIT($,.STERADIAN.) SOLID_ANGLE_UNIT() );
#12860 = UNCERTAINTY_MEASURE_WITH_UNIT(LENGTH_MEASURE(1.E-02),#12857,
  'distance_accuracy_value','confusion accuracy');
#12861 = CONTEXT_DEPENDENT_SHAPE_REPRESENTATION(#12862,#12864);
#12862 = ( REPRESENTATION_RELATIONSHIP('','',#1951,#1928) 
REPRESENTATION_RELATIONSHIP_WITH_TRANSFORMATION(#12863) 
SHAPE_REPRESENTATION_RELATIONSHIP() );
#12863 = ITEM_DEFINED_TRANSFORMATION('','',#11,#1929);
#12864 = PRODUCT_DEFINITION_SHAPE('Placement','Placement of an item',
  #12865);
#12865 = NEXT_ASSEMBLY_USAGE_OCCURRENCE('3','=>[0:1:1:5]','',#1923,#1946
  ,$);
#12866 = PRODUCT_RELATED_PRODUCT_CATEGORY('part',$,(#1948));
#12867 = SHAPE_DEFINITION_REPRESENTATION(#12868,#12874);
#12868 = PRODUCT_DEFINITION_SHAPE('','',#12869);
#12869 = PRODUCT_DEFINITION('design','',#12870,#12873);
#12870 = PRODUCT_DEFINITION_FORMATION('','',#12871);
#12871 = PRODUCT('C_0402_1005Metric','C_0402_1005Metric','',(#12872));
#12872 = PRODUCT_CONTEXT('',#2,'mechanical');
#12873 = PRODUCT_DEFINITION_CONTEXT('part definition',#2,'design');
#12874 = SHAPE_REPRESENTATION('',(#11,#12875),#12879);
#12875 = AXIS2_PLACEMENT_3D('',#12876,#12877,#12878);
#12876 = CARTESIAN_POINT('',(0.,0.,0.));
#12877 = DIRECTION('',(0.,0.,1.));
#12878 = DIRECTION('',(1.,0.,-0.));
#12879 = ( GEOMETRIC_REPRESENTATION_CONTEXT(3) 
GLOBAL_UNCERTAINTY_ASSIGNED_CONTEXT((#12883)) 
GLOBAL_UNIT_ASSIGNED_CONTEXT((#12880,#12881,#12882)) 
REPRESENTATION_CONTEXT('Context #1',
  '3D Context with UNIT and UNCERTAINTY') );
#12880 = ( LENGTH_UNIT() NAMED_UNIT(*) SI_UNIT(.MILLI.,.METRE.) );
#12881 = ( NAMED_UNIT(*) PLANE_ANGLE_UNIT() SI_UNIT($,.RADIAN.) );
#12882 = ( NAMED_UNIT(*) SI_UNIT($,.STERADIAN.) SOLID_ANGLE_UNIT() );
#12883 = UNCERTAINTY_MEASURE_WITH_UNIT(LENGTH_MEASURE(1.E-02),#12880,
  'distance_accuracy_value','confusion accuracy');
#12884 = CONTEXT_DEPENDENT_SHAPE_REPRESENTATION(#12885,#12887);
#12885 = ( REPRESENTATION_RELATIONSHIP('','',#12874,#10) 
REPRESENTATION_RELATIONSHIP_WITH_TRANSFORMATION(#12886) 
SHAPE_REPRESENTATION_RELATIONSHIP() );
#12886 = ITEM_DEFINED_TRANSFORMATION('','',#11,#23);
#12887 = PRODUCT_DEFINITION_SHAPE('Placement','Placement of an item',
  #12888);
#12888 = NEXT_ASSEMBLY_USAGE_OCCURRENCE('6','C1','',#5,#12869,$);
#12889 = PRODUCT_RELATED_PRODUCT_CATEGORY('part',$,(#12871));
#12890 = SHAPE_DEFINITION_REPRESENTATION(#12891,#12897);
#12891 = PRODUCT_DEFINITION_SHAPE('','',#12892);
#12892 = PRODUCT_DEFINITION('design','',#12893,#12896);
#12893 = PRODUCT_DEFINITION_FORMATION('','',#12894);
#12894 = PRODUCT('SOLID','SOLID','',(#12895));
#12895 = PRODUCT_CONTEXT('',#2,'mechanical');
#12896 = PRODUCT_DEFINITION_CONTEXT('part definition',#2,'design');
#12897 = ADVANCED_BREP_SHAPE_REPRESENTATION('',(#11,#12898),#14880);
#12898 = MANIFOLD_SOLID_BREP('',#12899);
#12899 = CLOSED_SHELL('',(#12900,#13144,#13220,#13270,#13324,#13373,
    #13422,#13476,#13526,#13553,#13802,#13879,#13928,#13982,#14031,
    #14081,#14130,#14184,#14211,#14460,#14536,#14586,#14640,#14689,
    #14738,#14792,#14842,#14869));
#12900 = ADVANCED_FACE('',(#12901),#12915,.F.);
#12901 = FACE_BOUND('',#12902,.F.);
#12902 = EDGE_LOOP('',(#12903,#12938,#12967,#12995,#13028,#13056,#13085,
    #13113));
#12903 = ORIENTED_EDGE('',*,*,#12904,.F.);
#12904 = EDGE_CURVE('',#12905,#12907,#12909,.T.);
#12905 = VERTEX_POINT('',#12906);
#12906 = CARTESIAN_POINT('',(-0.5,-0.25,2.E-02));
#12907 = VERTEX_POINT('',#12908);
#12908 = CARTESIAN_POINT('',(-0.5,-0.25,0.48));
#12909 = SURFACE_CURVE('',#12910,(#12914,#12926),.PCURVE_S1.);
#12910 = LINE('',#12911,#12912);
#12911 = CARTESIAN_POINT('',(-0.5,-0.25,0.));
#12912 = VECTOR('',#12913,1.);
#12913 = DIRECTION('',(0.,0.,1.));
#12914 = PCURVE('',#12915,#12920);
#12915 = PLANE('',#12916);
#12916 = AXIS2_PLACEMENT_3D('',#12917,#12918,#12919);
#12917 = CARTESIAN_POINT('',(-0.5,-0.25,0.));
#12918 = DIRECTION('',(1.,0.,0.));
#12919 = DIRECTION('',(0.,0.,1.));
#12920 = DEFINITIONAL_REPRESENTATION('',(#12921),#12925);
#12921 = LINE('',#12922,#12923);
#12922 = CARTESIAN_POINT('',(0.,0.));
#12923 = VECTOR('',#12924,1.);
#12924 = DIRECTION('',(1.,0.));
#12925 = ( GEOMETRIC_REPRESENTATION_CONTEXT(2) 
PARAMETRIC_REPRESENTATION_CONTEXT() REPRESENTATION_CONTEXT('2D SPACE',''
  ) );
#12926 = PCURVE('',#12927,#12932);
#12927 = PLANE('',#12928);
#12928 = AXIS2_PLACEMENT_3D('',#12929,#12930,#12931);
#12929 = CARTESIAN_POINT('',(-0.5,-0.25,0.));
#12930 = DIRECTION('',(0.,1.,0.));
#12931 = DIRECTION('',(0.,-0.,1.));
#12932 = DEFINITIONAL_REPRESENTATION('',(#12933),#12937);
#12933 = LINE('',#12934,#12935);
#12934 = CARTESIAN_POINT('',(0.,0.));
#12935 = VECTOR('',#12936,1.);
#12936 = DIRECTION('',(1.,0.));
#12937 = ( GEOMETRIC_REPRESENTATION_CONTEXT(2) 
PARAMETRIC_REPRESENTATION_CONTEXT() REPRESENTATION_CONTEXT('2D SPACE',''
  ) );
#12938 = ORIENTED_EDGE('',*,*,#12939,.T.);
#12939 = EDGE_CURVE('',#12905,#12940,#12942,.T.);
#12940 = VERTEX_POINT('',#12941);
#12941 = CARTESIAN_POINT('',(-0.5,-0.23,0.));
#12942 = SURFACE_CURVE('',#12943,(#12948,#12955),.PCURVE_S1.);
#12943 = CIRCLE('',#12944,2.E-02);
#12944 = AXIS2_PLACEMENT_3D('',#12945,#12946,#12947);
#12945 = CARTESIAN_POINT('',(-0.5,-0.23,2.E-02));
#12946 = DIRECTION('',(1.,0.,-0.));
#12947 = DIRECTION('',(0.,0.,1.));
#12948 = PCURVE('',#12915,#12949);
#12949 = DEFINITIONAL_REPRESENTATION('',(#12950),#12954);
#12950 = CIRCLE('',#12951,2.E-02);
#12951 = AXIS2_PLACEMENT_2D('',#12952,#12953);
#12952 = CARTESIAN_POINT('',(2.E-02,-2.E-02));
#12953 = DIRECTION('',(1.,0.));
#12954 = ( GEOMETRIC_REPRESENTATION_CONTEXT(2) 
PARAMETRIC_REPRESENTATION_CONTEXT() REPRESENTATION_CONTEXT('2D SPACE',''
  ) );
#12955 = PCURVE('',#12956,#12961);
#12956 = CYLINDRICAL_SURFACE('',#12957,2.E-02);
#12957 = AXIS2_PLACEMENT_3D('',#12958,#12959,#12960);
#12958 = CARTESIAN_POINT('',(-0.5,-0.23,2.E-02));
#12959 = DIRECTION('',(1.,0.,0.));
#12960 = DIRECTION('',(0.,-1.,0.));
#12961 = DEFINITIONAL_REPRESENTATION('',(#12962),#12966);
#12962 = LINE('',#12963,#12964);
#12963 = CARTESIAN_POINT('',(-1.570796326795,0.));
#12964 = VECTOR('',#12965,1.);
#12965 = DIRECTION('',(1.,0.));
#12966 = ( GEOMETRIC_REPRESENTATION_CONTEXT(2) 
PARAMETRIC_REPRESENTATION_CONTEXT() REPRESENTATION_CONTEXT('2D SPACE',''
  ) );
#12967 = ORIENTED_EDGE('',*,*,#12968,.T.);
#12968 = EDGE_CURVE('',#12940,#12969,#12971,.T.);
#12969 = VERTEX_POINT('',#12970);
#12970 = CARTESIAN_POINT('',(-0.5,0.23,0.));
#12971 = SURFACE_CURVE('',#12972,(#12976,#12983),.PCURVE_S1.);
#12972 = LINE('',#12973,#12974);
#12973 = CARTESIAN_POINT('',(-0.5,-0.25,0.));
#12974 = VECTOR('',#12975,1.);
#12975 = DIRECTION('',(0.,1.,0.));
#12976 = PCURVE('',#12915,#12977);
#12977 = DEFINITIONAL_REPRESENTATION('',(#12978),#12982);
#12978 = LINE('',#12979,#12980);
#12979 = CARTESIAN_POINT('',(0.,0.));
#12980 = VECTOR('',#12981,1.);
#12981 = DIRECTION('',(0.,-1.));
#12982 = ( GEOMETRIC_REPRESENTATION_CONTEXT(2) 
PARAMETRIC_REPRESENTATION_CONTEXT() REPRESENTATION_CONTEXT('2D SPACE',''
  ) );
#12983 = PCURVE('',#12984,#12989);
#12984 = PLANE('',#12985);
#12985 = AXIS2_PLACEMENT_3D('',#12986,#12987,#12988);
#12986 = CARTESIAN_POINT('',(-0.5,-0.25,0.));
#12987 = DIRECTION('',(0.,0.,1.));
#12988 = DIRECTION('',(1.,0.,-0.));
#12989 = DEFINITIONAL_REPRESENTATION('',(#12990),#12994);
#12990 = LINE('',#12991,#12992);
#12991 = CARTESIAN_POINT('',(0.,0.));
#12992 = VECTOR('',#12993,1.);
#12993 = DIRECTION('',(0.,1.));
#12994 = ( GEOMETRIC_REPRESENTATION_CONTEXT(2) 
PARAMETRIC_REPRESENTATION_CONTEXT() REPRESENTATION_CONTEXT('2D SPACE',''
  ) );
#12995 = ORIENTED_EDGE('',*,*,#12996,.F.);
#12996 = EDGE_CURVE('',#12997,#12969,#12999,.T.);
#12997 = VERTEX_POINT('',#12998);
#12998 = CARTESIAN_POINT('',(-0.5,0.25,2.E-02));
#12999 = SURFACE_CURVE('',#13000,(#13005,#13016),.PCURVE_S1.);
#13000 = CIRCLE('',#13001,2.E-02);
#13001 = AXIS2_PLACEMENT_3D('',#13002,#13003,#13004);
#13002 = CARTESIAN_POINT('',(-0.5,0.23,2.E-02));
#13003 = DIRECTION('',(-1.,0.,0.));
#13004 = DIRECTION('',(0.,0.,1.));
#13005 = PCURVE('',#12915,#13006);
#13006 = DEFINITIONAL_REPRESENTATION('',(#13007),#13015);
#13007 = ( BOUNDED_CURVE() B_SPLINE_CURVE(2,(#13008,#13009,#13010,#13011
    ,#13012,#13013,#13014),.UNSPECIFIED.,.T.,.F.) 
B_SPLINE_CURVE_WITH_KNOTS((1,2,2,2,2,1),(-2.094395102393,0.,
    2.094395102393,4.188790204786,6.28318530718,8.377580409573),
.UNSPECIFIED.) CURVE() GEOMETRIC_REPRESENTATION_ITEM() 
RATIONAL_B_SPLINE_CURVE((1.,0.5,1.,0.5,1.,0.5,1.)) REPRESENTATION_ITEM(
  '') );
#13008 = CARTESIAN_POINT('',(4.E-02,-0.48));
#13009 = CARTESIAN_POINT('',(4.E-02,-0.514641016151));
#13010 = CARTESIAN_POINT('',(1.E-02,-0.497320508076));
#13011 = CARTESIAN_POINT('',(-2.E-02,-0.48));
#13012 = CARTESIAN_POINT('',(1.E-02,-0.462679491924));
#13013 = CARTESIAN_POINT('',(4.E-02,-0.445358983849));
#13014 = CARTESIAN_POINT('',(4.E-02,-0.48));
#13015 = ( GEOMETRIC_REPRESENTATION_CONTEXT(2) 
PARAMETRIC_REPRESENTATION_CONTEXT() REPRESENTATION_CONTEXT('2D SPACE',''
  ) );
#13016 = PCURVE('',#13017,#13022);
#13017 = CYLINDRICAL_SURFACE('',#13018,2.E-02);
#13018 = AXIS2_PLACEMENT_3D('',#13019,#13020,#13021);
#13019 = CARTESIAN_POINT('',(-0.5,0.23,2.E-02));
#13020 = DIRECTION('',(1.,0.,0.));
#13021 = DIRECTION('',(-0.,1.,0.));
#13022 = DEFINITIONAL_REPRESENTATION('',(#13023),#13027);
#13023 = LINE('',#13024,#13025);
#13024 = CARTESIAN_POINT('',(7.853981633974,0.));
#13025 = VECTOR('',#13026,1.);
#13026 = DIRECTION('',(-1.,0.));
#13027 = ( GEOMETRIC_REPRESENTATION_CONTEXT(2) 
PARAMETRIC_REPRESENTATION_CONTEXT() REPRESENTATION_CONTEXT('2D SPACE',''
  ) );
#13028 = ORIENTED_EDGE('',*,*,#13029,.T.);
#13029 = EDGE_CURVE('',#12997,#13030,#13032,.T.);
#13030 = VERTEX_POINT('',#13031);
#13031 = CARTESIAN_POINT('',(-0.5,0.25,0.48));
#13032 = SURFACE_CURVE('',#13033,(#13037,#13044),.PCURVE_S1.);
#13033 = LINE('',#13034,#13035);
#13034 = CARTESIAN_POINT('',(-0.5,0.25,0.));
#13035 = VECTOR('',#13036,1.);
#13036 = DIRECTION('',(0.,0.,1.));
#13037 = PCURVE('',#12915,#13038);
#13038 = DEFINITIONAL_REPRESENTATION('',(#13039),#13043);
#13039 = LINE('',#13040,#13041);
#13040 = CARTESIAN_POINT('',(0.,-0.5));
#13041 = VECTOR('',#13042,1.);
#13042 = DIRECTION('',(1.,0.));
#13043 = ( GEOMETRIC_REPRESENTATION_CONTEXT(2) 
PARAMETRIC_REPRESENTATION_CONTEXT() REPRESENTATION_CONTEXT('2D SPACE',''
  ) );
#13044 = PCURVE('',#13045,#13050);
#13045 = PLANE('',#13046);
#13046 = AXIS2_PLACEMENT_3D('',#13047,#13048,#13049);
#13047 = CARTESIAN_POINT('',(-0.5,0.25,0.));
#13048 = DIRECTION('',(0.,1.,0.));
#13049 = DIRECTION('',(0.,-0.,1.));
#13050 = DEFINITIONAL_REPRESENTATION('',(#13051),#13055);
#13051 = LINE('',#13052,#13053);
#13052 = CARTESIAN_POINT('',(0.,0.));
#13053 = VECTOR('',#13054,1.);
#13054 = DIRECTION('',(1.,0.));
#13055 = ( GEOMETRIC_REPRESENTATION_CONTEXT(2) 
PARAMETRIC_REPRESENTATION_CONTEXT() REPRESENTATION_CONTEXT('2D SPACE',''
  ) );
#13056 = ORIENTED_EDGE('',*,*,#13057,.T.);
#13057 = EDGE_CURVE('',#13030,#13058,#13060,.T.);
#13058 = VERTEX_POINT('',#13059);
#13059 = CARTESIAN_POINT('',(-0.5,0.23,0.5));
#13060 = SURFACE_CURVE('',#13061,(#13066,#13073),.PCURVE_S1.);
#13061 = CIRCLE('',#13062,2.E-02);
#13062 = AXIS2_PLACEMENT_3D('',#13063,#13064,#13065);
#13063 = CARTESIAN_POINT('',(-0.5,0.23,0.48));
#13064 = DIRECTION('',(1.,0.,-0.));
#13065 = DIRECTION('',(0.,0.,1.));
#13066 = PCURVE('',#12915,#13067);
#13067 = DEFINITIONAL_REPRESENTATION('',(#13068),#13072);
#13068 = CIRCLE('',#13069,2.E-02);
#13069 = AXIS2_PLACEMENT_2D('',#13070,#13071);
#13070 = CARTESIAN_POINT('',(0.48,-0.48));
#13071 = DIRECTION('',(1.,0.));
#13072 = ( GEOMETRIC_REPRESENTATION_CONTEXT(2) 
PARAMETRIC_REPRESENTATION_CONTEXT() REPRESENTATION_CONTEXT('2D SPACE',''
  ) );
#13073 = PCURVE('',#13074,#13079);
#13074 = CYLINDRICAL_SURFACE('',#13075,2.E-02);
#13075 = AXIS2_PLACEMENT_3D('',#13076,#13077,#13078);
#13076 = CARTESIAN_POINT('',(-0.5,0.23,0.48));
#13077 = DIRECTION('',(1.,0.,0.));
#13078 = DIRECTION('',(-0.,1.,0.));
#13079 = DEFINITIONAL_REPRESENTATION('',(#13080),#13084);
#13080 = LINE('',#13081,#13082);
#13081 = CARTESIAN_POINT('',(-4.712388980385,0.));
#13082 = VECTOR('',#13083,1.);
#13083 = DIRECTION('',(1.,0.));
#13084 = ( GEOMETRIC_REPRESENTATION_CONTEXT(2) 
PARAMETRIC_REPRESENTATION_CONTEXT() REPRESENTATION_CONTEXT('2D SPACE',''
  ) );
#13085 = ORIENTED_EDGE('',*,*,#13086,.F.);
#13086 = EDGE_CURVE('',#13087,#13058,#13089,.T.);
#13087 = VERTEX_POINT('',#13088);
#13088 = CARTESIAN_POINT('',(-0.5,-0.23,0.5));
#13089 = SURFACE_CURVE('',#13090,(#13094,#13101),.PCURVE_S1.);
#13090 = LINE('',#13091,#13092);
#13091 = CARTESIAN_POINT('',(-0.5,-0.25,0.5));
#13092 = VECTOR('',#13093,1.);
#13093 = DIRECTION('',(0.,1.,0.));
#13094 = PCURVE('',#12915,#13095);
#13095 = DEFINITIONAL_REPRESENTATION('',(#13096),#13100);
#13096 = LINE('',#13097,#13098);
#13097 = CARTESIAN_POINT('',(0.5,0.));
#13098 = VECTOR('',#13099,1.);
#13099 = DIRECTION('',(0.,-1.));
#13100 = ( GEOMETRIC_REPRESENTATION_CONTEXT(2) 
PARAMETRIC_REPRESENTATION_CONTEXT() REPRESENTATION_CONTEXT('2D SPACE',''
  ) );
#13101 = PCURVE('',#13102,#13107);
#13102 = PLANE('',#13103);
#13103 = AXIS2_PLACEMENT_3D('',#13104,#13105,#13106);
#13104 = CARTESIAN_POINT('',(-0.5,-0.25,0.5));
#13105 = DIRECTION('',(0.,0.,1.));
#13106 = DIRECTION('',(1.,0.,-0.));
#13107 = DEFINITIONAL_REPRESENTATION('',(#13108),#13112);
#13108 = LINE('',#13109,#13110);
#13109 = CARTESIAN_POINT('',(0.,0.));
#13110 = VECTOR('',#13111,1.);
#13111 = DIRECTION('',(0.,1.));
#13112 = ( GEOMETRIC_REPRESENTATION_CONTEXT(2) 
PARAMETRIC_REPRESENTATION_CONTEXT() REPRESENTATION_CONTEXT('2D SPACE',''
  ) );
#13113 = ORIENTED_EDGE('',*,*,#13114,.F.);
#13114 = EDGE_CURVE('',#12907,#13087,#13115,.T.);
#13115 = SURFACE_CURVE('',#13116,(#13121,#13132),.PCURVE_S1.);
#13116 = CIRCLE('',#13117,2.E-02);
#13117 = AXIS2_PLACEMENT_3D('',#13118,#13119,#13120);
#13118 = CARTESIAN_POINT('',(-0.5,-0.23,0.48));
#13119 = DIRECTION('',(-1.,0.,0.));
#13120 = DIRECTION('',(0.,0.,1.));
#13121 = PCURVE('',#12915,#13122);
#13122 = DEFINITIONAL_REPRESENTATION('',(#13123),#13131);
#13123 = ( BOUNDED_CURVE() B_SPLINE_CURVE(2,(#13124,#13125,#13126,#13127
    ,#13128,#13129,#13130),.UNSPECIFIED.,.T.,.F.) 
B_SPLINE_CURVE_WITH_KNOTS((1,2,2,2,2,1),(-2.094395102393,0.,
    2.094395102393,4.188790204786,6.28318530718,8.377580409573),
.UNSPECIFIED.) CURVE() GEOMETRIC_REPRESENTATION_ITEM() 
RATIONAL_B_SPLINE_CURVE((1.,0.5,1.,0.5,1.,0.5,1.)) REPRESENTATION_ITEM(
  '') );
#13124 = CARTESIAN_POINT('',(0.5,-2.E-02));
#13125 = CARTESIAN_POINT('',(0.5,-5.464101615138E-02));
#13126 = CARTESIAN_POINT('',(0.47,-3.732050807569E-02));
#13127 = CARTESIAN_POINT('',(0.44,-2.E-02));
#13128 = CARTESIAN_POINT('',(0.47,-2.679491924311E-03));
#13129 = CARTESIAN_POINT('',(0.5,1.464101615138E-02));
#13130 = CARTESIAN_POINT('',(0.5,-2.E-02));
#13131 = ( GEOMETRIC_REPRESENTATION_CONTEXT(2) 
PARAMETRIC_REPRESENTATION_CONTEXT() REPRESENTATION_CONTEXT('2D SPACE',''
  ) );
#13132 = PCURVE('',#13133,#13138);
#13133 = CYLINDRICAL_SURFACE('',#13134,2.E-02);
#13134 = AXIS2_PLACEMENT_3D('',#13135,#13136,#13137);
#13135 = CARTESIAN_POINT('',(-0.5,-0.23,0.48));
#13136 = DIRECTION('',(1.,0.,0.));
#13137 = DIRECTION('',(0.,-1.,0.));
#13138 = DEFINITIONAL_REPRESENTATION('',(#13139),#13143);
#13139 = LINE('',#13140,#13141);
#13140 = CARTESIAN_POINT('',(10.995574287564,0.));
#13141 = VECTOR('',#13142,1.);
#13142 = DIRECTION('',(-1.,0.));
#13143 = ( GEOMETRIC_REPRESENTATION_CONTEXT(2) 
PARAMETRIC_REPRESENTATION_CONTEXT() REPRESENTATION_CONTEXT('2D SPACE',''
  ) );
#13144 = ADVANCED_FACE('',(#13145),#12927,.F.);
#13145 = FACE_BOUND('',#13146,.F.);
#13146 = EDGE_LOOP('',(#13147,#13177,#13198,#13199));
#13147 = ORIENTED_EDGE('',*,*,#13148,.F.);
#13148 = EDGE_CURVE('',#13149,#13151,#13153,.T.);
#13149 = VERTEX_POINT('',#13150);
#13150 = CARTESIAN_POINT('',(-0.3,-0.25,2.E-02));
#13151 = VERTEX_POINT('',#13152);
#13152 = CARTESIAN_POINT('',(-0.3,-0.25,0.48));
#13153 = SURFACE_CURVE('',#13154,(#13158,#13165),.PCURVE_S1.);
#13154 = LINE('',#13155,#13156);
#13155 = CARTESIAN_POINT('',(-0.3,-0.25,0.));
#13156 = VECTOR('',#13157,1.);
#13157 = DIRECTION('',(0.,0.,1.));
#13158 = PCURVE('',#12927,#13159);
#13159 = DEFINITIONAL_REPRESENTATION('',(#13160),#13164);
#13160 = LINE('',#13161,#13162);
#13161 = CARTESIAN_POINT('',(0.,0.2));
#13162 = VECTOR('',#13163,1.);
#13163 = DIRECTION('',(1.,0.));
#13164 = ( GEOMETRIC_REPRESENTATION_CONTEXT(2) 
PARAMETRIC_REPRESENTATION_CONTEXT() REPRESENTATION_CONTEXT('2D SPACE',''
  ) );
#13165 = PCURVE('',#13166,#13171);
#13166 = PLANE('',#13167);
#13167 = AXIS2_PLACEMENT_3D('',#13168,#13169,#13170);
#13168 = CARTESIAN_POINT('',(-0.3,-0.25,0.));
#13169 = DIRECTION('',(1.,0.,0.));
#13170 = DIRECTION('',(0.,0.,1.));
#13171 = DEFINITIONAL_REPRESENTATION('',(#13172),#13176);
#13172 = LINE('',#13173,#13174);
#13173 = CARTESIAN_POINT('',(0.,0.));
#13174 = VECTOR('',#13175,1.);
#13175 = DIRECTION('',(1.,0.));
#13176 = ( GEOMETRIC_REPRESENTATION_CONTEXT(2) 
PARAMETRIC_REPRESENTATION_CONTEXT() REPRESENTATION_CONTEXT('2D SPACE',''
  ) );
#13177 = ORIENTED_EDGE('',*,*,#13178,.F.);
#13178 = EDGE_CURVE('',#12905,#13149,#13179,.T.);
#13179 = SURFACE_CURVE('',#13180,(#13184,#13191),.PCURVE_S1.);
#13180 = LINE('',#13181,#13182);
#13181 = CARTESIAN_POINT('',(-0.5,-0.25,2.E-02));
#13182 = VECTOR('',#13183,1.);
#13183 = DIRECTION('',(1.,0.,0.));
#13184 = PCURVE('',#12927,#13185);
#13185 = DEFINITIONAL_REPRESENTATION('',(#13186),#13190);
#13186 = LINE('',#13187,#13188);
#13187 = CARTESIAN_POINT('',(2.E-02,0.));
#13188 = VECTOR('',#13189,1.);
#13189 = DIRECTION('',(0.,1.));
#13190 = ( GEOMETRIC_REPRESENTATION_CONTEXT(2) 
PARAMETRIC_REPRESENTATION_CONTEXT() REPRESENTATION_CONTEXT('2D SPACE',''
  ) );
#13191 = PCURVE('',#12956,#13192);
#13192 = DEFINITIONAL_REPRESENTATION('',(#13193),#13197);
#13193 = LINE('',#13194,#13195);
#13194 = CARTESIAN_POINT('',(0.,0.));
#13195 = VECTOR('',#13196,1.);
#13196 = DIRECTION('',(0.,1.));
#13197 = ( GEOMETRIC_REPRESENTATION_CONTEXT(2) 
PARAMETRIC_REPRESENTATION_CONTEXT() REPRESENTATION_CONTEXT('2D SPACE',''
  ) );
#13198 = ORIENTED_EDGE('',*,*,#12904,.T.);
#13199 = ORIENTED_EDGE('',*,*,#13200,.T.);
#13200 = EDGE_CURVE('',#12907,#13151,#13201,.T.);
#13201 = SURFACE_CURVE('',#13202,(#13206,#13213),.PCURVE_S1.);
#13202 = LINE('',#13203,#13204);
#13203 = CARTESIAN_POINT('',(-0.5,-0.25,0.48));
#13204 = VECTOR('',#13205,1.);
#13205 = DIRECTION('',(1.,0.,0.));
#13206 = PCURVE('',#12927,#13207);
#13207 = DEFINITIONAL_REPRESENTATION('',(#13208),#13212);
#13208 = LINE('',#13209,#13210);
#13209 = CARTESIAN_POINT('',(0.48,0.));
#13210 = VECTOR('',#13211,1.);
#13211 = DIRECTION('',(0.,1.));
#13212 = ( GEOMETRIC_REPRESENTATION_CONTEXT(2) 
PARAMETRIC_REPRESENTATION_CONTEXT() REPRESENTATION_CONTEXT('2D SPACE',''
  ) );
#13213 = PCURVE('',#13133,#13214);
#13214 = DEFINITIONAL_REPRESENTATION('',(#13215),#13219);
#13215 = LINE('',#13216,#13217);
#13216 = CARTESIAN_POINT('',(6.28318530718,0.));
#13217 = VECTOR('',#13218,1.);
#13218 = DIRECTION('',(0.,1.));
#13219 = ( GEOMETRIC_REPRESENTATION_CONTEXT(2) 
PARAMETRIC_REPRESENTATION_CONTEXT() REPRESENTATION_CONTEXT('2D SPACE',''
  ) );
#13220 = ADVANCED_FACE('',(#13221),#12956,.T.);
#13221 = FACE_BOUND('',#13222,.T.);
#13222 = EDGE_LOOP('',(#13223,#13224,#13247,#13269));
#13223 = ORIENTED_EDGE('',*,*,#12939,.T.);
#13224 = ORIENTED_EDGE('',*,*,#13225,.T.);
#13225 = EDGE_CURVE('',#12940,#13226,#13228,.T.);
#13226 = VERTEX_POINT('',#13227);
#13227 = CARTESIAN_POINT('',(-0.3,-0.23,0.));
#13228 = SURFACE_CURVE('',#13229,(#13233,#13240),.PCURVE_S1.);
#13229 = LINE('',#13230,#13231);
#13230 = CARTESIAN_POINT('',(-0.5,-0.23,0.));
#13231 = VECTOR('',#13232,1.);
#13232 = DIRECTION('',(1.,0.,0.));
#13233 = PCURVE('',#12956,#13234);
#13234 = DEFINITIONAL_REPRESENTATION('',(#13235),#13239);
#13235 = LINE('',#13236,#13237);
#13236 = CARTESIAN_POINT('',(1.570796326795,0.));
#13237 = VECTOR('',#13238,1.);
#13238 = DIRECTION('',(0.,1.));
#13239 = ( GEOMETRIC_REPRESENTATION_CONTEXT(2) 
PARAMETRIC_REPRESENTATION_CONTEXT() REPRESENTATION_CONTEXT('2D SPACE',''
  ) );
#13240 = PCURVE('',#12984,#13241);
#13241 = DEFINITIONAL_REPRESENTATION('',(#13242),#13246);
#13242 = LINE('',#13243,#13244);
#13243 = CARTESIAN_POINT('',(0.,2.E-02));
#13244 = VECTOR('',#13245,1.);
#13245 = DIRECTION('',(1.,0.));
#13246 = ( GEOMETRIC_REPRESENTATION_CONTEXT(2) 
PARAMETRIC_REPRESENTATION_CONTEXT() REPRESENTATION_CONTEXT('2D SPACE',''
  ) );
#13247 = ORIENTED_EDGE('',*,*,#13248,.F.);
#13248 = EDGE_CURVE('',#13149,#13226,#13249,.T.);
#13249 = SURFACE_CURVE('',#13250,(#13255,#13262),.PCURVE_S1.);
#13250 = CIRCLE('',#13251,2.E-02);
#13251 = AXIS2_PLACEMENT_3D('',#13252,#13253,#13254);
#13252 = CARTESIAN_POINT('',(-0.3,-0.23,2.E-02));
#13253 = DIRECTION('',(1.,0.,-0.));
#13254 = DIRECTION('',(0.,0.,1.));
#13255 = PCURVE('',#12956,#13256);
#13256 = DEFINITIONAL_REPRESENTATION('',(#13257),#13261);
#13257 = LINE('',#13258,#13259);
#13258 = CARTESIAN_POINT('',(-1.570796326795,0.2));
#13259 = VECTOR('',#13260,1.);
#13260 = DIRECTION('',(1.,0.));
#13261 = ( GEOMETRIC_REPRESENTATION_CONTEXT(2) 
PARAMETRIC_REPRESENTATION_CONTEXT() REPRESENTATION_CONTEXT('2D SPACE',''
  ) );
#13262 = PCURVE('',#13166,#13263);
#13263 = DEFINITIONAL_REPRESENTATION('',(#13264),#13268);
#13264 = CIRCLE('',#13265,2.E-02);
#13265 = AXIS2_PLACEMENT_2D('',#13266,#13267);
#13266 = CARTESIAN_POINT('',(2.E-02,-2.E-02));
#13267 = DIRECTION('',(1.,0.));
#13268 = ( GEOMETRIC_REPRESENTATION_CONTEXT(2) 
PARAMETRIC_REPRESENTATION_CONTEXT() REPRESENTATION_CONTEXT('2D SPACE',''
  ) );
#13269 = ORIENTED_EDGE('',*,*,#13178,.F.);
#13270 = ADVANCED_FACE('',(#13271),#13133,.T.);
#13271 = FACE_BOUND('',#13272,.T.);
#13272 = EDGE_LOOP('',(#13273,#13274,#13302,#13323));
#13273 = ORIENTED_EDGE('',*,*,#13200,.T.);
#13274 = ORIENTED_EDGE('',*,*,#13275,.T.);
#13275 = EDGE_CURVE('',#13151,#13276,#13278,.T.);
#13276 = VERTEX_POINT('',#13277);
#13277 = CARTESIAN_POINT('',(-0.3,-0.23,0.5));
#13278 = SURFACE_CURVE('',#13279,(#13284,#13291),.PCURVE_S1.);
#13279 = CIRCLE('',#13280,2.E-02);
#13280 = AXIS2_PLACEMENT_3D('',#13281,#13282,#13283);
#13281 = CARTESIAN_POINT('',(-0.3,-0.23,0.48));
#13282 = DIRECTION('',(-1.,0.,0.));
#13283 = DIRECTION('',(0.,0.,1.));
#13284 = PCURVE('',#13133,#13285);
#13285 = DEFINITIONAL_REPRESENTATION('',(#13286),#13290);
#13286 = LINE('',#13287,#13288);
#13287 = CARTESIAN_POINT('',(10.995574287564,0.2));
#13288 = VECTOR('',#13289,1.);
#13289 = DIRECTION('',(-1.,0.));
#13290 = ( GEOMETRIC_REPRESENTATION_CONTEXT(2) 
PARAMETRIC_REPRESENTATION_CONTEXT() REPRESENTATION_CONTEXT('2D SPACE',''
  ) );
#13291 = PCURVE('',#13166,#13292);
#13292 = DEFINITIONAL_REPRESENTATION('',(#13293),#13301);
#13293 = ( BOUNDED_CURVE() B_SPLINE_CURVE(2,(#13294,#13295,#13296,#13297
    ,#13298,#13299,#13300),.UNSPECIFIED.,.T.,.F.) 
B_SPLINE_CURVE_WITH_KNOTS((1,2,2,2,2,1),(-2.094395102393,0.,
    2.094395102393,4.188790204786,6.28318530718,8.377580409573),
.UNSPECIFIED.) CURVE() GEOMETRIC_REPRESENTATION_ITEM() 
RATIONAL_B_SPLINE_CURVE((1.,0.5,1.,0.5,1.,0.5,1.)) REPRESENTATION_ITEM(
  '') );
#13294 = CARTESIAN_POINT('',(0.5,-2.E-02));
#13295 = CARTESIAN_POINT('',(0.5,-5.464101615138E-02));
#13296 = CARTESIAN_POINT('',(0.47,-3.732050807569E-02));
#13297 = CARTESIAN_POINT('',(0.44,-2.E-02));
#13298 = CARTESIAN_POINT('',(0.47,-2.679491924311E-03));
#13299 = CARTESIAN_POINT('',(0.5,1.464101615138E-02));
#13300 = CARTESIAN_POINT('',(0.5,-2.E-02));
#13301 = ( GEOMETRIC_REPRESENTATION_CONTEXT(2) 
PARAMETRIC_REPRESENTATION_CONTEXT() REPRESENTATION_CONTEXT('2D SPACE',''
  ) );
#13302 = ORIENTED_EDGE('',*,*,#13303,.F.);
#13303 = EDGE_CURVE('',#13087,#13276,#13304,.T.);
#13304 = SURFACE_CURVE('',#13305,(#13309,#13316),.PCURVE_S1.);
#13305 = LINE('',#13306,#13307);
#13306 = CARTESIAN_POINT('',(-0.5,-0.23,0.5));
#13307 = VECTOR('',#13308,1.);
#13308 = DIRECTION('',(1.,0.,0.));
#13309 = PCURVE('',#13133,#13310);
#13310 = DEFINITIONAL_REPRESENTATION('',(#13311),#13315);
#13311 = LINE('',#13312,#13313);
#13312 = CARTESIAN_POINT('',(4.712388980385,0.));
#13313 = VECTOR('',#13314,1.);
#13314 = DIRECTION('',(0.,1.));
#13315 = ( GEOMETRIC_REPRESENTATION_CONTEXT(2) 
PARAMETRIC_REPRESENTATION_CONTEXT() REPRESENTATION_CONTEXT('2D SPACE',''
  ) );
#13316 = PCURVE('',#13102,#13317);
#13317 = DEFINITIONAL_REPRESENTATION('',(#13318),#13322);
#13318 = LINE('',#13319,#13320);
#13319 = CARTESIAN_POINT('',(0.,2.E-02));
#13320 = VECTOR('',#13321,1.);
#13321 = DIRECTION('',(1.,0.));
#13322 = ( GEOMETRIC_REPRESENTATION_CONTEXT(2) 
PARAMETRIC_REPRESENTATION_CONTEXT() REPRESENTATION_CONTEXT('2D SPACE',''
  ) );
#13323 = ORIENTED_EDGE('',*,*,#13114,.F.);
#13324 = ADVANCED_FACE('',(#13325),#12984,.F.);
#13325 = FACE_BOUND('',#13326,.F.);
#13326 = EDGE_LOOP('',(#13327,#13328,#13329,#13352));
#13327 = ORIENTED_EDGE('',*,*,#12968,.F.);
#13328 = ORIENTED_EDGE('',*,*,#13225,.T.);
#13329 = ORIENTED_EDGE('',*,*,#13330,.T.);
#13330 = EDGE_CURVE('',#13226,#13331,#13333,.T.);
#13331 = VERTEX_POINT('',#13332);
#13332 = CARTESIAN_POINT('',(-0.3,0.23,0.));
#13333 = SURFACE_CURVE('',#13334,(#13338,#13345),.PCURVE_S1.);
#13334 = LINE('',#13335,#13336);
#13335 = CARTESIAN_POINT('',(-0.3,-0.25,0.));
#13336 = VECTOR('',#13337,1.);
#13337 = DIRECTION('',(0.,1.,0.));
#13338 = PCURVE('',#12984,#13339);
#13339 = DEFINITIONAL_REPRESENTATION('',(#13340),#13344);
#13340 = LINE('',#13341,#13342);
#13341 = CARTESIAN_POINT('',(0.2,0.));
#13342 = VECTOR('',#13343,1.);
#13343 = DIRECTION('',(0.,1.));
#13344 = ( GEOMETRIC_REPRESENTATION_CONTEXT(2) 
PARAMETRIC_REPRESENTATION_CONTEXT() REPRESENTATION_CONTEXT('2D SPACE',''
  ) );
#13345 = PCURVE('',#13166,#13346);
#13346 = DEFINITIONAL_REPRESENTATION('',(#13347),#13351);
#13347 = LINE('',#13348,#13349);
#13348 = CARTESIAN_POINT('',(0.,0.));
#13349 = VECTOR('',#13350,1.);
#13350 = DIRECTION('',(0.,-1.));
#13351 = ( GEOMETRIC_REPRESENTATION_CONTEXT(2) 
PARAMETRIC_REPRESENTATION_CONTEXT() REPRESENTATION_CONTEXT('2D SPACE',''
  ) );
#13352 = ORIENTED_EDGE('',*,*,#13353,.F.);
#13353 = EDGE_CURVE('',#12969,#13331,#13354,.T.);
#13354 = SURFACE_CURVE('',#13355,(#13359,#13366),.PCURVE_S1.);
#13355 = LINE('',#13356,#13357);
#13356 = CARTESIAN_POINT('',(-0.5,0.23,0.));
#13357 = VECTOR('',#13358,1.);
#13358 = DIRECTION('',(1.,0.,0.));
#13359 = PCURVE('',#12984,#13360);
#13360 = DEFINITIONAL_REPRESENTATION('',(#13361),#13365);
#13361 = LINE('',#13362,#13363);
#13362 = CARTESIAN_POINT('',(0.,0.48));
#13363 = VECTOR('',#13364,1.);
#13364 = DIRECTION('',(1.,0.));
#13365 = ( GEOMETRIC_REPRESENTATION_CONTEXT(2) 
PARAMETRIC_REPRESENTATION_CONTEXT() REPRESENTATION_CONTEXT('2D SPACE',''
  ) );
#13366 = PCURVE('',#13017,#13367);
#13367 = DEFINITIONAL_REPRESENTATION('',(#13368),#13372);
#13368 = LINE('',#13369,#13370);
#13369 = CARTESIAN_POINT('',(4.712388980385,0.));
#13370 = VECTOR('',#13371,1.);
#13371 = DIRECTION('',(0.,1.));
#13372 = ( GEOMETRIC_REPRESENTATION_CONTEXT(2) 
PARAMETRIC_REPRESENTATION_CONTEXT() REPRESENTATION_CONTEXT('2D SPACE',''
  ) );
#13373 = ADVANCED_FACE('',(#13374),#13102,.T.);
#13374 = FACE_BOUND('',#13375,.T.);
#13375 = EDGE_LOOP('',(#13376,#13377,#13378,#13401));
#13376 = ORIENTED_EDGE('',*,*,#13086,.F.);
#13377 = ORIENTED_EDGE('',*,*,#13303,.T.);
#13378 = ORIENTED_EDGE('',*,*,#13379,.T.);
#13379 = EDGE_CURVE('',#13276,#13380,#13382,.T.);
#13380 = VERTEX_POINT('',#13381);
#13381 = CARTESIAN_POINT('',(-0.3,0.23,0.5));
#13382 = SURFACE_CURVE('',#13383,(#13387,#13394),.PCURVE_S1.);
#13383 = LINE('',#13384,#13385);
#13384 = CARTESIAN_POINT('',(-0.3,-0.25,0.5));
#13385 = VECTOR('',#13386,1.);
#13386 = DIRECTION('',(0.,1.,0.));
#13387 = PCURVE('',#13102,#13388);
#13388 = DEFINITIONAL_REPRESENTATION('',(#13389),#13393);
#13389 = LINE('',#13390,#13391);
#13390 = CARTESIAN_POINT('',(0.2,0.));
#13391 = VECTOR('',#13392,1.);
#13392 = DIRECTION('',(0.,1.));
#13393 = ( GEOMETRIC_REPRESENTATION_CONTEXT(2) 
PARAMETRIC_REPRESENTATION_CONTEXT() REPRESENTATION_CONTEXT('2D SPACE',''
  ) );
#13394 = PCURVE('',#13166,#13395);
#13395 = DEFINITIONAL_REPRESENTATION('',(#13396),#13400);
#13396 = LINE('',#13397,#13398);
#13397 = CARTESIAN_POINT('',(0.5,0.));
#13398 = VECTOR('',#13399,1.);
#13399 = DIRECTION('',(0.,-1.));
#13400 = ( GEOMETRIC_REPRESENTATION_CONTEXT(2) 
PARAMETRIC_REPRESENTATION_CONTEXT() REPRESENTATION_CONTEXT('2D SPACE',''
  ) );
#13401 = ORIENTED_EDGE('',*,*,#13402,.F.);
#13402 = EDGE_CURVE('',#13058,#13380,#13403,.T.);
#13403 = SURFACE_CURVE('',#13404,(#13408,#13415),.PCURVE_S1.);
#13404 = LINE('',#13405,#13406);
#13405 = CARTESIAN_POINT('',(-0.5,0.23,0.5));
#13406 = VECTOR('',#13407,1.);
#13407 = DIRECTION('',(1.,0.,0.));
#13408 = PCURVE('',#13102,#13409);
#13409 = DEFINITIONAL_REPRESENTATION('',(#13410),#13414);
#13410 = LINE('',#13411,#13412);
#13411 = CARTESIAN_POINT('',(0.,0.48));
#13412 = VECTOR('',#13413,1.);
#13413 = DIRECTION('',(1.,0.));
#13414 = ( GEOMETRIC_REPRESENTATION_CONTEXT(2) 
PARAMETRIC_REPRESENTATION_CONTEXT() REPRESENTATION_CONTEXT('2D SPACE',''
  ) );
#13415 = PCURVE('',#13074,#13416);
#13416 = DEFINITIONAL_REPRESENTATION('',(#13417),#13421);
#13417 = LINE('',#13418,#13419);
#13418 = CARTESIAN_POINT('',(1.570796326795,0.));
#13419 = VECTOR('',#13420,1.);
#13420 = DIRECTION('',(0.,1.));
#13421 = ( GEOMETRIC_REPRESENTATION_CONTEXT(2) 
PARAMETRIC_REPRESENTATION_CONTEXT() REPRESENTATION_CONTEXT('2D SPACE',''
  ) );
#13422 = ADVANCED_FACE('',(#13423),#13017,.T.);
#13423 = FACE_BOUND('',#13424,.T.);
#13424 = EDGE_LOOP('',(#13425,#13448,#13474,#13475));
#13425 = ORIENTED_EDGE('',*,*,#13426,.T.);
#13426 = EDGE_CURVE('',#12997,#13427,#13429,.T.);
#13427 = VERTEX_POINT('',#13428);
#13428 = CARTESIAN_POINT('',(-0.3,0.25,2.E-02));
#13429 = SURFACE_CURVE('',#13430,(#13434,#13441),.PCURVE_S1.);
#13430 = LINE('',#13431,#13432);
#13431 = CARTESIAN_POINT('',(-0.5,0.25,2.E-02));
#13432 = VECTOR('',#13433,1.);
#13433 = DIRECTION('',(1.,0.,0.));
#13434 = PCURVE('',#13017,#13435);
#13435 = DEFINITIONAL_REPRESENTATION('',(#13436),#13440);
#13436 = LINE('',#13437,#13438);
#13437 = CARTESIAN_POINT('',(6.28318530718,0.));
#13438 = VECTOR('',#13439,1.);
#13439 = DIRECTION('',(0.,1.));
#13440 = ( GEOMETRIC_REPRESENTATION_CONTEXT(2) 
PARAMETRIC_REPRESENTATION_CONTEXT() REPRESENTATION_CONTEXT('2D SPACE',''
  ) );
#13441 = PCURVE('',#13045,#13442);
#13442 = DEFINITIONAL_REPRESENTATION('',(#13443),#13447);
#13443 = LINE('',#13444,#13445);
#13444 = CARTESIAN_POINT('',(2.E-02,0.));
#13445 = VECTOR('',#13446,1.);
#13446 = DIRECTION('',(0.,1.));
#13447 = ( GEOMETRIC_REPRESENTATION_CONTEXT(2) 
PARAMETRIC_REPRESENTATION_CONTEXT() REPRESENTATION_CONTEXT('2D SPACE',''
  ) );
#13448 = ORIENTED_EDGE('',*,*,#13449,.T.);
#13449 = EDGE_CURVE('',#13427,#13331,#13450,.T.);
#13450 = SURFACE_CURVE('',#13451,(#13456,#13463),.PCURVE_S1.);
#13451 = CIRCLE('',#13452,2.E-02);
#13452 = AXIS2_PLACEMENT_3D('',#13453,#13454,#13455);
#13453 = CARTESIAN_POINT('',(-0.3,0.23,2.E-02));
#13454 = DIRECTION('',(-1.,0.,0.));
#13455 = DIRECTION('',(0.,0.,1.));
#13456 = PCURVE('',#13017,#13457);
#13457 = DEFINITIONAL_REPRESENTATION('',(#13458),#13462);
#13458 = LINE('',#13459,#13460);
#13459 = CARTESIAN_POINT('',(7.853981633974,0.2));
#13460 = VECTOR('',#13461,1.);
#13461 = DIRECTION('',(-1.,0.));
#13462 = ( GEOMETRIC_REPRESENTATION_CONTEXT(2) 
PARAMETRIC_REPRESENTATION_CONTEXT() REPRESENTATION_CONTEXT('2D SPACE',''
  ) );
#13463 = PCURVE('',#13166,#13464);
#13464 = DEFINITIONAL_REPRESENTATION('',(#13465),#13473);
#13465 = ( BOUNDED_CURVE() B_SPLINE_CURVE(2,(#13466,#13467,#13468,#13469
    ,#13470,#13471,#13472),.UNSPECIFIED.,.T.,.F.) 
B_SPLINE_CURVE_WITH_KNOTS((1,2,2,2,2,1),(-2.094395102393,0.,
    2.094395102393,4.188790204786,6.28318530718,8.377580409573),
.UNSPECIFIED.) CURVE() GEOMETRIC_REPRESENTATION_ITEM() 
RATIONAL_B_SPLINE_CURVE((1.,0.5,1.,0.5,1.,0.5,1.)) REPRESENTATION_ITEM(
  '') );
#13466 = CARTESIAN_POINT('',(4.E-02,-0.48));
#13467 = CARTESIAN_POINT('',(4.E-02,-0.514641016151));
#13468 = CARTESIAN_POINT('',(1.E-02,-0.497320508076));
#13469 = CARTESIAN_POINT('',(-2.E-02,-0.48));
#13470 = CARTESIAN_POINT('',(1.E-02,-0.462679491924));
#13471 = CARTESIAN_POINT('',(4.E-02,-0.445358983849));
#13472 = CARTESIAN_POINT('',(4.E-02,-0.48));
#13473 = ( GEOMETRIC_REPRESENTATION_CONTEXT(2) 
PARAMETRIC_REPRESENTATION_CONTEXT() REPRESENTATION_CONTEXT('2D SPACE',''
  ) );
#13474 = ORIENTED_EDGE('',*,*,#13353,.F.);
#13475 = ORIENTED_EDGE('',*,*,#12996,.F.);
#13476 = ADVANCED_FACE('',(#13477),#13074,.T.);
#13477 = FACE_BOUND('',#13478,.T.);
#13478 = EDGE_LOOP('',(#13479,#13480,#13481,#13505));
#13479 = ORIENTED_EDGE('',*,*,#13057,.T.);
#13480 = ORIENTED_EDGE('',*,*,#13402,.T.);
#13481 = ORIENTED_EDGE('',*,*,#13482,.F.);
#13482 = EDGE_CURVE('',#13483,#13380,#13485,.T.);
#13483 = VERTEX_POINT('',#13484);
#13484 = CARTESIAN_POINT('',(-0.3,0.25,0.48));
#13485 = SURFACE_CURVE('',#13486,(#13491,#13498),.PCURVE_S1.);
#13486 = CIRCLE('',#13487,2.E-02);
#13487 = AXIS2_PLACEMENT_3D('',#13488,#13489,#13490);
#13488 = CARTESIAN_POINT('',(-0.3,0.23,0.48));
#13489 = DIRECTION('',(1.,0.,-0.));
#13490 = DIRECTION('',(0.,0.,1.));
#13491 = PCURVE('',#13074,#13492);
#13492 = DEFINITIONAL_REPRESENTATION('',(#13493),#13497);
#13493 = LINE('',#13494,#13495);
#13494 = CARTESIAN_POINT('',(-4.712388980385,0.2));
#13495 = VECTOR('',#13496,1.);
#13496 = DIRECTION('',(1.,0.));
#13497 = ( GEOMETRIC_REPRESENTATION_CONTEXT(2) 
PARAMETRIC_REPRESENTATION_CONTEXT() REPRESENTATION_CONTEXT('2D SPACE',''
  ) );
#13498 = PCURVE('',#13166,#13499);
#13499 = DEFINITIONAL_REPRESENTATION('',(#13500),#13504);
#13500 = CIRCLE('',#13501,2.E-02);
#13501 = AXIS2_PLACEMENT_2D('',#13502,#13503);
#13502 = CARTESIAN_POINT('',(0.48,-0.48));
#13503 = DIRECTION('',(1.,0.));
#13504 = ( GEOMETRIC_REPRESENTATION_CONTEXT(2) 
PARAMETRIC_REPRESENTATION_CONTEXT() REPRESENTATION_CONTEXT('2D SPACE',''
  ) );
#13505 = ORIENTED_EDGE('',*,*,#13506,.F.);
#13506 = EDGE_CURVE('',#13030,#13483,#13507,.T.);
#13507 = SURFACE_CURVE('',#13508,(#13512,#13519),.PCURVE_S1.);
#13508 = LINE('',#13509,#13510);
#13509 = CARTESIAN_POINT('',(-0.5,0.25,0.48));
#13510 = VECTOR('',#13511,1.);
#13511 = DIRECTION('',(1.,0.,0.));
#13512 = PCURVE('',#13074,#13513);
#13513 = DEFINITIONAL_REPRESENTATION('',(#13514),#13518);
#13514 = LINE('',#13515,#13516);
#13515 = CARTESIAN_POINT('',(0.,0.));
#13516 = VECTOR('',#13517,1.);
#13517 = DIRECTION('',(0.,1.));
#13518 = ( GEOMETRIC_REPRESENTATION_CONTEXT(2) 
PARAMETRIC_REPRESENTATION_CONTEXT() REPRESENTATION_CONTEXT('2D SPACE',''
  ) );
#13519 = PCURVE('',#13045,#13520);
#13520 = DEFINITIONAL_REPRESENTATION('',(#13521),#13525);
#13521 = LINE('',#13522,#13523);
#13522 = CARTESIAN_POINT('',(0.48,0.));
#13523 = VECTOR('',#13524,1.);
#13524 = DIRECTION('',(0.,1.));
#13525 = ( GEOMETRIC_REPRESENTATION_CONTEXT(2) 
PARAMETRIC_REPRESENTATION_CONTEXT() REPRESENTATION_CONTEXT('2D SPACE',''
  ) );
#13526 = ADVANCED_FACE('',(#13527),#13045,.T.);
#13527 = FACE_BOUND('',#13528,.T.);
#13528 = EDGE_LOOP('',(#13529,#13550,#13551,#13552));
#13529 = ORIENTED_EDGE('',*,*,#13530,.F.);
#13530 = EDGE_CURVE('',#13427,#13483,#13531,.T.);
#13531 = SURFACE_CURVE('',#13532,(#13536,#13543),.PCURVE_S1.);
#13532 = LINE('',#13533,#13534);
#13533 = CARTESIAN_POINT('',(-0.3,0.25,0.));
#13534 = VECTOR('',#13535,1.);
#13535 = DIRECTION('',(0.,0.,1.));
#13536 = PCURVE('',#13045,#13537);
#13537 = DEFINITIONAL_REPRESENTATION('',(#13538),#13542);
#13538 = LINE('',#13539,#13540);
#13539 = CARTESIAN_POINT('',(0.,0.2));
#13540 = VECTOR('',#13541,1.);
#13541 = DIRECTION('',(1.,0.));
#13542 = ( GEOMETRIC_REPRESENTATION_CONTEXT(2) 
PARAMETRIC_REPRESENTATION_CONTEXT() REPRESENTATION_CONTEXT('2D SPACE',''
  ) );
#13543 = PCURVE('',#13166,#13544);
#13544 = DEFINITIONAL_REPRESENTATION('',(#13545),#13549);
#13545 = LINE('',#13546,#13547);
#13546 = CARTESIAN_POINT('',(0.,-0.5));
#13547 = VECTOR('',#13548,1.);
#13548 = DIRECTION('',(1.,0.));
#13549 = ( GEOMETRIC_REPRESENTATION_CONTEXT(2) 
PARAMETRIC_REPRESENTATION_CONTEXT() REPRESENTATION_CONTEXT('2D SPACE',''
  ) );
#13550 = ORIENTED_EDGE('',*,*,#13426,.F.);
#13551 = ORIENTED_EDGE('',*,*,#13029,.T.);
#13552 = ORIENTED_EDGE('',*,*,#13506,.T.);
#13553 = ADVANCED_FACE('',(#13554,#13564),#13166,.T.);
#13554 = FACE_BOUND('',#13555,.T.);
#13555 = EDGE_LOOP('',(#13556,#13557,#13558,#13559,#13560,#13561,#13562,
    #13563));
#13556 = ORIENTED_EDGE('',*,*,#13148,.F.);
#13557 = ORIENTED_EDGE('',*,*,#13248,.T.);
#13558 = ORIENTED_EDGE('',*,*,#13330,.T.);
#13559 = ORIENTED_EDGE('',*,*,#13449,.F.);
#13560 = ORIENTED_EDGE('',*,*,#13530,.T.);
#13561 = ORIENTED_EDGE('',*,*,#13482,.T.);
#13562 = ORIENTED_EDGE('',*,*,#13379,.F.);
#13563 = ORIENTED_EDGE('',*,*,#13275,.F.);
#13564 = FACE_BOUND('',#13565,.T.);
#13565 = EDGE_LOOP('',(#13566,#13597,#13625,#13658,#13686,#13715,#13743,
    #13776));
#13566 = ORIENTED_EDGE('',*,*,#13567,.F.);
#13567 = EDGE_CURVE('',#13568,#13570,#13572,.T.);
#13568 = VERTEX_POINT('',#13569);
#13569 = CARTESIAN_POINT('',(-0.3,-0.23,4.E-02));
#13570 = VERTEX_POINT('',#13571);
#13571 = CARTESIAN_POINT('',(-0.3,-0.21,2.E-02));
#13572 = SURFACE_CURVE('',#13573,(#13578,#13585),.PCURVE_S1.);
#13573 = CIRCLE('',#13574,2.E-02);
#13574 = AXIS2_PLACEMENT_3D('',#13575,#13576,#13577);
#13575 = CARTESIAN_POINT('',(-0.3,-0.21,4.E-02));
#13576 = DIRECTION('',(1.,0.,-0.));
#13577 = DIRECTION('',(0.,0.,1.));
#13578 = PCURVE('',#13166,#13579);
#13579 = DEFINITIONAL_REPRESENTATION('',(#13580),#13584);
#13580 = CIRCLE('',#13581,2.E-02);
#13581 = AXIS2_PLACEMENT_2D('',#13582,#13583);
#13582 = CARTESIAN_POINT('',(4.E-02,-4.E-02));
#13583 = DIRECTION('',(1.,0.));
#13584 = ( GEOMETRIC_REPRESENTATION_CONTEXT(2) 
PARAMETRIC_REPRESENTATION_CONTEXT() REPRESENTATION_CONTEXT('2D SPACE',''
  ) );
#13585 = PCURVE('',#13586,#13591);
#13586 = CYLINDRICAL_SURFACE('',#13587,2.E-02);
#13587 = AXIS2_PLACEMENT_3D('',#13588,#13589,#13590);
#13588 = CARTESIAN_POINT('',(-0.3,-0.21,4.E-02));
#13589 = DIRECTION('',(1.,0.,0.));
#13590 = DIRECTION('',(0.,-1.,0.));
#13591 = DEFINITIONAL_REPRESENTATION('',(#13592),#13596);
#13592 = LINE('',#13593,#13594);
#13593 = CARTESIAN_POINT('',(-1.570796326795,0.));
#13594 = VECTOR('',#13595,1.);
#13595 = DIRECTION('',(1.,0.));
#13596 = ( GEOMETRIC_REPRESENTATION_CONTEXT(2) 
PARAMETRIC_REPRESENTATION_CONTEXT() REPRESENTATION_CONTEXT('2D SPACE',''
  ) );
#13597 = ORIENTED_EDGE('',*,*,#13598,.T.);
#13598 = EDGE_CURVE('',#13568,#13599,#13601,.T.);
#13599 = VERTEX_POINT('',#13600);
#13600 = CARTESIAN_POINT('',(-0.3,-0.23,0.46));
#13601 = SURFACE_CURVE('',#13602,(#13606,#13613),.PCURVE_S1.);
#13602 = LINE('',#13603,#13604);
#13603 = CARTESIAN_POINT('',(-0.3,-0.23,2.E-02));
#13604 = VECTOR('',#13605,1.);
#13605 = DIRECTION('',(0.,0.,1.));
#13606 = PCURVE('',#13166,#13607);
#13607 = DEFINITIONAL_REPRESENTATION('',(#13608),#13612);
#13608 = LINE('',#13609,#13610);
#13609 = CARTESIAN_POINT('',(2.E-02,-2.E-02));
#13610 = VECTOR('',#13611,1.);
#13611 = DIRECTION('',(1.,0.));
#13612 = ( GEOMETRIC_REPRESENTATION_CONTEXT(2) 
PARAMETRIC_REPRESENTATION_CONTEXT() REPRESENTATION_CONTEXT('2D SPACE',''
  ) );
#13613 = PCURVE('',#13614,#13619);
#13614 = PLANE('',#13615);
#13615 = AXIS2_PLACEMENT_3D('',#13616,#13617,#13618);
#13616 = CARTESIAN_POINT('',(-0.3,-0.23,2.E-02));
#13617 = DIRECTION('',(0.,1.,0.));
#13618 = DIRECTION('',(0.,-0.,1.));
#13619 = DEFINITIONAL_REPRESENTATION('',(#13620),#13624);
#13620 = LINE('',#13621,#13622);
#13621 = CARTESIAN_POINT('',(0.,0.));
#13622 = VECTOR('',#13623,1.);
#13623 = DIRECTION('',(1.,0.));
#13624 = ( GEOMETRIC_REPRESENTATION_CONTEXT(2) 
PARAMETRIC_REPRESENTATION_CONTEXT() REPRESENTATION_CONTEXT('2D SPACE',''
  ) );
#13625 = ORIENTED_EDGE('',*,*,#13626,.T.);
#13626 = EDGE_CURVE('',#13599,#13627,#13629,.T.);
#13627 = VERTEX_POINT('',#13628);
#13628 = CARTESIAN_POINT('',(-0.3,-0.21,0.48));
#13629 = SURFACE_CURVE('',#13630,(#13635,#13646),.PCURVE_S1.);
#13630 = CIRCLE('',#13631,2.E-02);
#13631 = AXIS2_PLACEMENT_3D('',#13632,#13633,#13634);
#13632 = CARTESIAN_POINT('',(-0.3,-0.21,0.46));
#13633 = DIRECTION('',(-1.,0.,0.));
#13634 = DIRECTION('',(0.,0.,1.));
#13635 = PCURVE('',#13166,#13636);
#13636 = DEFINITIONAL_REPRESENTATION('',(#13637),#13645);
#13637 = ( BOUNDED_CURVE() B_SPLINE_CURVE(2,(#13638,#13639,#13640,#13641
    ,#13642,#13643,#13644),.UNSPECIFIED.,.T.,.F.) 
B_SPLINE_CURVE_WITH_KNOTS((1,2,2,2,2,1),(-2.094395102393,0.,
    2.094395102393,4.188790204786,6.28318530718,8.377580409573),
.UNSPECIFIED.) CURVE() GEOMETRIC_REPRESENTATION_ITEM() 
RATIONAL_B_SPLINE_CURVE((1.,0.5,1.,0.5,1.,0.5,1.)) REPRESENTATION_ITEM(
  '') );
#13638 = CARTESIAN_POINT('',(0.48,-4.E-02));
#13639 = CARTESIAN_POINT('',(0.48,-7.464101615138E-02));
#13640 = CARTESIAN_POINT('',(0.45,-5.732050807569E-02));
#13641 = CARTESIAN_POINT('',(0.42,-4.E-02));
#13642 = CARTESIAN_POINT('',(0.45,-2.267949192431E-02));
#13643 = CARTESIAN_POINT('',(0.48,-5.358983848622E-03));
#13644 = CARTESIAN_POINT('',(0.48,-4.E-02));
#13645 = ( GEOMETRIC_REPRESENTATION_CONTEXT(2) 
PARAMETRIC_REPRESENTATION_CONTEXT() REPRESENTATION_CONTEXT('2D SPACE',''
  ) );
#13646 = PCURVE('',#13647,#13652);
#13647 = CYLINDRICAL_SURFACE('',#13648,2.E-02);
#13648 = AXIS2_PLACEMENT_3D('',#13649,#13650,#13651);
#13649 = CARTESIAN_POINT('',(-0.3,-0.21,0.46));
#13650 = DIRECTION('',(1.,0.,0.));
#13651 = DIRECTION('',(0.,-1.,0.));
#13652 = DEFINITIONAL_REPRESENTATION('',(#13653),#13657);
#13653 = LINE('',#13654,#13655);
#13654 = CARTESIAN_POINT('',(10.995574287564,0.));
#13655 = VECTOR('',#13656,1.);
#13656 = DIRECTION('',(-1.,0.));
#13657 = ( GEOMETRIC_REPRESENTATION_CONTEXT(2) 
PARAMETRIC_REPRESENTATION_CONTEXT() REPRESENTATION_CONTEXT('2D SPACE',''
  ) );
#13658 = ORIENTED_EDGE('',*,*,#13659,.T.);
#13659 = EDGE_CURVE('',#13627,#13660,#13662,.T.);
#13660 = VERTEX_POINT('',#13661);
#13661 = CARTESIAN_POINT('',(-0.3,0.21,0.48));
#13662 = SURFACE_CURVE('',#13663,(#13667,#13674),.PCURVE_S1.);
#13663 = LINE('',#13664,#13665);
#13664 = CARTESIAN_POINT('',(-0.3,-0.23,0.48));
#13665 = VECTOR('',#13666,1.);
#13666 = DIRECTION('',(0.,1.,0.));
#13667 = PCURVE('',#13166,#13668);
#13668 = DEFINITIONAL_REPRESENTATION('',(#13669),#13673);
#13669 = LINE('',#13670,#13671);
#13670 = CARTESIAN_POINT('',(0.48,-2.E-02));
#13671 = VECTOR('',#13672,1.);
#13672 = DIRECTION('',(0.,-1.));
#13673 = ( GEOMETRIC_REPRESENTATION_CONTEXT(2) 
PARAMETRIC_REPRESENTATION_CONTEXT() REPRESENTATION_CONTEXT('2D SPACE',''
  ) );
#13674 = PCURVE('',#13675,#13680);
#13675 = PLANE('',#13676);
#13676 = AXIS2_PLACEMENT_3D('',#13677,#13678,#13679);
#13677 = CARTESIAN_POINT('',(-0.3,-0.23,0.48));
#13678 = DIRECTION('',(0.,0.,1.));
#13679 = DIRECTION('',(1.,0.,-0.));
#13680 = DEFINITIONAL_REPRESENTATION('',(#13681),#13685);
#13681 = LINE('',#13682,#13683);
#13682 = CARTESIAN_POINT('',(0.,0.));
#13683 = VECTOR('',#13684,1.);
#13684 = DIRECTION('',(0.,1.));
#13685 = ( GEOMETRIC_REPRESENTATION_CONTEXT(2) 
PARAMETRIC_REPRESENTATION_CONTEXT() REPRESENTATION_CONTEXT('2D SPACE',''
  ) );
#13686 = ORIENTED_EDGE('',*,*,#13687,.F.);
#13687 = EDGE_CURVE('',#13688,#13660,#13690,.T.);
#13688 = VERTEX_POINT('',#13689);
#13689 = CARTESIAN_POINT('',(-0.3,0.23,0.46));
#13690 = SURFACE_CURVE('',#13691,(#13696,#13703),.PCURVE_S1.);
#13691 = CIRCLE('',#13692,2.E-02);
#13692 = AXIS2_PLACEMENT_3D('',#13693,#13694,#13695);
#13693 = CARTESIAN_POINT('',(-0.3,0.21,0.46));
#13694 = DIRECTION('',(1.,0.,-0.));
#13695 = DIRECTION('',(0.,0.,1.));
#13696 = PCURVE('',#13166,#13697);
#13697 = DEFINITIONAL_REPRESENTATION('',(#13698),#13702);
#13698 = CIRCLE('',#13699,2.E-02);
#13699 = AXIS2_PLACEMENT_2D('',#13700,#13701);
#13700 = CARTESIAN_POINT('',(0.46,-0.46));
#13701 = DIRECTION('',(1.,0.));
#13702 = ( GEOMETRIC_REPRESENTATION_CONTEXT(2) 
PARAMETRIC_REPRESENTATION_CONTEXT() REPRESENTATION_CONTEXT('2D SPACE',''
  ) );
#13703 = PCURVE('',#13704,#13709);
#13704 = CYLINDRICAL_SURFACE('',#13705,2.E-02);
#13705 = AXIS2_PLACEMENT_3D('',#13706,#13707,#13708);
#13706 = CARTESIAN_POINT('',(-0.3,0.21,0.46));
#13707 = DIRECTION('',(1.,0.,0.));
#13708 = DIRECTION('',(-0.,1.,0.));
#13709 = DEFINITIONAL_REPRESENTATION('',(#13710),#13714);
#13710 = LINE('',#13711,#13712);
#13711 = CARTESIAN_POINT('',(-4.712388980385,0.));
#13712 = VECTOR('',#13713,1.);
#13713 = DIRECTION('',(1.,0.));
#13714 = ( GEOMETRIC_REPRESENTATION_CONTEXT(2) 
PARAMETRIC_REPRESENTATION_CONTEXT() REPRESENTATION_CONTEXT('2D SPACE',''
  ) );
#13715 = ORIENTED_EDGE('',*,*,#13716,.F.);
#13716 = EDGE_CURVE('',#13717,#13688,#13719,.T.);
#13717 = VERTEX_POINT('',#13718);
#13718 = CARTESIAN_POINT('',(-0.3,0.23,4.E-02));
#13719 = SURFACE_CURVE('',#13720,(#13724,#13731),.PCURVE_S1.);
#13720 = LINE('',#13721,#13722);
#13721 = CARTESIAN_POINT('',(-0.3,0.23,2.E-02));
#13722 = VECTOR('',#13723,1.);
#13723 = DIRECTION('',(0.,0.,1.));
#13724 = PCURVE('',#13166,#13725);
#13725 = DEFINITIONAL_REPRESENTATION('',(#13726),#13730);
#13726 = LINE('',#13727,#13728);
#13727 = CARTESIAN_POINT('',(2.E-02,-0.48));
#13728 = VECTOR('',#13729,1.);
#13729 = DIRECTION('',(1.,0.));
#13730 = ( GEOMETRIC_REPRESENTATION_CONTEXT(2) 
PARAMETRIC_REPRESENTATION_CONTEXT() REPRESENTATION_CONTEXT('2D SPACE',''
  ) );
#13731 = PCURVE('',#13732,#13737);
#13732 = PLANE('',#13733);
#13733 = AXIS2_PLACEMENT_3D('',#13734,#13735,#13736);
#13734 = CARTESIAN_POINT('',(-0.3,0.23,2.E-02));
#13735 = DIRECTION('',(0.,1.,0.));
#13736 = DIRECTION('',(0.,-0.,1.));
#13737 = DEFINITIONAL_REPRESENTATION('',(#13738),#13742);
#13738 = LINE('',#13739,#13740);
#13739 = CARTESIAN_POINT('',(0.,0.));
#13740 = VECTOR('',#13741,1.);
#13741 = DIRECTION('',(1.,0.));
#13742 = ( GEOMETRIC_REPRESENTATION_CONTEXT(2) 
PARAMETRIC_REPRESENTATION_CONTEXT() REPRESENTATION_CONTEXT('2D SPACE',''
  ) );
#13743 = ORIENTED_EDGE('',*,*,#13744,.T.);
#13744 = EDGE_CURVE('',#13717,#13745,#13747,.T.);
#13745 = VERTEX_POINT('',#13746);
#13746 = CARTESIAN_POINT('',(-0.3,0.21,2.E-02));
#13747 = SURFACE_CURVE('',#13748,(#13753,#13764),.PCURVE_S1.);
#13748 = CIRCLE('',#13749,2.E-02);
#13749 = AXIS2_PLACEMENT_3D('',#13750,#13751,#13752);
#13750 = CARTESIAN_POINT('',(-0.3,0.21,4.E-02));
#13751 = DIRECTION('',(-1.,0.,0.));
#13752 = DIRECTION('',(0.,0.,1.));
#13753 = PCURVE('',#13166,#13754);
#13754 = DEFINITIONAL_REPRESENTATION('',(#13755),#13763);
#13755 = ( BOUNDED_CURVE() B_SPLINE_CURVE(2,(#13756,#13757,#13758,#13759
    ,#13760,#13761,#13762),.UNSPECIFIED.,.T.,.F.) 
B_SPLINE_CURVE_WITH_KNOTS((1,2,2,2,2,1),(-2.094395102393,0.,
    2.094395102393,4.188790204786,6.28318530718,8.377580409573),
.UNSPECIFIED.) CURVE() GEOMETRIC_REPRESENTATION_ITEM() 
RATIONAL_B_SPLINE_CURVE((1.,0.5,1.,0.5,1.,0.5,1.)) REPRESENTATION_ITEM(
  '') );
#13756 = CARTESIAN_POINT('',(6.E-02,-0.46));
#13757 = CARTESIAN_POINT('',(6.E-02,-0.494641016151));
#13758 = CARTESIAN_POINT('',(3.E-02,-0.477320508076));
#13759 = CARTESIAN_POINT('',(1.387778780781E-17,-0.46));
#13760 = CARTESIAN_POINT('',(3.E-02,-0.442679491924));
#13761 = CARTESIAN_POINT('',(6.E-02,-0.425358983849));
#13762 = CARTESIAN_POINT('',(6.E-02,-0.46));
#13763 = ( GEOMETRIC_REPRESENTATION_CONTEXT(2) 
PARAMETRIC_REPRESENTATION_CONTEXT() REPRESENTATION_CONTEXT('2D SPACE',''
  ) );
#13764 = PCURVE('',#13765,#13770);
#13765 = CYLINDRICAL_SURFACE('',#13766,2.E-02);
#13766 = AXIS2_PLACEMENT_3D('',#13767,#13768,#13769);
#13767 = CARTESIAN_POINT('',(-0.3,0.21,4.E-02));
#13768 = DIRECTION('',(1.,0.,0.));
#13769 = DIRECTION('',(-0.,1.,0.));
#13770 = DEFINITIONAL_REPRESENTATION('',(#13771),#13775);
#13771 = LINE('',#13772,#13773);
#13772 = CARTESIAN_POINT('',(7.853981633974,0.));
#13773 = VECTOR('',#13774,1.);
#13774 = DIRECTION('',(-1.,0.));
#13775 = ( GEOMETRIC_REPRESENTATION_CONTEXT(2) 
PARAMETRIC_REPRESENTATION_CONTEXT() REPRESENTATION_CONTEXT('2D SPACE',''
  ) );
#13776 = ORIENTED_EDGE('',*,*,#13777,.F.);
#13777 = EDGE_CURVE('',#13570,#13745,#13778,.T.);
#13778 = SURFACE_CURVE('',#13779,(#13783,#13790),.PCURVE_S1.);
#13779 = LINE('',#13780,#13781);
#13780 = CARTESIAN_POINT('',(-0.3,-0.23,2.E-02));
#13781 = VECTOR('',#13782,1.);
#13782 = DIRECTION('',(0.,1.,0.));
#13783 = PCURVE('',#13166,#13784);
#13784 = DEFINITIONAL_REPRESENTATION('',(#13785),#13789);
#13785 = LINE('',#13786,#13787);
#13786 = CARTESIAN_POINT('',(2.E-02,-2.E-02));
#13787 = VECTOR('',#13788,1.);
#13788 = DIRECTION('',(0.,-1.));
#13789 = ( GEOMETRIC_REPRESENTATION_CONTEXT(2) 
PARAMETRIC_REPRESENTATION_CONTEXT() REPRESENTATION_CONTEXT('2D SPACE',''
  ) );
#13790 = PCURVE('',#13791,#13796);
#13791 = PLANE('',#13792);
#13792 = AXIS2_PLACEMENT_3D('',#13793,#13794,#13795);
#13793 = CARTESIAN_POINT('',(-0.3,-0.23,2.E-02));
#13794 = DIRECTION('',(0.,0.,1.));
#13795 = DIRECTION('',(1.,0.,-0.));
#13796 = DEFINITIONAL_REPRESENTATION('',(#13797),#13801);
#13797 = LINE('',#13798,#13799);
#13798 = CARTESIAN_POINT('',(0.,0.));
#13799 = VECTOR('',#13800,1.);
#13800 = DIRECTION('',(0.,1.));
#13801 = ( GEOMETRIC_REPRESENTATION_CONTEXT(2) 
PARAMETRIC_REPRESENTATION_CONTEXT() REPRESENTATION_CONTEXT('2D SPACE',''
  ) );
#13802 = ADVANCED_FACE('',(#13803),#13586,.T.);
#13803 = FACE_BOUND('',#13804,.T.);
#13804 = EDGE_LOOP('',(#13805,#13806,#13829,#13858));
#13805 = ORIENTED_EDGE('',*,*,#13567,.T.);
#13806 = ORIENTED_EDGE('',*,*,#13807,.T.);
#13807 = EDGE_CURVE('',#13570,#13808,#13810,.T.);
#13808 = VERTEX_POINT('',#13809);
#13809 = CARTESIAN_POINT('',(0.3,-0.21,2.E-02));
#13810 = SURFACE_CURVE('',#13811,(#13815,#13822),.PCURVE_S1.);
#13811 = LINE('',#13812,#13813);
#13812 = CARTESIAN_POINT('',(-0.3,-0.21,2.E-02));
#13813 = VECTOR('',#13814,1.);
#13814 = DIRECTION('',(1.,0.,0.));
#13815 = PCURVE('',#13586,#13816);
#13816 = DEFINITIONAL_REPRESENTATION('',(#13817),#13821);
#13817 = LINE('',#13818,#13819);
#13818 = CARTESIAN_POINT('',(1.570796326795,0.));
#13819 = VECTOR('',#13820,1.);
#13820 = DIRECTION('',(0.,1.));
#13821 = ( GEOMETRIC_REPRESENTATION_CONTEXT(2) 
PARAMETRIC_REPRESENTATION_CONTEXT() REPRESENTATION_CONTEXT('2D SPACE',''
  ) );
#13822 = PCURVE('',#13791,#13823);
#13823 = DEFINITIONAL_REPRESENTATION('',(#13824),#13828);
#13824 = LINE('',#13825,#13826);
#13825 = CARTESIAN_POINT('',(0.,2.E-02));
#13826 = VECTOR('',#13827,1.);
#13827 = DIRECTION('',(1.,0.));
#13828 = ( GEOMETRIC_REPRESENTATION_CONTEXT(2) 
PARAMETRIC_REPRESENTATION_CONTEXT() REPRESENTATION_CONTEXT('2D SPACE',''
  ) );
#13829 = ORIENTED_EDGE('',*,*,#13830,.F.);
#13830 = EDGE_CURVE('',#13831,#13808,#13833,.T.);
#13831 = VERTEX_POINT('',#13832);
#13832 = CARTESIAN_POINT('',(0.3,-0.23,4.E-02));
#13833 = SURFACE_CURVE('',#13834,(#13839,#13846),.PCURVE_S1.);
#13834 = CIRCLE('',#13835,2.E-02);
#13835 = AXIS2_PLACEMENT_3D('',#13836,#13837,#13838);
#13836 = CARTESIAN_POINT('',(0.3,-0.21,4.E-02));
#13837 = DIRECTION('',(1.,0.,-0.));
#13838 = DIRECTION('',(0.,0.,1.));
#13839 = PCURVE('',#13586,#13840);
#13840 = DEFINITIONAL_REPRESENTATION('',(#13841),#13845);
#13841 = LINE('',#13842,#13843);
#13842 = CARTESIAN_POINT('',(-1.570796326795,0.6));
#13843 = VECTOR('',#13844,1.);
#13844 = DIRECTION('',(1.,0.));
#13845 = ( GEOMETRIC_REPRESENTATION_CONTEXT(2) 
PARAMETRIC_REPRESENTATION_CONTEXT() REPRESENTATION_CONTEXT('2D SPACE',''
  ) );
#13846 = PCURVE('',#13847,#13852);
#13847 = PLANE('',#13848);
#13848 = AXIS2_PLACEMENT_3D('',#13849,#13850,#13851);
#13849 = CARTESIAN_POINT('',(0.3,-0.25,0.));
#13850 = DIRECTION('',(1.,0.,0.));
#13851 = DIRECTION('',(0.,0.,1.));
#13852 = DEFINITIONAL_REPRESENTATION('',(#13853),#13857);
#13853 = CIRCLE('',#13854,2.E-02);
#13854 = AXIS2_PLACEMENT_2D('',#13855,#13856);
#13855 = CARTESIAN_POINT('',(4.E-02,-4.E-02));
#13856 = DIRECTION('',(1.,0.));
#13857 = ( GEOMETRIC_REPRESENTATION_CONTEXT(2) 
PARAMETRIC_REPRESENTATION_CONTEXT() REPRESENTATION_CONTEXT('2D SPACE',''
  ) );
#13858 = ORIENTED_EDGE('',*,*,#13859,.F.);
#13859 = EDGE_CURVE('',#13568,#13831,#13860,.T.);
#13860 = SURFACE_CURVE('',#13861,(#13865,#13872),.PCURVE_S1.);
#13861 = LINE('',#13862,#13863);
#13862 = CARTESIAN_POINT('',(-0.3,-0.23,4.E-02));
#13863 = VECTOR('',#13864,1.);
#13864 = DIRECTION('',(1.,0.,0.));
#13865 = PCURVE('',#13586,#13866);
#13866 = DEFINITIONAL_REPRESENTATION('',(#13867),#13871);
#13867 = LINE('',#13868,#13869);
#13868 = CARTESIAN_POINT('',(0.,0.));
#13869 = VECTOR('',#13870,1.);
#13870 = DIRECTION('',(0.,1.));
#13871 = ( GEOMETRIC_REPRESENTATION_CONTEXT(2) 
PARAMETRIC_REPRESENTATION_CONTEXT() REPRESENTATION_CONTEXT('2D SPACE',''
  ) );
#13872 = PCURVE('',#13614,#13873);
#13873 = DEFINITIONAL_REPRESENTATION('',(#13874),#13878);
#13874 = LINE('',#13875,#13876);
#13875 = CARTESIAN_POINT('',(2.E-02,0.));
#13876 = VECTOR('',#13877,1.);
#13877 = DIRECTION('',(0.,1.));
#13878 = ( GEOMETRIC_REPRESENTATION_CONTEXT(2) 
PARAMETRIC_REPRESENTATION_CONTEXT() REPRESENTATION_CONTEXT('2D SPACE',''
  ) );
#13879 = ADVANCED_FACE('',(#13880),#13791,.F.);
#13880 = FACE_BOUND('',#13881,.F.);
#13881 = EDGE_LOOP('',(#13882,#13883,#13884,#13907));
#13882 = ORIENTED_EDGE('',*,*,#13777,.F.);
#13883 = ORIENTED_EDGE('',*,*,#13807,.T.);
#13884 = ORIENTED_EDGE('',*,*,#13885,.T.);
#13885 = EDGE_CURVE('',#13808,#13886,#13888,.T.);
#13886 = VERTEX_POINT('',#13887);
#13887 = CARTESIAN_POINT('',(0.3,0.21,2.E-02));
#13888 = SURFACE_CURVE('',#13889,(#13893,#13900),.PCURVE_S1.);
#13889 = LINE('',#13890,#13891);
#13890 = CARTESIAN_POINT('',(0.3,-0.23,2.E-02));
#13891 = VECTOR('',#13892,1.);
#13892 = DIRECTION('',(0.,1.,0.));
#13893 = PCURVE('',#13791,#13894);
#13894 = DEFINITIONAL_REPRESENTATION('',(#13895),#13899);
#13895 = LINE('',#13896,#13897);
#13896 = CARTESIAN_POINT('',(0.6,0.));
#13897 = VECTOR('',#13898,1.);
#13898 = DIRECTION('',(0.,1.));
#13899 = ( GEOMETRIC_REPRESENTATION_CONTEXT(2) 
PARAMETRIC_REPRESENTATION_CONTEXT() REPRESENTATION_CONTEXT('2D SPACE',''
  ) );
#13900 = PCURVE('',#13847,#13901);
#13901 = DEFINITIONAL_REPRESENTATION('',(#13902),#13906);
#13902 = LINE('',#13903,#13904);
#13903 = CARTESIAN_POINT('',(2.E-02,-2.E-02));
#13904 = VECTOR('',#13905,1.);
#13905 = DIRECTION('',(0.,-1.));
#13906 = ( GEOMETRIC_REPRESENTATION_CONTEXT(2) 
PARAMETRIC_REPRESENTATION_CONTEXT() REPRESENTATION_CONTEXT('2D SPACE',''
  ) );
#13907 = ORIENTED_EDGE('',*,*,#13908,.F.);
#13908 = EDGE_CURVE('',#13745,#13886,#13909,.T.);
#13909 = SURFACE_CURVE('',#13910,(#13914,#13921),.PCURVE_S1.);
#13910 = LINE('',#13911,#13912);
#13911 = CARTESIAN_POINT('',(-0.3,0.21,2.E-02));
#13912 = VECTOR('',#13913,1.);
#13913 = DIRECTION('',(1.,0.,0.));
#13914 = PCURVE('',#13791,#13915);
#13915 = DEFINITIONAL_REPRESENTATION('',(#13916),#13920);
#13916 = LINE('',#13917,#13918);
#13917 = CARTESIAN_POINT('',(0.,0.44));
#13918 = VECTOR('',#13919,1.);
#13919 = DIRECTION('',(1.,0.));
#13920 = ( GEOMETRIC_REPRESENTATION_CONTEXT(2) 
PARAMETRIC_REPRESENTATION_CONTEXT() REPRESENTATION_CONTEXT('2D SPACE',''
  ) );
#13921 = PCURVE('',#13765,#13922);
#13922 = DEFINITIONAL_REPRESENTATION('',(#13923),#13927);
#13923 = LINE('',#13924,#13925);
#13924 = CARTESIAN_POINT('',(4.712388980385,0.));
#13925 = VECTOR('',#13926,1.);
#13926 = DIRECTION('',(0.,1.));
#13927 = ( GEOMETRIC_REPRESENTATION_CONTEXT(2) 
PARAMETRIC_REPRESENTATION_CONTEXT() REPRESENTATION_CONTEXT('2D SPACE',''
  ) );
#13928 = ADVANCED_FACE('',(#13929),#13765,.T.);
#13929 = FACE_BOUND('',#13930,.T.);
#13930 = EDGE_LOOP('',(#13931,#13954,#13980,#13981));
#13931 = ORIENTED_EDGE('',*,*,#13932,.T.);
#13932 = EDGE_CURVE('',#13717,#13933,#13935,.T.);
#13933 = VERTEX_POINT('',#13934);
#13934 = CARTESIAN_POINT('',(0.3,0.23,4.E-02));
#13935 = SURFACE_CURVE('',#13936,(#13940,#13947),.PCURVE_S1.);
#13936 = LINE('',#13937,#13938);
#13937 = CARTESIAN_POINT('',(-0.3,0.23,4.E-02));
#13938 = VECTOR('',#13939,1.);
#13939 = DIRECTION('',(1.,0.,0.));
#13940 = PCURVE('',#13765,#13941);
#13941 = DEFINITIONAL_REPRESENTATION('',(#13942),#13946);
#13942 = LINE('',#13943,#13944);
#13943 = CARTESIAN_POINT('',(6.28318530718,0.));
#13944 = VECTOR('',#13945,1.);
#13945 = DIRECTION('',(0.,1.));
#13946 = ( GEOMETRIC_REPRESENTATION_CONTEXT(2) 
PARAMETRIC_REPRESENTATION_CONTEXT() REPRESENTATION_CONTEXT('2D SPACE',''
  ) );
#13947 = PCURVE('',#13732,#13948);
#13948 = DEFINITIONAL_REPRESENTATION('',(#13949),#13953);
#13949 = LINE('',#13950,#13951);
#13950 = CARTESIAN_POINT('',(2.E-02,0.));
#13951 = VECTOR('',#13952,1.);
#13952 = DIRECTION('',(0.,1.));
#13953 = ( GEOMETRIC_REPRESENTATION_CONTEXT(2) 
PARAMETRIC_REPRESENTATION_CONTEXT() REPRESENTATION_CONTEXT('2D SPACE',''
  ) );
#13954 = ORIENTED_EDGE('',*,*,#13955,.T.);
#13955 = EDGE_CURVE('',#13933,#13886,#13956,.T.);
#13956 = SURFACE_CURVE('',#13957,(#13962,#13969),.PCURVE_S1.);
#13957 = CIRCLE('',#13958,2.E-02);
#13958 = AXIS2_PLACEMENT_3D('',#13959,#13960,#13961);
#13959 = CARTESIAN_POINT('',(0.3,0.21,4.E-02));
#13960 = DIRECTION('',(-1.,0.,0.));
#13961 = DIRECTION('',(0.,0.,1.));
#13962 = PCURVE('',#13765,#13963);
#13963 = DEFINITIONAL_REPRESENTATION('',(#13964),#13968);
#13964 = LINE('',#13965,#13966);
#13965 = CARTESIAN_POINT('',(7.853981633974,0.6));
#13966 = VECTOR('',#13967,1.);
#13967 = DIRECTION('',(-1.,0.));
#13968 = ( GEOMETRIC_REPRESENTATION_CONTEXT(2) 
PARAMETRIC_REPRESENTATION_CONTEXT() REPRESENTATION_CONTEXT('2D SPACE',''
  ) );
#13969 = PCURVE('',#13847,#13970);
#13970 = DEFINITIONAL_REPRESENTATION('',(#13971),#13979);
#13971 = ( BOUNDED_CURVE() B_SPLINE_CURVE(2,(#13972,#13973,#13974,#13975
    ,#13976,#13977,#13978),.UNSPECIFIED.,.T.,.F.) 
B_SPLINE_CURVE_WITH_KNOTS((1,2,2,2,2,1),(-2.094395102393,0.,
    2.094395102393,4.188790204786,6.28318530718,8.377580409573),
.UNSPECIFIED.) CURVE() GEOMETRIC_REPRESENTATION_ITEM() 
RATIONAL_B_SPLINE_CURVE((1.,0.5,1.,0.5,1.,0.5,1.)) REPRESENTATION_ITEM(
  '') );
#13972 = CARTESIAN_POINT('',(6.E-02,-0.46));
#13973 = CARTESIAN_POINT('',(6.E-02,-0.494641016151));
#13974 = CARTESIAN_POINT('',(3.E-02,-0.477320508076));
#13975 = CARTESIAN_POINT('',(1.387778780781E-17,-0.46));
#13976 = CARTESIAN_POINT('',(3.E-02,-0.442679491924));
#13977 = CARTESIAN_POINT('',(6.E-02,-0.425358983849));
#13978 = CARTESIAN_POINT('',(6.E-02,-0.46));
#13979 = ( GEOMETRIC_REPRESENTATION_CONTEXT(2) 
PARAMETRIC_REPRESENTATION_CONTEXT() REPRESENTATION_CONTEXT('2D SPACE',''
  ) );
#13980 = ORIENTED_EDGE('',*,*,#13908,.F.);
#13981 = ORIENTED_EDGE('',*,*,#13744,.F.);
#13982 = ADVANCED_FACE('',(#13983),#13732,.T.);
#13983 = FACE_BOUND('',#13984,.T.);
#13984 = EDGE_LOOP('',(#13985,#14008,#14009,#14010));
#13985 = ORIENTED_EDGE('',*,*,#13986,.F.);
#13986 = EDGE_CURVE('',#13933,#13987,#13989,.T.);
#13987 = VERTEX_POINT('',#13988);
#13988 = CARTESIAN_POINT('',(0.3,0.23,0.46));
#13989 = SURFACE_CURVE('',#13990,(#13994,#14001),.PCURVE_S1.);
#13990 = LINE('',#13991,#13992);
#13991 = CARTESIAN_POINT('',(0.3,0.23,2.E-02));
#13992 = VECTOR('',#13993,1.);
#13993 = DIRECTION('',(0.,0.,1.));
#13994 = PCURVE('',#13732,#13995);
#13995 = DEFINITIONAL_REPRESENTATION('',(#13996),#14000);
#13996 = LINE('',#13997,#13998);
#13997 = CARTESIAN_POINT('',(0.,0.6));
#13998 = VECTOR('',#13999,1.);
#13999 = DIRECTION('',(1.,0.));
#14000 = ( GEOMETRIC_REPRESENTATION_CONTEXT(2) 
PARAMETRIC_REPRESENTATION_CONTEXT() REPRESENTATION_CONTEXT('2D SPACE',''
  ) );
#14001 = PCURVE('',#13847,#14002);
#14002 = DEFINITIONAL_REPRESENTATION('',(#14003),#14007);
#14003 = LINE('',#14004,#14005);
#14004 = CARTESIAN_POINT('',(2.E-02,-0.48));
#14005 = VECTOR('',#14006,1.);
#14006 = DIRECTION('',(1.,0.));
#14007 = ( GEOMETRIC_REPRESENTATION_CONTEXT(2) 
PARAMETRIC_REPRESENTATION_CONTEXT() REPRESENTATION_CONTEXT('2D SPACE',''
  ) );
#14008 = ORIENTED_EDGE('',*,*,#13932,.F.);
#14009 = ORIENTED_EDGE('',*,*,#13716,.T.);
#14010 = ORIENTED_EDGE('',*,*,#14011,.T.);
#14011 = EDGE_CURVE('',#13688,#13987,#14012,.T.);
#14012 = SURFACE_CURVE('',#14013,(#14017,#14024),.PCURVE_S1.);
#14013 = LINE('',#14014,#14015);
#14014 = CARTESIAN_POINT('',(-0.3,0.23,0.46));
#14015 = VECTOR('',#14016,1.);
#14016 = DIRECTION('',(1.,0.,0.));
#14017 = PCURVE('',#13732,#14018);
#14018 = DEFINITIONAL_REPRESENTATION('',(#14019),#14023);
#14019 = LINE('',#14020,#14021);
#14020 = CARTESIAN_POINT('',(0.44,0.));
#14021 = VECTOR('',#14022,1.);
#14022 = DIRECTION('',(0.,1.));
#14023 = ( GEOMETRIC_REPRESENTATION_CONTEXT(2) 
PARAMETRIC_REPRESENTATION_CONTEXT() REPRESENTATION_CONTEXT('2D SPACE',''
  ) );
#14024 = PCURVE('',#13704,#14025);
#14025 = DEFINITIONAL_REPRESENTATION('',(#14026),#14030);
#14026 = LINE('',#14027,#14028);
#14027 = CARTESIAN_POINT('',(0.,0.));
#14028 = VECTOR('',#14029,1.);
#14029 = DIRECTION('',(0.,1.));
#14030 = ( GEOMETRIC_REPRESENTATION_CONTEXT(2) 
PARAMETRIC_REPRESENTATION_CONTEXT() REPRESENTATION_CONTEXT('2D SPACE',''
  ) );
#14031 = ADVANCED_FACE('',(#14032),#13704,.T.);
#14032 = FACE_BOUND('',#14033,.T.);
#14033 = EDGE_LOOP('',(#14034,#14035,#14058,#14080));
#14034 = ORIENTED_EDGE('',*,*,#13687,.T.);
#14035 = ORIENTED_EDGE('',*,*,#14036,.T.);
#14036 = EDGE_CURVE('',#13660,#14037,#14039,.T.);
#14037 = VERTEX_POINT('',#14038);
#14038 = CARTESIAN_POINT('',(0.3,0.21,0.48));
#14039 = SURFACE_CURVE('',#14040,(#14044,#14051),.PCURVE_S1.);
#14040 = LINE('',#14041,#14042);
#14041 = CARTESIAN_POINT('',(-0.3,0.21,0.48));
#14042 = VECTOR('',#14043,1.);
#14043 = DIRECTION('',(1.,0.,0.));
#14044 = PCURVE('',#13704,#14045);
#14045 = DEFINITIONAL_REPRESENTATION('',(#14046),#14050);
#14046 = LINE('',#14047,#14048);
#14047 = CARTESIAN_POINT('',(1.570796326795,0.));
#14048 = VECTOR('',#14049,1.);
#14049 = DIRECTION('',(0.,1.));
#14050 = ( GEOMETRIC_REPRESENTATION_CONTEXT(2) 
PARAMETRIC_REPRESENTATION_CONTEXT() REPRESENTATION_CONTEXT('2D SPACE',''
  ) );
#14051 = PCURVE('',#13675,#14052);
#14052 = DEFINITIONAL_REPRESENTATION('',(#14053),#14057);
#14053 = LINE('',#14054,#14055);
#14054 = CARTESIAN_POINT('',(0.,0.44));
#14055 = VECTOR('',#14056,1.);
#14056 = DIRECTION('',(1.,0.));
#14057 = ( GEOMETRIC_REPRESENTATION_CONTEXT(2) 
PARAMETRIC_REPRESENTATION_CONTEXT() REPRESENTATION_CONTEXT('2D SPACE',''
  ) );
#14058 = ORIENTED_EDGE('',*,*,#14059,.F.);
#14059 = EDGE_CURVE('',#13987,#14037,#14060,.T.);
#14060 = SURFACE_CURVE('',#14061,(#14066,#14073),.PCURVE_S1.);
#14061 = CIRCLE('',#14062,2.E-02);
#14062 = AXIS2_PLACEMENT_3D('',#14063,#14064,#14065);
#14063 = CARTESIAN_POINT('',(0.3,0.21,0.46));
#14064 = DIRECTION('',(1.,0.,-0.));
#14065 = DIRECTION('',(0.,0.,1.));
#14066 = PCURVE('',#13704,#14067);
#14067 = DEFINITIONAL_REPRESENTATION('',(#14068),#14072);
#14068 = LINE('',#14069,#14070);
#14069 = CARTESIAN_POINT('',(-4.712388980385,0.6));
#14070 = VECTOR('',#14071,1.);
#14071 = DIRECTION('',(1.,0.));
#14072 = ( GEOMETRIC_REPRESENTATION_CONTEXT(2) 
PARAMETRIC_REPRESENTATION_CONTEXT() REPRESENTATION_CONTEXT('2D SPACE',''
  ) );
#14073 = PCURVE('',#13847,#14074);
#14074 = DEFINITIONAL_REPRESENTATION('',(#14075),#14079);
#14075 = CIRCLE('',#14076,2.E-02);
#14076 = AXIS2_PLACEMENT_2D('',#14077,#14078);
#14077 = CARTESIAN_POINT('',(0.46,-0.46));
#14078 = DIRECTION('',(1.,0.));
#14079 = ( GEOMETRIC_REPRESENTATION_CONTEXT(2) 
PARAMETRIC_REPRESENTATION_CONTEXT() REPRESENTATION_CONTEXT('2D SPACE',''
  ) );
#14080 = ORIENTED_EDGE('',*,*,#14011,.F.);
#14081 = ADVANCED_FACE('',(#14082),#13675,.T.);
#14082 = FACE_BOUND('',#14083,.T.);
#14083 = EDGE_LOOP('',(#14084,#14085,#14108,#14129));
#14084 = ORIENTED_EDGE('',*,*,#13659,.F.);
#14085 = ORIENTED_EDGE('',*,*,#14086,.T.);
#14086 = EDGE_CURVE('',#13627,#14087,#14089,.T.);
#14087 = VERTEX_POINT('',#14088);
#14088 = CARTESIAN_POINT('',(0.3,-0.21,0.48));
#14089 = SURFACE_CURVE('',#14090,(#14094,#14101),.PCURVE_S1.);
#14090 = LINE('',#14091,#14092);
#14091 = CARTESIAN_POINT('',(-0.3,-0.21,0.48));
#14092 = VECTOR('',#14093,1.);
#14093 = DIRECTION('',(1.,0.,0.));
#14094 = PCURVE('',#13675,#14095);
#14095 = DEFINITIONAL_REPRESENTATION('',(#14096),#14100);
#14096 = LINE('',#14097,#14098);
#14097 = CARTESIAN_POINT('',(0.,2.E-02));
#14098 = VECTOR('',#14099,1.);
#14099 = DIRECTION('',(1.,0.));
#14100 = ( GEOMETRIC_REPRESENTATION_CONTEXT(2) 
PARAMETRIC_REPRESENTATION_CONTEXT() REPRESENTATION_CONTEXT('2D SPACE',''
  ) );
#14101 = PCURVE('',#13647,#14102);
#14102 = DEFINITIONAL_REPRESENTATION('',(#14103),#14107);
#14103 = LINE('',#14104,#14105);
#14104 = CARTESIAN_POINT('',(4.712388980385,0.));
#14105 = VECTOR('',#14106,1.);
#14106 = DIRECTION('',(0.,1.));
#14107 = ( GEOMETRIC_REPRESENTATION_CONTEXT(2) 
PARAMETRIC_REPRESENTATION_CONTEXT() REPRESENTATION_CONTEXT('2D SPACE',''
  ) );
#14108 = ORIENTED_EDGE('',*,*,#14109,.T.);
#14109 = EDGE_CURVE('',#14087,#14037,#14110,.T.);
#14110 = SURFACE_CURVE('',#14111,(#14115,#14122),.PCURVE_S1.);
#14111 = LINE('',#14112,#14113);
#14112 = CARTESIAN_POINT('',(0.3,-0.23,0.48));
#14113 = VECTOR('',#14114,1.);
#14114 = DIRECTION('',(0.,1.,0.));
#14115 = PCURVE('',#13675,#14116);
#14116 = DEFINITIONAL_REPRESENTATION('',(#14117),#14121);
#14117 = LINE('',#14118,#14119);
#14118 = CARTESIAN_POINT('',(0.6,0.));
#14119 = VECTOR('',#14120,1.);
#14120 = DIRECTION('',(0.,1.));
#14121 = ( GEOMETRIC_REPRESENTATION_CONTEXT(2) 
PARAMETRIC_REPRESENTATION_CONTEXT() REPRESENTATION_CONTEXT('2D SPACE',''
  ) );
#14122 = PCURVE('',#13847,#14123);
#14123 = DEFINITIONAL_REPRESENTATION('',(#14124),#14128);
#14124 = LINE('',#14125,#14126);
#14125 = CARTESIAN_POINT('',(0.48,-2.E-02));
#14126 = VECTOR('',#14127,1.);
#14127 = DIRECTION('',(0.,-1.));
#14128 = ( GEOMETRIC_REPRESENTATION_CONTEXT(2) 
PARAMETRIC_REPRESENTATION_CONTEXT() REPRESENTATION_CONTEXT('2D SPACE',''
  ) );
#14129 = ORIENTED_EDGE('',*,*,#14036,.F.);
#14130 = ADVANCED_FACE('',(#14131),#13647,.T.);
#14131 = FACE_BOUND('',#14132,.T.);
#14132 = EDGE_LOOP('',(#14133,#14156,#14182,#14183));
#14133 = ORIENTED_EDGE('',*,*,#14134,.T.);
#14134 = EDGE_CURVE('',#13599,#14135,#14137,.T.);
#14135 = VERTEX_POINT('',#14136);
#14136 = CARTESIAN_POINT('',(0.3,-0.23,0.46));
#14137 = SURFACE_CURVE('',#14138,(#14142,#14149),.PCURVE_S1.);
#14138 = LINE('',#14139,#14140);
#14139 = CARTESIAN_POINT('',(-0.3,-0.23,0.46));
#14140 = VECTOR('',#14141,1.);
#14141 = DIRECTION('',(1.,0.,0.));
#14142 = PCURVE('',#13647,#14143);
#14143 = DEFINITIONAL_REPRESENTATION('',(#14144),#14148);
#14144 = LINE('',#14145,#14146);
#14145 = CARTESIAN_POINT('',(6.28318530718,0.));
#14146 = VECTOR('',#14147,1.);
#14147 = DIRECTION('',(0.,1.));
#14148 = ( GEOMETRIC_REPRESENTATION_CONTEXT(2) 
PARAMETRIC_REPRESENTATION_CONTEXT() REPRESENTATION_CONTEXT('2D SPACE',''
  ) );
#14149 = PCURVE('',#13614,#14150);
#14150 = DEFINITIONAL_REPRESENTATION('',(#14151),#14155);
#14151 = LINE('',#14152,#14153);
#14152 = CARTESIAN_POINT('',(0.44,0.));
#14153 = VECTOR('',#14154,1.);
#14154 = DIRECTION('',(0.,1.));
#14155 = ( GEOMETRIC_REPRESENTATION_CONTEXT(2) 
PARAMETRIC_REPRESENTATION_CONTEXT() REPRESENTATION_CONTEXT('2D SPACE',''
  ) );
#14156 = ORIENTED_EDGE('',*,*,#14157,.T.);
#14157 = EDGE_CURVE('',#14135,#14087,#14158,.T.);
#14158 = SURFACE_CURVE('',#14159,(#14164,#14171),.PCURVE_S1.);
#14159 = CIRCLE('',#14160,2.E-02);
#14160 = AXIS2_PLACEMENT_3D('',#14161,#14162,#14163);
#14161 = CARTESIAN_POINT('',(0.3,-0.21,0.46));
#14162 = DIRECTION('',(-1.,0.,0.));
#14163 = DIRECTION('',(0.,0.,1.));
#14164 = PCURVE('',#13647,#14165);
#14165 = DEFINITIONAL_REPRESENTATION('',(#14166),#14170);
#14166 = LINE('',#14167,#14168);
#14167 = CARTESIAN_POINT('',(10.995574287564,0.6));
#14168 = VECTOR('',#14169,1.);
#14169 = DIRECTION('',(-1.,0.));
#14170 = ( GEOMETRIC_REPRESENTATION_CONTEXT(2) 
PARAMETRIC_REPRESENTATION_CONTEXT() REPRESENTATION_CONTEXT('2D SPACE',''
  ) );
#14171 = PCURVE('',#13847,#14172);
#14172 = DEFINITIONAL_REPRESENTATION('',(#14173),#14181);
#14173 = ( BOUNDED_CURVE() B_SPLINE_CURVE(2,(#14174,#14175,#14176,#14177
    ,#14178,#14179,#14180),.UNSPECIFIED.,.T.,.F.) 
B_SPLINE_CURVE_WITH_KNOTS((1,2,2,2,2,1),(-2.094395102393,0.,
    2.094395102393,4.188790204786,6.28318530718,8.377580409573),
.UNSPECIFIED.) CURVE() GEOMETRIC_REPRESENTATION_ITEM() 
RATIONAL_B_SPLINE_CURVE((1.,0.5,1.,0.5,1.,0.5,1.)) REPRESENTATION_ITEM(
  '') );
#14174 = CARTESIAN_POINT('',(0.48,-4.E-02));
#14175 = CARTESIAN_POINT('',(0.48,-7.464101615138E-02));
#14176 = CARTESIAN_POINT('',(0.45,-5.732050807569E-02));
#14177 = CARTESIAN_POINT('',(0.42,-4.E-02));
#14178 = CARTESIAN_POINT('',(0.45,-2.267949192431E-02));
#14179 = CARTESIAN_POINT('',(0.48,-5.358983848622E-03));
#14180 = CARTESIAN_POINT('',(0.48,-4.E-02));
#14181 = ( GEOMETRIC_REPRESENTATION_CONTEXT(2) 
PARAMETRIC_REPRESENTATION_CONTEXT() REPRESENTATION_CONTEXT('2D SPACE',''
  ) );
#14182 = ORIENTED_EDGE('',*,*,#14086,.F.);
#14183 = ORIENTED_EDGE('',*,*,#13626,.F.);
#14184 = ADVANCED_FACE('',(#14185),#13614,.F.);
#14185 = FACE_BOUND('',#14186,.F.);
#14186 = EDGE_LOOP('',(#14187,#14208,#14209,#14210));
#14187 = ORIENTED_EDGE('',*,*,#14188,.F.);
#14188 = EDGE_CURVE('',#13831,#14135,#14189,.T.);
#14189 = SURFACE_CURVE('',#14190,(#14194,#14201),.PCURVE_S1.);
#14190 = LINE('',#14191,#14192);
#14191 = CARTESIAN_POINT('',(0.3,-0.23,2.E-02));
#14192 = VECTOR('',#14193,1.);
#14193 = DIRECTION('',(0.,0.,1.));
#14194 = PCURVE('',#13614,#14195);
#14195 = DEFINITIONAL_REPRESENTATION('',(#14196),#14200);
#14196 = LINE('',#14197,#14198);
#14197 = CARTESIAN_POINT('',(0.,0.6));
#14198 = VECTOR('',#14199,1.);
#14199 = DIRECTION('',(1.,0.));
#14200 = ( GEOMETRIC_REPRESENTATION_CONTEXT(2) 
PARAMETRIC_REPRESENTATION_CONTEXT() REPRESENTATION_CONTEXT('2D SPACE',''
  ) );
#14201 = PCURVE('',#13847,#14202);
#14202 = DEFINITIONAL_REPRESENTATION('',(#14203),#14207);
#14203 = LINE('',#14204,#14205);
#14204 = CARTESIAN_POINT('',(2.E-02,-2.E-02));
#14205 = VECTOR('',#14206,1.);
#14206 = DIRECTION('',(1.,0.));
#14207 = ( GEOMETRIC_REPRESENTATION_CONTEXT(2) 
PARAMETRIC_REPRESENTATION_CONTEXT() REPRESENTATION_CONTEXT('2D SPACE',''
  ) );
#14208 = ORIENTED_EDGE('',*,*,#13859,.F.);
#14209 = ORIENTED_EDGE('',*,*,#13598,.T.);
#14210 = ORIENTED_EDGE('',*,*,#14134,.T.);
#14211 = ADVANCED_FACE('',(#14212,#14450),#13847,.F.);
#14212 = FACE_BOUND('',#14213,.F.);
#14213 = EDGE_LOOP('',(#14214,#14244,#14273,#14301,#14334,#14362,#14391,
    #14419));
#14214 = ORIENTED_EDGE('',*,*,#14215,.F.);
#14215 = EDGE_CURVE('',#14216,#14218,#14220,.T.);
#14216 = VERTEX_POINT('',#14217);
#14217 = CARTESIAN_POINT('',(0.3,-0.25,2.E-02));
#14218 = VERTEX_POINT('',#14219);
#14219 = CARTESIAN_POINT('',(0.3,-0.25,0.48));
#14220 = SURFACE_CURVE('',#14221,(#14225,#14232),.PCURVE_S1.);
#14221 = LINE('',#14222,#14223);
#14222 = CARTESIAN_POINT('',(0.3,-0.25,0.));
#14223 = VECTOR('',#14224,1.);
#14224 = DIRECTION('',(0.,0.,1.));
#14225 = PCURVE('',#13847,#14226);
#14226 = DEFINITIONAL_REPRESENTATION('',(#14227),#14231);
#14227 = LINE('',#14228,#14229);
#14228 = CARTESIAN_POINT('',(0.,0.));
#14229 = VECTOR('',#14230,1.);
#14230 = DIRECTION('',(1.,0.));
#14231 = ( GEOMETRIC_REPRESENTATION_CONTEXT(2) 
PARAMETRIC_REPRESENTATION_CONTEXT() REPRESENTATION_CONTEXT('2D SPACE',''
  ) );
#14232 = PCURVE('',#14233,#14238);
#14233 = PLANE('',#14234);
#14234 = AXIS2_PLACEMENT_3D('',#14235,#14236,#14237);
#14235 = CARTESIAN_POINT('',(0.3,-0.25,0.));
#14236 = DIRECTION('',(0.,1.,0.));
#14237 = DIRECTION('',(0.,-0.,1.));
#14238 = DEFINITIONAL_REPRESENTATION('',(#14239),#14243);
#14239 = LINE('',#14240,#14241);
#14240 = CARTESIAN_POINT('',(0.,0.));
#14241 = VECTOR('',#14242,1.);
#14242 = DIRECTION('',(1.,0.));
#14243 = ( GEOMETRIC_REPRESENTATION_CONTEXT(2) 
PARAMETRIC_REPRESENTATION_CONTEXT() REPRESENTATION_CONTEXT('2D SPACE',''
  ) );
#14244 = ORIENTED_EDGE('',*,*,#14245,.T.);
#14245 = EDGE_CURVE('',#14216,#14246,#14248,.T.);
#14246 = VERTEX_POINT('',#14247);
#14247 = CARTESIAN_POINT('',(0.3,-0.23,0.));
#14248 = SURFACE_CURVE('',#14249,(#14254,#14261),.PCURVE_S1.);
#14249 = CIRCLE('',#14250,2.E-02);
#14250 = AXIS2_PLACEMENT_3D('',#14251,#14252,#14253);
#14251 = CARTESIAN_POINT('',(0.3,-0.23,2.E-02));
#14252 = DIRECTION('',(1.,0.,-0.));
#14253 = DIRECTION('',(0.,0.,1.));
#14254 = PCURVE('',#13847,#14255);
#14255 = DEFINITIONAL_REPRESENTATION('',(#14256),#14260);
#14256 = CIRCLE('',#14257,2.E-02);
#14257 = AXIS2_PLACEMENT_2D('',#14258,#14259);
#14258 = CARTESIAN_POINT('',(2.E-02,-2.E-02));
#14259 = DIRECTION('',(1.,0.));
#14260 = ( GEOMETRIC_REPRESENTATION_CONTEXT(2) 
PARAMETRIC_REPRESENTATION_CONTEXT() REPRESENTATION_CONTEXT('2D SPACE',''
  ) );
#14261 = PCURVE('',#14262,#14267);
#14262 = CYLINDRICAL_SURFACE('',#14263,2.E-02);
#14263 = AXIS2_PLACEMENT_3D('',#14264,#14265,#14266);
#14264 = CARTESIAN_POINT('',(0.3,-0.23,2.E-02));
#14265 = DIRECTION('',(1.,0.,0.));
#14266 = DIRECTION('',(0.,-1.,0.));
#14267 = DEFINITIONAL_REPRESENTATION('',(#14268),#14272);
#14268 = LINE('',#14269,#14270);
#14269 = CARTESIAN_POINT('',(-1.570796326795,0.));
#14270 = VECTOR('',#14271,1.);
#14271 = DIRECTION('',(1.,0.));
#14272 = ( GEOMETRIC_REPRESENTATION_CONTEXT(2) 
PARAMETRIC_REPRESENTATION_CONTEXT() REPRESENTATION_CONTEXT('2D SPACE',''
  ) );
#14273 = ORIENTED_EDGE('',*,*,#14274,.T.);
#14274 = EDGE_CURVE('',#14246,#14275,#14277,.T.);
#14275 = VERTEX_POINT('',#14276);
#14276 = CARTESIAN_POINT('',(0.3,0.23,0.));
#14277 = SURFACE_CURVE('',#14278,(#14282,#14289),.PCURVE_S1.);
#14278 = LINE('',#14279,#14280);
#14279 = CARTESIAN_POINT('',(0.3,-0.25,0.));
#14280 = VECTOR('',#14281,1.);
#14281 = DIRECTION('',(0.,1.,0.));
#14282 = PCURVE('',#13847,#14283);
#14283 = DEFINITIONAL_REPRESENTATION('',(#14284),#14288);
#14284 = LINE('',#14285,#14286);
#14285 = CARTESIAN_POINT('',(0.,0.));
#14286 = VECTOR('',#14287,1.);
#14287 = DIRECTION('',(0.,-1.));
#14288 = ( GEOMETRIC_REPRESENTATION_CONTEXT(2) 
PARAMETRIC_REPRESENTATION_CONTEXT() REPRESENTATION_CONTEXT('2D SPACE',''
  ) );
#14289 = PCURVE('',#14290,#14295);
#14290 = PLANE('',#14291);
#14291 = AXIS2_PLACEMENT_3D('',#14292,#14293,#14294);
#14292 = CARTESIAN_POINT('',(0.3,-0.25,0.));
#14293 = DIRECTION('',(0.,0.,1.));
#14294 = DIRECTION('',(1.,0.,-0.));
#14295 = DEFINITIONAL_REPRESENTATION('',(#14296),#14300);
#14296 = LINE('',#14297,#14298);
#14297 = CARTESIAN_POINT('',(0.,0.));
#14298 = VECTOR('',#14299,1.);
#14299 = DIRECTION('',(0.,1.));
#14300 = ( GEOMETRIC_REPRESENTATION_CONTEXT(2) 
PARAMETRIC_REPRESENTATION_CONTEXT() REPRESENTATION_CONTEXT('2D SPACE',''
  ) );
#14301 = ORIENTED_EDGE('',*,*,#14302,.F.);
#14302 = EDGE_CURVE('',#14303,#14275,#14305,.T.);
#14303 = VERTEX_POINT('',#14304);
#14304 = CARTESIAN_POINT('',(0.3,0.25,2.E-02));
#14305 = SURFACE_CURVE('',#14306,(#14311,#14322),.PCURVE_S1.);
#14306 = CIRCLE('',#14307,2.E-02);
#14307 = AXIS2_PLACEMENT_3D('',#14308,#14309,#14310);
#14308 = CARTESIAN_POINT('',(0.3,0.23,2.E-02));
#14309 = DIRECTION('',(-1.,0.,0.));
#14310 = DIRECTION('',(0.,0.,1.));
#14311 = PCURVE('',#13847,#14312);
#14312 = DEFINITIONAL_REPRESENTATION('',(#14313),#14321);
#14313 = ( BOUNDED_CURVE() B_SPLINE_CURVE(2,(#14314,#14315,#14316,#14317
    ,#14318,#14319,#14320),.UNSPECIFIED.,.T.,.F.) 
B_SPLINE_CURVE_WITH_KNOTS((1,2,2,2,2,1),(-2.094395102393,0.,
    2.094395102393,4.188790204786,6.28318530718,8.377580409573),
.UNSPECIFIED.) CURVE() GEOMETRIC_REPRESENTATION_ITEM() 
RATIONAL_B_SPLINE_CURVE((1.,0.5,1.,0.5,1.,0.5,1.)) REPRESENTATION_ITEM(
  '') );
#14314 = CARTESIAN_POINT('',(4.E-02,-0.48));
#14315 = CARTESIAN_POINT('',(4.E-02,-0.514641016151));
#14316 = CARTESIAN_POINT('',(1.E-02,-0.497320508076));
#14317 = CARTESIAN_POINT('',(-2.E-02,-0.48));
#14318 = CARTESIAN_POINT('',(1.E-02,-0.462679491924));
#14319 = CARTESIAN_POINT('',(4.E-02,-0.445358983849));
#14320 = CARTESIAN_POINT('',(4.E-02,-0.48));
#14321 = ( GEOMETRIC_REPRESENTATION_CONTEXT(2) 
PARAMETRIC_REPRESENTATION_CONTEXT() REPRESENTATION_CONTEXT('2D SPACE',''
  ) );
#14322 = PCURVE('',#14323,#14328);
#14323 = CYLINDRICAL_SURFACE('',#14324,2.E-02);
#14324 = AXIS2_PLACEMENT_3D('',#14325,#14326,#14327);
#14325 = CARTESIAN_POINT('',(0.3,0.23,2.E-02));
#14326 = DIRECTION('',(1.,0.,0.));
#14327 = DIRECTION('',(-0.,1.,0.));
#14328 = DEFINITIONAL_REPRESENTATION('',(#14329),#14333);
#14329 = LINE('',#14330,#14331);
#14330 = CARTESIAN_POINT('',(7.853981633974,0.));
#14331 = VECTOR('',#14332,1.);
#14332 = DIRECTION('',(-1.,0.));
#14333 = ( GEOMETRIC_REPRESENTATION_CONTEXT(2) 
PARAMETRIC_REPRESENTATION_CONTEXT() REPRESENTATION_CONTEXT('2D SPACE',''
  ) );
#14334 = ORIENTED_EDGE('',*,*,#14335,.T.);
#14335 = EDGE_CURVE('',#14303,#14336,#14338,.T.);
#14336 = VERTEX_POINT('',#14337);
#14337 = CARTESIAN_POINT('',(0.3,0.25,0.48));
#14338 = SURFACE_CURVE('',#14339,(#14343,#14350),.PCURVE_S1.);
#14339 = LINE('',#14340,#14341);
#14340 = CARTESIAN_POINT('',(0.3,0.25,0.));
#14341 = VECTOR('',#14342,1.);
#14342 = DIRECTION('',(0.,0.,1.));
#14343 = PCURVE('',#13847,#14344);
#14344 = DEFINITIONAL_REPRESENTATION('',(#14345),#14349);
#14345 = LINE('',#14346,#14347);
#14346 = CARTESIAN_POINT('',(0.,-0.5));
#14347 = VECTOR('',#14348,1.);
#14348 = DIRECTION('',(1.,0.));
#14349 = ( GEOMETRIC_REPRESENTATION_CONTEXT(2) 
PARAMETRIC_REPRESENTATION_CONTEXT() REPRESENTATION_CONTEXT('2D SPACE',''
  ) );
#14350 = PCURVE('',#14351,#14356);
#14351 = PLANE('',#14352);
#14352 = AXIS2_PLACEMENT_3D('',#14353,#14354,#14355);
#14353 = CARTESIAN_POINT('',(0.3,0.25,0.));
#14354 = DIRECTION('',(0.,1.,0.));
#14355 = DIRECTION('',(0.,-0.,1.));
#14356 = DEFINITIONAL_REPRESENTATION('',(#14357),#14361);
#14357 = LINE('',#14358,#14359);
#14358 = CARTESIAN_POINT('',(0.,0.));
#14359 = VECTOR('',#14360,1.);
#14360 = DIRECTION('',(1.,0.));
#14361 = ( GEOMETRIC_REPRESENTATION_CONTEXT(2) 
PARAMETRIC_REPRESENTATION_CONTEXT() REPRESENTATION_CONTEXT('2D SPACE',''
  ) );
#14362 = ORIENTED_EDGE('',*,*,#14363,.T.);
#14363 = EDGE_CURVE('',#14336,#14364,#14366,.T.);
#14364 = VERTEX_POINT('',#14365);
#14365 = CARTESIAN_POINT('',(0.3,0.23,0.5));
#14366 = SURFACE_CURVE('',#14367,(#14372,#14379),.PCURVE_S1.);
#14367 = CIRCLE('',#14368,2.E-02);
#14368 = AXIS2_PLACEMENT_3D('',#14369,#14370,#14371);
#14369 = CARTESIAN_POINT('',(0.3,0.23,0.48));
#14370 = DIRECTION('',(1.,0.,-0.));
#14371 = DIRECTION('',(0.,0.,1.));
#14372 = PCURVE('',#13847,#14373);
#14373 = DEFINITIONAL_REPRESENTATION('',(#14374),#14378);
#14374 = CIRCLE('',#14375,2.E-02);
#14375 = AXIS2_PLACEMENT_2D('',#14376,#14377);
#14376 = CARTESIAN_POINT('',(0.48,-0.48));
#14377 = DIRECTION('',(1.,0.));
#14378 = ( GEOMETRIC_REPRESENTATION_CONTEXT(2) 
PARAMETRIC_REPRESENTATION_CONTEXT() REPRESENTATION_CONTEXT('2D SPACE',''
  ) );
#14379 = PCURVE('',#14380,#14385);
#14380 = CYLINDRICAL_SURFACE('',#14381,2.E-02);
#14381 = AXIS2_PLACEMENT_3D('',#14382,#14383,#14384);
#14382 = CARTESIAN_POINT('',(0.3,0.23,0.48));
#14383 = DIRECTION('',(1.,0.,0.));
#14384 = DIRECTION('',(-0.,1.,0.));
#14385 = DEFINITIONAL_REPRESENTATION('',(#14386),#14390);
#14386 = LINE('',#14387,#14388);
#14387 = CARTESIAN_POINT('',(-4.712388980385,0.));
#14388 = VECTOR('',#14389,1.);
#14389 = DIRECTION('',(1.,0.));
#14390 = ( GEOMETRIC_REPRESENTATION_CONTEXT(2) 
PARAMETRIC_REPRESENTATION_CONTEXT() REPRESENTATION_CONTEXT('2D SPACE',''
  ) );
#14391 = ORIENTED_EDGE('',*,*,#14392,.F.);
#14392 = EDGE_CURVE('',#14393,#14364,#14395,.T.);
#14393 = VERTEX_POINT('',#14394);
#14394 = CARTESIAN_POINT('',(0.3,-0.23,0.5));
#14395 = SURFACE_CURVE('',#14396,(#14400,#14407),.PCURVE_S1.);
#14396 = LINE('',#14397,#14398);
#14397 = CARTESIAN_POINT('',(0.3,-0.25,0.5));
#14398 = VECTOR('',#14399,1.);
#14399 = DIRECTION('',(0.,1.,0.));
#14400 = PCURVE('',#13847,#14401);
#14401 = DEFINITIONAL_REPRESENTATION('',(#14402),#14406);
#14402 = LINE('',#14403,#14404);
#14403 = CARTESIAN_POINT('',(0.5,0.));
#14404 = VECTOR('',#14405,1.);
#14405 = DIRECTION('',(0.,-1.));
#14406 = ( GEOMETRIC_REPRESENTATION_CONTEXT(2) 
PARAMETRIC_REPRESENTATION_CONTEXT() REPRESENTATION_CONTEXT('2D SPACE',''
  ) );
#14407 = PCURVE('',#14408,#14413);
#14408 = PLANE('',#14409);
#14409 = AXIS2_PLACEMENT_3D('',#14410,#14411,#14412);
#14410 = CARTESIAN_POINT('',(0.3,-0.25,0.5));
#14411 = DIRECTION('',(0.,0.,1.));
#14412 = DIRECTION('',(1.,0.,-0.));
#14413 = DEFINITIONAL_REPRESENTATION('',(#14414),#14418);
#14414 = LINE('',#14415,#14416);
#14415 = CARTESIAN_POINT('',(0.,0.));
#14416 = VECTOR('',#14417,1.);
#14417 = DIRECTION('',(0.,1.));
#14418 = ( GEOMETRIC_REPRESENTATION_CONTEXT(2) 
PARAMETRIC_REPRESENTATION_CONTEXT() REPRESENTATION_CONTEXT('2D SPACE',''
  ) );
#14419 = ORIENTED_EDGE('',*,*,#14420,.F.);
#14420 = EDGE_CURVE('',#14218,#14393,#14421,.T.);
#14421 = SURFACE_CURVE('',#14422,(#14427,#14438),.PCURVE_S1.);
#14422 = CIRCLE('',#14423,2.E-02);
#14423 = AXIS2_PLACEMENT_3D('',#14424,#14425,#14426);
#14424 = CARTESIAN_POINT('',(0.3,-0.23,0.48));
#14425 = DIRECTION('',(-1.,0.,0.));
#14426 = DIRECTION('',(0.,0.,1.));
#14427 = PCURVE('',#13847,#14428);
#14428 = DEFINITIONAL_REPRESENTATION('',(#14429),#14437);
#14429 = ( BOUNDED_CURVE() B_SPLINE_CURVE(2,(#14430,#14431,#14432,#14433
    ,#14434,#14435,#14436),.UNSPECIFIED.,.T.,.F.) 
B_SPLINE_CURVE_WITH_KNOTS((1,2,2,2,2,1),(-2.094395102393,0.,
    2.094395102393,4.188790204786,6.28318530718,8.377580409573),
.UNSPECIFIED.) CURVE() GEOMETRIC_REPRESENTATION_ITEM() 
RATIONAL_B_SPLINE_CURVE((1.,0.5,1.,0.5,1.,0.5,1.)) REPRESENTATION_ITEM(
  '') );
#14430 = CARTESIAN_POINT('',(0.5,-2.E-02));
#14431 = CARTESIAN_POINT('',(0.5,-5.464101615138E-02));
#14432 = CARTESIAN_POINT('',(0.47,-3.732050807569E-02));
#14433 = CARTESIAN_POINT('',(0.44,-2.E-02));
#14434 = CARTESIAN_POINT('',(0.47,-2.679491924311E-03));
#14435 = CARTESIAN_POINT('',(0.5,1.464101615138E-02));
#14436 = CARTESIAN_POINT('',(0.5,-2.E-02));
#14437 = ( GEOMETRIC_REPRESENTATION_CONTEXT(2) 
PARAMETRIC_REPRESENTATION_CONTEXT() REPRESENTATION_CONTEXT('2D SPACE',''
  ) );
#14438 = PCURVE('',#14439,#14444);
#14439 = CYLINDRICAL_SURFACE('',#14440,2.E-02);
#14440 = AXIS2_PLACEMENT_3D('',#14441,#14442,#14443);
#14441 = CARTESIAN_POINT('',(0.3,-0.23,0.48));
#14442 = DIRECTION('',(1.,0.,0.));
#14443 = DIRECTION('',(0.,-1.,0.));
#14444 = DEFINITIONAL_REPRESENTATION('',(#14445),#14449);
#14445 = LINE('',#14446,#14447);
#14446 = CARTESIAN_POINT('',(10.995574287564,0.));
#14447 = VECTOR('',#14448,1.);
#14448 = DIRECTION('',(-1.,0.));
#14449 = ( GEOMETRIC_REPRESENTATION_CONTEXT(2) 
PARAMETRIC_REPRESENTATION_CONTEXT() REPRESENTATION_CONTEXT('2D SPACE',''
  ) );
#14450 = FACE_BOUND('',#14451,.F.);
#14451 = EDGE_LOOP('',(#14452,#14453,#14454,#14455,#14456,#14457,#14458,
    #14459));
#14452 = ORIENTED_EDGE('',*,*,#13830,.F.);
#14453 = ORIENTED_EDGE('',*,*,#14188,.T.);
#14454 = ORIENTED_EDGE('',*,*,#14157,.T.);
#14455 = ORIENTED_EDGE('',*,*,#14109,.T.);
#14456 = ORIENTED_EDGE('',*,*,#14059,.F.);
#14457 = ORIENTED_EDGE('',*,*,#13986,.F.);
#14458 = ORIENTED_EDGE('',*,*,#13955,.T.);
#14459 = ORIENTED_EDGE('',*,*,#13885,.F.);
#14460 = ADVANCED_FACE('',(#14461),#14233,.F.);
#14461 = FACE_BOUND('',#14462,.F.);
#14462 = EDGE_LOOP('',(#14463,#14493,#14514,#14515));
#14463 = ORIENTED_EDGE('',*,*,#14464,.F.);
#14464 = EDGE_CURVE('',#14465,#14467,#14469,.T.);
#14465 = VERTEX_POINT('',#14466);
#14466 = CARTESIAN_POINT('',(0.5,-0.25,2.E-02));
#14467 = VERTEX_POINT('',#14468);
#14468 = CARTESIAN_POINT('',(0.5,-0.25,0.48));
#14469 = SURFACE_CURVE('',#14470,(#14474,#14481),.PCURVE_S1.);
#14470 = LINE('',#14471,#14472);
#14471 = CARTESIAN_POINT('',(0.5,-0.25,0.));
#14472 = VECTOR('',#14473,1.);
#14473 = DIRECTION('',(0.,0.,1.));
#14474 = PCURVE('',#14233,#14475);
#14475 = DEFINITIONAL_REPRESENTATION('',(#14476),#14480);
#14476 = LINE('',#14477,#14478);
#14477 = CARTESIAN_POINT('',(0.,0.2));
#14478 = VECTOR('',#14479,1.);
#14479 = DIRECTION('',(1.,0.));
#14480 = ( GEOMETRIC_REPRESENTATION_CONTEXT(2) 
PARAMETRIC_REPRESENTATION_CONTEXT() REPRESENTATION_CONTEXT('2D SPACE',''
  ) );
#14481 = PCURVE('',#14482,#14487);
#14482 = PLANE('',#14483);
#14483 = AXIS2_PLACEMENT_3D('',#14484,#14485,#14486);
#14484 = CARTESIAN_POINT('',(0.5,-0.25,0.));
#14485 = DIRECTION('',(1.,0.,0.));
#14486 = DIRECTION('',(0.,0.,1.));
#14487 = DEFINITIONAL_REPRESENTATION('',(#14488),#14492);
#14488 = LINE('',#14489,#14490);
#14489 = CARTESIAN_POINT('',(0.,0.));
#14490 = VECTOR('',#14491,1.);
#14491 = DIRECTION('',(1.,0.));
#14492 = ( GEOMETRIC_REPRESENTATION_CONTEXT(2) 
PARAMETRIC_REPRESENTATION_CONTEXT() REPRESENTATION_CONTEXT('2D SPACE',''
  ) );
#14493 = ORIENTED_EDGE('',*,*,#14494,.F.);
#14494 = EDGE_CURVE('',#14216,#14465,#14495,.T.);
#14495 = SURFACE_CURVE('',#14496,(#14500,#14507),.PCURVE_S1.);
#14496 = LINE('',#14497,#14498);
#14497 = CARTESIAN_POINT('',(0.3,-0.25,2.E-02));
#14498 = VECTOR('',#14499,1.);
#14499 = DIRECTION('',(1.,0.,0.));
#14500 = PCURVE('',#14233,#14501);
#14501 = DEFINITIONAL_REPRESENTATION('',(#14502),#14506);
#14502 = LINE('',#14503,#14504);
#14503 = CARTESIAN_POINT('',(2.E-02,0.));
#14504 = VECTOR('',#14505,1.);
#14505 = DIRECTION('',(0.,1.));
#14506 = ( GEOMETRIC_REPRESENTATION_CONTEXT(2) 
PARAMETRIC_REPRESENTATION_CONTEXT() REPRESENTATION_CONTEXT('2D SPACE',''
  ) );
#14507 = PCURVE('',#14262,#14508);
#14508 = DEFINITIONAL_REPRESENTATION('',(#14509),#14513);
#14509 = LINE('',#14510,#14511);
#14510 = CARTESIAN_POINT('',(0.,0.));
#14511 = VECTOR('',#14512,1.);
#14512 = DIRECTION('',(0.,1.));
#14513 = ( GEOMETRIC_REPRESENTATION_CONTEXT(2) 
PARAMETRIC_REPRESENTATION_CONTEXT() REPRESENTATION_CONTEXT('2D SPACE',''
  ) );
#14514 = ORIENTED_EDGE('',*,*,#14215,.T.);
#14515 = ORIENTED_EDGE('',*,*,#14516,.T.);
#14516 = EDGE_CURVE('',#14218,#14467,#14517,.T.);
#14517 = SURFACE_CURVE('',#14518,(#14522,#14529),.PCURVE_S1.);
#14518 = LINE('',#14519,#14520);
#14519 = CARTESIAN_POINT('',(0.3,-0.25,0.48));
#14520 = VECTOR('',#14521,1.);
#14521 = DIRECTION('',(1.,0.,0.));
#14522 = PCURVE('',#14233,#14523);
#14523 = DEFINITIONAL_REPRESENTATION('',(#14524),#14528);
#14524 = LINE('',#14525,#14526);
#14525 = CARTESIAN_POINT('',(0.48,0.));
#14526 = VECTOR('',#14527,1.);
#14527 = DIRECTION('',(0.,1.));
#14528 = ( GEOMETRIC_REPRESENTATION_CONTEXT(2) 
PARAMETRIC_REPRESENTATION_CONTEXT() REPRESENTATION_CONTEXT('2D SPACE',''
  ) );
#14529 = PCURVE('',#14439,#14530);
#14530 = DEFINITIONAL_REPRESENTATION('',(#14531),#14535);
#14531 = LINE('',#14532,#14533);
#14532 = CARTESIAN_POINT('',(6.28318530718,0.));
#14533 = VECTOR('',#14534,1.);
#14534 = DIRECTION('',(0.,1.));
#14535 = ( GEOMETRIC_REPRESENTATION_CONTEXT(2) 
PARAMETRIC_REPRESENTATION_CONTEXT() REPRESENTATION_CONTEXT('2D SPACE',''
  ) );
#14536 = ADVANCED_FACE('',(#14537),#14262,.T.);
#14537 = FACE_BOUND('',#14538,.T.);
#14538 = EDGE_LOOP('',(#14539,#14540,#14563,#14585));
#14539 = ORIENTED_EDGE('',*,*,#14245,.T.);
#14540 = ORIENTED_EDGE('',*,*,#14541,.T.);
#14541 = EDGE_CURVE('',#14246,#14542,#14544,.T.);
#14542 = VERTEX_POINT('',#14543);
#14543 = CARTESIAN_POINT('',(0.5,-0.23,0.));
#14544 = SURFACE_CURVE('',#14545,(#14549,#14556),.PCURVE_S1.);
#14545 = LINE('',#14546,#14547);
#14546 = CARTESIAN_POINT('',(0.3,-0.23,0.));
#14547 = VECTOR('',#14548,1.);
#14548 = DIRECTION('',(1.,0.,0.));
#14549 = PCURVE('',#14262,#14550);
#14550 = DEFINITIONAL_REPRESENTATION('',(#14551),#14555);
#14551 = LINE('',#14552,#14553);
#14552 = CARTESIAN_POINT('',(1.570796326795,0.));
#14553 = VECTOR('',#14554,1.);
#14554 = DIRECTION('',(0.,1.));
#14555 = ( GEOMETRIC_REPRESENTATION_CONTEXT(2) 
PARAMETRIC_REPRESENTATION_CONTEXT() REPRESENTATION_CONTEXT('2D SPACE',''
  ) );
#14556 = PCURVE('',#14290,#14557);
#14557 = DEFINITIONAL_REPRESENTATION('',(#14558),#14562);
#14558 = LINE('',#14559,#14560);
#14559 = CARTESIAN_POINT('',(0.,2.E-02));
#14560 = VECTOR('',#14561,1.);
#14561 = DIRECTION('',(1.,0.));
#14562 = ( GEOMETRIC_REPRESENTATION_CONTEXT(2) 
PARAMETRIC_REPRESENTATION_CONTEXT() REPRESENTATION_CONTEXT('2D SPACE',''
  ) );
#14563 = ORIENTED_EDGE('',*,*,#14564,.F.);
#14564 = EDGE_CURVE('',#14465,#14542,#14565,.T.);
#14565 = SURFACE_CURVE('',#14566,(#14571,#14578),.PCURVE_S1.);
#14566 = CIRCLE('',#14567,2.E-02);
#14567 = AXIS2_PLACEMENT_3D('',#14568,#14569,#14570);
#14568 = CARTESIAN_POINT('',(0.5,-0.23,2.E-02));
#14569 = DIRECTION('',(1.,0.,-0.));
#14570 = DIRECTION('',(0.,0.,1.));
#14571 = PCURVE('',#14262,#14572);
#14572 = DEFINITIONAL_REPRESENTATION('',(#14573),#14577);
#14573 = LINE('',#14574,#14575);
#14574 = CARTESIAN_POINT('',(-1.570796326795,0.2));
#14575 = VECTOR('',#14576,1.);
#14576 = DIRECTION('',(1.,0.));
#14577 = ( GEOMETRIC_REPRESENTATION_CONTEXT(2) 
PARAMETRIC_REPRESENTATION_CONTEXT() REPRESENTATION_CONTEXT('2D SPACE',''
  ) );
#14578 = PCURVE('',#14482,#14579);
#14579 = DEFINITIONAL_REPRESENTATION('',(#14580),#14584);
#14580 = CIRCLE('',#14581,2.E-02);
#14581 = AXIS2_PLACEMENT_2D('',#14582,#14583);
#14582 = CARTESIAN_POINT('',(2.E-02,-2.E-02));
#14583 = DIRECTION('',(1.,0.));
#14584 = ( GEOMETRIC_REPRESENTATION_CONTEXT(2) 
PARAMETRIC_REPRESENTATION_CONTEXT() REPRESENTATION_CONTEXT('2D SPACE',''
  ) );
#14585 = ORIENTED_EDGE('',*,*,#14494,.F.);
#14586 = ADVANCED_FACE('',(#14587),#14439,.T.);
#14587 = FACE_BOUND('',#14588,.T.);
#14588 = EDGE_LOOP('',(#14589,#14590,#14618,#14639));
#14589 = ORIENTED_EDGE('',*,*,#14516,.T.);
#14590 = ORIENTED_EDGE('',*,*,#14591,.T.);
#14591 = EDGE_CURVE('',#14467,#14592,#14594,.T.);
#14592 = VERTEX_POINT('',#14593);
#14593 = CARTESIAN_POINT('',(0.5,-0.23,0.5));
#14594 = SURFACE_CURVE('',#14595,(#14600,#14607),.PCURVE_S1.);
#14595 = CIRCLE('',#14596,2.E-02);
#14596 = AXIS2_PLACEMENT_3D('',#14597,#14598,#14599);
#14597 = CARTESIAN_POINT('',(0.5,-0.23,0.48));
#14598 = DIRECTION('',(-1.,0.,0.));
#14599 = DIRECTION('',(0.,0.,1.));
#14600 = PCURVE('',#14439,#14601);
#14601 = DEFINITIONAL_REPRESENTATION('',(#14602),#14606);
#14602 = LINE('',#14603,#14604);
#14603 = CARTESIAN_POINT('',(10.995574287564,0.2));
#14604 = VECTOR('',#14605,1.);
#14605 = DIRECTION('',(-1.,0.));
#14606 = ( GEOMETRIC_REPRESENTATION_CONTEXT(2) 
PARAMETRIC_REPRESENTATION_CONTEXT() REPRESENTATION_CONTEXT('2D SPACE',''
  ) );
#14607 = PCURVE('',#14482,#14608);
#14608 = DEFINITIONAL_REPRESENTATION('',(#14609),#14617);
#14609 = ( BOUNDED_CURVE() B_SPLINE_CURVE(2,(#14610,#14611,#14612,#14613
    ,#14614,#14615,#14616),.UNSPECIFIED.,.T.,.F.) 
B_SPLINE_CURVE_WITH_KNOTS((1,2,2,2,2,1),(-2.094395102393,0.,
    2.094395102393,4.188790204786,6.28318530718,8.377580409573),
.UNSPECIFIED.) CURVE() GEOMETRIC_REPRESENTATION_ITEM() 
RATIONAL_B_SPLINE_CURVE((1.,0.5,1.,0.5,1.,0.5,1.)) REPRESENTATION_ITEM(
  '') );
#14610 = CARTESIAN_POINT('',(0.5,-2.E-02));
#14611 = CARTESIAN_POINT('',(0.5,-5.464101615138E-02));
#14612 = CARTESIAN_POINT('',(0.47,-3.732050807569E-02));
#14613 = CARTESIAN_POINT('',(0.44,-2.E-02));
#14614 = CARTESIAN_POINT('',(0.47,-2.679491924311E-03));
#14615 = CARTESIAN_POINT('',(0.5,1.464101615138E-02));
#14616 = CARTESIAN_POINT('',(0.5,-2.E-02));
#14617 = ( GEOMETRIC_REPRESENTATION_CONTEXT(2) 
PARAMETRIC_REPRESENTATION_CONTEXT() REPRESENTATION_CONTEXT('2D SPACE',''
  ) );
#14618 = ORIENTED_EDGE('',*,*,#14619,.F.);
#14619 = EDGE_CURVE('',#14393,#14592,#14620,.T.);
#14620 = SURFACE_CURVE('',#14621,(#14625,#14632),.PCURVE_S1.);
#14621 = LINE('',#14622,#14623);
#14622 = CARTESIAN_POINT('',(0.3,-0.23,0.5));
#14623 = VECTOR('',#14624,1.);
#14624 = DIRECTION('',(1.,0.,0.));
#14625 = PCURVE('',#14439,#14626);
#14626 = DEFINITIONAL_REPRESENTATION('',(#14627),#14631);
#14627 = LINE('',#14628,#14629);
#14628 = CARTESIAN_POINT('',(4.712388980385,0.));
#14629 = VECTOR('',#14630,1.);
#14630 = DIRECTION('',(0.,1.));
#14631 = ( GEOMETRIC_REPRESENTATION_CONTEXT(2) 
PARAMETRIC_REPRESENTATION_CONTEXT() REPRESENTATION_CONTEXT('2D SPACE',''
  ) );
#14632 = PCURVE('',#14408,#14633);
#14633 = DEFINITIONAL_REPRESENTATION('',(#14634),#14638);
#14634 = LINE('',#14635,#14636);
#14635 = CARTESIAN_POINT('',(0.,2.E-02));
#14636 = VECTOR('',#14637,1.);
#14637 = DIRECTION('',(1.,0.));
#14638 = ( GEOMETRIC_REPRESENTATION_CONTEXT(2) 
PARAMETRIC_REPRESENTATION_CONTEXT() REPRESENTATION_CONTEXT('2D SPACE',''
  ) );
#14639 = ORIENTED_EDGE('',*,*,#14420,.F.);
#14640 = ADVANCED_FACE('',(#14641),#14290,.F.);
#14641 = FACE_BOUND('',#14642,.F.);
#14642 = EDGE_LOOP('',(#14643,#14644,#14645,#14668));
#14643 = ORIENTED_EDGE('',*,*,#14274,.F.);
#14644 = ORIENTED_EDGE('',*,*,#14541,.T.);
#14645 = ORIENTED_EDGE('',*,*,#14646,.T.);
#14646 = EDGE_CURVE('',#14542,#14647,#14649,.T.);
#14647 = VERTEX_POINT('',#14648);
#14648 = CARTESIAN_POINT('',(0.5,0.23,0.));
#14649 = SURFACE_CURVE('',#14650,(#14654,#14661),.PCURVE_S1.);
#14650 = LINE('',#14651,#14652);
#14651 = CARTESIAN_POINT('',(0.5,-0.25,0.));
#14652 = VECTOR('',#14653,1.);
#14653 = DIRECTION('',(0.,1.,0.));
#14654 = PCURVE('',#14290,#14655);
#14655 = DEFINITIONAL_REPRESENTATION('',(#14656),#14660);
#14656 = LINE('',#14657,#14658);
#14657 = CARTESIAN_POINT('',(0.2,0.));
#14658 = VECTOR('',#14659,1.);
#14659 = DIRECTION('',(0.,1.));
#14660 = ( GEOMETRIC_REPRESENTATION_CONTEXT(2) 
PARAMETRIC_REPRESENTATION_CONTEXT() REPRESENTATION_CONTEXT('2D SPACE',''
  ) );
#14661 = PCURVE('',#14482,#14662);
#14662 = DEFINITIONAL_REPRESENTATION('',(#14663),#14667);
#14663 = LINE('',#14664,#14665);
#14664 = CARTESIAN_POINT('',(0.,0.));
#14665 = VECTOR('',#14666,1.);
#14666 = DIRECTION('',(0.,-1.));
#14667 = ( GEOMETRIC_REPRESENTATION_CONTEXT(2) 
PARAMETRIC_REPRESENTATION_CONTEXT() REPRESENTATION_CONTEXT('2D SPACE',''
  ) );
#14668 = ORIENTED_EDGE('',*,*,#14669,.F.);
#14669 = EDGE_CURVE('',#14275,#14647,#14670,.T.);
#14670 = SURFACE_CURVE('',#14671,(#14675,#14682),.PCURVE_S1.);
#14671 = LINE('',#14672,#14673);
#14672 = CARTESIAN_POINT('',(0.3,0.23,0.));
#14673 = VECTOR('',#14674,1.);
#14674 = DIRECTION('',(1.,0.,0.));
#14675 = PCURVE('',#14290,#14676);
#14676 = DEFINITIONAL_REPRESENTATION('',(#14677),#14681);
#14677 = LINE('',#14678,#14679);
#14678 = CARTESIAN_POINT('',(0.,0.48));
#14679 = VECTOR('',#14680,1.);
#14680 = DIRECTION('',(1.,0.));
#14681 = ( GEOMETRIC_REPRESENTATION_CONTEXT(2) 
PARAMETRIC_REPRESENTATION_CONTEXT() REPRESENTATION_CONTEXT('2D SPACE',''
  ) );
#14682 = PCURVE('',#14323,#14683);
#14683 = DEFINITIONAL_REPRESENTATION('',(#14684),#14688);
#14684 = LINE('',#14685,#14686);
#14685 = CARTESIAN_POINT('',(4.712388980385,0.));
#14686 = VECTOR('',#14687,1.);
#14687 = DIRECTION('',(0.,1.));
#14688 = ( GEOMETRIC_REPRESENTATION_CONTEXT(2) 
PARAMETRIC_REPRESENTATION_CONTEXT() REPRESENTATION_CONTEXT('2D SPACE',''
  ) );
#14689 = ADVANCED_FACE('',(#14690),#14408,.T.);
#14690 = FACE_BOUND('',#14691,.T.);
#14691 = EDGE_LOOP('',(#14692,#14693,#14694,#14717));
#14692 = ORIENTED_EDGE('',*,*,#14392,.F.);
#14693 = ORIENTED_EDGE('',*,*,#14619,.T.);
#14694 = ORIENTED_EDGE('',*,*,#14695,.T.);
#14695 = EDGE_CURVE('',#14592,#14696,#14698,.T.);
#14696 = VERTEX_POINT('',#14697);
#14697 = CARTESIAN_POINT('',(0.5,0.23,0.5));
#14698 = SURFACE_CURVE('',#14699,(#14703,#14710),.PCURVE_S1.);
#14699 = LINE('',#14700,#14701);
#14700 = CARTESIAN_POINT('',(0.5,-0.25,0.5));
#14701 = VECTOR('',#14702,1.);
#14702 = DIRECTION('',(0.,1.,0.));
#14703 = PCURVE('',#14408,#14704);
#14704 = DEFINITIONAL_REPRESENTATION('',(#14705),#14709);
#14705 = LINE('',#14706,#14707);
#14706 = CARTESIAN_POINT('',(0.2,0.));
#14707 = VECTOR('',#14708,1.);
#14708 = DIRECTION('',(0.,1.));
#14709 = ( GEOMETRIC_REPRESENTATION_CONTEXT(2) 
PARAMETRIC_REPRESENTATION_CONTEXT() REPRESENTATION_CONTEXT('2D SPACE',''
  ) );
#14710 = PCURVE('',#14482,#14711);
#14711 = DEFINITIONAL_REPRESENTATION('',(#14712),#14716);
#14712 = LINE('',#14713,#14714);
#14713 = CARTESIAN_POINT('',(0.5,0.));
#14714 = VECTOR('',#14715,1.);
#14715 = DIRECTION('',(0.,-1.));
#14716 = ( GEOMETRIC_REPRESENTATION_CONTEXT(2) 
PARAMETRIC_REPRESENTATION_CONTEXT() REPRESENTATION_CONTEXT('2D SPACE',''
  ) );
#14717 = ORIENTED_EDGE('',*,*,#14718,.F.);
#14718 = EDGE_CURVE('',#14364,#14696,#14719,.T.);
#14719 = SURFACE_CURVE('',#14720,(#14724,#14731),.PCURVE_S1.);
#14720 = LINE('',#14721,#14722);
#14721 = CARTESIAN_POINT('',(0.3,0.23,0.5));
#14722 = VECTOR('',#14723,1.);
#14723 = DIRECTION('',(1.,0.,0.));
#14724 = PCURVE('',#14408,#14725);
#14725 = DEFINITIONAL_REPRESENTATION('',(#14726),#14730);
#14726 = LINE('',#14727,#14728);
#14727 = CARTESIAN_POINT('',(0.,0.48));
#14728 = VECTOR('',#14729,1.);
#14729 = DIRECTION('',(1.,0.));
#14730 = ( GEOMETRIC_REPRESENTATION_CONTEXT(2) 
PARAMETRIC_REPRESENTATION_CONTEXT() REPRESENTATION_CONTEXT('2D SPACE',''
  ) );
#14731 = PCURVE('',#14380,#14732);
#14732 = DEFINITIONAL_REPRESENTATION('',(#14733),#14737);
#14733 = LINE('',#14734,#14735);
#14734 = CARTESIAN_POINT('',(1.570796326795,0.));
#14735 = VECTOR('',#14736,1.);
#14736 = DIRECTION('',(0.,1.));
#14737 = ( GEOMETRIC_REPRESENTATION_CONTEXT(2) 
PARAMETRIC_REPRESENTATION_CONTEXT() REPRESENTATION_CONTEXT('2D SPACE',''
  ) );
#14738 = ADVANCED_FACE('',(#14739),#14323,.T.);
#14739 = FACE_BOUND('',#14740,.T.);
#14740 = EDGE_LOOP('',(#14741,#14764,#14790,#14791));
#14741 = ORIENTED_EDGE('',*,*,#14742,.T.);
#14742 = EDGE_CURVE('',#14303,#14743,#14745,.T.);
#14743 = VERTEX_POINT('',#14744);
#14744 = CARTESIAN_POINT('',(0.5,0.25,2.E-02));
#14745 = SURFACE_CURVE('',#14746,(#14750,#14757),.PCURVE_S1.);
#14746 = LINE('',#14747,#14748);
#14747 = CARTESIAN_POINT('',(0.3,0.25,2.E-02));
#14748 = VECTOR('',#14749,1.);
#14749 = DIRECTION('',(1.,0.,0.));
#14750 = PCURVE('',#14323,#14751);
#14751 = DEFINITIONAL_REPRESENTATION('',(#14752),#14756);
#14752 = LINE('',#14753,#14754);
#14753 = CARTESIAN_POINT('',(6.28318530718,0.));
#14754 = VECTOR('',#14755,1.);
#14755 = DIRECTION('',(0.,1.));
#14756 = ( GEOMETRIC_REPRESENTATION_CONTEXT(2) 
PARAMETRIC_REPRESENTATION_CONTEXT() REPRESENTATION_CONTEXT('2D SPACE',''
  ) );
#14757 = PCURVE('',#14351,#14758);
#14758 = DEFINITIONAL_REPRESENTATION('',(#14759),#14763);
#14759 = LINE('',#14760,#14761);
#14760 = CARTESIAN_POINT('',(2.E-02,0.));
#14761 = VECTOR('',#14762,1.);
#14762 = DIRECTION('',(0.,1.));
#14763 = ( GEOMETRIC_REPRESENTATION_CONTEXT(2) 
PARAMETRIC_REPRESENTATION_CONTEXT() REPRESENTATION_CONTEXT('2D SPACE',''
  ) );
#14764 = ORIENTED_EDGE('',*,*,#14765,.T.);
#14765 = EDGE_CURVE('',#14743,#14647,#14766,.T.);
#14766 = SURFACE_CURVE('',#14767,(#14772,#14779),.PCURVE_S1.);
#14767 = CIRCLE('',#14768,2.E-02);
#14768 = AXIS2_PLACEMENT_3D('',#14769,#14770,#14771);
#14769 = CARTESIAN_POINT('',(0.5,0.23,2.E-02));
#14770 = DIRECTION('',(-1.,0.,0.));
#14771 = DIRECTION('',(0.,0.,1.));
#14772 = PCURVE('',#14323,#14773);
#14773 = DEFINITIONAL_REPRESENTATION('',(#14774),#14778);
#14774 = LINE('',#14775,#14776);
#14775 = CARTESIAN_POINT('',(7.853981633974,0.2));
#14776 = VECTOR('',#14777,1.);
#14777 = DIRECTION('',(-1.,0.));
#14778 = ( GEOMETRIC_REPRESENTATION_CONTEXT(2) 
PARAMETRIC_REPRESENTATION_CONTEXT() REPRESENTATION_CONTEXT('2D SPACE',''
  ) );
#14779 = PCURVE('',#14482,#14780);
#14780 = DEFINITIONAL_REPRESENTATION('',(#14781),#14789);
#14781 = ( BOUNDED_CURVE() B_SPLINE_CURVE(2,(#14782,#14783,#14784,#14785
    ,#14786,#14787,#14788),.UNSPECIFIED.,.T.,.F.) 
B_SPLINE_CURVE_WITH_KNOTS((1,2,2,2,2,1),(-2.094395102393,0.,
    2.094395102393,4.188790204786,6.28318530718,8.377580409573),
.UNSPECIFIED.) CURVE() GEOMETRIC_REPRESENTATION_ITEM() 
RATIONAL_B_SPLINE_CURVE((1.,0.5,1.,0.5,1.,0.5,1.)) REPRESENTATION_ITEM(
  '') );
#14782 = CARTESIAN_POINT('',(4.E-02,-0.48));
#14783 = CARTESIAN_POINT('',(4.E-02,-0.514641016151));
#14784 = CARTESIAN_POINT('',(1.E-02,-0.497320508076));
#14785 = CARTESIAN_POINT('',(-2.E-02,-0.48));
#14786 = CARTESIAN_POINT('',(1.E-02,-0.462679491924));
#14787 = CARTESIAN_POINT('',(4.E-02,-0.445358983849));
#14788 = CARTESIAN_POINT('',(4.E-02,-0.48));
#14789 = ( GEOMETRIC_REPRESENTATION_CONTEXT(2) 
PARAMETRIC_REPRESENTATION_CONTEXT() REPRESENTATION_CONTEXT('2D SPACE',''
  ) );
#14790 = ORIENTED_EDGE('',*,*,#14669,.F.);
#14791 = ORIENTED_EDGE('',*,*,#14302,.F.);
#14792 = ADVANCED_FACE('',(#14793),#14380,.T.);
#14793 = FACE_BOUND('',#14794,.T.);
#14794 = EDGE_LOOP('',(#14795,#14796,#14797,#14821));
#14795 = ORIENTED_EDGE('',*,*,#14363,.T.);
#14796 = ORIENTED_EDGE('',*,*,#14718,.T.);
#14797 = ORIENTED_EDGE('',*,*,#14798,.F.);
#14798 = EDGE_CURVE('',#14799,#14696,#14801,.T.);
#14799 = VERTEX_POINT('',#14800);
#14800 = CARTESIAN_POINT('',(0.5,0.25,0.48));
#14801 = SURFACE_CURVE('',#14802,(#14807,#14814),.PCURVE_S1.);
#14802 = CIRCLE('',#14803,2.E-02);
#14803 = AXIS2_PLACEMENT_3D('',#14804,#14805,#14806);
#14804 = CARTESIAN_POINT('',(0.5,0.23,0.48));
#14805 = DIRECTION('',(1.,0.,-0.));
#14806 = DIRECTION('',(0.,0.,1.));
#14807 = PCURVE('',#14380,#14808);
#14808 = DEFINITIONAL_REPRESENTATION('',(#14809),#14813);
#14809 = LINE('',#14810,#14811);
#14810 = CARTESIAN_POINT('',(-4.712388980385,0.2));
#14811 = VECTOR('',#14812,1.);
#14812 = DIRECTION('',(1.,0.));
#14813 = ( GEOMETRIC_REPRESENTATION_CONTEXT(2) 
PARAMETRIC_REPRESENTATION_CONTEXT() REPRESENTATION_CONTEXT('2D SPACE',''
  ) );
#14814 = PCURVE('',#14482,#14815);
#14815 = DEFINITIONAL_REPRESENTATION('',(#14816),#14820);
#14816 = CIRCLE('',#14817,2.E-02);
#14817 = AXIS2_PLACEMENT_2D('',#14818,#14819);
#14818 = CARTESIAN_POINT('',(0.48,-0.48));
#14819 = DIRECTION('',(1.,0.));
#14820 = ( GEOMETRIC_REPRESENTATION_CONTEXT(2) 
PARAMETRIC_REPRESENTATION_CONTEXT() REPRESENTATION_CONTEXT('2D SPACE',''
  ) );
#14821 = ORIENTED_EDGE('',*,*,#14822,.F.);
#14822 = EDGE_CURVE('',#14336,#14799,#14823,.T.);
#14823 = SURFACE_CURVE('',#14824,(#14828,#14835),.PCURVE_S1.);
#14824 = LINE('',#14825,#14826);
#14825 = CARTESIAN_POINT('',(0.3,0.25,0.48));
#14826 = VECTOR('',#14827,1.);
#14827 = DIRECTION('',(1.,0.,0.));
#14828 = PCURVE('',#14380,#14829);
#14829 = DEFINITIONAL_REPRESENTATION('',(#14830),#14834);
#14830 = LINE('',#14831,#14832);
#14831 = CARTESIAN_POINT('',(0.,0.));
#14832 = VECTOR('',#14833,1.);
#14833 = DIRECTION('',(0.,1.));
#14834 = ( GEOMETRIC_REPRESENTATION_CONTEXT(2) 
PARAMETRIC_REPRESENTATION_CONTEXT() REPRESENTATION_CONTEXT('2D SPACE',''
  ) );
#14835 = PCURVE('',#14351,#14836);
#14836 = DEFINITIONAL_REPRESENTATION('',(#14837),#14841);
#14837 = LINE('',#14838,#14839);
#14838 = CARTESIAN_POINT('',(0.48,0.));
#14839 = VECTOR('',#14840,1.);
#14840 = DIRECTION('',(0.,1.));
#14841 = ( GEOMETRIC_REPRESENTATION_CONTEXT(2) 
PARAMETRIC_REPRESENTATION_CONTEXT() REPRESENTATION_CONTEXT('2D SPACE',''
  ) );
#14842 = ADVANCED_FACE('',(#14843),#14351,.T.);
#14843 = FACE_BOUND('',#14844,.T.);
#14844 = EDGE_LOOP('',(#14845,#14866,#14867,#14868));
#14845 = ORIENTED_EDGE('',*,*,#14846,.F.);
#14846 = EDGE_CURVE('',#14743,#14799,#14847,.T.);
#14847 = SURFACE_CURVE('',#14848,(#14852,#14859),.PCURVE_S1.);
#14848 = LINE('',#14849,#14850);
#14849 = CARTESIAN_POINT('',(0.5,0.25,0.));
#14850 = VECTOR('',#14851,1.);
#14851 = DIRECTION('',(0.,0.,1.));
#14852 = PCURVE('',#14351,#14853);
#14853 = DEFINITIONAL_REPRESENTATION('',(#14854),#14858);
#14854 = LINE('',#14855,#14856);
#14855 = CARTESIAN_POINT('',(0.,0.2));
#14856 = VECTOR('',#14857,1.);
#14857 = DIRECTION('',(1.,0.));
#14858 = ( GEOMETRIC_REPRESENTATION_CONTEXT(2) 
PARAMETRIC_REPRESENTATION_CONTEXT() REPRESENTATION_CONTEXT('2D SPACE',''
  ) );
#14859 = PCURVE('',#14482,#14860);
#14860 = DEFINITIONAL_REPRESENTATION('',(#14861),#14865);
#14861 = LINE('',#14862,#14863);
#14862 = CARTESIAN_POINT('',(0.,-0.5));
#14863 = VECTOR('',#14864,1.);
#14864 = DIRECTION('',(1.,0.));
#14865 = ( GEOMETRIC_REPRESENTATION_CONTEXT(2) 
PARAMETRIC_REPRESENTATION_CONTEXT() REPRESENTATION_CONTEXT('2D SPACE',''
  ) );
#14866 = ORIENTED_EDGE('',*,*,#14742,.F.);
#14867 = ORIENTED_EDGE('',*,*,#14335,.T.);
#14868 = ORIENTED_EDGE('',*,*,#14822,.T.);
#14869 = ADVANCED_FACE('',(#14870),#14482,.T.);
#14870 = FACE_BOUND('',#14871,.T.);
#14871 = EDGE_LOOP('',(#14872,#14873,#14874,#14875,#14876,#14877,#14878,
    #14879));
#14872 = ORIENTED_EDGE('',*,*,#14464,.F.);
#14873 = ORIENTED_EDGE('',*,*,#14564,.T.);
#14874 = ORIENTED_EDGE('',*,*,#14646,.T.);
#14875 = ORIENTED_EDGE('',*,*,#14765,.F.);
#14876 = ORIENTED_EDGE('',*,*,#14846,.T.);
#14877 = ORIENTED_EDGE('',*,*,#14798,.T.);
#14878 = ORIENTED_EDGE('',*,*,#14695,.F.);
#14879 = ORIENTED_EDGE('',*,*,#14591,.F.);
#14880 = ( GEOMETRIC_REPRESENTATION_CONTEXT(3) 
GLOBAL_UNCERTAINTY_ASSIGNED_CONTEXT((#14884)) 
GLOBAL_UNIT_ASSIGNED_CONTEXT((#14881,#14882,#14883)) 
REPRESENTATION_CONTEXT('Context #1',
  '3D Context with UNIT and UNCERTAINTY') );
#14881 = ( LENGTH_UNIT() NAMED_UNIT(*) SI_UNIT(.MILLI.,.METRE.) );
#14882 = ( NAMED_UNIT(*) PLANE_ANGLE_UNIT() SI_UNIT($,.RADIAN.) );
#14883 = ( NAMED_UNIT(*) SI_UNIT($,.STERADIAN.) SOLID_ANGLE_UNIT() );
#14884 = UNCERTAINTY_MEASURE_WITH_UNIT(LENGTH_MEASURE(1.E-02),#14881,
  'distance_accuracy_value','confusion accuracy');
#14885 = CONTEXT_DEPENDENT_SHAPE_REPRESENTATION(#14886,#14888);
#14886 = ( REPRESENTATION_RELATIONSHIP('','',#12897,#12874) 
REPRESENTATION_RELATIONSHIP_WITH_TRANSFORMATION(#14887) 
SHAPE_REPRESENTATION_RELATIONSHIP() );
#14887 = ITEM_DEFINED_TRANSFORMATION('','',#11,#12875);
#14888 = PRODUCT_DEFINITION_SHAPE('Placement','Placement of an item',
  #14889);
#14889 = NEXT_ASSEMBLY_USAGE_OCCURRENCE('5','=>[0:1:1:7]','',#12869,
  #12892,$);
#14890 = PRODUCT_RELATED_PRODUCT_CATEGORY('part',$,(#12894));
#14891 = SHAPE_DEFINITION_REPRESENTATION(#14892,#14898);
#14892 = PRODUCT_DEFINITION_SHAPE('','',#14893);
#14893 = PRODUCT_DEFINITION('design','',#14894,#14897);
#14894 = PRODUCT_DEFINITION_FORMATION('','',#14895);
#14895 = PRODUCT('_autosave-working PCB','_autosave-working PCB','',(
    #14896));
#14896 = PRODUCT_CONTEXT('',#2,'mechanical');
#14897 = PRODUCT_DEFINITION_CONTEXT('part definition',#2,'design');
#14898 = ADVANCED_BREP_SHAPE_REPRESENTATION('',(#11,#14899),#15965);
#14899 = MANIFOLD_SOLID_BREP('',#14900);
#14900 = CLOSED_SHELL('',(#14901,#15021,#15097,#15168,#15475,#15742,
    #15749,#15776,#15803,#15830,#15857,#15884,#15911,#15938));
#14901 = ADVANCED_FACE('',(#14902),#14916,.T.);
#14902 = FACE_BOUND('',#14903,.T.);
#14903 = EDGE_LOOP('',(#14904,#14939,#14967,#14995));
#14904 = ORIENTED_EDGE('',*,*,#14905,.T.);
#14905 = EDGE_CURVE('',#14906,#14908,#14910,.T.);
#14906 = VERTEX_POINT('',#14907);
#14907 = CARTESIAN_POINT('',(159.43,-83.9,0.));
#14908 = VERTEX_POINT('',#14909);
#14909 = CARTESIAN_POINT('',(159.43,-83.9,1.6));
#14910 = SURFACE_CURVE('',#14911,(#14915,#14927),.PCURVE_S1.);
#14911 = LINE('',#14912,#14913);
#14912 = CARTESIAN_POINT('',(159.43,-83.9,0.));
#14913 = VECTOR('',#14914,1.);
#14914 = DIRECTION('',(0.,0.,1.));
#14915 = PCURVE('',#14916,#14921);
#14916 = PLANE('',#14917);
#14917 = AXIS2_PLACEMENT_3D('',#14918,#14919,#14920);
#14918 = CARTESIAN_POINT('',(159.43,-83.9,0.));
#14919 = DIRECTION('',(0.,-1.,0.));
#14920 = DIRECTION('',(-1.,0.,0.));
#14921 = DEFINITIONAL_REPRESENTATION('',(#14922),#14926);
#14922 = LINE('',#14923,#14924);
#14923 = CARTESIAN_POINT('',(0.,-0.));
#14924 = VECTOR('',#14925,1.);
#14925 = DIRECTION('',(0.,-1.));
#14926 = ( GEOMETRIC_REPRESENTATION_CONTEXT(2) 
PARAMETRIC_REPRESENTATION_CONTEXT() REPRESENTATION_CONTEXT('2D SPACE',''
  ) );
#14927 = PCURVE('',#14928,#14933);
#14928 = PLANE('',#14929);
#14929 = AXIS2_PLACEMENT_3D('',#14930,#14931,#14932);
#14930 = CARTESIAN_POINT('',(159.43,-73.73,0.));
#14931 = DIRECTION('',(1.,0.,-0.));
#14932 = DIRECTION('',(0.,-1.,0.));
#14933 = DEFINITIONAL_REPRESENTATION('',(#14934),#14938);
#14934 = LINE('',#14935,#14936);
#14935 = CARTESIAN_POINT('',(10.17,0.));
#14936 = VECTOR('',#14937,1.);
#14937 = DIRECTION('',(0.,-1.));
#14938 = ( GEOMETRIC_REPRESENTATION_CONTEXT(2) 
PARAMETRIC_REPRESENTATION_CONTEXT() REPRESENTATION_CONTEXT('2D SPACE',''
  ) );
#14939 = ORIENTED_EDGE('',*,*,#14940,.T.);
#14940 = EDGE_CURVE('',#14908,#14941,#14943,.T.);
#14941 = VERTEX_POINT('',#14942);
#14942 = CARTESIAN_POINT('',(146.73,-83.9,1.6));
#14943 = SURFACE_CURVE('',#14944,(#14948,#14955),.PCURVE_S1.);
#14944 = LINE('',#14945,#14946);
#14945 = CARTESIAN_POINT('',(159.43,-83.9,1.6));
#14946 = VECTOR('',#14947,1.);
#14947 = DIRECTION('',(-1.,0.,0.));
#14948 = PCURVE('',#14916,#14949);
#14949 = DEFINITIONAL_REPRESENTATION('',(#14950),#14954);
#14950 = LINE('',#14951,#14952);
#14951 = CARTESIAN_POINT('',(0.,-1.6));
#14952 = VECTOR('',#14953,1.);
#14953 = DIRECTION('',(1.,0.));
#14954 = ( GEOMETRIC_REPRESENTATION_CONTEXT(2) 
PARAMETRIC_REPRESENTATION_CONTEXT() REPRESENTATION_CONTEXT('2D SPACE',''
  ) );
#14955 = PCURVE('',#14956,#14961);
#14956 = PLANE('',#14957);
#14957 = AXIS2_PLACEMENT_3D('',#14958,#14959,#14960);
#14958 = CARTESIAN_POINT('',(153.08,-78.815,1.6));
#14959 = DIRECTION('',(-0.,-0.,-1.));
#14960 = DIRECTION('',(-1.,0.,0.));
#14961 = DEFINITIONAL_REPRESENTATION('',(#14962),#14966);
#14962 = LINE('',#14963,#14964);
#14963 = CARTESIAN_POINT('',(-6.35,-5.085));
#14964 = VECTOR('',#14965,1.);
#14965 = DIRECTION('',(1.,0.));
#14966 = ( GEOMETRIC_REPRESENTATION_CONTEXT(2) 
PARAMETRIC_REPRESENTATION_CONTEXT() REPRESENTATION_CONTEXT('2D SPACE',''
  ) );
#14967 = ORIENTED_EDGE('',*,*,#14968,.F.);
#14968 = EDGE_CURVE('',#14969,#14941,#14971,.T.);
#14969 = VERTEX_POINT('',#14970);
#14970 = CARTESIAN_POINT('',(146.73,-83.9,0.));
#14971 = SURFACE_CURVE('',#14972,(#14976,#14983),.PCURVE_S1.);
#14972 = LINE('',#14973,#14974);
#14973 = CARTESIAN_POINT('',(146.73,-83.9,0.));
#14974 = VECTOR('',#14975,1.);
#14975 = DIRECTION('',(0.,0.,1.));
#14976 = PCURVE('',#14916,#14977);
#14977 = DEFINITIONAL_REPRESENTATION('',(#14978),#14982);
#14978 = LINE('',#14979,#14980);
#14979 = CARTESIAN_POINT('',(12.7,0.));
#14980 = VECTOR('',#14981,1.);
#14981 = DIRECTION('',(0.,-1.));
#14982 = ( GEOMETRIC_REPRESENTATION_CONTEXT(2) 
PARAMETRIC_REPRESENTATION_CONTEXT() REPRESENTATION_CONTEXT('2D SPACE',''
  ) );
#14983 = PCURVE('',#14984,#14989);
#14984 = PLANE('',#14985);
#14985 = AXIS2_PLACEMENT_3D('',#14986,#14987,#14988);
#14986 = CARTESIAN_POINT('',(146.73,-83.9,0.));
#14987 = DIRECTION('',(-1.,0.,0.));
#14988 = DIRECTION('',(0.,1.,0.));
#14989 = DEFINITIONAL_REPRESENTATION('',(#14990),#14994);
#14990 = LINE('',#14991,#14992);
#14991 = CARTESIAN_POINT('',(0.,0.));
#14992 = VECTOR('',#14993,1.);
#14993 = DIRECTION('',(0.,-1.));
#14994 = ( GEOMETRIC_REPRESENTATION_CONTEXT(2) 
PARAMETRIC_REPRESENTATION_CONTEXT() REPRESENTATION_CONTEXT('2D SPACE',''
  ) );
#14995 = ORIENTED_EDGE('',*,*,#14996,.F.);
#14996 = EDGE_CURVE('',#14906,#14969,#14997,.T.);
#14997 = SURFACE_CURVE('',#14998,(#15002,#15009),.PCURVE_S1.);
#14998 = LINE('',#14999,#15000);
#14999 = CARTESIAN_POINT('',(159.43,-83.9,0.));
#15000 = VECTOR('',#15001,1.);
#15001 = DIRECTION('',(-1.,0.,0.));
#15002 = PCURVE('',#14916,#15003);
#15003 = DEFINITIONAL_REPRESENTATION('',(#15004),#15008);
#15004 = LINE('',#15005,#15006);
#15005 = CARTESIAN_POINT('',(0.,-0.));
#15006 = VECTOR('',#15007,1.);
#15007 = DIRECTION('',(1.,0.));
#15008 = ( GEOMETRIC_REPRESENTATION_CONTEXT(2) 
PARAMETRIC_REPRESENTATION_CONTEXT() REPRESENTATION_CONTEXT('2D SPACE',''
  ) );
#15009 = PCURVE('',#15010,#15015);
#15010 = PLANE('',#15011);
#15011 = AXIS2_PLACEMENT_3D('',#15012,#15013,#15014);
#15012 = CARTESIAN_POINT('',(153.08,-78.815,0.));
#15013 = DIRECTION('',(-0.,-0.,-1.));
#15014 = DIRECTION('',(-1.,0.,0.));
#15015 = DEFINITIONAL_REPRESENTATION('',(#15016),#15020);
#15016 = LINE('',#15017,#15018);
#15017 = CARTESIAN_POINT('',(-6.35,-5.085));
#15018 = VECTOR('',#15019,1.);
#15019 = DIRECTION('',(1.,0.));
#15020 = ( GEOMETRIC_REPRESENTATION_CONTEXT(2) 
PARAMETRIC_REPRESENTATION_CONTEXT() REPRESENTATION_CONTEXT('2D SPACE',''
  ) );
#15021 = ADVANCED_FACE('',(#15022),#14928,.T.);
#15022 = FACE_BOUND('',#15023,.T.);
#15023 = EDGE_LOOP('',(#15024,#15054,#15075,#15076));
#15024 = ORIENTED_EDGE('',*,*,#15025,.T.);
#15025 = EDGE_CURVE('',#15026,#15028,#15030,.T.);
#15026 = VERTEX_POINT('',#15027);
#15027 = CARTESIAN_POINT('',(159.43,-73.73,0.));
#15028 = VERTEX_POINT('',#15029);
#15029 = CARTESIAN_POINT('',(159.43,-73.73,1.6));
#15030 = SURFACE_CURVE('',#15031,(#15035,#15042),.PCURVE_S1.);
#15031 = LINE('',#15032,#15033);
#15032 = CARTESIAN_POINT('',(159.43,-73.73,0.));
#15033 = VECTOR('',#15034,1.);
#15034 = DIRECTION('',(0.,0.,1.));
#15035 = PCURVE('',#14928,#15036);
#15036 = DEFINITIONAL_REPRESENTATION('',(#15037),#15041);
#15037 = LINE('',#15038,#15039);
#15038 = CARTESIAN_POINT('',(0.,0.));
#15039 = VECTOR('',#15040,1.);
#15040 = DIRECTION('',(0.,-1.));
#15041 = ( GEOMETRIC_REPRESENTATION_CONTEXT(2) 
PARAMETRIC_REPRESENTATION_CONTEXT() REPRESENTATION_CONTEXT('2D SPACE',''
  ) );
#15042 = PCURVE('',#15043,#15048);
#15043 = PLANE('',#15044);
#15044 = AXIS2_PLACEMENT_3D('',#15045,#15046,#15047);
#15045 = CARTESIAN_POINT('',(146.73,-73.73,0.));
#15046 = DIRECTION('',(0.,1.,0.));
#15047 = DIRECTION('',(1.,0.,0.));
#15048 = DEFINITIONAL_REPRESENTATION('',(#15049),#15053);
#15049 = LINE('',#15050,#15051);
#15050 = CARTESIAN_POINT('',(12.7,0.));
#15051 = VECTOR('',#15052,1.);
#15052 = DIRECTION('',(0.,-1.));
#15053 = ( GEOMETRIC_REPRESENTATION_CONTEXT(2) 
PARAMETRIC_REPRESENTATION_CONTEXT() REPRESENTATION_CONTEXT('2D SPACE',''
  ) );
#15054 = ORIENTED_EDGE('',*,*,#15055,.T.);
#15055 = EDGE_CURVE('',#15028,#14908,#15056,.T.);
#15056 = SURFACE_CURVE('',#15057,(#15061,#15068),.PCURVE_S1.);
#15057 = LINE('',#15058,#15059);
#15058 = CARTESIAN_POINT('',(159.43,-73.73,1.6));
#15059 = VECTOR('',#15060,1.);
#15060 = DIRECTION('',(0.,-1.,0.));
#15061 = PCURVE('',#14928,#15062);
#15062 = DEFINITIONAL_REPRESENTATION('',(#15063),#15067);
#15063 = LINE('',#15064,#15065);
#15064 = CARTESIAN_POINT('',(0.,-1.6));
#15065 = VECTOR('',#15066,1.);
#15066 = DIRECTION('',(1.,0.));
#15067 = ( GEOMETRIC_REPRESENTATION_CONTEXT(2) 
PARAMETRIC_REPRESENTATION_CONTEXT() REPRESENTATION_CONTEXT('2D SPACE',''
  ) );
#15068 = PCURVE('',#14956,#15069);
#15069 = DEFINITIONAL_REPRESENTATION('',(#15070),#15074);
#15070 = LINE('',#15071,#15072);
#15071 = CARTESIAN_POINT('',(-6.35,5.085));
#15072 = VECTOR('',#15073,1.);
#15073 = DIRECTION('',(0.,-1.));
#15074 = ( GEOMETRIC_REPRESENTATION_CONTEXT(2) 
PARAMETRIC_REPRESENTATION_CONTEXT() REPRESENTATION_CONTEXT('2D SPACE',''
  ) );
#15075 = ORIENTED_EDGE('',*,*,#14905,.F.);
#15076 = ORIENTED_EDGE('',*,*,#15077,.F.);
#15077 = EDGE_CURVE('',#15026,#14906,#15078,.T.);
#15078 = SURFACE_CURVE('',#15079,(#15083,#15090),.PCURVE_S1.);
#15079 = LINE('',#15080,#15081);
#15080 = CARTESIAN_POINT('',(159.43,-73.73,0.));
#15081 = VECTOR('',#15082,1.);
#15082 = DIRECTION('',(0.,-1.,0.));
#15083 = PCURVE('',#14928,#15084);
#15084 = DEFINITIONAL_REPRESENTATION('',(#15085),#15089);
#15085 = LINE('',#15086,#15087);
#15086 = CARTESIAN_POINT('',(0.,0.));
#15087 = VECTOR('',#15088,1.);
#15088 = DIRECTION('',(1.,0.));
#15089 = ( GEOMETRIC_REPRESENTATION_CONTEXT(2) 
PARAMETRIC_REPRESENTATION_CONTEXT() REPRESENTATION_CONTEXT('2D SPACE',''
  ) );
#15090 = PCURVE('',#15010,#15091);
#15091 = DEFINITIONAL_REPRESENTATION('',(#15092),#15096);
#15092 = LINE('',#15093,#15094);
#15093 = CARTESIAN_POINT('',(-6.35,5.085));
#15094 = VECTOR('',#15095,1.);
#15095 = DIRECTION('',(0.,-1.));
#15096 = ( GEOMETRIC_REPRESENTATION_CONTEXT(2) 
PARAMETRIC_REPRESENTATION_CONTEXT() REPRESENTATION_CONTEXT('2D SPACE',''
  ) );
#15097 = ADVANCED_FACE('',(#15098),#14984,.T.);
#15098 = FACE_BOUND('',#15099,.T.);
#15099 = EDGE_LOOP('',(#15100,#15101,#15124,#15147));
#15100 = ORIENTED_EDGE('',*,*,#14968,.T.);
#15101 = ORIENTED_EDGE('',*,*,#15102,.T.);
#15102 = EDGE_CURVE('',#14941,#15103,#15105,.T.);
#15103 = VERTEX_POINT('',#15104);
#15104 = CARTESIAN_POINT('',(146.73,-73.73,1.6));
#15105 = SURFACE_CURVE('',#15106,(#15110,#15117),.PCURVE_S1.);
#15106 = LINE('',#15107,#15108);
#15107 = CARTESIAN_POINT('',(146.73,-83.9,1.6));
#15108 = VECTOR('',#15109,1.);
#15109 = DIRECTION('',(0.,1.,0.));
#15110 = PCURVE('',#14984,#15111);
#15111 = DEFINITIONAL_REPRESENTATION('',(#15112),#15116);
#15112 = LINE('',#15113,#15114);
#15113 = CARTESIAN_POINT('',(0.,-1.6));
#15114 = VECTOR('',#15115,1.);
#15115 = DIRECTION('',(1.,0.));
#15116 = ( GEOMETRIC_REPRESENTATION_CONTEXT(2) 
PARAMETRIC_REPRESENTATION_CONTEXT() REPRESENTATION_CONTEXT('2D SPACE',''
  ) );
#15117 = PCURVE('',#14956,#15118);
#15118 = DEFINITIONAL_REPRESENTATION('',(#15119),#15123);
#15119 = LINE('',#15120,#15121);
#15120 = CARTESIAN_POINT('',(6.35,-5.085));
#15121 = VECTOR('',#15122,1.);
#15122 = DIRECTION('',(0.,1.));
#15123 = ( GEOMETRIC_REPRESENTATION_CONTEXT(2) 
PARAMETRIC_REPRESENTATION_CONTEXT() REPRESENTATION_CONTEXT('2D SPACE',''
  ) );
#15124 = ORIENTED_EDGE('',*,*,#15125,.F.);
#15125 = EDGE_CURVE('',#15126,#15103,#15128,.T.);
#15126 = VERTEX_POINT('',#15127);
#15127 = CARTESIAN_POINT('',(146.73,-73.73,0.));
#15128 = SURFACE_CURVE('',#15129,(#15133,#15140),.PCURVE_S1.);
#15129 = LINE('',#15130,#15131);
#15130 = CARTESIAN_POINT('',(146.73,-73.73,0.));
#15131 = VECTOR('',#15132,1.);
#15132 = DIRECTION('',(0.,0.,1.));
#15133 = PCURVE('',#14984,#15134);
#15134 = DEFINITIONAL_REPRESENTATION('',(#15135),#15139);
#15135 = LINE('',#15136,#15137);
#15136 = CARTESIAN_POINT('',(10.17,0.));
#15137 = VECTOR('',#15138,1.);
#15138 = DIRECTION('',(0.,-1.));
#15139 = ( GEOMETRIC_REPRESENTATION_CONTEXT(2) 
PARAMETRIC_REPRESENTATION_CONTEXT() REPRESENTATION_CONTEXT('2D SPACE',''
  ) );
#15140 = PCURVE('',#15043,#15141);
#15141 = DEFINITIONAL_REPRESENTATION('',(#15142),#15146);
#15142 = LINE('',#15143,#15144);
#15143 = CARTESIAN_POINT('',(0.,0.));
#15144 = VECTOR('',#15145,1.);
#15145 = DIRECTION('',(0.,-1.));
#15146 = ( GEOMETRIC_REPRESENTATION_CONTEXT(2) 
PARAMETRIC_REPRESENTATION_CONTEXT() REPRESENTATION_CONTEXT('2D SPACE',''
  ) );
#15147 = ORIENTED_EDGE('',*,*,#15148,.F.);
#15148 = EDGE_CURVE('',#14969,#15126,#15149,.T.);
#15149 = SURFACE_CURVE('',#15150,(#15154,#15161),.PCURVE_S1.);
#15150 = LINE('',#15151,#15152);
#15151 = CARTESIAN_POINT('',(146.73,-83.9,0.));
#15152 = VECTOR('',#15153,1.);
#15153 = DIRECTION('',(0.,1.,0.));
#15154 = PCURVE('',#14984,#15155);
#15155 = DEFINITIONAL_REPRESENTATION('',(#15156),#15160);
#15156 = LINE('',#15157,#15158);
#15157 = CARTESIAN_POINT('',(0.,0.));
#15158 = VECTOR('',#15159,1.);
#15159 = DIRECTION('',(1.,0.));
#15160 = ( GEOMETRIC_REPRESENTATION_CONTEXT(2) 
PARAMETRIC_REPRESENTATION_CONTEXT() REPRESENTATION_CONTEXT('2D SPACE',''
  ) );
#15161 = PCURVE('',#15010,#15162);
#15162 = DEFINITIONAL_REPRESENTATION('',(#15163),#15167);
#15163 = LINE('',#15164,#15165);
#15164 = CARTESIAN_POINT('',(6.35,-5.085));
#15165 = VECTOR('',#15166,1.);
#15166 = DIRECTION('',(0.,1.));
#15167 = ( GEOMETRIC_REPRESENTATION_CONTEXT(2) 
PARAMETRIC_REPRESENTATION_CONTEXT() REPRESENTATION_CONTEXT('2D SPACE',''
  ) );
#15168 = ADVANCED_FACE('',(#15169,#15195,#15230,#15265,#15300,#15335,
    #15370,#15405,#15440),#15010,.T.);
#15169 = FACE_BOUND('',#15170,.T.);
#15170 = EDGE_LOOP('',(#15171,#15172,#15173,#15194));
#15171 = ORIENTED_EDGE('',*,*,#14996,.T.);
#15172 = ORIENTED_EDGE('',*,*,#15148,.T.);
#15173 = ORIENTED_EDGE('',*,*,#15174,.T.);
#15174 = EDGE_CURVE('',#15126,#15026,#15175,.T.);
#15175 = SURFACE_CURVE('',#15176,(#15180,#15187),.PCURVE_S1.);
#15176 = LINE('',#15177,#15178);
#15177 = CARTESIAN_POINT('',(146.73,-73.73,0.));
#15178 = VECTOR('',#15179,1.);
#15179 = DIRECTION('',(1.,0.,0.));
#15180 = PCURVE('',#15010,#15181);
#15181 = DEFINITIONAL_REPRESENTATION('',(#15182),#15186);
#15182 = LINE('',#15183,#15184);
#15183 = CARTESIAN_POINT('',(6.35,5.085));
#15184 = VECTOR('',#15185,1.);
#15185 = DIRECTION('',(-1.,0.));
#15186 = ( GEOMETRIC_REPRESENTATION_CONTEXT(2) 
PARAMETRIC_REPRESENTATION_CONTEXT() REPRESENTATION_CONTEXT('2D SPACE',''
  ) );
#15187 = PCURVE('',#15043,#15188);
#15188 = DEFINITIONAL_REPRESENTATION('',(#15189),#15193);
#15189 = LINE('',#15190,#15191);
#15190 = CARTESIAN_POINT('',(0.,0.));
#15191 = VECTOR('',#15192,1.);
#15192 = DIRECTION('',(1.,0.));
#15193 = ( GEOMETRIC_REPRESENTATION_CONTEXT(2) 
PARAMETRIC_REPRESENTATION_CONTEXT() REPRESENTATION_CONTEXT('2D SPACE',''
  ) );
#15194 = ORIENTED_EDGE('',*,*,#15077,.T.);
#15195 = FACE_BOUND('',#15196,.T.);
#15196 = EDGE_LOOP('',(#15197));
#15197 = ORIENTED_EDGE('',*,*,#15198,.T.);
#15198 = EDGE_CURVE('',#15199,#15199,#15201,.T.);
#15199 = VERTEX_POINT('',#15200);
#15200 = CARTESIAN_POINT('',(158.66,-82.62,0.));
#15201 = SURFACE_CURVE('',#15202,(#15207,#15218),.PCURVE_S1.);
#15202 = CIRCLE('',#15203,0.5);
#15203 = AXIS2_PLACEMENT_3D('',#15204,#15205,#15206);
#15204 = CARTESIAN_POINT('',(158.16,-82.62,0.));
#15205 = DIRECTION('',(0.,0.,1.));
#15206 = DIRECTION('',(1.,0.,-0.));
#15207 = PCURVE('',#15010,#15208);
#15208 = DEFINITIONAL_REPRESENTATION('',(#15209),#15217);
#15209 = ( BOUNDED_CURVE() B_SPLINE_CURVE(2,(#15210,#15211,#15212,#15213
    ,#15214,#15215,#15216),.UNSPECIFIED.,.T.,.F.) 
B_SPLINE_CURVE_WITH_KNOTS((1,2,2,2,2,1),(-2.094395102393,0.,
    2.094395102393,4.188790204786,6.28318530718,8.377580409573),
.UNSPECIFIED.) CURVE() GEOMETRIC_REPRESENTATION_ITEM() 
RATIONAL_B_SPLINE_CURVE((1.,0.5,1.,0.5,1.,0.5,1.)) REPRESENTATION_ITEM(
  '') );
#15210 = CARTESIAN_POINT('',(-5.58,-3.805));
#15211 = CARTESIAN_POINT('',(-5.58,-2.938974596216));
#15212 = CARTESIAN_POINT('',(-4.83,-3.371987298108));
#15213 = CARTESIAN_POINT('',(-4.08,-3.805));
#15214 = CARTESIAN_POINT('',(-4.83,-4.238012701892));
#15215 = CARTESIAN_POINT('',(-5.58,-4.671025403784));
#15216 = CARTESIAN_POINT('',(-5.58,-3.805));
#15217 = ( GEOMETRIC_REPRESENTATION_CONTEXT(2) 
PARAMETRIC_REPRESENTATION_CONTEXT() REPRESENTATION_CONTEXT('2D SPACE',''
  ) );
#15218 = PCURVE('',#15219,#15224);
#15219 = CYLINDRICAL_SURFACE('',#15220,0.5);
#15220 = AXIS2_PLACEMENT_3D('',#15221,#15222,#15223);
#15221 = CARTESIAN_POINT('',(158.16,-82.62,-0.8));
#15222 = DIRECTION('',(0.,0.,1.));
#15223 = DIRECTION('',(1.,0.,-0.));
#15224 = DEFINITIONAL_REPRESENTATION('',(#15225),#15229);
#15225 = LINE('',#15226,#15227);
#15226 = CARTESIAN_POINT('',(0.,0.8));
#15227 = VECTOR('',#15228,1.);
#15228 = DIRECTION('',(1.,0.));
#15229 = ( GEOMETRIC_REPRESENTATION_CONTEXT(2) 
PARAMETRIC_REPRESENTATION_CONTEXT() REPRESENTATION_CONTEXT('2D SPACE',''
  ) );
#15230 = FACE_BOUND('',#15231,.T.);
#15231 = EDGE_LOOP('',(#15232));
#15232 = ORIENTED_EDGE('',*,*,#15233,.T.);
#15233 = EDGE_CURVE('',#15234,#15234,#15236,.T.);
#15234 = VERTEX_POINT('',#15235);
#15235 = CARTESIAN_POINT('',(158.66,-80.08,0.));
#15236 = SURFACE_CURVE('',#15237,(#15242,#15253),.PCURVE_S1.);
#15237 = CIRCLE('',#15238,0.5);
#15238 = AXIS2_PLACEMENT_3D('',#15239,#15240,#15241);
#15239 = CARTESIAN_POINT('',(158.16,-80.08,0.));
#15240 = DIRECTION('',(0.,0.,1.));
#15241 = DIRECTION('',(1.,0.,-0.));
#15242 = PCURVE('',#15010,#15243);
#15243 = DEFINITIONAL_REPRESENTATION('',(#15244),#15252);
#15244 = ( BOUNDED_CURVE() B_SPLINE_CURVE(2,(#15245,#15246,#15247,#15248
    ,#15249,#15250,#15251),.UNSPECIFIED.,.T.,.F.) 
B_SPLINE_CURVE_WITH_KNOTS((1,2,2,2,2,1),(-2.094395102393,0.,
    2.094395102393,4.188790204786,6.28318530718,8.377580409573),
.UNSPECIFIED.) CURVE() GEOMETRIC_REPRESENTATION_ITEM() 
RATIONAL_B_SPLINE_CURVE((1.,0.5,1.,0.5,1.,0.5,1.)) REPRESENTATION_ITEM(
  '') );
#15245 = CARTESIAN_POINT('',(-5.58,-1.265));
#15246 = CARTESIAN_POINT('',(-5.58,-0.398974596216));
#15247 = CARTESIAN_POINT('',(-4.83,-0.831987298108));
#15248 = CARTESIAN_POINT('',(-4.08,-1.265));
#15249 = CARTESIAN_POINT('',(-4.83,-1.698012701892));
#15250 = CARTESIAN_POINT('',(-5.58,-2.131025403784));
#15251 = CARTESIAN_POINT('',(-5.58,-1.265));
#15252 = ( GEOMETRIC_REPRESENTATION_CONTEXT(2) 
PARAMETRIC_REPRESENTATION_CONTEXT() REPRESENTATION_CONTEXT('2D SPACE',''
  ) );
#15253 = PCURVE('',#15254,#15259);
#15254 = CYLINDRICAL_SURFACE('',#15255,0.5);
#15255 = AXIS2_PLACEMENT_3D('',#15256,#15257,#15258);
#15256 = CARTESIAN_POINT('',(158.16,-80.08,-0.8));
#15257 = DIRECTION('',(0.,0.,1.));
#15258 = DIRECTION('',(1.,0.,-0.));
#15259 = DEFINITIONAL_REPRESENTATION('',(#15260),#15264);
#15260 = LINE('',#15261,#15262);
#15261 = CARTESIAN_POINT('',(0.,0.8));
#15262 = VECTOR('',#15263,1.);
#15263 = DIRECTION('',(1.,0.));
#15264 = ( GEOMETRIC_REPRESENTATION_CONTEXT(2) 
PARAMETRIC_REPRESENTATION_CONTEXT() REPRESENTATION_CONTEXT('2D SPACE',''
  ) );
#15265 = FACE_BOUND('',#15266,.T.);
#15266 = EDGE_LOOP('',(#15267));
#15267 = ORIENTED_EDGE('',*,*,#15268,.T.);
#15268 = EDGE_CURVE('',#15269,#15269,#15271,.T.);
#15269 = VERTEX_POINT('',#15270);
#15270 = CARTESIAN_POINT('',(148.5,-82.62,0.));
#15271 = SURFACE_CURVE('',#15272,(#15277,#15288),.PCURVE_S1.);
#15272 = CIRCLE('',#15273,0.5);
#15273 = AXIS2_PLACEMENT_3D('',#15274,#15275,#15276);
#15274 = CARTESIAN_POINT('',(148.,-82.62,0.));
#15275 = DIRECTION('',(0.,0.,1.));
#15276 = DIRECTION('',(1.,0.,-0.));
#15277 = PCURVE('',#15010,#15278);
#15278 = DEFINITIONAL_REPRESENTATION('',(#15279),#15287);
#15279 = ( BOUNDED_CURVE() B_SPLINE_CURVE(2,(#15280,#15281,#15282,#15283
    ,#15284,#15285,#15286),.UNSPECIFIED.,.T.,.F.) 
B_SPLINE_CURVE_WITH_KNOTS((1,2,2,2,2,1),(-2.094395102393,0.,
    2.094395102393,4.188790204786,6.28318530718,8.377580409573),
.UNSPECIFIED.) CURVE() GEOMETRIC_REPRESENTATION_ITEM() 
RATIONAL_B_SPLINE_CURVE((1.,0.5,1.,0.5,1.,0.5,1.)) REPRESENTATION_ITEM(
  '') );
#15280 = CARTESIAN_POINT('',(4.58,-3.805));
#15281 = CARTESIAN_POINT('',(4.58,-2.938974596216));
#15282 = CARTESIAN_POINT('',(5.33,-3.371987298108));
#15283 = CARTESIAN_POINT('',(6.08,-3.805));
#15284 = CARTESIAN_POINT('',(5.33,-4.238012701892));
#15285 = CARTESIAN_POINT('',(4.58,-4.671025403784));
#15286 = CARTESIAN_POINT('',(4.58,-3.805));
#15287 = ( GEOMETRIC_REPRESENTATION_CONTEXT(2) 
PARAMETRIC_REPRESENTATION_CONTEXT() REPRESENTATION_CONTEXT('2D SPACE',''
  ) );
#15288 = PCURVE('',#15289,#15294);
#15289 = CYLINDRICAL_SURFACE('',#15290,0.5);
#15290 = AXIS2_PLACEMENT_3D('',#15291,#15292,#15293);
#15291 = CARTESIAN_POINT('',(148.,-82.62,-0.8));
#15292 = DIRECTION('',(0.,0.,1.));
#15293 = DIRECTION('',(1.,0.,-0.));
#15294 = DEFINITIONAL_REPRESENTATION('',(#15295),#15299);
#15295 = LINE('',#15296,#15297);
#15296 = CARTESIAN_POINT('',(0.,0.8));
#15297 = VECTOR('',#15298,1.);
#15298 = DIRECTION('',(1.,0.));
#15299 = ( GEOMETRIC_REPRESENTATION_CONTEXT(2) 
PARAMETRIC_REPRESENTATION_CONTEXT() REPRESENTATION_CONTEXT('2D SPACE',''
  ) );
#15300 = FACE_BOUND('',#15301,.T.);
#15301 = EDGE_LOOP('',(#15302));
#15302 = ORIENTED_EDGE('',*,*,#15303,.T.);
#15303 = EDGE_CURVE('',#15304,#15304,#15306,.T.);
#15304 = VERTEX_POINT('',#15305);
#15305 = CARTESIAN_POINT('',(148.5,-80.08,0.));
#15306 = SURFACE_CURVE('',#15307,(#15312,#15323),.PCURVE_S1.);
#15307 = CIRCLE('',#15308,0.5);
#15308 = AXIS2_PLACEMENT_3D('',#15309,#15310,#15311);
#15309 = CARTESIAN_POINT('',(148.,-80.08,0.));
#15310 = DIRECTION('',(0.,0.,1.));
#15311 = DIRECTION('',(1.,0.,-0.));
#15312 = PCURVE('',#15010,#15313);
#15313 = DEFINITIONAL_REPRESENTATION('',(#15314),#15322);
#15314 = ( BOUNDED_CURVE() B_SPLINE_CURVE(2,(#15315,#15316,#15317,#15318
    ,#15319,#15320,#15321),.UNSPECIFIED.,.T.,.F.) 
B_SPLINE_CURVE_WITH_KNOTS((1,2,2,2,2,1),(-2.094395102393,0.,
    2.094395102393,4.188790204786,6.28318530718,8.377580409573),
.UNSPECIFIED.) CURVE() GEOMETRIC_REPRESENTATION_ITEM() 
RATIONAL_B_SPLINE_CURVE((1.,0.5,1.,0.5,1.,0.5,1.)) REPRESENTATION_ITEM(
  '') );
#15315 = CARTESIAN_POINT('',(4.58,-1.265));
#15316 = CARTESIAN_POINT('',(4.58,-0.398974596216));
#15317 = CARTESIAN_POINT('',(5.33,-0.831987298108));
#15318 = CARTESIAN_POINT('',(6.08,-1.265));
#15319 = CARTESIAN_POINT('',(5.33,-1.698012701892));
#15320 = CARTESIAN_POINT('',(4.58,-2.131025403784));
#15321 = CARTESIAN_POINT('',(4.58,-1.265));
#15322 = ( GEOMETRIC_REPRESENTATION_CONTEXT(2) 
PARAMETRIC_REPRESENTATION_CONTEXT() REPRESENTATION_CONTEXT('2D SPACE',''
  ) );
#15323 = PCURVE('',#15324,#15329);
#15324 = CYLINDRICAL_SURFACE('',#15325,0.5);
#15325 = AXIS2_PLACEMENT_3D('',#15326,#15327,#15328);
#15326 = CARTESIAN_POINT('',(148.,-80.08,-0.8));
#15327 = DIRECTION('',(0.,0.,1.));
#15328 = DIRECTION('',(1.,0.,-0.));
#15329 = DEFINITIONAL_REPRESENTATION('',(#15330),#15334);
#15330 = LINE('',#15331,#15332);
#15331 = CARTESIAN_POINT('',(0.,0.8));
#15332 = VECTOR('',#15333,1.);
#15333 = DIRECTION('',(1.,0.));
#15334 = ( GEOMETRIC_REPRESENTATION_CONTEXT(2) 
PARAMETRIC_REPRESENTATION_CONTEXT() REPRESENTATION_CONTEXT('2D SPACE',''
  ) );
#15335 = FACE_BOUND('',#15336,.T.);
#15336 = EDGE_LOOP('',(#15337));
#15337 = ORIENTED_EDGE('',*,*,#15338,.T.);
#15338 = EDGE_CURVE('',#15339,#15339,#15341,.T.);
#15339 = VERTEX_POINT('',#15340);
#15340 = CARTESIAN_POINT('',(158.66,-77.54,0.));
#15341 = SURFACE_CURVE('',#15342,(#15347,#15358),.PCURVE_S1.);
#15342 = CIRCLE('',#15343,0.5);
#15343 = AXIS2_PLACEMENT_3D('',#15344,#15345,#15346);
#15344 = CARTESIAN_POINT('',(158.16,-77.54,0.));
#15345 = DIRECTION('',(0.,0.,1.));
#15346 = DIRECTION('',(1.,0.,-0.));
#15347 = PCURVE('',#15010,#15348);
#15348 = DEFINITIONAL_REPRESENTATION('',(#15349),#15357);
#15349 = ( BOUNDED_CURVE() B_SPLINE_CURVE(2,(#15350,#15351,#15352,#15353
    ,#15354,#15355,#15356),.UNSPECIFIED.,.T.,.F.) 
B_SPLINE_CURVE_WITH_KNOTS((1,2,2,2,2,1),(-2.094395102393,0.,
    2.094395102393,4.188790204786,6.28318530718,8.377580409573),
.UNSPECIFIED.) CURVE() GEOMETRIC_REPRESENTATION_ITEM() 
RATIONAL_B_SPLINE_CURVE((1.,0.5,1.,0.5,1.,0.5,1.)) REPRESENTATION_ITEM(
  '') );
#15350 = CARTESIAN_POINT('',(-5.58,1.275));
#15351 = CARTESIAN_POINT('',(-5.58,2.141025403784));
#15352 = CARTESIAN_POINT('',(-4.83,1.708012701892));
#15353 = CARTESIAN_POINT('',(-4.08,1.275));
#15354 = CARTESIAN_POINT('',(-4.83,0.841987298108));
#15355 = CARTESIAN_POINT('',(-5.58,0.408974596216));
#15356 = CARTESIAN_POINT('',(-5.58,1.275));
#15357 = ( GEOMETRIC_REPRESENTATION_CONTEXT(2) 
PARAMETRIC_REPRESENTATION_CONTEXT() REPRESENTATION_CONTEXT('2D SPACE',''
  ) );
#15358 = PCURVE('',#15359,#15364);
#15359 = CYLINDRICAL_SURFACE('',#15360,0.5);
#15360 = AXIS2_PLACEMENT_3D('',#15361,#15362,#15363);
#15361 = CARTESIAN_POINT('',(158.16,-77.54,-0.8));
#15362 = DIRECTION('',(0.,0.,1.));
#15363 = DIRECTION('',(1.,0.,-0.));
#15364 = DEFINITIONAL_REPRESENTATION('',(#15365),#15369);
#15365 = LINE('',#15366,#15367);
#15366 = CARTESIAN_POINT('',(0.,0.8));
#15367 = VECTOR('',#15368,1.);
#15368 = DIRECTION('',(1.,0.));
#15369 = ( GEOMETRIC_REPRESENTATION_CONTEXT(2) 
PARAMETRIC_REPRESENTATION_CONTEXT() REPRESENTATION_CONTEXT('2D SPACE',''
  ) );
#15370 = FACE_BOUND('',#15371,.T.);
#15371 = EDGE_LOOP('',(#15372));
#15372 = ORIENTED_EDGE('',*,*,#15373,.T.);
#15373 = EDGE_CURVE('',#15374,#15374,#15376,.T.);
#15374 = VERTEX_POINT('',#15375);
#15375 = CARTESIAN_POINT('',(158.66,-75.,0.));
#15376 = SURFACE_CURVE('',#15377,(#15382,#15393),.PCURVE_S1.);
#15377 = CIRCLE('',#15378,0.5);
#15378 = AXIS2_PLACEMENT_3D('',#15379,#15380,#15381);
#15379 = CARTESIAN_POINT('',(158.16,-75.,0.));
#15380 = DIRECTION('',(0.,0.,1.));
#15381 = DIRECTION('',(1.,0.,-0.));
#15382 = PCURVE('',#15010,#15383);
#15383 = DEFINITIONAL_REPRESENTATION('',(#15384),#15392);
#15384 = ( BOUNDED_CURVE() B_SPLINE_CURVE(2,(#15385,#15386,#15387,#15388
    ,#15389,#15390,#15391),.UNSPECIFIED.,.T.,.F.) 
B_SPLINE_CURVE_WITH_KNOTS((1,2,2,2,2,1),(-2.094395102393,0.,
    2.094395102393,4.188790204786,6.28318530718,8.377580409573),
.UNSPECIFIED.) CURVE() GEOMETRIC_REPRESENTATION_ITEM() 
RATIONAL_B_SPLINE_CURVE((1.,0.5,1.,0.5,1.,0.5,1.)) REPRESENTATION_ITEM(
  '') );
#15385 = CARTESIAN_POINT('',(-5.58,3.815));
#15386 = CARTESIAN_POINT('',(-5.58,4.681025403784));
#15387 = CARTESIAN_POINT('',(-4.83,4.248012701892));
#15388 = CARTESIAN_POINT('',(-4.08,3.815));
#15389 = CARTESIAN_POINT('',(-4.83,3.381987298108));
#15390 = CARTESIAN_POINT('',(-5.58,2.948974596216));
#15391 = CARTESIAN_POINT('',(-5.58,3.815));
#15392 = ( GEOMETRIC_REPRESENTATION_CONTEXT(2) 
PARAMETRIC_REPRESENTATION_CONTEXT() REPRESENTATION_CONTEXT('2D SPACE',''
  ) );
#15393 = PCURVE('',#15394,#15399);
#15394 = CYLINDRICAL_SURFACE('',#15395,0.5);
#15395 = AXIS2_PLACEMENT_3D('',#15396,#15397,#15398);
#15396 = CARTESIAN_POINT('',(158.16,-75.,-0.8));
#15397 = DIRECTION('',(0.,0.,1.));
#15398 = DIRECTION('',(1.,0.,-0.));
#15399 = DEFINITIONAL_REPRESENTATION('',(#15400),#15404);
#15400 = LINE('',#15401,#15402);
#15401 = CARTESIAN_POINT('',(0.,0.8));
#15402 = VECTOR('',#15403,1.);
#15403 = DIRECTION('',(1.,0.));
#15404 = ( GEOMETRIC_REPRESENTATION_CONTEXT(2) 
PARAMETRIC_REPRESENTATION_CONTEXT() REPRESENTATION_CONTEXT('2D SPACE',''
  ) );
#15405 = FACE_BOUND('',#15406,.T.);
#15406 = EDGE_LOOP('',(#15407));
#15407 = ORIENTED_EDGE('',*,*,#15408,.T.);
#15408 = EDGE_CURVE('',#15409,#15409,#15411,.T.);
#15409 = VERTEX_POINT('',#15410);
#15410 = CARTESIAN_POINT('',(148.5,-77.54,0.));
#15411 = SURFACE_CURVE('',#15412,(#15417,#15428),.PCURVE_S1.);
#15412 = CIRCLE('',#15413,0.5);
#15413 = AXIS2_PLACEMENT_3D('',#15414,#15415,#15416);
#15414 = CARTESIAN_POINT('',(148.,-77.54,0.));
#15415 = DIRECTION('',(0.,0.,1.));
#15416 = DIRECTION('',(1.,0.,-0.));
#15417 = PCURVE('',#15010,#15418);
#15418 = DEFINITIONAL_REPRESENTATION('',(#15419),#15427);
#15419 = ( BOUNDED_CURVE() B_SPLINE_CURVE(2,(#15420,#15421,#15422,#15423
    ,#15424,#15425,#15426),.UNSPECIFIED.,.T.,.F.) 
B_SPLINE_CURVE_WITH_KNOTS((1,2,2,2,2,1),(-2.094395102393,0.,
    2.094395102393,4.188790204786,6.28318530718,8.377580409573),
.UNSPECIFIED.) CURVE() GEOMETRIC_REPRESENTATION_ITEM() 
RATIONAL_B_SPLINE_CURVE((1.,0.5,1.,0.5,1.,0.5,1.)) REPRESENTATION_ITEM(
  '') );
#15420 = CARTESIAN_POINT('',(4.58,1.275));
#15421 = CARTESIAN_POINT('',(4.58,2.141025403784));
#15422 = CARTESIAN_POINT('',(5.33,1.708012701892));
#15423 = CARTESIAN_POINT('',(6.08,1.275));
#15424 = CARTESIAN_POINT('',(5.33,0.841987298108));
#15425 = CARTESIAN_POINT('',(4.58,0.408974596216));
#15426 = CARTESIAN_POINT('',(4.58,1.275));
#15427 = ( GEOMETRIC_REPRESENTATION_CONTEXT(2) 
PARAMETRIC_REPRESENTATION_CONTEXT() REPRESENTATION_CONTEXT('2D SPACE',''
  ) );
#15428 = PCURVE('',#15429,#15434);
#15429 = CYLINDRICAL_SURFACE('',#15430,0.5);
#15430 = AXIS2_PLACEMENT_3D('',#15431,#15432,#15433);
#15431 = CARTESIAN_POINT('',(148.,-77.54,-0.8));
#15432 = DIRECTION('',(0.,0.,1.));
#15433 = DIRECTION('',(1.,0.,-0.));
#15434 = DEFINITIONAL_REPRESENTATION('',(#15435),#15439);
#15435 = LINE('',#15436,#15437);
#15436 = CARTESIAN_POINT('',(0.,0.8));
#15437 = VECTOR('',#15438,1.);
#15438 = DIRECTION('',(1.,0.));
#15439 = ( GEOMETRIC_REPRESENTATION_CONTEXT(2) 
PARAMETRIC_REPRESENTATION_CONTEXT() REPRESENTATION_CONTEXT('2D SPACE',''
  ) );
#15440 = FACE_BOUND('',#15441,.T.);
#15441 = EDGE_LOOP('',(#15442));
#15442 = ORIENTED_EDGE('',*,*,#15443,.T.);
#15443 = EDGE_CURVE('',#15444,#15444,#15446,.T.);
#15444 = VERTEX_POINT('',#15445);
#15445 = CARTESIAN_POINT('',(148.5,-75.,0.));
#15446 = SURFACE_CURVE('',#15447,(#15452,#15463),.PCURVE_S1.);
#15447 = CIRCLE('',#15448,0.5);
#15448 = AXIS2_PLACEMENT_3D('',#15449,#15450,#15451);
#15449 = CARTESIAN_POINT('',(148.,-75.,0.));
#15450 = DIRECTION('',(0.,0.,1.));
#15451 = DIRECTION('',(1.,0.,-0.));
#15452 = PCURVE('',#15010,#15453);
#15453 = DEFINITIONAL_REPRESENTATION('',(#15454),#15462);
#15454 = ( BOUNDED_CURVE() B_SPLINE_CURVE(2,(#15455,#15456,#15457,#15458
    ,#15459,#15460,#15461),.UNSPECIFIED.,.T.,.F.) 
B_SPLINE_CURVE_WITH_KNOTS((1,2,2,2,2,1),(-2.094395102393,0.,
    2.094395102393,4.188790204786,6.28318530718,8.377580409573),
.UNSPECIFIED.) CURVE() GEOMETRIC_REPRESENTATION_ITEM() 
RATIONAL_B_SPLINE_CURVE((1.,0.5,1.,0.5,1.,0.5,1.)) REPRESENTATION_ITEM(
  '') );
#15455 = CARTESIAN_POINT('',(4.58,3.815));
#15456 = CARTESIAN_POINT('',(4.58,4.681025403784));
#15457 = CARTESIAN_POINT('',(5.33,4.248012701892));
#15458 = CARTESIAN_POINT('',(6.08,3.815));
#15459 = CARTESIAN_POINT('',(5.33,3.381987298108));
#15460 = CARTESIAN_POINT('',(4.58,2.948974596216));
#15461 = CARTESIAN_POINT('',(4.58,3.815));
#15462 = ( GEOMETRIC_REPRESENTATION_CONTEXT(2) 
PARAMETRIC_REPRESENTATION_CONTEXT() REPRESENTATION_CONTEXT('2D SPACE',''
  ) );
#15463 = PCURVE('',#15464,#15469);
#15464 = CYLINDRICAL_SURFACE('',#15465,0.5);
#15465 = AXIS2_PLACEMENT_3D('',#15466,#15467,#15468);
#15466 = CARTESIAN_POINT('',(148.,-75.,-0.8));
#15467 = DIRECTION('',(0.,0.,1.));
#15468 = DIRECTION('',(1.,0.,-0.));
#15469 = DEFINITIONAL_REPRESENTATION('',(#15470),#15474);
#15470 = LINE('',#15471,#15472);
#15471 = CARTESIAN_POINT('',(0.,0.8));
#15472 = VECTOR('',#15473,1.);
#15473 = DIRECTION('',(1.,0.));
#15474 = ( GEOMETRIC_REPRESENTATION_CONTEXT(2) 
PARAMETRIC_REPRESENTATION_CONTEXT() REPRESENTATION_CONTEXT('2D SPACE',''
  ) );
#15475 = ADVANCED_FACE('',(#15476,#15502,#15532,#15562,#15592,#15622,
    #15652,#15682,#15712),#14956,.F.);
#15476 = FACE_BOUND('',#15477,.F.);
#15477 = EDGE_LOOP('',(#15478,#15479,#15480,#15501));
#15478 = ORIENTED_EDGE('',*,*,#14940,.T.);
#15479 = ORIENTED_EDGE('',*,*,#15102,.T.);
#15480 = ORIENTED_EDGE('',*,*,#15481,.T.);
#15481 = EDGE_CURVE('',#15103,#15028,#15482,.T.);
#15482 = SURFACE_CURVE('',#15483,(#15487,#15494),.PCURVE_S1.);
#15483 = LINE('',#15484,#15485);
#15484 = CARTESIAN_POINT('',(146.73,-73.73,1.6));
#15485 = VECTOR('',#15486,1.);
#15486 = DIRECTION('',(1.,0.,0.));
#15487 = PCURVE('',#14956,#15488);
#15488 = DEFINITIONAL_REPRESENTATION('',(#15489),#15493);
#15489 = LINE('',#15490,#15491);
#15490 = CARTESIAN_POINT('',(6.35,5.085));
#15491 = VECTOR('',#15492,1.);
#15492 = DIRECTION('',(-1.,0.));
#15493 = ( GEOMETRIC_REPRESENTATION_CONTEXT(2) 
PARAMETRIC_REPRESENTATION_CONTEXT() REPRESENTATION_CONTEXT('2D SPACE',''
  ) );
#15494 = PCURVE('',#15043,#15495);
#15495 = DEFINITIONAL_REPRESENTATION('',(#15496),#15500);
#15496 = LINE('',#15497,#15498);
#15497 = CARTESIAN_POINT('',(0.,-1.6));
#15498 = VECTOR('',#15499,1.);
#15499 = DIRECTION('',(1.,0.));
#15500 = ( GEOMETRIC_REPRESENTATION_CONTEXT(2) 
PARAMETRIC_REPRESENTATION_CONTEXT() REPRESENTATION_CONTEXT('2D SPACE',''
  ) );
#15501 = ORIENTED_EDGE('',*,*,#15055,.T.);
#15502 = FACE_BOUND('',#15503,.F.);
#15503 = EDGE_LOOP('',(#15504));
#15504 = ORIENTED_EDGE('',*,*,#15505,.T.);
#15505 = EDGE_CURVE('',#15506,#15506,#15508,.T.);
#15506 = VERTEX_POINT('',#15507);
#15507 = CARTESIAN_POINT('',(158.66,-82.62,1.6));
#15508 = SURFACE_CURVE('',#15509,(#15514,#15525),.PCURVE_S1.);
#15509 = CIRCLE('',#15510,0.5);
#15510 = AXIS2_PLACEMENT_3D('',#15511,#15512,#15513);
#15511 = CARTESIAN_POINT('',(158.16,-82.62,1.6));
#15512 = DIRECTION('',(0.,0.,1.));
#15513 = DIRECTION('',(1.,0.,-0.));
#15514 = PCURVE('',#14956,#15515);
#15515 = DEFINITIONAL_REPRESENTATION('',(#15516),#15524);
#15516 = ( BOUNDED_CURVE() B_SPLINE_CURVE(2,(#15517,#15518,#15519,#15520
    ,#15521,#15522,#15523),.UNSPECIFIED.,.T.,.F.) 
B_SPLINE_CURVE_WITH_KNOTS((1,2,2,2,2,1),(-2.094395102393,0.,
    2.094395102393,4.188790204786,6.28318530718,8.377580409573),
.UNSPECIFIED.) CURVE() GEOMETRIC_REPRESENTATION_ITEM() 
RATIONAL_B_SPLINE_CURVE((1.,0.5,1.,0.5,1.,0.5,1.)) REPRESENTATION_ITEM(
  '') );
#15517 = CARTESIAN_POINT('',(-5.58,-3.805));
#15518 = CARTESIAN_POINT('',(-5.58,-2.938974596216));
#15519 = CARTESIAN_POINT('',(-4.83,-3.371987298108));
#15520 = CARTESIAN_POINT('',(-4.08,-3.805));
#15521 = CARTESIAN_POINT('',(-4.83,-4.238012701892));
#15522 = CARTESIAN_POINT('',(-5.58,-4.671025403784));
#15523 = CARTESIAN_POINT('',(-5.58,-3.805));
#15524 = ( GEOMETRIC_REPRESENTATION_CONTEXT(2) 
PARAMETRIC_REPRESENTATION_CONTEXT() REPRESENTATION_CONTEXT('2D SPACE',''
  ) );
#15525 = PCURVE('',#15219,#15526);
#15526 = DEFINITIONAL_REPRESENTATION('',(#15527),#15531);
#15527 = LINE('',#15528,#15529);
#15528 = CARTESIAN_POINT('',(0.,2.4));
#15529 = VECTOR('',#15530,1.);
#15530 = DIRECTION('',(1.,0.));
#15531 = ( GEOMETRIC_REPRESENTATION_CONTEXT(2) 
PARAMETRIC_REPRESENTATION_CONTEXT() REPRESENTATION_CONTEXT('2D SPACE',''
  ) );
#15532 = FACE_BOUND('',#15533,.F.);
#15533 = EDGE_LOOP('',(#15534));
#15534 = ORIENTED_EDGE('',*,*,#15535,.T.);
#15535 = EDGE_CURVE('',#15536,#15536,#15538,.T.);
#15536 = VERTEX_POINT('',#15537);
#15537 = CARTESIAN_POINT('',(158.66,-80.08,1.6));
#15538 = SURFACE_CURVE('',#15539,(#15544,#15555),.PCURVE_S1.);
#15539 = CIRCLE('',#15540,0.5);
#15540 = AXIS2_PLACEMENT_3D('',#15541,#15542,#15543);
#15541 = CARTESIAN_POINT('',(158.16,-80.08,1.6));
#15542 = DIRECTION('',(0.,0.,1.));
#15543 = DIRECTION('',(1.,0.,-0.));
#15544 = PCURVE('',#14956,#15545);
#15545 = DEFINITIONAL_REPRESENTATION('',(#15546),#15554);
#15546 = ( BOUNDED_CURVE() B_SPLINE_CURVE(2,(#15547,#15548,#15549,#15550
    ,#15551,#15552,#15553),.UNSPECIFIED.,.T.,.F.) 
B_SPLINE_CURVE_WITH_KNOTS((1,2,2,2,2,1),(-2.094395102393,0.,
    2.094395102393,4.188790204786,6.28318530718,8.377580409573),
.UNSPECIFIED.) CURVE() GEOMETRIC_REPRESENTATION_ITEM() 
RATIONAL_B_SPLINE_CURVE((1.,0.5,1.,0.5,1.,0.5,1.)) REPRESENTATION_ITEM(
  '') );
#15547 = CARTESIAN_POINT('',(-5.58,-1.265));
#15548 = CARTESIAN_POINT('',(-5.58,-0.398974596216));
#15549 = CARTESIAN_POINT('',(-4.83,-0.831987298108));
#15550 = CARTESIAN_POINT('',(-4.08,-1.265));
#15551 = CARTESIAN_POINT('',(-4.83,-1.698012701892));
#15552 = CARTESIAN_POINT('',(-5.58,-2.131025403784));
#15553 = CARTESIAN_POINT('',(-5.58,-1.265));
#15554 = ( GEOMETRIC_REPRESENTATION_CONTEXT(2) 
PARAMETRIC_REPRESENTATION_CONTEXT() REPRESENTATION_CONTEXT('2D SPACE',''
  ) );
#15555 = PCURVE('',#15254,#15556);
#15556 = DEFINITIONAL_REPRESENTATION('',(#15557),#15561);
#15557 = LINE('',#15558,#15559);
#15558 = CARTESIAN_POINT('',(0.,2.4));
#15559 = VECTOR('',#15560,1.);
#15560 = DIRECTION('',(1.,0.));
#15561 = ( GEOMETRIC_REPRESENTATION_CONTEXT(2) 
PARAMETRIC_REPRESENTATION_CONTEXT() REPRESENTATION_CONTEXT('2D SPACE',''
  ) );
#15562 = FACE_BOUND('',#15563,.F.);
#15563 = EDGE_LOOP('',(#15564));
#15564 = ORIENTED_EDGE('',*,*,#15565,.T.);
#15565 = EDGE_CURVE('',#15566,#15566,#15568,.T.);
#15566 = VERTEX_POINT('',#15567);
#15567 = CARTESIAN_POINT('',(148.5,-82.62,1.6));
#15568 = SURFACE_CURVE('',#15569,(#15574,#15585),.PCURVE_S1.);
#15569 = CIRCLE('',#15570,0.5);
#15570 = AXIS2_PLACEMENT_3D('',#15571,#15572,#15573);
#15571 = CARTESIAN_POINT('',(148.,-82.62,1.6));
#15572 = DIRECTION('',(0.,0.,1.));
#15573 = DIRECTION('',(1.,0.,-0.));
#15574 = PCURVE('',#14956,#15575);
#15575 = DEFINITIONAL_REPRESENTATION('',(#15576),#15584);
#15576 = ( BOUNDED_CURVE() B_SPLINE_CURVE(2,(#15577,#15578,#15579,#15580
    ,#15581,#15582,#15583),.UNSPECIFIED.,.T.,.F.) 
B_SPLINE_CURVE_WITH_KNOTS((1,2,2,2,2,1),(-2.094395102393,0.,
    2.094395102393,4.188790204786,6.28318530718,8.377580409573),
.UNSPECIFIED.) CURVE() GEOMETRIC_REPRESENTATION_ITEM() 
RATIONAL_B_SPLINE_CURVE((1.,0.5,1.,0.5,1.,0.5,1.)) REPRESENTATION_ITEM(
  '') );
#15577 = CARTESIAN_POINT('',(4.58,-3.805));
#15578 = CARTESIAN_POINT('',(4.58,-2.938974596216));
#15579 = CARTESIAN_POINT('',(5.33,-3.371987298108));
#15580 = CARTESIAN_POINT('',(6.08,-3.805));
#15581 = CARTESIAN_POINT('',(5.33,-4.238012701892));
#15582 = CARTESIAN_POINT('',(4.58,-4.671025403784));
#15583 = CARTESIAN_POINT('',(4.58,-3.805));
#15584 = ( GEOMETRIC_REPRESENTATION_CONTEXT(2) 
PARAMETRIC_REPRESENTATION_CONTEXT() REPRESENTATION_CONTEXT('2D SPACE',''
  ) );
#15585 = PCURVE('',#15289,#15586);
#15586 = DEFINITIONAL_REPRESENTATION('',(#15587),#15591);
#15587 = LINE('',#15588,#15589);
#15588 = CARTESIAN_POINT('',(0.,2.4));
#15589 = VECTOR('',#15590,1.);
#15590 = DIRECTION('',(1.,0.));
#15591 = ( GEOMETRIC_REPRESENTATION_CONTEXT(2) 
PARAMETRIC_REPRESENTATION_CONTEXT() REPRESENTATION_CONTEXT('2D SPACE',''
  ) );
#15592 = FACE_BOUND('',#15593,.F.);
#15593 = EDGE_LOOP('',(#15594));
#15594 = ORIENTED_EDGE('',*,*,#15595,.T.);
#15595 = EDGE_CURVE('',#15596,#15596,#15598,.T.);
#15596 = VERTEX_POINT('',#15597);
#15597 = CARTESIAN_POINT('',(148.5,-80.08,1.6));
#15598 = SURFACE_CURVE('',#15599,(#15604,#15615),.PCURVE_S1.);
#15599 = CIRCLE('',#15600,0.5);
#15600 = AXIS2_PLACEMENT_3D('',#15601,#15602,#15603);
#15601 = CARTESIAN_POINT('',(148.,-80.08,1.6));
#15602 = DIRECTION('',(0.,0.,1.));
#15603 = DIRECTION('',(1.,0.,-0.));
#15604 = PCURVE('',#14956,#15605);
#15605 = DEFINITIONAL_REPRESENTATION('',(#15606),#15614);
#15606 = ( BOUNDED_CURVE() B_SPLINE_CURVE(2,(#15607,#15608,#15609,#15610
    ,#15611,#15612,#15613),.UNSPECIFIED.,.T.,.F.) 
B_SPLINE_CURVE_WITH_KNOTS((1,2,2,2,2,1),(-2.094395102393,0.,
    2.094395102393,4.188790204786,6.28318530718,8.377580409573),
.UNSPECIFIED.) CURVE() GEOMETRIC_REPRESENTATION_ITEM() 
RATIONAL_B_SPLINE_CURVE((1.,0.5,1.,0.5,1.,0.5,1.)) REPRESENTATION_ITEM(
  '') );
#15607 = CARTESIAN_POINT('',(4.58,-1.265));
#15608 = CARTESIAN_POINT('',(4.58,-0.398974596216));
#15609 = CARTESIAN_POINT('',(5.33,-0.831987298108));
#15610 = CARTESIAN_POINT('',(6.08,-1.265));
#15611 = CARTESIAN_POINT('',(5.33,-1.698012701892));
#15612 = CARTESIAN_POINT('',(4.58,-2.131025403784));
#15613 = CARTESIAN_POINT('',(4.58,-1.265));
#15614 = ( GEOMETRIC_REPRESENTATION_CONTEXT(2) 
PARAMETRIC_REPRESENTATION_CONTEXT() REPRESENTATION_CONTEXT('2D SPACE',''
  ) );
#15615 = PCURVE('',#15324,#15616);
#15616 = DEFINITIONAL_REPRESENTATION('',(#15617),#15621);
#15617 = LINE('',#15618,#15619);
#15618 = CARTESIAN_POINT('',(0.,2.4));
#15619 = VECTOR('',#15620,1.);
#15620 = DIRECTION('',(1.,0.));
#15621 = ( GEOMETRIC_REPRESENTATION_CONTEXT(2) 
PARAMETRIC_REPRESENTATION_CONTEXT() REPRESENTATION_CONTEXT('2D SPACE',''
  ) );
#15622 = FACE_BOUND('',#15623,.F.);
#15623 = EDGE_LOOP('',(#15624));
#15624 = ORIENTED_EDGE('',*,*,#15625,.T.);
#15625 = EDGE_CURVE('',#15626,#15626,#15628,.T.);
#15626 = VERTEX_POINT('',#15627);
#15627 = CARTESIAN_POINT('',(158.66,-77.54,1.6));
#15628 = SURFACE_CURVE('',#15629,(#15634,#15645),.PCURVE_S1.);
#15629 = CIRCLE('',#15630,0.5);
#15630 = AXIS2_PLACEMENT_3D('',#15631,#15632,#15633);
#15631 = CARTESIAN_POINT('',(158.16,-77.54,1.6));
#15632 = DIRECTION('',(0.,0.,1.));
#15633 = DIRECTION('',(1.,0.,-0.));
#15634 = PCURVE('',#14956,#15635);
#15635 = DEFINITIONAL_REPRESENTATION('',(#15636),#15644);
#15636 = ( BOUNDED_CURVE() B_SPLINE_CURVE(2,(#15637,#15638,#15639,#15640
    ,#15641,#15642,#15643),.UNSPECIFIED.,.T.,.F.) 
B_SPLINE_CURVE_WITH_KNOTS((1,2,2,2,2,1),(-2.094395102393,0.,
    2.094395102393,4.188790204786,6.28318530718,8.377580409573),
.UNSPECIFIED.) CURVE() GEOMETRIC_REPRESENTATION_ITEM() 
RATIONAL_B_SPLINE_CURVE((1.,0.5,1.,0.5,1.,0.5,1.)) REPRESENTATION_ITEM(
  '') );
#15637 = CARTESIAN_POINT('',(-5.58,1.275));
#15638 = CARTESIAN_POINT('',(-5.58,2.141025403784));
#15639 = CARTESIAN_POINT('',(-4.83,1.708012701892));
#15640 = CARTESIAN_POINT('',(-4.08,1.275));
#15641 = CARTESIAN_POINT('',(-4.83,0.841987298108));
#15642 = CARTESIAN_POINT('',(-5.58,0.408974596216));
#15643 = CARTESIAN_POINT('',(-5.58,1.275));
#15644 = ( GEOMETRIC_REPRESENTATION_CONTEXT(2) 
PARAMETRIC_REPRESENTATION_CONTEXT() REPRESENTATION_CONTEXT('2D SPACE',''
  ) );
#15645 = PCURVE('',#15359,#15646);
#15646 = DEFINITIONAL_REPRESENTATION('',(#15647),#15651);
#15647 = LINE('',#15648,#15649);
#15648 = CARTESIAN_POINT('',(0.,2.4));
#15649 = VECTOR('',#15650,1.);
#15650 = DIRECTION('',(1.,0.));
#15651 = ( GEOMETRIC_REPRESENTATION_CONTEXT(2) 
PARAMETRIC_REPRESENTATION_CONTEXT() REPRESENTATION_CONTEXT('2D SPACE',''
  ) );
#15652 = FACE_BOUND('',#15653,.F.);
#15653 = EDGE_LOOP('',(#15654));
#15654 = ORIENTED_EDGE('',*,*,#15655,.T.);
#15655 = EDGE_CURVE('',#15656,#15656,#15658,.T.);
#15656 = VERTEX_POINT('',#15657);
#15657 = CARTESIAN_POINT('',(158.66,-75.,1.6));
#15658 = SURFACE_CURVE('',#15659,(#15664,#15675),.PCURVE_S1.);
#15659 = CIRCLE('',#15660,0.5);
#15660 = AXIS2_PLACEMENT_3D('',#15661,#15662,#15663);
#15661 = CARTESIAN_POINT('',(158.16,-75.,1.6));
#15662 = DIRECTION('',(0.,0.,1.));
#15663 = DIRECTION('',(1.,0.,-0.));
#15664 = PCURVE('',#14956,#15665);
#15665 = DEFINITIONAL_REPRESENTATION('',(#15666),#15674);
#15666 = ( BOUNDED_CURVE() B_SPLINE_CURVE(2,(#15667,#15668,#15669,#15670
    ,#15671,#15672,#15673),.UNSPECIFIED.,.T.,.F.) 
B_SPLINE_CURVE_WITH_KNOTS((1,2,2,2,2,1),(-2.094395102393,0.,
    2.094395102393,4.188790204786,6.28318530718,8.377580409573),
.UNSPECIFIED.) CURVE() GEOMETRIC_REPRESENTATION_ITEM() 
RATIONAL_B_SPLINE_CURVE((1.,0.5,1.,0.5,1.,0.5,1.)) REPRESENTATION_ITEM(
  '') );
#15667 = CARTESIAN_POINT('',(-5.58,3.815));
#15668 = CARTESIAN_POINT('',(-5.58,4.681025403784));
#15669 = CARTESIAN_POINT('',(-4.83,4.248012701892));
#15670 = CARTESIAN_POINT('',(-4.08,3.815));
#15671 = CARTESIAN_POINT('',(-4.83,3.381987298108));
#15672 = CARTESIAN_POINT('',(-5.58,2.948974596216));
#15673 = CARTESIAN_POINT('',(-5.58,3.815));
#15674 = ( GEOMETRIC_REPRESENTATION_CONTEXT(2) 
PARAMETRIC_REPRESENTATION_CONTEXT() REPRESENTATION_CONTEXT('2D SPACE',''
  ) );
#15675 = PCURVE('',#15394,#15676);
#15676 = DEFINITIONAL_REPRESENTATION('',(#15677),#15681);
#15677 = LINE('',#15678,#15679);
#15678 = CARTESIAN_POINT('',(0.,2.4));
#15679 = VECTOR('',#15680,1.);
#15680 = DIRECTION('',(1.,0.));
#15681 = ( GEOMETRIC_REPRESENTATION_CONTEXT(2) 
PARAMETRIC_REPRESENTATION_CONTEXT() REPRESENTATION_CONTEXT('2D SPACE',''
  ) );
#15682 = FACE_BOUND('',#15683,.F.);
#15683 = EDGE_LOOP('',(#15684));
#15684 = ORIENTED_EDGE('',*,*,#15685,.T.);
#15685 = EDGE_CURVE('',#15686,#15686,#15688,.T.);
#15686 = VERTEX_POINT('',#15687);
#15687 = CARTESIAN_POINT('',(148.5,-77.54,1.6));
#15688 = SURFACE_CURVE('',#15689,(#15694,#15705),.PCURVE_S1.);
#15689 = CIRCLE('',#15690,0.5);
#15690 = AXIS2_PLACEMENT_3D('',#15691,#15692,#15693);
#15691 = CARTESIAN_POINT('',(148.,-77.54,1.6));
#15692 = DIRECTION('',(0.,0.,1.));
#15693 = DIRECTION('',(1.,0.,-0.));
#15694 = PCURVE('',#14956,#15695);
#15695 = DEFINITIONAL_REPRESENTATION('',(#15696),#15704);
#15696 = ( BOUNDED_CURVE() B_SPLINE_CURVE(2,(#15697,#15698,#15699,#15700
    ,#15701,#15702,#15703),.UNSPECIFIED.,.T.,.F.) 
B_SPLINE_CURVE_WITH_KNOTS((1,2,2,2,2,1),(-2.094395102393,0.,
    2.094395102393,4.188790204786,6.28318530718,8.377580409573),
.UNSPECIFIED.) CURVE() GEOMETRIC_REPRESENTATION_ITEM() 
RATIONAL_B_SPLINE_CURVE((1.,0.5,1.,0.5,1.,0.5,1.)) REPRESENTATION_ITEM(
  '') );
#15697 = CARTESIAN_POINT('',(4.58,1.275));
#15698 = CARTESIAN_POINT('',(4.58,2.141025403784));
#15699 = CARTESIAN_POINT('',(5.33,1.708012701892));
#15700 = CARTESIAN_POINT('',(6.08,1.275));
#15701 = CARTESIAN_POINT('',(5.33,0.841987298108));
#15702 = CARTESIAN_POINT('',(4.58,0.408974596216));
#15703 = CARTESIAN_POINT('',(4.58,1.275));
#15704 = ( GEOMETRIC_REPRESENTATION_CONTEXT(2) 
PARAMETRIC_REPRESENTATION_CONTEXT() REPRESENTATION_CONTEXT('2D SPACE',''
  ) );
#15705 = PCURVE('',#15429,#15706);
#15706 = DEFINITIONAL_REPRESENTATION('',(#15707),#15711);
#15707 = LINE('',#15708,#15709);
#15708 = CARTESIAN_POINT('',(0.,2.4));
#15709 = VECTOR('',#15710,1.);
#15710 = DIRECTION('',(1.,0.));
#15711 = ( GEOMETRIC_REPRESENTATION_CONTEXT(2) 
PARAMETRIC_REPRESENTATION_CONTEXT() REPRESENTATION_CONTEXT('2D SPACE',''
  ) );
#15712 = FACE_BOUND('',#15713,.F.);
#15713 = EDGE_LOOP('',(#15714));
#15714 = ORIENTED_EDGE('',*,*,#15715,.T.);
#15715 = EDGE_CURVE('',#15716,#15716,#15718,.T.);
#15716 = VERTEX_POINT('',#15717);
#15717 = CARTESIAN_POINT('',(148.5,-75.,1.6));
#15718 = SURFACE_CURVE('',#15719,(#15724,#15735),.PCURVE_S1.);
#15719 = CIRCLE('',#15720,0.5);
#15720 = AXIS2_PLACEMENT_3D('',#15721,#15722,#15723);
#15721 = CARTESIAN_POINT('',(148.,-75.,1.6));
#15722 = DIRECTION('',(0.,0.,1.));
#15723 = DIRECTION('',(1.,0.,-0.));
#15724 = PCURVE('',#14956,#15725);
#15725 = DEFINITIONAL_REPRESENTATION('',(#15726),#15734);
#15726 = ( BOUNDED_CURVE() B_SPLINE_CURVE(2,(#15727,#15728,#15729,#15730
    ,#15731,#15732,#15733),.UNSPECIFIED.,.T.,.F.) 
B_SPLINE_CURVE_WITH_KNOTS((1,2,2,2,2,1),(-2.094395102393,0.,
    2.094395102393,4.188790204786,6.28318530718,8.377580409573),
.UNSPECIFIED.) CURVE() GEOMETRIC_REPRESENTATION_ITEM() 
RATIONAL_B_SPLINE_CURVE((1.,0.5,1.,0.5,1.,0.5,1.)) REPRESENTATION_ITEM(
  '') );
#15727 = CARTESIAN_POINT('',(4.58,3.815));
#15728 = CARTESIAN_POINT('',(4.58,4.681025403784));
#15729 = CARTESIAN_POINT('',(5.33,4.248012701892));
#15730 = CARTESIAN_POINT('',(6.08,3.815));
#15731 = CARTESIAN_POINT('',(5.33,3.381987298108));
#15732 = CARTESIAN_POINT('',(4.58,2.948974596216));
#15733 = CARTESIAN_POINT('',(4.58,3.815));
#15734 = ( GEOMETRIC_REPRESENTATION_CONTEXT(2) 
PARAMETRIC_REPRESENTATION_CONTEXT() REPRESENTATION_CONTEXT('2D SPACE',''
  ) );
#15735 = PCURVE('',#15464,#15736);
#15736 = DEFINITIONAL_REPRESENTATION('',(#15737),#15741);
#15737 = LINE('',#15738,#15739);
#15738 = CARTESIAN_POINT('',(0.,2.4));
#15739 = VECTOR('',#15740,1.);
#15740 = DIRECTION('',(1.,0.));
#15741 = ( GEOMETRIC_REPRESENTATION_CONTEXT(2) 
PARAMETRIC_REPRESENTATION_CONTEXT() REPRESENTATION_CONTEXT('2D SPACE',''
  ) );
#15742 = ADVANCED_FACE('',(#15743),#15043,.T.);
#15743 = FACE_BOUND('',#15744,.T.);
#15744 = EDGE_LOOP('',(#15745,#15746,#15747,#15748));
#15745 = ORIENTED_EDGE('',*,*,#15125,.T.);
#15746 = ORIENTED_EDGE('',*,*,#15481,.T.);
#15747 = ORIENTED_EDGE('',*,*,#15025,.F.);
#15748 = ORIENTED_EDGE('',*,*,#15174,.F.);
#15749 = ADVANCED_FACE('',(#15750),#15219,.F.);
#15750 = FACE_BOUND('',#15751,.F.);
#15751 = EDGE_LOOP('',(#15752,#15753,#15774,#15775));
#15752 = ORIENTED_EDGE('',*,*,#15505,.F.);
#15753 = ORIENTED_EDGE('',*,*,#15754,.F.);
#15754 = EDGE_CURVE('',#15199,#15506,#15755,.T.);
#15755 = SEAM_CURVE('',#15756,(#15760,#15767),.PCURVE_S1.);
#15756 = LINE('',#15757,#15758);
#15757 = CARTESIAN_POINT('',(158.66,-82.62,-0.8));
#15758 = VECTOR('',#15759,1.);
#15759 = DIRECTION('',(0.,0.,1.));
#15760 = PCURVE('',#15219,#15761);
#15761 = DEFINITIONAL_REPRESENTATION('',(#15762),#15766);
#15762 = LINE('',#15763,#15764);
#15763 = CARTESIAN_POINT('',(6.28318530718,-0.));
#15764 = VECTOR('',#15765,1.);
#15765 = DIRECTION('',(0.,1.));
#15766 = ( GEOMETRIC_REPRESENTATION_CONTEXT(2) 
PARAMETRIC_REPRESENTATION_CONTEXT() REPRESENTATION_CONTEXT('2D SPACE',''
  ) );
#15767 = PCURVE('',#15219,#15768);
#15768 = DEFINITIONAL_REPRESENTATION('',(#15769),#15773);
#15769 = LINE('',#15770,#15771);
#15770 = CARTESIAN_POINT('',(0.,-0.));
#15771 = VECTOR('',#15772,1.);
#15772 = DIRECTION('',(0.,1.));
#15773 = ( GEOMETRIC_REPRESENTATION_CONTEXT(2) 
PARAMETRIC_REPRESENTATION_CONTEXT() REPRESENTATION_CONTEXT('2D SPACE',''
  ) );
#15774 = ORIENTED_EDGE('',*,*,#15198,.T.);
#15775 = ORIENTED_EDGE('',*,*,#15754,.T.);
#15776 = ADVANCED_FACE('',(#15777),#15254,.F.);
#15777 = FACE_BOUND('',#15778,.F.);
#15778 = EDGE_LOOP('',(#15779,#15780,#15801,#15802));
#15779 = ORIENTED_EDGE('',*,*,#15535,.F.);
#15780 = ORIENTED_EDGE('',*,*,#15781,.F.);
#15781 = EDGE_CURVE('',#15234,#15536,#15782,.T.);
#15782 = SEAM_CURVE('',#15783,(#15787,#15794),.PCURVE_S1.);
#15783 = LINE('',#15784,#15785);
#15784 = CARTESIAN_POINT('',(158.66,-80.08,-0.8));
#15785 = VECTOR('',#15786,1.);
#15786 = DIRECTION('',(0.,0.,1.));
#15787 = PCURVE('',#15254,#15788);
#15788 = DEFINITIONAL_REPRESENTATION('',(#15789),#15793);
#15789 = LINE('',#15790,#15791);
#15790 = CARTESIAN_POINT('',(6.28318530718,-0.));
#15791 = VECTOR('',#15792,1.);
#15792 = DIRECTION('',(0.,1.));
#15793 = ( GEOMETRIC_REPRESENTATION_CONTEXT(2) 
PARAMETRIC_REPRESENTATION_CONTEXT() REPRESENTATION_CONTEXT('2D SPACE',''
  ) );
#15794 = PCURVE('',#15254,#15795);
#15795 = DEFINITIONAL_REPRESENTATION('',(#15796),#15800);
#15796 = LINE('',#15797,#15798);
#15797 = CARTESIAN_POINT('',(0.,-0.));
#15798 = VECTOR('',#15799,1.);
#15799 = DIRECTION('',(0.,1.));
#15800 = ( GEOMETRIC_REPRESENTATION_CONTEXT(2) 
PARAMETRIC_REPRESENTATION_CONTEXT() REPRESENTATION_CONTEXT('2D SPACE',''
  ) );
#15801 = ORIENTED_EDGE('',*,*,#15233,.T.);
#15802 = ORIENTED_EDGE('',*,*,#15781,.T.);
#15803 = ADVANCED_FACE('',(#15804),#15289,.F.);
#15804 = FACE_BOUND('',#15805,.F.);
#15805 = EDGE_LOOP('',(#15806,#15807,#15828,#15829));
#15806 = ORIENTED_EDGE('',*,*,#15565,.F.);
#15807 = ORIENTED_EDGE('',*,*,#15808,.F.);
#15808 = EDGE_CURVE('',#15269,#15566,#15809,.T.);
#15809 = SEAM_CURVE('',#15810,(#15814,#15821),.PCURVE_S1.);
#15810 = LINE('',#15811,#15812);
#15811 = CARTESIAN_POINT('',(148.5,-82.62,-0.8));
#15812 = VECTOR('',#15813,1.);
#15813 = DIRECTION('',(0.,0.,1.));
#15814 = PCURVE('',#15289,#15815);
#15815 = DEFINITIONAL_REPRESENTATION('',(#15816),#15820);
#15816 = LINE('',#15817,#15818);
#15817 = CARTESIAN_POINT('',(6.28318530718,-0.));
#15818 = VECTOR('',#15819,1.);
#15819 = DIRECTION('',(0.,1.));
#15820 = ( GEOMETRIC_REPRESENTATION_CONTEXT(2) 
PARAMETRIC_REPRESENTATION_CONTEXT() REPRESENTATION_CONTEXT('2D SPACE',''
  ) );
#15821 = PCURVE('',#15289,#15822);
#15822 = DEFINITIONAL_REPRESENTATION('',(#15823),#15827);
#15823 = LINE('',#15824,#15825);
#15824 = CARTESIAN_POINT('',(0.,-0.));
#15825 = VECTOR('',#15826,1.);
#15826 = DIRECTION('',(0.,1.));
#15827 = ( GEOMETRIC_REPRESENTATION_CONTEXT(2) 
PARAMETRIC_REPRESENTATION_CONTEXT() REPRESENTATION_CONTEXT('2D SPACE',''
  ) );
#15828 = ORIENTED_EDGE('',*,*,#15268,.T.);
#15829 = ORIENTED_EDGE('',*,*,#15808,.T.);
#15830 = ADVANCED_FACE('',(#15831),#15324,.F.);
#15831 = FACE_BOUND('',#15832,.F.);
#15832 = EDGE_LOOP('',(#15833,#15834,#15855,#15856));
#15833 = ORIENTED_EDGE('',*,*,#15595,.F.);
#15834 = ORIENTED_EDGE('',*,*,#15835,.F.);
#15835 = EDGE_CURVE('',#15304,#15596,#15836,.T.);
#15836 = SEAM_CURVE('',#15837,(#15841,#15848),.PCURVE_S1.);
#15837 = LINE('',#15838,#15839);
#15838 = CARTESIAN_POINT('',(148.5,-80.08,-0.8));
#15839 = VECTOR('',#15840,1.);
#15840 = DIRECTION('',(0.,0.,1.));
#15841 = PCURVE('',#15324,#15842);
#15842 = DEFINITIONAL_REPRESENTATION('',(#15843),#15847);
#15843 = LINE('',#15844,#15845);
#15844 = CARTESIAN_POINT('',(6.28318530718,-0.));
#15845 = VECTOR('',#15846,1.);
#15846 = DIRECTION('',(0.,1.));
#15847 = ( GEOMETRIC_REPRESENTATION_CONTEXT(2) 
PARAMETRIC_REPRESENTATION_CONTEXT() REPRESENTATION_CONTEXT('2D SPACE',''
  ) );
#15848 = PCURVE('',#15324,#15849);
#15849 = DEFINITIONAL_REPRESENTATION('',(#15850),#15854);
#15850 = LINE('',#15851,#15852);
#15851 = CARTESIAN_POINT('',(0.,-0.));
#15852 = VECTOR('',#15853,1.);
#15853 = DIRECTION('',(0.,1.));
#15854 = ( GEOMETRIC_REPRESENTATION_CONTEXT(2) 
PARAMETRIC_REPRESENTATION_CONTEXT() REPRESENTATION_CONTEXT('2D SPACE',''
  ) );
#15855 = ORIENTED_EDGE('',*,*,#15303,.T.);
#15856 = ORIENTED_EDGE('',*,*,#15835,.T.);
#15857 = ADVANCED_FACE('',(#15858),#15359,.F.);
#15858 = FACE_BOUND('',#15859,.F.);
#15859 = EDGE_LOOP('',(#15860,#15861,#15882,#15883));
#15860 = ORIENTED_EDGE('',*,*,#15625,.F.);
#15861 = ORIENTED_EDGE('',*,*,#15862,.F.);
#15862 = EDGE_CURVE('',#15339,#15626,#15863,.T.);
#15863 = SEAM_CURVE('',#15864,(#15868,#15875),.PCURVE_S1.);
#15864 = LINE('',#15865,#15866);
#15865 = CARTESIAN_POINT('',(158.66,-77.54,-0.8));
#15866 = VECTOR('',#15867,1.);
#15867 = DIRECTION('',(0.,0.,1.));
#15868 = PCURVE('',#15359,#15869);
#15869 = DEFINITIONAL_REPRESENTATION('',(#15870),#15874);
#15870 = LINE('',#15871,#15872);
#15871 = CARTESIAN_POINT('',(6.28318530718,-0.));
#15872 = VECTOR('',#15873,1.);
#15873 = DIRECTION('',(0.,1.));
#15874 = ( GEOMETRIC_REPRESENTATION_CONTEXT(2) 
PARAMETRIC_REPRESENTATION_CONTEXT() REPRESENTATION_CONTEXT('2D SPACE',''
  ) );
#15875 = PCURVE('',#15359,#15876);
#15876 = DEFINITIONAL_REPRESENTATION('',(#15877),#15881);
#15877 = LINE('',#15878,#15879);
#15878 = CARTESIAN_POINT('',(0.,-0.));
#15879 = VECTOR('',#15880,1.);
#15880 = DIRECTION('',(0.,1.));
#15881 = ( GEOMETRIC_REPRESENTATION_CONTEXT(2) 
PARAMETRIC_REPRESENTATION_CONTEXT() REPRESENTATION_CONTEXT('2D SPACE',''
  ) );
#15882 = ORIENTED_EDGE('',*,*,#15338,.T.);
#15883 = ORIENTED_EDGE('',*,*,#15862,.T.);
#15884 = ADVANCED_FACE('',(#15885),#15394,.F.);
#15885 = FACE_BOUND('',#15886,.F.);
#15886 = EDGE_LOOP('',(#15887,#15888,#15909,#15910));
#15887 = ORIENTED_EDGE('',*,*,#15655,.F.);
#15888 = ORIENTED_EDGE('',*,*,#15889,.F.);
#15889 = EDGE_CURVE('',#15374,#15656,#15890,.T.);
#15890 = SEAM_CURVE('',#15891,(#15895,#15902),.PCURVE_S1.);
#15891 = LINE('',#15892,#15893);
#15892 = CARTESIAN_POINT('',(158.66,-75.,-0.8));
#15893 = VECTOR('',#15894,1.);
#15894 = DIRECTION('',(0.,0.,1.));
#15895 = PCURVE('',#15394,#15896);
#15896 = DEFINITIONAL_REPRESENTATION('',(#15897),#15901);
#15897 = LINE('',#15898,#15899);
#15898 = CARTESIAN_POINT('',(6.28318530718,-0.));
#15899 = VECTOR('',#15900,1.);
#15900 = DIRECTION('',(0.,1.));
#15901 = ( GEOMETRIC_REPRESENTATION_CONTEXT(2) 
PARAMETRIC_REPRESENTATION_CONTEXT() REPRESENTATION_CONTEXT('2D SPACE',''
  ) );
#15902 = PCURVE('',#15394,#15903);
#15903 = DEFINITIONAL_REPRESENTATION('',(#15904),#15908);
#15904 = LINE('',#15905,#15906);
#15905 = CARTESIAN_POINT('',(0.,-0.));
#15906 = VECTOR('',#15907,1.);
#15907 = DIRECTION('',(0.,1.));
#15908 = ( GEOMETRIC_REPRESENTATION_CONTEXT(2) 
PARAMETRIC_REPRESENTATION_CONTEXT() REPRESENTATION_CONTEXT('2D SPACE',''
  ) );
#15909 = ORIENTED_EDGE('',*,*,#15373,.T.);
#15910 = ORIENTED_EDGE('',*,*,#15889,.T.);
#15911 = ADVANCED_FACE('',(#15912),#15429,.F.);
#15912 = FACE_BOUND('',#15913,.F.);
#15913 = EDGE_LOOP('',(#15914,#15915,#15936,#15937));
#15914 = ORIENTED_EDGE('',*,*,#15685,.F.);
#15915 = ORIENTED_EDGE('',*,*,#15916,.F.);
#15916 = EDGE_CURVE('',#15409,#15686,#15917,.T.);
#15917 = SEAM_CURVE('',#15918,(#15922,#15929),.PCURVE_S1.);
#15918 = LINE('',#15919,#15920);
#15919 = CARTESIAN_POINT('',(148.5,-77.54,-0.8));
#15920 = VECTOR('',#15921,1.);
#15921 = DIRECTION('',(0.,0.,1.));
#15922 = PCURVE('',#15429,#15923);
#15923 = DEFINITIONAL_REPRESENTATION('',(#15924),#15928);
#15924 = LINE('',#15925,#15926);
#15925 = CARTESIAN_POINT('',(6.28318530718,-0.));
#15926 = VECTOR('',#15927,1.);
#15927 = DIRECTION('',(0.,1.));
#15928 = ( GEOMETRIC_REPRESENTATION_CONTEXT(2) 
PARAMETRIC_REPRESENTATION_CONTEXT() REPRESENTATION_CONTEXT('2D SPACE',''
  ) );
#15929 = PCURVE('',#15429,#15930);
#15930 = DEFINITIONAL_REPRESENTATION('',(#15931),#15935);
#15931 = LINE('',#15932,#15933);
#15932 = CARTESIAN_POINT('',(0.,-0.));
#15933 = VECTOR('',#15934,1.);
#15934 = DIRECTION('',(0.,1.));
#15935 = ( GEOMETRIC_REPRESENTATION_CONTEXT(2) 
PARAMETRIC_REPRESENTATION_CONTEXT() REPRESENTATION_CONTEXT('2D SPACE',''
  ) );
#15936 = ORIENTED_EDGE('',*,*,#15408,.T.);
#15937 = ORIENTED_EDGE('',*,*,#15916,.T.);
#15938 = ADVANCED_FACE('',(#15939),#15464,.F.);
#15939 = FACE_BOUND('',#15940,.F.);
#15940 = EDGE_LOOP('',(#15941,#15942,#15963,#15964));
#15941 = ORIENTED_EDGE('',*,*,#15715,.F.);
#15942 = ORIENTED_EDGE('',*,*,#15943,.F.);
#15943 = EDGE_CURVE('',#15444,#15716,#15944,.T.);
#15944 = SEAM_CURVE('',#15945,(#15949,#15956),.PCURVE_S1.);
#15945 = LINE('',#15946,#15947);
#15946 = CARTESIAN_POINT('',(148.5,-75.,-0.8));
#15947 = VECTOR('',#15948,1.);
#15948 = DIRECTION('',(0.,0.,1.));
#15949 = PCURVE('',#15464,#15950);
#15950 = DEFINITIONAL_REPRESENTATION('',(#15951),#15955);
#15951 = LINE('',#15952,#15953);
#15952 = CARTESIAN_POINT('',(6.28318530718,-0.));
#15953 = VECTOR('',#15954,1.);
#15954 = DIRECTION('',(0.,1.));
#15955 = ( GEOMETRIC_REPRESENTATION_CONTEXT(2) 
PARAMETRIC_REPRESENTATION_CONTEXT() REPRESENTATION_CONTEXT('2D SPACE',''
  ) );
#15956 = PCURVE('',#15464,#15957);
#15957 = DEFINITIONAL_REPRESENTATION('',(#15958),#15962);
#15958 = LINE('',#15959,#15960);
#15959 = CARTESIAN_POINT('',(0.,-0.));
#15960 = VECTOR('',#15961,1.);
#15961 = DIRECTION('',(0.,1.));
#15962 = ( GEOMETRIC_REPRESENTATION_CONTEXT(2) 
PARAMETRIC_REPRESENTATION_CONTEXT() REPRESENTATION_CONTEXT('2D SPACE',''
  ) );
#15963 = ORIENTED_EDGE('',*,*,#15443,.T.);
#15964 = ORIENTED_EDGE('',*,*,#15943,.T.);
#15965 = ( GEOMETRIC_REPRESENTATION_CONTEXT(3) 
GLOBAL_UNCERTAINTY_ASSIGNED_CONTEXT((#15969)) 
GLOBAL_UNIT_ASSIGNED_CONTEXT((#15966,#15967,#15968)) 
REPRESENTATION_CONTEXT('Context #1',
  '3D Context with UNIT and UNCERTAINTY') );
#15966 = ( LENGTH_UNIT() NAMED_UNIT(*) SI_UNIT(.MILLI.,.METRE.) );
#15967 = ( NAMED_UNIT(*) PLANE_ANGLE_UNIT() SI_UNIT($,.RADIAN.) );
#15968 = ( NAMED_UNIT(*) SI_UNIT($,.STERADIAN.) SOLID_ANGLE_UNIT() );
#15969 = UNCERTAINTY_MEASURE_WITH_UNIT(LENGTH_MEASURE(1.E-02),#15966,
  'distance_accuracy_value','confusion accuracy');
#15970 = CONTEXT_DEPENDENT_SHAPE_REPRESENTATION(#15971,#15973);
#15971 = ( REPRESENTATION_RELATIONSHIP('','',#14898,#10) 
REPRESENTATION_RELATIONSHIP_WITH_TRANSFORMATION(#15972) 
SHAPE_REPRESENTATION_RELATIONSHIP() );
#15972 = ITEM_DEFINED_TRANSFORMATION('','',#11,#27);
#15973 = PRODUCT_DEFINITION_SHAPE('Placement','Placement of an item',
  #15974);
#15974 = NEXT_ASSEMBLY_USAGE_OCCURRENCE('7','=>[0:1:1:8]','',#5,#14893,$
  );
#15975 = PRODUCT_RELATED_PRODUCT_CATEGORY('part',$,(#14895));
#15976 = SHAPE_DEFINITION_REPRESENTATION(#15973,#15977);
#15977 = SHAPE_REPRESENTATION('',(#27),#15965);
#15978 = MECHANICAL_DESIGN_GEOMETRIC_PRESENTATION_REPRESENTATION('',(
    #15979,#15987,#15994,#16001,#16008,#16015,#16023,#16030,#16037,
    #16044,#16051,#16058,#16065,#16072,#16079,#16086,#16093,#16100,
    #16107,#16114,#16121,#16128,#16135,#16142,#16149,#16156,#16163,
    #16170,#16177,#16184,#16191,#16198,#16205,#16212,#16219,#16226,
    #16233,#16240,#16247,#16254,#16261,#16268,#16275,#16282,#16289,
    #16296,#16303,#16310,#16317,#16324,#16331,#16338,#16345,#16352,
    #16359,#16366,#16373,#16380,#16387,#16394,#16401,#16408,#16415,
    #16422,#16429,#16436,#16443,#16450,#16457,#16464,#16471,#16478,
    #16485,#16492,#16499,#16506,#16513,#16520,#16527,#16534,#16541,
    #16548,#16555,#16562,#16569,#16576,#16583,#16590,#16597,#16604,
    #16611,#16618,#16625,#16632,#16639,#16646,#16653,#16660,#16667,
    #16675,#16682,#16689,#16696,#16703,#16710,#16717,#16724,#16731,
    #16738,#16745,#16752,#16759,#16766,#16773,#16780,#16787,#16794,
    #16801,#16808,#16815,#16822,#16829,#16836,#16843,#16850,#16857,
    #16864,#16871,#16878,#16885,#16892,#16899,#16906,#16913,#16920,
    #16927,#16934,#16941,#16948,#16955,#16962,#16969,#16976,#16983,
    #16990,#16997,#17004,#17011,#17018,#17025,#17032,#17039,#17046,
    #17053,#17060,#17067),#12856);
#15979 = STYLED_ITEM('color',(#15980),#1954);
#15980 = PRESENTATION_STYLE_ASSIGNMENT((#15981));
#15981 = SURFACE_STYLE_USAGE(.BOTH.,#15982);
#15982 = SURFACE_SIDE_STYLE('',(#15983));
#15983 = SURFACE_STYLE_FILL_AREA(#15984);
#15984 = FILL_AREA_STYLE('',(#15985));
#15985 = FILL_AREA_STYLE_COLOUR('',#15986);
#15986 = COLOUR_RGB('',0.823529417451,0.819607860991,0.780392170416);
#15987 = STYLED_ITEM('color',(#15988),#2084);
#15988 = PRESENTATION_STYLE_ASSIGNMENT((#15989));
#15989 = SURFACE_STYLE_USAGE(.BOTH.,#15990);
#15990 = SURFACE_SIDE_STYLE('',(#15991));
#15991 = SURFACE_STYLE_FILL_AREA(#15992);
#15992 = FILL_AREA_STYLE('',(#15993));
#15993 = FILL_AREA_STYLE_COLOUR('',#15986);
#15994 = STYLED_ITEM('color',(#15995),#2160);
#15995 = PRESENTATION_STYLE_ASSIGNMENT((#15996));
#15996 = SURFACE_STYLE_USAGE(.BOTH.,#15997);
#15997 = SURFACE_SIDE_STYLE('',(#15998));
#15998 = SURFACE_STYLE_FILL_AREA(#15999);
#15999 = FILL_AREA_STYLE('',(#16000));
#16000 = FILL_AREA_STYLE_COLOUR('',#15986);
#16001 = STYLED_ITEM('color',(#16002),#2236);
#16002 = PRESENTATION_STYLE_ASSIGNMENT((#16003));
#16003 = SURFACE_STYLE_USAGE(.BOTH.,#16004);
#16004 = SURFACE_SIDE_STYLE('',(#16005));
#16005 = SURFACE_STYLE_FILL_AREA(#16006);
#16006 = FILL_AREA_STYLE('',(#16007));
#16007 = FILL_AREA_STYLE_COLOUR('',#15986);
#16008 = STYLED_ITEM('color',(#16009),#2494);
#16009 = PRESENTATION_STYLE_ASSIGNMENT((#16010));
#16010 = SURFACE_STYLE_USAGE(.BOTH.,#16011);
#16011 = SURFACE_SIDE_STYLE('',(#16012));
#16012 = SURFACE_STYLE_FILL_AREA(#16013);
#16013 = FILL_AREA_STYLE('',(#16014));
#16014 = FILL_AREA_STYLE_COLOUR('',#15986);
#16015 = STYLED_ITEM('color',(#16016),#2717);
#16016 = PRESENTATION_STYLE_ASSIGNMENT((#16017));
#16017 = SURFACE_STYLE_USAGE(.BOTH.,#16018);
#16018 = SURFACE_SIDE_STYLE('',(#16019));
#16019 = SURFACE_STYLE_FILL_AREA(#16020);
#16020 = FILL_AREA_STYLE('',(#16021));
#16021 = FILL_AREA_STYLE_COLOUR('',#16022);
#16022 = COLOUR_RGB('',0.145098047169,0.14117647753,0.14117647753);
#16023 = STYLED_ITEM('color',(#16024),#3014);
#16024 = PRESENTATION_STYLE_ASSIGNMENT((#16025));
#16025 = SURFACE_STYLE_USAGE(.BOTH.,#16026);
#16026 = SURFACE_SIDE_STYLE('',(#16027));
#16027 = SURFACE_STYLE_FILL_AREA(#16028);
#16028 = FILL_AREA_STYLE('',(#16029));
#16029 = FILL_AREA_STYLE_COLOUR('',#15986);
#16030 = STYLED_ITEM('color',(#16031),#3041);
#16031 = PRESENTATION_STYLE_ASSIGNMENT((#16032));
#16032 = SURFACE_STYLE_USAGE(.BOTH.,#16033);
#16033 = SURFACE_SIDE_STYLE('',(#16034));
#16034 = SURFACE_STYLE_FILL_AREA(#16035);
#16035 = FILL_AREA_STYLE('',(#16036));
#16036 = FILL_AREA_STYLE_COLOUR('',#16022);
#16037 = STYLED_ITEM('color',(#16038),#3097);
#16038 = PRESENTATION_STYLE_ASSIGNMENT((#16039));
#16039 = SURFACE_STYLE_USAGE(.BOTH.,#16040);
#16040 = SURFACE_SIDE_STYLE('',(#16041));
#16041 = SURFACE_STYLE_FILL_AREA(#16042);
#16042 = FILL_AREA_STYLE('',(#16043));
#16043 = FILL_AREA_STYLE_COLOUR('',#15986);
#16044 = STYLED_ITEM('color',(#16045),#3244);
#16045 = PRESENTATION_STYLE_ASSIGNMENT((#16046));
#16046 = SURFACE_STYLE_USAGE(.BOTH.,#16047);
#16047 = SURFACE_SIDE_STYLE('',(#16048));
#16048 = SURFACE_STYLE_FILL_AREA(#16049);
#16049 = FILL_AREA_STYLE('',(#16050));
#16050 = FILL_AREA_STYLE_COLOUR('',#15986);
#16051 = STYLED_ITEM('color',(#16052),#3271);
#16052 = PRESENTATION_STYLE_ASSIGNMENT((#16053));
#16053 = SURFACE_STYLE_USAGE(.BOTH.,#16054);
#16054 = SURFACE_SIDE_STYLE('',(#16055));
#16055 = SURFACE_STYLE_FILL_AREA(#16056);
#16056 = FILL_AREA_STYLE('',(#16057));
#16057 = FILL_AREA_STYLE_COLOUR('',#15986);
#16058 = STYLED_ITEM('color',(#16059),#3298);
#16059 = PRESENTATION_STYLE_ASSIGNMENT((#16060));
#16060 = SURFACE_STYLE_USAGE(.BOTH.,#16061);
#16061 = SURFACE_SIDE_STYLE('',(#16062));
#16062 = SURFACE_STYLE_FILL_AREA(#16063);
#16063 = FILL_AREA_STYLE('',(#16064));
#16064 = FILL_AREA_STYLE_COLOUR('',#15986);
#16065 = STYLED_ITEM('color',(#16066),#3325);
#16066 = PRESENTATION_STYLE_ASSIGNMENT((#16067));
#16067 = SURFACE_STYLE_USAGE(.BOTH.,#16068);
#16068 = SURFACE_SIDE_STYLE('',(#16069));
#16069 = SURFACE_STYLE_FILL_AREA(#16070);
#16070 = FILL_AREA_STYLE('',(#16071));
#16071 = FILL_AREA_STYLE_COLOUR('',#15986);
#16072 = STYLED_ITEM('color',(#16073),#3352);
#16073 = PRESENTATION_STYLE_ASSIGNMENT((#16074));
#16074 = SURFACE_STYLE_USAGE(.BOTH.,#16075);
#16075 = SURFACE_SIDE_STYLE('',(#16076));
#16076 = SURFACE_STYLE_FILL_AREA(#16077);
#16077 = FILL_AREA_STYLE('',(#16078));
#16078 = FILL_AREA_STYLE_COLOUR('',#15986);
#16079 = STYLED_ITEM('color',(#16080),#3379);
#16080 = PRESENTATION_STYLE_ASSIGNMENT((#16081));
#16081 = SURFACE_STYLE_USAGE(.BOTH.,#16082);
#16082 = SURFACE_SIDE_STYLE('',(#16083));
#16083 = SURFACE_STYLE_FILL_AREA(#16084);
#16084 = FILL_AREA_STYLE('',(#16085));
#16085 = FILL_AREA_STYLE_COLOUR('',#15986);
#16086 = STYLED_ITEM('color',(#16087),#3386);
#16087 = PRESENTATION_STYLE_ASSIGNMENT((#16088));
#16088 = SURFACE_STYLE_USAGE(.BOTH.,#16089);
#16089 = SURFACE_SIDE_STYLE('',(#16090));
#16090 = SURFACE_STYLE_FILL_AREA(#16091);
#16091 = FILL_AREA_STYLE('',(#16092));
#16092 = FILL_AREA_STYLE_COLOUR('',#16022);
#16093 = STYLED_ITEM('color',(#16094),#3440);
#16094 = PRESENTATION_STYLE_ASSIGNMENT((#16095));
#16095 = SURFACE_STYLE_USAGE(.BOTH.,#16096);
#16096 = SURFACE_SIDE_STYLE('',(#16097));
#16097 = SURFACE_STYLE_FILL_AREA(#16098);
#16098 = FILL_AREA_STYLE('',(#16099));
#16099 = FILL_AREA_STYLE_COLOUR('',#16022);
#16100 = STYLED_ITEM('color',(#16101),#3621);
#16101 = PRESENTATION_STYLE_ASSIGNMENT((#16102));
#16102 = SURFACE_STYLE_USAGE(.BOTH.,#16103);
#16103 = SURFACE_SIDE_STYLE('',(#16104));
#16104 = SURFACE_STYLE_FILL_AREA(#16105);
#16105 = FILL_AREA_STYLE('',(#16106));
#16106 = FILL_AREA_STYLE_COLOUR('',#16022);
#16107 = STYLED_ITEM('color',(#16108),#3669);
#16108 = PRESENTATION_STYLE_ASSIGNMENT((#16109));
#16109 = SURFACE_STYLE_USAGE(.BOTH.,#16110);
#16110 = SURFACE_SIDE_STYLE('',(#16111));
#16111 = SURFACE_STYLE_FILL_AREA(#16112);
#16112 = FILL_AREA_STYLE('',(#16113));
#16113 = FILL_AREA_STYLE_COLOUR('',#16022);
#16114 = STYLED_ITEM('color',(#16115),#3722);
#16115 = PRESENTATION_STYLE_ASSIGNMENT((#16116));
#16116 = SURFACE_STYLE_USAGE(.BOTH.,#16117);
#16117 = SURFACE_SIDE_STYLE('',(#16118));
#16118 = SURFACE_STYLE_FILL_AREA(#16119);
#16119 = FILL_AREA_STYLE('',(#16120));
#16120 = FILL_AREA_STYLE_COLOUR('',#16022);
#16121 = STYLED_ITEM('color',(#16122),#3800);
#16122 = PRESENTATION_STYLE_ASSIGNMENT((#16123));
#16123 = SURFACE_STYLE_USAGE(.BOTH.,#16124);
#16124 = SURFACE_SIDE_STYLE('',(#16125));
#16125 = SURFACE_STYLE_FILL_AREA(#16126);
#16126 = FILL_AREA_STYLE('',(#16127));
#16127 = FILL_AREA_STYLE_COLOUR('',#15986);
#16128 = STYLED_ITEM('color',(#16129),#3881);
#16129 = PRESENTATION_STYLE_ASSIGNMENT((#16130));
#16130 = SURFACE_STYLE_USAGE(.BOTH.,#16131);
#16131 = SURFACE_SIDE_STYLE('',(#16132));
#16132 = SURFACE_STYLE_FILL_AREA(#16133);
#16133 = FILL_AREA_STYLE('',(#16134));
#16134 = FILL_AREA_STYLE_COLOUR('',#16022);
#16135 = STYLED_ITEM('color',(#16136),#3962);
#16136 = PRESENTATION_STYLE_ASSIGNMENT((#16137));
#16137 = SURFACE_STYLE_USAGE(.BOTH.,#16138);
#16138 = SURFACE_SIDE_STYLE('',(#16139));
#16139 = SURFACE_STYLE_FILL_AREA(#16140);
#16140 = FILL_AREA_STYLE('',(#16141));
#16141 = FILL_AREA_STYLE_COLOUR('',#15986);
#16142 = STYLED_ITEM('color',(#16143),#4043);
#16143 = PRESENTATION_STYLE_ASSIGNMENT((#16144));
#16144 = SURFACE_STYLE_USAGE(.BOTH.,#16145);
#16145 = SURFACE_SIDE_STYLE('',(#16146));
#16146 = SURFACE_STYLE_FILL_AREA(#16147);
#16147 = FILL_AREA_STYLE('',(#16148));
#16148 = FILL_AREA_STYLE_COLOUR('',#15986);
#16149 = STYLED_ITEM('color',(#16150),#4124);
#16150 = PRESENTATION_STYLE_ASSIGNMENT((#16151));
#16151 = SURFACE_STYLE_USAGE(.BOTH.,#16152);
#16152 = SURFACE_SIDE_STYLE('',(#16153));
#16153 = SURFACE_STYLE_FILL_AREA(#16154);
#16154 = FILL_AREA_STYLE('',(#16155));
#16155 = FILL_AREA_STYLE_COLOUR('',#16022);
#16156 = STYLED_ITEM('color',(#16157),#4200);
#16157 = PRESENTATION_STYLE_ASSIGNMENT((#16158));
#16158 = SURFACE_STYLE_USAGE(.BOTH.,#16159);
#16159 = SURFACE_SIDE_STYLE('',(#16160));
#16160 = SURFACE_STYLE_FILL_AREA(#16161);
#16161 = FILL_AREA_STYLE('',(#16162));
#16162 = FILL_AREA_STYLE_COLOUR('',#16022);
#16163 = STYLED_ITEM('color',(#16164),#4256);
#16164 = PRESENTATION_STYLE_ASSIGNMENT((#16165));
#16165 = SURFACE_STYLE_USAGE(.BOTH.,#16166);
#16166 = SURFACE_SIDE_STYLE('',(#16167));
#16167 = SURFACE_STYLE_FILL_AREA(#16168);
#16168 = FILL_AREA_STYLE('',(#16169));
#16169 = FILL_AREA_STYLE_COLOUR('',#16022);
#16170 = STYLED_ITEM('color',(#16171),#4303);
#16171 = PRESENTATION_STYLE_ASSIGNMENT((#16172));
#16172 = SURFACE_STYLE_USAGE(.BOTH.,#16173);
#16173 = SURFACE_SIDE_STYLE('',(#16174));
#16174 = SURFACE_STYLE_FILL_AREA(#16175);
#16175 = FILL_AREA_STYLE('',(#16176));
#16176 = FILL_AREA_STYLE_COLOUR('',#16022);
#16177 = STYLED_ITEM('color',(#16178),#4559);
#16178 = PRESENTATION_STYLE_ASSIGNMENT((#16179));
#16179 = SURFACE_STYLE_USAGE(.BOTH.,#16180);
#16180 = SURFACE_SIDE_STYLE('',(#16181));
#16181 = SURFACE_STYLE_FILL_AREA(#16182);
#16182 = FILL_AREA_STYLE('',(#16183));
#16183 = FILL_AREA_STYLE_COLOUR('',#16022);
#16184 = STYLED_ITEM('color',(#16185),#4585);
#16185 = PRESENTATION_STYLE_ASSIGNMENT((#16186));
#16186 = SURFACE_STYLE_USAGE(.BOTH.,#16187);
#16187 = SURFACE_SIDE_STYLE('',(#16188));
#16188 = SURFACE_STYLE_FILL_AREA(#16189);
#16189 = FILL_AREA_STYLE('',(#16190));
#16190 = FILL_AREA_STYLE_COLOUR('',#15986);
#16191 = STYLED_ITEM('color',(#16192),#4870);
#16192 = PRESENTATION_STYLE_ASSIGNMENT((#16193));
#16193 = SURFACE_STYLE_USAGE(.BOTH.,#16194);
#16194 = SURFACE_SIDE_STYLE('',(#16195));
#16195 = SURFACE_STYLE_FILL_AREA(#16196);
#16196 = FILL_AREA_STYLE('',(#16197));
#16197 = FILL_AREA_STYLE_COLOUR('',#16022);
#16198 = STYLED_ITEM('color',(#16199),#4918);
#16199 = PRESENTATION_STYLE_ASSIGNMENT((#16200));
#16200 = SURFACE_STYLE_USAGE(.BOTH.,#16201);
#16201 = SURFACE_SIDE_STYLE('',(#16202));
#16202 = SURFACE_STYLE_FILL_AREA(#16203);
#16203 = FILL_AREA_STYLE('',(#16204));
#16204 = FILL_AREA_STYLE_COLOUR('',#16022);
#16205 = STYLED_ITEM('color',(#16206),#4971);
#16206 = PRESENTATION_STYLE_ASSIGNMENT((#16207));
#16207 = SURFACE_STYLE_USAGE(.BOTH.,#16208);
#16208 = SURFACE_SIDE_STYLE('',(#16209));
#16209 = SURFACE_STYLE_FILL_AREA(#16210);
#16210 = FILL_AREA_STYLE('',(#16211));
#16211 = FILL_AREA_STYLE_COLOUR('',#16022);
#16212 = STYLED_ITEM('color',(#16213),#5024);
#16213 = PRESENTATION_STYLE_ASSIGNMENT((#16214));
#16214 = SURFACE_STYLE_USAGE(.BOTH.,#16215);
#16215 = SURFACE_SIDE_STYLE('',(#16216));
#16216 = SURFACE_STYLE_FILL_AREA(#16217);
#16217 = FILL_AREA_STYLE('',(#16218));
#16218 = FILL_AREA_STYLE_COLOUR('',#16022);
#16219 = STYLED_ITEM('color',(#16220),#5301);
#16220 = PRESENTATION_STYLE_ASSIGNMENT((#16221));
#16221 = SURFACE_STYLE_USAGE(.BOTH.,#16222);
#16222 = SURFACE_SIDE_STYLE('',(#16223));
#16223 = SURFACE_STYLE_FILL_AREA(#16224);
#16224 = FILL_AREA_STYLE('',(#16225));
#16225 = FILL_AREA_STYLE_COLOUR('',#16022);
#16226 = STYLED_ITEM('color',(#16227),#5333);
#16227 = PRESENTATION_STYLE_ASSIGNMENT((#16228));
#16228 = SURFACE_STYLE_USAGE(.BOTH.,#16229);
#16229 = SURFACE_SIDE_STYLE('',(#16230));
#16230 = SURFACE_STYLE_FILL_AREA(#16231);
#16231 = FILL_AREA_STYLE('',(#16232));
#16232 = FILL_AREA_STYLE_COLOUR('',#16022);
#16233 = STYLED_ITEM('color',(#16234),#5384);
#16234 = PRESENTATION_STYLE_ASSIGNMENT((#16235));
#16235 = SURFACE_STYLE_USAGE(.BOTH.,#16236);
#16236 = SURFACE_SIDE_STYLE('',(#16237));
#16237 = SURFACE_STYLE_FILL_AREA(#16238);
#16238 = FILL_AREA_STYLE('',(#16239));
#16239 = FILL_AREA_STYLE_COLOUR('',#15986);
#16240 = STYLED_ITEM('color',(#16241),#5669);
#16241 = PRESENTATION_STYLE_ASSIGNMENT((#16242));
#16242 = SURFACE_STYLE_USAGE(.BOTH.,#16243);
#16243 = SURFACE_SIDE_STYLE('',(#16244));
#16244 = SURFACE_STYLE_FILL_AREA(#16245);
#16245 = FILL_AREA_STYLE('',(#16246));
#16246 = FILL_AREA_STYLE_COLOUR('',#16022);
#16247 = STYLED_ITEM('color',(#16248),#5737);
#16248 = PRESENTATION_STYLE_ASSIGNMENT((#16249));
#16249 = SURFACE_STYLE_USAGE(.BOTH.,#16250);
#16250 = SURFACE_SIDE_STYLE('',(#16251));
#16251 = SURFACE_STYLE_FILL_AREA(#16252);
#16252 = FILL_AREA_STYLE('',(#16253));
#16253 = FILL_AREA_STYLE_COLOUR('',#15986);
#16254 = STYLED_ITEM('color',(#16255),#5982);
#16255 = PRESENTATION_STYLE_ASSIGNMENT((#16256));
#16256 = SURFACE_STYLE_USAGE(.BOTH.,#16257);
#16257 = SURFACE_SIDE_STYLE('',(#16258));
#16258 = SURFACE_STYLE_FILL_AREA(#16259);
#16259 = FILL_AREA_STYLE('',(#16260));
#16260 = FILL_AREA_STYLE_COLOUR('',#15986);
#16261 = STYLED_ITEM('color',(#16262),#6009);
#16262 = PRESENTATION_STYLE_ASSIGNMENT((#16263));
#16263 = SURFACE_STYLE_USAGE(.BOTH.,#16264);
#16264 = SURFACE_SIDE_STYLE('',(#16265));
#16265 = SURFACE_STYLE_FILL_AREA(#16266);
#16266 = FILL_AREA_STYLE('',(#16267));
#16267 = FILL_AREA_STYLE_COLOUR('',#15986);
#16268 = STYLED_ITEM('color',(#16269),#6294);
#16269 = PRESENTATION_STYLE_ASSIGNMENT((#16270));
#16270 = SURFACE_STYLE_USAGE(.BOTH.,#16271);
#16271 = SURFACE_SIDE_STYLE('',(#16272));
#16272 = SURFACE_STYLE_FILL_AREA(#16273);
#16273 = FILL_AREA_STYLE('',(#16274));
#16274 = FILL_AREA_STYLE_COLOUR('',#16022);
#16275 = STYLED_ITEM('color',(#16276),#6362);
#16276 = PRESENTATION_STYLE_ASSIGNMENT((#16277));
#16277 = SURFACE_STYLE_USAGE(.BOTH.,#16278);
#16278 = SURFACE_SIDE_STYLE('',(#16279));
#16279 = SURFACE_STYLE_FILL_AREA(#16280);
#16280 = FILL_AREA_STYLE('',(#16281));
#16281 = FILL_AREA_STYLE_COLOUR('',#15986);
#16282 = STYLED_ITEM('color',(#16283),#6416);
#16283 = PRESENTATION_STYLE_ASSIGNMENT((#16284));
#16284 = SURFACE_STYLE_USAGE(.BOTH.,#16285);
#16285 = SURFACE_SIDE_STYLE('',(#16286));
#16286 = SURFACE_STYLE_FILL_AREA(#16287);
#16287 = FILL_AREA_STYLE('',(#16288));
#16288 = FILL_AREA_STYLE_COLOUR('',#15986);
#16289 = STYLED_ITEM('color',(#16290),#6634);
#16290 = PRESENTATION_STYLE_ASSIGNMENT((#16291));
#16291 = SURFACE_STYLE_USAGE(.BOTH.,#16292);
#16292 = SURFACE_SIDE_STYLE('',(#16293));
#16293 = SURFACE_STYLE_FILL_AREA(#16294);
#16294 = FILL_AREA_STYLE('',(#16295));
#16295 = FILL_AREA_STYLE_COLOUR('',#15986);
#16296 = STYLED_ITEM('color',(#16297),#6879);
#16297 = PRESENTATION_STYLE_ASSIGNMENT((#16298));
#16298 = SURFACE_STYLE_USAGE(.BOTH.,#16299);
#16299 = SURFACE_SIDE_STYLE('',(#16300));
#16300 = SURFACE_STYLE_FILL_AREA(#16301);
#16301 = FILL_AREA_STYLE('',(#16302));
#16302 = FILL_AREA_STYLE_COLOUR('',#15986);
#16303 = STYLED_ITEM('color',(#16304),#6906);
#16304 = PRESENTATION_STYLE_ASSIGNMENT((#16305));
#16305 = SURFACE_STYLE_USAGE(.BOTH.,#16306);
#16306 = SURFACE_SIDE_STYLE('',(#16307));
#16307 = SURFACE_STYLE_FILL_AREA(#16308);
#16308 = FILL_AREA_STYLE('',(#16309));
#16309 = FILL_AREA_STYLE_COLOUR('',#16022);
#16310 = STYLED_ITEM('color',(#16311),#6951);
#16311 = PRESENTATION_STYLE_ASSIGNMENT((#16312));
#16312 = SURFACE_STYLE_USAGE(.BOTH.,#16313);
#16313 = SURFACE_SIDE_STYLE('',(#16314));
#16314 = SURFACE_STYLE_FILL_AREA(#16315);
#16315 = FILL_AREA_STYLE('',(#16316));
#16316 = FILL_AREA_STYLE_COLOUR('',#16022);
#16317 = STYLED_ITEM('color',(#16318),#7003);
#16318 = PRESENTATION_STYLE_ASSIGNMENT((#16319));
#16319 = SURFACE_STYLE_USAGE(.BOTH.,#16320);
#16320 = SURFACE_SIDE_STYLE('',(#16321));
#16321 = SURFACE_STYLE_FILL_AREA(#16322);
#16322 = FILL_AREA_STYLE('',(#16323));
#16323 = FILL_AREA_STYLE_COLOUR('',#16022);
#16324 = STYLED_ITEM('color',(#16325),#7049);
#16325 = PRESENTATION_STYLE_ASSIGNMENT((#16326));
#16326 = SURFACE_STYLE_USAGE(.BOTH.,#16327);
#16327 = SURFACE_SIDE_STYLE('',(#16328));
#16328 = SURFACE_STYLE_FILL_AREA(#16329);
#16329 = FILL_AREA_STYLE('',(#16330));
#16330 = FILL_AREA_STYLE_COLOUR('',#16022);
#16331 = STYLED_ITEM('color',(#16332),#7101);
#16332 = PRESENTATION_STYLE_ASSIGNMENT((#16333));
#16333 = SURFACE_STYLE_USAGE(.BOTH.,#16334);
#16334 = SURFACE_SIDE_STYLE('',(#16335));
#16335 = SURFACE_STYLE_FILL_AREA(#16336);
#16336 = FILL_AREA_STYLE('',(#16337));
#16337 = FILL_AREA_STYLE_COLOUR('',#16022);
#16338 = STYLED_ITEM('color',(#16339),#7291);
#16339 = PRESENTATION_STYLE_ASSIGNMENT((#16340));
#16340 = SURFACE_STYLE_USAGE(.BOTH.,#16341);
#16341 = SURFACE_SIDE_STYLE('',(#16342));
#16342 = SURFACE_STYLE_FILL_AREA(#16343);
#16343 = FILL_AREA_STYLE('',(#16344));
#16344 = FILL_AREA_STYLE_COLOUR('',#16022);
#16345 = STYLED_ITEM('color',(#16346),#7338);
#16346 = PRESENTATION_STYLE_ASSIGNMENT((#16347));
#16347 = SURFACE_STYLE_USAGE(.BOTH.,#16348);
#16348 = SURFACE_SIDE_STYLE('',(#16349));
#16349 = SURFACE_STYLE_FILL_AREA(#16350);
#16350 = FILL_AREA_STYLE('',(#16351));
#16351 = FILL_AREA_STYLE_COLOUR('',#15986);
#16352 = STYLED_ITEM('color',(#16353),#7367);
#16353 = PRESENTATION_STYLE_ASSIGNMENT((#16354));
#16354 = SURFACE_STYLE_USAGE(.BOTH.,#16355);
#16355 = SURFACE_SIDE_STYLE('',(#16356));
#16356 = SURFACE_STYLE_FILL_AREA(#16357);
#16357 = FILL_AREA_STYLE('',(#16358));
#16358 = FILL_AREA_STYLE_COLOUR('',#15986);
#16359 = STYLED_ITEM('color',(#16360),#7396);
#16360 = PRESENTATION_STYLE_ASSIGNMENT((#16361));
#16361 = SURFACE_STYLE_USAGE(.BOTH.,#16362);
#16362 = SURFACE_SIDE_STYLE('',(#16363));
#16363 = SURFACE_STYLE_FILL_AREA(#16364);
#16364 = FILL_AREA_STYLE('',(#16365));
#16365 = FILL_AREA_STYLE_COLOUR('',#15986);
#16366 = STYLED_ITEM('color',(#16367),#7425);
#16367 = PRESENTATION_STYLE_ASSIGNMENT((#16368));
#16368 = SURFACE_STYLE_USAGE(.BOTH.,#16369);
#16369 = SURFACE_SIDE_STYLE('',(#16370));
#16370 = SURFACE_STYLE_FILL_AREA(#16371);
#16371 = FILL_AREA_STYLE('',(#16372));
#16372 = FILL_AREA_STYLE_COLOUR('',#15986);
#16373 = STYLED_ITEM('color',(#16374),#7452);
#16374 = PRESENTATION_STYLE_ASSIGNMENT((#16375));
#16375 = SURFACE_STYLE_USAGE(.BOTH.,#16376);
#16376 = SURFACE_SIDE_STYLE('',(#16377));
#16377 = SURFACE_STYLE_FILL_AREA(#16378);
#16378 = FILL_AREA_STYLE('',(#16379));
#16379 = FILL_AREA_STYLE_COLOUR('',#15986);
#16380 = STYLED_ITEM('color',(#16381),#7479);
#16381 = PRESENTATION_STYLE_ASSIGNMENT((#16382));
#16382 = SURFACE_STYLE_USAGE(.BOTH.,#16383);
#16383 = SURFACE_SIDE_STYLE('',(#16384));
#16384 = SURFACE_STYLE_FILL_AREA(#16385);
#16385 = FILL_AREA_STYLE('',(#16386));
#16386 = FILL_AREA_STYLE_COLOUR('',#15986);
#16387 = STYLED_ITEM('color',(#16388),#7506);
#16388 = PRESENTATION_STYLE_ASSIGNMENT((#16389));
#16389 = SURFACE_STYLE_USAGE(.BOTH.,#16390);
#16390 = SURFACE_SIDE_STYLE('',(#16391));
#16391 = SURFACE_STYLE_FILL_AREA(#16392);
#16392 = FILL_AREA_STYLE('',(#16393));
#16393 = FILL_AREA_STYLE_COLOUR('',#15986);
#16394 = STYLED_ITEM('color',(#16395),#7533);
#16395 = PRESENTATION_STYLE_ASSIGNMENT((#16396));
#16396 = SURFACE_STYLE_USAGE(.BOTH.,#16397);
#16397 = SURFACE_SIDE_STYLE('',(#16398));
#16398 = SURFACE_STYLE_FILL_AREA(#16399);
#16399 = FILL_AREA_STYLE('',(#16400));
#16400 = FILL_AREA_STYLE_COLOUR('',#15986);
#16401 = STYLED_ITEM('color',(#16402),#7560);
#16402 = PRESENTATION_STYLE_ASSIGNMENT((#16403));
#16403 = SURFACE_STYLE_USAGE(.BOTH.,#16404);
#16404 = SURFACE_SIDE_STYLE('',(#16405));
#16405 = SURFACE_STYLE_FILL_AREA(#16406);
#16406 = FILL_AREA_STYLE('',(#16407));
#16407 = FILL_AREA_STYLE_COLOUR('',#15986);
#16408 = STYLED_ITEM('color',(#16409),#7587);
#16409 = PRESENTATION_STYLE_ASSIGNMENT((#16410));
#16410 = SURFACE_STYLE_USAGE(.BOTH.,#16411);
#16411 = SURFACE_SIDE_STYLE('',(#16412));
#16412 = SURFACE_STYLE_FILL_AREA(#16413);
#16413 = FILL_AREA_STYLE('',(#16414));
#16414 = FILL_AREA_STYLE_COLOUR('',#15986);
#16415 = STYLED_ITEM('color',(#16416),#7614);
#16416 = PRESENTATION_STYLE_ASSIGNMENT((#16417));
#16417 = SURFACE_STYLE_USAGE(.BOTH.,#16418);
#16418 = SURFACE_SIDE_STYLE('',(#16419));
#16419 = SURFACE_STYLE_FILL_AREA(#16420);
#16420 = FILL_AREA_STYLE('',(#16421));
#16421 = FILL_AREA_STYLE_COLOUR('',#15986);
#16422 = STYLED_ITEM('color',(#16423),#7621);
#16423 = PRESENTATION_STYLE_ASSIGNMENT((#16424));
#16424 = SURFACE_STYLE_USAGE(.BOTH.,#16425);
#16425 = SURFACE_SIDE_STYLE('',(#16426));
#16426 = SURFACE_STYLE_FILL_AREA(#16427);
#16427 = FILL_AREA_STYLE('',(#16428));
#16428 = FILL_AREA_STYLE_COLOUR('',#16022);
#16429 = STYLED_ITEM('color',(#16430),#7672);
#16430 = PRESENTATION_STYLE_ASSIGNMENT((#16431));
#16431 = SURFACE_STYLE_USAGE(.BOTH.,#16432);
#16432 = SURFACE_SIDE_STYLE('',(#16433));
#16433 = SURFACE_STYLE_FILL_AREA(#16434);
#16434 = FILL_AREA_STYLE('',(#16435));
#16435 = FILL_AREA_STYLE_COLOUR('',#16022);
#16436 = STYLED_ITEM('color',(#16437),#7723);
#16437 = PRESENTATION_STYLE_ASSIGNMENT((#16438));
#16438 = SURFACE_STYLE_USAGE(.BOTH.,#16439);
#16439 = SURFACE_SIDE_STYLE('',(#16440));
#16440 = SURFACE_STYLE_FILL_AREA(#16441);
#16441 = FILL_AREA_STYLE('',(#16442));
#16442 = FILL_AREA_STYLE_COLOUR('',#16022);
#16443 = STYLED_ITEM('color',(#16444),#7782);
#16444 = PRESENTATION_STYLE_ASSIGNMENT((#16445));
#16445 = SURFACE_STYLE_USAGE(.BOTH.,#16446);
#16446 = SURFACE_SIDE_STYLE('',(#16447));
#16447 = SURFACE_STYLE_FILL_AREA(#16448);
#16448 = FILL_AREA_STYLE('',(#16449));
#16449 = FILL_AREA_STYLE_COLOUR('',#16022);
#16450 = STYLED_ITEM('color',(#16451),#7860);
#16451 = PRESENTATION_STYLE_ASSIGNMENT((#16452));
#16452 = SURFACE_STYLE_USAGE(.BOTH.,#16453);
#16453 = SURFACE_SIDE_STYLE('',(#16454));
#16454 = SURFACE_STYLE_FILL_AREA(#16455);
#16455 = FILL_AREA_STYLE('',(#16456));
#16456 = FILL_AREA_STYLE_COLOUR('',#15986);
#16457 = STYLED_ITEM('color',(#16458),#7941);
#16458 = PRESENTATION_STYLE_ASSIGNMENT((#16459));
#16459 = SURFACE_STYLE_USAGE(.BOTH.,#16460);
#16460 = SURFACE_SIDE_STYLE('',(#16461));
#16461 = SURFACE_STYLE_FILL_AREA(#16462);
#16462 = FILL_AREA_STYLE('',(#16463));
#16463 = FILL_AREA_STYLE_COLOUR('',#15986);
#16464 = STYLED_ITEM('color',(#16465),#8022);
#16465 = PRESENTATION_STYLE_ASSIGNMENT((#16466));
#16466 = SURFACE_STYLE_USAGE(.BOTH.,#16467);
#16467 = SURFACE_SIDE_STYLE('',(#16468));
#16468 = SURFACE_STYLE_FILL_AREA(#16469);
#16469 = FILL_AREA_STYLE('',(#16470));
#16470 = FILL_AREA_STYLE_COLOUR('',#16022);
#16471 = STYLED_ITEM('color',(#16472),#8103);
#16472 = PRESENTATION_STYLE_ASSIGNMENT((#16473));
#16473 = SURFACE_STYLE_USAGE(.BOTH.,#16474);
#16474 = SURFACE_SIDE_STYLE('',(#16475));
#16475 = SURFACE_STYLE_FILL_AREA(#16476);
#16476 = FILL_AREA_STYLE('',(#16477));
#16477 = FILL_AREA_STYLE_COLOUR('',#16022);
#16478 = STYLED_ITEM('color',(#16479),#8184);
#16479 = PRESENTATION_STYLE_ASSIGNMENT((#16480));
#16480 = SURFACE_STYLE_USAGE(.BOTH.,#16481);
#16481 = SURFACE_SIDE_STYLE('',(#16482));
#16482 = SURFACE_STYLE_FILL_AREA(#16483);
#16483 = FILL_AREA_STYLE('',(#16484));
#16484 = FILL_AREA_STYLE_COLOUR('',#15986);
#16485 = STYLED_ITEM('color',(#16486),#8265);
#16486 = PRESENTATION_STYLE_ASSIGNMENT((#16487));
#16487 = SURFACE_STYLE_USAGE(.BOTH.,#16488);
#16488 = SURFACE_SIDE_STYLE('',(#16489));
#16489 = SURFACE_STYLE_FILL_AREA(#16490);
#16490 = FILL_AREA_STYLE('',(#16491));
#16491 = FILL_AREA_STYLE_COLOUR('',#15986);
#16492 = STYLED_ITEM('color',(#16493),#8346);
#16493 = PRESENTATION_STYLE_ASSIGNMENT((#16494));
#16494 = SURFACE_STYLE_USAGE(.BOTH.,#16495);
#16495 = SURFACE_SIDE_STYLE('',(#16496));
#16496 = SURFACE_STYLE_FILL_AREA(#16497);
#16497 = FILL_AREA_STYLE('',(#16498));
#16498 = FILL_AREA_STYLE_COLOUR('',#16022);
#16499 = STYLED_ITEM('color',(#16500),#8422);
#16500 = PRESENTATION_STYLE_ASSIGNMENT((#16501));
#16501 = SURFACE_STYLE_USAGE(.BOTH.,#16502);
#16502 = SURFACE_SIDE_STYLE('',(#16503));
#16503 = SURFACE_STYLE_FILL_AREA(#16504);
#16504 = FILL_AREA_STYLE('',(#16505));
#16505 = FILL_AREA_STYLE_COLOUR('',#16022);
#16506 = STYLED_ITEM('color',(#16507),#8454);
#16507 = PRESENTATION_STYLE_ASSIGNMENT((#16508));
#16508 = SURFACE_STYLE_USAGE(.BOTH.,#16509);
#16509 = SURFACE_SIDE_STYLE('',(#16510));
#16510 = SURFACE_STYLE_FILL_AREA(#16511);
#16511 = FILL_AREA_STYLE('',(#16512));
#16512 = FILL_AREA_STYLE_COLOUR('',#16022);
#16513 = STYLED_ITEM('color',(#16514),#8480);
#16514 = PRESENTATION_STYLE_ASSIGNMENT((#16515));
#16515 = SURFACE_STYLE_USAGE(.BOTH.,#16516);
#16516 = SURFACE_SIDE_STYLE('',(#16517));
#16517 = SURFACE_STYLE_FILL_AREA(#16518);
#16518 = FILL_AREA_STYLE('',(#16519));
#16519 = FILL_AREA_STYLE_COLOUR('',#15986);
#16520 = STYLED_ITEM('color',(#16521),#8507);
#16521 = PRESENTATION_STYLE_ASSIGNMENT((#16522));
#16522 = SURFACE_STYLE_USAGE(.BOTH.,#16523);
#16523 = SURFACE_SIDE_STYLE('',(#16524));
#16524 = SURFACE_STYLE_FILL_AREA(#16525);
#16525 = FILL_AREA_STYLE('',(#16526));
#16526 = FILL_AREA_STYLE_COLOUR('',#15986);
#16527 = STYLED_ITEM('color',(#16528),#8534);
#16528 = PRESENTATION_STYLE_ASSIGNMENT((#16529));
#16529 = SURFACE_STYLE_USAGE(.BOTH.,#16530);
#16530 = SURFACE_SIDE_STYLE('',(#16531));
#16531 = SURFACE_STYLE_FILL_AREA(#16532);
#16532 = FILL_AREA_STYLE('',(#16533));
#16533 = FILL_AREA_STYLE_COLOUR('',#15986);
#16534 = STYLED_ITEM('color',(#16535),#8561);
#16535 = PRESENTATION_STYLE_ASSIGNMENT((#16536));
#16536 = SURFACE_STYLE_USAGE(.BOTH.,#16537);
#16537 = SURFACE_SIDE_STYLE('',(#16538));
#16538 = SURFACE_STYLE_FILL_AREA(#16539);
#16539 = FILL_AREA_STYLE('',(#16540));
#16540 = FILL_AREA_STYLE_COLOUR('',#15986);
#16541 = STYLED_ITEM('color',(#16542),#8588);
#16542 = PRESENTATION_STYLE_ASSIGNMENT((#16543));
#16543 = SURFACE_STYLE_USAGE(.BOTH.,#16544);
#16544 = SURFACE_SIDE_STYLE('',(#16545));
#16545 = SURFACE_STYLE_FILL_AREA(#16546);
#16546 = FILL_AREA_STYLE('',(#16547));
#16547 = FILL_AREA_STYLE_COLOUR('',#15986);
#16548 = STYLED_ITEM('color',(#16549),#8615);
#16549 = PRESENTATION_STYLE_ASSIGNMENT((#16550));
#16550 = SURFACE_STYLE_USAGE(.BOTH.,#16551);
#16551 = SURFACE_SIDE_STYLE('',(#16552));
#16552 = SURFACE_STYLE_FILL_AREA(#16553);
#16553 = FILL_AREA_STYLE('',(#16554));
#16554 = FILL_AREA_STYLE_COLOUR('',#15986);
#16555 = STYLED_ITEM('color',(#16556),#8642);
#16556 = PRESENTATION_STYLE_ASSIGNMENT((#16557));
#16557 = SURFACE_STYLE_USAGE(.BOTH.,#16558);
#16558 = SURFACE_SIDE_STYLE('',(#16559));
#16559 = SURFACE_STYLE_FILL_AREA(#16560);
#16560 = FILL_AREA_STYLE('',(#16561));
#16561 = FILL_AREA_STYLE_COLOUR('',#15986);
#16562 = STYLED_ITEM('color',(#16563),#8669);
#16563 = PRESENTATION_STYLE_ASSIGNMENT((#16564));
#16564 = SURFACE_STYLE_USAGE(.BOTH.,#16565);
#16565 = SURFACE_SIDE_STYLE('',(#16566));
#16566 = SURFACE_STYLE_FILL_AREA(#16567);
#16567 = FILL_AREA_STYLE('',(#16568));
#16568 = FILL_AREA_STYLE_COLOUR('',#15986);
#16569 = STYLED_ITEM('color',(#16570),#8676);
#16570 = PRESENTATION_STYLE_ASSIGNMENT((#16571));
#16571 = SURFACE_STYLE_USAGE(.BOTH.,#16572);
#16572 = SURFACE_SIDE_STYLE('',(#16573));
#16573 = SURFACE_STYLE_FILL_AREA(#16574);
#16574 = FILL_AREA_STYLE('',(#16575));
#16575 = FILL_AREA_STYLE_COLOUR('',#15986);
#16576 = STYLED_ITEM('color',(#16577),#8703);
#16577 = PRESENTATION_STYLE_ASSIGNMENT((#16578));
#16578 = SURFACE_STYLE_USAGE(.BOTH.,#16579);
#16579 = SURFACE_SIDE_STYLE('',(#16580));
#16580 = SURFACE_STYLE_FILL_AREA(#16581);
#16581 = FILL_AREA_STYLE('',(#16582));
#16582 = FILL_AREA_STYLE_COLOUR('',#15986);
#16583 = STYLED_ITEM('color',(#16584),#8730);
#16584 = PRESENTATION_STYLE_ASSIGNMENT((#16585));
#16585 = SURFACE_STYLE_USAGE(.BOTH.,#16586);
#16586 = SURFACE_SIDE_STYLE('',(#16587));
#16587 = SURFACE_STYLE_FILL_AREA(#16588);
#16588 = FILL_AREA_STYLE('',(#16589));
#16589 = FILL_AREA_STYLE_COLOUR('',#15986);
#16590 = STYLED_ITEM('color',(#16591),#8757);
#16591 = PRESENTATION_STYLE_ASSIGNMENT((#16592));
#16592 = SURFACE_STYLE_USAGE(.BOTH.,#16593);
#16593 = SURFACE_SIDE_STYLE('',(#16594));
#16594 = SURFACE_STYLE_FILL_AREA(#16595);
#16595 = FILL_AREA_STYLE('',(#16596));
#16596 = FILL_AREA_STYLE_COLOUR('',#15986);
#16597 = STYLED_ITEM('color',(#16598),#8784);
#16598 = PRESENTATION_STYLE_ASSIGNMENT((#16599));
#16599 = SURFACE_STYLE_USAGE(.BOTH.,#16600);
#16600 = SURFACE_SIDE_STYLE('',(#16601));
#16601 = SURFACE_STYLE_FILL_AREA(#16602);
#16602 = FILL_AREA_STYLE('',(#16603));
#16603 = FILL_AREA_STYLE_COLOUR('',#15986);
#16604 = STYLED_ITEM('color',(#16605),#8811);
#16605 = PRESENTATION_STYLE_ASSIGNMENT((#16606));
#16606 = SURFACE_STYLE_USAGE(.BOTH.,#16607);
#16607 = SURFACE_SIDE_STYLE('',(#16608));
#16608 = SURFACE_STYLE_FILL_AREA(#16609);
#16609 = FILL_AREA_STYLE('',(#16610));
#16610 = FILL_AREA_STYLE_COLOUR('',#15986);
#16611 = STYLED_ITEM('color',(#16612),#8838);
#16612 = PRESENTATION_STYLE_ASSIGNMENT((#16613));
#16613 = SURFACE_STYLE_USAGE(.BOTH.,#16614);
#16614 = SURFACE_SIDE_STYLE('',(#16615));
#16615 = SURFACE_STYLE_FILL_AREA(#16616);
#16616 = FILL_AREA_STYLE('',(#16617));
#16617 = FILL_AREA_STYLE_COLOUR('',#15986);
#16618 = STYLED_ITEM('color',(#16619),#8865);
#16619 = PRESENTATION_STYLE_ASSIGNMENT((#16620));
#16620 = SURFACE_STYLE_USAGE(.BOTH.,#16621);
#16621 = SURFACE_SIDE_STYLE('',(#16622));
#16622 = SURFACE_STYLE_FILL_AREA(#16623);
#16623 = FILL_AREA_STYLE('',(#16624));
#16624 = FILL_AREA_STYLE_COLOUR('',#15986);
#16625 = STYLED_ITEM('color',(#16626),#8872);
#16626 = PRESENTATION_STYLE_ASSIGNMENT((#16627));
#16627 = SURFACE_STYLE_USAGE(.BOTH.,#16628);
#16628 = SURFACE_SIDE_STYLE('',(#16629));
#16629 = SURFACE_STYLE_FILL_AREA(#16630);
#16630 = FILL_AREA_STYLE('',(#16631));
#16631 = FILL_AREA_STYLE_COLOUR('',#16022);
#16632 = STYLED_ITEM('color',(#16633),#8919);
#16633 = PRESENTATION_STYLE_ASSIGNMENT((#16634));
#16634 = SURFACE_STYLE_USAGE(.BOTH.,#16635);
#16635 = SURFACE_SIDE_STYLE('',(#16636));
#16636 = SURFACE_STYLE_FILL_AREA(#16637);
#16637 = FILL_AREA_STYLE('',(#16638));
#16638 = FILL_AREA_STYLE_COLOUR('',#16022);
#16639 = STYLED_ITEM('color',(#16640),#8945);
#16640 = PRESENTATION_STYLE_ASSIGNMENT((#16641));
#16641 = SURFACE_STYLE_USAGE(.BOTH.,#16642);
#16642 = SURFACE_SIDE_STYLE('',(#16643));
#16643 = SURFACE_STYLE_FILL_AREA(#16644);
#16644 = FILL_AREA_STYLE('',(#16645));
#16645 = FILL_AREA_STYLE_COLOUR('',#16022);
#16646 = STYLED_ITEM('color',(#16647),#8992);
#16647 = PRESENTATION_STYLE_ASSIGNMENT((#16648));
#16648 = SURFACE_STYLE_USAGE(.BOTH.,#16649);
#16649 = SURFACE_SIDE_STYLE('',(#16650));
#16650 = SURFACE_STYLE_FILL_AREA(#16651);
#16651 = FILL_AREA_STYLE('',(#16652));
#16652 = FILL_AREA_STYLE_COLOUR('',#16022);
#16653 = STYLED_ITEM('color',(#16654),#9239);
#16654 = PRESENTATION_STYLE_ASSIGNMENT((#16655));
#16655 = SURFACE_STYLE_USAGE(.BOTH.,#16656);
#16656 = SURFACE_SIDE_STYLE('',(#16657));
#16657 = SURFACE_STYLE_FILL_AREA(#16658);
#16658 = FILL_AREA_STYLE('',(#16659));
#16659 = FILL_AREA_STYLE_COLOUR('',#16022);
#16660 = STYLED_ITEM('color',(#16661),#9286);
#16661 = PRESENTATION_STYLE_ASSIGNMENT((#16662));
#16662 = SURFACE_STYLE_USAGE(.BOTH.,#16663);
#16663 = SURFACE_SIDE_STYLE('',(#16664));
#16664 = SURFACE_STYLE_FILL_AREA(#16665);
#16665 = FILL_AREA_STYLE('',(#16666));
#16666 = FILL_AREA_STYLE_COLOUR('',#16022);
#16667 = STYLED_ITEM('color',(#16668),#9312);
#16668 = PRESENTATION_STYLE_ASSIGNMENT((#16669));
#16669 = SURFACE_STYLE_USAGE(.BOTH.,#16670);
#16670 = SURFACE_SIDE_STYLE('',(#16671));
#16671 = SURFACE_STYLE_FILL_AREA(#16672);
#16672 = FILL_AREA_STYLE('',(#16673));
#16673 = FILL_AREA_STYLE_COLOUR('',#16674);
#16674 = COLOUR_RGB('',0.690196106937,0.662745111292,0.596078458879);
#16675 = STYLED_ITEM('color',(#16676),#9367);
#16676 = PRESENTATION_STYLE_ASSIGNMENT((#16677));
#16677 = SURFACE_STYLE_USAGE(.BOTH.,#16678);
#16678 = SURFACE_SIDE_STYLE('',(#16679));
#16679 = SURFACE_STYLE_FILL_AREA(#16680);
#16680 = FILL_AREA_STYLE('',(#16681));
#16681 = FILL_AREA_STYLE_COLOUR('',#16022);
#16682 = STYLED_ITEM('color',(#16683),#9393);
#16683 = PRESENTATION_STYLE_ASSIGNMENT((#16684));
#16684 = SURFACE_STYLE_USAGE(.BOTH.,#16685);
#16685 = SURFACE_SIDE_STYLE('',(#16686));
#16686 = SURFACE_STYLE_FILL_AREA(#16687);
#16687 = FILL_AREA_STYLE('',(#16688));
#16688 = FILL_AREA_STYLE_COLOUR('',#16022);
#16689 = STYLED_ITEM('color',(#16690),#9419);
#16690 = PRESENTATION_STYLE_ASSIGNMENT((#16691));
#16691 = SURFACE_STYLE_USAGE(.BOTH.,#16692);
#16692 = SURFACE_SIDE_STYLE('',(#16693));
#16693 = SURFACE_STYLE_FILL_AREA(#16694);
#16694 = FILL_AREA_STYLE('',(#16695));
#16695 = FILL_AREA_STYLE_COLOUR('',#16022);
#16696 = STYLED_ITEM('color',(#16697),#9468);
#16697 = PRESENTATION_STYLE_ASSIGNMENT((#16698));
#16698 = SURFACE_STYLE_USAGE(.BOTH.,#16699);
#16699 = SURFACE_SIDE_STYLE('',(#16700));
#16700 = SURFACE_STYLE_FILL_AREA(#16701);
#16701 = FILL_AREA_STYLE('',(#16702));
#16702 = FILL_AREA_STYLE_COLOUR('',#15986);
#16703 = STYLED_ITEM('color',(#16704),#9753);
#16704 = PRESENTATION_STYLE_ASSIGNMENT((#16705));
#16705 = SURFACE_STYLE_USAGE(.BOTH.,#16706);
#16706 = SURFACE_SIDE_STYLE('',(#16707));
#16707 = SURFACE_STYLE_FILL_AREA(#16708);
#16708 = FILL_AREA_STYLE('',(#16709));
#16709 = FILL_AREA_STYLE_COLOUR('',#15986);
#16710 = STYLED_ITEM('color',(#16711),#10038);
#16711 = PRESENTATION_STYLE_ASSIGNMENT((#16712));
#16712 = SURFACE_STYLE_USAGE(.BOTH.,#16713);
#16713 = SURFACE_SIDE_STYLE('',(#16714));
#16714 = SURFACE_STYLE_FILL_AREA(#16715);
#16715 = FILL_AREA_STYLE('',(#16716));
#16716 = FILL_AREA_STYLE_COLOUR('',#16022);
#16717 = STYLED_ITEM('color',(#16718),#10106);
#16718 = PRESENTATION_STYLE_ASSIGNMENT((#16719));
#16719 = SURFACE_STYLE_USAGE(.BOTH.,#16720);
#16720 = SURFACE_SIDE_STYLE('',(#16721));
#16721 = SURFACE_STYLE_FILL_AREA(#16722);
#16722 = FILL_AREA_STYLE('',(#16723));
#16723 = FILL_AREA_STYLE_COLOUR('',#15986);
#16724 = STYLED_ITEM('color',(#16725),#10160);
#16725 = PRESENTATION_STYLE_ASSIGNMENT((#16726));
#16726 = SURFACE_STYLE_USAGE(.BOTH.,#16727);
#16727 = SURFACE_SIDE_STYLE('',(#16728));
#16728 = SURFACE_STYLE_FILL_AREA(#16729);
#16729 = FILL_AREA_STYLE('',(#16730));
#16730 = FILL_AREA_STYLE_COLOUR('',#15986);
#16731 = STYLED_ITEM('color',(#16732),#10378);
#16732 = PRESENTATION_STYLE_ASSIGNMENT((#16733));
#16733 = SURFACE_STYLE_USAGE(.BOTH.,#16734);
#16734 = SURFACE_SIDE_STYLE('',(#16735));
#16735 = SURFACE_STYLE_FILL_AREA(#16736);
#16736 = FILL_AREA_STYLE('',(#16737));
#16737 = FILL_AREA_STYLE_COLOUR('',#15986);
#16738 = STYLED_ITEM('color',(#16739),#10623);
#16739 = PRESENTATION_STYLE_ASSIGNMENT((#16740));
#16740 = SURFACE_STYLE_USAGE(.BOTH.,#16741);
#16741 = SURFACE_SIDE_STYLE('',(#16742));
#16742 = SURFACE_STYLE_FILL_AREA(#16743);
#16743 = FILL_AREA_STYLE('',(#16744));
#16744 = FILL_AREA_STYLE_COLOUR('',#15986);
#16745 = STYLED_ITEM('color',(#16746),#10650);
#16746 = PRESENTATION_STYLE_ASSIGNMENT((#16747));
#16747 = SURFACE_STYLE_USAGE(.BOTH.,#16748);
#16748 = SURFACE_SIDE_STYLE('',(#16749));
#16749 = SURFACE_STYLE_FILL_AREA(#16750);
#16750 = FILL_AREA_STYLE('',(#16751));
#16751 = FILL_AREA_STYLE_COLOUR('',#16022);
#16752 = STYLED_ITEM('color',(#16753),#10718);
#16753 = PRESENTATION_STYLE_ASSIGNMENT((#16754));
#16754 = SURFACE_STYLE_USAGE(.BOTH.,#16755);
#16755 = SURFACE_SIDE_STYLE('',(#16756));
#16756 = SURFACE_STYLE_FILL_AREA(#16757);
#16757 = FILL_AREA_STYLE('',(#16758));
#16758 = FILL_AREA_STYLE_COLOUR('',#15986);
#16759 = STYLED_ITEM('color',(#16760),#11003);
#16760 = PRESENTATION_STYLE_ASSIGNMENT((#16761));
#16761 = SURFACE_STYLE_USAGE(.BOTH.,#16762);
#16762 = SURFACE_SIDE_STYLE('',(#16763));
#16763 = SURFACE_STYLE_FILL_AREA(#16764);
#16764 = FILL_AREA_STYLE('',(#16765));
#16765 = FILL_AREA_STYLE_COLOUR('',#15986);
#16766 = STYLED_ITEM('color',(#16767),#11288);
#16767 = PRESENTATION_STYLE_ASSIGNMENT((#16768));
#16768 = SURFACE_STYLE_USAGE(.BOTH.,#16769);
#16769 = SURFACE_SIDE_STYLE('',(#16770));
#16770 = SURFACE_STYLE_FILL_AREA(#16771);
#16771 = FILL_AREA_STYLE('',(#16772));
#16772 = FILL_AREA_STYLE_COLOUR('',#16022);
#16773 = STYLED_ITEM('color',(#16774),#11356);
#16774 = PRESENTATION_STYLE_ASSIGNMENT((#16775));
#16775 = SURFACE_STYLE_USAGE(.BOTH.,#16776);
#16776 = SURFACE_SIDE_STYLE('',(#16777));
#16777 = SURFACE_STYLE_FILL_AREA(#16778);
#16778 = FILL_AREA_STYLE('',(#16779));
#16779 = FILL_AREA_STYLE_COLOUR('',#15986);
#16780 = STYLED_ITEM('color',(#16781),#11410);
#16781 = PRESENTATION_STYLE_ASSIGNMENT((#16782));
#16782 = SURFACE_STYLE_USAGE(.BOTH.,#16783);
#16783 = SURFACE_SIDE_STYLE('',(#16784));
#16784 = SURFACE_STYLE_FILL_AREA(#16785);
#16785 = FILL_AREA_STYLE('',(#16786));
#16786 = FILL_AREA_STYLE_COLOUR('',#15986);
#16787 = STYLED_ITEM('color',(#16788),#11628);
#16788 = PRESENTATION_STYLE_ASSIGNMENT((#16789));
#16789 = SURFACE_STYLE_USAGE(.BOTH.,#16790);
#16790 = SURFACE_SIDE_STYLE('',(#16791));
#16791 = SURFACE_STYLE_FILL_AREA(#16792);
#16792 = FILL_AREA_STYLE('',(#16793));
#16793 = FILL_AREA_STYLE_COLOUR('',#15986);
#16794 = STYLED_ITEM('color',(#16795),#11873);
#16795 = PRESENTATION_STYLE_ASSIGNMENT((#16796));
#16796 = SURFACE_STYLE_USAGE(.BOTH.,#16797);
#16797 = SURFACE_SIDE_STYLE('',(#16798));
#16798 = SURFACE_STYLE_FILL_AREA(#16799);
#16799 = FILL_AREA_STYLE('',(#16800));
#16800 = FILL_AREA_STYLE_COLOUR('',#15986);
#16801 = STYLED_ITEM('color',(#16802),#11900);
#16802 = PRESENTATION_STYLE_ASSIGNMENT((#16803));
#16803 = SURFACE_STYLE_USAGE(.BOTH.,#16804);
#16804 = SURFACE_SIDE_STYLE('',(#16805));
#16805 = SURFACE_STYLE_FILL_AREA(#16806);
#16806 = FILL_AREA_STYLE('',(#16807));
#16807 = FILL_AREA_STYLE_COLOUR('',#16022);
#16808 = STYLED_ITEM('color',(#16809),#11945);
#16809 = PRESENTATION_STYLE_ASSIGNMENT((#16810));
#16810 = SURFACE_STYLE_USAGE(.BOTH.,#16811);
#16811 = SURFACE_SIDE_STYLE('',(#16812));
#16812 = SURFACE_STYLE_FILL_AREA(#16813);
#16813 = FILL_AREA_STYLE('',(#16814));
#16814 = FILL_AREA_STYLE_COLOUR('',#16022);
#16815 = STYLED_ITEM('color',(#16816),#11952);
#16816 = PRESENTATION_STYLE_ASSIGNMENT((#16817));
#16817 = SURFACE_STYLE_USAGE(.BOTH.,#16818);
#16818 = SURFACE_SIDE_STYLE('',(#16819));
#16819 = SURFACE_STYLE_FILL_AREA(#16820);
#16820 = FILL_AREA_STYLE('',(#16821));
#16821 = FILL_AREA_STYLE_COLOUR('',#15986);
#16822 = STYLED_ITEM('color',(#16823),#11981);
#16823 = PRESENTATION_STYLE_ASSIGNMENT((#16824));
#16824 = SURFACE_STYLE_USAGE(.BOTH.,#16825);
#16825 = SURFACE_SIDE_STYLE('',(#16826));
#16826 = SURFACE_STYLE_FILL_AREA(#16827);
#16827 = FILL_AREA_STYLE('',(#16828));
#16828 = FILL_AREA_STYLE_COLOUR('',#15986);
#16829 = STYLED_ITEM('color',(#16830),#12010);
#16830 = PRESENTATION_STYLE_ASSIGNMENT((#16831));
#16831 = SURFACE_STYLE_USAGE(.BOTH.,#16832);
#16832 = SURFACE_SIDE_STYLE('',(#16833));
#16833 = SURFACE_STYLE_FILL_AREA(#16834);
#16834 = FILL_AREA_STYLE('',(#16835));
#16835 = FILL_AREA_STYLE_COLOUR('',#15986);
#16836 = STYLED_ITEM('color',(#16837),#12039);
#16837 = PRESENTATION_STYLE_ASSIGNMENT((#16838));
#16838 = SURFACE_STYLE_USAGE(.BOTH.,#16839);
#16839 = SURFACE_SIDE_STYLE('',(#16840));
#16840 = SURFACE_STYLE_FILL_AREA(#16841);
#16841 = FILL_AREA_STYLE('',(#16842));
#16842 = FILL_AREA_STYLE_COLOUR('',#15986);
#16843 = STYLED_ITEM('color',(#16844),#12068);
#16844 = PRESENTATION_STYLE_ASSIGNMENT((#16845));
#16845 = SURFACE_STYLE_USAGE(.BOTH.,#16846);
#16846 = SURFACE_SIDE_STYLE('',(#16847));
#16847 = SURFACE_STYLE_FILL_AREA(#16848);
#16848 = FILL_AREA_STYLE('',(#16849));
#16849 = FILL_AREA_STYLE_COLOUR('',#16674);
#16850 = STYLED_ITEM('color',(#16851),#12072);
#16851 = PRESENTATION_STYLE_ASSIGNMENT((#16852));
#16852 = SURFACE_STYLE_USAGE(.BOTH.,#16853);
#16853 = SURFACE_SIDE_STYLE('',(#16854));
#16854 = SURFACE_STYLE_FILL_AREA(#16855);
#16855 = FILL_AREA_STYLE('',(#16856));
#16856 = FILL_AREA_STYLE_COLOUR('',#15986);
#16857 = STYLED_ITEM('color',(#16858),#12099);
#16858 = PRESENTATION_STYLE_ASSIGNMENT((#16859));
#16859 = SURFACE_STYLE_USAGE(.BOTH.,#16860);
#16860 = SURFACE_SIDE_STYLE('',(#16861));
#16861 = SURFACE_STYLE_FILL_AREA(#16862);
#16862 = FILL_AREA_STYLE('',(#16863));
#16863 = FILL_AREA_STYLE_COLOUR('',#15986);
#16864 = STYLED_ITEM('color',(#16865),#12126);
#16865 = PRESENTATION_STYLE_ASSIGNMENT((#16866));
#16866 = SURFACE_STYLE_USAGE(.BOTH.,#16867);
#16867 = SURFACE_SIDE_STYLE('',(#16868));
#16868 = SURFACE_STYLE_FILL_AREA(#16869);
#16869 = FILL_AREA_STYLE('',(#16870));
#16870 = FILL_AREA_STYLE_COLOUR('',#15986);
#16871 = STYLED_ITEM('color',(#16872),#12153);
#16872 = PRESENTATION_STYLE_ASSIGNMENT((#16873));
#16873 = SURFACE_STYLE_USAGE(.BOTH.,#16874);
#16874 = SURFACE_SIDE_STYLE('',(#16875));
#16875 = SURFACE_STYLE_FILL_AREA(#16876);
#16876 = FILL_AREA_STYLE('',(#16877));
#16877 = FILL_AREA_STYLE_COLOUR('',#15986);
#16878 = STYLED_ITEM('color',(#16879),#12180);
#16879 = PRESENTATION_STYLE_ASSIGNMENT((#16880));
#16880 = SURFACE_STYLE_USAGE(.BOTH.,#16881);
#16881 = SURFACE_SIDE_STYLE('',(#16882));
#16882 = SURFACE_STYLE_FILL_AREA(#16883);
#16883 = FILL_AREA_STYLE('',(#16884));
#16884 = FILL_AREA_STYLE_COLOUR('',#15986);
#16885 = STYLED_ITEM('color',(#16886),#12207);
#16886 = PRESENTATION_STYLE_ASSIGNMENT((#16887));
#16887 = SURFACE_STYLE_USAGE(.BOTH.,#16888);
#16888 = SURFACE_SIDE_STYLE('',(#16889));
#16889 = SURFACE_STYLE_FILL_AREA(#16890);
#16890 = FILL_AREA_STYLE('',(#16891));
#16891 = FILL_AREA_STYLE_COLOUR('',#15986);
#16892 = STYLED_ITEM('color',(#16893),#12234);
#16893 = PRESENTATION_STYLE_ASSIGNMENT((#16894));
#16894 = SURFACE_STYLE_USAGE(.BOTH.,#16895);
#16895 = SURFACE_SIDE_STYLE('',(#16896));
#16896 = SURFACE_STYLE_FILL_AREA(#16897);
#16897 = FILL_AREA_STYLE('',(#16898));
#16898 = FILL_AREA_STYLE_COLOUR('',#15986);
#16899 = STYLED_ITEM('color',(#16900),#12261);
#16900 = PRESENTATION_STYLE_ASSIGNMENT((#16901));
#16901 = SURFACE_STYLE_USAGE(.BOTH.,#16902);
#16902 = SURFACE_SIDE_STYLE('',(#16903));
#16903 = SURFACE_STYLE_FILL_AREA(#16904);
#16904 = FILL_AREA_STYLE('',(#16905));
#16905 = FILL_AREA_STYLE_COLOUR('',#15986);
#16906 = STYLED_ITEM('color',(#16907),#12268);
#16907 = PRESENTATION_STYLE_ASSIGNMENT((#16908));
#16908 = SURFACE_STYLE_USAGE(.BOTH.,#16909);
#16909 = SURFACE_SIDE_STYLE('',(#16910));
#16910 = SURFACE_STYLE_FILL_AREA(#16911);
#16911 = FILL_AREA_STYLE('',(#16912));
#16912 = FILL_AREA_STYLE_COLOUR('',#15986);
#16913 = STYLED_ITEM('color',(#16914),#12295);
#16914 = PRESENTATION_STYLE_ASSIGNMENT((#16915));
#16915 = SURFACE_STYLE_USAGE(.BOTH.,#16916);
#16916 = SURFACE_SIDE_STYLE('',(#16917));
#16917 = SURFACE_STYLE_FILL_AREA(#16918);
#16918 = FILL_AREA_STYLE('',(#16919));
#16919 = FILL_AREA_STYLE_COLOUR('',#15986);
#16920 = STYLED_ITEM('color',(#16921),#12322);
#16921 = PRESENTATION_STYLE_ASSIGNMENT((#16922));
#16922 = SURFACE_STYLE_USAGE(.BOTH.,#16923);
#16923 = SURFACE_SIDE_STYLE('',(#16924));
#16924 = SURFACE_STYLE_FILL_AREA(#16925);
#16925 = FILL_AREA_STYLE('',(#16926));
#16926 = FILL_AREA_STYLE_COLOUR('',#15986);
#16927 = STYLED_ITEM('color',(#16928),#12349);
#16928 = PRESENTATION_STYLE_ASSIGNMENT((#16929));
#16929 = SURFACE_STYLE_USAGE(.BOTH.,#16930);
#16930 = SURFACE_SIDE_STYLE('',(#16931));
#16931 = SURFACE_STYLE_FILL_AREA(#16932);
#16932 = FILL_AREA_STYLE('',(#16933));
#16933 = FILL_AREA_STYLE_COLOUR('',#15986);
#16934 = STYLED_ITEM('color',(#16935),#12376);
#16935 = PRESENTATION_STYLE_ASSIGNMENT((#16936));
#16936 = SURFACE_STYLE_USAGE(.BOTH.,#16937);
#16937 = SURFACE_SIDE_STYLE('',(#16938));
#16938 = SURFACE_STYLE_FILL_AREA(#16939);
#16939 = FILL_AREA_STYLE('',(#16940));
#16940 = FILL_AREA_STYLE_COLOUR('',#15986);
#16941 = STYLED_ITEM('color',(#16942),#12403);
#16942 = PRESENTATION_STYLE_ASSIGNMENT((#16943));
#16943 = SURFACE_STYLE_USAGE(.BOTH.,#16944);
#16944 = SURFACE_SIDE_STYLE('',(#16945));
#16945 = SURFACE_STYLE_FILL_AREA(#16946);
#16946 = FILL_AREA_STYLE('',(#16947));
#16947 = FILL_AREA_STYLE_COLOUR('',#15986);
#16948 = STYLED_ITEM('color',(#16949),#12430);
#16949 = PRESENTATION_STYLE_ASSIGNMENT((#16950));
#16950 = SURFACE_STYLE_USAGE(.BOTH.,#16951);
#16951 = SURFACE_SIDE_STYLE('',(#16952));
#16952 = SURFACE_STYLE_FILL_AREA(#16953);
#16953 = FILL_AREA_STYLE('',(#16954));
#16954 = FILL_AREA_STYLE_COLOUR('',#15986);
#16955 = STYLED_ITEM('color',(#16956),#12457);
#16956 = PRESENTATION_STYLE_ASSIGNMENT((#16957));
#16957 = SURFACE_STYLE_USAGE(.BOTH.,#16958);
#16958 = SURFACE_SIDE_STYLE('',(#16959));
#16959 = SURFACE_STYLE_FILL_AREA(#16960);
#16960 = FILL_AREA_STYLE('',(#16961));
#16961 = FILL_AREA_STYLE_COLOUR('',#15986);
#16962 = STYLED_ITEM('color',(#16963),#12464);
#16963 = PRESENTATION_STYLE_ASSIGNMENT((#16964));
#16964 = SURFACE_STYLE_USAGE(.BOTH.,#16965);
#16965 = SURFACE_SIDE_STYLE('',(#16966));
#16966 = SURFACE_STYLE_FILL_AREA(#16967);
#16967 = FILL_AREA_STYLE('',(#16968));
#16968 = FILL_AREA_STYLE_COLOUR('',#15986);
#16969 = STYLED_ITEM('color',(#16970),#12491);
#16970 = PRESENTATION_STYLE_ASSIGNMENT((#16971));
#16971 = SURFACE_STYLE_USAGE(.BOTH.,#16972);
#16972 = SURFACE_SIDE_STYLE('',(#16973));
#16973 = SURFACE_STYLE_FILL_AREA(#16974);
#16974 = FILL_AREA_STYLE('',(#16975));
#16975 = FILL_AREA_STYLE_COLOUR('',#15986);
#16976 = STYLED_ITEM('color',(#16977),#12518);
#16977 = PRESENTATION_STYLE_ASSIGNMENT((#16978));
#16978 = SURFACE_STYLE_USAGE(.BOTH.,#16979);
#16979 = SURFACE_SIDE_STYLE('',(#16980));
#16980 = SURFACE_STYLE_FILL_AREA(#16981);
#16981 = FILL_AREA_STYLE('',(#16982));
#16982 = FILL_AREA_STYLE_COLOUR('',#15986);
#16983 = STYLED_ITEM('color',(#16984),#12545);
#16984 = PRESENTATION_STYLE_ASSIGNMENT((#16985));
#16985 = SURFACE_STYLE_USAGE(.BOTH.,#16986);
#16986 = SURFACE_SIDE_STYLE('',(#16987));
#16987 = SURFACE_STYLE_FILL_AREA(#16988);
#16988 = FILL_AREA_STYLE('',(#16989));
#16989 = FILL_AREA_STYLE_COLOUR('',#15986);
#16990 = STYLED_ITEM('color',(#16991),#12572);
#16991 = PRESENTATION_STYLE_ASSIGNMENT((#16992));
#16992 = SURFACE_STYLE_USAGE(.BOTH.,#16993);
#16993 = SURFACE_SIDE_STYLE('',(#16994));
#16994 = SURFACE_STYLE_FILL_AREA(#16995);
#16995 = FILL_AREA_STYLE('',(#16996));
#16996 = FILL_AREA_STYLE_COLOUR('',#15986);
#16997 = STYLED_ITEM('color',(#16998),#12599);
#16998 = PRESENTATION_STYLE_ASSIGNMENT((#16999));
#16999 = SURFACE_STYLE_USAGE(.BOTH.,#17000);
#17000 = SURFACE_SIDE_STYLE('',(#17001));
#17001 = SURFACE_STYLE_FILL_AREA(#17002);
#17002 = FILL_AREA_STYLE('',(#17003));
#17003 = FILL_AREA_STYLE_COLOUR('',#15986);
#17004 = STYLED_ITEM('color',(#17005),#12626);
#17005 = PRESENTATION_STYLE_ASSIGNMENT((#17006));
#17006 = SURFACE_STYLE_USAGE(.BOTH.,#17007);
#17007 = SURFACE_SIDE_STYLE('',(#17008));
#17008 = SURFACE_STYLE_FILL_AREA(#17009);
#17009 = FILL_AREA_STYLE('',(#17010));
#17010 = FILL_AREA_STYLE_COLOUR('',#15986);
#17011 = STYLED_ITEM('color',(#17012),#12653);
#17012 = PRESENTATION_STYLE_ASSIGNMENT((#17013));
#17013 = SURFACE_STYLE_USAGE(.BOTH.,#17014);
#17014 = SURFACE_SIDE_STYLE('',(#17015));
#17015 = SURFACE_STYLE_FILL_AREA(#17016);
#17016 = FILL_AREA_STYLE('',(#17017));
#17017 = FILL_AREA_STYLE_COLOUR('',#15986);
#17018 = STYLED_ITEM('color',(#17019),#12660);
#17019 = PRESENTATION_STYLE_ASSIGNMENT((#17020));
#17020 = SURFACE_STYLE_USAGE(.BOTH.,#17021);
#17021 = SURFACE_SIDE_STYLE('',(#17022));
#17022 = SURFACE_STYLE_FILL_AREA(#17023);
#17023 = FILL_AREA_STYLE('',(#17024));
#17024 = FILL_AREA_STYLE_COLOUR('',#15986);
#17025 = STYLED_ITEM('color',(#17026),#12687);
#17026 = PRESENTATION_STYLE_ASSIGNMENT((#17027));
#17027 = SURFACE_STYLE_USAGE(.BOTH.,#17028);
#17028 = SURFACE_SIDE_STYLE('',(#17029));
#17029 = SURFACE_STYLE_FILL_AREA(#17030);
#17030 = FILL_AREA_STYLE('',(#17031));
#17031 = FILL_AREA_STYLE_COLOUR('',#15986);
#17032 = STYLED_ITEM('color',(#17033),#12714);
#17033 = PRESENTATION_STYLE_ASSIGNMENT((#17034));
#17034 = SURFACE_STYLE_USAGE(.BOTH.,#17035);
#17035 = SURFACE_SIDE_STYLE('',(#17036));
#17036 = SURFACE_STYLE_FILL_AREA(#17037);
#17037 = FILL_AREA_STYLE('',(#17038));
#17038 = FILL_AREA_STYLE_COLOUR('',#15986);
#17039 = STYLED_ITEM('color',(#17040),#12741);
#17040 = PRESENTATION_STYLE_ASSIGNMENT((#17041));
#17041 = SURFACE_STYLE_USAGE(.BOTH.,#17042);
#17042 = SURFACE_SIDE_STYLE('',(#17043));
#17043 = SURFACE_STYLE_FILL_AREA(#17044);
#17044 = FILL_AREA_STYLE('',(#17045));
#17045 = FILL_AREA_STYLE_COLOUR('',#15986);
#17046 = STYLED_ITEM('color',(#17047),#12768);
#17047 = PRESENTATION_STYLE_ASSIGNMENT((#17048));
#17048 = SURFACE_STYLE_USAGE(.BOTH.,#17049);
#17049 = SURFACE_SIDE_STYLE('',(#17050));
#17050 = SURFACE_STYLE_FILL_AREA(#17051);
#17051 = FILL_AREA_STYLE('',(#17052));
#17052 = FILL_AREA_STYLE_COLOUR('',#15986);
#17053 = STYLED_ITEM('color',(#17054),#12795);
#17054 = PRESENTATION_STYLE_ASSIGNMENT((#17055));
#17055 = SURFACE_STYLE_USAGE(.BOTH.,#17056);
#17056 = SURFACE_SIDE_STYLE('',(#17057));
#17057 = SURFACE_STYLE_FILL_AREA(#17058);
#17058 = FILL_AREA_STYLE('',(#17059));
#17059 = FILL_AREA_STYLE_COLOUR('',#15986);
#17060 = STYLED_ITEM('color',(#17061),#12822);
#17061 = PRESENTATION_STYLE_ASSIGNMENT((#17062));
#17062 = SURFACE_STYLE_USAGE(.BOTH.,#17063);
#17063 = SURFACE_SIDE_STYLE('',(#17064));
#17064 = SURFACE_STYLE_FILL_AREA(#17065);
#17065 = FILL_AREA_STYLE('',(#17066));
#17066 = FILL_AREA_STYLE_COLOUR('',#15986);
#17067 = STYLED_ITEM('color',(#17068),#12849);
#17068 = PRESENTATION_STYLE_ASSIGNMENT((#17069));
#17069 = SURFACE_STYLE_USAGE(.BOTH.,#17070);
#17070 = SURFACE_SIDE_STYLE('',(#17071));
#17071 = SURFACE_STYLE_FILL_AREA(#17072);
#17072 = FILL_AREA_STYLE('',(#17073));
#17073 = FILL_AREA_STYLE_COLOUR('',#15986);
#17074 = MECHANICAL_DESIGN_GEOMETRIC_PRESENTATION_REPRESENTATION('',(
    #17075,#17083,#17090,#17097,#17104,#17111,#17118,#17125,#17132,
    #17139,#17146,#17154,#17161,#17168,#17175,#17182,#17189,#17196,
    #17203,#17210,#17217,#17224,#17231,#17238,#17245,#17252,#17259,
    #17266),#14880);
#17075 = STYLED_ITEM('color',(#17076),#12900);
#17076 = PRESENTATION_STYLE_ASSIGNMENT((#17077));
#17077 = SURFACE_STYLE_USAGE(.BOTH.,#17078);
#17078 = SURFACE_SIDE_STYLE('',(#17079));
#17079 = SURFACE_STYLE_FILL_AREA(#17080);
#17080 = FILL_AREA_STYLE('',(#17081));
#17081 = FILL_AREA_STYLE_COLOUR('',#17082);
#17082 = COLOUR_RGB('',0.823999987314,0.819999987296,0.781000009244);
#17083 = STYLED_ITEM('color',(#17084),#13144);
#17084 = PRESENTATION_STYLE_ASSIGNMENT((#17085));
#17085 = SURFACE_STYLE_USAGE(.BOTH.,#17086);
#17086 = SURFACE_SIDE_STYLE('',(#17087));
#17087 = SURFACE_STYLE_FILL_AREA(#17088);
#17088 = FILL_AREA_STYLE('',(#17089));
#17089 = FILL_AREA_STYLE_COLOUR('',#17082);
#17090 = STYLED_ITEM('color',(#17091),#13220);
#17091 = PRESENTATION_STYLE_ASSIGNMENT((#17092));
#17092 = SURFACE_STYLE_USAGE(.BOTH.,#17093);
#17093 = SURFACE_SIDE_STYLE('',(#17094));
#17094 = SURFACE_STYLE_FILL_AREA(#17095);
#17095 = FILL_AREA_STYLE('',(#17096));
#17096 = FILL_AREA_STYLE_COLOUR('',#17082);
#17097 = STYLED_ITEM('color',(#17098),#13270);
#17098 = PRESENTATION_STYLE_ASSIGNMENT((#17099));
#17099 = SURFACE_STYLE_USAGE(.BOTH.,#17100);
#17100 = SURFACE_SIDE_STYLE('',(#17101));
#17101 = SURFACE_STYLE_FILL_AREA(#17102);
#17102 = FILL_AREA_STYLE('',(#17103));
#17103 = FILL_AREA_STYLE_COLOUR('',#17082);
#17104 = STYLED_ITEM('color',(#17105),#13324);
#17105 = PRESENTATION_STYLE_ASSIGNMENT((#17106));
#17106 = SURFACE_STYLE_USAGE(.BOTH.,#17107);
#17107 = SURFACE_SIDE_STYLE('',(#17108));
#17108 = SURFACE_STYLE_FILL_AREA(#17109);
#17109 = FILL_AREA_STYLE('',(#17110));
#17110 = FILL_AREA_STYLE_COLOUR('',#17082);
#17111 = STYLED_ITEM('color',(#17112),#13373);
#17112 = PRESENTATION_STYLE_ASSIGNMENT((#17113));
#17113 = SURFACE_STYLE_USAGE(.BOTH.,#17114);
#17114 = SURFACE_SIDE_STYLE('',(#17115));
#17115 = SURFACE_STYLE_FILL_AREA(#17116);
#17116 = FILL_AREA_STYLE('',(#17117));
#17117 = FILL_AREA_STYLE_COLOUR('',#17082);
#17118 = STYLED_ITEM('color',(#17119),#13422);
#17119 = PRESENTATION_STYLE_ASSIGNMENT((#17120));
#17120 = SURFACE_STYLE_USAGE(.BOTH.,#17121);
#17121 = SURFACE_SIDE_STYLE('',(#17122));
#17122 = SURFACE_STYLE_FILL_AREA(#17123);
#17123 = FILL_AREA_STYLE('',(#17124));
#17124 = FILL_AREA_STYLE_COLOUR('',#17082);
#17125 = STYLED_ITEM('color',(#17126),#13476);
#17126 = PRESENTATION_STYLE_ASSIGNMENT((#17127));
#17127 = SURFACE_STYLE_USAGE(.BOTH.,#17128);
#17128 = SURFACE_SIDE_STYLE('',(#17129));
#17129 = SURFACE_STYLE_FILL_AREA(#17130);
#17130 = FILL_AREA_STYLE('',(#17131));
#17131 = FILL_AREA_STYLE_COLOUR('',#17082);
#17132 = STYLED_ITEM('color',(#17133),#13526);
#17133 = PRESENTATION_STYLE_ASSIGNMENT((#17134));
#17134 = SURFACE_STYLE_USAGE(.BOTH.,#17135);
#17135 = SURFACE_SIDE_STYLE('',(#17136));
#17136 = SURFACE_STYLE_FILL_AREA(#17137);
#17137 = FILL_AREA_STYLE('',(#17138));
#17138 = FILL_AREA_STYLE_COLOUR('',#17082);
#17139 = STYLED_ITEM('color',(#17140),#13553);
#17140 = PRESENTATION_STYLE_ASSIGNMENT((#17141));
#17141 = SURFACE_STYLE_USAGE(.BOTH.,#17142);
#17142 = SURFACE_SIDE_STYLE('',(#17143));
#17143 = SURFACE_STYLE_FILL_AREA(#17144);
#17144 = FILL_AREA_STYLE('',(#17145));
#17145 = FILL_AREA_STYLE_COLOUR('',#17082);
#17146 = STYLED_ITEM('color',(#17147),#13802);
#17147 = PRESENTATION_STYLE_ASSIGNMENT((#17148));
#17148 = SURFACE_STYLE_USAGE(.BOTH.,#17149);
#17149 = SURFACE_SIDE_STYLE('',(#17150));
#17150 = SURFACE_STYLE_FILL_AREA(#17151);
#17151 = FILL_AREA_STYLE('',(#17152));
#17152 = FILL_AREA_STYLE_COLOUR('',#17153);
#17153 = COLOUR_RGB('',0.379000005575,0.270000008848,0.214999999939);
#17154 = STYLED_ITEM('color',(#17155),#13879);
#17155 = PRESENTATION_STYLE_ASSIGNMENT((#17156));
#17156 = SURFACE_STYLE_USAGE(.BOTH.,#17157);
#17157 = SURFACE_SIDE_STYLE('',(#17158));
#17158 = SURFACE_STYLE_FILL_AREA(#17159);
#17159 = FILL_AREA_STYLE('',(#17160));
#17160 = FILL_AREA_STYLE_COLOUR('',#17153);
#17161 = STYLED_ITEM('color',(#17162),#13928);
#17162 = PRESENTATION_STYLE_ASSIGNMENT((#17163));
#17163 = SURFACE_STYLE_USAGE(.BOTH.,#17164);
#17164 = SURFACE_SIDE_STYLE('',(#17165));
#17165 = SURFACE_STYLE_FILL_AREA(#17166);
#17166 = FILL_AREA_STYLE('',(#17167));
#17167 = FILL_AREA_STYLE_COLOUR('',#17153);
#17168 = STYLED_ITEM('color',(#17169),#13982);
#17169 = PRESENTATION_STYLE_ASSIGNMENT((#17170));
#17170 = SURFACE_STYLE_USAGE(.BOTH.,#17171);
#17171 = SURFACE_SIDE_STYLE('',(#17172));
#17172 = SURFACE_STYLE_FILL_AREA(#17173);
#17173 = FILL_AREA_STYLE('',(#17174));
#17174 = FILL_AREA_STYLE_COLOUR('',#17153);
#17175 = STYLED_ITEM('color',(#17176),#14031);
#17176 = PRESENTATION_STYLE_ASSIGNMENT((#17177));
#17177 = SURFACE_STYLE_USAGE(.BOTH.,#17178);
#17178 = SURFACE_SIDE_STYLE('',(#17179));
#17179 = SURFACE_STYLE_FILL_AREA(#17180);
#17180 = FILL_AREA_STYLE('',(#17181));
#17181 = FILL_AREA_STYLE_COLOUR('',#17153);
#17182 = STYLED_ITEM('color',(#17183),#14081);
#17183 = PRESENTATION_STYLE_ASSIGNMENT((#17184));
#17184 = SURFACE_STYLE_USAGE(.BOTH.,#17185);
#17185 = SURFACE_SIDE_STYLE('',(#17186));
#17186 = SURFACE_STYLE_FILL_AREA(#17187);
#17187 = FILL_AREA_STYLE('',(#17188));
#17188 = FILL_AREA_STYLE_COLOUR('',#17153);
#17189 = STYLED_ITEM('color',(#17190),#14130);
#17190 = PRESENTATION_STYLE_ASSIGNMENT((#17191));
#17191 = SURFACE_STYLE_USAGE(.BOTH.,#17192);
#17192 = SURFACE_SIDE_STYLE('',(#17193));
#17193 = SURFACE_STYLE_FILL_AREA(#17194);
#17194 = FILL_AREA_STYLE('',(#17195));
#17195 = FILL_AREA_STYLE_COLOUR('',#17153);
#17196 = STYLED_ITEM('color',(#17197),#14184);
#17197 = PRESENTATION_STYLE_ASSIGNMENT((#17198));
#17198 = SURFACE_STYLE_USAGE(.BOTH.,#17199);
#17199 = SURFACE_SIDE_STYLE('',(#17200));
#17200 = SURFACE_STYLE_FILL_AREA(#17201);
#17201 = FILL_AREA_STYLE('',(#17202));
#17202 = FILL_AREA_STYLE_COLOUR('',#17153);
#17203 = STYLED_ITEM('color',(#17204),#14211);
#17204 = PRESENTATION_STYLE_ASSIGNMENT((#17205));
#17205 = SURFACE_STYLE_USAGE(.BOTH.,#17206);
#17206 = SURFACE_SIDE_STYLE('',(#17207));
#17207 = SURFACE_STYLE_FILL_AREA(#17208);
#17208 = FILL_AREA_STYLE('',(#17209));
#17209 = FILL_AREA_STYLE_COLOUR('',#17082);
#17210 = STYLED_ITEM('color',(#17211),#14460);
#17211 = PRESENTATION_STYLE_ASSIGNMENT((#17212));
#17212 = SURFACE_STYLE_USAGE(.BOTH.,#17213);
#17213 = SURFACE_SIDE_STYLE('',(#17214));
#17214 = SURFACE_STYLE_FILL_AREA(#17215);
#17215 = FILL_AREA_STYLE('',(#17216));
#17216 = FILL_AREA_STYLE_COLOUR('',#17082);
#17217 = STYLED_ITEM('color',(#17218),#14536);
#17218 = PRESENTATION_STYLE_ASSIGNMENT((#17219));
#17219 = SURFACE_STYLE_USAGE(.BOTH.,#17220);
#17220 = SURFACE_SIDE_STYLE('',(#17221));
#17221 = SURFACE_STYLE_FILL_AREA(#17222);
#17222 = FILL_AREA_STYLE('',(#17223));
#17223 = FILL_AREA_STYLE_COLOUR('',#17082);
#17224 = STYLED_ITEM('color',(#17225),#14586);
#17225 = PRESENTATION_STYLE_ASSIGNMENT((#17226));
#17226 = SURFACE_STYLE_USAGE(.BOTH.,#17227);
#17227 = SURFACE_SIDE_STYLE('',(#17228));
#17228 = SURFACE_STYLE_FILL_AREA(#17229);
#17229 = FILL_AREA_STYLE('',(#17230));
#17230 = FILL_AREA_STYLE_COLOUR('',#17082);
#17231 = STYLED_ITEM('color',(#17232),#14640);
#17232 = PRESENTATION_STYLE_ASSIGNMENT((#17233));
#17233 = SURFACE_STYLE_USAGE(.BOTH.,#17234);
#17234 = SURFACE_SIDE_STYLE('',(#17235));
#17235 = SURFACE_STYLE_FILL_AREA(#17236);
#17236 = FILL_AREA_STYLE('',(#17237));
#17237 = FILL_AREA_STYLE_COLOUR('',#17082);
#17238 = STYLED_ITEM('color',(#17239),#14689);
#17239 = PRESENTATION_STYLE_ASSIGNMENT((#17240));
#17240 = SURFACE_STYLE_USAGE(.BOTH.,#17241);
#17241 = SURFACE_SIDE_STYLE('',(#17242));
#17242 = SURFACE_STYLE_FILL_AREA(#17243);
#17243 = FILL_AREA_STYLE('',(#17244));
#17244 = FILL_AREA_STYLE_COLOUR('',#17082);
#17245 = STYLED_ITEM('color',(#17246),#14738);
#17246 = PRESENTATION_STYLE_ASSIGNMENT((#17247));
#17247 = SURFACE_STYLE_USAGE(.BOTH.,#17248);
#17248 = SURFACE_SIDE_STYLE('',(#17249));
#17249 = SURFACE_STYLE_FILL_AREA(#17250);
#17250 = FILL_AREA_STYLE('',(#17251));
#17251 = FILL_AREA_STYLE_COLOUR('',#17082);
#17252 = STYLED_ITEM('color',(#17253),#14792);
#17253 = PRESENTATION_STYLE_ASSIGNMENT((#17254));
#17254 = SURFACE_STYLE_USAGE(.BOTH.,#17255);
#17255 = SURFACE_SIDE_STYLE('',(#17256));
#17256 = SURFACE_STYLE_FILL_AREA(#17257);
#17257 = FILL_AREA_STYLE('',(#17258));
#17258 = FILL_AREA_STYLE_COLOUR('',#17082);
#17259 = STYLED_ITEM('color',(#17260),#14842);
#17260 = PRESENTATION_STYLE_ASSIGNMENT((#17261));
#17261 = SURFACE_STYLE_USAGE(.BOTH.,#17262);
#17262 = SURFACE_SIDE_STYLE('',(#17263));
#17263 = SURFACE_STYLE_FILL_AREA(#17264);
#17264 = FILL_AREA_STYLE('',(#17265));
#17265 = FILL_AREA_STYLE_COLOUR('',#17082);
#17266 = STYLED_ITEM('color',(#17267),#14869);
#17267 = PRESENTATION_STYLE_ASSIGNMENT((#17268));
#17268 = SURFACE_STYLE_USAGE(.BOTH.,#17269);
#17269 = SURFACE_SIDE_STYLE('',(#17270));
#17270 = SURFACE_STYLE_FILL_AREA(#17271);
#17271 = FILL_AREA_STYLE('',(#17272));
#17272 = FILL_AREA_STYLE_COLOUR('',#17082);
#17273 = MECHANICAL_DESIGN_GEOMETRIC_PRESENTATION_REPRESENTATION('',(
    #17274,#17282),#15965);
#17274 = STYLED_ITEM('color',(#17275),#14899);
#17275 = PRESENTATION_STYLE_ASSIGNMENT((#17276));
#17276 = SURFACE_STYLE_USAGE(.BOTH.,#17277);
#17277 = SURFACE_SIDE_STYLE('',(#17278));
#17278 = SURFACE_STYLE_FILL_AREA(#17279);
#17279 = FILL_AREA_STYLE('',(#17280));
#17280 = FILL_AREA_STYLE_COLOUR('',#17281);
#17281 = COLOUR_RGB('',0.313304153717,0.484529207832,0.410020903123);
#17282 = OVER_RIDING_STYLED_ITEM('overriding color',(#17283),#14899,
  #17274);
#17283 = PRESENTATION_STYLE_BY_CONTEXT((#17284),#15977);
#17284 = SURFACE_STYLE_USAGE(.BOTH.,#17285);
#17285 = SURFACE_SIDE_STYLE('',(#17286));
#17286 = SURFACE_STYLE_FILL_AREA(#17287);
#17287 = FILL_AREA_STYLE('',(#17288));
#17288 = FILL_AREA_STYLE_COLOUR('',#17289);
#17289 = COLOUR_RGB('',0.313304153717,0.484529207832,0.410020903123);
#17290 = MECHANICAL_DESIGN_GEOMETRIC_PRESENTATION_REPRESENTATION('',(
    #17291,#17298,#17305,#17312,#17319,#17326,#17333,#17340,#17348,
    #17355,#17362,#17369,#17376,#17383,#17391,#17398,#17405,#17412,
    #17419,#17426,#17433,#17440,#17447,#17454,#17461,#17468),#1910);
#17291 = STYLED_ITEM('color',(#17292),#70);
#17292 = PRESENTATION_STYLE_ASSIGNMENT((#17293));
#17293 = SURFACE_STYLE_USAGE(.BOTH.,#17294);
#17294 = SURFACE_SIDE_STYLE('',(#17295));
#17295 = SURFACE_STYLE_FILL_AREA(#17296);
#17296 = FILL_AREA_STYLE('',(#17297));
#17297 = FILL_AREA_STYLE_COLOUR('',#17082);
#17298 = STYLED_ITEM('color',(#17299),#190);
#17299 = PRESENTATION_STYLE_ASSIGNMENT((#17300));
#17300 = SURFACE_STYLE_USAGE(.BOTH.,#17301);
#17301 = SURFACE_SIDE_STYLE('',(#17302));
#17302 = SURFACE_STYLE_FILL_AREA(#17303);
#17303 = FILL_AREA_STYLE('',(#17304));
#17304 = FILL_AREA_STYLE_COLOUR('',#17082);
#17305 = STYLED_ITEM('color',(#17306),#436);
#17306 = PRESENTATION_STYLE_ASSIGNMENT((#17307));
#17307 = SURFACE_STYLE_USAGE(.BOTH.,#17308);
#17308 = SURFACE_SIDE_STYLE('',(#17309));
#17309 = SURFACE_STYLE_FILL_AREA(#17310);
#17310 = FILL_AREA_STYLE('',(#17311));
#17311 = FILL_AREA_STYLE_COLOUR('',#17082);
#17312 = STYLED_ITEM('color',(#17313),#490);
#17313 = PRESENTATION_STYLE_ASSIGNMENT((#17314));
#17314 = SURFACE_STYLE_USAGE(.BOTH.,#17315);
#17315 = SURFACE_SIDE_STYLE('',(#17316));
#17316 = SURFACE_STYLE_FILL_AREA(#17317);
#17317 = FILL_AREA_STYLE('',(#17318));
#17318 = FILL_AREA_STYLE_COLOUR('',#17082);
#17319 = STYLED_ITEM('color',(#17320),#540);
#17320 = PRESENTATION_STYLE_ASSIGNMENT((#17321));
#17321 = SURFACE_STYLE_USAGE(.BOTH.,#17322);
#17322 = SURFACE_SIDE_STYLE('',(#17323));
#17323 = SURFACE_STYLE_FILL_AREA(#17324);
#17324 = FILL_AREA_STYLE('',(#17325));
#17325 = FILL_AREA_STYLE_COLOUR('',#17082);
#17326 = STYLED_ITEM('color',(#17327),#716);
#17327 = PRESENTATION_STYLE_ASSIGNMENT((#17328));
#17328 = SURFACE_STYLE_USAGE(.BOTH.,#17329);
#17329 = SURFACE_SIDE_STYLE('',(#17330));
#17330 = SURFACE_STYLE_FILL_AREA(#17331);
#17331 = FILL_AREA_STYLE('',(#17332));
#17332 = FILL_AREA_STYLE_COLOUR('',#17082);
#17333 = STYLED_ITEM('color',(#17334),#743);
#17334 = PRESENTATION_STYLE_ASSIGNMENT((#17335));
#17335 = SURFACE_STYLE_USAGE(.BOTH.,#17336);
#17336 = SURFACE_SIDE_STYLE('',(#17337));
#17337 = SURFACE_STYLE_FILL_AREA(#17338);
#17338 = FILL_AREA_STYLE('',(#17339));
#17339 = FILL_AREA_STYLE_COLOUR('',#17082);
#17340 = STYLED_ITEM('color',(#17341),#775);
#17341 = PRESENTATION_STYLE_ASSIGNMENT((#17342));
#17342 = SURFACE_STYLE_USAGE(.BOTH.,#17343);
#17343 = SURFACE_SIDE_STYLE('',(#17344));
#17344 = SURFACE_STYLE_FILL_AREA(#17345);
#17345 = FILL_AREA_STYLE('',(#17346));
#17346 = FILL_AREA_STYLE_COLOUR('',#17347);
#17347 = COLOUR_RGB('',0.894999966383,0.890999961016,0.813000030345);
#17348 = STYLED_ITEM('color',(#17349),#904);
#17349 = PRESENTATION_STYLE_ASSIGNMENT((#17350));
#17350 = SURFACE_STYLE_USAGE(.BOTH.,#17351);
#17351 = SURFACE_SIDE_STYLE('',(#17352));
#17352 = SURFACE_STYLE_FILL_AREA(#17353);
#17353 = FILL_AREA_STYLE('',(#17354));
#17354 = FILL_AREA_STYLE_COLOUR('',#17082);
#17355 = STYLED_ITEM('color',(#17356),#931);
#17356 = PRESENTATION_STYLE_ASSIGNMENT((#17357));
#17357 = SURFACE_STYLE_USAGE(.BOTH.,#17358);
#17358 = SURFACE_SIDE_STYLE('',(#17359));
#17359 = SURFACE_STYLE_FILL_AREA(#17360);
#17360 = FILL_AREA_STYLE('',(#17361));
#17361 = FILL_AREA_STYLE_COLOUR('',#17082);
#17362 = STYLED_ITEM('color',(#17363),#963);
#17363 = PRESENTATION_STYLE_ASSIGNMENT((#17364));
#17364 = SURFACE_STYLE_USAGE(.BOTH.,#17365);
#17365 = SURFACE_SIDE_STYLE('',(#17366));
#17366 = SURFACE_STYLE_FILL_AREA(#17367);
#17367 = FILL_AREA_STYLE('',(#17368));
#17368 = FILL_AREA_STYLE_COLOUR('',#17347);
#17369 = STYLED_ITEM('color',(#17370),#1092);
#17370 = PRESENTATION_STYLE_ASSIGNMENT((#17371));
#17371 = SURFACE_STYLE_USAGE(.BOTH.,#17372);
#17372 = SURFACE_SIDE_STYLE('',(#17373));
#17373 = SURFACE_STYLE_FILL_AREA(#17374);
#17374 = FILL_AREA_STYLE('',(#17375));
#17375 = FILL_AREA_STYLE_COLOUR('',#17347);
#17376 = STYLED_ITEM('color',(#17377),#1124);
#17377 = PRESENTATION_STYLE_ASSIGNMENT((#17378));
#17378 = SURFACE_STYLE_USAGE(.BOTH.,#17379);
#17379 = SURFACE_SIDE_STYLE('',(#17380));
#17380 = SURFACE_STYLE_FILL_AREA(#17381);
#17381 = FILL_AREA_STYLE('',(#17382));
#17382 = FILL_AREA_STYLE_COLOUR('',#17082);
#17383 = STYLED_ITEM('color',(#17384),#1331);
#17384 = PRESENTATION_STYLE_ASSIGNMENT((#17385));
#17385 = SURFACE_STYLE_USAGE(.BOTH.,#17386);
#17386 = SURFACE_SIDE_STYLE('',(#17387));
#17387 = SURFACE_STYLE_FILL_AREA(#17388);
#17388 = FILL_AREA_STYLE('',(#17389));
#17389 = FILL_AREA_STYLE_COLOUR('',#17390);
#17390 = COLOUR_RGB('',8.200000279077E-02,8.600000121357E-02,
  9.399999706163E-02);
#17391 = STYLED_ITEM('color',(#17392),#1412);
#17392 = PRESENTATION_STYLE_ASSIGNMENT((#17393));
#17393 = SURFACE_STYLE_USAGE(.BOTH.,#17394);
#17394 = SURFACE_SIDE_STYLE('',(#17395));
#17395 = SURFACE_STYLE_FILL_AREA(#17396);
#17396 = FILL_AREA_STYLE('',(#17397));
#17397 = FILL_AREA_STYLE_COLOUR('',#17390);
#17398 = STYLED_ITEM('color',(#17399),#1461);
#17399 = PRESENTATION_STYLE_ASSIGNMENT((#17400));
#17400 = SURFACE_STYLE_USAGE(.BOTH.,#17401);
#17401 = SURFACE_SIDE_STYLE('',(#17402));
#17402 = SURFACE_STYLE_FILL_AREA(#17403);
#17403 = FILL_AREA_STYLE('',(#17404));
#17404 = FILL_AREA_STYLE_COLOUR('',#17082);
#17405 = STYLED_ITEM('color',(#17406),#1638);
#17406 = PRESENTATION_STYLE_ASSIGNMENT((#17407));
#17407 = SURFACE_STYLE_USAGE(.BOTH.,#17408);
#17408 = SURFACE_SIDE_STYLE('',(#17409));
#17409 = SURFACE_STYLE_FILL_AREA(#17410);
#17410 = FILL_AREA_STYLE('',(#17411));
#17411 = FILL_AREA_STYLE_COLOUR('',#17390);
#17412 = STYLED_ITEM('color',(#17413),#1687);
#17413 = PRESENTATION_STYLE_ASSIGNMENT((#17414));
#17414 = SURFACE_STYLE_USAGE(.BOTH.,#17415);
#17415 = SURFACE_SIDE_STYLE('',(#17416));
#17416 = SURFACE_STYLE_FILL_AREA(#17417);
#17417 = FILL_AREA_STYLE('',(#17418));
#17418 = FILL_AREA_STYLE_COLOUR('',#17082);
#17419 = STYLED_ITEM('color',(#17420),#1714);
#17420 = PRESENTATION_STYLE_ASSIGNMENT((#17421));
#17421 = SURFACE_STYLE_USAGE(.BOTH.,#17422);
#17422 = SURFACE_SIDE_STYLE('',(#17423));
#17423 = SURFACE_STYLE_FILL_AREA(#17424);
#17424 = FILL_AREA_STYLE('',(#17425));
#17425 = FILL_AREA_STYLE_COLOUR('',#17082);
#17426 = STYLED_ITEM('color',(#17427),#1741);
#17427 = PRESENTATION_STYLE_ASSIGNMENT((#17428));
#17428 = SURFACE_STYLE_USAGE(.BOTH.,#17429);
#17429 = SURFACE_SIDE_STYLE('',(#17430));
#17430 = SURFACE_STYLE_FILL_AREA(#17431);
#17431 = FILL_AREA_STYLE('',(#17432));
#17432 = FILL_AREA_STYLE_COLOUR('',#17082);
#17433 = STYLED_ITEM('color',(#17434),#1768);
#17434 = PRESENTATION_STYLE_ASSIGNMENT((#17435));
#17435 = SURFACE_STYLE_USAGE(.BOTH.,#17436);
#17436 = SURFACE_SIDE_STYLE('',(#17437));
#17437 = SURFACE_STYLE_FILL_AREA(#17438);
#17438 = FILL_AREA_STYLE('',(#17439));
#17439 = FILL_AREA_STYLE_COLOUR('',#17082);
#17440 = STYLED_ITEM('color',(#17441),#1795);
#17441 = PRESENTATION_STYLE_ASSIGNMENT((#17442));
#17442 = SURFACE_STYLE_USAGE(.BOTH.,#17443);
#17443 = SURFACE_SIDE_STYLE('',(#17444));
#17444 = SURFACE_STYLE_FILL_AREA(#17445);
#17445 = FILL_AREA_STYLE('',(#17446));
#17446 = FILL_AREA_STYLE_COLOUR('',#17082);
#17447 = STYLED_ITEM('color',(#17448),#1822);
#17448 = PRESENTATION_STYLE_ASSIGNMENT((#17449));
#17449 = SURFACE_STYLE_USAGE(.BOTH.,#17450);
#17450 = SURFACE_SIDE_STYLE('',(#17451));
#17451 = SURFACE_STYLE_FILL_AREA(#17452);
#17452 = FILL_AREA_STYLE('',(#17453));
#17453 = FILL_AREA_STYLE_COLOUR('',#17082);
#17454 = STYLED_ITEM('color',(#17455),#1849);
#17455 = PRESENTATION_STYLE_ASSIGNMENT((#17456));
#17456 = SURFACE_STYLE_USAGE(.BOTH.,#17457);
#17457 = SURFACE_SIDE_STYLE('',(#17458));
#17458 = SURFACE_STYLE_FILL_AREA(#17459);
#17459 = FILL_AREA_STYLE('',(#17460));
#17460 = FILL_AREA_STYLE_COLOUR('',#17082);
#17461 = STYLED_ITEM('color',(#17462),#1876);
#17462 = PRESENTATION_STYLE_ASSIGNMENT((#17463));
#17463 = SURFACE_STYLE_USAGE(.BOTH.,#17464);
#17464 = SURFACE_SIDE_STYLE('',(#17465));
#17465 = SURFACE_STYLE_FILL_AREA(#17466);
#17466 = FILL_AREA_STYLE('',(#17467));
#17467 = FILL_AREA_STYLE_COLOUR('',#17390);
#17468 = STYLED_ITEM('color',(#17469),#1903);
#17469 = PRESENTATION_STYLE_ASSIGNMENT((#17470));
#17470 = SURFACE_STYLE_USAGE(.BOTH.,#17471);
#17471 = SURFACE_SIDE_STYLE('',(#17472));
#17472 = SURFACE_STYLE_FILL_AREA(#17473);
#17473 = FILL_AREA_STYLE('',(#17474));
#17474 = FILL_AREA_STYLE_COLOUR('',#17390);
ENDSEC;
END-ISO-10303-21;
