#VRML V2.0 utf8
DEF TXFM_1 Transform {
  center 0 0 0
  rotation 0 0 1 0
  scale 0.00254 0.00254 0.00254
  scaleOrientation 0 0 1 0
  translation 0 0 0
 children [
DEF TXFM_2 Transform {
  center 0 0 0
  rotation 0 0 1 0
  scale 1 1 1
  scaleOrientation 0 0 1 0
  translation 0 0 0
 children [
DEF SHAPE_1 Shape {
 appearance DEF APP_1 Appearance {
  material Material {
   ambientIntensity 1
   diffuseColor 0.43000001 0.44999999 0.30000001
   emissiveColor 0 0 0
   shininess 0.0099999998
   specularColor 0.48699999 0.505 0.37
   transparency 0.1
} }
 geometry DEF FACE_1 IndexedFaceSet {
  coord DEF COORD_1 Coordinate { point [
  59.452596 -31.582102 0.31003937,59.289962 -31.376119 0.31003937,
  59.098994 -31.207188 0.31003937,58.885046 -31.069583 0.31003937,
  58.653474 -30.957582 0.31003937,58.40963 -30.865459 0.31003937,
  50.914389 -30.876781 0.31003937,50.679035 -30.949878 0.31003937,
  50.464787 -31.047096 0.31003937,50.271452 -31.168212 0.31003937,
  50.098837 -31.313011 0.31003937,49.946751 -31.481269 0.31003937,
  49.815 -31.672769 0.31003937,49.703392 -31.887289 0.31003937,
  49.611734 -32.124609 0.31003937,49.606223 -44.396322 0.31003937,
  53.18134 -44.406589 0.31003937,53.180562 -43.933261 0.31003937,
  56.657421 -43.930628 0.31003937,56.653543 -44.409449 0.31003937,
  58.976378 -44.409449 0.31003937,58.961606 -41.737867 0.31003937,
  59.726782 -41.359561 0.31003937,59.71696 -32.479604 0.31003937,
  59.67145 -32.12812 0.31003937,59.581544 -31.830861 0.31003937,
  59.394882 -33.925197 0.31003937,59.379508 -34.002487 0.31003937,
  59.335727 -34.06801 0.31003937,59.270203 -34.111791 0.31003937,
  59.192913 -34.127165 0.31003937,59.115623 -34.111791 0.31003937,
  59.0501 -34.06801 0.31003937,59.006319 -34.002487 0.31003937,
  58.990945 -33.925197 0.31003937,59.006319 -33.847907 0.31003937,
  59.0501 -33.782384 0.31003937,59.115623 -33.738602 0.31003937,
  59.192913 -33.723228 0.31003937,59.270203 -33.738602 0.31003937,
  59.335727 -33.782384 0.31003937,59.379508 -33.847907 0.31003937,
  59.394882 -34.925197 0.31003937,59.379508 -35.002487 0.31003937,
  59.335727 -35.06801 0.31003937,59.270203 -35.111791 0.31003937,
  59.192913 -35.127165 0.31003937,59.115623 -35.111791 0.31003937,
  59.0501 -35.06801 0.31003937,59.006319 -35.002487 0.31003937,
  58.990945 -34.925197 0.31003937,59.006319 -34.847907 0.31003937,
  59.0501 -34.782384 0.31003937,59.115623 -34.738602 0.31003937,
  59.192913 -34.723228 0.31003937,59.270203 -34.738602 0.31003937,
  59.335727 -34.782384 0.31003937,59.379508 -34.847907 0.31003937,
  59.394882 -35.925197 0.31003937,59.379508 -36.002487 0.31003937,
  59.335727 -36.06801 0.31003937,59.270203 -36.111791 0.31003937,
  59.192913 -36.127165 0.31003937,59.115623 -36.111791 0.31003937,
  59.0501 -36.06801 0.31003937,59.006319 -36.002487 0.31003937,
  58.990945 -35.925197 0.31003937,59.006319 -35.847907 0.31003937,
  59.0501 -35.782384 0.31003937,59.115623 -35.738602 0.31003937,
  59.192913 -35.723228 0.31003937,59.270203 -35.738602 0.31003937,
  59.335727 -35.782384 0.31003937,59.379508 -35.847907 0.31003937,
  59.394882 -36.925197 0.31003937,59.379508 -37.002487 0.31003937,
  59.335727 -37.06801 0.31003937,59.270203 -37.111791 0.31003937,
  59.192913 -37.127165 0.31003937,59.115623 -37.111791 0.31003937,
  59.0501 -37.06801 0.31003937,59.006319 -37.002487 0.31003937,
  58.990945 -36.925197 0.31003937,59.006319 -36.847907 0.31003937,
  59.0501 -36.782384 0.31003937,59.115623 -36.738602 0.31003937,
  59.192913 -36.723228 0.31003937,59.270203 -36.738602 0.31003937,
  59.335727 -36.782384 0.31003937,59.379508 -36.847907 0.31003937,
  59.394882 -37.925197 0.31003937,59.379508 -38.002487 0.31003937,
  59.335727 -38.06801 0.31003937,59.270203 -38.111791 0.31003937,
  59.192913 -38.127165 0.31003937,59.115623 -38.111791 0.31003937,
  59.0501 -38.06801 0.31003937,59.006319 -38.002487 0.31003937,
  58.990945 -37.925197 0.31003937,59.006319 -37.847907 0.31003937,
  59.0501 -37.782384 0.31003937,59.115623 -37.738602 0.31003937,
  59.192913 -37.723228 0.31003937,59.270203 -37.738602 0.31003937,
  59.335727 -37.782384 0.31003937,59.379508 -37.847907 0.31003937,
  59.394882 -38.925197 0.31003937,59.379508 -39.002487 0.31003937,
  59.335727 -39.06801 0.31003937,59.270203 -39.111791 0.31003937,
  59.192913 -39.127165 0.31003937,59.115623 -39.111791 0.31003937,
  59.0501 -39.06801 0.31003937,59.006319 -39.002487 0.31003937,
  58.990945 -38.925197 0.31003937,59.006319 -38.847907 0.31003937,
  59.0501 -38.782384 0.31003937,59.115623 -38.738602 0.31003937,
  59.192913 -38.723228 0.31003937,59.270203 -38.738602 0.31003937,
  59.335727 -38.782384 0.31003937,59.379508 -38.847907 0.31003937,
  59.394882 -39.925197 0.31003937,59.379508 -40.002487 0.31003937,
  59.335727 -40.06801 0.31003937,59.270203 -40.111791 0.31003937,
  59.192913 -40.127165 0.31003937,59.115623 -40.111791 0.31003937,
  59.0501 -40.06801 0.31003937,59.006319 -40.002487 0.31003937,
  58.990945 -39.925197 0.31003937,59.006319 -39.847907 0.31003937,
  59.0501 -39.782384 0.31003937,59.115623 -39.738602 0.31003937,
  59.192913 -39.723228 0.31003937,59.270203 -39.738602 0.31003937,
  59.335727 -39.782384 0.31003937,59.379508 -39.847907 0.31003937,
  59.394882 -40.925197 0.31003937,59.379508 -41.002487 0.31003937,
  59.335727 -41.06801 0.31003937,59.270203 -41.111791 0.31003937,
  59.192913 -41.127165 0.31003937,59.115623 -41.111791 0.31003937,
  59.0501 -41.06801 0.31003937,59.006319 -41.002487 0.31003937,
  58.990945 -40.925197 0.31003937,59.006319 -40.847907 0.31003937,
  59.0501 -40.782384 0.31003937,59.115623 -40.738602 0.31003937,
  59.192913 -40.723228 0.31003937,59.270203 -40.738602 0.31003937,
  59.335727 -40.782384 0.31003937,59.379508 -40.847907 0.31003937,
  50.394882 -33.925197 0.31003937,50.379508 -34.002487 0.31003937,
  50.335727 -34.06801 0.31003937,50.270203 -34.111791 0.31003937,
  50.192913 -34.127165 0.31003937,50.115623 -34.111791 0.31003937,
  50.0501 -34.06801 0.31003937,50.006319 -34.002487 0.31003937,
  49.990945 -33.925197 0.31003937,50.006319 -33.847907 0.31003937,
  50.0501 -33.782384 0.31003937,50.115623 -33.738602 0.31003937,
  50.192913 -33.723228 0.31003937,50.270203 -33.738602 0.31003937,
  50.335727 -33.782384 0.31003937,50.379508 -33.847907 0.31003937,
  50.394882 -34.925197 0.31003937,50.379508 -35.002487 0.31003937,
  50.335727 -35.06801 0.31003937,50.270203 -35.111791 0.31003937,
  50.192913 -35.127165 0.31003937,50.115623 -35.111791 0.31003937,
  50.0501 -35.06801 0.31003937,50.006319 -35.002487 0.31003937,
  49.990945 -34.925197 0.31003937,50.006319 -34.847907 0.31003937,
  50.0501 -34.782384 0.31003937,50.115623 -34.738602 0.31003937,
  50.192913 -34.723228 0.31003937,50.270203 -34.738602 0.31003937,
  50.335727 -34.782384 0.31003937,50.379508 -34.847907 0.31003937,
  50.394882 -35.925197 0.31003937,50.379508 -36.002487 0.31003937,
  50.335727 -36.06801 0.31003937,50.270203 -36.111791 0.31003937,
  50.192913 -36.127165 0.31003937,50.115623 -36.111791 0.31003937,
  50.0501 -36.06801 0.31003937,50.006319 -36.002487 0.31003937,
  49.990945 -35.925197 0.31003937,50.006319 -35.847907 0.31003937,
  50.0501 -35.782384 0.31003937,50.115623 -35.738602 0.31003937,
  50.192913 -35.723228 0.31003937,50.270203 -35.738602 0.31003937,
  50.335727 -35.782384 0.31003937,50.379508 -35.847907 0.31003937,
  50.394882 -36.925197 0.31003937,50.379508 -37.002487 0.31003937,
  50.335727 -37.06801 0.31003937,50.270203 -37.111791 0.31003937,
  50.192913 -37.127165 0.31003937,50.115623 -37.111791 0.31003937,
  50.0501 -37.06801 0.31003937,50.006319 -37.002487 0.31003937,
  49.990945 -36.925197 0.31003937,50.006319 -36.847907 0.31003937,
  50.0501 -36.782384 0.31003937,50.115623 -36.738602 0.31003937,
  50.192913 -36.723228 0.31003937,50.270203 -36.738602 0.31003937,
  50.335727 -36.782384 0.31003937,50.379508 -36.847907 0.31003937,
  50.394882 -37.925197 0.31003937,50.379508 -38.002487 0.31003937,
  50.335727 -38.06801 0.31003937,50.270203 -38.111791 0.31003937,
  50.192913 -38.127165 0.31003937,50.115623 -38.111791 0.31003937,
  50.0501 -38.06801 0.31003937,50.006319 -38.002487 0.31003937,
  49.990945 -37.925197 0.31003937,50.006319 -37.847907 0.31003937,
  50.0501 -37.782384 0.31003937,50.115623 -37.738602 0.31003937,
  50.192913 -37.723228 0.31003937,50.270203 -37.738602 0.31003937,
  50.335727 -37.782384 0.31003937,50.379508 -37.847907 0.31003937,
  50.394882 -38.925197 0.31003937,50.379508 -39.002487 0.31003937,
  50.335727 -39.06801 0.31003937,50.270203 -39.111791 0.31003937,
  50.192913 -39.127165 0.31003937,50.115623 -39.111791 0.31003937,
  50.0501 -39.06801 0.31003937,50.006319 -39.002487 0.31003937,
  49.990945 -38.925197 0.31003937,50.006319 -38.847907 0.31003937,
  50.0501 -38.782384 0.31003937,50.115623 -38.738602 0.31003937,
  50.192913 -38.723228 0.31003937,50.270203 -38.738602 0.31003937,
  50.335727 -38.782384 0.31003937,50.379508 -38.847907 0.31003937,
  50.394882 -39.925197 0.31003937,50.379508 -40.002487 0.31003937,
  50.335727 -40.06801 0.31003937,50.270203 -40.111791 0.31003937,
  50.192913 -40.127165 0.31003937,50.115623 -40.111791 0.31003937,
  50.0501 -40.06801 0.31003937,50.006319 -40.002487 0.31003937,
  49.990945 -39.925197 0.31003937,50.006319 -39.847907 0.31003937,
  50.0501 -39.782384 0.31003937,50.115623 -39.738602 0.31003937,
  50.192913 -39.723228 0.31003937,50.270203 -39.738602 0.31003937,
  50.335727 -39.782384 0.31003937,50.379508 -39.847907 0.31003937,
  49.990945 -40.925197 0.31003937,50.006319 -40.847907 0.31003937,
  50.0501 -40.782384 0.31003937,50.115623 -40.738602 0.31003937,
  50.192913 -40.723228 0.31003937,50.270203 -40.738602 0.31003937,
  50.335727 -40.782384 0.31003937,50.379508 -40.847907 0.31003937,
  50.394882 -40.925197 0.31003937,50.379508 -41.002487 0.31003937,
  50.335727 -41.06801 0.31003937,50.270203 -41.111791 0.31003937,
  50.192913 -41.127165 0.31003937,50.115623 -41.111791 0.31003937,
  50.0501 -41.06801 0.31003937,50.006319 -41.002487 0.31003937,
  59.452596 -31.582102 -0.31003937,59.289962 -31.376119 -0.31003937,
  59.098994 -31.207188 -0.31003937,58.885046 -31.069583 -0.31003937,
  58.653474 -30.957582 -0.31003937,58.40963 -30.865459 -0.31003937,
  50.914389 -30.876781 -0.31003937,50.679035 -30.949878 -0.31003937,
  50.464787 -31.047096 -0.31003937,50.271452 -31.168212 -0.31003937,
  50.098837 -31.313011 -0.31003937,49.946751 -31.481269 -0.31003937,
  49.815 -31.672769 -0.31003937,49.703392 -31.887289 -0.31003937,
  49.611734 -32.124609 -0.31003937,49.606223 -44.396322 -0.31003937,
  53.18134 -44.406589 -0.31003937,53.180562 -43.933261 -0.31003937,
  56.657421 -43.930628 -0.31003937,56.653543 -44.409449 -0.31003937,
  58.976378 -44.409449 -0.31003937,58.961606 -41.737867 -0.31003937,
  59.726782 -41.359561 -0.31003937,59.71696 -32.479604 -0.31003937,
  59.67145 -32.12812 -0.31003937,59.581544 -31.830861 -0.31003937,
  59.394882 -33.925197 -0.31003937,59.379508 -34.002487 -0.31003937,
  59.335727 -34.06801 -0.31003937,59.270203 -34.111791 -0.31003937,
  59.192913 -34.127165 -0.31003937,59.115623 -34.111791 -0.31003937,
  59.0501 -34.06801 -0.31003937,59.006319 -34.002487 -0.31003937,
  58.990945 -33.925197 -0.31003937,59.006319 -33.847907 -0.31003937,
  59.0501 -33.782384 -0.31003937,59.115623 -33.738602 -0.31003937,
  59.192913 -33.723228 -0.31003937,59.270203 -33.738602 -0.31003937,
  59.335727 -33.782384 -0.31003937,59.379508 -33.847907 -0.31003937,
  59.394882 -34.925197 -0.31003937,59.379508 -35.002487 -0.31003937,
  59.335727 -35.06801 -0.31003937,59.270203 -35.111791 -0.31003937,
  59.192913 -35.127165 -0.31003937,59.115623 -35.111791 -0.31003937,
  59.0501 -35.06801 -0.31003937,59.006319 -35.002487 -0.31003937,
  58.990945 -34.925197 -0.31003937,59.006319 -34.847907 -0.31003937,
  59.0501 -34.782384 -0.31003937,59.115623 -34.738602 -0.31003937,
  59.192913 -34.723228 -0.31003937,59.270203 -34.738602 -0.31003937,
  59.335727 -34.782384 -0.31003937,59.379508 -34.847907 -0.31003937,
  59.394882 -35.925197 -0.31003937,59.379508 -36.002487 -0.31003937,
  59.335727 -36.06801 -0.31003937,59.270203 -36.111791 -0.31003937,
  59.192913 -36.127165 -0.31003937,59.115623 -36.111791 -0.31003937,
  59.0501 -36.06801 -0.31003937,59.006319 -36.002487 -0.31003937,
  58.990945 -35.925197 -0.31003937,59.006319 -35.847907 -0.31003937,
  59.0501 -35.782384 -0.31003937,59.115623 -35.738602 -0.31003937,
  59.192913 -35.723228 -0.31003937,59.270203 -35.738602 -0.31003937,
  59.335727 -35.782384 -0.31003937,59.379508 -35.847907 -0.31003937,
  59.394882 -36.925197 -0.31003937,59.379508 -37.002487 -0.31003937,
  59.335727 -37.06801 -0.31003937,59.270203 -37.111791 -0.31003937,
  59.192913 -37.127165 -0.31003937,59.115623 -37.111791 -0.31003937,
  59.0501 -37.06801 -0.31003937,59.006319 -37.002487 -0.31003937,
  58.990945 -36.925197 -0.31003937,59.006319 -36.847907 -0.31003937,
  59.0501 -36.782384 -0.31003937,59.115623 -36.738602 -0.31003937,
  59.192913 -36.723228 -0.31003937,59.270203 -36.738602 -0.31003937,
  59.335727 -36.782384 -0.31003937,59.379508 -36.847907 -0.31003937,
  59.394882 -37.925197 -0.31003937,59.379508 -38.002487 -0.31003937,
  59.335727 -38.06801 -0.31003937,59.270203 -38.111791 -0.31003937,
  59.192913 -38.127165 -0.31003937,59.115623 -38.111791 -0.31003937,
  59.0501 -38.06801 -0.31003937,59.006319 -38.002487 -0.31003937,
  58.990945 -37.925197 -0.31003937,59.006319 -37.847907 -0.31003937,
  59.0501 -37.782384 -0.31003937,59.115623 -37.738602 -0.31003937,
  59.192913 -37.723228 -0.31003937,59.270203 -37.738602 -0.31003937,
  59.335727 -37.782384 -0.31003937,59.379508 -37.847907 -0.31003937,
  59.394882 -38.925197 -0.31003937,59.379508 -39.002487 -0.31003937,
  59.335727 -39.06801 -0.31003937,59.270203 -39.111791 -0.31003937,
  59.192913 -39.127165 -0.31003937,59.115623 -39.111791 -0.31003937,
  59.0501 -39.06801 -0.31003937,59.006319 -39.002487 -0.31003937,
  58.990945 -38.925197 -0.31003937,59.006319 -38.847907 -0.31003937,
  59.0501 -38.782384 -0.31003937,59.115623 -38.738602 -0.31003937,
  59.192913 -38.723228 -0.31003937,59.270203 -38.738602 -0.31003937,
  59.335727 -38.782384 -0.31003937,59.379508 -38.847907 -0.31003937,
  59.394882 -39.925197 -0.31003937,59.379508 -40.002487 -0.31003937,
  59.335727 -40.06801 -0.31003937,59.270203 -40.111791 -0.31003937,
  59.192913 -40.127165 -0.31003937,59.115623 -40.111791 -0.31003937,
  59.0501 -40.06801 -0.31003937,59.006319 -40.002487 -0.31003937,
  58.990945 -39.925197 -0.31003937,59.006319 -39.847907 -0.31003937,
  59.0501 -39.782384 -0.31003937,59.115623 -39.738602 -0.31003937,
  59.192913 -39.723228 -0.31003937,59.270203 -39.738602 -0.31003937,
  59.335727 -39.782384 -0.31003937,59.379508 -39.847907 -0.31003937,
  59.394882 -40.925197 -0.31003937,59.379508 -41.002487 -0.31003937,
  59.335727 -41.06801 -0.31003937,59.270203 -41.111791 -0.31003937,
  59.192913 -41.127165 -0.31003937,59.115623 -41.111791 -0.31003937,
  59.0501 -41.06801 -0.31003937,59.006319 -41.002487 -0.31003937,
  58.990945 -40.925197 -0.31003937,59.006319 -40.847907 -0.31003937,
  59.0501 -40.782384 -0.31003937,59.115623 -40.738602 -0.31003937,
  59.192913 -40.723228 -0.31003937,59.270203 -40.738602 -0.31003937,
  59.335727 -40.782384 -0.31003937,59.379508 -40.847907 -0.31003937,
  50.394882 -33.925197 -0.31003937,50.379508 -34.002487 -0.31003937,
  50.335727 -34.06801 -0.31003937,50.270203 -34.111791 -0.31003937,
  50.192913 -34.127165 -0.31003937,50.115623 -34.111791 -0.31003937,
  50.0501 -34.06801 -0.31003937,50.006319 -34.002487 -0.31003937,
  49.990945 -33.925197 -0.31003937,50.006319 -33.847907 -0.31003937,
  50.0501 -33.782384 -0.31003937,50.115623 -33.738602 -0.31003937,
  50.192913 -33.723228 -0.31003937,50.270203 -33.738602 -0.31003937,
  50.335727 -33.782384 -0.31003937,50.379508 -33.847907 -0.31003937,
  50.394882 -34.925197 -0.31003937,50.379508 -35.002487 -0.31003937,
  50.335727 -35.06801 -0.31003937,50.270203 -35.111791 -0.31003937,
  50.192913 -35.127165 -0.31003937,50.115623 -35.111791 -0.31003937,
  50.0501 -35.06801 -0.31003937,50.006319 -35.002487 -0.31003937,
  49.990945 -34.925197 -0.31003937,50.006319 -34.847907 -0.31003937,
  50.0501 -34.782384 -0.31003937,50.115623 -34.738602 -0.31003937,
  50.192913 -34.723228 -0.31003937,50.270203 -34.738602 -0.31003937,
  50.335727 -34.782384 -0.31003937,50.379508 -34.847907 -0.31003937,
  50.394882 -35.925197 -0.31003937,50.379508 -36.002487 -0.31003937,
  50.335727 -36.06801 -0.31003937,50.270203 -36.111791 -0.31003937,
  50.192913 -36.127165 -0.31003937,50.115623 -36.111791 -0.31003937,
  50.0501 -36.06801 -0.31003937,50.006319 -36.002487 -0.31003937,
  49.990945 -35.925197 -0.31003937,50.006319 -35.847907 -0.31003937,
  50.0501 -35.782384 -0.31003937,50.115623 -35.738602 -0.31003937,
  50.192913 -35.723228 -0.31003937,50.270203 -35.738602 -0.31003937,
  50.335727 -35.782384 -0.31003937,50.379508 -35.847907 -0.31003937,
  50.394882 -36.925197 -0.31003937,50.379508 -37.002487 -0.31003937,
  50.335727 -37.06801 -0.31003937,50.270203 -37.111791 -0.31003937,
  50.192913 -37.127165 -0.31003937,50.115623 -37.111791 -0.31003937,
  50.0501 -37.06801 -0.31003937,50.006319 -37.002487 -0.31003937,
  49.990945 -36.925197 -0.31003937,50.006319 -36.847907 -0.31003937,
  50.0501 -36.782384 -0.31003937,50.115623 -36.738602 -0.31003937,
  50.192913 -36.723228 -0.31003937,50.270203 -36.738602 -0.31003937,
  50.335727 -36.782384 -0.31003937,50.379508 -36.847907 -0.31003937,
  50.394882 -37.925197 -0.31003937,50.379508 -38.002487 -0.31003937,
  50.335727 -38.06801 -0.31003937,50.270203 -38.111791 -0.31003937,
  50.192913 -38.127165 -0.31003937,50.115623 -38.111791 -0.31003937,
  50.0501 -38.06801 -0.31003937,50.006319 -38.002487 -0.31003937,
  49.990945 -37.925197 -0.31003937,50.006319 -37.847907 -0.31003937,
  50.0501 -37.782384 -0.31003937,50.115623 -37.738602 -0.31003937,
  50.192913 -37.723228 -0.31003937,50.270203 -37.738602 -0.31003937,
  50.335727 -37.782384 -0.31003937,50.379508 -37.847907 -0.31003937,
  50.394882 -38.925197 -0.31003937,50.379508 -39.002487 -0.31003937,
  50.335727 -39.06801 -0.31003937,50.270203 -39.111791 -0.31003937,
  50.192913 -39.127165 -0.31003937,50.115623 -39.111791 -0.31003937,
  50.0501 -39.06801 -0.31003937,50.006319 -39.002487 -0.31003937,
  49.990945 -38.925197 -0.31003937,50.006319 -38.847907 -0.31003937,
  50.0501 -38.782384 -0.31003937,50.115623 -38.738602 -0.31003937,
  50.192913 -38.723228 -0.31003937,50.270203 -38.738602 -0.31003937,
  50.335727 -38.782384 -0.31003937,50.379508 -38.847907 -0.31003937,
  50.394882 -39.925197 -0.31003937,50.379508 -40.002487 -0.31003937,
  50.335727 -40.06801 -0.31003937,50.270203 -40.111791 -0.31003937,
  50.192913 -40.127165 -0.31003937,50.115623 -40.111791 -0.31003937,
  50.0501 -40.06801 -0.31003937,50.006319 -40.002487 -0.31003937,
  49.990945 -39.925197 -0.31003937,50.006319 -39.847907 -0.31003937,
  50.0501 -39.782384 -0.31003937,50.115623 -39.738602 -0.31003937,
  50.192913 -39.723228 -0.31003937,50.270203 -39.738602 -0.31003937,
  50.335727 -39.782384 -0.31003937,50.379508 -39.847907 -0.31003937,
  49.990945 -40.925197 -0.31003937,50.006319 -40.847907 -0.31003937,
  50.0501 -40.782384 -0.31003937,50.115623 -40.738602 -0.31003937,
  50.192913 -40.723228 -0.31003937,50.270203 -40.738602 -0.31003937,
  50.335727 -40.782384 -0.31003937,50.379508 -40.847907 -0.31003937,
  50.394882 -40.925197 -0.31003937,50.379508 -41.002487 -0.31003937,
  50.335727 -41.06801 -0.31003937,50.270203 -41.111791 -0.31003937,
  50.192913 -41.127165 -0.31003937,50.115623 -41.111791 -0.31003937,
  50.0501 -41.06801 -0.31003937,50.006319 -41.002487 -0.31003937] }
 coordIndex [
  19,20,18,-1,18,20,5,-1,18,5,17,-1,17,5,6,-1,17,6,16,-1,16,6,7,-1,16,7,8,-1,4,20,3,-1,
  3,20,21,-1,3,21,34,-1,34,21,146,-1,34,146,130,-1,130,146,147,-1,130,147,129,-1,129,147,148,-1,129,148,128,-1,
  128,148,149,-1,128,149,127,-1,127,149,150,-1,127,150,126,-1,126,150,151,-1,126,151,125,-1,125,151,152,-1,125,152,124,-1,
  124,152,153,-1,124,153,123,-1,123,153,138,-1,123,138,122,-1,122,138,22,-1,122,22,106,-1,106,22,90,-1,106,90,91,-1,
  34,130,114,-1,114,130,131,-1,114,131,113,-1,113,131,132,-1,113,132,112,-1,112,132,133,-1,112,133,111,-1,111,133,134,-1,
  111,134,110,-1,110,134,135,-1,110,135,109,-1,109,135,136,-1,109,136,108,-1,108,136,137,-1,108,137,107,-1,107,137,122,-1,
  107,122,106,-1,34,114,98,-1,98,114,115,-1,98,115,97,-1,97,115,116,-1,97,116,96,-1,96,116,117,-1,96,117,95,-1,
  95,117,118,-1,95,118,94,-1,94,118,119,-1,94,119,93,-1,93,119,120,-1,93,120,92,-1,92,120,121,-1,92,121,91,-1,
  91,121,106,-1,34,98,82,-1,82,98,99,-1,82,99,81,-1,81,99,100,-1,81,100,80,-1,80,100,101,-1,80,101,79,-1,
  79,101,102,-1,79,102,78,-1,78,102,103,-1,78,103,77,-1,77,103,104,-1,77,104,76,-1,76,104,105,-1,76,105,75,-1,
  75,105,90,-1,75,90,74,-1,74,90,22,-1,74,22,58,-1,58,22,42,-1,58,42,43,-1,34,82,66,-1,66,82,83,-1,
  66,83,65,-1,65,83,84,-1,65,84,64,-1,64,84,85,-1,64,85,63,-1,63,85,86,-1,63,86,62,-1,62,86,87,-1,
  62,87,61,-1,61,87,88,-1,61,88,60,-1,60,88,89,-1,60,89,59,-1,59,89,74,-1,59,74,58,-1,34,66,50,-1,
  50,66,67,-1,50,67,49,-1,49,67,68,-1,49,68,48,-1,48,68,69,-1,48,69,47,-1,47,69,70,-1,47,70,46,-1,
  46,70,71,-1,46,71,45,-1,45,71,72,-1,45,72,44,-1,44,72,73,-1,44,73,43,-1,43,73,58,-1,25,0,22,-1,
  22,0,26,-1,22,26,42,-1,42,26,27,-1,42,27,57,-1,57,27,28,-1,57,28,56,-1,56,28,29,-1,56,29,55,-1,
  55,29,30,-1,55,30,54,-1,54,30,31,-1,54,31,53,-1,53,31,32,-1,53,32,52,-1,52,32,33,-1,52,33,51,-1,
  51,33,34,-1,51,34,50,-1,38,39,1,-1,1,39,40,-1,1,40,0,-1,0,40,41,-1,0,41,26,-1,35,36,2,-1,
  2,36,37,-1,2,37,1,-1,1,37,38,-1,2,3,34,-1,2,34,35,-1,24,25,22,-1,24,22,23,-1,22,138,139,-1,
  22,139,140,-1,22,140,141,-1,22,141,142,-1,22,142,143,-1,22,143,21,-1,21,143,144,-1,21,144,145,-1,21,145,146,-1,
  168,169,8,-1,8,169,154,-1,8,154,16,-1,16,154,170,-1,16,170,186,-1,186,170,171,-1,186,171,201,-1,201,171,172,-1,
  201,172,200,-1,200,172,173,-1,200,173,199,-1,199,173,174,-1,199,174,198,-1,198,174,175,-1,198,175,197,-1,197,175,176,-1,
  197,176,196,-1,196,176,177,-1,196,177,195,-1,195,177,178,-1,195,178,194,-1,194,178,162,-1,194,162,210,-1,210,162,226,-1,
  210,226,227,-1,186,202,16,-1,16,202,218,-1,16,218,234,-1,234,218,219,-1,234,219,249,-1,249,219,220,-1,249,220,248,-1,
  248,220,221,-1,248,221,247,-1,247,221,222,-1,247,222,246,-1,246,222,223,-1,246,223,245,-1,245,223,224,-1,245,224,244,-1,
  244,224,225,-1,244,225,243,-1,243,225,226,-1,243,226,242,-1,242,226,162,-1,242,162,258,-1,258,162,266,-1,258,266,267,-1,
  258,267,257,-1,257,267,268,-1,257,268,256,-1,256,268,269,-1,256,269,255,-1,255,269,270,-1,255,270,254,-1,254,270,271,-1,
  254,271,253,-1,253,271,272,-1,253,272,252,-1,252,272,273,-1,252,273,251,-1,251,273,274,-1,251,274,250,-1,250,274,16,-1,
  250,16,234,-1,16,274,275,-1,16,275,276,-1,16,276,277,-1,16,277,278,-1,16,278,279,-1,16,279,280,-1,16,280,15,-1,
  266,162,11,-1,266,11,12,-1,266,12,13,-1,266,13,14,-1,266,14,15,-1,266,15,281,-1,242,259,241,-1,241,259,260,-1,
  241,260,240,-1,240,260,261,-1,240,261,239,-1,239,261,262,-1,239,262,238,-1,238,262,263,-1,238,263,237,-1,237,263,264,-1,
  237,264,236,-1,236,264,265,-1,236,265,235,-1,235,265,250,-1,235,250,234,-1,210,227,209,-1,209,227,228,-1,209,228,208,-1,
  208,228,229,-1,208,229,207,-1,207,229,230,-1,207,230,206,-1,206,230,231,-1,206,231,205,-1,205,231,232,-1,205,232,204,-1,
  204,232,233,-1,204,233,203,-1,203,233,218,-1,203,218,202,-1,194,211,193,-1,193,211,212,-1,193,212,192,-1,192,212,213,-1,
  192,213,191,-1,191,213,214,-1,191,214,190,-1,190,214,215,-1,190,215,189,-1,189,215,216,-1,189,216,188,-1,188,216,217,-1,
  188,217,187,-1,187,217,202,-1,187,202,186,-1,162,179,161,-1,161,179,180,-1,161,180,160,-1,160,180,181,-1,160,181,159,-1,
  159,181,182,-1,159,182,158,-1,158,182,183,-1,158,183,157,-1,157,183,184,-1,157,184,156,-1,156,184,185,-1,156,185,155,-1,
  155,185,170,-1,155,170,154,-1,9,10,165,-1,9,165,166,-1,9,166,167,-1,9,167,168,-1,9,168,8,-1,10,11,162,-1,
  10,162,163,-1,10,163,164,-1,10,164,165,-1,179,162,178,-1,211,194,210,-1,259,242,258,-1,281,15,280,-1,5,20,4,-1,
  302,301,300,-1,302,300,287,-1,287,300,299,-1,287,299,288,-1,288,299,298,-1,288,298,289,-1,289,298,290,-1,302,286,285,-1,
  302,285,303,-1,303,285,316,-1,303,316,428,-1,428,316,412,-1,428,412,429,-1,429,412,411,-1,429,411,430,-1,430,411,410,-1,
  430,410,431,-1,431,410,409,-1,431,409,432,-1,432,409,408,-1,432,408,433,-1,433,408,407,-1,433,407,434,-1,434,407,406,-1,
  434,406,435,-1,435,406,405,-1,435,405,420,-1,420,405,404,-1,420,404,304,-1,304,404,388,-1,304,388,372,-1,372,388,373,-1,
  412,316,396,-1,412,396,413,-1,413,396,395,-1,413,395,414,-1,414,395,394,-1,414,394,415,-1,415,394,393,-1,415,393,416,-1,
  416,393,392,-1,416,392,417,-1,417,392,391,-1,417,391,418,-1,418,391,390,-1,418,390,419,-1,419,390,389,-1,419,389,404,-1,
  404,389,388,-1,396,316,380,-1,396,380,397,-1,397,380,379,-1,397,379,398,-1,398,379,378,-1,398,378,399,-1,399,378,377,-1,
  399,377,400,-1,400,377,376,-1,400,376,401,-1,401,376,375,-1,401,375,402,-1,402,375,374,-1,402,374,403,-1,403,374,373,-1,
  403,373,388,-1,380,316,364,-1,380,364,381,-1,381,364,363,-1,381,363,382,-1,382,363,362,-1,382,362,383,-1,383,362,361,-1,
  383,361,384,-1,384,361,360,-1,384,360,385,-1,385,360,359,-1,385,359,386,-1,386,359,358,-1,386,358,387,-1,387,358,357,-1,
  387,357,372,-1,372,357,356,-1,372,356,304,-1,304,356,340,-1,304,340,324,-1,324,340,325,-1,364,316,348,-1,364,348,365,-1,
  365,348,347,-1,365,347,366,-1,366,347,346,-1,366,346,367,-1,367,346,345,-1,367,345,368,-1,368,345,344,-1,368,344,369,-1,
  369,344,343,-1,369,343,370,-1,370,343,342,-1,370,342,371,-1,371,342,341,-1,371,341,356,-1,356,341,340,-1,348,316,332,-1,
  348,332,349,-1,349,332,331,-1,349,331,350,-1,350,331,330,-1,350,330,351,-1,351,330,329,-1,351,329,352,-1,352,329,328,-1,
  352,328,353,-1,353,328,327,-1,353,327,354,-1,354,327,326,-1,354,326,355,-1,355,326,325,-1,355,325,340,-1,282,307,304,-1,
  282,304,308,-1,308,304,324,-1,308,324,309,-1,309,324,339,-1,309,339,310,-1,310,339,338,-1,310,338,311,-1,311,338,337,-1,
  311,337,312,-1,312,337,336,-1,312,336,313,-1,313,336,335,-1,313,335,314,-1,314,335,334,-1,314,334,315,-1,315,334,333,-1,
  315,333,316,-1,316,333,332,-1,321,320,283,-1,321,283,322,-1,322,283,282,-1,322,282,323,-1,323,282,308,-1,318,317,284,-1,
  318,284,319,-1,319,284,283,-1,319,283,320,-1,285,284,316,-1,316,284,317,-1,307,306,304,-1,304,306,305,-1,420,304,421,-1,
  421,304,422,-1,422,304,423,-1,423,304,424,-1,424,304,425,-1,425,304,303,-1,425,303,426,-1,426,303,427,-1,427,303,428,-1,
  451,450,290,-1,451,290,436,-1,436,290,298,-1,436,298,452,-1,452,298,468,-1,452,468,453,-1,453,468,483,-1,453,483,454,-1,
  454,483,482,-1,454,482,455,-1,455,482,481,-1,455,481,456,-1,456,481,480,-1,456,480,457,-1,457,480,479,-1,457,479,458,-1,
  458,479,478,-1,458,478,459,-1,459,478,477,-1,459,477,460,-1,460,477,476,-1,460,476,444,-1,444,476,492,-1,444,492,508,-1,
  508,492,509,-1,484,468,298,-1,484,298,500,-1,500,298,516,-1,500,516,501,-1,501,516,531,-1,501,531,502,-1,502,531,530,-1,
  502,530,503,-1,503,530,529,-1,503,529,504,-1,504,529,528,-1,504,528,505,-1,505,528,527,-1,505,527,506,-1,506,527,526,-1,
  506,526,507,-1,507,526,525,-1,507,525,508,-1,508,525,524,-1,508,524,444,-1,444,524,540,-1,444,540,548,-1,548,540,549,-1,
  549,540,539,-1,549,539,550,-1,550,539,538,-1,550,538,551,-1,551,538,537,-1,551,537,552,-1,552,537,536,-1,552,536,553,-1,
  553,536,535,-1,553,535,554,-1,554,535,534,-1,554,534,555,-1,555,534,533,-1,555,533,556,-1,556,533,532,-1,556,532,298,-1,
  298,532,516,-1,556,298,557,-1,557,298,558,-1,558,298,559,-1,559,298,560,-1,560,298,561,-1,561,298,562,-1,562,298,297,-1,
  444,548,293,-1,293,548,294,-1,294,548,295,-1,295,548,296,-1,296,548,297,-1,297,548,563,-1,541,524,523,-1,541,523,542,-1,
  542,523,522,-1,542,522,543,-1,543,522,521,-1,543,521,544,-1,544,521,520,-1,544,520,545,-1,545,520,519,-1,545,519,546,-1,
  546,519,518,-1,546,518,547,-1,547,518,517,-1,547,517,532,-1,532,517,516,-1,509,492,491,-1,509,491,510,-1,510,491,490,-1,
  510,490,511,-1,511,490,489,-1,511,489,512,-1,512,489,488,-1,512,488,513,-1,513,488,487,-1,513,487,514,-1,514,487,486,-1,
  514,486,515,-1,515,486,485,-1,515,485,500,-1,500,485,484,-1,493,476,475,-1,493,475,494,-1,494,475,474,-1,494,474,495,-1,
  495,474,473,-1,495,473,496,-1,496,473,472,-1,496,472,497,-1,497,472,471,-1,497,471,498,-1,498,471,470,-1,498,470,499,-1,
  499,470,469,-1,499,469,484,-1,484,469,468,-1,461,444,443,-1,461,443,462,-1,462,443,442,-1,462,442,463,-1,463,442,441,-1,
  463,441,464,-1,464,441,440,-1,464,440,465,-1,465,440,439,-1,465,439,466,-1,466,439,438,-1,466,438,467,-1,467,438,437,-1,
  467,437,452,-1,452,437,436,-1,292,291,447,-1,447,291,448,-1,448,291,449,-1,449,291,450,-1,450,291,290,-1,293,292,444,-1,
  444,292,445,-1,445,292,446,-1,446,292,447,-1,444,461,460,-1,476,493,492,-1,524,541,540,-1,297,563,562,-1,302,287,286,-1]
  normalPerVertex TRUE
  normal DEF NORM_1 Normal { vector [
  0 0 1,0 0 1,
  0 0 1,0 0 1,
  0 0 1,0 0 1,
  0 0 1,0 0 1,
  0 0 1,0 0 1,
  0 0 1,0 0 1,
  0 0 1,0 0 1,
  0 0 1,0 0 1,
  0 0 1,0 0 1,
  0 0 1,0 0 1,
  0 0 1,0 0 1,
  0 0 1,0 0 1,
  0 0 1,0 0 1,
  0 0 1,0 0 1,
  0 0 1,0 0 1,
  0 0 1,0 0 1,
  0 0 1,0 0 1,
  0 0 1,0 0 1,
  0 0 1,0 0 1,
  0 0 1,0 0 1,
  0 0 1,0 0 1,
  0 0 1,0 0 1,
  0 0 1,0 0 1,
  0 0 1,0 0 1,
  0 0 1,0 0 1,
  0 0 1,0 0 1,
  0 0 1,0 0 1,
  0 0 1,0 0 1,
  0 0 1,0 0 1,
  0 0 1,0 0 1,
  0 0 1,0 0 1,
  0 0 1,0 0 1,
  0 0 1,0 0 1,
  0 0 1,0 0 1,
  0 0 1,0 0 1,
  0 0 1,0 0 1,
  0 0 1,0 0 1,
  0 0 1,0 0 1,
  0 0 1,0 0 1,
  0 0 1,0 0 1,
  0 0 1,0 0 1,
  0 0 1,0 0 1,
  0 0 1,0 0 1,
  0 0 1,0 0 1,
  0 0 1,0 0 1,
  0 0 1,0 0 1,
  0 0 1,0 0 1,
  0 0 1,0 0 1,
  0 0 1,0 0 1,
  0 0 1,0 0 1,
  0 0 1,0 0 1,
  0 0 1,0 0 1,
  0 0 1,0 0 1,
  0 0 1,0 0 1,
  0 0 1,0 0 1,
  0 0 1,0 0 1,
  0 0 1,0 0 1,
  0 0 1,0 0 1,
  0 0 1,0 0 1,
  0 0 1,0 0 1,
  0 0 1,0 0 1,
  0 0 1,0 0 1,
  0 0 1,0 0 1,
  0 0 1,0 0 1,
  0 0 1,0 0 1,
  0 0 1,0 0 1,
  0 0 1,0 0 1,
  0 0 1,0 0 1,
  0 0 1,0 0 1,
  0 0 1,0 0 1,
  0 0 1,0 0 1,
  0 0 1,0 0 1,
  0 0 1,0 0 1,
  0 0 1,0 0 1,
  0 0 1,0 0 1,
  0 0 1,0 0 1,
  0 0 1,0 0 1,
  0 0 1,0 0 1,
  0 0 1,0 0 1,
  0 0 1,0 0 1,
  0 0 1,0 0 1,
  0 0 1,0 0 1,
  0 0 1,0 0 1,
  0 0 1,0 0 1,
  0 0 1,0 0 1,
  0 0 1,0 0 1,
  0 0 1,0 0 1,
  0 0 1,0 0 1,
  0 0 1,0 0 1,
  0 0 1,0 0 1,
  0 0 1,0 0 1,
  0 0 1,0 0 1,
  0 0 1,0 0 1,
  0 0 1,0 0 1,
  0 0 1,0 0 1,
  0 0 1,0 0 1,
  0 0 1,0 0 1,
  0 0 1,0 0 1,
  0 0 1,0 0 1,
  0 0 1,0 0 1,
  0 0 1,0 0 1,
  0 0 1,0 0 1,
  0 0 1,0 0 1,
  0 0 1,0 0 1,
  0 0 1,0 0 1,
  0 0 1,0 0 1,
  0 0 1,0 0 1,
  0 0 1,0 0 1,
  0 0 1,0 0 1,
  0 0 1,0 0 1,
  0 0 1,0 0 1,
  0 0 1,0 0 1,
  0 0 1,0 0 1,
  0 0 1,0 0 1,
  0 0 1,0 0 1,
  0 0 1,0 0 1,
  0 0 1,0 0 1,
  0 0 1,0 0 1,
  0 0 1,0 0 1,
  0 0 1,0 0 1,
  0 0 1,0 0 1,
  0 0 1,0 0 1,
  0 0 1,0 0 1,
  0 0 1,0 0 1,
  0 0 1,0 0 1,
  0 0 1,0 0 1,
  0 0 1,0 0 1,
  0 0 1,0 0 1,
  0 0 1,0 0 1,
  0 0 1,0 0 1,
  0 0 1,0 0 1,
  0 0 1,0 0 1,
  0 0 1,0 0 1,
  0 0 1,0 0 1,
  0 0 1,0 0 1,
  0 0 1,0 0 1,
  0 0 1,0 0 1,
  0 0 1,0 0 1,
  0 0 1,0 0 1,
  0 0 1,0 0 1,
  0 0 1,0 0 1,
  0 0 -1,0 0 -1,
  0 0 -1,0 0 -1,
  0 0 -1,0 0 -1,
  0 0 -1,0 0 -1,
  0 0 -1,0 0 -1,
  0 0 -1,0 0 -1,
  0 0 -1,0 0 -1,
  0 0 -1,0 0 -1,
  0 0 -1,0 0 -1,
  0 0 -1,0 0 -1,
  0 0 -1,0 0 -1,
  0 0 -1,0 0 -1,
  0 0 -1,0 0 -1,
  0 0 -1,0 0 -1,
  0 0 -1,0 0 -1,
  0 0 -1,0 0 -1,
  0 0 -1,0 0 -1,
  0 0 -1,0 0 -1,
  0 0 -1,0 0 -1,
  0 0 -1,0 0 -1,
  0 0 -1,0 0 -1,
  0 0 -1,0 0 -1,
  0 0 -1,0 0 -1,
  0 0 -1,0 0 -1,
  0 0 -1,0 0 -1,
  0 0 -1,0 0 -1,
  0 0 -1,0 0 -1,
  0 0 -1,0 0 -1,
  0 0 -1,0 0 -1,
  0 0 -1,0 0 -1,
  0 0 -1,0 0 -1,
  0 0 -1,0 0 -1,
  0 0 -1,0 0 -1,
  0 0 -1,0 0 -1,
  0 0 -1,0 0 -1,
  0 0 -1,0 0 -1,
  0 0 -1,0 0 -1,
  0 0 -1,0 0 -1,
  0 0 -1,0 0 -1,
  0 0 -1,0 0 -1,
  0 0 -1,0 0 -1,
  0 0 -1,0 0 -1,
  0 0 -1,0 0 -1,
  0 0 -1,0 0 -1,
  0 0 -1,0 0 -1,
  0 0 -1,0 0 -1,
  0 0 -1,0 0 -1,
  0 0 -1,0 0 -1,
  0 0 -1,0 0 -1,
  0 0 -1,0 0 -1,
  0 0 -1,0 0 -1,
  0 0 -1,0 0 -1,
  0 0 -1,0 0 -1,
  0 0 -1,0 0 -1,
  0 0 -1,0 0 -1,
  0 0 -1,0 0 -1,
  0 0 -1,0 0 -1,
  0 0 -1,0 0 -1,
  0 0 -1,0 0 -1,
  0 0 -1,0 0 -1,
  0 0 -1,0 0 -1,
  0 0 -1,0 0 -1,
  0 0 -1,0 0 -1,
  0 0 -1,0 0 -1,
  0 0 -1,0 0 -1,
  0 0 -1,0 0 -1,
  0 0 -1,0 0 -1,
  0 0 -1,0 0 -1,
  0 0 -1,0 0 -1,
  0 0 -1,0 0 -1,
  0 0 -1,0 0 -1,
  0 0 -1,0 0 -1,
  0 0 -1,0 0 -1,
  0 0 -1,0 0 -1,
  0 0 -1,0 0 -1,
  0 0 -1,0 0 -1,
  0 0 -1,0 0 -1,
  0 0 -1,0 0 -1,
  0 0 -1,0 0 -1,
  0 0 -1,0 0 -1,
  0 0 -1,0 0 -1,
  0 0 -1,0 0 -1,
  0 0 -1,0 0 -1,
  0 0 -1,0 0 -1,
  0 0 -1,0 0 -1,
  0 0 -1,0 0 -1,
  0 0 -1,0 0 -1,
  0 0 -1,0 0 -1,
  0 0 -1,0 0 -1,
  0 0 -1,0 0 -1,
  0 0 -1,0 0 -1,
  0 0 -1,0 0 -1,
  0 0 -1,0 0 -1,
  0 0 -1,0 0 -1,
  0 0 -1,0 0 -1,
  0 0 -1,0 0 -1,
  0 0 -1,0 0 -1,
  0 0 -1,0 0 -1,
  0 0 -1,0 0 -1,
  0 0 -1,0 0 -1,
  0 0 -1,0 0 -1,
  0 0 -1,0 0 -1,
  0 0 -1,0 0 -1,
  0 0 -1,0 0 -1,
  0 0 -1,0 0 -1,
  0 0 -1,0 0 -1,
  0 0 -1,0 0 -1,
  0 0 -1,0 0 -1,
  0 0 -1,0 0 -1,
  0 0 -1,0 0 -1,
  0 0 -1,0 0 -1,
  0 0 -1,0 0 -1,
  0 0 -1,0 0 -1,
  0 0 -1,0 0 -1,
  0 0 -1,0 0 -1,
  0 0 -1,0 0 -1,
  0 0 -1,0 0 -1,
  0 0 -1,0 0 -1,
  0 0 -1,0 0 -1,
  0 0 -1,0 0 -1,
  0 0 -1,0 0 -1,
  0 0 -1,0 0 -1,
  0 0 -1,0 0 -1,
  0 0 -1,0 0 -1,
  0 0 -1,0 0 -1,
  0 0 -1,0 0 -1,
  0 0 -1,0 0 -1,
  0 0 -1,0 0 -1,
  0 0 -1,0 0 -1,
  0 0 -1,0 0 -1,
  0 0 -1,0 0 -1,
  0 0 -1,0 0 -1,
  0 0 -1,0 0 -1,
  0 0 -1,0 0 -1,
  0 0 -1,0 0 -1,
  0 0 -1,0 0 -1,
  0 0 -1,0 0 -1,
  0 0 -1,0 0 -1,
  0 0 -1,0 0 -1,
  0 0 -1,0 0 -1,
  0 0 -1,0 0 -1] }
}
}
DEF SHAPE_2 Shape {
 appearance USE APP_1
 geometry DEF FACE_2 IndexedFaceSet {
  coord DEF COORD_2 Coordinate { point [
  59.289962 -31.376119 0.31003937,59.452596 -31.582102 0.31003937,
  59.289962 -31.376119 -0.31003937,59.289962 -31.376119 -0.31003937,
  59.452596 -31.582102 0.31003937,59.452596 -31.582102 -0.31003937,
  59.098994 -31.207188 0.31003937,59.289962 -31.376119 0.31003937,
  59.098994 -31.207188 -0.31003937,59.098994 -31.207188 -0.31003937,
  59.289962 -31.376119 0.31003937,59.289962 -31.376119 -0.31003937,
  58.885046 -31.069583 0.31003937,59.098994 -31.207188 0.31003937,
  58.885046 -31.069583 -0.31003937,58.885046 -31.069583 -0.31003937,
  59.098994 -31.207188 0.31003937,59.098994 -31.207188 -0.31003937,
  58.653474 -30.957582 0.31003937,58.885046 -31.069583 0.31003937,
  58.653474 -30.957582 -0.31003937,58.653474 -30.957582 -0.31003937,
  58.885046 -31.069583 0.31003937,58.885046 -31.069583 -0.31003937,
  58.40963 -30.865459 0.31003937,58.653474 -30.957582 0.31003937,
  58.40963 -30.865459 -0.31003937,58.40963 -30.865459 -0.31003937,
  58.653474 -30.957582 0.31003937,58.653474 -30.957582 -0.31003937,
  50.914389 -30.876781 0.31003937,58.40963 -30.865459 0.31003937,
  50.914389 -30.876781 -0.31003937,50.914389 -30.876781 -0.31003937,
  58.40963 -30.865459 0.31003937,58.40963 -30.865459 -0.31003937,
  50.679035 -30.949878 0.31003937,50.914389 -30.876781 0.31003937,
  50.679035 -30.949878 -0.31003937,50.679035 -30.949878 -0.31003937,
  50.914389 -30.876781 0.31003937,50.914389 -30.876781 -0.31003937,
  50.464787 -31.047096 0.31003937,50.679035 -30.949878 0.31003937,
  50.464787 -31.047096 -0.31003937,50.464787 -31.047096 -0.31003937,
  50.679035 -30.949878 0.31003937,50.679035 -30.949878 -0.31003937,
  50.271452 -31.168212 0.31003937,50.464787 -31.047096 0.31003937,
  50.271452 -31.168212 -0.31003937,50.271452 -31.168212 -0.31003937,
  50.464787 -31.047096 0.31003937,50.464787 -31.047096 -0.31003937,
  50.098837 -31.313011 0.31003937,50.271452 -31.168212 0.31003937,
  50.098837 -31.313011 -0.31003937,50.098837 -31.313011 -0.31003937,
  50.271452 -31.168212 0.31003937,50.271452 -31.168212 -0.31003937,
  49.946751 -31.481269 0.31003937,50.098837 -31.313011 0.31003937,
  49.946751 -31.481269 -0.31003937,49.946751 -31.481269 -0.31003937,
  50.098837 -31.313011 0.31003937,50.098837 -31.313011 -0.31003937,
  49.815 -31.672769 0.31003937,49.946751 -31.481269 0.31003937,
  49.815 -31.672769 -0.31003937,49.815 -31.672769 -0.31003937,
  49.946751 -31.481269 0.31003937,49.946751 -31.481269 -0.31003937,
  49.703392 -31.887289 0.31003937,49.815 -31.672769 0.31003937,
  49.703392 -31.887289 -0.31003937,49.703392 -31.887289 -0.31003937,
  49.815 -31.672769 0.31003937,49.815 -31.672769 -0.31003937,
  49.611734 -32.124609 0.31003937,49.703392 -31.887289 0.31003937,
  49.611734 -32.124609 -0.31003937,49.611734 -32.124609 -0.31003937,
  49.703392 -31.887289 0.31003937,49.703392 -31.887289 -0.31003937,
  49.606223 -44.396322 0.31003937,49.611734 -32.124609 0.31003937,
  49.606223 -44.396322 -0.31003937,49.606223 -44.396322 -0.31003937,
  49.611734 -32.124609 0.31003937,49.611734 -32.124609 -0.31003937,
  53.18134 -44.406589 0.31003937,49.606223 -44.396322 0.31003937,
  53.18134 -44.406589 -0.31003937,53.18134 -44.406589 -0.31003937,
  49.606223 -44.396322 0.31003937,49.606223 -44.396322 -0.31003937,
  53.180562 -43.933261 0.31003937,53.18134 -44.406589 0.31003937,
  53.180562 -43.933261 -0.31003937,53.180562 -43.933261 -0.31003937,
  53.18134 -44.406589 0.31003937,53.18134 -44.406589 -0.31003937,
  56.657421 -43.930628 0.31003937,53.180562 -43.933261 0.31003937,
  56.657421 -43.930628 -0.31003937,56.657421 -43.930628 -0.31003937,
  53.180562 -43.933261 0.31003937,53.180562 -43.933261 -0.31003937,
  56.653543 -44.409449 0.31003937,56.657421 -43.930628 0.31003937,
  56.653543 -44.409449 -0.31003937,56.653543 -44.409449 -0.31003937,
  56.657421 -43.930628 0.31003937,56.657421 -43.930628 -0.31003937,
  58.976378 -44.409449 0.31003937,56.653543 -44.409449 0.31003937,
  58.976378 -44.409449 -0.31003937,58.976378 -44.409449 -0.31003937,
  56.653543 -44.409449 0.31003937,56.653543 -44.409449 -0.31003937,
  58.961606 -41.737867 0.31003937,58.976378 -44.409449 0.31003937,
  58.961606 -41.737867 -0.31003937,58.961606 -41.737867 -0.31003937,
  58.976378 -44.409449 0.31003937,58.976378 -44.409449 -0.31003937,
  59.726782 -41.359561 0.31003937,58.961606 -41.737867 0.31003937,
  59.726782 -41.359561 -0.31003937,59.726782 -41.359561 -0.31003937,
  58.961606 -41.737867 0.31003937,58.961606 -41.737867 -0.31003937,
  59.71696 -32.479604 0.31003937,59.726782 -41.359561 0.31003937,
  59.71696 -32.479604 -0.31003937,59.71696 -32.479604 -0.31003937,
  59.726782 -41.359561 0.31003937,59.726782 -41.359561 -0.31003937,
  59.67145 -32.12812 0.31003937,59.71696 -32.479604 0.31003937,
  59.67145 -32.12812 -0.31003937,59.67145 -32.12812 -0.31003937,
  59.71696 -32.479604 0.31003937,59.71696 -32.479604 -0.31003937,
  59.581544 -31.830861 0.31003937,59.67145 -32.12812 0.31003937,
  59.581544 -31.830861 -0.31003937,59.581544 -31.830861 -0.31003937,
  59.67145 -32.12812 0.31003937,59.67145 -32.12812 -0.31003937,
  59.452596 -31.582102 0.31003937,59.581544 -31.830861 0.31003937,
  59.452596 -31.582102 -0.31003937,59.452596 -31.582102 -0.31003937,
  59.581544 -31.830861 0.31003937,59.581544 -31.830861 -0.31003937,
  59.379508 -34.002487 0.31003937,59.394882 -33.925197 0.31003937,
  59.379508 -34.002487 -0.31003937,59.379508 -34.002487 -0.31003937,
  59.394882 -33.925197 0.31003937,59.394882 -33.925197 -0.31003937,
  59.335727 -34.06801 0.31003937,59.379508 -34.002487 0.31003937,
  59.335727 -34.06801 -0.31003937,59.335727 -34.06801 -0.31003937,
  59.379508 -34.002487 0.31003937,59.379508 -34.002487 -0.31003937,
  59.270203 -34.111791 0.31003937,59.335727 -34.06801 0.31003937,
  59.270203 -34.111791 -0.31003937,59.270203 -34.111791 -0.31003937,
  59.335727 -34.06801 0.31003937,59.335727 -34.06801 -0.31003937,
  59.192913 -34.127165 0.31003937,59.270203 -34.111791 0.31003937,
  59.192913 -34.127165 -0.31003937,59.192913 -34.127165 -0.31003937,
  59.270203 -34.111791 0.31003937,59.270203 -34.111791 -0.31003937,
  59.115623 -34.111791 0.31003937,59.192913 -34.127165 0.31003937,
  59.115623 -34.111791 -0.31003937,59.115623 -34.111791 -0.31003937,
  59.192913 -34.127165 0.31003937,59.192913 -34.127165 -0.31003937,
  59.0501 -34.06801 0.31003937,59.115623 -34.111791 0.31003937,
  59.0501 -34.06801 -0.31003937,59.0501 -34.06801 -0.31003937,
  59.115623 -34.111791 0.31003937,59.115623 -34.111791 -0.31003937,
  59.006319 -34.002487 0.31003937,59.0501 -34.06801 0.31003937,
  59.006319 -34.002487 -0.31003937,59.006319 -34.002487 -0.31003937,
  59.0501 -34.06801 0.31003937,59.0501 -34.06801 -0.31003937,
  58.990945 -33.925197 0.31003937,59.006319 -34.002487 0.31003937,
  58.990945 -33.925197 -0.31003937,58.990945 -33.925197 -0.31003937,
  59.006319 -34.002487 0.31003937,59.006319 -34.002487 -0.31003937,
  59.006319 -33.847907 0.31003937,58.990945 -33.925197 0.31003937,
  59.006319 -33.847907 -0.31003937,59.006319 -33.847907 -0.31003937,
  58.990945 -33.925197 0.31003937,58.990945 -33.925197 -0.31003937,
  59.0501 -33.782384 0.31003937,59.006319 -33.847907 0.31003937,
  59.0501 -33.782384 -0.31003937,59.0501 -33.782384 -0.31003937,
  59.006319 -33.847907 0.31003937,59.006319 -33.847907 -0.31003937,
  59.115623 -33.738602 0.31003937,59.0501 -33.782384 0.31003937,
  59.115623 -33.738602 -0.31003937,59.115623 -33.738602 -0.31003937,
  59.0501 -33.782384 0.31003937,59.0501 -33.782384 -0.31003937,
  59.192913 -33.723228 0.31003937,59.115623 -33.738602 0.31003937,
  59.192913 -33.723228 -0.31003937,59.192913 -33.723228 -0.31003937,
  59.115623 -33.738602 0.31003937,59.115623 -33.738602 -0.31003937,
  59.270203 -33.738602 0.31003937,59.192913 -33.723228 0.31003937,
  59.270203 -33.738602 -0.31003937,59.270203 -33.738602 -0.31003937,
  59.192913 -33.723228 0.31003937,59.192913 -33.723228 -0.31003937,
  59.335727 -33.782384 0.31003937,59.270203 -33.738602 0.31003937,
  59.335727 -33.782384 -0.31003937,59.335727 -33.782384 -0.31003937,
  59.270203 -33.738602 0.31003937,59.270203 -33.738602 -0.31003937,
  59.379508 -33.847907 0.31003937,59.335727 -33.782384 0.31003937,
  59.379508 -33.847907 -0.31003937,59.379508 -33.847907 -0.31003937,
  59.335727 -33.782384 0.31003937,59.335727 -33.782384 -0.31003937,
  59.394882 -33.925197 0.31003937,59.379508 -33.847907 0.31003937,
  59.394882 -33.925197 -0.31003937,59.394882 -33.925197 -0.31003937,
  59.379508 -33.847907 0.31003937,59.379508 -33.847907 -0.31003937,
  59.379508 -35.002487 0.31003937,59.394882 -34.925197 0.31003937,
  59.379508 -35.002487 -0.31003937,59.379508 -35.002487 -0.31003937,
  59.394882 -34.925197 0.31003937,59.394882 -34.925197 -0.31003937,
  59.335727 -35.06801 0.31003937,59.379508 -35.002487 0.31003937,
  59.335727 -35.06801 -0.31003937,59.335727 -35.06801 -0.31003937,
  59.379508 -35.002487 0.31003937,59.379508 -35.002487 -0.31003937,
  59.270203 -35.111791 0.31003937,59.335727 -35.06801 0.31003937,
  59.270203 -35.111791 -0.31003937,59.270203 -35.111791 -0.31003937,
  59.335727 -35.06801 0.31003937,59.335727 -35.06801 -0.31003937,
  59.192913 -35.127165 0.31003937,59.270203 -35.111791 0.31003937,
  59.192913 -35.127165 -0.31003937,59.192913 -35.127165 -0.31003937,
  59.270203 -35.111791 0.31003937,59.270203 -35.111791 -0.31003937,
  59.115623 -35.111791 0.31003937,59.192913 -35.127165 0.31003937,
  59.115623 -35.111791 -0.31003937,59.115623 -35.111791 -0.31003937,
  59.192913 -35.127165 0.31003937,59.192913 -35.127165 -0.31003937,
  59.0501 -35.06801 0.31003937,59.115623 -35.111791 0.31003937,
  59.0501 -35.06801 -0.31003937,59.0501 -35.06801 -0.31003937,
  59.115623 -35.111791 0.31003937,59.115623 -35.111791 -0.31003937,
  59.006319 -35.002487 0.31003937,59.0501 -35.06801 0.31003937,
  59.006319 -35.002487 -0.31003937,59.006319 -35.002487 -0.31003937,
  59.0501 -35.06801 0.31003937,59.0501 -35.06801 -0.31003937,
  58.990945 -34.925197 0.31003937,59.006319 -35.002487 0.31003937,
  58.990945 -34.925197 -0.31003937,58.990945 -34.925197 -0.31003937,
  59.006319 -35.002487 0.31003937,59.006319 -35.002487 -0.31003937,
  59.006319 -34.847907 0.31003937,58.990945 -34.925197 0.31003937,
  59.006319 -34.847907 -0.31003937,59.006319 -34.847907 -0.31003937,
  58.990945 -34.925197 0.31003937,58.990945 -34.925197 -0.31003937,
  59.0501 -34.782384 0.31003937,59.006319 -34.847907 0.31003937,
  59.0501 -34.782384 -0.31003937,59.0501 -34.782384 -0.31003937,
  59.006319 -34.847907 0.31003937,59.006319 -34.847907 -0.31003937,
  59.115623 -34.738602 0.31003937,59.0501 -34.782384 0.31003937,
  59.115623 -34.738602 -0.31003937,59.115623 -34.738602 -0.31003937,
  59.0501 -34.782384 0.31003937,59.0501 -34.782384 -0.31003937,
  59.192913 -34.723228 0.31003937,59.115623 -34.738602 0.31003937,
  59.192913 -34.723228 -0.31003937,59.192913 -34.723228 -0.31003937,
  59.115623 -34.738602 0.31003937,59.115623 -34.738602 -0.31003937,
  59.270203 -34.738602 0.31003937,59.192913 -34.723228 0.31003937,
  59.270203 -34.738602 -0.31003937,59.270203 -34.738602 -0.31003937,
  59.192913 -34.723228 0.31003937,59.192913 -34.723228 -0.31003937,
  59.335727 -34.782384 0.31003937,59.270203 -34.738602 0.31003937,
  59.335727 -34.782384 -0.31003937,59.335727 -34.782384 -0.31003937,
  59.270203 -34.738602 0.31003937,59.270203 -34.738602 -0.31003937,
  59.379508 -34.847907 0.31003937,59.335727 -34.782384 0.31003937,
  59.379508 -34.847907 -0.31003937,59.379508 -34.847907 -0.31003937,
  59.335727 -34.782384 0.31003937,59.335727 -34.782384 -0.31003937,
  59.394882 -34.925197 0.31003937,59.379508 -34.847907 0.31003937,
  59.394882 -34.925197 -0.31003937,59.394882 -34.925197 -0.31003937,
  59.379508 -34.847907 0.31003937,59.379508 -34.847907 -0.31003937,
  59.379508 -36.002487 0.31003937,59.394882 -35.925197 0.31003937,
  59.379508 -36.002487 -0.31003937,59.379508 -36.002487 -0.31003937,
  59.394882 -35.925197 0.31003937,59.394882 -35.925197 -0.31003937,
  59.335727 -36.06801 0.31003937,59.379508 -36.002487 0.31003937,
  59.335727 -36.06801 -0.31003937,59.335727 -36.06801 -0.31003937,
  59.379508 -36.002487 0.31003937,59.379508 -36.002487 -0.31003937,
  59.270203 -36.111791 0.31003937,59.335727 -36.06801 0.31003937,
  59.270203 -36.111791 -0.31003937,59.270203 -36.111791 -0.31003937,
  59.335727 -36.06801 0.31003937,59.335727 -36.06801 -0.31003937,
  59.192913 -36.127165 0.31003937,59.270203 -36.111791 0.31003937,
  59.192913 -36.127165 -0.31003937,59.192913 -36.127165 -0.31003937,
  59.270203 -36.111791 0.31003937,59.270203 -36.111791 -0.31003937,
  59.115623 -36.111791 0.31003937,59.192913 -36.127165 0.31003937,
  59.115623 -36.111791 -0.31003937,59.115623 -36.111791 -0.31003937,
  59.192913 -36.127165 0.31003937,59.192913 -36.127165 -0.31003937,
  59.0501 -36.06801 0.31003937,59.115623 -36.111791 0.31003937,
  59.0501 -36.06801 -0.31003937,59.0501 -36.06801 -0.31003937,
  59.115623 -36.111791 0.31003937,59.115623 -36.111791 -0.31003937,
  59.006319 -36.002487 0.31003937,59.0501 -36.06801 0.31003937,
  59.006319 -36.002487 -0.31003937,59.006319 -36.002487 -0.31003937,
  59.0501 -36.06801 0.31003937,59.0501 -36.06801 -0.31003937,
  58.990945 -35.925197 0.31003937,59.006319 -36.002487 0.31003937,
  58.990945 -35.925197 -0.31003937,58.990945 -35.925197 -0.31003937,
  59.006319 -36.002487 0.31003937,59.006319 -36.002487 -0.31003937,
  59.006319 -35.847907 0.31003937,58.990945 -35.925197 0.31003937,
  59.006319 -35.847907 -0.31003937,59.006319 -35.847907 -0.31003937,
  58.990945 -35.925197 0.31003937,58.990945 -35.925197 -0.31003937,
  59.0501 -35.782384 0.31003937,59.006319 -35.847907 0.31003937,
  59.0501 -35.782384 -0.31003937,59.0501 -35.782384 -0.31003937,
  59.006319 -35.847907 0.31003937,59.006319 -35.847907 -0.31003937,
  59.115623 -35.738602 0.31003937,59.0501 -35.782384 0.31003937,
  59.115623 -35.738602 -0.31003937,59.115623 -35.738602 -0.31003937,
  59.0501 -35.782384 0.31003937,59.0501 -35.782384 -0.31003937,
  59.192913 -35.723228 0.31003937,59.115623 -35.738602 0.31003937,
  59.192913 -35.723228 -0.31003937,59.192913 -35.723228 -0.31003937,
  59.115623 -35.738602 0.31003937,59.115623 -35.738602 -0.31003937,
  59.270203 -35.738602 0.31003937,59.192913 -35.723228 0.31003937,
  59.270203 -35.738602 -0.31003937,59.270203 -35.738602 -0.31003937,
  59.192913 -35.723228 0.31003937,59.192913 -35.723228 -0.31003937,
  59.335727 -35.782384 0.31003937,59.270203 -35.738602 0.31003937,
  59.335727 -35.782384 -0.31003937,59.335727 -35.782384 -0.31003937,
  59.270203 -35.738602 0.31003937,59.270203 -35.738602 -0.31003937,
  59.379508 -35.847907 0.31003937,59.335727 -35.782384 0.31003937,
  59.379508 -35.847907 -0.31003937,59.379508 -35.847907 -0.31003937,
  59.335727 -35.782384 0.31003937,59.335727 -35.782384 -0.31003937,
  59.394882 -35.925197 0.31003937,59.379508 -35.847907 0.31003937,
  59.394882 -35.925197 -0.31003937,59.394882 -35.925197 -0.31003937,
  59.379508 -35.847907 0.31003937,59.379508 -35.847907 -0.31003937,
  59.379508 -37.002487 0.31003937,59.394882 -36.925197 0.31003937,
  59.379508 -37.002487 -0.31003937,59.379508 -37.002487 -0.31003937,
  59.394882 -36.925197 0.31003937,59.394882 -36.925197 -0.31003937,
  59.335727 -37.06801 0.31003937,59.379508 -37.002487 0.31003937,
  59.335727 -37.06801 -0.31003937,59.335727 -37.06801 -0.31003937,
  59.379508 -37.002487 0.31003937,59.379508 -37.002487 -0.31003937,
  59.270203 -37.111791 0.31003937,59.335727 -37.06801 0.31003937,
  59.270203 -37.111791 -0.31003937,59.270203 -37.111791 -0.31003937,
  59.335727 -37.06801 0.31003937,59.335727 -37.06801 -0.31003937,
  59.192913 -37.127165 0.31003937,59.270203 -37.111791 0.31003937,
  59.192913 -37.127165 -0.31003937,59.192913 -37.127165 -0.31003937,
  59.270203 -37.111791 0.31003937,59.270203 -37.111791 -0.31003937,
  59.115623 -37.111791 0.31003937,59.192913 -37.127165 0.31003937,
  59.115623 -37.111791 -0.31003937,59.115623 -37.111791 -0.31003937,
  59.192913 -37.127165 0.31003937,59.192913 -37.127165 -0.31003937,
  59.0501 -37.06801 0.31003937,59.115623 -37.111791 0.31003937,
  59.0501 -37.06801 -0.31003937,59.0501 -37.06801 -0.31003937,
  59.115623 -37.111791 0.31003937,59.115623 -37.111791 -0.31003937,
  59.006319 -37.002487 0.31003937,59.0501 -37.06801 0.31003937,
  59.006319 -37.002487 -0.31003937,59.006319 -37.002487 -0.31003937,
  59.0501 -37.06801 0.31003937,59.0501 -37.06801 -0.31003937,
  58.990945 -36.925197 0.31003937,59.006319 -37.002487 0.31003937,
  58.990945 -36.925197 -0.31003937,58.990945 -36.925197 -0.31003937,
  59.006319 -37.002487 0.31003937,59.006319 -37.002487 -0.31003937,
  59.006319 -36.847907 0.31003937,58.990945 -36.925197 0.31003937,
  59.006319 -36.847907 -0.31003937,59.006319 -36.847907 -0.31003937,
  58.990945 -36.925197 0.31003937,58.990945 -36.925197 -0.31003937,
  59.0501 -36.782384 0.31003937,59.006319 -36.847907 0.31003937,
  59.0501 -36.782384 -0.31003937,59.0501 -36.782384 -0.31003937,
  59.006319 -36.847907 0.31003937,59.006319 -36.847907 -0.31003937,
  59.115623 -36.738602 0.31003937,59.0501 -36.782384 0.31003937,
  59.115623 -36.738602 -0.31003937,59.115623 -36.738602 -0.31003937,
  59.0501 -36.782384 0.31003937,59.0501 -36.782384 -0.31003937,
  59.192913 -36.723228 0.31003937,59.115623 -36.738602 0.31003937,
  59.192913 -36.723228 -0.31003937,59.192913 -36.723228 -0.31003937,
  59.115623 -36.738602 0.31003937,59.115623 -36.738602 -0.31003937,
  59.270203 -36.738602 0.31003937,59.192913 -36.723228 0.31003937,
  59.270203 -36.738602 -0.31003937,59.270203 -36.738602 -0.31003937,
  59.192913 -36.723228 0.31003937,59.192913 -36.723228 -0.31003937,
  59.335727 -36.782384 0.31003937,59.270203 -36.738602 0.31003937,
  59.335727 -36.782384 -0.31003937,59.335727 -36.782384 -0.31003937,
  59.270203 -36.738602 0.31003937,59.270203 -36.738602 -0.31003937,
  59.379508 -36.847907 0.31003937,59.335727 -36.782384 0.31003937,
  59.379508 -36.847907 -0.31003937,59.379508 -36.847907 -0.31003937,
  59.335727 -36.782384 0.31003937,59.335727 -36.782384 -0.31003937,
  59.394882 -36.925197 0.31003937,59.379508 -36.847907 0.31003937,
  59.394882 -36.925197 -0.31003937,59.394882 -36.925197 -0.31003937,
  59.379508 -36.847907 0.31003937,59.379508 -36.847907 -0.31003937,
  59.379508 -38.002487 0.31003937,59.394882 -37.925197 0.31003937,
  59.379508 -38.002487 -0.31003937,59.379508 -38.002487 -0.31003937,
  59.394882 -37.925197 0.31003937,59.394882 -37.925197 -0.31003937,
  59.335727 -38.06801 0.31003937,59.379508 -38.002487 0.31003937,
  59.335727 -38.06801 -0.31003937,59.335727 -38.06801 -0.31003937,
  59.379508 -38.002487 0.31003937,59.379508 -38.002487 -0.31003937,
  59.270203 -38.111791 0.31003937,59.335727 -38.06801 0.31003937,
  59.270203 -38.111791 -0.31003937,59.270203 -38.111791 -0.31003937,
  59.335727 -38.06801 0.31003937,59.335727 -38.06801 -0.31003937,
  59.192913 -38.127165 0.31003937,59.270203 -38.111791 0.31003937,
  59.192913 -38.127165 -0.31003937,59.192913 -38.127165 -0.31003937,
  59.270203 -38.111791 0.31003937,59.270203 -38.111791 -0.31003937,
  59.115623 -38.111791 0.31003937,59.192913 -38.127165 0.31003937,
  59.115623 -38.111791 -0.31003937,59.115623 -38.111791 -0.31003937,
  59.192913 -38.127165 0.31003937,59.192913 -38.127165 -0.31003937,
  59.0501 -38.06801 0.31003937,59.115623 -38.111791 0.31003937,
  59.0501 -38.06801 -0.31003937,59.0501 -38.06801 -0.31003937,
  59.115623 -38.111791 0.31003937,59.115623 -38.111791 -0.31003937,
  59.006319 -38.002487 0.31003937,59.0501 -38.06801 0.31003937,
  59.006319 -38.002487 -0.31003937,59.006319 -38.002487 -0.31003937,
  59.0501 -38.06801 0.31003937,59.0501 -38.06801 -0.31003937,
  58.990945 -37.925197 0.31003937,59.006319 -38.002487 0.31003937,
  58.990945 -37.925197 -0.31003937,58.990945 -37.925197 -0.31003937,
  59.006319 -38.002487 0.31003937,59.006319 -38.002487 -0.31003937,
  59.006319 -37.847907 0.31003937,58.990945 -37.925197 0.31003937,
  59.006319 -37.847907 -0.31003937,59.006319 -37.847907 -0.31003937,
  58.990945 -37.925197 0.31003937,58.990945 -37.925197 -0.31003937,
  59.0501 -37.782384 0.31003937,59.006319 -37.847907 0.31003937,
  59.0501 -37.782384 -0.31003937,59.0501 -37.782384 -0.31003937,
  59.006319 -37.847907 0.31003937,59.006319 -37.847907 -0.31003937,
  59.115623 -37.738602 0.31003937,59.0501 -37.782384 0.31003937,
  59.115623 -37.738602 -0.31003937,59.115623 -37.738602 -0.31003937,
  59.0501 -37.782384 0.31003937,59.0501 -37.782384 -0.31003937,
  59.192913 -37.723228 0.31003937,59.115623 -37.738602 0.31003937,
  59.192913 -37.723228 -0.31003937,59.192913 -37.723228 -0.31003937,
  59.115623 -37.738602 0.31003937,59.115623 -37.738602 -0.31003937,
  59.270203 -37.738602 0.31003937,59.192913 -37.723228 0.31003937,
  59.270203 -37.738602 -0.31003937,59.270203 -37.738602 -0.31003937,
  59.192913 -37.723228 0.31003937,59.192913 -37.723228 -0.31003937,
  59.335727 -37.782384 0.31003937,59.270203 -37.738602 0.31003937,
  59.335727 -37.782384 -0.31003937,59.335727 -37.782384 -0.31003937,
  59.270203 -37.738602 0.31003937,59.270203 -37.738602 -0.31003937,
  59.379508 -37.847907 0.31003937,59.335727 -37.782384 0.31003937,
  59.379508 -37.847907 -0.31003937,59.379508 -37.847907 -0.31003937,
  59.335727 -37.782384 0.31003937,59.335727 -37.782384 -0.31003937,
  59.394882 -37.925197 0.31003937,59.379508 -37.847907 0.31003937,
  59.394882 -37.925197 -0.31003937,59.394882 -37.925197 -0.31003937,
  59.379508 -37.847907 0.31003937,59.379508 -37.847907 -0.31003937,
  59.379508 -39.002487 0.31003937,59.394882 -38.925197 0.31003937,
  59.379508 -39.002487 -0.31003937,59.379508 -39.002487 -0.31003937,
  59.394882 -38.925197 0.31003937,59.394882 -38.925197 -0.31003937,
  59.335727 -39.06801 0.31003937,59.379508 -39.002487 0.31003937,
  59.335727 -39.06801 -0.31003937,59.335727 -39.06801 -0.31003937,
  59.379508 -39.002487 0.31003937,59.379508 -39.002487 -0.31003937,
  59.270203 -39.111791 0.31003937,59.335727 -39.06801 0.31003937,
  59.270203 -39.111791 -0.31003937,59.270203 -39.111791 -0.31003937,
  59.335727 -39.06801 0.31003937,59.335727 -39.06801 -0.31003937,
  59.192913 -39.127165 0.31003937,59.270203 -39.111791 0.31003937,
  59.192913 -39.127165 -0.31003937,59.192913 -39.127165 -0.31003937,
  59.270203 -39.111791 0.31003937,59.270203 -39.111791 -0.31003937,
  59.115623 -39.111791 0.31003937,59.192913 -39.127165 0.31003937,
  59.115623 -39.111791 -0.31003937,59.115623 -39.111791 -0.31003937,
  59.192913 -39.127165 0.31003937,59.192913 -39.127165 -0.31003937,
  59.0501 -39.06801 0.31003937,59.115623 -39.111791 0.31003937,
  59.0501 -39.06801 -0.31003937,59.0501 -39.06801 -0.31003937,
  59.115623 -39.111791 0.31003937,59.115623 -39.111791 -0.31003937,
  59.006319 -39.002487 0.31003937,59.0501 -39.06801 0.31003937,
  59.006319 -39.002487 -0.31003937,59.006319 -39.002487 -0.31003937,
  59.0501 -39.06801 0.31003937,59.0501 -39.06801 -0.31003937,
  58.990945 -38.925197 0.31003937,59.006319 -39.002487 0.31003937,
  58.990945 -38.925197 -0.31003937,58.990945 -38.925197 -0.31003937,
  59.006319 -39.002487 0.31003937,59.006319 -39.002487 -0.31003937,
  59.006319 -38.847907 0.31003937,58.990945 -38.925197 0.31003937,
  59.006319 -38.847907 -0.31003937,59.006319 -38.847907 -0.31003937,
  58.990945 -38.925197 0.31003937,58.990945 -38.925197 -0.31003937,
  59.0501 -38.782384 0.31003937,59.006319 -38.847907 0.31003937,
  59.0501 -38.782384 -0.31003937,59.0501 -38.782384 -0.31003937,
  59.006319 -38.847907 0.31003937,59.006319 -38.847907 -0.31003937,
  59.115623 -38.738602 0.31003937,59.0501 -38.782384 0.31003937,
  59.115623 -38.738602 -0.31003937,59.115623 -38.738602 -0.31003937,
  59.0501 -38.782384 0.31003937,59.0501 -38.782384 -0.31003937,
  59.192913 -38.723228 0.31003937,59.115623 -38.738602 0.31003937,
  59.192913 -38.723228 -0.31003937,59.192913 -38.723228 -0.31003937,
  59.115623 -38.738602 0.31003937,59.115623 -38.738602 -0.31003937,
  59.270203 -38.738602 0.31003937,59.192913 -38.723228 0.31003937,
  59.270203 -38.738602 -0.31003937,59.270203 -38.738602 -0.31003937,
  59.192913 -38.723228 0.31003937,59.192913 -38.723228 -0.31003937,
  59.335727 -38.782384 0.31003937,59.270203 -38.738602 0.31003937,
  59.335727 -38.782384 -0.31003937,59.335727 -38.782384 -0.31003937,
  59.270203 -38.738602 0.31003937,59.270203 -38.738602 -0.31003937,
  59.379508 -38.847907 0.31003937,59.335727 -38.782384 0.31003937,
  59.379508 -38.847907 -0.31003937,59.379508 -38.847907 -0.31003937,
  59.335727 -38.782384 0.31003937,59.335727 -38.782384 -0.31003937,
  59.394882 -38.925197 0.31003937,59.379508 -38.847907 0.31003937,
  59.394882 -38.925197 -0.31003937,59.394882 -38.925197 -0.31003937,
  59.379508 -38.847907 0.31003937,59.379508 -38.847907 -0.31003937,
  59.379508 -40.002487 0.31003937,59.394882 -39.925197 0.31003937,
  59.379508 -40.002487 -0.31003937,59.379508 -40.002487 -0.31003937,
  59.394882 -39.925197 0.31003937,59.394882 -39.925197 -0.31003937,
  59.335727 -40.06801 0.31003937,59.379508 -40.002487 0.31003937,
  59.335727 -40.06801 -0.31003937,59.335727 -40.06801 -0.31003937,
  59.379508 -40.002487 0.31003937,59.379508 -40.002487 -0.31003937,
  59.270203 -40.111791 0.31003937,59.335727 -40.06801 0.31003937,
  59.270203 -40.111791 -0.31003937,59.270203 -40.111791 -0.31003937,
  59.335727 -40.06801 0.31003937,59.335727 -40.06801 -0.31003937,
  59.192913 -40.127165 0.31003937,59.270203 -40.111791 0.31003937,
  59.192913 -40.127165 -0.31003937,59.192913 -40.127165 -0.31003937,
  59.270203 -40.111791 0.31003937,59.270203 -40.111791 -0.31003937,
  59.115623 -40.111791 0.31003937,59.192913 -40.127165 0.31003937,
  59.115623 -40.111791 -0.31003937,59.115623 -40.111791 -0.31003937,
  59.192913 -40.127165 0.31003937,59.192913 -40.127165 -0.31003937,
  59.0501 -40.06801 0.31003937,59.115623 -40.111791 0.31003937,
  59.0501 -40.06801 -0.31003937,59.0501 -40.06801 -0.31003937,
  59.115623 -40.111791 0.31003937,59.115623 -40.111791 -0.31003937,
  59.006319 -40.002487 0.31003937,59.0501 -40.06801 0.31003937,
  59.006319 -40.002487 -0.31003937,59.006319 -40.002487 -0.31003937,
  59.0501 -40.06801 0.31003937,59.0501 -40.06801 -0.31003937,
  58.990945 -39.925197 0.31003937,59.006319 -40.002487 0.31003937,
  58.990945 -39.925197 -0.31003937,58.990945 -39.925197 -0.31003937,
  59.006319 -40.002487 0.31003937,59.006319 -40.002487 -0.31003937,
  59.006319 -39.847907 0.31003937,58.990945 -39.925197 0.31003937,
  59.006319 -39.847907 -0.31003937,59.006319 -39.847907 -0.31003937,
  58.990945 -39.925197 0.31003937,58.990945 -39.925197 -0.31003937,
  59.0501 -39.782384 0.31003937,59.006319 -39.847907 0.31003937,
  59.0501 -39.782384 -0.31003937,59.0501 -39.782384 -0.31003937,
  59.006319 -39.847907 0.31003937,59.006319 -39.847907 -0.31003937,
  59.115623 -39.738602 0.31003937,59.0501 -39.782384 0.31003937,
  59.115623 -39.738602 -0.31003937,59.115623 -39.738602 -0.31003937,
  59.0501 -39.782384 0.31003937,59.0501 -39.782384 -0.31003937,
  59.192913 -39.723228 0.31003937,59.115623 -39.738602 0.31003937,
  59.192913 -39.723228 -0.31003937,59.192913 -39.723228 -0.31003937,
  59.115623 -39.738602 0.31003937,59.115623 -39.738602 -0.31003937,
  59.270203 -39.738602 0.31003937,59.192913 -39.723228 0.31003937,
  59.270203 -39.738602 -0.31003937,59.270203 -39.738602 -0.31003937,
  59.192913 -39.723228 0.31003937,59.192913 -39.723228 -0.31003937,
  59.335727 -39.782384 0.31003937,59.270203 -39.738602 0.31003937,
  59.335727 -39.782384 -0.31003937,59.335727 -39.782384 -0.31003937,
  59.270203 -39.738602 0.31003937,59.270203 -39.738602 -0.31003937,
  59.379508 -39.847907 0.31003937,59.335727 -39.782384 0.31003937,
  59.379508 -39.847907 -0.31003937,59.379508 -39.847907 -0.31003937,
  59.335727 -39.782384 0.31003937,59.335727 -39.782384 -0.31003937,
  59.394882 -39.925197 0.31003937,59.379508 -39.847907 0.31003937,
  59.394882 -39.925197 -0.31003937,59.394882 -39.925197 -0.31003937,
  59.379508 -39.847907 0.31003937,59.379508 -39.847907 -0.31003937,
  59.379508 -41.002487 0.31003937,59.394882 -40.925197 0.31003937,
  59.379508 -41.002487 -0.31003937,59.379508 -41.002487 -0.31003937,
  59.394882 -40.925197 0.31003937,59.394882 -40.925197 -0.31003937,
  59.335727 -41.06801 0.31003937,59.379508 -41.002487 0.31003937,
  59.335727 -41.06801 -0.31003937,59.335727 -41.06801 -0.31003937,
  59.379508 -41.002487 0.31003937,59.379508 -41.002487 -0.31003937,
  59.270203 -41.111791 0.31003937,59.335727 -41.06801 0.31003937,
  59.270203 -41.111791 -0.31003937,59.270203 -41.111791 -0.31003937,
  59.335727 -41.06801 0.31003937,59.335727 -41.06801 -0.31003937,
  59.192913 -41.127165 0.31003937,59.270203 -41.111791 0.31003937,
  59.192913 -41.127165 -0.31003937,59.192913 -41.127165 -0.31003937,
  59.270203 -41.111791 0.31003937,59.270203 -41.111791 -0.31003937,
  59.115623 -41.111791 0.31003937,59.192913 -41.127165 0.31003937,
  59.115623 -41.111791 -0.31003937,59.115623 -41.111791 -0.31003937,
  59.192913 -41.127165 0.31003937,59.192913 -41.127165 -0.31003937,
  59.0501 -41.06801 0.31003937,59.115623 -41.111791 0.31003937,
  59.0501 -41.06801 -0.31003937,59.0501 -41.06801 -0.31003937,
  59.115623 -41.111791 0.31003937,59.115623 -41.111791 -0.31003937,
  59.006319 -41.002487 0.31003937,59.0501 -41.06801 0.31003937,
  59.006319 -41.002487 -0.31003937,59.006319 -41.002487 -0.31003937,
  59.0501 -41.06801 0.31003937,59.0501 -41.06801 -0.31003937,
  58.990945 -40.925197 0.31003937,59.006319 -41.002487 0.31003937,
  58.990945 -40.925197 -0.31003937,58.990945 -40.925197 -0.31003937,
  59.006319 -41.002487 0.31003937,59.006319 -41.002487 -0.31003937,
  59.006319 -40.847907 0.31003937,58.990945 -40.925197 0.31003937,
  59.006319 -40.847907 -0.31003937,59.006319 -40.847907 -0.31003937,
  58.990945 -40.925197 0.31003937,58.990945 -40.925197 -0.31003937,
  59.0501 -40.782384 0.31003937,59.006319 -40.847907 0.31003937,
  59.0501 -40.782384 -0.31003937,59.0501 -40.782384 -0.31003937,
  59.006319 -40.847907 0.31003937,59.006319 -40.847907 -0.31003937,
  59.115623 -40.738602 0.31003937,59.0501 -40.782384 0.31003937,
  59.115623 -40.738602 -0.31003937,59.115623 -40.738602 -0.31003937,
  59.0501 -40.782384 0.31003937,59.0501 -40.782384 -0.31003937,
  59.192913 -40.723228 0.31003937,59.115623 -40.738602 0.31003937,
  59.192913 -40.723228 -0.31003937,59.192913 -40.723228 -0.31003937,
  59.115623 -40.738602 0.31003937,59.115623 -40.738602 -0.31003937,
  59.270203 -40.738602 0.31003937,59.192913 -40.723228 0.31003937,
  59.270203 -40.738602 -0.31003937,59.270203 -40.738602 -0.31003937,
  59.192913 -40.723228 0.31003937,59.192913 -40.723228 -0.31003937,
  59.335727 -40.782384 0.31003937,59.270203 -40.738602 0.31003937,
  59.335727 -40.782384 -0.31003937,59.335727 -40.782384 -0.31003937,
  59.270203 -40.738602 0.31003937,59.270203 -40.738602 -0.31003937,
  59.379508 -40.847907 0.31003937,59.335727 -40.782384 0.31003937,
  59.379508 -40.847907 -0.31003937,59.379508 -40.847907 -0.31003937,
  59.335727 -40.782384 0.31003937,59.335727 -40.782384 -0.31003937,
  59.394882 -40.925197 0.31003937,59.379508 -40.847907 0.31003937,
  59.394882 -40.925197 -0.31003937,59.394882 -40.925197 -0.31003937,
  59.379508 -40.847907 0.31003937,59.379508 -40.847907 -0.31003937,
  50.379508 -34.002487 0.31003937,50.394882 -33.925197 0.31003937,
  50.379508 -34.002487 -0.31003937,50.379508 -34.002487 -0.31003937,
  50.394882 -33.925197 0.31003937,50.394882 -33.925197 -0.31003937,
  50.335727 -34.06801 0.31003937,50.379508 -34.002487 0.31003937,
  50.335727 -34.06801 -0.31003937,50.335727 -34.06801 -0.31003937,
  50.379508 -34.002487 0.31003937,50.379508 -34.002487 -0.31003937,
  50.270203 -34.111791 0.31003937,50.335727 -34.06801 0.31003937,
  50.270203 -34.111791 -0.31003937,50.270203 -34.111791 -0.31003937,
  50.335727 -34.06801 0.31003937,50.335727 -34.06801 -0.31003937,
  50.192913 -34.127165 0.31003937,50.270203 -34.111791 0.31003937,
  50.192913 -34.127165 -0.31003937,50.192913 -34.127165 -0.31003937,
  50.270203 -34.111791 0.31003937,50.270203 -34.111791 -0.31003937,
  50.115623 -34.111791 0.31003937,50.192913 -34.127165 0.31003937,
  50.115623 -34.111791 -0.31003937,50.115623 -34.111791 -0.31003937,
  50.192913 -34.127165 0.31003937,50.192913 -34.127165 -0.31003937,
  50.0501 -34.06801 0.31003937,50.115623 -34.111791 0.31003937,
  50.0501 -34.06801 -0.31003937,50.0501 -34.06801 -0.31003937,
  50.115623 -34.111791 0.31003937,50.115623 -34.111791 -0.31003937,
  50.006319 -34.002487 0.31003937,50.0501 -34.06801 0.31003937,
  50.006319 -34.002487 -0.31003937,50.006319 -34.002487 -0.31003937,
  50.0501 -34.06801 0.31003937,50.0501 -34.06801 -0.31003937,
  49.990945 -33.925197 0.31003937,50.006319 -34.002487 0.31003937,
  49.990945 -33.925197 -0.31003937,49.990945 -33.925197 -0.31003937,
  50.006319 -34.002487 0.31003937,50.006319 -34.002487 -0.31003937,
  50.006319 -33.847907 0.31003937,49.990945 -33.925197 0.31003937,
  50.006319 -33.847907 -0.31003937,50.006319 -33.847907 -0.31003937,
  49.990945 -33.925197 0.31003937,49.990945 -33.925197 -0.31003937,
  50.0501 -33.782384 0.31003937,50.006319 -33.847907 0.31003937,
  50.0501 -33.782384 -0.31003937,50.0501 -33.782384 -0.31003937,
  50.006319 -33.847907 0.31003937,50.006319 -33.847907 -0.31003937,
  50.115623 -33.738602 0.31003937,50.0501 -33.782384 0.31003937,
  50.115623 -33.738602 -0.31003937,50.115623 -33.738602 -0.31003937,
  50.0501 -33.782384 0.31003937,50.0501 -33.782384 -0.31003937,
  50.192913 -33.723228 0.31003937,50.115623 -33.738602 0.31003937,
  50.192913 -33.723228 -0.31003937,50.192913 -33.723228 -0.31003937,
  50.115623 -33.738602 0.31003937,50.115623 -33.738602 -0.31003937,
  50.270203 -33.738602 0.31003937,50.192913 -33.723228 0.31003937,
  50.270203 -33.738602 -0.31003937,50.270203 -33.738602 -0.31003937,
  50.192913 -33.723228 0.31003937,50.192913 -33.723228 -0.31003937,
  50.335727 -33.782384 0.31003937,50.270203 -33.738602 0.31003937,
  50.335727 -33.782384 -0.31003937,50.335727 -33.782384 -0.31003937,
  50.270203 -33.738602 0.31003937,50.270203 -33.738602 -0.31003937,
  50.379508 -33.847907 0.31003937,50.335727 -33.782384 0.31003937,
  50.379508 -33.847907 -0.31003937,50.379508 -33.847907 -0.31003937,
  50.335727 -33.782384 0.31003937,50.335727 -33.782384 -0.31003937,
  50.394882 -33.925197 0.31003937,50.379508 -33.847907 0.31003937,
  50.394882 -33.925197 -0.31003937,50.394882 -33.925197 -0.31003937,
  50.379508 -33.847907 0.31003937,50.379508 -33.847907 -0.31003937,
  50.379508 -35.002487 0.31003937,50.394882 -34.925197 0.31003937,
  50.379508 -35.002487 -0.31003937,50.379508 -35.002487 -0.31003937,
  50.394882 -34.925197 0.31003937,50.394882 -34.925197 -0.31003937,
  50.335727 -35.06801 0.31003937,50.379508 -35.002487 0.31003937,
  50.335727 -35.06801 -0.31003937,50.335727 -35.06801 -0.31003937,
  50.379508 -35.002487 0.31003937,50.379508 -35.002487 -0.31003937,
  50.270203 -35.111791 0.31003937,50.335727 -35.06801 0.31003937,
  50.270203 -35.111791 -0.31003937,50.270203 -35.111791 -0.31003937,
  50.335727 -35.06801 0.31003937,50.335727 -35.06801 -0.31003937,
  50.192913 -35.127165 0.31003937,50.270203 -35.111791 0.31003937,
  50.192913 -35.127165 -0.31003937,50.192913 -35.127165 -0.31003937,
  50.270203 -35.111791 0.31003937,50.270203 -35.111791 -0.31003937,
  50.115623 -35.111791 0.31003937,50.192913 -35.127165 0.31003937,
  50.115623 -35.111791 -0.31003937,50.115623 -35.111791 -0.31003937,
  50.192913 -35.127165 0.31003937,50.192913 -35.127165 -0.31003937,
  50.0501 -35.06801 0.31003937,50.115623 -35.111791 0.31003937,
  50.0501 -35.06801 -0.31003937,50.0501 -35.06801 -0.31003937,
  50.115623 -35.111791 0.31003937,50.115623 -35.111791 -0.31003937,
  50.006319 -35.002487 0.31003937,50.0501 -35.06801 0.31003937,
  50.006319 -35.002487 -0.31003937,50.006319 -35.002487 -0.31003937,
  50.0501 -35.06801 0.31003937,50.0501 -35.06801 -0.31003937,
  49.990945 -34.925197 0.31003937,50.006319 -35.002487 0.31003937,
  49.990945 -34.925197 -0.31003937,49.990945 -34.925197 -0.31003937,
  50.006319 -35.002487 0.31003937,50.006319 -35.002487 -0.31003937,
  50.006319 -34.847907 0.31003937,49.990945 -34.925197 0.31003937,
  50.006319 -34.847907 -0.31003937,50.006319 -34.847907 -0.31003937,
  49.990945 -34.925197 0.31003937,49.990945 -34.925197 -0.31003937,
  50.0501 -34.782384 0.31003937,50.006319 -34.847907 0.31003937,
  50.0501 -34.782384 -0.31003937,50.0501 -34.782384 -0.31003937,
  50.006319 -34.847907 0.31003937,50.006319 -34.847907 -0.31003937,
  50.115623 -34.738602 0.31003937,50.0501 -34.782384 0.31003937,
  50.115623 -34.738602 -0.31003937,50.115623 -34.738602 -0.31003937,
  50.0501 -34.782384 0.31003937,50.0501 -34.782384 -0.31003937,
  50.192913 -34.723228 0.31003937,50.115623 -34.738602 0.31003937,
  50.192913 -34.723228 -0.31003937,50.192913 -34.723228 -0.31003937,
  50.115623 -34.738602 0.31003937,50.115623 -34.738602 -0.31003937,
  50.270203 -34.738602 0.31003937,50.192913 -34.723228 0.31003937,
  50.270203 -34.738602 -0.31003937,50.270203 -34.738602 -0.31003937,
  50.192913 -34.723228 0.31003937,50.192913 -34.723228 -0.31003937,
  50.335727 -34.782384 0.31003937,50.270203 -34.738602 0.31003937,
  50.335727 -34.782384 -0.31003937,50.335727 -34.782384 -0.31003937,
  50.270203 -34.738602 0.31003937,50.270203 -34.738602 -0.31003937,
  50.379508 -34.847907 0.31003937,50.335727 -34.782384 0.31003937,
  50.379508 -34.847907 -0.31003937,50.379508 -34.847907 -0.31003937,
  50.335727 -34.782384 0.31003937,50.335727 -34.782384 -0.31003937,
  50.394882 -34.925197 0.31003937,50.379508 -34.847907 0.31003937,
  50.394882 -34.925197 -0.31003937,50.394882 -34.925197 -0.31003937,
  50.379508 -34.847907 0.31003937,50.379508 -34.847907 -0.31003937,
  50.379508 -36.002487 0.31003937,50.394882 -35.925197 0.31003937,
  50.379508 -36.002487 -0.31003937,50.379508 -36.002487 -0.31003937,
  50.394882 -35.925197 0.31003937,50.394882 -35.925197 -0.31003937,
  50.335727 -36.06801 0.31003937,50.379508 -36.002487 0.31003937,
  50.335727 -36.06801 -0.31003937,50.335727 -36.06801 -0.31003937,
  50.379508 -36.002487 0.31003937,50.379508 -36.002487 -0.31003937,
  50.270203 -36.111791 0.31003937,50.335727 -36.06801 0.31003937,
  50.270203 -36.111791 -0.31003937,50.270203 -36.111791 -0.31003937,
  50.335727 -36.06801 0.31003937,50.335727 -36.06801 -0.31003937,
  50.192913 -36.127165 0.31003937,50.270203 -36.111791 0.31003937,
  50.192913 -36.127165 -0.31003937,50.192913 -36.127165 -0.31003937,
  50.270203 -36.111791 0.31003937,50.270203 -36.111791 -0.31003937,
  50.115623 -36.111791 0.31003937,50.192913 -36.127165 0.31003937,
  50.115623 -36.111791 -0.31003937,50.115623 -36.111791 -0.31003937,
  50.192913 -36.127165 0.31003937,50.192913 -36.127165 -0.31003937,
  50.0501 -36.06801 0.31003937,50.115623 -36.111791 0.31003937,
  50.0501 -36.06801 -0.31003937,50.0501 -36.06801 -0.31003937,
  50.115623 -36.111791 0.31003937,50.115623 -36.111791 -0.31003937,
  50.006319 -36.002487 0.31003937,50.0501 -36.06801 0.31003937,
  50.006319 -36.002487 -0.31003937,50.006319 -36.002487 -0.31003937,
  50.0501 -36.06801 0.31003937,50.0501 -36.06801 -0.31003937,
  49.990945 -35.925197 0.31003937,50.006319 -36.002487 0.31003937,
  49.990945 -35.925197 -0.31003937,49.990945 -35.925197 -0.31003937,
  50.006319 -36.002487 0.31003937,50.006319 -36.002487 -0.31003937,
  50.006319 -35.847907 0.31003937,49.990945 -35.925197 0.31003937,
  50.006319 -35.847907 -0.31003937,50.006319 -35.847907 -0.31003937,
  49.990945 -35.925197 0.31003937,49.990945 -35.925197 -0.31003937,
  50.0501 -35.782384 0.31003937,50.006319 -35.847907 0.31003937,
  50.0501 -35.782384 -0.31003937,50.0501 -35.782384 -0.31003937,
  50.006319 -35.847907 0.31003937,50.006319 -35.847907 -0.31003937,
  50.115623 -35.738602 0.31003937,50.0501 -35.782384 0.31003937,
  50.115623 -35.738602 -0.31003937,50.115623 -35.738602 -0.31003937,
  50.0501 -35.782384 0.31003937,50.0501 -35.782384 -0.31003937,
  50.192913 -35.723228 0.31003937,50.115623 -35.738602 0.31003937,
  50.192913 -35.723228 -0.31003937,50.192913 -35.723228 -0.31003937,
  50.115623 -35.738602 0.31003937,50.115623 -35.738602 -0.31003937,
  50.270203 -35.738602 0.31003937,50.192913 -35.723228 0.31003937,
  50.270203 -35.738602 -0.31003937,50.270203 -35.738602 -0.31003937,
  50.192913 -35.723228 0.31003937,50.192913 -35.723228 -0.31003937,
  50.335727 -35.782384 0.31003937,50.270203 -35.738602 0.31003937,
  50.335727 -35.782384 -0.31003937,50.335727 -35.782384 -0.31003937,
  50.270203 -35.738602 0.31003937,50.270203 -35.738602 -0.31003937,
  50.379508 -35.847907 0.31003937,50.335727 -35.782384 0.31003937,
  50.379508 -35.847907 -0.31003937,50.379508 -35.847907 -0.31003937,
  50.335727 -35.782384 0.31003937,50.335727 -35.782384 -0.31003937,
  50.394882 -35.925197 0.31003937,50.379508 -35.847907 0.31003937,
  50.394882 -35.925197 -0.31003937,50.394882 -35.925197 -0.31003937,
  50.379508 -35.847907 0.31003937,50.379508 -35.847907 -0.31003937,
  50.379508 -37.002487 0.31003937,50.394882 -36.925197 0.31003937,
  50.379508 -37.002487 -0.31003937,50.379508 -37.002487 -0.31003937,
  50.394882 -36.925197 0.31003937,50.394882 -36.925197 -0.31003937,
  50.335727 -37.06801 0.31003937,50.379508 -37.002487 0.31003937,
  50.335727 -37.06801 -0.31003937,50.335727 -37.06801 -0.31003937,
  50.379508 -37.002487 0.31003937,50.379508 -37.002487 -0.31003937,
  50.270203 -37.111791 0.31003937,50.335727 -37.06801 0.31003937,
  50.270203 -37.111791 -0.31003937,50.270203 -37.111791 -0.31003937,
  50.335727 -37.06801 0.31003937,50.335727 -37.06801 -0.31003937,
  50.192913 -37.127165 0.31003937,50.270203 -37.111791 0.31003937,
  50.192913 -37.127165 -0.31003937,50.192913 -37.127165 -0.31003937,
  50.270203 -37.111791 0.31003937,50.270203 -37.111791 -0.31003937,
  50.115623 -37.111791 0.31003937,50.192913 -37.127165 0.31003937,
  50.115623 -37.111791 -0.31003937,50.115623 -37.111791 -0.31003937,
  50.192913 -37.127165 0.31003937,50.192913 -37.127165 -0.31003937,
  50.0501 -37.06801 0.31003937,50.115623 -37.111791 0.31003937,
  50.0501 -37.06801 -0.31003937,50.0501 -37.06801 -0.31003937,
  50.115623 -37.111791 0.31003937,50.115623 -37.111791 -0.31003937,
  50.006319 -37.002487 0.31003937,50.0501 -37.06801 0.31003937,
  50.006319 -37.002487 -0.31003937,50.006319 -37.002487 -0.31003937,
  50.0501 -37.06801 0.31003937,50.0501 -37.06801 -0.31003937,
  49.990945 -36.925197 0.31003937,50.006319 -37.002487 0.31003937,
  49.990945 -36.925197 -0.31003937,49.990945 -36.925197 -0.31003937,
  50.006319 -37.002487 0.31003937,50.006319 -37.002487 -0.31003937,
  50.006319 -36.847907 0.31003937,49.990945 -36.925197 0.31003937,
  50.006319 -36.847907 -0.31003937,50.006319 -36.847907 -0.31003937,
  49.990945 -36.925197 0.31003937,49.990945 -36.925197 -0.31003937,
  50.0501 -36.782384 0.31003937,50.006319 -36.847907 0.31003937,
  50.0501 -36.782384 -0.31003937,50.0501 -36.782384 -0.31003937,
  50.006319 -36.847907 0.31003937,50.006319 -36.847907 -0.31003937,
  50.115623 -36.738602 0.31003937,50.0501 -36.782384 0.31003937,
  50.115623 -36.738602 -0.31003937,50.115623 -36.738602 -0.31003937,
  50.0501 -36.782384 0.31003937,50.0501 -36.782384 -0.31003937,
  50.192913 -36.723228 0.31003937,50.115623 -36.738602 0.31003937,
  50.192913 -36.723228 -0.31003937,50.192913 -36.723228 -0.31003937,
  50.115623 -36.738602 0.31003937,50.115623 -36.738602 -0.31003937,
  50.270203 -36.738602 0.31003937,50.192913 -36.723228 0.31003937,
  50.270203 -36.738602 -0.31003937,50.270203 -36.738602 -0.31003937,
  50.192913 -36.723228 0.31003937,50.192913 -36.723228 -0.31003937,
  50.335727 -36.782384 0.31003937,50.270203 -36.738602 0.31003937,
  50.335727 -36.782384 -0.31003937,50.335727 -36.782384 -0.31003937,
  50.270203 -36.738602 0.31003937,50.270203 -36.738602 -0.31003937,
  50.379508 -36.847907 0.31003937,50.335727 -36.782384 0.31003937,
  50.379508 -36.847907 -0.31003937,50.379508 -36.847907 -0.31003937,
  50.335727 -36.782384 0.31003937,50.335727 -36.782384 -0.31003937,
  50.394882 -36.925197 0.31003937,50.379508 -36.847907 0.31003937,
  50.394882 -36.925197 -0.31003937,50.394882 -36.925197 -0.31003937,
  50.379508 -36.847907 0.31003937,50.379508 -36.847907 -0.31003937,
  50.379508 -38.002487 0.31003937,50.394882 -37.925197 0.31003937,
  50.379508 -38.002487 -0.31003937,50.379508 -38.002487 -0.31003937,
  50.394882 -37.925197 0.31003937,50.394882 -37.925197 -0.31003937,
  50.335727 -38.06801 0.31003937,50.379508 -38.002487 0.31003937,
  50.335727 -38.06801 -0.31003937,50.335727 -38.06801 -0.31003937,
  50.379508 -38.002487 0.31003937,50.379508 -38.002487 -0.31003937,
  50.270203 -38.111791 0.31003937,50.335727 -38.06801 0.31003937,
  50.270203 -38.111791 -0.31003937,50.270203 -38.111791 -0.31003937,
  50.335727 -38.06801 0.31003937,50.335727 -38.06801 -0.31003937,
  50.192913 -38.127165 0.31003937,50.270203 -38.111791 0.31003937,
  50.192913 -38.127165 -0.31003937,50.192913 -38.127165 -0.31003937,
  50.270203 -38.111791 0.31003937,50.270203 -38.111791 -0.31003937,
  50.115623 -38.111791 0.31003937,50.192913 -38.127165 0.31003937,
  50.115623 -38.111791 -0.31003937,50.115623 -38.111791 -0.31003937,
  50.192913 -38.127165 0.31003937,50.192913 -38.127165 -0.31003937,
  50.0501 -38.06801 0.31003937,50.115623 -38.111791 0.31003937,
  50.0501 -38.06801 -0.31003937,50.0501 -38.06801 -0.31003937,
  50.115623 -38.111791 0.31003937,50.115623 -38.111791 -0.31003937,
  50.006319 -38.002487 0.31003937,50.0501 -38.06801 0.31003937,
  50.006319 -38.002487 -0.31003937,50.006319 -38.002487 -0.31003937,
  50.0501 -38.06801 0.31003937,50.0501 -38.06801 -0.31003937,
  49.990945 -37.925197 0.31003937,50.006319 -38.002487 0.31003937,
  49.990945 -37.925197 -0.31003937,49.990945 -37.925197 -0.31003937,
  50.006319 -38.002487 0.31003937,50.006319 -38.002487 -0.31003937,
  50.006319 -37.847907 0.31003937,49.990945 -37.925197 0.31003937,
  50.006319 -37.847907 -0.31003937,50.006319 -37.847907 -0.31003937,
  49.990945 -37.925197 0.31003937,49.990945 -37.925197 -0.31003937,
  50.0501 -37.782384 0.31003937,50.006319 -37.847907 0.31003937,
  50.0501 -37.782384 -0.31003937,50.0501 -37.782384 -0.31003937,
  50.006319 -37.847907 0.31003937,50.006319 -37.847907 -0.31003937,
  50.115623 -37.738602 0.31003937,50.0501 -37.782384 0.31003937,
  50.115623 -37.738602 -0.31003937,50.115623 -37.738602 -0.31003937,
  50.0501 -37.782384 0.31003937,50.0501 -37.782384 -0.31003937,
  50.192913 -37.723228 0.31003937,50.115623 -37.738602 0.31003937,
  50.192913 -37.723228 -0.31003937,50.192913 -37.723228 -0.31003937,
  50.115623 -37.738602 0.31003937,50.115623 -37.738602 -0.31003937,
  50.270203 -37.738602 0.31003937,50.192913 -37.723228 0.31003937,
  50.270203 -37.738602 -0.31003937,50.270203 -37.738602 -0.31003937,
  50.192913 -37.723228 0.31003937,50.192913 -37.723228 -0.31003937,
  50.335727 -37.782384 0.31003937,50.270203 -37.738602 0.31003937,
  50.335727 -37.782384 -0.31003937,50.335727 -37.782384 -0.31003937,
  50.270203 -37.738602 0.31003937,50.270203 -37.738602 -0.31003937,
  50.379508 -37.847907 0.31003937,50.335727 -37.782384 0.31003937,
  50.379508 -37.847907 -0.31003937,50.379508 -37.847907 -0.31003937,
  50.335727 -37.782384 0.31003937,50.335727 -37.782384 -0.31003937,
  50.394882 -37.925197 0.31003937,50.379508 -37.847907 0.31003937,
  50.394882 -37.925197 -0.31003937,50.394882 -37.925197 -0.31003937,
  50.379508 -37.847907 0.31003937,50.379508 -37.847907 -0.31003937,
  50.379508 -39.002487 0.31003937,50.394882 -38.925197 0.31003937,
  50.379508 -39.002487 -0.31003937,50.379508 -39.002487 -0.31003937,
  50.394882 -38.925197 0.31003937,50.394882 -38.925197 -0.31003937,
  50.335727 -39.06801 0.31003937,50.379508 -39.002487 0.31003937,
  50.335727 -39.06801 -0.31003937,50.335727 -39.06801 -0.31003937,
  50.379508 -39.002487 0.31003937,50.379508 -39.002487 -0.31003937,
  50.270203 -39.111791 0.31003937,50.335727 -39.06801 0.31003937,
  50.270203 -39.111791 -0.31003937,50.270203 -39.111791 -0.31003937,
  50.335727 -39.06801 0.31003937,50.335727 -39.06801 -0.31003937,
  50.192913 -39.127165 0.31003937,50.270203 -39.111791 0.31003937,
  50.192913 -39.127165 -0.31003937,50.192913 -39.127165 -0.31003937,
  50.270203 -39.111791 0.31003937,50.270203 -39.111791 -0.31003937,
  50.115623 -39.111791 0.31003937,50.192913 -39.127165 0.31003937,
  50.115623 -39.111791 -0.31003937,50.115623 -39.111791 -0.31003937,
  50.192913 -39.127165 0.31003937,50.192913 -39.127165 -0.31003937,
  50.0501 -39.06801 0.31003937,50.115623 -39.111791 0.31003937,
  50.0501 -39.06801 -0.31003937,50.0501 -39.06801 -0.31003937,
  50.115623 -39.111791 0.31003937,50.115623 -39.111791 -0.31003937,
  50.006319 -39.002487 0.31003937,50.0501 -39.06801 0.31003937,
  50.006319 -39.002487 -0.31003937,50.006319 -39.002487 -0.31003937,
  50.0501 -39.06801 0.31003937,50.0501 -39.06801 -0.31003937,
  49.990945 -38.925197 0.31003937,50.006319 -39.002487 0.31003937,
  49.990945 -38.925197 -0.31003937,49.990945 -38.925197 -0.31003937,
  50.006319 -39.002487 0.31003937,50.006319 -39.002487 -0.31003937,
  50.006319 -38.847907 0.31003937,49.990945 -38.925197 0.31003937,
  50.006319 -38.847907 -0.31003937,50.006319 -38.847907 -0.31003937,
  49.990945 -38.925197 0.31003937,49.990945 -38.925197 -0.31003937,
  50.0501 -38.782384 0.31003937,50.006319 -38.847907 0.31003937,
  50.0501 -38.782384 -0.31003937,50.0501 -38.782384 -0.31003937,
  50.006319 -38.847907 0.31003937,50.006319 -38.847907 -0.31003937,
  50.115623 -38.738602 0.31003937,50.0501 -38.782384 0.31003937,
  50.115623 -38.738602 -0.31003937,50.115623 -38.738602 -0.31003937,
  50.0501 -38.782384 0.31003937,50.0501 -38.782384 -0.31003937,
  50.192913 -38.723228 0.31003937,50.115623 -38.738602 0.31003937,
  50.192913 -38.723228 -0.31003937,50.192913 -38.723228 -0.31003937,
  50.115623 -38.738602 0.31003937,50.115623 -38.738602 -0.31003937,
  50.270203 -38.738602 0.31003937,50.192913 -38.723228 0.31003937,
  50.270203 -38.738602 -0.31003937,50.270203 -38.738602 -0.31003937,
  50.192913 -38.723228 0.31003937,50.192913 -38.723228 -0.31003937,
  50.335727 -38.782384 0.31003937,50.270203 -38.738602 0.31003937,
  50.335727 -38.782384 -0.31003937,50.335727 -38.782384 -0.31003937,
  50.270203 -38.738602 0.31003937,50.270203 -38.738602 -0.31003937,
  50.379508 -38.847907 0.31003937,50.335727 -38.782384 0.31003937,
  50.379508 -38.847907 -0.31003937,50.379508 -38.847907 -0.31003937,
  50.335727 -38.782384 0.31003937,50.335727 -38.782384 -0.31003937,
  50.394882 -38.925197 0.31003937,50.379508 -38.847907 0.31003937,
  50.394882 -38.925197 -0.31003937,50.394882 -38.925197 -0.31003937,
  50.379508 -38.847907 0.31003937,50.379508 -38.847907 -0.31003937,
  50.379508 -40.002487 0.31003937,50.394882 -39.925197 0.31003937,
  50.379508 -40.002487 -0.31003937,50.379508 -40.002487 -0.31003937,
  50.394882 -39.925197 0.31003937,50.394882 -39.925197 -0.31003937,
  50.335727 -40.06801 0.31003937,50.379508 -40.002487 0.31003937,
  50.335727 -40.06801 -0.31003937,50.335727 -40.06801 -0.31003937,
  50.379508 -40.002487 0.31003937,50.379508 -40.002487 -0.31003937,
  50.270203 -40.111791 0.31003937,50.335727 -40.06801 0.31003937,
  50.270203 -40.111791 -0.31003937,50.270203 -40.111791 -0.31003937,
  50.335727 -40.06801 0.31003937,50.335727 -40.06801 -0.31003937,
  50.192913 -40.127165 0.31003937,50.270203 -40.111791 0.31003937,
  50.192913 -40.127165 -0.31003937,50.192913 -40.127165 -0.31003937,
  50.270203 -40.111791 0.31003937,50.270203 -40.111791 -0.31003937,
  50.115623 -40.111791 0.31003937,50.192913 -40.127165 0.31003937,
  50.115623 -40.111791 -0.31003937,50.115623 -40.111791 -0.31003937,
  50.192913 -40.127165 0.31003937,50.192913 -40.127165 -0.31003937,
  50.0501 -40.06801 0.31003937,50.115623 -40.111791 0.31003937,
  50.0501 -40.06801 -0.31003937,50.0501 -40.06801 -0.31003937,
  50.115623 -40.111791 0.31003937,50.115623 -40.111791 -0.31003937,
  50.006319 -40.002487 0.31003937,50.0501 -40.06801 0.31003937,
  50.006319 -40.002487 -0.31003937,50.006319 -40.002487 -0.31003937,
  50.0501 -40.06801 0.31003937,50.0501 -40.06801 -0.31003937,
  49.990945 -39.925197 0.31003937,50.006319 -40.002487 0.31003937,
  49.990945 -39.925197 -0.31003937,49.990945 -39.925197 -0.31003937,
  50.006319 -40.002487 0.31003937,50.006319 -40.002487 -0.31003937,
  50.006319 -39.847907 0.31003937,49.990945 -39.925197 0.31003937,
  50.006319 -39.847907 -0.31003937,50.006319 -39.847907 -0.31003937,
  49.990945 -39.925197 0.31003937,49.990945 -39.925197 -0.31003937,
  50.0501 -39.782384 0.31003937,50.006319 -39.847907 0.31003937,
  50.0501 -39.782384 -0.31003937,50.0501 -39.782384 -0.31003937,
  50.006319 -39.847907 0.31003937,50.006319 -39.847907 -0.31003937,
  50.115623 -39.738602 0.31003937,50.0501 -39.782384 0.31003937,
  50.115623 -39.738602 -0.31003937,50.115623 -39.738602 -0.31003937,
  50.0501 -39.782384 0.31003937,50.0501 -39.782384 -0.31003937,
  50.192913 -39.723228 0.31003937,50.115623 -39.738602 0.31003937,
  50.192913 -39.723228 -0.31003937,50.192913 -39.723228 -0.31003937,
  50.115623 -39.738602 0.31003937,50.115623 -39.738602 -0.31003937,
  50.270203 -39.738602 0.31003937,50.192913 -39.723228 0.31003937,
  50.270203 -39.738602 -0.31003937,50.270203 -39.738602 -0.31003937,
  50.192913 -39.723228 0.31003937,50.192913 -39.723228 -0.31003937,
  50.335727 -39.782384 0.31003937,50.270203 -39.738602 0.31003937,
  50.335727 -39.782384 -0.31003937,50.335727 -39.782384 -0.31003937,
  50.270203 -39.738602 0.31003937,50.270203 -39.738602 -0.31003937,
  50.379508 -39.847907 0.31003937,50.335727 -39.782384 0.31003937,
  50.379508 -39.847907 -0.31003937,50.379508 -39.847907 -0.31003937,
  50.335727 -39.782384 0.31003937,50.335727 -39.782384 -0.31003937,
  50.394882 -39.925197 0.31003937,50.379508 -39.847907 0.31003937,
  50.394882 -39.925197 -0.31003937,50.394882 -39.925197 -0.31003937,
  50.379508 -39.847907 0.31003937,50.379508 -39.847907 -0.31003937,
  50.006319 -40.847907 0.31003937,49.990945 -40.925197 0.31003937,
  50.006319 -40.847907 -0.31003937,50.006319 -40.847907 -0.31003937,
  49.990945 -40.925197 0.31003937,49.990945 -40.925197 -0.31003937,
  50.0501 -40.782384 0.31003937,50.006319 -40.847907 0.31003937,
  50.0501 -40.782384 -0.31003937,50.0501 -40.782384 -0.31003937,
  50.006319 -40.847907 0.31003937,50.006319 -40.847907 -0.31003937,
  50.115623 -40.738602 0.31003937,50.0501 -40.782384 0.31003937,
  50.115623 -40.738602 -0.31003937,50.115623 -40.738602 -0.31003937,
  50.0501 -40.782384 0.31003937,50.0501 -40.782384 -0.31003937,
  50.192913 -40.723228 0.31003937,50.115623 -40.738602 0.31003937,
  50.192913 -40.723228 -0.31003937,50.192913 -40.723228 -0.31003937,
  50.115623 -40.738602 0.31003937,50.115623 -40.738602 -0.31003937,
  50.270203 -40.738602 0.31003937,50.192913 -40.723228 0.31003937,
  50.270203 -40.738602 -0.31003937,50.270203 -40.738602 -0.31003937,
  50.192913 -40.723228 0.31003937,50.192913 -40.723228 -0.31003937,
  50.335727 -40.782384 0.31003937,50.270203 -40.738602 0.31003937,
  50.335727 -40.782384 -0.31003937,50.335727 -40.782384 -0.31003937,
  50.270203 -40.738602 0.31003937,50.270203 -40.738602 -0.31003937,
  50.379508 -40.847907 0.31003937,50.335727 -40.782384 0.31003937,
  50.379508 -40.847907 -0.31003937,50.379508 -40.847907 -0.31003937,
  50.335727 -40.782384 0.31003937,50.335727 -40.782384 -0.31003937,
  50.394882 -40.925197 0.31003937,50.379508 -40.847907 0.31003937,
  50.394882 -40.925197 -0.31003937,50.394882 -40.925197 -0.31003937,
  50.379508 -40.847907 0.31003937,50.379508 -40.847907 -0.31003937,
  50.379508 -41.002487 0.31003937,50.394882 -40.925197 0.31003937,
  50.379508 -41.002487 -0.31003937,50.379508 -41.002487 -0.31003937,
  50.394882 -40.925197 0.31003937,50.394882 -40.925197 -0.31003937,
  50.335727 -41.06801 0.31003937,50.379508 -41.002487 0.31003937,
  50.335727 -41.06801 -0.31003937,50.335727 -41.06801 -0.31003937,
  50.379508 -41.002487 0.31003937,50.379508 -41.002487 -0.31003937,
  50.270203 -41.111791 0.31003937,50.335727 -41.06801 0.31003937,
  50.270203 -41.111791 -0.31003937,50.270203 -41.111791 -0.31003937,
  50.335727 -41.06801 0.31003937,50.335727 -41.06801 -0.31003937,
  50.192913 -41.127165 0.31003937,50.270203 -41.111791 0.31003937,
  50.192913 -41.127165 -0.31003937,50.192913 -41.127165 -0.31003937,
  50.270203 -41.111791 0.31003937,50.270203 -41.111791 -0.31003937,
  50.115623 -41.111791 0.31003937,50.192913 -41.127165 0.31003937,
  50.115623 -41.111791 -0.31003937,50.115623 -41.111791 -0.31003937,
  50.192913 -41.127165 0.31003937,50.192913 -41.127165 -0.31003937,
  50.0501 -41.06801 0.31003937,50.115623 -41.111791 0.31003937,
  50.0501 -41.06801 -0.31003937,50.0501 -41.06801 -0.31003937,
  50.115623 -41.111791 0.31003937,50.115623 -41.111791 -0.31003937,
  50.006319 -41.002487 0.31003937,50.0501 -41.06801 0.31003937,
  50.006319 -41.002487 -0.31003937,50.006319 -41.002487 -0.31003937,
  50.0501 -41.06801 0.31003937,50.0501 -41.06801 -0.31003937,
  49.990945 -40.925197 0.31003937,50.006319 -41.002487 0.31003937,
  49.990945 -40.925197 -0.31003937,49.990945 -40.925197 -0.31003937,
  50.006319 -41.002487 0.31003937,50.006319 -41.002487 -0.31003937] }
 coordIndex [
  0,1,2,-1,3,4,5,-1,6,7,8,-1,9,10,11,-1,12,13,14,-1,15,16,17,-1,18,19,20,-1,21,22,23,-1,
  24,25,26,-1,27,28,29,-1,30,31,32,-1,33,34,35,-1,36,37,38,-1,39,40,41,-1,42,43,44,-1,45,46,47,-1,
  48,49,50,-1,51,52,53,-1,54,55,56,-1,57,58,59,-1,60,61,62,-1,63,64,65,-1,66,67,68,-1,69,70,71,-1,
  72,73,74,-1,75,76,77,-1,78,79,80,-1,81,82,83,-1,84,85,86,-1,87,88,89,-1,90,91,92,-1,93,94,95,-1,
  96,97,98,-1,99,100,101,-1,102,103,104,-1,105,106,107,-1,108,109,110,-1,111,112,113,-1,114,115,116,-1,117,118,119,-1,
  120,121,122,-1,123,124,125,-1,126,127,128,-1,129,130,131,-1,132,133,134,-1,135,136,137,-1,138,139,140,-1,141,142,143,-1,
  144,145,146,-1,147,148,149,-1,150,151,152,-1,153,154,155,-1,156,157,158,-1,159,160,161,-1,162,163,164,-1,165,166,167,-1,
  168,169,170,-1,171,172,173,-1,174,175,176,-1,177,178,179,-1,180,181,182,-1,183,184,185,-1,186,187,188,-1,189,190,191,-1,
  192,193,194,-1,195,196,197,-1,198,199,200,-1,201,202,203,-1,204,205,206,-1,207,208,209,-1,210,211,212,-1,213,214,215,-1,
  216,217,218,-1,219,220,221,-1,222,223,224,-1,225,226,227,-1,228,229,230,-1,231,232,233,-1,234,235,236,-1,237,238,239,-1,
  240,241,242,-1,243,244,245,-1,246,247,248,-1,249,250,251,-1,252,253,254,-1,255,256,257,-1,258,259,260,-1,261,262,263,-1,
  264,265,266,-1,267,268,269,-1,270,271,272,-1,273,274,275,-1,276,277,278,-1,279,280,281,-1,282,283,284,-1,285,286,287,-1,
  288,289,290,-1,291,292,293,-1,294,295,296,-1,297,298,299,-1,300,301,302,-1,303,304,305,-1,306,307,308,-1,309,310,311,-1,
  312,313,314,-1,315,316,317,-1,318,319,320,-1,321,322,323,-1,324,325,326,-1,327,328,329,-1,330,331,332,-1,333,334,335,-1,
  336,337,338,-1,339,340,341,-1,342,343,344,-1,345,346,347,-1,348,349,350,-1,351,352,353,-1,354,355,356,-1,357,358,359,-1,
  360,361,362,-1,363,364,365,-1,366,367,368,-1,369,370,371,-1,372,373,374,-1,375,376,377,-1,378,379,380,-1,381,382,383,-1,
  384,385,386,-1,387,388,389,-1,390,391,392,-1,393,394,395,-1,396,397,398,-1,399,400,401,-1,402,403,404,-1,405,406,407,-1,
  408,409,410,-1,411,412,413,-1,414,415,416,-1,417,418,419,-1,420,421,422,-1,423,424,425,-1,426,427,428,-1,429,430,431,-1,
  432,433,434,-1,435,436,437,-1,438,439,440,-1,441,442,443,-1,444,445,446,-1,447,448,449,-1,450,451,452,-1,453,454,455,-1,
  456,457,458,-1,459,460,461,-1,462,463,464,-1,465,466,467,-1,468,469,470,-1,471,472,473,-1,474,475,476,-1,477,478,479,-1,
  480,481,482,-1,483,484,485,-1,486,487,488,-1,489,490,491,-1,492,493,494,-1,495,496,497,-1,498,499,500,-1,501,502,503,-1,
  504,505,506,-1,507,508,509,-1,510,511,512,-1,513,514,515,-1,516,517,518,-1,519,520,521,-1,522,523,524,-1,525,526,527,-1,
  528,529,530,-1,531,532,533,-1,534,535,536,-1,537,538,539,-1,540,541,542,-1,543,544,545,-1,546,547,548,-1,549,550,551,-1,
  552,553,554,-1,555,556,557,-1,558,559,560,-1,561,562,563,-1,564,565,566,-1,567,568,569,-1,570,571,572,-1,573,574,575,-1,
  576,577,578,-1,579,580,581,-1,582,583,584,-1,585,586,587,-1,588,589,590,-1,591,592,593,-1,594,595,596,-1,597,598,599,-1,
  600,601,602,-1,603,604,605,-1,606,607,608,-1,609,610,611,-1,612,613,614,-1,615,616,617,-1,618,619,620,-1,621,622,623,-1,
  624,625,626,-1,627,628,629,-1,630,631,632,-1,633,634,635,-1,636,637,638,-1,639,640,641,-1,642,643,644,-1,645,646,647,-1,
  648,649,650,-1,651,652,653,-1,654,655,656,-1,657,658,659,-1,660,661,662,-1,663,664,665,-1,666,667,668,-1,669,670,671,-1,
  672,673,674,-1,675,676,677,-1,678,679,680,-1,681,682,683,-1,684,685,686,-1,687,688,689,-1,690,691,692,-1,693,694,695,-1,
  696,697,698,-1,699,700,701,-1,702,703,704,-1,705,706,707,-1,708,709,710,-1,711,712,713,-1,714,715,716,-1,717,718,719,-1,
  720,721,722,-1,723,724,725,-1,726,727,728,-1,729,730,731,-1,732,733,734,-1,735,736,737,-1,738,739,740,-1,741,742,743,-1,
  744,745,746,-1,747,748,749,-1,750,751,752,-1,753,754,755,-1,756,757,758,-1,759,760,761,-1,762,763,764,-1,765,766,767,-1,
  768,769,770,-1,771,772,773,-1,774,775,776,-1,777,778,779,-1,780,781,782,-1,783,784,785,-1,786,787,788,-1,789,790,791,-1,
  792,793,794,-1,795,796,797,-1,798,799,800,-1,801,802,803,-1,804,805,806,-1,807,808,809,-1,810,811,812,-1,813,814,815,-1,
  816,817,818,-1,819,820,821,-1,822,823,824,-1,825,826,827,-1,828,829,830,-1,831,832,833,-1,834,835,836,-1,837,838,839,-1,
  840,841,842,-1,843,844,845,-1,846,847,848,-1,849,850,851,-1,852,853,854,-1,855,856,857,-1,858,859,860,-1,861,862,863,-1,
  864,865,866,-1,867,868,869,-1,870,871,872,-1,873,874,875,-1,876,877,878,-1,879,880,881,-1,882,883,884,-1,885,886,887,-1,
  888,889,890,-1,891,892,893,-1,894,895,896,-1,897,898,899,-1,900,901,902,-1,903,904,905,-1,906,907,908,-1,909,910,911,-1,
  912,913,914,-1,915,916,917,-1,918,919,920,-1,921,922,923,-1,924,925,926,-1,927,928,929,-1,930,931,932,-1,933,934,935,-1,
  936,937,938,-1,939,940,941,-1,942,943,944,-1,945,946,947,-1,948,949,950,-1,951,952,953,-1,954,955,956,-1,957,958,959,-1,
  960,961,962,-1,963,964,965,-1,966,967,968,-1,969,970,971,-1,972,973,974,-1,975,976,977,-1,978,979,980,-1,981,982,983,-1,
  984,985,986,-1,987,988,989,-1,990,991,992,-1,993,994,995,-1,996,997,998,-1,999,1000,1001,-1,1002,1003,1004,-1,1005,1006,1007,-1,
  1008,1009,1010,-1,1011,1012,1013,-1,1014,1015,1016,-1,1017,1018,1019,-1,1020,1021,1022,-1,1023,1024,1025,-1,1026,1027,1028,-1,1029,1030,1031,-1,
  1032,1033,1034,-1,1035,1036,1037,-1,1038,1039,1040,-1,1041,1042,1043,-1,1044,1045,1046,-1,1047,1048,1049,-1,1050,1051,1052,-1,1053,1054,1055,-1,
  1056,1057,1058,-1,1059,1060,1061,-1,1062,1063,1064,-1,1065,1066,1067,-1,1068,1069,1070,-1,1071,1072,1073,-1,1074,1075,1076,-1,1077,1078,1079,-1,
  1080,1081,1082,-1,1083,1084,1085,-1,1086,1087,1088,-1,1089,1090,1091,-1,1092,1093,1094,-1,1095,1096,1097,-1,1098,1099,1100,-1,1101,1102,1103,-1,
  1104,1105,1106,-1,1107,1108,1109,-1,1110,1111,1112,-1,1113,1114,1115,-1,1116,1117,1118,-1,1119,1120,1121,-1,1122,1123,1124,-1,1125,1126,1127,-1,
  1128,1129,1130,-1,1131,1132,1133,-1,1134,1135,1136,-1,1137,1138,1139,-1,1140,1141,1142,-1,1143,1144,1145,-1,1146,1147,1148,-1,1149,1150,1151,-1,
  1152,1153,1154,-1,1155,1156,1157,-1,1158,1159,1160,-1,1161,1162,1163,-1,1164,1165,1166,-1,1167,1168,1169,-1,1170,1171,1172,-1,1173,1174,1175,-1,
  1176,1177,1178,-1,1179,1180,1181,-1,1182,1183,1184,-1,1185,1186,1187,-1,1188,1189,1190,-1,1191,1192,1193,-1,1194,1195,1196,-1,1197,1198,1199,-1,
  1200,1201,1202,-1,1203,1204,1205,-1,1206,1207,1208,-1,1209,1210,1211,-1,1212,1213,1214,-1,1215,1216,1217,-1,1218,1219,1220,-1,1221,1222,1223,-1,
  1224,1225,1226,-1,1227,1228,1229,-1,1230,1231,1232,-1,1233,1234,1235,-1,1236,1237,1238,-1,1239,1240,1241,-1,1242,1243,1244,-1,1245,1246,1247,-1,
  1248,1249,1250,-1,1251,1252,1253,-1,1254,1255,1256,-1,1257,1258,1259,-1,1260,1261,1262,-1,1263,1264,1265,-1,1266,1267,1268,-1,1269,1270,1271,-1,
  1272,1273,1274,-1,1275,1276,1277,-1,1278,1279,1280,-1,1281,1282,1283,-1,1284,1285,1286,-1,1287,1288,1289,-1,1290,1291,1292,-1,1293,1294,1295,-1,
  1296,1297,1298,-1,1299,1300,1301,-1,1302,1303,1304,-1,1305,1306,1307,-1,1308,1309,1310,-1,1311,1312,1313,-1,1314,1315,1316,-1,1317,1318,1319,-1,
  1320,1321,1322,-1,1323,1324,1325,-1,1326,1327,1328,-1,1329,1330,1331,-1,1332,1333,1334,-1,1335,1336,1337,-1,1338,1339,1340,-1,1341,1342,1343,-1,
  1344,1345,1346,-1,1347,1348,1349,-1,1350,1351,1352,-1,1353,1354,1355,-1,1356,1357,1358,-1,1359,1360,1361,-1,1362,1363,1364,-1,1365,1366,1367,-1,
  1368,1369,1370,-1,1371,1372,1373,-1,1374,1375,1376,-1,1377,1378,1379,-1,1380,1381,1382,-1,1383,1384,1385,-1,1386,1387,1388,-1,1389,1390,1391,-1,
  1392,1393,1394,-1,1395,1396,1397,-1,1398,1399,1400,-1,1401,1402,1403,-1,1404,1405,1406,-1,1407,1408,1409,-1,1410,1411,1412,-1,1413,1414,1415,-1,
  1416,1417,1418,-1,1419,1420,1421,-1,1422,1423,1424,-1,1425,1426,1427,-1,1428,1429,1430,-1,1431,1432,1433,-1,1434,1435,1436,-1,1437,1438,1439,-1,
  1440,1441,1442,-1,1443,1444,1445,-1,1446,1447,1448,-1,1449,1450,1451,-1,1452,1453,1454,-1,1455,1456,1457,-1,1458,1459,1460,-1,1461,1462,1463,-1,
  1464,1465,1466,-1,1467,1468,1469,-1,1470,1471,1472,-1,1473,1474,1475,-1,1476,1477,1478,-1,1479,1480,1481,-1,1482,1483,1484,-1,1485,1486,1487,-1,
  1488,1489,1490,-1,1491,1492,1493,-1,1494,1495,1496,-1,1497,1498,1499,-1,1500,1501,1502,-1,1503,1504,1505,-1,1506,1507,1508,-1,1509,1510,1511,-1,
  1512,1513,1514,-1,1515,1516,1517,-1,1518,1519,1520,-1,1521,1522,1523,-1,1524,1525,1526,-1,1527,1528,1529,-1,1530,1531,1532,-1,1533,1534,1535,-1,
  1536,1537,1538,-1,1539,1540,1541,-1,1542,1543,1544,-1,1545,1546,1547,-1,1548,1549,1550,-1,1551,1552,1553,-1,1554,1555,1556,-1,1557,1558,1559,-1,
  1560,1561,1562,-1,1563,1564,1565,-1,1566,1567,1568,-1,1569,1570,1571,-1,1572,1573,1574,-1,1575,1576,1577,-1,1578,1579,1580,-1,1581,1582,1583,-1,
  1584,1585,1586,-1,1587,1588,1589,-1,1590,1591,1592,-1,1593,1594,1595,-1,1596,1597,1598,-1,1599,1600,1601,-1,1602,1603,1604,-1,1605,1606,1607,-1,
  1608,1609,1610,-1,1611,1612,1613,-1,1614,1615,1616,-1,1617,1618,1619,-1,1620,1621,1622,-1,1623,1624,1625,-1,1626,1627,1628,-1,1629,1630,1631,-1,
  1632,1633,1634,-1,1635,1636,1637,-1,1638,1639,1640,-1,1641,1642,1643,-1,1644,1645,1646,-1,1647,1648,1649,-1,1650,1651,1652,-1,1653,1654,1655,-1,
  1656,1657,1658,-1,1659,1660,1661,-1,1662,1663,1664,-1,1665,1666,1667,-1,1668,1669,1670,-1,1671,1672,1673,-1,1674,1675,1676,-1,1677,1678,1679,-1,
  1680,1681,1682,-1,1683,1684,1685,-1,1686,1687,1688,-1,1689,1690,1691,-1]
  normalPerVertex TRUE
  normal DEF NORM_2 Normal { vector [
  0.78485289 0.61968213 0,0.78485289 0.61968213 0,
  0.78485289 0.61968213 0,0.78485289 0.61968213 0,
  0.78485289 0.61968213 0,0.78485289 0.61968213 0,
  0.66256975 0.74900022 0,0.66256975 0.74900022 0,
  0.66256975 0.74900022 0,0.66256975 0.74900022 0,
  0.66256975 0.74900022 0,0.66256975 0.74900022 0,
  0.54094273 0.84105943 0,0.54094273 0.84105943 0,
  0.54094273 0.84105943 0,0.54094273 0.84105943 0,
  0.54094273 0.84105943 0,0.54094273 0.84105943 0,
  0.43540342 0.90023545 0,0.43540342 0.90023545 0,
  0.43540342 0.90023545 0,0.43540342 0.90023545 0,
  0.43540342 0.90023545 0,0.43540342 0.90023545 0,
  0.35341517 0.93546658 0,0.35341517 0.93546658 0,
  0.35341517 0.93546658 0,0.35341517 0.93546658 0,
  0.35341517 0.93546658 0,0.35341517 0.93546658 0,
  -0.001510563 0.99999886 0,-0.001510563 0.99999886 0,
  -0.001510563 0.99999886 0,-0.001510563 0.99999886 0,
  -0.001510563 0.99999886 0,-0.001510563 0.99999886 0,
  -0.29660728 0.95499954 0,-0.29660728 0.95499954 0,
  -0.29660728 0.95499954 0,-0.29660728 0.95499954 0,
  -0.29660728 0.95499954 0,-0.29660728 0.95499954 0,
  -0.41321194 0.91063489 0,-0.41321194 0.91063489 0,
  -0.41321194 0.91063489 0,-0.41321194 0.91063489 0,
  -0.41321194 0.91063489 0,-0.41321194 0.91063489 0,
  -0.53088717 0.84744251 0,-0.53088717 0.84744251 0,
  -0.53088717 0.84744251 0,-0.53088717 0.84744251 0,
  -0.53088717 0.84744251 0,-0.53088717 0.84744251 0,
  -0.64267821 0.76613623 0,-0.64267821 0.76613623 0,
  -0.64267821 0.76613623 0,-0.64267821 0.76613623 0,
  -0.64267821 0.76613623 0,-0.64267821 0.76613623 0,
  -0.74185749 0.67055758 0,-0.74185749 0.67055758 0,
  -0.74185749 0.67055758 0,-0.74185749 0.67055758 0,
  -0.74185749 0.67055758 0,-0.74185749 0.67055758 0,
  -0.82385122 0.56680611 0,-0.82385122 0.56680611 0,
  -0.82385122 0.56680611 0,-0.82385122 0.56680611 0,
  -0.82385122 0.56680611 0,-0.82385122 0.56680611 0,
  -0.88712023 0.4615384 0,-0.88712023 0.4615384 0,
  -0.88712023 0.4615384 0,-0.88712023 0.4615384 0,
  -0.88712023 0.4615384 0,-0.88712023 0.4615384 0,
  -0.93284302 0.36028308 0,-0.93284302 0.36028308 0,
  -0.93284302 0.36028308 0,-0.93284302 0.36028308 0,
  -0.93284302 0.36028308 0,-0.93284302 0.36028308 0,
  -0.9999999 0.00044908344 0,-0.9999999 0.00044908344 0,
  -0.9999999 0.00044908344 0,-0.9999999 0.00044908344 0,
  -0.9999999 0.00044908344 0,-0.9999999 0.00044908344 0,
  -0.0028717628 -0.99999588 0,-0.0028717628 -0.99999588 0,
  -0.0028717628 -0.99999588 0,-0.0028717628 -0.99999588 0,
  -0.0028717628 -0.99999588 0,-0.0028717628 -0.99999588 0,
  0.99999865 0.0016435786 0,0.99999865 0.0016435786 0,
  0.99999865 0.0016435786 0,0.99999865 0.0016435786 0,
  0.99999865 0.0016435786 0,0.99999865 0.0016435786 0,
  0.00075731287 -0.99999971 0,0.00075731287 -0.99999971 0,
  0.00075731287 -0.99999971 0,0.00075731287 -0.99999971 0,
  0.00075731287 -0.99999971 0,0.00075731287 -0.99999971 0,
  -0.99996721 0.0080978758 0,-0.99996721 0.0080978758 0,
  -0.99996721 0.0080978758 0,-0.99996721 0.0080978758 0,
  -0.99996721 0.0080978758 0,-0.99996721 0.0080978758 0,
  0 -1 0,0 -1 0,
  0 -1 0,0 -1 0,
  0 -1 0,0 -1 0,
  0.99998471 0.0055290933 0,0.99998471 0.0055290933 0,
  0.99998471 0.0055290933 0,0.99998471 0.0055290933 0,
  0.99998471 0.0055290933 0,0.99998471 0.0055290933 0,
  0.44319564 -0.89642491 0,0.44319564 -0.89642491 0,
  0.44319564 -0.89642491 0,0.44319564 -0.89642491 0,
  0.44319564 -0.89642491 0,0.44319564 -0.89642491 0,
  0.99999939 0.001106091 0,0.99999939 0.001106091 0,
  0.99999939 0.001106091 0,0.99999939 0.001106091 0,
  0.99999939 0.001106091 0,0.99999939 0.001106091 0,
  0.99172136 0.12840852 0,0.99172136 0.12840852 0,
  0.99172136 0.12840852 0,0.99172136 0.12840852 0,
  0.99172136 0.12840852 0,0.99172136 0.12840852 0,
  0.95717887 0.28949717 0,0.95717887 0.28949717 0,
  0.95717887 0.28949717 0,0.95717887 0.28949717 0,
  0.95717887 0.28949717 0,0.95717887 0.28949717 0,
  0.88781043 0.46020934 0,0.88781043 0.46020934 0,
  0.88781043 0.46020934 0,0.88781043 0.46020934 0,
  0.88781043 0.46020934 0,0.88781043 0.46020934 0,
  -0.98078528 0.19509032 0,-0.98078528 0.19509032 0,
  -0.98078528 0.19509032 0,-0.98078528 0.19509032 0,
  -0.98078528 0.19509032 0,-0.98078528 0.19509032 0,
  -0.83146961 0.55557023 0,-0.83146961 0.55557023 0,
  -0.83146961 0.55557023 0,-0.83146961 0.55557023 0,
  -0.83146961 0.55557023 0,-0.83146961 0.55557023 0,
  -0.55557023 0.83146961 0,-0.55557023 0.83146961 0,
  -0.55557023 0.83146961 0,-0.55557023 0.83146961 0,
  -0.55557023 0.83146961 0,-0.55557023 0.83146961 0,
  -0.19509032 0.98078528 0,-0.19509032 0.98078528 0,
  -0.19509032 0.98078528 0,-0.19509032 0.98078528 0,
  -0.19509032 0.98078528 0,-0.19509032 0.98078528 0,
  0.19509032 0.98078528 0,0.19509032 0.98078528 0,
  0.19509032 0.98078528 0,0.19509032 0.98078528 0,
  0.19509032 0.98078528 0,0.19509032 0.98078528 0,
  0.55557023 0.83146961 0,0.55557023 0.83146961 0,
  0.55557023 0.83146961 0,0.55557023 0.83146961 0,
  0.55557023 0.83146961 0,0.55557023 0.83146961 0,
  0.83146961 0.55557023 0,0.83146961 0.55557023 0,
  0.83146961 0.55557023 0,0.83146961 0.55557023 0,
  0.83146961 0.55557023 0,0.83146961 0.55557023 0,
  0.98078528 0.19509032 0,0.98078528 0.19509032 0,
  0.98078528 0.19509032 0,0.98078528 0.19509032 0,
  0.98078528 0.19509032 0,0.98078528 0.19509032 0,
  0.98078528 -0.19509032 0,0.98078528 -0.19509032 0,
  0.98078528 -0.19509032 0,0.98078528 -0.19509032 0,
  0.98078528 -0.19509032 0,0.98078528 -0.19509032 0,
  0.83146961 -0.55557023 0,0.83146961 -0.55557023 0,
  0.83146961 -0.55557023 0,0.83146961 -0.55557023 0,
  0.83146961 -0.55557023 0,0.83146961 -0.55557023 0,
  0.55557023 -0.83146961 0,0.55557023 -0.83146961 0,
  0.55557023 -0.83146961 0,0.55557023 -0.83146961 0,
  0.55557023 -0.83146961 0,0.55557023 -0.83146961 0,
  0.19509032 -0.98078528 0,0.19509032 -0.98078528 0,
  0.19509032 -0.98078528 0,0.19509032 -0.98078528 0,
  0.19509032 -0.98078528 0,0.19509032 -0.98078528 0,
  -0.19509032 -0.98078528 0,-0.19509032 -0.98078528 0,
  -0.19509032 -0.98078528 0,-0.19509032 -0.98078528 0,
  -0.19509032 -0.98078528 0,-0.19509032 -0.98078528 0,
  -0.55557023 -0.83146961 0,-0.55557023 -0.83146961 0,
  -0.55557023 -0.83146961 0,-0.55557023 -0.83146961 0,
  -0.55557023 -0.83146961 0,-0.55557023 -0.83146961 0,
  -0.83146961 -0.55557023 0,-0.83146961 -0.55557023 0,
  -0.83146961 -0.55557023 0,-0.83146961 -0.55557023 0,
  -0.83146961 -0.55557023 0,-0.83146961 -0.55557023 0,
  -0.98078528 -0.19509032 0,-0.98078528 -0.19509032 0,
  -0.98078528 -0.19509032 0,-0.98078528 -0.19509032 0,
  -0.98078528 -0.19509032 0,-0.98078528 -0.19509032 0,
  -0.98078528 0.19509032 0,-0.98078528 0.19509032 0,
  -0.98078528 0.19509032 0,-0.98078528 0.19509032 0,
  -0.98078528 0.19509032 0,-0.98078528 0.19509032 0,
  -0.83146961 0.55557023 0,-0.83146961 0.55557023 0,
  -0.83146961 0.55557023 0,-0.83146961 0.55557023 0,
  -0.83146961 0.55557023 0,-0.83146961 0.55557023 0,
  -0.55557023 0.83146961 0,-0.55557023 0.83146961 0,
  -0.55557023 0.83146961 0,-0.55557023 0.83146961 0,
  -0.55557023 0.83146961 0,-0.55557023 0.83146961 0,
  -0.19509032 0.98078528 0,-0.19509032 0.98078528 0,
  -0.19509032 0.98078528 0,-0.19509032 0.98078528 0,
  -0.19509032 0.98078528 0,-0.19509032 0.98078528 0,
  0.19509032 0.98078528 0,0.19509032 0.98078528 0,
  0.19509032 0.98078528 0,0.19509032 0.98078528 0,
  0.19509032 0.98078528 0,0.19509032 0.98078528 0,
  0.55557023 0.83146961 0,0.55557023 0.83146961 0,
  0.55557023 0.83146961 0,0.55557023 0.83146961 0,
  0.55557023 0.83146961 0,0.55557023 0.83146961 0,
  0.83146961 0.55557023 0,0.83146961 0.55557023 0,
  0.83146961 0.55557023 0,0.83146961 0.55557023 0,
  0.83146961 0.55557023 0,0.83146961 0.55557023 0,
  0.98078528 0.19509032 0,0.98078528 0.19509032 0,
  0.98078528 0.19509032 0,0.98078528 0.19509032 0,
  0.98078528 0.19509032 0,0.98078528 0.19509032 0,
  0.98078528 -0.19509032 0,0.98078528 -0.19509032 0,
  0.98078528 -0.19509032 0,0.98078528 -0.19509032 0,
  0.98078528 -0.19509032 0,0.98078528 -0.19509032 0,
  0.83146961 -0.55557023 0,0.83146961 -0.55557023 0,
  0.83146961 -0.55557023 0,0.83146961 -0.55557023 0,
  0.83146961 -0.55557023 0,0.83146961 -0.55557023 0,
  0.55557023 -0.83146961 0,0.55557023 -0.83146961 0,
  0.55557023 -0.83146961 0,0.55557023 -0.83146961 0,
  0.55557023 -0.83146961 0,0.55557023 -0.83146961 0,
  0.19509032 -0.98078528 0,0.19509032 -0.98078528 0,
  0.19509032 -0.98078528 0,0.19509032 -0.98078528 0,
  0.19509032 -0.98078528 0,0.19509032 -0.98078528 0,
  -0.19509032 -0.98078528 0,-0.19509032 -0.98078528 0,
  -0.19509032 -0.98078528 0,-0.19509032 -0.98078528 0,
  -0.19509032 -0.98078528 0,-0.19509032 -0.98078528 0,
  -0.55557023 -0.83146961 0,-0.55557023 -0.83146961 0,
  -0.55557023 -0.83146961 0,-0.55557023 -0.83146961 0,
  -0.55557023 -0.83146961 0,-0.55557023 -0.83146961 0,
  -0.83146961 -0.55557023 0,-0.83146961 -0.55557023 0,
  -0.83146961 -0.55557023 0,-0.83146961 -0.55557023 0,
  -0.83146961 -0.55557023 0,-0.83146961 -0.55557023 0,
  -0.98078528 -0.19509032 0,-0.98078528 -0.19509032 0,
  -0.98078528 -0.19509032 0,-0.98078528 -0.19509032 0,
  -0.98078528 -0.19509032 0,-0.98078528 -0.19509032 0,
  -0.98078528 0.19509032 0,-0.98078528 0.19509032 0,
  -0.98078528 0.19509032 0,-0.98078528 0.19509032 0,
  -0.98078528 0.19509032 0,-0.98078528 0.19509032 0,
  -0.83146961 0.55557023 0,-0.83146961 0.55557023 0,
  -0.83146961 0.55557023 0,-0.83146961 0.55557023 0,
  -0.83146961 0.55557023 0,-0.83146961 0.55557023 0,
  -0.55557023 0.83146961 0,-0.55557023 0.83146961 0,
  -0.55557023 0.83146961 0,-0.55557023 0.83146961 0,
  -0.55557023 0.83146961 0,-0.55557023 0.83146961 0,
  -0.19509032 0.98078528 0,-0.19509032 0.98078528 0,
  -0.19509032 0.98078528 0,-0.19509032 0.98078528 0,
  -0.19509032 0.98078528 0,-0.19509032 0.98078528 0,
  0.19509032 0.98078528 0,0.19509032 0.98078528 0,
  0.19509032 0.98078528 0,0.19509032 0.98078528 0,
  0.19509032 0.98078528 0,0.19509032 0.98078528 0,
  0.55557023 0.83146961 0,0.55557023 0.83146961 0,
  0.55557023 0.83146961 0,0.55557023 0.83146961 0,
  0.55557023 0.83146961 0,0.55557023 0.83146961 0,
  0.83146961 0.55557023 0,0.83146961 0.55557023 0,
  0.83146961 0.55557023 0,0.83146961 0.55557023 0,
  0.83146961 0.55557023 0,0.83146961 0.55557023 0,
  0.98078528 0.19509032 0,0.98078528 0.19509032 0,
  0.98078528 0.19509032 0,0.98078528 0.19509032 0,
  0.98078528 0.19509032 0,0.98078528 0.19509032 0,
  0.98078528 -0.19509032 0,0.98078528 -0.19509032 0,
  0.98078528 -0.19509032 0,0.98078528 -0.19509032 0,
  0.98078528 -0.19509032 0,0.98078528 -0.19509032 0,
  0.83146961 -0.55557023 0,0.83146961 -0.55557023 0,
  0.83146961 -0.55557023 0,0.83146961 -0.55557023 0,
  0.83146961 -0.55557023 0,0.83146961 -0.55557023 0,
  0.55557023 -0.83146961 0,0.55557023 -0.83146961 0,
  0.55557023 -0.83146961 0,0.55557023 -0.83146961 0,
  0.55557023 -0.83146961 0,0.55557023 -0.83146961 0,
  0.19509032 -0.98078528 0,0.19509032 -0.98078528 0,
  0.19509032 -0.98078528 0,0.19509032 -0.98078528 0,
  0.19509032 -0.98078528 0,0.19509032 -0.98078528 0,
  -0.19509032 -0.98078528 0,-0.19509032 -0.98078528 0,
  -0.19509032 -0.98078528 0,-0.19509032 -0.98078528 0,
  -0.19509032 -0.98078528 0,-0.19509032 -0.98078528 0,
  -0.55557023 -0.83146961 0,-0.55557023 -0.83146961 0,
  -0.55557023 -0.83146961 0,-0.55557023 -0.83146961 0,
  -0.55557023 -0.83146961 0,-0.55557023 -0.83146961 0,
  -0.83146961 -0.55557023 0,-0.83146961 -0.55557023 0,
  -0.83146961 -0.55557023 0,-0.83146961 -0.55557023 0,
  -0.83146961 -0.55557023 0,-0.83146961 -0.55557023 0,
  -0.98078528 -0.19509032 0,-0.98078528 -0.19509032 0,
  -0.98078528 -0.19509032 0,-0.98078528 -0.19509032 0,
  -0.98078528 -0.19509032 0,-0.98078528 -0.19509032 0,
  -0.98078528 0.19509032 0,-0.98078528 0.19509032 0,
  -0.98078528 0.19509032 0,-0.98078528 0.19509032 0,
  -0.98078528 0.19509032 0,-0.98078528 0.19509032 0,
  -0.83146961 0.55557023 0,-0.83146961 0.55557023 0,
  -0.83146961 0.55557023 0,-0.83146961 0.55557023 0,
  -0.83146961 0.55557023 0,-0.83146961 0.55557023 0,
  -0.55557023 0.83146961 0,-0.55557023 0.83146961 0,
  -0.55557023 0.83146961 0,-0.55557023 0.83146961 0,
  -0.55557023 0.83146961 0,-0.55557023 0.83146961 0,
  -0.19509032 0.98078528 0,-0.19509032 0.98078528 0,
  -0.19509032 0.98078528 0,-0.19509032 0.98078528 0,
  -0.19509032 0.98078528 0,-0.19509032 0.98078528 0,
  0.19509032 0.98078528 0,0.19509032 0.98078528 0,
  0.19509032 0.98078528 0,0.19509032 0.98078528 0,
  0.19509032 0.98078528 0,0.19509032 0.98078528 0,
  0.55557023 0.83146961 0,0.55557023 0.83146961 0,
  0.55557023 0.83146961 0,0.55557023 0.83146961 0,
  0.55557023 0.83146961 0,0.55557023 0.83146961 0,
  0.83146961 0.55557023 0,0.83146961 0.55557023 0,
  0.83146961 0.55557023 0,0.83146961 0.55557023 0,
  0.83146961 0.55557023 0,0.83146961 0.55557023 0,
  0.98078528 0.19509032 0,0.98078528 0.19509032 0,
  0.98078528 0.19509032 0,0.98078528 0.19509032 0,
  0.98078528 0.19509032 0,0.98078528 0.19509032 0,
  0.98078528 -0.19509032 0,0.98078528 -0.19509032 0,
  0.98078528 -0.19509032 0,0.98078528 -0.19509032 0,
  0.98078528 -0.19509032 0,0.98078528 -0.19509032 0,
  0.83146961 -0.55557023 0,0.83146961 -0.55557023 0,
  0.83146961 -0.55557023 0,0.83146961 -0.55557023 0,
  0.83146961 -0.55557023 0,0.83146961 -0.55557023 0,
  0.55557023 -0.83146961 0,0.55557023 -0.83146961 0,
  0.55557023 -0.83146961 0,0.55557023 -0.83146961 0,
  0.55557023 -0.83146961 0,0.55557023 -0.83146961 0,
  0.19509032 -0.98078528 0,0.19509032 -0.98078528 0,
  0.19509032 -0.98078528 0,0.19509032 -0.98078528 0,
  0.19509032 -0.98078528 0,0.19509032 -0.98078528 0,
  -0.19509032 -0.98078528 0,-0.19509032 -0.98078528 0,
  -0.19509032 -0.98078528 0,-0.19509032 -0.98078528 0,
  -0.19509032 -0.98078528 0,-0.19509032 -0.98078528 0,
  -0.55557023 -0.83146961 0,-0.55557023 -0.83146961 0,
  -0.55557023 -0.83146961 0,-0.55557023 -0.83146961 0,
  -0.55557023 -0.83146961 0,-0.55557023 -0.83146961 0,
  -0.83146961 -0.55557023 0,-0.83146961 -0.55557023 0,
  -0.83146961 -0.55557023 0,-0.83146961 -0.55557023 0,
  -0.83146961 -0.55557023 0,-0.83146961 -0.55557023 0,
  -0.98078528 -0.19509032 0,-0.98078528 -0.19509032 0,
  -0.98078528 -0.19509032 0,-0.98078528 -0.19509032 0,
  -0.98078528 -0.19509032 0,-0.98078528 -0.19509032 0,
  -0.98078528 0.19509032 0,-0.98078528 0.19509032 0,
  -0.98078528 0.19509032 0,-0.98078528 0.19509032 0,
  -0.98078528 0.19509032 0,-0.98078528 0.19509032 0,
  -0.83146961 0.55557023 0,-0.83146961 0.55557023 0,
  -0.83146961 0.55557023 0,-0.83146961 0.55557023 0,
  -0.83146961 0.55557023 0,-0.83146961 0.55557023 0,
  -0.55557023 0.83146961 0,-0.55557023 0.83146961 0,
  -0.55557023 0.83146961 0,-0.55557023 0.83146961 0,
  -0.55557023 0.83146961 0,-0.55557023 0.83146961 0,
  -0.19509032 0.98078528 0,-0.19509032 0.98078528 0,
  -0.19509032 0.98078528 0,-0.19509032 0.98078528 0,
  -0.19509032 0.98078528 0,-0.19509032 0.98078528 0,
  0.19509032 0.98078528 0,0.19509032 0.98078528 0,
  0.19509032 0.98078528 0,0.19509032 0.98078528 0,
  0.19509032 0.98078528 0,0.19509032 0.98078528 0,
  0.55557023 0.83146961 0,0.55557023 0.83146961 0,
  0.55557023 0.83146961 0,0.55557023 0.83146961 0,
  0.55557023 0.83146961 0,0.55557023 0.83146961 0,
  0.83146961 0.55557023 0,0.83146961 0.55557023 0,
  0.83146961 0.55557023 0,0.83146961 0.55557023 0,
  0.83146961 0.55557023 0,0.83146961 0.55557023 0,
  0.98078528 0.19509032 0,0.98078528 0.19509032 0,
  0.98078528 0.19509032 0,0.98078528 0.19509032 0,
  0.98078528 0.19509032 0,0.98078528 0.19509032 0,
  0.98078528 -0.19509032 0,0.98078528 -0.19509032 0,
  0.98078528 -0.19509032 0,0.98078528 -0.19509032 0,
  0.98078528 -0.19509032 0,0.98078528 -0.19509032 0,
  0.83146961 -0.55557023 0,0.83146961 -0.55557023 0,
  0.83146961 -0.55557023 0,0.83146961 -0.55557023 0,
  0.83146961 -0.55557023 0,0.83146961 -0.55557023 0,
  0.55557023 -0.83146961 0,0.55557023 -0.83146961 0,
  0.55557023 -0.83146961 0,0.55557023 -0.83146961 0,
  0.55557023 -0.83146961 0,0.55557023 -0.83146961 0,
  0.19509032 -0.98078528 0,0.19509032 -0.98078528 0,
  0.19509032 -0.98078528 0,0.19509032 -0.98078528 0,
  0.19509032 -0.98078528 0,0.19509032 -0.98078528 0,
  -0.19509032 -0.98078528 0,-0.19509032 -0.98078528 0,
  -0.19509032 -0.98078528 0,-0.19509032 -0.98078528 0,
  -0.19509032 -0.98078528 0,-0.19509032 -0.98078528 0,
  -0.55557023 -0.83146961 0,-0.55557023 -0.83146961 0,
  -0.55557023 -0.83146961 0,-0.55557023 -0.83146961 0,
  -0.55557023 -0.83146961 0,-0.55557023 -0.83146961 0,
  -0.83146961 -0.55557023 0,-0.83146961 -0.55557023 0,
  -0.83146961 -0.55557023 0,-0.83146961 -0.55557023 0,
  -0.83146961 -0.55557023 0,-0.83146961 -0.55557023 0,
  -0.98078528 -0.19509032 0,-0.98078528 -0.19509032 0,
  -0.98078528 -0.19509032 0,-0.98078528 -0.19509032 0,
  -0.98078528 -0.19509032 0,-0.98078528 -0.19509032 0,
  -0.98078528 0.19509032 0,-0.98078528 0.19509032 0,
  -0.98078528 0.19509032 0,-0.98078528 0.19509032 0,
  -0.98078528 0.19509032 0,-0.98078528 0.19509032 0,
  -0.83146961 0.55557023 0,-0.83146961 0.55557023 0,
  -0.83146961 0.55557023 0,-0.83146961 0.55557023 0,
  -0.83146961 0.55557023 0,-0.83146961 0.55557023 0,
  -0.55557023 0.83146961 0,-0.55557023 0.83146961 0,
  -0.55557023 0.83146961 0,-0.55557023 0.83146961 0,
  -0.55557023 0.83146961 0,-0.55557023 0.83146961 0,
  -0.19509032 0.98078528 0,-0.19509032 0.98078528 0,
  -0.19509032 0.98078528 0,-0.19509032 0.98078528 0,
  -0.19509032 0.98078528 0,-0.19509032 0.98078528 0,
  0.19509032 0.98078528 0,0.19509032 0.98078528 0,
  0.19509032 0.98078528 0,0.19509032 0.98078528 0,
  0.19509032 0.98078528 0,0.19509032 0.98078528 0,
  0.55557023 0.83146961 0,0.55557023 0.83146961 0,
  0.55557023 0.83146961 0,0.55557023 0.83146961 0,
  0.55557023 0.83146961 0,0.55557023 0.83146961 0,
  0.83146961 0.55557023 0,0.83146961 0.55557023 0,
  0.83146961 0.55557023 0,0.83146961 0.55557023 0,
  0.83146961 0.55557023 0,0.83146961 0.55557023 0,
  0.98078528 0.19509032 0,0.98078528 0.19509032 0,
  0.98078528 0.19509032 0,0.98078528 0.19509032 0,
  0.98078528 0.19509032 0,0.98078528 0.19509032 0,
  0.98078528 -0.19509032 0,0.98078528 -0.19509032 0,
  0.98078528 -0.19509032 0,0.98078528 -0.19509032 0,
  0.98078528 -0.19509032 0,0.98078528 -0.19509032 0,
  0.83146961 -0.55557023 0,0.83146961 -0.55557023 0,
  0.83146961 -0.55557023 0,0.83146961 -0.55557023 0,
  0.83146961 -0.55557023 0,0.83146961 -0.55557023 0,
  0.55557023 -0.83146961 0,0.55557023 -0.83146961 0,
  0.55557023 -0.83146961 0,0.55557023 -0.83146961 0,
  0.55557023 -0.83146961 0,0.55557023 -0.83146961 0,
  0.19509032 -0.98078528 0,0.19509032 -0.98078528 0,
  0.19509032 -0.98078528 0,0.19509032 -0.98078528 0,
  0.19509032 -0.98078528 0,0.19509032 -0.98078528 0,
  -0.19509032 -0.98078528 0,-0.19509032 -0.98078528 0,
  -0.19509032 -0.98078528 0,-0.19509032 -0.98078528 0,
  -0.19509032 -0.98078528 0,-0.19509032 -0.98078528 0,
  -0.55557023 -0.83146961 0,-0.55557023 -0.83146961 0,
  -0.55557023 -0.83146961 0,-0.55557023 -0.83146961 0,
  -0.55557023 -0.83146961 0,-0.55557023 -0.83146961 0,
  -0.83146961 -0.55557023 0,-0.83146961 -0.55557023 0,
  -0.83146961 -0.55557023 0,-0.83146961 -0.55557023 0,
  -0.83146961 -0.55557023 0,-0.83146961 -0.55557023 0,
  -0.98078528 -0.19509032 0,-0.98078528 -0.19509032 0,
  -0.98078528 -0.19509032 0,-0.98078528 -0.19509032 0,
  -0.98078528 -0.19509032 0,-0.98078528 -0.19509032 0,
  -0.98078528 0.19509032 0,-0.98078528 0.19509032 0,
  -0.98078528 0.19509032 0,-0.98078528 0.19509032 0,
  -0.98078528 0.19509032 0,-0.98078528 0.19509032 0,
  -0.83146961 0.55557023 0,-0.83146961 0.55557023 0,
  -0.83146961 0.55557023 0,-0.83146961 0.55557023 0,
  -0.83146961 0.55557023 0,-0.83146961 0.55557023 0,
  -0.55557023 0.83146961 0,-0.55557023 0.83146961 0,
  -0.55557023 0.83146961 0,-0.55557023 0.83146961 0,
  -0.55557023 0.83146961 0,-0.55557023 0.83146961 0,
  -0.19509032 0.98078528 0,-0.19509032 0.98078528 0,
  -0.19509032 0.98078528 0,-0.19509032 0.98078528 0,
  -0.19509032 0.98078528 0,-0.19509032 0.98078528 0,
  0.19509032 0.98078528 0,0.19509032 0.98078528 0,
  0.19509032 0.98078528 0,0.19509032 0.98078528 0,
  0.19509032 0.98078528 0,0.19509032 0.98078528 0,
  0.55557023 0.83146961 0,0.55557023 0.83146961 0,
  0.55557023 0.83146961 0,0.55557023 0.83146961 0,
  0.55557023 0.83146961 0,0.55557023 0.83146961 0,
  0.83146961 0.55557023 0,0.83146961 0.55557023 0,
  0.83146961 0.55557023 0,0.83146961 0.55557023 0,
  0.83146961 0.55557023 0,0.83146961 0.55557023 0,
  0.98078528 0.19509032 0,0.98078528 0.19509032 0,
  0.98078528 0.19509032 0,0.98078528 0.19509032 0,
  0.98078528 0.19509032 0,0.98078528 0.19509032 0,
  0.98078528 -0.19509032 0,0.98078528 -0.19509032 0,
  0.98078528 -0.19509032 0,0.98078528 -0.19509032 0,
  0.98078528 -0.19509032 0,0.98078528 -0.19509032 0,
  0.83146961 -0.55557023 0,0.83146961 -0.55557023 0,
  0.83146961 -0.55557023 0,0.83146961 -0.55557023 0,
  0.83146961 -0.55557023 0,0.83146961 -0.55557023 0,
  0.55557023 -0.83146961 0,0.55557023 -0.83146961 0,
  0.55557023 -0.83146961 0,0.55557023 -0.83146961 0,
  0.55557023 -0.83146961 0,0.55557023 -0.83146961 0,
  0.19509032 -0.98078528 0,0.19509032 -0.98078528 0,
  0.19509032 -0.98078528 0,0.19509032 -0.98078528 0,
  0.19509032 -0.98078528 0,0.19509032 -0.98078528 0,
  -0.19509032 -0.98078528 0,-0.19509032 -0.98078528 0,
  -0.19509032 -0.98078528 0,-0.19509032 -0.98078528 0,
  -0.19509032 -0.98078528 0,-0.19509032 -0.98078528 0,
  -0.55557023 -0.83146961 0,-0.55557023 -0.83146961 0,
  -0.55557023 -0.83146961 0,-0.55557023 -0.83146961 0,
  -0.55557023 -0.83146961 0,-0.55557023 -0.83146961 0,
  -0.83146961 -0.55557023 0,-0.83146961 -0.55557023 0,
  -0.83146961 -0.55557023 0,-0.83146961 -0.55557023 0,
  -0.83146961 -0.55557023 0,-0.83146961 -0.55557023 0,
  -0.98078528 -0.19509032 0,-0.98078528 -0.19509032 0,
  -0.98078528 -0.19509032 0,-0.98078528 -0.19509032 0,
  -0.98078528 -0.19509032 0,-0.98078528 -0.19509032 0,
  -0.98078528 0.19509032 0,-0.98078528 0.19509032 0,
  -0.98078528 0.19509032 0,-0.98078528 0.19509032 0,
  -0.98078528 0.19509032 0,-0.98078528 0.19509032 0,
  -0.83146961 0.55557023 0,-0.83146961 0.55557023 0,
  -0.83146961 0.55557023 0,-0.83146961 0.55557023 0,
  -0.83146961 0.55557023 0,-0.83146961 0.55557023 0,
  -0.55557023 0.83146961 0,-0.55557023 0.83146961 0,
  -0.55557023 0.83146961 0,-0.55557023 0.83146961 0,
  -0.55557023 0.83146961 0,-0.55557023 0.83146961 0,
  -0.19509032 0.98078528 0,-0.19509032 0.98078528 0,
  -0.19509032 0.98078528 0,-0.19509032 0.98078528 0,
  -0.19509032 0.98078528 0,-0.19509032 0.98078528 0,
  0.19509032 0.98078528 0,0.19509032 0.98078528 0,
  0.19509032 0.98078528 0,0.19509032 0.98078528 0,
  0.19509032 0.98078528 0,0.19509032 0.98078528 0,
  0.55557023 0.83146961 0,0.55557023 0.83146961 0,
  0.55557023 0.83146961 0,0.55557023 0.83146961 0,
  0.55557023 0.83146961 0,0.55557023 0.83146961 0,
  0.83146961 0.55557023 0,0.83146961 0.55557023 0,
  0.83146961 0.55557023 0,0.83146961 0.55557023 0,
  0.83146961 0.55557023 0,0.83146961 0.55557023 0,
  0.98078528 0.19509032 0,0.98078528 0.19509032 0,
  0.98078528 0.19509032 0,0.98078528 0.19509032 0,
  0.98078528 0.19509032 0,0.98078528 0.19509032 0,
  0.98078528 -0.19509032 0,0.98078528 -0.19509032 0,
  0.98078528 -0.19509032 0,0.98078528 -0.19509032 0,
  0.98078528 -0.19509032 0,0.98078528 -0.19509032 0,
  0.83146961 -0.55557023 0,0.83146961 -0.55557023 0,
  0.83146961 -0.55557023 0,0.83146961 -0.55557023 0,
  0.83146961 -0.55557023 0,0.83146961 -0.55557023 0,
  0.55557023 -0.83146961 0,0.55557023 -0.83146961 0,
  0.55557023 -0.83146961 0,0.55557023 -0.83146961 0,
  0.55557023 -0.83146961 0,0.55557023 -0.83146961 0,
  0.19509032 -0.98078528 0,0.19509032 -0.98078528 0,
  0.19509032 -0.98078528 0,0.19509032 -0.98078528 0,
  0.19509032 -0.98078528 0,0.19509032 -0.98078528 0,
  -0.19509032 -0.98078528 0,-0.19509032 -0.98078528 0,
  -0.19509032 -0.98078528 0,-0.19509032 -0.98078528 0,
  -0.19509032 -0.98078528 0,-0.19509032 -0.98078528 0,
  -0.55557023 -0.83146961 0,-0.55557023 -0.83146961 0,
  -0.55557023 -0.83146961 0,-0.55557023 -0.83146961 0,
  -0.55557023 -0.83146961 0,-0.55557023 -0.83146961 0,
  -0.83146961 -0.55557023 0,-0.83146961 -0.55557023 0,
  -0.83146961 -0.55557023 0,-0.83146961 -0.55557023 0,
  -0.83146961 -0.55557023 0,-0.83146961 -0.55557023 0,
  -0.98078528 -0.19509032 0,-0.98078528 -0.19509032 0,
  -0.98078528 -0.19509032 0,-0.98078528 -0.19509032 0,
  -0.98078528 -0.19509032 0,-0.98078528 -0.19509032 0,
  -0.98078528 0.19509032 0,-0.98078528 0.19509032 0,
  -0.98078528 0.19509032 0,-0.98078528 0.19509032 0,
  -0.98078528 0.19509032 0,-0.98078528 0.19509032 0,
  -0.83146961 0.55557023 0,-0.83146961 0.55557023 0,
  -0.83146961 0.55557023 0,-0.83146961 0.55557023 0,
  -0.83146961 0.55557023 0,-0.83146961 0.55557023 0,
  -0.55557023 0.83146961 0,-0.55557023 0.83146961 0,
  -0.55557023 0.83146961 0,-0.55557023 0.83146961 0,
  -0.55557023 0.83146961 0,-0.55557023 0.83146961 0,
  -0.19509032 0.98078528 0,-0.19509032 0.98078528 0,
  -0.19509032 0.98078528 0,-0.19509032 0.98078528 0,
  -0.19509032 0.98078528 0,-0.19509032 0.98078528 0,
  0.19509032 0.98078528 0,0.19509032 0.98078528 0,
  0.19509032 0.98078528 0,0.19509032 0.98078528 0,
  0.19509032 0.98078528 0,0.19509032 0.98078528 0,
  0.55557023 0.83146961 0,0.55557023 0.83146961 0,
  0.55557023 0.83146961 0,0.55557023 0.83146961 0,
  0.55557023 0.83146961 0,0.55557023 0.83146961 0,
  0.83146961 0.55557023 0,0.83146961 0.55557023 0,
  0.83146961 0.55557023 0,0.83146961 0.55557023 0,
  0.83146961 0.55557023 0,0.83146961 0.55557023 0,
  0.98078528 0.19509032 0,0.98078528 0.19509032 0,
  0.98078528 0.19509032 0,0.98078528 0.19509032 0,
  0.98078528 0.19509032 0,0.98078528 0.19509032 0,
  0.98078528 -0.19509032 0,0.98078528 -0.19509032 0,
  0.98078528 -0.19509032 0,0.98078528 -0.19509032 0,
  0.98078528 -0.19509032 0,0.98078528 -0.19509032 0,
  0.83146961 -0.55557023 0,0.83146961 -0.55557023 0,
  0.83146961 -0.55557023 0,0.83146961 -0.55557023 0,
  0.83146961 -0.55557023 0,0.83146961 -0.55557023 0,
  0.55557023 -0.83146961 0,0.55557023 -0.83146961 0,
  0.55557023 -0.83146961 0,0.55557023 -0.83146961 0,
  0.55557023 -0.83146961 0,0.55557023 -0.83146961 0,
  0.19509032 -0.98078528 0,0.19509032 -0.98078528 0,
  0.19509032 -0.98078528 0,0.19509032 -0.98078528 0,
  0.19509032 -0.98078528 0,0.19509032 -0.98078528 0,
  -0.19509032 -0.98078528 0,-0.19509032 -0.98078528 0,
  -0.19509032 -0.98078528 0,-0.19509032 -0.98078528 0,
  -0.19509032 -0.98078528 0,-0.19509032 -0.98078528 0,
  -0.55557023 -0.83146961 0,-0.55557023 -0.83146961 0,
  -0.55557023 -0.83146961 0,-0.55557023 -0.83146961 0,
  -0.55557023 -0.83146961 0,-0.55557023 -0.83146961 0,
  -0.83146961 -0.55557023 0,-0.83146961 -0.55557023 0,
  -0.83146961 -0.55557023 0,-0.83146961 -0.55557023 0,
  -0.83146961 -0.55557023 0,-0.83146961 -0.55557023 0,
  -0.98078528 -0.19509032 0,-0.98078528 -0.19509032 0,
  -0.98078528 -0.19509032 0,-0.98078528 -0.19509032 0,
  -0.98078528 -0.19509032 0,-0.98078528 -0.19509032 0,
  -0.98078528 0.19509032 0,-0.98078528 0.19509032 0,
  -0.98078528 0.19509032 0,-0.98078528 0.19509032 0,
  -0.98078528 0.19509032 0,-0.98078528 0.19509032 0,
  -0.83146961 0.55557023 0,-0.83146961 0.55557023 0,
  -0.83146961 0.55557023 0,-0.83146961 0.55557023 0,
  -0.83146961 0.55557023 0,-0.83146961 0.55557023 0,
  -0.55557023 0.83146961 0,-0.55557023 0.83146961 0,
  -0.55557023 0.83146961 0,-0.55557023 0.83146961 0,
  -0.55557023 0.83146961 0,-0.55557023 0.83146961 0,
  -0.19509032 0.98078528 0,-0.19509032 0.98078528 0,
  -0.19509032 0.98078528 0,-0.19509032 0.98078528 0,
  -0.19509032 0.98078528 0,-0.19509032 0.98078528 0,
  0.19509032 0.98078528 0,0.19509032 0.98078528 0,
  0.19509032 0.98078528 0,0.19509032 0.98078528 0,
  0.19509032 0.98078528 0,0.19509032 0.98078528 0,
  0.55557023 0.83146961 0,0.55557023 0.83146961 0,
  0.55557023 0.83146961 0,0.55557023 0.83146961 0,
  0.55557023 0.83146961 0,0.55557023 0.83146961 0,
  0.83146961 0.55557023 0,0.83146961 0.55557023 0,
  0.83146961 0.55557023 0,0.83146961 0.55557023 0,
  0.83146961 0.55557023 0,0.83146961 0.55557023 0,
  0.98078528 0.19509032 0,0.98078528 0.19509032 0,
  0.98078528 0.19509032 0,0.98078528 0.19509032 0,
  0.98078528 0.19509032 0,0.98078528 0.19509032 0,
  0.98078528 -0.19509032 0,0.98078528 -0.19509032 0,
  0.98078528 -0.19509032 0,0.98078528 -0.19509032 0,
  0.98078528 -0.19509032 0,0.98078528 -0.19509032 0,
  0.83146961 -0.55557023 0,0.83146961 -0.55557023 0,
  0.83146961 -0.55557023 0,0.83146961 -0.55557023 0,
  0.83146961 -0.55557023 0,0.83146961 -0.55557023 0,
  0.55557023 -0.83146961 0,0.55557023 -0.83146961 0,
  0.55557023 -0.83146961 0,0.55557023 -0.83146961 0,
  0.55557023 -0.83146961 0,0.55557023 -0.83146961 0,
  0.19509032 -0.98078528 0,0.19509032 -0.98078528 0,
  0.19509032 -0.98078528 0,0.19509032 -0.98078528 0,
  0.19509032 -0.98078528 0,0.19509032 -0.98078528 0,
  -0.19509032 -0.98078528 0,-0.19509032 -0.98078528 0,
  -0.19509032 -0.98078528 0,-0.19509032 -0.98078528 0,
  -0.19509032 -0.98078528 0,-0.19509032 -0.98078528 0,
  -0.55557023 -0.83146961 0,-0.55557023 -0.83146961 0,
  -0.55557023 -0.83146961 0,-0.55557023 -0.83146961 0,
  -0.55557023 -0.83146961 0,-0.55557023 -0.83146961 0,
  -0.83146961 -0.55557023 0,-0.83146961 -0.55557023 0,
  -0.83146961 -0.55557023 0,-0.83146961 -0.55557023 0,
  -0.83146961 -0.55557023 0,-0.83146961 -0.55557023 0,
  -0.98078528 -0.19509032 0,-0.98078528 -0.19509032 0,
  -0.98078528 -0.19509032 0,-0.98078528 -0.19509032 0,
  -0.98078528 -0.19509032 0,-0.98078528 -0.19509032 0,
  -0.98078528 0.19509032 0,-0.98078528 0.19509032 0,
  -0.98078528 0.19509032 0,-0.98078528 0.19509032 0,
  -0.98078528 0.19509032 0,-0.98078528 0.19509032 0,
  -0.83146961 0.55557023 0,-0.83146961 0.55557023 0,
  -0.83146961 0.55557023 0,-0.83146961 0.55557023 0,
  -0.83146961 0.55557023 0,-0.83146961 0.55557023 0,
  -0.55557023 0.83146961 0,-0.55557023 0.83146961 0,
  -0.55557023 0.83146961 0,-0.55557023 0.83146961 0,
  -0.55557023 0.83146961 0,-0.55557023 0.83146961 0,
  -0.19509032 0.98078528 0,-0.19509032 0.98078528 0,
  -0.19509032 0.98078528 0,-0.19509032 0.98078528 0,
  -0.19509032 0.98078528 0,-0.19509032 0.98078528 0,
  0.19509032 0.98078528 0,0.19509032 0.98078528 0,
  0.19509032 0.98078528 0,0.19509032 0.98078528 0,
  0.19509032 0.98078528 0,0.19509032 0.98078528 0,
  0.55557023 0.83146961 0,0.55557023 0.83146961 0,
  0.55557023 0.83146961 0,0.55557023 0.83146961 0,
  0.55557023 0.83146961 0,0.55557023 0.83146961 0,
  0.83146961 0.55557023 0,0.83146961 0.55557023 0,
  0.83146961 0.55557023 0,0.83146961 0.55557023 0,
  0.83146961 0.55557023 0,0.83146961 0.55557023 0,
  0.98078528 0.19509032 0,0.98078528 0.19509032 0,
  0.98078528 0.19509032 0,0.98078528 0.19509032 0,
  0.98078528 0.19509032 0,0.98078528 0.19509032 0,
  0.98078528 -0.19509032 0,0.98078528 -0.19509032 0,
  0.98078528 -0.19509032 0,0.98078528 -0.19509032 0,
  0.98078528 -0.19509032 0,0.98078528 -0.19509032 0,
  0.83146961 -0.55557023 0,0.83146961 -0.55557023 0,
  0.83146961 -0.55557023 0,0.83146961 -0.55557023 0,
  0.83146961 -0.55557023 0,0.83146961 -0.55557023 0,
  0.55557023 -0.83146961 0,0.55557023 -0.83146961 0,
  0.55557023 -0.83146961 0,0.55557023 -0.83146961 0,
  0.55557023 -0.83146961 0,0.55557023 -0.83146961 0,
  0.19509032 -0.98078528 0,0.19509032 -0.98078528 0,
  0.19509032 -0.98078528 0,0.19509032 -0.98078528 0,
  0.19509032 -0.98078528 0,0.19509032 -0.98078528 0,
  -0.19509032 -0.98078528 0,-0.19509032 -0.98078528 0,
  -0.19509032 -0.98078528 0,-0.19509032 -0.98078528 0,
  -0.19509032 -0.98078528 0,-0.19509032 -0.98078528 0,
  -0.55557023 -0.83146961 0,-0.55557023 -0.83146961 0,
  -0.55557023 -0.83146961 0,-0.55557023 -0.83146961 0,
  -0.55557023 -0.83146961 0,-0.55557023 -0.83146961 0,
  -0.83146961 -0.55557023 0,-0.83146961 -0.55557023 0,
  -0.83146961 -0.55557023 0,-0.83146961 -0.55557023 0,
  -0.83146961 -0.55557023 0,-0.83146961 -0.55557023 0,
  -0.98078528 -0.19509032 0,-0.98078528 -0.19509032 0,
  -0.98078528 -0.19509032 0,-0.98078528 -0.19509032 0,
  -0.98078528 -0.19509032 0,-0.98078528 -0.19509032 0,
  -0.98078528 0.19509032 0,-0.98078528 0.19509032 0,
  -0.98078528 0.19509032 0,-0.98078528 0.19509032 0,
  -0.98078528 0.19509032 0,-0.98078528 0.19509032 0,
  -0.83146961 0.55557023 0,-0.83146961 0.55557023 0,
  -0.83146961 0.55557023 0,-0.83146961 0.55557023 0,
  -0.83146961 0.55557023 0,-0.83146961 0.55557023 0,
  -0.55557023 0.83146961 0,-0.55557023 0.83146961 0,
  -0.55557023 0.83146961 0,-0.55557023 0.83146961 0,
  -0.55557023 0.83146961 0,-0.55557023 0.83146961 0,
  -0.19509032 0.98078528 0,-0.19509032 0.98078528 0,
  -0.19509032 0.98078528 0,-0.19509032 0.98078528 0,
  -0.19509032 0.98078528 0,-0.19509032 0.98078528 0,
  0.19509032 0.98078528 0,0.19509032 0.98078528 0,
  0.19509032 0.98078528 0,0.19509032 0.98078528 0,
  0.19509032 0.98078528 0,0.19509032 0.98078528 0,
  0.55557023 0.83146961 0,0.55557023 0.83146961 0,
  0.55557023 0.83146961 0,0.55557023 0.83146961 0,
  0.55557023 0.83146961 0,0.55557023 0.83146961 0,
  0.83146961 0.55557023 0,0.83146961 0.55557023 0,
  0.83146961 0.55557023 0,0.83146961 0.55557023 0,
  0.83146961 0.55557023 0,0.83146961 0.55557023 0,
  0.98078528 0.19509032 0,0.98078528 0.19509032 0,
  0.98078528 0.19509032 0,0.98078528 0.19509032 0,
  0.98078528 0.19509032 0,0.98078528 0.19509032 0,
  0.98078528 -0.19509032 0,0.98078528 -0.19509032 0,
  0.98078528 -0.19509032 0,0.98078528 -0.19509032 0,
  0.98078528 -0.19509032 0,0.98078528 -0.19509032 0,
  0.83146961 -0.55557023 0,0.83146961 -0.55557023 0,
  0.83146961 -0.55557023 0,0.83146961 -0.55557023 0,
  0.83146961 -0.55557023 0,0.83146961 -0.55557023 0,
  0.55557023 -0.83146961 0,0.55557023 -0.83146961 0,
  0.55557023 -0.83146961 0,0.55557023 -0.83146961 0,
  0.55557023 -0.83146961 0,0.55557023 -0.83146961 0,
  0.19509032 -0.98078528 0,0.19509032 -0.98078528 0,
  0.19509032 -0.98078528 0,0.19509032 -0.98078528 0,
  0.19509032 -0.98078528 0,0.19509032 -0.98078528 0,
  -0.19509032 -0.98078528 0,-0.19509032 -0.98078528 0,
  -0.19509032 -0.98078528 0,-0.19509032 -0.98078528 0,
  -0.19509032 -0.98078528 0,-0.19509032 -0.98078528 0,
  -0.55557023 -0.83146961 0,-0.55557023 -0.83146961 0,
  -0.55557023 -0.83146961 0,-0.55557023 -0.83146961 0,
  -0.55557023 -0.83146961 0,-0.55557023 -0.83146961 0,
  -0.83146961 -0.55557023 0,-0.83146961 -0.55557023 0,
  -0.83146961 -0.55557023 0,-0.83146961 -0.55557023 0,
  -0.83146961 -0.55557023 0,-0.83146961 -0.55557023 0,
  -0.98078528 -0.19509032 0,-0.98078528 -0.19509032 0,
  -0.98078528 -0.19509032 0,-0.98078528 -0.19509032 0,
  -0.98078528 -0.19509032 0,-0.98078528 -0.19509032 0,
  -0.98078528 0.19509032 0,-0.98078528 0.19509032 0,
  -0.98078528 0.19509032 0,-0.98078528 0.19509032 0,
  -0.98078528 0.19509032 0,-0.98078528 0.19509032 0,
  -0.83146961 0.55557023 0,-0.83146961 0.55557023 0,
  -0.83146961 0.55557023 0,-0.83146961 0.55557023 0,
  -0.83146961 0.55557023 0,-0.83146961 0.55557023 0,
  -0.55557023 0.83146961 0,-0.55557023 0.83146961 0,
  -0.55557023 0.83146961 0,-0.55557023 0.83146961 0,
  -0.55557023 0.83146961 0,-0.55557023 0.83146961 0,
  -0.19509032 0.98078528 0,-0.19509032 0.98078528 0,
  -0.19509032 0.98078528 0,-0.19509032 0.98078528 0,
  -0.19509032 0.98078528 0,-0.19509032 0.98078528 0,
  0.19509032 0.98078528 0,0.19509032 0.98078528 0,
  0.19509032 0.98078528 0,0.19509032 0.98078528 0,
  0.19509032 0.98078528 0,0.19509032 0.98078528 0,
  0.55557023 0.83146961 0,0.55557023 0.83146961 0,
  0.55557023 0.83146961 0,0.55557023 0.83146961 0,
  0.55557023 0.83146961 0,0.55557023 0.83146961 0,
  0.83146961 0.55557023 0,0.83146961 0.55557023 0,
  0.83146961 0.55557023 0,0.83146961 0.55557023 0,
  0.83146961 0.55557023 0,0.83146961 0.55557023 0,
  0.98078528 0.19509032 0,0.98078528 0.19509032 0,
  0.98078528 0.19509032 0,0.98078528 0.19509032 0,
  0.98078528 0.19509032 0,0.98078528 0.19509032 0,
  0.98078528 -0.19509032 0,0.98078528 -0.19509032 0,
  0.98078528 -0.19509032 0,0.98078528 -0.19509032 0,
  0.98078528 -0.19509032 0,0.98078528 -0.19509032 0,
  0.83146961 -0.55557023 0,0.83146961 -0.55557023 0,
  0.83146961 -0.55557023 0,0.83146961 -0.55557023 0,
  0.83146961 -0.55557023 0,0.83146961 -0.55557023 0,
  0.55557023 -0.83146961 0,0.55557023 -0.83146961 0,
  0.55557023 -0.83146961 0,0.55557023 -0.83146961 0,
  0.55557023 -0.83146961 0,0.55557023 -0.83146961 0,
  0.19509032 -0.98078528 0,0.19509032 -0.98078528 0,
  0.19509032 -0.98078528 0,0.19509032 -0.98078528 0,
  0.19509032 -0.98078528 0,0.19509032 -0.98078528 0,
  -0.19509032 -0.98078528 0,-0.19509032 -0.98078528 0,
  -0.19509032 -0.98078528 0,-0.19509032 -0.98078528 0,
  -0.19509032 -0.98078528 0,-0.19509032 -0.98078528 0,
  -0.55557023 -0.83146961 0,-0.55557023 -0.83146961 0,
  -0.55557023 -0.83146961 0,-0.55557023 -0.83146961 0,
  -0.55557023 -0.83146961 0,-0.55557023 -0.83146961 0,
  -0.83146961 -0.55557023 0,-0.83146961 -0.55557023 0,
  -0.83146961 -0.55557023 0,-0.83146961 -0.55557023 0,
  -0.83146961 -0.55557023 0,-0.83146961 -0.55557023 0,
  -0.98078528 -0.19509032 0,-0.98078528 -0.19509032 0,
  -0.98078528 -0.19509032 0,-0.98078528 -0.19509032 0,
  -0.98078528 -0.19509032 0,-0.98078528 -0.19509032 0,
  -0.98078528 0.19509032 0,-0.98078528 0.19509032 0,
  -0.98078528 0.19509032 0,-0.98078528 0.19509032 0,
  -0.98078528 0.19509032 0,-0.98078528 0.19509032 0,
  -0.83146961 0.55557023 0,-0.83146961 0.55557023 0,
  -0.83146961 0.55557023 0,-0.83146961 0.55557023 0,
  -0.83146961 0.55557023 0,-0.83146961 0.55557023 0,
  -0.55557023 0.83146961 0,-0.55557023 0.83146961 0,
  -0.55557023 0.83146961 0,-0.55557023 0.83146961 0,
  -0.55557023 0.83146961 0,-0.55557023 0.83146961 0,
  -0.19509032 0.98078528 0,-0.19509032 0.98078528 0,
  -0.19509032 0.98078528 0,-0.19509032 0.98078528 0,
  -0.19509032 0.98078528 0,-0.19509032 0.98078528 0,
  0.19509032 0.98078528 0,0.19509032 0.98078528 0,
  0.19509032 0.98078528 0,0.19509032 0.98078528 0,
  0.19509032 0.98078528 0,0.19509032 0.98078528 0,
  0.55557023 0.83146961 0,0.55557023 0.83146961 0,
  0.55557023 0.83146961 0,0.55557023 0.83146961 0,
  0.55557023 0.83146961 0,0.55557023 0.83146961 0,
  0.83146961 0.55557023 0,0.83146961 0.55557023 0,
  0.83146961 0.55557023 0,0.83146961 0.55557023 0,
  0.83146961 0.55557023 0,0.83146961 0.55557023 0,
  0.98078528 0.19509032 0,0.98078528 0.19509032 0,
  0.98078528 0.19509032 0,0.98078528 0.19509032 0,
  0.98078528 0.19509032 0,0.98078528 0.19509032 0,
  0.98078528 -0.19509032 0,0.98078528 -0.19509032 0,
  0.98078528 -0.19509032 0,0.98078528 -0.19509032 0,
  0.98078528 -0.19509032 0,0.98078528 -0.19509032 0,
  0.83146961 -0.55557023 0,0.83146961 -0.55557023 0,
  0.83146961 -0.55557023 0,0.83146961 -0.55557023 0,
  0.83146961 -0.55557023 0,0.83146961 -0.55557023 0,
  0.55557023 -0.83146961 0,0.55557023 -0.83146961 0,
  0.55557023 -0.83146961 0,0.55557023 -0.83146961 0,
  0.55557023 -0.83146961 0,0.55557023 -0.83146961 0,
  0.19509032 -0.98078528 0,0.19509032 -0.98078528 0,
  0.19509032 -0.98078528 0,0.19509032 -0.98078528 0,
  0.19509032 -0.98078528 0,0.19509032 -0.98078528 0,
  -0.19509032 -0.98078528 0,-0.19509032 -0.98078528 0,
  -0.19509032 -0.98078528 0,-0.19509032 -0.98078528 0,
  -0.19509032 -0.98078528 0,-0.19509032 -0.98078528 0,
  -0.55557023 -0.83146961 0,-0.55557023 -0.83146961 0,
  -0.55557023 -0.83146961 0,-0.55557023 -0.83146961 0,
  -0.55557023 -0.83146961 0,-0.55557023 -0.83146961 0,
  -0.83146961 -0.55557023 0,-0.83146961 -0.55557023 0,
  -0.83146961 -0.55557023 0,-0.83146961 -0.55557023 0,
  -0.83146961 -0.55557023 0,-0.83146961 -0.55557023 0,
  -0.98078528 -0.19509032 0,-0.98078528 -0.19509032 0,
  -0.98078528 -0.19509032 0,-0.98078528 -0.19509032 0,
  -0.98078528 -0.19509032 0,-0.98078528 -0.19509032 0,
  -0.98078528 0.19509032 0,-0.98078528 0.19509032 0,
  -0.98078528 0.19509032 0,-0.98078528 0.19509032 0,
  -0.98078528 0.19509032 0,-0.98078528 0.19509032 0,
  -0.83146961 0.55557023 0,-0.83146961 0.55557023 0,
  -0.83146961 0.55557023 0,-0.83146961 0.55557023 0,
  -0.83146961 0.55557023 0,-0.83146961 0.55557023 0,
  -0.55557023 0.83146961 0,-0.55557023 0.83146961 0,
  -0.55557023 0.83146961 0,-0.55557023 0.83146961 0,
  -0.55557023 0.83146961 0,-0.55557023 0.83146961 0,
  -0.19509032 0.98078528 0,-0.19509032 0.98078528 0,
  -0.19509032 0.98078528 0,-0.19509032 0.98078528 0,
  -0.19509032 0.98078528 0,-0.19509032 0.98078528 0,
  0.19509032 0.98078528 0,0.19509032 0.98078528 0,
  0.19509032 0.98078528 0,0.19509032 0.98078528 0,
  0.19509032 0.98078528 0,0.19509032 0.98078528 0,
  0.55557023 0.83146961 0,0.55557023 0.83146961 0,
  0.55557023 0.83146961 0,0.55557023 0.83146961 0,
  0.55557023 0.83146961 0,0.55557023 0.83146961 0,
  0.83146961 0.55557023 0,0.83146961 0.55557023 0,
  0.83146961 0.55557023 0,0.83146961 0.55557023 0,
  0.83146961 0.55557023 0,0.83146961 0.55557023 0,
  0.98078528 0.19509032 0,0.98078528 0.19509032 0,
  0.98078528 0.19509032 0,0.98078528 0.19509032 0,
  0.98078528 0.19509032 0,0.98078528 0.19509032 0,
  0.98078528 -0.19509032 0,0.98078528 -0.19509032 0,
  0.98078528 -0.19509032 0,0.98078528 -0.19509032 0,
  0.98078528 -0.19509032 0,0.98078528 -0.19509032 0,
  0.83146961 -0.55557023 0,0.83146961 -0.55557023 0,
  0.83146961 -0.55557023 0,0.83146961 -0.55557023 0,
  0.83146961 -0.55557023 0,0.83146961 -0.55557023 0,
  0.55557023 -0.83146961 0,0.55557023 -0.83146961 0,
  0.55557023 -0.83146961 0,0.55557023 -0.83146961 0,
  0.55557023 -0.83146961 0,0.55557023 -0.83146961 0,
  0.19509032 -0.98078528 0,0.19509032 -0.98078528 0,
  0.19509032 -0.98078528 0,0.19509032 -0.98078528 0,
  0.19509032 -0.98078528 0,0.19509032 -0.98078528 0,
  -0.19509032 -0.98078528 0,-0.19509032 -0.98078528 0,
  -0.19509032 -0.98078528 0,-0.19509032 -0.98078528 0,
  -0.19509032 -0.98078528 0,-0.19509032 -0.98078528 0,
  -0.55557023 -0.83146961 0,-0.55557023 -0.83146961 0,
  -0.55557023 -0.83146961 0,-0.55557023 -0.83146961 0,
  -0.55557023 -0.83146961 0,-0.55557023 -0.83146961 0,
  -0.83146961 -0.55557023 0,-0.83146961 -0.55557023 0,
  -0.83146961 -0.55557023 0,-0.83146961 -0.55557023 0,
  -0.83146961 -0.55557023 0,-0.83146961 -0.55557023 0,
  -0.98078528 -0.19509032 0,-0.98078528 -0.19509032 0,
  -0.98078528 -0.19509032 0,-0.98078528 -0.19509032 0,
  -0.98078528 -0.19509032 0,-0.98078528 -0.19509032 0,
  0.98078528 -0.19509032 0,0.98078528 -0.19509032 0,
  0.98078528 -0.19509032 0,0.98078528 -0.19509032 0,
  0.98078528 -0.19509032 0,0.98078528 -0.19509032 0,
  0.83146961 -0.55557023 0,0.83146961 -0.55557023 0,
  0.83146961 -0.55557023 0,0.83146961 -0.55557023 0,
  0.83146961 -0.55557023 0,0.83146961 -0.55557023 0,
  0.55557023 -0.83146961 0,0.55557023 -0.83146961 0,
  0.55557023 -0.83146961 0,0.55557023 -0.83146961 0,
  0.55557023 -0.83146961 0,0.55557023 -0.83146961 0,
  0.19509032 -0.98078528 0,0.19509032 -0.98078528 0,
  0.19509032 -0.98078528 0,0.19509032 -0.98078528 0,
  0.19509032 -0.98078528 0,0.19509032 -0.98078528 0,
  -0.19509032 -0.98078528 0,-0.19509032 -0.98078528 0,
  -0.19509032 -0.98078528 0,-0.19509032 -0.98078528 0,
  -0.19509032 -0.98078528 0,-0.19509032 -0.98078528 0,
  -0.55557023 -0.83146961 0,-0.55557023 -0.83146961 0,
  -0.55557023 -0.83146961 0,-0.55557023 -0.83146961 0,
  -0.55557023 -0.83146961 0,-0.55557023 -0.83146961 0,
  -0.83146961 -0.55557023 0,-0.83146961 -0.55557023 0,
  -0.83146961 -0.55557023 0,-0.83146961 -0.55557023 0,
  -0.83146961 -0.55557023 0,-0.83146961 -0.55557023 0,
  -0.98078528 -0.19509032 0,-0.98078528 -0.19509032 0,
  -0.98078528 -0.19509032 0,-0.98078528 -0.19509032 0,
  -0.98078528 -0.19509032 0,-0.98078528 -0.19509032 0,
  -0.98078528 0.19509032 0,-0.98078528 0.19509032 0,
  -0.98078528 0.19509032 0,-0.98078528 0.19509032 0,
  -0.98078528 0.19509032 0,-0.98078528 0.19509032 0,
  -0.83146961 0.55557023 0,-0.83146961 0.55557023 0,
  -0.83146961 0.55557023 0,-0.83146961 0.55557023 0,
  -0.83146961 0.55557023 0,-0.83146961 0.55557023 0,
  -0.55557023 0.83146961 0,-0.55557023 0.83146961 0,
  -0.55557023 0.83146961 0,-0.55557023 0.83146961 0,
  -0.55557023 0.83146961 0,-0.55557023 0.83146961 0,
  -0.19509032 0.98078528 0,-0.19509032 0.98078528 0,
  -0.19509032 0.98078528 0,-0.19509032 0.98078528 0,
  -0.19509032 0.98078528 0,-0.19509032 0.98078528 0,
  0.19509032 0.98078528 0,0.19509032 0.98078528 0,
  0.19509032 0.98078528 0,0.19509032 0.98078528 0,
  0.19509032 0.98078528 0,0.19509032 0.98078528 0,
  0.55557023 0.83146961 0,0.55557023 0.83146961 0,
  0.55557023 0.83146961 0,0.55557023 0.83146961 0,
  0.55557023 0.83146961 0,0.55557023 0.83146961 0,
  0.83146961 0.55557023 0,0.83146961 0.55557023 0,
  0.83146961 0.55557023 0,0.83146961 0.55557023 0,
  0.83146961 0.55557023 0,0.83146961 0.55557023 0,
  0.98078528 0.19509032 0,0.98078528 0.19509032 0,
  0.98078528 0.19509032 0,0.98078528 0.19509032 0,
  0.98078528 0.19509032 0,0.98078528 0.19509032 0] }
}
}
] }
DEF TXFM_3 Transform {
  center 0 0 0
  rotation 0 0 1 0
  scale 1 1 1
  scaleOrientation 0 0 1 0
  translation 0 0 0
 children [
DEF SHAPE_3 Shape {
 appearance DEF APP_2 Appearance {
  material Material {
   ambientIntensity 1
   diffuseColor 0.75 0.61000001 0.23
   emissiveColor 0 0 0
   shininess 0.89999998
   specularColor 0.89999998 0.84399998 0.69199997
   transparency 0
} }
 geometry DEF FACE_3 IndexedFaceSet {
  coord DEF COORD_3 Coordinate { point [
  49.838583 -40.570866 0.31496063,49.838583 -41.279528 0.31496063,
  50.547244 -41.279528 0.31496063,50.547244 -40.570866 0.31496063,
  49.990945 -40.925197 0.31496063,50.006319 -40.847907 0.31496063,
  50.0501 -40.782384 0.31496063,50.115623 -40.738602 0.31496063,
  50.192913 -40.723228 0.31496063,50.270203 -40.738602 0.31496063,
  50.335727 -40.782384 0.31496063,50.379508 -40.847907 0.31496063,
  50.394882 -40.925197 0.31496063,50.379508 -41.002487 0.31496063,
  50.335727 -41.06801 0.31496063,50.270203 -41.111791 0.31496063,
  50.192913 -41.127165 0.31496063,50.115623 -41.111791 0.31496063,
  50.0501 -41.06801 0.31496063,50.006319 -41.002487 0.31496063,
  49.95582 -39.661878 0.31496063,49.906254 -39.716926 0.31496063,
  49.869216 -39.781078 0.31496063,49.846326 -39.851527 0.31496063,
  49.838583 -39.925197 0.31496063,49.846326 -39.998867 0.31496063,
  49.869216 -40.069316 0.31496063,49.906254 -40.133467 0.31496063,
  49.95582 -40.188516 0.31496063,50.015748 -40.232056 0.31496063,
  50.083419 -40.262185 0.31496063,50.155876 -40.277587 0.31496063,
  50.229951 -40.277587 0.31496063,50.302407 -40.262185 0.31496063,
  50.370079 -40.232056 0.31496063,50.430007 -40.188516 0.31496063,
  50.479573 -40.133467 0.31496063,50.516611 -40.069316 0.31496063,
  50.539501 -39.998867 0.31496063,50.547244 -39.925197 0.31496063,
  50.539501 -39.851527 0.31496063,50.516611 -39.781078 0.31496063,
  50.479573 -39.716926 0.31496063,50.430007 -39.661878 0.31496063,
  50.370079 -39.618337 0.31496063,50.302407 -39.588208 0.31496063,
  50.229951 -39.572807 0.31496063,50.155876 -39.572807 0.31496063,
  50.083419 -39.588208 0.31496063,50.015748 -39.618337 0.31496063,
  49.990945 -39.925197 0.31496063,50.006319 -39.847907 0.31496063,
  50.0501 -39.782384 0.31496063,50.115623 -39.738602 0.31496063,
  50.192913 -39.723228 0.31496063,50.270203 -39.738602 0.31496063,
  50.335727 -39.782384 0.31496063,50.379508 -39.847907 0.31496063,
  50.394882 -39.925197 0.31496063,50.379508 -40.002487 0.31496063,
  50.335727 -40.06801 0.31496063,50.270203 -40.111791 0.31496063,
  50.192913 -40.127165 0.31496063,50.115623 -40.111791 0.31496063,
  50.0501 -40.06801 0.31496063,50.006319 -40.002487 0.31496063,
  49.95582 -38.661878 0.31496063,49.906254 -38.716926 0.31496063,
  49.869216 -38.781078 0.31496063,49.846326 -38.851527 0.31496063,
  49.838583 -38.925197 0.31496063,49.846326 -38.998867 0.31496063,
  49.869216 -39.069316 0.31496063,49.906254 -39.133467 0.31496063,
  49.95582 -39.188516 0.31496063,50.015748 -39.232056 0.31496063,
  50.083419 -39.262185 0.31496063,50.155876 -39.277587 0.31496063,
  50.229951 -39.277587 0.31496063,50.302407 -39.262185 0.31496063,
  50.370079 -39.232056 0.31496063,50.430007 -39.188516 0.31496063,
  50.479573 -39.133467 0.31496063,50.516611 -39.069316 0.31496063,
  50.539501 -38.998867 0.31496063,50.547244 -38.925197 0.31496063,
  50.539501 -38.851527 0.31496063,50.516611 -38.781078 0.31496063,
  50.479573 -38.716926 0.31496063,50.430007 -38.661878 0.31496063,
  50.370079 -38.618337 0.31496063,50.302407 -38.588208 0.31496063,
  50.229951 -38.572807 0.31496063,50.155876 -38.572807 0.31496063,
  50.083419 -38.588208 0.31496063,50.015748 -38.618337 0.31496063,
  49.990945 -38.925197 0.31496063,50.006319 -38.847907 0.31496063,
  50.0501 -38.782384 0.31496063,50.115623 -38.738602 0.31496063,
  50.192913 -38.723228 0.31496063,50.270203 -38.738602 0.31496063,
  50.335727 -38.782384 0.31496063,50.379508 -38.847907 0.31496063,
  50.394882 -38.925197 0.31496063,50.379508 -39.002487 0.31496063,
  50.335727 -39.06801 0.31496063,50.270203 -39.111791 0.31496063,
  50.192913 -39.127165 0.31496063,50.115623 -39.111791 0.31496063,
  50.0501 -39.06801 0.31496063,50.006319 -39.002487 0.31496063,
  49.95582 -37.661878 0.31496063,49.906254 -37.716926 0.31496063,
  49.869216 -37.781078 0.31496063,49.846326 -37.851527 0.31496063,
  49.838583 -37.925197 0.31496063,49.846326 -37.998867 0.31496063,
  49.869216 -38.069316 0.31496063,49.906254 -38.133467 0.31496063,
  49.95582 -38.188516 0.31496063,50.015748 -38.232056 0.31496063,
  50.083419 -38.262185 0.31496063,50.155876 -38.277587 0.31496063,
  50.229951 -38.277587 0.31496063,50.302407 -38.262185 0.31496063,
  50.370079 -38.232056 0.31496063,50.430007 -38.188516 0.31496063,
  50.479573 -38.133467 0.31496063,50.516611 -38.069316 0.31496063,
  50.539501 -37.998867 0.31496063,50.547244 -37.925197 0.31496063,
  50.539501 -37.851527 0.31496063,50.516611 -37.781078 0.31496063,
  50.479573 -37.716926 0.31496063,50.430007 -37.661878 0.31496063,
  50.370079 -37.618337 0.31496063,50.302407 -37.588208 0.31496063,
  50.229951 -37.572807 0.31496063,50.155876 -37.572807 0.31496063,
  50.083419 -37.588208 0.31496063,50.015748 -37.618337 0.31496063,
  49.990945 -37.925197 0.31496063,50.006319 -37.847907 0.31496063,
  50.0501 -37.782384 0.31496063,50.115623 -37.738602 0.31496063,
  50.192913 -37.723228 0.31496063,50.270203 -37.738602 0.31496063,
  50.335727 -37.782384 0.31496063,50.379508 -37.847907 0.31496063,
  50.394882 -37.925197 0.31496063,50.379508 -38.002487 0.31496063,
  50.335727 -38.06801 0.31496063,50.270203 -38.111791 0.31496063,
  50.192913 -38.127165 0.31496063,50.115623 -38.111791 0.31496063,
  50.0501 -38.06801 0.31496063,50.006319 -38.002487 0.31496063,
  49.95582 -36.661878 0.31496063,49.906254 -36.716926 0.31496063,
  49.869216 -36.781078 0.31496063,49.846326 -36.851527 0.31496063,
  49.838583 -36.925197 0.31496063,49.846326 -36.998867 0.31496063,
  49.869216 -37.069316 0.31496063,49.906254 -37.133467 0.31496063,
  49.95582 -37.188516 0.31496063,50.015748 -37.232056 0.31496063,
  50.083419 -37.262185 0.31496063,50.155876 -37.277587 0.31496063,
  50.229951 -37.277587 0.31496063,50.302407 -37.262185 0.31496063,
  50.370079 -37.232056 0.31496063,50.430007 -37.188516 0.31496063,
  50.479573 -37.133467 0.31496063,50.516611 -37.069316 0.31496063,
  50.539501 -36.998867 0.31496063,50.547244 -36.925197 0.31496063,
  50.539501 -36.851527 0.31496063,50.516611 -36.781078 0.31496063,
  50.479573 -36.716926 0.31496063,50.430007 -36.661878 0.31496063,
  50.370079 -36.618337 0.31496063,50.302407 -36.588208 0.31496063,
  50.229951 -36.572807 0.31496063,50.155876 -36.572807 0.31496063,
  50.083419 -36.588208 0.31496063,50.015748 -36.618337 0.31496063,
  49.990945 -36.925197 0.31496063,50.006319 -36.847907 0.31496063,
  50.0501 -36.782384 0.31496063,50.115623 -36.738602 0.31496063,
  50.192913 -36.723228 0.31496063,50.270203 -36.738602 0.31496063,
  50.335727 -36.782384 0.31496063,50.379508 -36.847907 0.31496063,
  50.394882 -36.925197 0.31496063,50.379508 -37.002487 0.31496063,
  50.335727 -37.06801 0.31496063,50.270203 -37.111791 0.31496063,
  50.192913 -37.127165 0.31496063,50.115623 -37.111791 0.31496063,
  50.0501 -37.06801 0.31496063,50.006319 -37.002487 0.31496063,
  49.95582 -35.661878 0.31496063,49.906254 -35.716926 0.31496063,
  49.869216 -35.781078 0.31496063,49.846326 -35.851527 0.31496063,
  49.838583 -35.925197 0.31496063,49.846326 -35.998867 0.31496063,
  49.869216 -36.069316 0.31496063,49.906254 -36.133467 0.31496063,
  49.95582 -36.188516 0.31496063,50.015748 -36.232056 0.31496063,
  50.083419 -36.262185 0.31496063,50.155876 -36.277587 0.31496063,
  50.229951 -36.277587 0.31496063,50.302407 -36.262185 0.31496063,
  50.370079 -36.232056 0.31496063,50.430007 -36.188516 0.31496063,
  50.479573 -36.133467 0.31496063,50.516611 -36.069316 0.31496063,
  50.539501 -35.998867 0.31496063,50.547244 -35.925197 0.31496063,
  50.539501 -35.851527 0.31496063,50.516611 -35.781078 0.31496063,
  50.479573 -35.716926 0.31496063,50.430007 -35.661878 0.31496063,
  50.370079 -35.618337 0.31496063,50.302407 -35.588208 0.31496063,
  50.229951 -35.572807 0.31496063,50.155876 -35.572807 0.31496063,
  50.083419 -35.588208 0.31496063,50.015748 -35.618337 0.31496063,
  49.990945 -35.925197 0.31496063,50.006319 -35.847907 0.31496063,
  50.0501 -35.782384 0.31496063,50.115623 -35.738602 0.31496063,
  50.192913 -35.723228 0.31496063,50.270203 -35.738602 0.31496063,
  50.335727 -35.782384 0.31496063,50.379508 -35.847907 0.31496063,
  50.394882 -35.925197 0.31496063,50.379508 -36.002487 0.31496063,
  50.335727 -36.06801 0.31496063,50.270203 -36.111791 0.31496063,
  50.192913 -36.127165 0.31496063,50.115623 -36.111791 0.31496063,
  50.0501 -36.06801 0.31496063,50.006319 -36.002487 0.31496063,
  49.95582 -34.661878 0.31496063,49.906254 -34.716926 0.31496063,
  49.869216 -34.781078 0.31496063,49.846326 -34.851527 0.31496063,
  49.838583 -34.925197 0.31496063,49.846326 -34.998867 0.31496063,
  49.869216 -35.069316 0.31496063,49.906254 -35.133467 0.31496063,
  49.95582 -35.188516 0.31496063,50.015748 -35.232056 0.31496063,
  50.083419 -35.262185 0.31496063,50.155876 -35.277587 0.31496063,
  50.229951 -35.277587 0.31496063,50.302407 -35.262185 0.31496063,
  50.370079 -35.232056 0.31496063,50.430007 -35.188516 0.31496063,
  50.479573 -35.133467 0.31496063,50.516611 -35.069316 0.31496063,
  50.539501 -34.998867 0.31496063,50.547244 -34.925197 0.31496063,
  50.539501 -34.851527 0.31496063,50.516611 -34.781078 0.31496063,
  50.479573 -34.716926 0.31496063,50.430007 -34.661878 0.31496063,
  50.370079 -34.618337 0.31496063,50.302407 -34.588208 0.31496063,
  50.229951 -34.572807 0.31496063,50.155876 -34.572807 0.31496063,
  50.083419 -34.588208 0.31496063,50.015748 -34.618337 0.31496063,
  49.990945 -34.925197 0.31496063,50.006319 -34.847907 0.31496063,
  50.0501 -34.782384 0.31496063,50.115623 -34.738602 0.31496063,
  50.192913 -34.723228 0.31496063,50.270203 -34.738602 0.31496063,
  50.335727 -34.782384 0.31496063,50.379508 -34.847907 0.31496063,
  50.394882 -34.925197 0.31496063,50.379508 -35.002487 0.31496063,
  50.335727 -35.06801 0.31496063,50.270203 -35.111791 0.31496063,
  50.192913 -35.127165 0.31496063,50.115623 -35.111791 0.31496063,
  50.0501 -35.06801 0.31496063,50.006319 -35.002487 0.31496063,
  49.95582 -33.661878 0.31496063,49.906254 -33.716926 0.31496063,
  49.869216 -33.781078 0.31496063,49.846326 -33.851527 0.31496063,
  49.838583 -33.925197 0.31496063,49.846326 -33.998867 0.31496063,
  49.869216 -34.069316 0.31496063,49.906254 -34.133467 0.31496063,
  49.95582 -34.188516 0.31496063,50.015748 -34.232056 0.31496063,
  50.083419 -34.262185 0.31496063,50.155876 -34.277587 0.31496063,
  50.229951 -34.277587 0.31496063,50.302407 -34.262185 0.31496063,
  50.370079 -34.232056 0.31496063,50.430007 -34.188516 0.31496063,
  50.479573 -34.133467 0.31496063,50.516611 -34.069316 0.31496063,
  50.539501 -33.998867 0.31496063,50.547244 -33.925197 0.31496063,
  50.539501 -33.851527 0.31496063,50.516611 -33.781078 0.31496063,
  50.479573 -33.716926 0.31496063,50.430007 -33.661878 0.31496063,
  50.370079 -33.618337 0.31496063,50.302407 -33.588208 0.31496063,
  50.229951 -33.572807 0.31496063,50.155876 -33.572807 0.31496063,
  50.083419 -33.588208 0.31496063,50.015748 -33.618337 0.31496063,
  49.990945 -33.925197 0.31496063,50.006319 -33.847907 0.31496063,
  50.0501 -33.782384 0.31496063,50.115623 -33.738602 0.31496063,
  50.192913 -33.723228 0.31496063,50.270203 -33.738602 0.31496063,
  50.335727 -33.782384 0.31496063,50.379508 -33.847907 0.31496063,
  50.394882 -33.925197 0.31496063,50.379508 -34.002487 0.31496063,
  50.335727 -34.06801 0.31496063,50.270203 -34.111791 0.31496063,
  50.192913 -34.127165 0.31496063,50.115623 -34.111791 0.31496063,
  50.0501 -34.06801 0.31496063,50.006319 -34.002487 0.31496063,
  58.838583 -40.570866 0.31496063,58.838583 -41.279528 0.31496063,
  59.547244 -41.279528 0.31496063,59.547244 -40.570866 0.31496063,
  58.990945 -40.925197 0.31496063,59.006319 -40.847907 0.31496063,
  59.0501 -40.782384 0.31496063,59.115623 -40.738602 0.31496063,
  59.192913 -40.723228 0.31496063,59.270203 -40.738602 0.31496063,
  59.335727 -40.782384 0.31496063,59.379508 -40.847907 0.31496063,
  59.394882 -40.925197 0.31496063,59.379508 -41.002487 0.31496063,
  59.335727 -41.06801 0.31496063,59.270203 -41.111791 0.31496063,
  59.192913 -41.127165 0.31496063,59.115623 -41.111791 0.31496063,
  59.0501 -41.06801 0.31496063,59.006319 -41.002487 0.31496063,
  58.95582 -39.661878 0.31496063,58.906254 -39.716926 0.31496063,
  58.869216 -39.781078 0.31496063,58.846326 -39.851527 0.31496063,
  58.838583 -39.925197 0.31496063,58.846326 -39.998867 0.31496063,
  58.869216 -40.069316 0.31496063,58.906254 -40.133467 0.31496063,
  58.95582 -40.188516 0.31496063,59.015748 -40.232056 0.31496063,
  59.083419 -40.262185 0.31496063,59.155876 -40.277587 0.31496063,
  59.229951 -40.277587 0.31496063,59.302407 -40.262185 0.31496063,
  59.370079 -40.232056 0.31496063,59.430007 -40.188516 0.31496063,
  59.479573 -40.133467 0.31496063,59.516611 -40.069316 0.31496063,
  59.539501 -39.998867 0.31496063,59.547244 -39.925197 0.31496063,
  59.539501 -39.851527 0.31496063,59.516611 -39.781078 0.31496063,
  59.479573 -39.716926 0.31496063,59.430007 -39.661878 0.31496063,
  59.370079 -39.618337 0.31496063,59.302407 -39.588208 0.31496063,
  59.229951 -39.572807 0.31496063,59.155876 -39.572807 0.31496063,
  59.083419 -39.588208 0.31496063,59.015748 -39.618337 0.31496063,
  58.990945 -39.925197 0.31496063,59.006319 -39.847907 0.31496063,
  59.0501 -39.782384 0.31496063,59.115623 -39.738602 0.31496063,
  59.192913 -39.723228 0.31496063,59.270203 -39.738602 0.31496063,
  59.335727 -39.782384 0.31496063,59.379508 -39.847907 0.31496063,
  59.394882 -39.925197 0.31496063,59.379508 -40.002487 0.31496063,
  59.335727 -40.06801 0.31496063,59.270203 -40.111791 0.31496063,
  59.192913 -40.127165 0.31496063,59.115623 -40.111791 0.31496063,
  59.0501 -40.06801 0.31496063,59.006319 -40.002487 0.31496063,
  58.95582 -38.661878 0.31496063,58.906254 -38.716926 0.31496063,
  58.869216 -38.781078 0.31496063,58.846326 -38.851527 0.31496063,
  58.838583 -38.925197 0.31496063,58.846326 -38.998867 0.31496063,
  58.869216 -39.069316 0.31496063,58.906254 -39.133467 0.31496063,
  58.95582 -39.188516 0.31496063,59.015748 -39.232056 0.31496063,
  59.083419 -39.262185 0.31496063,59.155876 -39.277587 0.31496063,
  59.229951 -39.277587 0.31496063,59.302407 -39.262185 0.31496063,
  59.370079 -39.232056 0.31496063,59.430007 -39.188516 0.31496063,
  59.479573 -39.133467 0.31496063,59.516611 -39.069316 0.31496063,
  59.539501 -38.998867 0.31496063,59.547244 -38.925197 0.31496063,
  59.539501 -38.851527 0.31496063,59.516611 -38.781078 0.31496063,
  59.479573 -38.716926 0.31496063,59.430007 -38.661878 0.31496063,
  59.370079 -38.618337 0.31496063,59.302407 -38.588208 0.31496063,
  59.229951 -38.572807 0.31496063,59.155876 -38.572807 0.31496063,
  59.083419 -38.588208 0.31496063,59.015748 -38.618337 0.31496063,
  58.990945 -38.925197 0.31496063,59.006319 -38.847907 0.31496063,
  59.0501 -38.782384 0.31496063,59.115623 -38.738602 0.31496063,
  59.192913 -38.723228 0.31496063,59.270203 -38.738602 0.31496063,
  59.335727 -38.782384 0.31496063,59.379508 -38.847907 0.31496063,
  59.394882 -38.925197 0.31496063,59.379508 -39.002487 0.31496063,
  59.335727 -39.06801 0.31496063,59.270203 -39.111791 0.31496063,
  59.192913 -39.127165 0.31496063,59.115623 -39.111791 0.31496063,
  59.0501 -39.06801 0.31496063,59.006319 -39.002487 0.31496063,
  58.95582 -37.661878 0.31496063,58.906254 -37.716926 0.31496063,
  58.869216 -37.781078 0.31496063,58.846326 -37.851527 0.31496063,
  58.838583 -37.925197 0.31496063,58.846326 -37.998867 0.31496063,
  58.869216 -38.069316 0.31496063,58.906254 -38.133467 0.31496063,
  58.95582 -38.188516 0.31496063,59.015748 -38.232056 0.31496063,
  59.083419 -38.262185 0.31496063,59.155876 -38.277587 0.31496063,
  59.229951 -38.277587 0.31496063,59.302407 -38.262185 0.31496063,
  59.370079 -38.232056 0.31496063,59.430007 -38.188516 0.31496063,
  59.479573 -38.133467 0.31496063,59.516611 -38.069316 0.31496063,
  59.539501 -37.998867 0.31496063,59.547244 -37.925197 0.31496063,
  59.539501 -37.851527 0.31496063,59.516611 -37.781078 0.31496063,
  59.479573 -37.716926 0.31496063,59.430007 -37.661878 0.31496063,
  59.370079 -37.618337 0.31496063,59.302407 -37.588208 0.31496063,
  59.229951 -37.572807 0.31496063,59.155876 -37.572807 0.31496063,
  59.083419 -37.588208 0.31496063,59.015748 -37.618337 0.31496063,
  58.990945 -37.925197 0.31496063,59.006319 -37.847907 0.31496063,
  59.0501 -37.782384 0.31496063,59.115623 -37.738602 0.31496063,
  59.192913 -37.723228 0.31496063,59.270203 -37.738602 0.31496063,
  59.335727 -37.782384 0.31496063,59.379508 -37.847907 0.31496063,
  59.394882 -37.925197 0.31496063,59.379508 -38.002487 0.31496063,
  59.335727 -38.06801 0.31496063,59.270203 -38.111791 0.31496063,
  59.192913 -38.127165 0.31496063,59.115623 -38.111791 0.31496063,
  59.0501 -38.06801 0.31496063,59.006319 -38.002487 0.31496063,
  58.95582 -36.661878 0.31496063,58.906254 -36.716926 0.31496063,
  58.869216 -36.781078 0.31496063,58.846326 -36.851527 0.31496063,
  58.838583 -36.925197 0.31496063,58.846326 -36.998867 0.31496063,
  58.869216 -37.069316 0.31496063,58.906254 -37.133467 0.31496063,
  58.95582 -37.188516 0.31496063,59.015748 -37.232056 0.31496063,
  59.083419 -37.262185 0.31496063,59.155876 -37.277587 0.31496063,
  59.229951 -37.277587 0.31496063,59.302407 -37.262185 0.31496063,
  59.370079 -37.232056 0.31496063,59.430007 -37.188516 0.31496063,
  59.479573 -37.133467 0.31496063,59.516611 -37.069316 0.31496063,
  59.539501 -36.998867 0.31496063,59.547244 -36.925197 0.31496063,
  59.539501 -36.851527 0.31496063,59.516611 -36.781078 0.31496063,
  59.479573 -36.716926 0.31496063,59.430007 -36.661878 0.31496063,
  59.370079 -36.618337 0.31496063,59.302407 -36.588208 0.31496063,
  59.229951 -36.572807 0.31496063,59.155876 -36.572807 0.31496063,
  59.083419 -36.588208 0.31496063,59.015748 -36.618337 0.31496063,
  58.990945 -36.925197 0.31496063,59.006319 -36.847907 0.31496063,
  59.0501 -36.782384 0.31496063,59.115623 -36.738602 0.31496063,
  59.192913 -36.723228 0.31496063,59.270203 -36.738602 0.31496063,
  59.335727 -36.782384 0.31496063,59.379508 -36.847907 0.31496063,
  59.394882 -36.925197 0.31496063,59.379508 -37.002487 0.31496063,
  59.335727 -37.06801 0.31496063,59.270203 -37.111791 0.31496063,
  59.192913 -37.127165 0.31496063,59.115623 -37.111791 0.31496063,
  59.0501 -37.06801 0.31496063,59.006319 -37.002487 0.31496063,
  58.95582 -35.661878 0.31496063,58.906254 -35.716926 0.31496063,
  58.869216 -35.781078 0.31496063,58.846326 -35.851527 0.31496063,
  58.838583 -35.925197 0.31496063,58.846326 -35.998867 0.31496063,
  58.869216 -36.069316 0.31496063,58.906254 -36.133467 0.31496063,
  58.95582 -36.188516 0.31496063,59.015748 -36.232056 0.31496063,
  59.083419 -36.262185 0.31496063,59.155876 -36.277587 0.31496063,
  59.229951 -36.277587 0.31496063,59.302407 -36.262185 0.31496063,
  59.370079 -36.232056 0.31496063,59.430007 -36.188516 0.31496063,
  59.479573 -36.133467 0.31496063,59.516611 -36.069316 0.31496063,
  59.539501 -35.998867 0.31496063,59.547244 -35.925197 0.31496063,
  59.539501 -35.851527 0.31496063,59.516611 -35.781078 0.31496063,
  59.479573 -35.716926 0.31496063,59.430007 -35.661878 0.31496063,
  59.370079 -35.618337 0.31496063,59.302407 -35.588208 0.31496063,
  59.229951 -35.572807 0.31496063,59.155876 -35.572807 0.31496063,
  59.083419 -35.588208 0.31496063,59.015748 -35.618337 0.31496063,
  58.990945 -35.925197 0.31496063,59.006319 -35.847907 0.31496063,
  59.0501 -35.782384 0.31496063,59.115623 -35.738602 0.31496063,
  59.192913 -35.723228 0.31496063,59.270203 -35.738602 0.31496063,
  59.335727 -35.782384 0.31496063,59.379508 -35.847907 0.31496063,
  59.394882 -35.925197 0.31496063,59.379508 -36.002487 0.31496063,
  59.335727 -36.06801 0.31496063,59.270203 -36.111791 0.31496063,
  59.192913 -36.127165 0.31496063,59.115623 -36.111791 0.31496063,
  59.0501 -36.06801 0.31496063,59.006319 -36.002487 0.31496063,
  58.95582 -34.661878 0.31496063,58.906254 -34.716926 0.31496063,
  58.869216 -34.781078 0.31496063,58.846326 -34.851527 0.31496063,
  58.838583 -34.925197 0.31496063,58.846326 -34.998867 0.31496063,
  58.869216 -35.069316 0.31496063,58.906254 -35.133467 0.31496063,
  58.95582 -35.188516 0.31496063,59.015748 -35.232056 0.31496063,
  59.083419 -35.262185 0.31496063,59.155876 -35.277587 0.31496063,
  59.229951 -35.277587 0.31496063,59.302407 -35.262185 0.31496063,
  59.370079 -35.232056 0.31496063,59.430007 -35.188516 0.31496063,
  59.479573 -35.133467 0.31496063,59.516611 -35.069316 0.31496063,
  59.539501 -34.998867 0.31496063,59.547244 -34.925197 0.31496063,
  59.539501 -34.851527 0.31496063,59.516611 -34.781078 0.31496063,
  59.479573 -34.716926 0.31496063,59.430007 -34.661878 0.31496063,
  59.370079 -34.618337 0.31496063,59.302407 -34.588208 0.31496063,
  59.229951 -34.572807 0.31496063,59.155876 -34.572807 0.31496063,
  59.083419 -34.588208 0.31496063,59.015748 -34.618337 0.31496063,
  58.990945 -34.925197 0.31496063,59.006319 -34.847907 0.31496063,
  59.0501 -34.782384 0.31496063,59.115623 -34.738602 0.31496063,
  59.192913 -34.723228 0.31496063,59.270203 -34.738602 0.31496063,
  59.335727 -34.782384 0.31496063,59.379508 -34.847907 0.31496063,
  59.394882 -34.925197 0.31496063,59.379508 -35.002487 0.31496063,
  59.335727 -35.06801 0.31496063,59.270203 -35.111791 0.31496063,
  59.192913 -35.127165 0.31496063,59.115623 -35.111791 0.31496063,
  59.0501 -35.06801 0.31496063,59.006319 -35.002487 0.31496063,
  58.95582 -33.661878 0.31496063,58.906254 -33.716926 0.31496063,
  58.869216 -33.781078 0.31496063,58.846326 -33.851527 0.31496063,
  58.838583 -33.925197 0.31496063,58.846326 -33.998867 0.31496063,
  58.869216 -34.069316 0.31496063,58.906254 -34.133467 0.31496063,
  58.95582 -34.188516 0.31496063,59.015748 -34.232056 0.31496063,
  59.083419 -34.262185 0.31496063,59.155876 -34.277587 0.31496063,
  59.229951 -34.277587 0.31496063,59.302407 -34.262185 0.31496063,
  59.370079 -34.232056 0.31496063,59.430007 -34.188516 0.31496063,
  59.479573 -34.133467 0.31496063,59.516611 -34.069316 0.31496063,
  59.539501 -33.998867 0.31496063,59.547244 -33.925197 0.31496063,
  59.539501 -33.851527 0.31496063,59.516611 -33.781078 0.31496063,
  59.479573 -33.716926 0.31496063,59.430007 -33.661878 0.31496063,
  59.370079 -33.618337 0.31496063,59.302407 -33.588208 0.31496063,
  59.229951 -33.572807 0.31496063,59.155876 -33.572807 0.31496063,
  59.083419 -33.588208 0.31496063,59.015748 -33.618337 0.31496063,
  58.990945 -33.925197 0.31496063,59.006319 -33.847907 0.31496063,
  59.0501 -33.782384 0.31496063,59.115623 -33.738602 0.31496063,
  59.192913 -33.723228 0.31496063,59.270203 -33.738602 0.31496063,
  59.335727 -33.782384 0.31496063,59.379508 -33.847907 0.31496063,
  59.394882 -33.925197 0.31496063,59.379508 -34.002487 0.31496063,
  59.335727 -34.06801 0.31496063,59.270203 -34.111791 0.31496063,
  59.192913 -34.127165 0.31496063,59.115623 -34.111791 0.31496063,
  59.0501 -34.06801 0.31496063,59.006319 -34.002487 0.31496063] }
 coordIndex [
  3,0,7,-1,3,7,8,-1,3,8,9,-1,3,9,10,-1,3,10,11,-1,3,11,12,-1,3,12,2,-1,0,1,19,-1,
  0,19,4,-1,0,4,5,-1,0,5,6,-1,0,6,7,-1,2,12,13,-1,2,13,14,-1,2,14,15,-1,2,15,16,-1,
  2,16,17,-1,2,17,1,-1,18,19,1,-1,18,1,17,-1,39,40,38,-1,38,40,41,-1,38,41,37,-1,37,41,42,-1,
  37,42,36,-1,36,42,43,-1,36,43,35,-1,35,43,58,-1,35,58,59,-1,50,51,49,-1,49,51,52,-1,49,52,48,-1,
  48,52,53,-1,48,53,47,-1,47,53,54,-1,47,54,46,-1,46,54,55,-1,46,55,45,-1,45,55,56,-1,45,56,44,-1,
  44,56,57,-1,44,57,43,-1,43,57,58,-1,20,21,28,-1,20,28,29,-1,20,29,50,-1,20,50,49,-1,35,59,34,-1,
  34,59,60,-1,34,60,33,-1,33,60,61,-1,33,61,32,-1,32,61,62,-1,32,62,31,-1,31,62,63,-1,31,63,30,-1,
  30,63,64,-1,30,64,29,-1,29,64,65,-1,29,65,50,-1,24,25,23,-1,23,25,26,-1,23,26,22,-1,22,26,27,-1,
  22,27,21,-1,21,27,28,-1,85,86,84,-1,84,86,87,-1,84,87,83,-1,83,87,88,-1,83,88,82,-1,82,88,89,-1,
  82,89,81,-1,81,89,104,-1,81,104,105,-1,96,97,95,-1,95,97,98,-1,95,98,94,-1,94,98,99,-1,94,99,93,-1,
  93,99,100,-1,93,100,92,-1,92,100,101,-1,92,101,91,-1,91,101,102,-1,91,102,90,-1,90,102,103,-1,90,103,89,-1,
  89,103,104,-1,66,67,74,-1,66,74,75,-1,66,75,96,-1,66,96,95,-1,81,105,80,-1,80,105,106,-1,80,106,79,-1,
  79,106,107,-1,79,107,78,-1,78,107,108,-1,78,108,77,-1,77,108,109,-1,77,109,76,-1,76,109,110,-1,76,110,75,-1,
  75,110,111,-1,75,111,96,-1,70,71,69,-1,69,71,72,-1,69,72,68,-1,68,72,73,-1,68,73,67,-1,67,73,74,-1,
  131,132,130,-1,130,132,133,-1,130,133,129,-1,129,133,134,-1,129,134,128,-1,128,134,135,-1,128,135,127,-1,127,135,150,-1,
  127,150,151,-1,142,143,141,-1,141,143,144,-1,141,144,140,-1,140,144,145,-1,140,145,139,-1,139,145,146,-1,139,146,138,-1,
  138,146,147,-1,138,147,137,-1,137,147,148,-1,137,148,136,-1,136,148,149,-1,136,149,135,-1,135,149,150,-1,112,113,120,-1,
  112,120,121,-1,112,121,142,-1,112,142,141,-1,127,151,126,-1,126,151,152,-1,126,152,125,-1,125,152,153,-1,125,153,124,-1,
  124,153,154,-1,124,154,123,-1,123,154,155,-1,123,155,122,-1,122,155,156,-1,122,156,121,-1,121,156,157,-1,121,157,142,-1,
  116,117,115,-1,115,117,118,-1,115,118,114,-1,114,118,119,-1,114,119,113,-1,113,119,120,-1,177,178,176,-1,176,178,179,-1,
  176,179,175,-1,175,179,180,-1,175,180,174,-1,174,180,181,-1,174,181,173,-1,173,181,196,-1,173,196,197,-1,188,189,187,-1,
  187,189,190,-1,187,190,186,-1,186,190,191,-1,186,191,185,-1,185,191,192,-1,185,192,184,-1,184,192,193,-1,184,193,183,-1,
  183,193,194,-1,183,194,182,-1,182,194,195,-1,182,195,181,-1,181,195,196,-1,158,159,166,-1,158,166,167,-1,158,167,188,-1,
  158,188,187,-1,173,197,172,-1,172,197,198,-1,172,198,171,-1,171,198,199,-1,171,199,170,-1,170,199,200,-1,170,200,169,-1,
  169,200,201,-1,169,201,168,-1,168,201,202,-1,168,202,167,-1,167,202,203,-1,167,203,188,-1,162,163,161,-1,161,163,164,-1,
  161,164,160,-1,160,164,165,-1,160,165,159,-1,159,165,166,-1,223,224,222,-1,222,224,225,-1,222,225,221,-1,221,225,226,-1,
  221,226,220,-1,220,226,227,-1,220,227,219,-1,219,227,242,-1,219,242,243,-1,234,235,233,-1,233,235,236,-1,233,236,232,-1,
  232,236,237,-1,232,237,231,-1,231,237,238,-1,231,238,230,-1,230,238,239,-1,230,239,229,-1,229,239,240,-1,229,240,228,-1,
  228,240,241,-1,228,241,227,-1,227,241,242,-1,204,205,212,-1,204,212,213,-1,204,213,234,-1,204,234,233,-1,219,243,218,-1,
  218,243,244,-1,218,244,217,-1,217,244,245,-1,217,245,216,-1,216,245,246,-1,216,246,215,-1,215,246,247,-1,215,247,214,-1,
  214,247,248,-1,214,248,213,-1,213,248,249,-1,213,249,234,-1,208,209,207,-1,207,209,210,-1,207,210,206,-1,206,210,211,-1,
  206,211,205,-1,205,211,212,-1,269,270,268,-1,268,270,271,-1,268,271,267,-1,267,271,272,-1,267,272,266,-1,266,272,273,-1,
  266,273,265,-1,265,273,288,-1,265,288,289,-1,280,281,279,-1,279,281,282,-1,279,282,278,-1,278,282,283,-1,278,283,277,-1,
  277,283,284,-1,277,284,276,-1,276,284,285,-1,276,285,275,-1,275,285,286,-1,275,286,274,-1,274,286,287,-1,274,287,273,-1,
  273,287,288,-1,250,251,258,-1,250,258,259,-1,250,259,280,-1,250,280,279,-1,265,289,264,-1,264,289,290,-1,264,290,263,-1,
  263,290,291,-1,263,291,262,-1,262,291,292,-1,262,292,261,-1,261,292,293,-1,261,293,260,-1,260,293,294,-1,260,294,259,-1,
  259,294,295,-1,259,295,280,-1,254,255,253,-1,253,255,256,-1,253,256,252,-1,252,256,257,-1,252,257,251,-1,251,257,258,-1,
  315,316,314,-1,314,316,317,-1,314,317,313,-1,313,317,318,-1,313,318,312,-1,312,318,319,-1,312,319,311,-1,311,319,334,-1,
  311,334,335,-1,326,327,325,-1,325,327,328,-1,325,328,324,-1,324,328,329,-1,324,329,323,-1,323,329,330,-1,323,330,322,-1,
  322,330,331,-1,322,331,321,-1,321,331,332,-1,321,332,320,-1,320,332,333,-1,320,333,319,-1,319,333,334,-1,296,297,304,-1,
  296,304,305,-1,296,305,326,-1,296,326,325,-1,311,335,310,-1,310,335,336,-1,310,336,309,-1,309,336,337,-1,309,337,308,-1,
  308,337,338,-1,308,338,307,-1,307,338,339,-1,307,339,306,-1,306,339,340,-1,306,340,305,-1,305,340,341,-1,305,341,326,-1,
  300,301,299,-1,299,301,302,-1,299,302,298,-1,298,302,303,-1,298,303,297,-1,297,303,304,-1,345,342,349,-1,345,349,350,-1,
  345,350,351,-1,345,351,352,-1,345,352,353,-1,345,353,354,-1,345,354,344,-1,342,343,361,-1,342,361,346,-1,342,346,347,-1,
  342,347,348,-1,342,348,349,-1,344,354,355,-1,344,355,356,-1,344,356,357,-1,344,357,358,-1,344,358,359,-1,344,359,343,-1,
  360,361,343,-1,360,343,359,-1,381,382,380,-1,380,382,383,-1,380,383,379,-1,379,383,384,-1,379,384,378,-1,378,384,385,-1,
  378,385,377,-1,377,385,400,-1,377,400,401,-1,392,393,391,-1,391,393,394,-1,391,394,390,-1,390,394,395,-1,390,395,389,-1,
  389,395,396,-1,389,396,388,-1,388,396,397,-1,388,397,387,-1,387,397,398,-1,387,398,386,-1,386,398,399,-1,386,399,385,-1,
  385,399,400,-1,362,363,370,-1,362,370,371,-1,362,371,392,-1,362,392,391,-1,377,401,376,-1,376,401,402,-1,376,402,375,-1,
  375,402,403,-1,375,403,374,-1,374,403,404,-1,374,404,373,-1,373,404,405,-1,373,405,372,-1,372,405,406,-1,372,406,371,-1,
  371,406,407,-1,371,407,392,-1,366,367,365,-1,365,367,368,-1,365,368,364,-1,364,368,369,-1,364,369,363,-1,363,369,370,-1,
  427,428,426,-1,426,428,429,-1,426,429,425,-1,425,429,430,-1,425,430,424,-1,424,430,431,-1,424,431,423,-1,423,431,446,-1,
  423,446,447,-1,438,439,437,-1,437,439,440,-1,437,440,436,-1,436,440,441,-1,436,441,435,-1,435,441,442,-1,435,442,434,-1,
  434,442,443,-1,434,443,433,-1,433,443,444,-1,433,444,432,-1,432,444,445,-1,432,445,431,-1,431,445,446,-1,408,409,416,-1,
  408,416,417,-1,408,417,438,-1,408,438,437,-1,423,447,422,-1,422,447,448,-1,422,448,421,-1,421,448,449,-1,421,449,420,-1,
  420,449,450,-1,420,450,419,-1,419,450,451,-1,419,451,418,-1,418,451,452,-1,418,452,417,-1,417,452,453,-1,417,453,438,-1,
  412,413,411,-1,411,413,414,-1,411,414,410,-1,410,414,415,-1,410,415,409,-1,409,415,416,-1,473,474,472,-1,472,474,475,-1,
  472,475,471,-1,471,475,476,-1,471,476,470,-1,470,476,477,-1,470,477,469,-1,469,477,492,-1,469,492,493,-1,484,485,483,-1,
  483,485,486,-1,483,486,482,-1,482,486,487,-1,482,487,481,-1,481,487,488,-1,481,488,480,-1,480,488,489,-1,480,489,479,-1,
  479,489,490,-1,479,490,478,-1,478,490,491,-1,478,491,477,-1,477,491,492,-1,454,455,462,-1,454,462,463,-1,454,463,484,-1,
  454,484,483,-1,469,493,468,-1,468,493,494,-1,468,494,467,-1,467,494,495,-1,467,495,466,-1,466,495,496,-1,466,496,465,-1,
  465,496,497,-1,465,497,464,-1,464,497,498,-1,464,498,463,-1,463,498,499,-1,463,499,484,-1,458,459,457,-1,457,459,460,-1,
  457,460,456,-1,456,460,461,-1,456,461,455,-1,455,461,462,-1,519,520,518,-1,518,520,521,-1,518,521,517,-1,517,521,522,-1,
  517,522,516,-1,516,522,523,-1,516,523,515,-1,515,523,538,-1,515,538,539,-1,530,531,529,-1,529,531,532,-1,529,532,528,-1,
  528,532,533,-1,528,533,527,-1,527,533,534,-1,527,534,526,-1,526,534,535,-1,526,535,525,-1,525,535,536,-1,525,536,524,-1,
  524,536,537,-1,524,537,523,-1,523,537,538,-1,500,501,508,-1,500,508,509,-1,500,509,530,-1,500,530,529,-1,515,539,514,-1,
  514,539,540,-1,514,540,513,-1,513,540,541,-1,513,541,512,-1,512,541,542,-1,512,542,511,-1,511,542,543,-1,511,543,510,-1,
  510,543,544,-1,510,544,509,-1,509,544,545,-1,509,545,530,-1,504,505,503,-1,503,505,506,-1,503,506,502,-1,502,506,507,-1,
  502,507,501,-1,501,507,508,-1,565,566,564,-1,564,566,567,-1,564,567,563,-1,563,567,568,-1,563,568,562,-1,562,568,569,-1,
  562,569,561,-1,561,569,584,-1,561,584,585,-1,576,577,575,-1,575,577,578,-1,575,578,574,-1,574,578,579,-1,574,579,573,-1,
  573,579,580,-1,573,580,572,-1,572,580,581,-1,572,581,571,-1,571,581,582,-1,571,582,570,-1,570,582,583,-1,570,583,569,-1,
  569,583,584,-1,546,547,554,-1,546,554,555,-1,546,555,576,-1,546,576,575,-1,561,585,560,-1,560,585,586,-1,560,586,559,-1,
  559,586,587,-1,559,587,558,-1,558,587,588,-1,558,588,557,-1,557,588,589,-1,557,589,556,-1,556,589,590,-1,556,590,555,-1,
  555,590,591,-1,555,591,576,-1,550,551,549,-1,549,551,552,-1,549,552,548,-1,548,552,553,-1,548,553,547,-1,547,553,554,-1,
  611,612,610,-1,610,612,613,-1,610,613,609,-1,609,613,614,-1,609,614,608,-1,608,614,615,-1,608,615,607,-1,607,615,630,-1,
  607,630,631,-1,622,623,621,-1,621,623,624,-1,621,624,620,-1,620,624,625,-1,620,625,619,-1,619,625,626,-1,619,626,618,-1,
  618,626,627,-1,618,627,617,-1,617,627,628,-1,617,628,616,-1,616,628,629,-1,616,629,615,-1,615,629,630,-1,592,593,600,-1,
  592,600,601,-1,592,601,622,-1,592,622,621,-1,607,631,606,-1,606,631,632,-1,606,632,605,-1,605,632,633,-1,605,633,604,-1,
  604,633,634,-1,604,634,603,-1,603,634,635,-1,603,635,602,-1,602,635,636,-1,602,636,601,-1,601,636,637,-1,601,637,622,-1,
  596,597,595,-1,595,597,598,-1,595,598,594,-1,594,598,599,-1,594,599,593,-1,593,599,600,-1,657,658,656,-1,656,658,659,-1,
  656,659,655,-1,655,659,660,-1,655,660,654,-1,654,660,661,-1,654,661,653,-1,653,661,676,-1,653,676,677,-1,668,669,667,-1,
  667,669,670,-1,667,670,666,-1,666,670,671,-1,666,671,665,-1,665,671,672,-1,665,672,664,-1,664,672,673,-1,664,673,663,-1,
  663,673,674,-1,663,674,662,-1,662,674,675,-1,662,675,661,-1,661,675,676,-1,638,639,646,-1,638,646,647,-1,638,647,668,-1,
  638,668,667,-1,653,677,652,-1,652,677,678,-1,652,678,651,-1,651,678,679,-1,651,679,650,-1,650,679,680,-1,650,680,649,-1,
  649,680,681,-1,649,681,648,-1,648,681,682,-1,648,682,647,-1,647,682,683,-1,647,683,668,-1,642,643,641,-1,641,643,644,-1,
  641,644,640,-1,640,644,645,-1,640,645,639,-1,639,645,646,-1]
  normalPerVertex TRUE
  normal DEF NORM_3 Normal { vector [
  0 0 1,0 0 1,
  0 0 1,0 0 1,
  0 0 1,0 0 1,
  0 0 1,0 0 1,
  0 0 1,0 0 1,
  0 0 1,0 0 1,
  0 0 1,0 0 1,
  0 0 1,0 0 1,
  0 0 1,0 0 1,
  0 0 1,0 0 1,
  0 0 1,0 0 1,
  0 0 1,0 0 1,
  0 0 1,0 0 1,
  0 0 1,0 0 1,
  0 0 1,0 0 1,
  0 0 1,0 0 1,
  0 0 1,0 0 1,
  0 0 1,0 0 1,
  0 0 1,0 0 1,
  0 0 1,0 0 1,
  0 0 1,0 0 1,
  0 0 1,0 0 1,
  0 0 1,0 0 1,
  0 0 1,0 0 1,
  0 0 1,0 0 1,
  0 0 1,0 0 1,
  0 0 1,0 0 1,
  0 0 1,0 0 1,
  0 0 1,0 0 1,
  0 0 1,0 0 1,
  0 0 1,0 0 1,
  0 0 1,0 0 1,
  0 0 1,0 0 1,
  0 0 1,0 0 1,
  0 0 1,0 0 1,
  0 0 1,0 0 1,
  0 0 1,0 0 1,
  0 0 1,0 0 1,
  0 0 1,0 0 1,
  0 0 1,0 0 1,
  0 0 1,0 0 1,
  0 0 1,0 0 1,
  0 0 1,0 0 1,
  0 0 1,0 0 1,
  0 0 1,0 0 1,
  0 0 1,0 0 1,
  0 0 1,0 0 1,
  0 0 1,0 0 1,
  0 0 1,0 0 1,
  0 0 1,0 0 1,
  0 0 1,0 0 1,
  0 0 1,0 0 1,
  0 0 1,0 0 1,
  0 0 1,0 0 1,
  0 0 1,0 0 1,
  0 0 1,0 0 1,
  0 0 1,0 0 1,
  0 0 1,0 0 1,
  0 0 1,0 0 1,
  0 0 1,0 0 1,
  0 0 1,0 0 1,
  0 0 1,0 0 1,
  0 0 1,0 0 1,
  0 0 1,0 0 1,
  0 0 1,0 0 1,
  0 0 1,0 0 1,
  0 0 1,0 0 1,
  0 0 1,0 0 1,
  0 0 1,0 0 1,
  0 0 1,0 0 1,
  0 0 1,0 0 1,
  0 0 1,0 0 1,
  0 0 1,0 0 1,
  0 0 1,0 0 1,
  0 0 1,0 0 1,
  0 0 1,0 0 1,
  0 0 1,0 0 1,
  0 0 1,0 0 1,
  0 0 1,0 0 1,
  0 0 1,0 0 1,
  0 0 1,0 0 1,
  0 0 1,0 0 1,
  0 0 1,0 0 1,
  0 0 1,0 0 1,
  0 0 1,0 0 1,
  0 0 1,0 0 1,
  0 0 1,0 0 1,
  0 0 1,0 0 1,
  0 0 1,0 0 1,
  0 0 1,0 0 1,
  0 0 1,0 0 1,
  0 0 1,0 0 1,
  0 0 1,0 0 1,
  0 0 1,0 0 1,
  0 0 1,0 0 1,
  0 0 1,0 0 1,
  0 0 1,0 0 1,
  0 0 1,0 0 1,
  0 0 1,0 0 1,
  0 0 1,0 0 1,
  0 0 1,0 0 1,
  0 0 1,0 0 1,
  0 0 1,0 0 1,
  0 0 1,0 0 1,
  0 0 1,0 0 1,
  0 0 1,0 0 1,
  0 0 1,0 0 1,
  0 0 1,0 0 1,
  0 0 1,0 0 1,
  0 0 1,0 0 1,
  0 0 1,0 0 1,
  0 0 1,0 0 1,
  0 0 1,0 0 1,
  0 0 1,0 0 1,
  0 0 1,0 0 1,
  0 0 1,0 0 1,
  0 0 1,0 0 1,
  0 0 1,0 0 1,
  0 0 1,0 0 1,
  0 0 1,0 0 1,
  0 0 1,0 0 1,
  0 0 1,0 0 1,
  0 0 1,0 0 1,
  0 0 1,0 0 1,
  0 0 1,0 0 1,
  0 0 1,0 0 1,
  0 0 1,0 0 1,
  0 0 1,0 0 1,
  0 0 1,0 0 1,
  0 0 1,0 0 1,
  0 0 1,0 0 1,
  0 0 1,0 0 1,
  0 0 1,0 0 1,
  0 0 1,0 0 1,
  0 0 1,0 0 1,
  0 0 1,0 0 1,
  0 0 1,0 0 1,
  0 0 1,0 0 1,
  0 0 1,0 0 1,
  0 0 1,0 0 1,
  0 0 1,0 0 1,
  0 0 1,0 0 1,
  0 0 1,0 0 1,
  0 0 1,0 0 1,
  0 0 1,0 0 1,
  0 0 1,0 0 1,
  0 0 1,0 0 1,
  0 0 1,0 0 1,
  0 0 1,0 0 1,
  0 0 1,0 0 1,
  0 0 1,0 0 1,
  0 0 1,0 0 1,
  0 0 1,0 0 1,
  0 0 1,0 0 1,
  0 0 1,0 0 1,
  0 0 1,0 0 1,
  0 0 1,0 0 1,
  0 0 1,0 0 1,
  0 0 1,0 0 1,
  0 0 1,0 0 1,
  0 0 1,0 0 1,
  0 0 1,0 0 1,
  0 0 1,0 0 1,
  0 0 1,0 0 1,
  0 0 1,0 0 1,
  0 0 1,0 0 1,
  0 0 1,0 0 1,
  0 0 1,0 0 1,
  0 0 1,0 0 1,
  0 0 1,0 0 1,
  0 0 1,0 0 1,
  0 0 1,0 0 1,
  0 0 1,0 0 1,
  0 0 1,0 0 1,
  0 0 1,0 0 1,
  0 0 1,0 0 1,
  0 0 1,0 0 1,
  0 0 1,0 0 1,
  0 0 1,0 0 1,
  0 0 1,0 0 1,
  0 0 1,0 0 1,
  0 0 1,0 0 1,
  0 0 1,0 0 1,
  0 0 1,0 0 1,
  0 0 1,0 0 1,
  0 0 1,0 0 1,
  0 0 1,0 0 1,
  0 0 1,0 0 1,
  0 0 1,0 0 1,
  0 0 1,0 0 1,
  0 0 1,0 0 1,
  0 0 1,0 0 1,
  0 0 1,0 0 1,
  0 0 1,0 0 1,
  0 0 1,0 0 1,
  0 0 1,0 0 1,
  0 0 1,0 0 1,
  0 0 1,0 0 1,
  0 0 1,0 0 1,
  0 0 1,0 0 1,
  0 0 1,0 0 1,
  0 0 1,0 0 1,
  0 0 1,0 0 1,
  0 0 1,0 0 1,
  0 0 1,0 0 1,
  0 0 1,0 0 1,
  0 0 1,0 0 1,
  0 0 1,0 0 1,
  0 0 1,0 0 1,
  0 0 1,0 0 1,
  0 0 1,0 0 1,
  0 0 1,0 0 1,
  0 0 1,0 0 1,
  0 0 1,0 0 1,
  0 0 1,0 0 1,
  0 0 1,0 0 1,
  0 0 1,0 0 1,
  0 0 1,0 0 1,
  0 0 1,0 0 1,
  0 0 1,0 0 1,
  0 0 1,0 0 1,
  0 0 1,0 0 1,
  0 0 1,0 0 1,
  0 0 1,0 0 1,
  0 0 1,0 0 1,
  0 0 1,0 0 1,
  0 0 1,0 0 1,
  0 0 1,0 0 1,
  0 0 1,0 0 1,
  0 0 1,0 0 1,
  0 0 1,0 0 1,
  0 0 1,0 0 1,
  0 0 1,0 0 1,
  0 0 1,0 0 1,
  0 0 1,0 0 1,
  0 0 1,0 0 1,
  0 0 1,0 0 1,
  0 0 1,0 0 1,
  0 0 1,0 0 1,
  0 0 1,0 0 1,
  0 0 1,0 0 1,
  0 0 1,0 0 1,
  0 0 1,0 0 1,
  0 0 1,0 0 1,
  0 0 1,0 0 1,
  0 0 1,0 0 1,
  0 0 1,0 0 1,
  0 0 1,0 0 1,
  0 0 1,0 0 1,
  0 0 1,0 0 1,
  0 0 1,0 0 1,
  0 0 1,0 0 1,
  0 0 1,0 0 1,
  0 0 1,0 0 1,
  0 0 1,0 0 1,
  0 0 1,0 0 1,
  0 0 1,0 0 1,
  0 0 1,0 0 1,
  0 0 1,0 0 1,
  0 0 1,0 0 1,
  0 0 1,0 0 1,
  0 0 1,0 0 1,
  0 0 1,0 0 1,
  0 0 1,0 0 1,
  0 0 1,0 0 1,
  0 0 1,0 0 1,
  0 0 1,0 0 1,
  0 0 1,0 0 1,
  0 0 1,0 0 1,
  0 0 1,0 0 1,
  0 0 1,0 0 1,
  0 0 1,0 0 1,
  0 0 1,0 0 1,
  0 0 1,0 0 1,
  0 0 1,0 0 1,
  0 0 1,0 0 1,
  0 0 1,0 0 1,
  0 0 1,0 0 1,
  0 0 1,0 0 1,
  0 0 1,0 0 1,
  0 0 1,0 0 1,
  0 0 1,0 0 1,
  0 0 1,0 0 1,
  0 0 1,0 0 1,
  0 0 1,0 0 1,
  0 0 1,0 0 1,
  0 0 1,0 0 1,
  0 0 1,0 0 1,
  0 0 1,0 0 1,
  0 0 1,0 0 1,
  0 0 1,0 0 1,
  0 0 1,0 0 1,
  0 0 1,0 0 1,
  0 0 1,0 0 1,
  0 0 1,0 0 1,
  0 0 1,0 0 1,
  0 0 1,0 0 1,
  0 0 1,0 0 1,
  0 0 1,0 0 1,
  0 0 1,0 0 1,
  0 0 1,0 0 1,
  0 0 1,0 0 1,
  0 0 1,0 0 1,
  0 0 1,0 0 1,
  0 0 1,0 0 1,
  0 0 1,0 0 1,
  0 0 1,0 0 1,
  0 0 1,0 0 1,
  0 0 1,0 0 1,
  0 0 1,0 0 1,
  0 0 1,0 0 1,
  0 0 1,0 0 1,
  0 0 1,0 0 1,
  0 0 1,0 0 1,
  0 0 1,0 0 1,
  0 0 1,0 0 1,
  0 0 1,0 0 1,
  0 0 1,0 0 1,
  0 0 1,0 0 1,
  0 0 1,0 0 1,
  0 0 1,0 0 1,
  0 0 1,0 0 1,
  0 0 1,0 0 1,
  0 0 1,0 0 1,
  0 0 1,0 0 1,
  0 0 1,0 0 1,
  0 0 1,0 0 1,
  0 0 1,0 0 1,
  0 0 1,0 0 1,
  0 0 1,0 0 1,
  0 0 1,0 0 1,
  0 0 1,0 0 1,
  0 0 1,0 0 1,
  0 0 1,0 0 1,
  0 0 1,0 0 1,
  0 0 1,0 0 1,
  0 0 1,0 0 1,
  0 0 1,0 0 1,
  0 0 1,0 0 1,
  0 0 1,0 0 1,
  0 0 1,0 0 1,
  0 0 1,0 0 1] }
}
}
] }
DEF TXFM_4 Transform {
  center 0 0 0
  rotation 0 0 1 0
  scale 1 1 1
  scaleOrientation 0 0 1 0
  translation 0 0 0
 children [
DEF SHAPE_4 Shape {
 appearance DEF APP_3 Appearance {
  material Material {
   ambientIntensity 1
   diffuseColor 0.079999998 0.2 0.14
   emissiveColor 0 0 0
   shininess 0.30000001
   specularColor 0.35600001 0.44 0.398
   transparency 0.17
} }
 geometry DEF FACE_4 IndexedFaceSet {
  coord DEF COORD_4 Coordinate { point [
  58.653474 -30.957582 0.31988189,58.40963 -30.865459 0.31988189,
  50.914389 -30.876781 0.31988189,50.679035 -30.949878 0.31988189,
  50.464787 -31.047096 0.31988189,50.271452 -31.168212 0.31988189,
  50.098837 -31.313011 0.31988189,49.946751 -31.481269 0.31988189,
  49.815 -31.672769 0.31988189,49.703392 -31.887289 0.31988189,
  49.611734 -32.124609 0.31988189,49.610926 -33.925197 0.31988189,
  49.610476 -34.925197 0.31988189,49.610027 -35.925197 0.31988189,
  49.609578 -36.925197 0.31988189,49.609129 -37.925197 0.31988189,
  49.60868 -38.925197 0.31988189,49.608231 -39.925197 0.31988189,
  49.607622 -41.279528 0.31988189,49.606223 -44.396322 0.31988189,
  53.18134 -44.406589 0.31988189,53.180562 -43.933261 0.31988189,
  56.657421 -43.930628 0.31988189,56.653543 -44.409449 0.31988189,
  58.976378 -44.409449 0.31988189,58.961606 -41.737867 0.31988189,
  59.726782 -41.359561 0.31988189,59.71696 -32.479604 0.31988189,
  59.67145 -32.12812 0.31988189,59.581544 -31.830861 0.31988189,
  59.452596 -31.582102 0.31988189,59.289962 -31.376119 0.31988189,
  59.098994 -31.207188 0.31988189,58.885046 -31.069583 0.31988189,
  58.759843 -33.925197 0.31988189,58.767217 -33.84562 0.31988189,
  58.789087 -33.768754 0.31988189,58.824709 -33.697215 0.31988189,
  58.87287 -33.633439 0.31988189,58.93193 -33.579599 0.31988189,
  58.999877 -33.537528 0.31988189,59.074398 -33.508658 0.31988189,
  59.152955 -33.493973 0.31988189,59.232872 -33.493973 0.31988189,
  59.311429 -33.508658 0.31988189,59.38595 -33.537528 0.31988189,
  59.453897 -33.579599 0.31988189,59.512957 -33.633439 0.31988189,
  59.561118 -33.697215 0.31988189,59.59674 -33.768754 0.31988189,
  59.61861 -33.84562 0.31988189,59.625984 -33.925197 0.31988189,
  59.61861 -34.004773 0.31988189,59.59674 -34.08164 0.31988189,
  59.561118 -34.153179 0.31988189,59.512957 -34.216955 0.31988189,
  59.453897 -34.270795 0.31988189,59.38595 -34.312866 0.31988189,
  59.311429 -34.341735 0.31988189,59.232872 -34.35642 0.31988189,
  59.152955 -34.35642 0.31988189,59.074398 -34.341735 0.31988189,
  58.999877 -34.312866 0.31988189,58.93193 -34.270795 0.31988189,
  58.87287 -34.216955 0.31988189,58.824709 -34.153179 0.31988189,
  58.789087 -34.08164 0.31988189,58.767217 -34.004773 0.31988189,
  58.759843 -34.925197 0.31988189,58.767217 -34.84562 0.31988189,
  58.789087 -34.768754 0.31988189,58.824709 -34.697215 0.31988189,
  58.87287 -34.633439 0.31988189,58.93193 -34.579599 0.31988189,
  58.999877 -34.537528 0.31988189,59.074398 -34.508658 0.31988189,
  59.152955 -34.493973 0.31988189,59.232872 -34.493973 0.31988189,
  59.311429 -34.508658 0.31988189,59.38595 -34.537528 0.31988189,
  59.453897 -34.579599 0.31988189,59.512957 -34.633439 0.31988189,
  59.561118 -34.697215 0.31988189,59.59674 -34.768754 0.31988189,
  59.61861 -34.84562 0.31988189,59.625984 -34.925197 0.31988189,
  59.61861 -35.004773 0.31988189,59.59674 -35.08164 0.31988189,
  59.561118 -35.153179 0.31988189,59.512957 -35.216955 0.31988189,
  59.453897 -35.270795 0.31988189,59.38595 -35.312866 0.31988189,
  59.311429 -35.341735 0.31988189,59.232872 -35.35642 0.31988189,
  59.152955 -35.35642 0.31988189,59.074398 -35.341735 0.31988189,
  58.999877 -35.312866 0.31988189,58.93193 -35.270795 0.31988189,
  58.87287 -35.216955 0.31988189,58.824709 -35.153179 0.31988189,
  58.789087 -35.08164 0.31988189,58.767217 -35.004773 0.31988189,
  58.759843 -35.925197 0.31988189,58.767217 -35.84562 0.31988189,
  58.789087 -35.768754 0.31988189,58.824709 -35.697215 0.31988189,
  58.87287 -35.633439 0.31988189,58.93193 -35.579599 0.31988189,
  58.999877 -35.537528 0.31988189,59.074398 -35.508658 0.31988189,
  59.152955 -35.493973 0.31988189,59.232872 -35.493973 0.31988189,
  59.311429 -35.508658 0.31988189,59.38595 -35.537528 0.31988189,
  59.453897 -35.579599 0.31988189,59.512957 -35.633439 0.31988189,
  59.561118 -35.697215 0.31988189,59.59674 -35.768754 0.31988189,
  59.61861 -35.84562 0.31988189,59.625984 -35.925197 0.31988189,
  59.61861 -36.004773 0.31988189,59.59674 -36.08164 0.31988189,
  59.561118 -36.153179 0.31988189,59.512957 -36.216955 0.31988189,
  59.453897 -36.270795 0.31988189,59.38595 -36.312866 0.31988189,
  59.311429 -36.341735 0.31988189,59.232872 -36.35642 0.31988189,
  59.152955 -36.35642 0.31988189,59.074398 -36.341735 0.31988189,
  58.999877 -36.312866 0.31988189,58.93193 -36.270795 0.31988189,
  58.87287 -36.216955 0.31988189,58.824709 -36.153179 0.31988189,
  58.789087 -36.08164 0.31988189,58.767217 -36.004773 0.31988189,
  58.759843 -36.925197 0.31988189,58.767217 -36.84562 0.31988189,
  58.789087 -36.768754 0.31988189,58.824709 -36.697215 0.31988189,
  58.87287 -36.633439 0.31988189,58.93193 -36.579599 0.31988189,
  58.999877 -36.537528 0.31988189,59.074398 -36.508658 0.31988189,
  59.152955 -36.493973 0.31988189,59.232872 -36.493973 0.31988189,
  59.311429 -36.508658 0.31988189,59.38595 -36.537528 0.31988189,
  59.453897 -36.579599 0.31988189,59.512957 -36.633439 0.31988189,
  59.561118 -36.697215 0.31988189,59.59674 -36.768754 0.31988189,
  59.61861 -36.84562 0.31988189,59.625984 -36.925197 0.31988189,
  59.61861 -37.004773 0.31988189,59.59674 -37.08164 0.31988189,
  59.561118 -37.153179 0.31988189,59.512957 -37.216955 0.31988189,
  59.453897 -37.270795 0.31988189,59.38595 -37.312866 0.31988189,
  59.311429 -37.341735 0.31988189,59.232872 -37.35642 0.31988189,
  59.152955 -37.35642 0.31988189,59.074398 -37.341735 0.31988189,
  58.999877 -37.312866 0.31988189,58.93193 -37.270795 0.31988189,
  58.87287 -37.216955 0.31988189,58.824709 -37.153179 0.31988189,
  58.789087 -37.08164 0.31988189,58.767217 -37.004773 0.31988189,
  58.759843 -37.925197 0.31988189,58.767217 -37.84562 0.31988189,
  58.789087 -37.768754 0.31988189,58.824709 -37.697215 0.31988189,
  58.87287 -37.633439 0.31988189,58.93193 -37.579599 0.31988189,
  58.999877 -37.537528 0.31988189,59.074398 -37.508658 0.31988189,
  59.152955 -37.493973 0.31988189,59.232872 -37.493973 0.31988189,
  59.311429 -37.508658 0.31988189,59.38595 -37.537528 0.31988189,
  59.453897 -37.579599 0.31988189,59.512957 -37.633439 0.31988189,
  59.561118 -37.697215 0.31988189,59.59674 -37.768754 0.31988189,
  59.61861 -37.84562 0.31988189,59.625984 -37.925197 0.31988189,
  59.61861 -38.004773 0.31988189,59.59674 -38.08164 0.31988189,
  59.561118 -38.153179 0.31988189,59.512957 -38.216955 0.31988189,
  59.453897 -38.270795 0.31988189,59.38595 -38.312866 0.31988189,
  59.311429 -38.341735 0.31988189,59.232872 -38.35642 0.31988189,
  59.152955 -38.35642 0.31988189,59.074398 -38.341735 0.31988189,
  58.999877 -38.312866 0.31988189,58.93193 -38.270795 0.31988189,
  58.87287 -38.216955 0.31988189,58.824709 -38.153179 0.31988189,
  58.789087 -38.08164 0.31988189,58.767217 -38.004773 0.31988189,
  58.759843 -38.925197 0.31988189,58.767217 -38.84562 0.31988189,
  58.789087 -38.768754 0.31988189,58.824709 -38.697215 0.31988189,
  58.87287 -38.633439 0.31988189,58.93193 -38.579599 0.31988189,
  58.999877 -38.537528 0.31988189,59.074398 -38.508658 0.31988189,
  59.152955 -38.493973 0.31988189,59.232872 -38.493973 0.31988189,
  59.311429 -38.508658 0.31988189,59.38595 -38.537528 0.31988189,
  59.453897 -38.579599 0.31988189,59.512957 -38.633439 0.31988189,
  59.561118 -38.697215 0.31988189,59.59674 -38.768754 0.31988189,
  59.61861 -38.84562 0.31988189,59.625984 -38.925197 0.31988189,
  59.61861 -39.004773 0.31988189,59.59674 -39.08164 0.31988189,
  59.561118 -39.153179 0.31988189,59.512957 -39.216955 0.31988189,
  59.453897 -39.270795 0.31988189,59.38595 -39.312866 0.31988189,
  59.311429 -39.341735 0.31988189,59.232872 -39.35642 0.31988189,
  59.152955 -39.35642 0.31988189,59.074398 -39.341735 0.31988189,
  58.999877 -39.312866 0.31988189,58.93193 -39.270795 0.31988189,
  58.87287 -39.216955 0.31988189,58.824709 -39.153179 0.31988189,
  58.789087 -39.08164 0.31988189,58.767217 -39.004773 0.31988189,
  58.759843 -39.925197 0.31988189,58.767217 -39.84562 0.31988189,
  58.789087 -39.768754 0.31988189,58.824709 -39.697215 0.31988189,
  58.87287 -39.633439 0.31988189,58.93193 -39.579599 0.31988189,
  58.999877 -39.537528 0.31988189,59.074398 -39.508658 0.31988189,
  59.152955 -39.493973 0.31988189,59.232872 -39.493973 0.31988189,
  59.311429 -39.508658 0.31988189,59.38595 -39.537528 0.31988189,
  59.453897 -39.579599 0.31988189,59.512957 -39.633439 0.31988189,
  59.561118 -39.697215 0.31988189,59.59674 -39.768754 0.31988189,
  59.61861 -39.84562 0.31988189,59.625984 -39.925197 0.31988189,
  59.61861 -40.004773 0.31988189,59.59674 -40.08164 0.31988189,
  59.561118 -40.153179 0.31988189,59.512957 -40.216955 0.31988189,
  59.453897 -40.270795 0.31988189,59.38595 -40.312866 0.31988189,
  59.311429 -40.341735 0.31988189,59.232872 -40.35642 0.31988189,
  59.152955 -40.35642 0.31988189,59.074398 -40.341735 0.31988189,
  58.999877 -40.312866 0.31988189,58.93193 -40.270795 0.31988189,
  58.87287 -40.216955 0.31988189,58.824709 -40.153179 0.31988189,
  58.789087 -40.08164 0.31988189,58.767217 -40.004773 0.31988189,
  58.759843 -40.570866 0.31988189,58.765836 -40.540733 0.31988189,
  58.782905 -40.515189 0.31988189,58.80845 -40.49812 0.31988189,
  58.838583 -40.492126 0.31988189,59.547244 -40.492126 0.31988189,
  59.577377 -40.49812 0.31988189,59.602922 -40.515189 0.31988189,
  59.619991 -40.540733 0.31988189,59.625984 -40.570866 0.31988189,
  59.625984 -41.279528 0.31988189,59.619991 -41.30966 0.31988189,
  59.602922 -41.335205 0.31988189,59.577377 -41.352274 0.31988189,
  59.547244 -41.358268 0.31988189,58.838583 -41.358268 0.31988189,
  58.80845 -41.352274 0.31988189,58.782905 -41.335205 0.31988189,
  58.765836 -41.30966 0.31988189,58.759843 -41.279528 0.31988189,
  49.759843 -33.925197 0.31988189,49.767217 -33.84562 0.31988189,
  49.789087 -33.768754 0.31988189,49.824709 -33.697215 0.31988189,
  49.87287 -33.633439 0.31988189,49.93193 -33.579599 0.31988189,
  49.999877 -33.537528 0.31988189,50.074398 -33.508658 0.31988189,
  50.152955 -33.493973 0.31988189,50.232872 -33.493973 0.31988189,
  50.311429 -33.508658 0.31988189,50.38595 -33.537528 0.31988189,
  50.453897 -33.579599 0.31988189,50.512957 -33.633439 0.31988189,
  50.561118 -33.697215 0.31988189,50.59674 -33.768754 0.31988189,
  50.61861 -33.84562 0.31988189,50.625984 -33.925197 0.31988189,
  50.61861 -34.004773 0.31988189,50.59674 -34.08164 0.31988189,
  50.561118 -34.153179 0.31988189,50.512957 -34.216955 0.31988189,
  50.453897 -34.270795 0.31988189,50.38595 -34.312866 0.31988189,
  50.311429 -34.341735 0.31988189,50.232872 -34.35642 0.31988189,
  50.152955 -34.35642 0.31988189,50.074398 -34.341735 0.31988189,
  49.999877 -34.312866 0.31988189,49.93193 -34.270795 0.31988189,
  49.87287 -34.216955 0.31988189,49.824709 -34.153179 0.31988189,
  49.789087 -34.08164 0.31988189,49.767217 -34.004773 0.31988189,
  49.759843 -34.925197 0.31988189,49.767217 -34.84562 0.31988189,
  49.789087 -34.768754 0.31988189,49.824709 -34.697215 0.31988189,
  49.87287 -34.633439 0.31988189,49.93193 -34.579599 0.31988189,
  49.999877 -34.537528 0.31988189,50.074398 -34.508658 0.31988189,
  50.152955 -34.493973 0.31988189,50.232872 -34.493973 0.31988189,
  50.311429 -34.508658 0.31988189,50.38595 -34.537528 0.31988189,
  50.453897 -34.579599 0.31988189,50.512957 -34.633439 0.31988189,
  50.561118 -34.697215 0.31988189,50.59674 -34.768754 0.31988189,
  50.61861 -34.84562 0.31988189,50.625984 -34.925197 0.31988189,
  50.61861 -35.004773 0.31988189,50.59674 -35.08164 0.31988189,
  50.561118 -35.153179 0.31988189,50.512957 -35.216955 0.31988189,
  50.453897 -35.270795 0.31988189,50.38595 -35.312866 0.31988189,
  50.311429 -35.341735 0.31988189,50.232872 -35.35642 0.31988189,
  50.152955 -35.35642 0.31988189,50.074398 -35.341735 0.31988189,
  49.999877 -35.312866 0.31988189,49.93193 -35.270795 0.31988189,
  49.87287 -35.216955 0.31988189,49.824709 -35.153179 0.31988189,
  49.789087 -35.08164 0.31988189,49.767217 -35.004773 0.31988189,
  49.759843 -35.925197 0.31988189,49.767217 -35.84562 0.31988189,
  49.789087 -35.768754 0.31988189,49.824709 -35.697215 0.31988189,
  49.87287 -35.633439 0.31988189,49.93193 -35.579599 0.31988189,
  49.999877 -35.537528 0.31988189,50.074398 -35.508658 0.31988189,
  50.152955 -35.493973 0.31988189,50.232872 -35.493973 0.31988189,
  50.311429 -35.508658 0.31988189,50.38595 -35.537528 0.31988189,
  50.453897 -35.579599 0.31988189,50.512957 -35.633439 0.31988189,
  50.561118 -35.697215 0.31988189,50.59674 -35.768754 0.31988189,
  50.61861 -35.84562 0.31988189,50.625984 -35.925197 0.31988189,
  50.61861 -36.004773 0.31988189,50.59674 -36.08164 0.31988189,
  50.561118 -36.153179 0.31988189,50.512957 -36.216955 0.31988189,
  50.453897 -36.270795 0.31988189,50.38595 -36.312866 0.31988189,
  50.311429 -36.341735 0.31988189,50.232872 -36.35642 0.31988189,
  50.152955 -36.35642 0.31988189,50.074398 -36.341735 0.31988189,
  49.999877 -36.312866 0.31988189,49.93193 -36.270795 0.31988189,
  49.87287 -36.216955 0.31988189,49.824709 -36.153179 0.31988189,
  49.789087 -36.08164 0.31988189,49.767217 -36.004773 0.31988189,
  49.759843 -36.925197 0.31988189,49.767217 -36.84562 0.31988189,
  49.789087 -36.768754 0.31988189,49.824709 -36.697215 0.31988189,
  49.87287 -36.633439 0.31988189,49.93193 -36.579599 0.31988189,
  49.999877 -36.537528 0.31988189,50.074398 -36.508658 0.31988189,
  50.152955 -36.493973 0.31988189,50.232872 -36.493973 0.31988189,
  50.311429 -36.508658 0.31988189,50.38595 -36.537528 0.31988189,
  50.453897 -36.579599 0.31988189,50.512957 -36.633439 0.31988189,
  50.561118 -36.697215 0.31988189,50.59674 -36.768754 0.31988189,
  50.61861 -36.84562 0.31988189,50.625984 -36.925197 0.31988189,
  50.61861 -37.004773 0.31988189,50.59674 -37.08164 0.31988189,
  50.561118 -37.153179 0.31988189,50.512957 -37.216955 0.31988189,
  50.453897 -37.270795 0.31988189,50.38595 -37.312866 0.31988189,
  50.311429 -37.341735 0.31988189,50.232872 -37.35642 0.31988189,
  50.152955 -37.35642 0.31988189,50.074398 -37.341735 0.31988189,
  49.999877 -37.312866 0.31988189,49.93193 -37.270795 0.31988189,
  49.87287 -37.216955 0.31988189,49.824709 -37.153179 0.31988189,
  49.789087 -37.08164 0.31988189,49.767217 -37.004773 0.31988189,
  49.759843 -37.925197 0.31988189,49.767217 -37.84562 0.31988189,
  49.789087 -37.768754 0.31988189,49.824709 -37.697215 0.31988189,
  49.87287 -37.633439 0.31988189,49.93193 -37.579599 0.31988189,
  49.999877 -37.537528 0.31988189,50.074398 -37.508658 0.31988189,
  50.152955 -37.493973 0.31988189,50.232872 -37.493973 0.31988189,
  50.311429 -37.508658 0.31988189,50.38595 -37.537528 0.31988189,
  50.453897 -37.579599 0.31988189,50.512957 -37.633439 0.31988189,
  50.561118 -37.697215 0.31988189,50.59674 -37.768754 0.31988189,
  50.61861 -37.84562 0.31988189,50.625984 -37.925197 0.31988189,
  50.61861 -38.004773 0.31988189,50.59674 -38.08164 0.31988189,
  50.561118 -38.153179 0.31988189,50.512957 -38.216955 0.31988189,
  50.453897 -38.270795 0.31988189,50.38595 -38.312866 0.31988189,
  50.311429 -38.341735 0.31988189,50.232872 -38.35642 0.31988189,
  50.152955 -38.35642 0.31988189,50.074398 -38.341735 0.31988189,
  49.999877 -38.312866 0.31988189,49.93193 -38.270795 0.31988189,
  49.87287 -38.216955 0.31988189,49.824709 -38.153179 0.31988189,
  49.789087 -38.08164 0.31988189,49.767217 -38.004773 0.31988189,
  49.759843 -38.925197 0.31988189,49.767217 -38.84562 0.31988189,
  49.789087 -38.768754 0.31988189,49.824709 -38.697215 0.31988189,
  49.87287 -38.633439 0.31988189,49.93193 -38.579599 0.31988189,
  49.999877 -38.537528 0.31988189,50.074398 -38.508658 0.31988189,
  50.152955 -38.493973 0.31988189,50.232872 -38.493973 0.31988189,
  50.311429 -38.508658 0.31988189,50.38595 -38.537528 0.31988189,
  50.453897 -38.579599 0.31988189,50.512957 -38.633439 0.31988189,
  50.561118 -38.697215 0.31988189,50.59674 -38.768754 0.31988189,
  50.61861 -38.84562 0.31988189,50.625984 -38.925197 0.31988189,
  50.61861 -39.004773 0.31988189,50.59674 -39.08164 0.31988189,
  50.561118 -39.153179 0.31988189,50.512957 -39.216955 0.31988189,
  50.453897 -39.270795 0.31988189,50.38595 -39.312866 0.31988189,
  50.311429 -39.341735 0.31988189,50.232872 -39.35642 0.31988189,
  50.152955 -39.35642 0.31988189,50.074398 -39.341735 0.31988189,
  49.999877 -39.312866 0.31988189,49.93193 -39.270795 0.31988189,
  49.87287 -39.216955 0.31988189,49.824709 -39.153179 0.31988189,
  49.789087 -39.08164 0.31988189,49.767217 -39.004773 0.31988189,
  49.759843 -39.925197 0.31988189,49.767217 -39.84562 0.31988189,
  49.789087 -39.768754 0.31988189,49.824709 -39.697215 0.31988189,
  49.87287 -39.633439 0.31988189,49.93193 -39.579599 0.31988189,
  49.999877 -39.537528 0.31988189,50.074398 -39.508658 0.31988189,
  50.152955 -39.493973 0.31988189,50.232872 -39.493973 0.31988189,
  50.311429 -39.508658 0.31988189,50.38595 -39.537528 0.31988189,
  50.453897 -39.579599 0.31988189,50.512957 -39.633439 0.31988189,
  50.561118 -39.697215 0.31988189,50.59674 -39.768754 0.31988189,
  50.61861 -39.84562 0.31988189,50.625984 -39.925197 0.31988189,
  50.61861 -40.004773 0.31988189,50.59674 -40.08164 0.31988189,
  50.561118 -40.153179 0.31988189,50.512957 -40.216955 0.31988189,
  50.453897 -40.270795 0.31988189,50.38595 -40.312866 0.31988189,
  50.311429 -40.341735 0.31988189,50.232872 -40.35642 0.31988189,
  50.152955 -40.35642 0.31988189,50.074398 -40.341735 0.31988189,
  49.999877 -40.312866 0.31988189,49.93193 -40.270795 0.31988189,
  49.87287 -40.216955 0.31988189,49.824709 -40.153179 0.31988189,
  49.789087 -40.08164 0.31988189,49.767217 -40.004773 0.31988189,
  49.759843 -40.570866 0.31988189,49.765836 -40.540733 0.31988189,
  49.782905 -40.515189 0.31988189,49.80845 -40.49812 0.31988189,
  49.838583 -40.492126 0.31988189,50.547244 -40.492126 0.31988189,
  50.577377 -40.49812 0.31988189,50.602922 -40.515189 0.31988189,
  50.619991 -40.540733 0.31988189,50.625984 -40.570866 0.31988189,
  50.625984 -41.279528 0.31988189,50.619991 -41.30966 0.31988189,
  50.602922 -41.335205 0.31988189,50.577377 -41.352274 0.31988189,
  50.547244 -41.358268 0.31988189,49.838583 -41.358268 0.31988189,
  49.80845 -41.352274 0.31988189,49.782905 -41.335205 0.31988189,
  49.765836 -41.30966 0.31988189,49.759843 -41.279528 0.31988189] }
 coordIndex [
  308,309,3,-1,3,309,20,-1,3,20,2,-1,2,20,21,-1,2,21,1,-1,1,21,22,-1,1,22,291,-1,291,22,24,-1,
  291,24,290,-1,290,24,289,-1,282,26,281,-1,281,26,255,-1,281,255,280,-1,280,255,256,-1,280,256,279,-1,279,256,257,-1,
  279,257,278,-1,278,257,258,-1,278,258,277,-1,277,258,259,-1,277,259,260,-1,277,260,261,-1,277,261,262,-1,277,262,263,-1,
  277,263,264,-1,277,264,265,-1,277,265,276,-1,276,265,266,-1,276,266,267,-1,276,267,268,-1,276,268,269,-1,276,269,275,-1,
  0,291,34,-1,34,291,272,-1,34,272,238,-1,238,272,273,-1,238,273,271,-1,271,273,274,-1,271,274,270,-1,270,274,275,-1,
  270,275,269,-1,34,238,204,-1,204,238,239,-1,204,239,237,-1,237,239,240,-1,237,240,236,-1,236,240,241,-1,236,241,235,-1,
  235,241,242,-1,235,242,234,-1,234,242,243,-1,234,243,233,-1,233,243,244,-1,233,244,232,-1,232,244,245,-1,232,245,231,-1,
  231,245,246,-1,231,246,230,-1,230,246,247,-1,230,247,229,-1,229,247,248,-1,229,248,228,-1,228,248,249,-1,228,249,227,-1,
  227,249,250,-1,227,250,226,-1,226,250,251,-1,226,251,225,-1,225,251,252,-1,225,252,224,-1,224,252,253,-1,224,253,223,-1,
  223,253,254,-1,223,254,222,-1,222,254,255,-1,222,255,221,-1,221,255,26,-1,221,26,187,-1,187,26,153,-1,187,153,154,-1,
  34,204,170,-1,170,204,205,-1,170,205,203,-1,203,205,206,-1,203,206,202,-1,202,206,207,-1,202,207,201,-1,201,207,208,-1,
  201,208,200,-1,200,208,209,-1,200,209,199,-1,199,209,210,-1,199,210,198,-1,198,210,211,-1,198,211,197,-1,197,211,212,-1,
  197,212,196,-1,196,212,213,-1,196,213,195,-1,195,213,214,-1,195,214,194,-1,194,214,215,-1,194,215,193,-1,193,215,216,-1,
  193,216,192,-1,192,216,217,-1,192,217,191,-1,191,217,218,-1,191,218,190,-1,190,218,219,-1,190,219,189,-1,189,219,220,-1,
  189,220,188,-1,188,220,221,-1,188,221,187,-1,34,170,136,-1,136,170,171,-1,136,171,169,-1,169,171,172,-1,169,172,168,-1,
  168,172,173,-1,168,173,167,-1,167,173,174,-1,167,174,166,-1,166,174,175,-1,166,175,165,-1,165,175,176,-1,165,176,164,-1,
  164,176,177,-1,164,177,163,-1,163,177,178,-1,163,178,162,-1,162,178,179,-1,162,179,161,-1,161,179,180,-1,161,180,160,-1,
  160,180,181,-1,160,181,159,-1,159,181,182,-1,159,182,158,-1,158,182,183,-1,158,183,157,-1,157,183,184,-1,157,184,156,-1,
  156,184,185,-1,156,185,155,-1,155,185,186,-1,155,186,154,-1,154,186,187,-1,34,136,102,-1,102,136,137,-1,102,137,135,-1,
  135,137,138,-1,135,138,134,-1,134,138,139,-1,134,139,133,-1,133,139,140,-1,133,140,132,-1,132,140,141,-1,132,141,131,-1,
  131,141,142,-1,131,142,130,-1,130,142,143,-1,130,143,129,-1,129,143,144,-1,129,144,128,-1,128,144,145,-1,128,145,127,-1,
  127,145,146,-1,127,146,126,-1,126,146,147,-1,126,147,125,-1,125,147,148,-1,125,148,124,-1,124,148,149,-1,124,149,123,-1,
  123,149,150,-1,123,150,122,-1,122,150,151,-1,122,151,121,-1,121,151,152,-1,121,152,120,-1,120,152,153,-1,120,153,119,-1,
  119,153,26,-1,119,26,85,-1,85,26,51,-1,85,51,52,-1,34,102,68,-1,68,102,103,-1,68,103,101,-1,101,103,104,-1,
  101,104,100,-1,100,104,105,-1,100,105,99,-1,99,105,106,-1,99,106,98,-1,98,106,107,-1,98,107,97,-1,97,107,108,-1,
  97,108,96,-1,96,108,109,-1,96,109,95,-1,95,109,110,-1,95,110,94,-1,94,110,111,-1,94,111,93,-1,93,111,112,-1,
  93,112,92,-1,92,112,113,-1,92,113,91,-1,91,113,114,-1,91,114,90,-1,90,114,115,-1,90,115,89,-1,89,115,116,-1,
  89,116,88,-1,88,116,117,-1,88,117,87,-1,87,117,118,-1,87,118,86,-1,86,118,119,-1,86,119,85,-1,85,52,84,-1,
  84,52,53,-1,84,53,83,-1,83,53,54,-1,83,54,82,-1,82,54,55,-1,82,55,81,-1,81,55,56,-1,81,56,80,-1,
  80,56,57,-1,80,57,79,-1,79,57,58,-1,79,58,78,-1,78,58,59,-1,78,59,77,-1,77,59,60,-1,77,60,76,-1,
  76,60,61,-1,76,61,75,-1,75,61,62,-1,75,62,74,-1,74,62,63,-1,74,63,73,-1,73,63,64,-1,73,64,72,-1,
  72,64,65,-1,72,65,71,-1,71,65,66,-1,71,66,70,-1,70,66,67,-1,70,67,69,-1,69,67,34,-1,69,34,68,-1,
  28,29,49,-1,28,49,50,-1,28,50,51,-1,28,51,26,-1,28,26,27,-1,29,30,46,-1,29,46,47,-1,29,47,48,-1,
  29,48,49,-1,42,43,31,-1,31,43,44,-1,31,44,30,-1,30,44,45,-1,30,45,46,-1,32,33,39,-1,32,39,40,-1,
  32,40,41,-1,32,41,42,-1,32,42,31,-1,33,0,34,-1,33,34,35,-1,33,35,36,-1,33,36,37,-1,33,37,38,-1,
  33,38,39,-1,26,282,283,-1,26,283,284,-1,26,284,285,-1,26,285,286,-1,26,286,25,-1,287,288,24,-1,287,24,25,-1,
  287,25,286,-1,309,343,20,-1,20,343,377,-1,20,377,411,-1,411,377,378,-1,411,378,410,-1,410,378,379,-1,410,379,409,-1,
  409,379,380,-1,409,380,408,-1,408,380,381,-1,408,381,407,-1,407,381,382,-1,407,382,406,-1,406,382,383,-1,406,383,405,-1,
  405,383,384,-1,405,384,404,-1,404,384,385,-1,404,385,403,-1,403,385,386,-1,403,386,402,-1,402,386,387,-1,402,387,401,-1,
  401,387,388,-1,401,388,400,-1,400,388,389,-1,400,389,399,-1,399,389,390,-1,399,390,398,-1,398,390,391,-1,398,391,397,-1,
  397,391,392,-1,397,392,396,-1,396,392,393,-1,396,393,395,-1,395,393,360,-1,395,360,394,-1,394,360,292,-1,394,292,428,-1,
  428,292,462,-1,428,462,463,-1,549,530,292,-1,292,530,496,-1,292,496,462,-1,462,496,497,-1,462,497,495,-1,495,497,498,-1,
  495,498,494,-1,494,498,499,-1,494,499,493,-1,493,499,500,-1,493,500,492,-1,492,500,501,-1,492,501,491,-1,491,501,502,-1,
  491,502,490,-1,490,502,503,-1,490,503,489,-1,489,503,504,-1,489,504,488,-1,488,504,505,-1,488,505,487,-1,487,505,506,-1,
  487,506,486,-1,486,506,507,-1,486,507,485,-1,485,507,508,-1,485,508,484,-1,484,508,509,-1,484,509,483,-1,483,509,510,-1,
  483,510,482,-1,482,510,511,-1,482,511,481,-1,481,511,512,-1,481,512,480,-1,480,512,513,-1,480,513,479,-1,479,513,20,-1,
  479,20,445,-1,445,20,411,-1,445,411,412,-1,20,513,539,-1,20,539,540,-1,20,540,541,-1,20,541,542,-1,20,542,543,-1,
  20,543,544,-1,20,544,545,-1,20,545,546,-1,20,546,547,-1,20,547,18,-1,20,18,19,-1,549,292,9,-1,549,9,10,-1,
  549,10,11,-1,549,11,12,-1,549,12,13,-1,549,13,14,-1,549,14,15,-1,549,15,16,-1,549,16,17,-1,549,17,18,-1,
  549,18,548,-1,539,513,538,-1,538,513,514,-1,538,514,537,-1,537,514,515,-1,537,515,536,-1,536,515,516,-1,536,516,535,-1,
  535,516,517,-1,535,517,518,-1,535,518,519,-1,535,519,520,-1,535,520,521,-1,535,521,522,-1,535,522,523,-1,535,523,534,-1,
  534,523,524,-1,534,524,525,-1,534,525,526,-1,534,526,527,-1,534,527,533,-1,496,531,529,-1,529,531,532,-1,529,532,528,-1,
  528,532,533,-1,528,533,527,-1,428,463,461,-1,461,463,464,-1,461,464,460,-1,460,464,465,-1,460,465,459,-1,459,465,466,-1,
  459,466,458,-1,458,466,467,-1,458,467,457,-1,457,467,468,-1,457,468,456,-1,456,468,469,-1,456,469,455,-1,455,469,470,-1,
  455,470,454,-1,454,470,471,-1,454,471,453,-1,453,471,472,-1,453,472,452,-1,452,472,473,-1,452,473,451,-1,451,473,474,-1,
  451,474,450,-1,450,474,475,-1,450,475,449,-1,449,475,476,-1,449,476,448,-1,448,476,477,-1,448,477,447,-1,447,477,478,-1,
  447,478,446,-1,446,478,479,-1,446,479,445,-1,445,412,444,-1,444,412,413,-1,444,413,443,-1,443,413,414,-1,443,414,442,-1,
  442,414,415,-1,442,415,441,-1,441,415,416,-1,441,416,440,-1,440,416,417,-1,440,417,439,-1,439,417,418,-1,439,418,438,-1,
  438,418,419,-1,438,419,437,-1,437,419,420,-1,437,420,436,-1,436,420,421,-1,436,421,435,-1,435,421,422,-1,435,422,434,-1,
  434,422,423,-1,434,423,433,-1,433,423,424,-1,433,424,432,-1,432,424,425,-1,432,425,431,-1,431,425,426,-1,431,426,430,-1,
  430,426,427,-1,430,427,429,-1,429,427,394,-1,429,394,428,-1,292,360,326,-1,326,360,361,-1,326,361,359,-1,359,361,362,-1,
  359,362,358,-1,358,362,363,-1,358,363,357,-1,357,363,364,-1,357,364,356,-1,356,364,365,-1,356,365,355,-1,355,365,366,-1,
  355,366,354,-1,354,366,367,-1,354,367,353,-1,353,367,368,-1,353,368,352,-1,352,368,369,-1,352,369,351,-1,351,369,370,-1,
  351,370,350,-1,350,370,371,-1,350,371,349,-1,349,371,372,-1,349,372,348,-1,348,372,373,-1,348,373,347,-1,347,373,374,-1,
  347,374,346,-1,346,374,375,-1,346,375,345,-1,345,375,376,-1,345,376,344,-1,344,376,377,-1,344,377,343,-1,292,327,325,-1,
  325,327,328,-1,325,328,324,-1,324,328,329,-1,324,329,323,-1,323,329,330,-1,323,330,322,-1,322,330,331,-1,322,331,321,-1,
  321,331,332,-1,321,332,320,-1,320,332,333,-1,320,333,319,-1,319,333,334,-1,319,334,318,-1,318,334,335,-1,318,335,317,-1,
  317,335,336,-1,317,336,316,-1,316,336,337,-1,316,337,315,-1,315,337,338,-1,315,338,314,-1,314,338,339,-1,314,339,313,-1,
  313,339,340,-1,313,340,312,-1,312,340,341,-1,312,341,311,-1,311,341,342,-1,311,342,310,-1,310,342,343,-1,310,343,309,-1,
  3,4,305,-1,3,305,306,-1,3,306,307,-1,3,307,308,-1,4,5,302,-1,4,302,303,-1,4,303,304,-1,4,304,305,-1,
  298,299,6,-1,6,299,300,-1,6,300,5,-1,5,300,301,-1,5,301,302,-1,7,8,295,-1,7,295,296,-1,7,296,297,-1,
  7,297,298,-1,7,298,6,-1,8,9,292,-1,8,292,293,-1,8,293,294,-1,8,294,295,-1,327,292,326,-1,531,496,530,-1,
  18,547,548,-1,24,22,23,-1,1,291,0,-1,289,24,288,-1]
  normalPerVertex TRUE
  normal DEF NORM_4 Normal { vector [
  0 0 1,0 0 1,
  0 0 1,0 0 1,
  0 0 1,0 0 1,
  0 0 1,0 0 1,
  0 0 1,0 0 1,
  0 0 1,0 0 1,
  0 0 1,0 0 1,
  0 0 1,0 0 1,
  0 0 1,0 0 1,
  0 0 1,0 0 1,
  0 0 1,0 0 1,
  0 0 1,0 0 1,
  0 0 1,0 0 1,
  0 0 1,0 0 1,
  0 0 1,0 0 1,
  0 0 1,0 0 1,
  0 0 1,0 0 1,
  0 0 1,0 0 1,
  0 0 1,0 0 1,
  0 0 1,0 0 1,
  0 0 1,0 0 1,
  0 0 1,0 0 1,
  0 0 1,0 0 1,
  0 0 1,0 0 1,
  0 0 1,0 0 1,
  0 0 1,0 0 1,
  0 0 1,0 0 1,
  0 0 1,0 0 1,
  0 0 1,0 0 1,
  0 0 1,0 0 1,
  0 0 1,0 0 1,
  0 0 1,0 0 1,
  0 0 1,0 0 1,
  0 0 1,0 0 1,
  0 0 1,0 0 1,
  0 0 1,0 0 1,
  0 0 1,0 0 1,
  0 0 1,0 0 1,
  0 0 1,0 0 1,
  0 0 1,0 0 1,
  0 0 1,0 0 1,
  0 0 1,0 0 1,
  0 0 1,0 0 1,
  0 0 1,0 0 1,
  0 0 1,0 0 1,
  0 0 1,0 0 1,
  0 0 1,0 0 1,
  0 0 1,0 0 1,
  0 0 1,0 0 1,
  0 0 1,0 0 1,
  0 0 1,0 0 1,
  0 0 1,0 0 1,
  0 0 1,0 0 1,
  0 0 1,0 0 1,
  0 0 1,0 0 1,
  0 0 1,0 0 1,
  0 0 1,0 0 1,
  0 0 1,0 0 1,
  0 0 1,0 0 1,
  0 0 1,0 0 1,
  0 0 1,0 0 1,
  0 0 1,0 0 1,
  0 0 1,0 0 1,
  0 0 1,0 0 1,
  0 0 1,0 0 1,
  0 0 1,0 0 1,
  0 0 1,0 0 1,
  0 0 1,0 0 1,
  0 0 1,0 0 1,
  0 0 1,0 0 1,
  0 0 1,0 0 1,
  0 0 1,0 0 1,
  0 0 1,0 0 1,
  0 0 1,0 0 1,
  0 0 1,0 0 1,
  0 0 1,0 0 1,
  0 0 1,0 0 1,
  0 0 1,0 0 1,
  0 0 1,0 0 1,
  0 0 1,0 0 1,
  0 0 1,0 0 1,
  0 0 1,0 0 1,
  0 0 1,0 0 1,
  0 0 1,0 0 1,
  0 0 1,0 0 1,
  0 0 1,0 0 1,
  0 0 1,0 0 1,
  0 0 1,0 0 1,
  0 0 1,0 0 1,
  0 0 1,0 0 1,
  0 0 1,0 0 1,
  0 0 1,0 0 1,
  0 0 1,0 0 1,
  0 0 1,0 0 1,
  0 0 1,0 0 1,
  0 0 1,0 0 1,
  0 0 1,0 0 1,
  0 0 1,0 0 1,
  0 0 1,0 0 1,
  0 0 1,0 0 1,
  0 0 1,0 0 1,
  0 0 1,0 0 1,
  0 0 1,0 0 1,
  0 0 1,0 0 1,
  0 0 1,0 0 1,
  0 0 1,0 0 1,
  0 0 1,0 0 1,
  0 0 1,0 0 1,
  0 0 1,0 0 1,
  0 0 1,0 0 1,
  0 0 1,0 0 1,
  0 0 1,0 0 1,
  0 0 1,0 0 1,
  0 0 1,0 0 1,
  0 0 1,0 0 1,
  0 0 1,0 0 1,
  0 0 1,0 0 1,
  0 0 1,0 0 1,
  0 0 1,0 0 1,
  0 0 1,0 0 1,
  0 0 1,0 0 1,
  0 0 1,0 0 1,
  0 0 1,0 0 1,
  0 0 1,0 0 1,
  0 0 1,0 0 1,
  0 0 1,0 0 1,
  0 0 1,0 0 1,
  0 0 1,0 0 1,
  0 0 1,0 0 1,
  0 0 1,0 0 1,
  0 0 1,0 0 1,
  0 0 1,0 0 1,
  0 0 1,0 0 1,
  0 0 1,0 0 1,
  0 0 1,0 0 1,
  0 0 1,0 0 1,
  0 0 1,0 0 1,
  0 0 1,0 0 1,
  0 0 1,0 0 1,
  0 0 1,0 0 1,
  0 0 1,0 0 1,
  0 0 1,0 0 1,
  0 0 1,0 0 1,
  0 0 1,0 0 1,
  0 0 1,0 0 1,
  0 0 1,0 0 1,
  0 0 1,0 0 1,
  0 0 1,0 0 1,
  0 0 1,0 0 1,
  0 0 1,0 0 1,
  0 0 1,0 0 1,
  0 0 1,0 0 1,
  0 0 1,0 0 1,
  0 0 1,0 0 1,
  0 0 1,0 0 1,
  0 0 1,0 0 1,
  0 0 1,0 0 1,
  0 0 1,0 0 1,
  0 0 1,0 0 1,
  0 0 1,0 0 1,
  0 0 1,0 0 1,
  0 0 1,0 0 1,
  0 0 1,0 0 1,
  0 0 1,0 0 1,
  0 0 1,0 0 1,
  0 0 1,0 0 1,
  0 0 1,0 0 1,
  0 0 1,0 0 1,
  0 0 1,0 0 1,
  0 0 1,0 0 1,
  0 0 1,0 0 1,
  0 0 1,0 0 1,
  0 0 1,0 0 1,
  0 0 1,0 0 1,
  0 0 1,0 0 1,
  0 0 1,0 0 1,
  0 0 1,0 0 1,
  0 0 1,0 0 1,
  0 0 1,0 0 1,
  0 0 1,0 0 1,
  0 0 1,0 0 1,
  0 0 1,0 0 1,
  0 0 1,0 0 1,
  0 0 1,0 0 1,
  0 0 1,0 0 1,
  0 0 1,0 0 1,
  0 0 1,0 0 1,
  0 0 1,0 0 1,
  0 0 1,0 0 1,
  0 0 1,0 0 1,
  0 0 1,0 0 1,
  0 0 1,0 0 1,
  0 0 1,0 0 1,
  0 0 1,0 0 1,
  0 0 1,0 0 1,
  0 0 1,0 0 1,
  0 0 1,0 0 1,
  0 0 1,0 0 1,
  0 0 1,0 0 1,
  0 0 1,0 0 1,
  0 0 1,0 0 1,
  0 0 1,0 0 1,
  0 0 1,0 0 1,
  0 0 1,0 0 1,
  0 0 1,0 0 1,
  0 0 1,0 0 1,
  0 0 1,0 0 1,
  0 0 1,0 0 1,
  0 0 1,0 0 1,
  0 0 1,0 0 1,
  0 0 1,0 0 1,
  0 0 1,0 0 1,
  0 0 1,0 0 1,
  0 0 1,0 0 1,
  0 0 1,0 0 1,
  0 0 1,0 0 1,
  0 0 1,0 0 1,
  0 0 1,0 0 1,
  0 0 1,0 0 1,
  0 0 1,0 0 1,
  0 0 1,0 0 1,
  0 0 1,0 0 1,
  0 0 1,0 0 1,
  0 0 1,0 0 1,
  0 0 1,0 0 1,
  0 0 1,0 0 1,
  0 0 1,0 0 1,
  0 0 1,0 0 1,
  0 0 1,0 0 1,
  0 0 1,0 0 1,
  0 0 1,0 0 1,
  0 0 1,0 0 1,
  0 0 1,0 0 1,
  0 0 1,0 0 1,
  0 0 1,0 0 1,
  0 0 1,0 0 1,
  0 0 1,0 0 1,
  0 0 1,0 0 1,
  0 0 1,0 0 1,
  0 0 1,0 0 1,
  0 0 1,0 0 1,
  0 0 1,0 0 1,
  0 0 1,0 0 1,
  0 0 1,0 0 1,
  0 0 1,0 0 1,
  0 0 1,0 0 1,
  0 0 1,0 0 1,
  0 0 1,0 0 1,
  0 0 1,0 0 1,
  0 0 1,0 0 1,
  0 0 1,0 0 1,
  0 0 1,0 0 1,
  0 0 1,0 0 1,
  0 0 1,0 0 1,
  0 0 1,0 0 1,
  0 0 1,0 0 1,
  0 0 1,0 0 1,
  0 0 1,0 0 1,
  0 0 1,0 0 1,
  0 0 1,0 0 1,
  0 0 1,0 0 1,
  0 0 1,0 0 1,
  0 0 1,0 0 1,
  0 0 1,0 0 1,
  0 0 1,0 0 1,
  0 0 1,0 0 1,
  0 0 1,0 0 1,
  0 0 1,0 0 1,
  0 0 1,0 0 1,
  0 0 1,0 0 1,
  0 0 1,0 0 1,
  0 0 1,0 0 1,
  0 0 1,0 0 1,
  0 0 1,0 0 1,
  0 0 1,0 0 1] }
}
}
] }
DEF TXFM_5 Transform {
  center 0 0 0
  rotation 0 0 1 0
  scale 1 1 1
  scaleOrientation 0 0 1 0
  translation 0 0 0
 children [
DEF SHAPE_5 Shape {
 appearance USE APP_2
 geometry DEF FACE_5 IndexedFaceSet {
  coord DEF COORD_5 Coordinate { point [
  49.838583 -40.570866 -0.31496063,49.838583 -41.279528 -0.31496063,
  50.547244 -41.279528 -0.31496063,50.547244 -40.570866 -0.31496063,
  49.990945 -40.925197 -0.31496063,50.006319 -40.847907 -0.31496063,
  50.0501 -40.782384 -0.31496063,50.115623 -40.738602 -0.31496063,
  50.192913 -40.723228 -0.31496063,50.270203 -40.738602 -0.31496063,
  50.335727 -40.782384 -0.31496063,50.379508 -40.847907 -0.31496063,
  50.394882 -40.925197 -0.31496063,50.379508 -41.002487 -0.31496063,
  50.335727 -41.06801 -0.31496063,50.270203 -41.111791 -0.31496063,
  50.192913 -41.127165 -0.31496063,50.115623 -41.111791 -0.31496063,
  50.0501 -41.06801 -0.31496063,50.006319 -41.002487 -0.31496063,
  49.95582 -39.661878 -0.31496063,49.906254 -39.716926 -0.31496063,
  49.869216 -39.781078 -0.31496063,49.846326 -39.851527 -0.31496063,
  49.838583 -39.925197 -0.31496063,49.846326 -39.998867 -0.31496063,
  49.869216 -40.069316 -0.31496063,49.906254 -40.133467 -0.31496063,
  49.95582 -40.188516 -0.31496063,50.015748 -40.232056 -0.31496063,
  50.083419 -40.262185 -0.31496063,50.155876 -40.277587 -0.31496063,
  50.229951 -40.277587 -0.31496063,50.302407 -40.262185 -0.31496063,
  50.370079 -40.232056 -0.31496063,50.430007 -40.188516 -0.31496063,
  50.479573 -40.133467 -0.31496063,50.516611 -40.069316 -0.31496063,
  50.539501 -39.998867 -0.31496063,50.547244 -39.925197 -0.31496063,
  50.539501 -39.851527 -0.31496063,50.516611 -39.781078 -0.31496063,
  50.479573 -39.716926 -0.31496063,50.430007 -39.661878 -0.31496063,
  50.370079 -39.618337 -0.31496063,50.302407 -39.588208 -0.31496063,
  50.229951 -39.572807 -0.31496063,50.155876 -39.572807 -0.31496063,
  50.083419 -39.588208 -0.31496063,50.015748 -39.618337 -0.31496063,
  49.990945 -39.925197 -0.31496063,50.006319 -39.847907 -0.31496063,
  50.0501 -39.782384 -0.31496063,50.115623 -39.738602 -0.31496063,
  50.192913 -39.723228 -0.31496063,50.270203 -39.738602 -0.31496063,
  50.335727 -39.782384 -0.31496063,50.379508 -39.847907 -0.31496063,
  50.394882 -39.925197 -0.31496063,50.379508 -40.002487 -0.31496063,
  50.335727 -40.06801 -0.31496063,50.270203 -40.111791 -0.31496063,
  50.192913 -40.127165 -0.31496063,50.115623 -40.111791 -0.31496063,
  50.0501 -40.06801 -0.31496063,50.006319 -40.002487 -0.31496063,
  49.95582 -38.661878 -0.31496063,49.906254 -38.716926 -0.31496063,
  49.869216 -38.781078 -0.31496063,49.846326 -38.851527 -0.31496063,
  49.838583 -38.925197 -0.31496063,49.846326 -38.998867 -0.31496063,
  49.869216 -39.069316 -0.31496063,49.906254 -39.133467 -0.31496063,
  49.95582 -39.188516 -0.31496063,50.015748 -39.232056 -0.31496063,
  50.083419 -39.262185 -0.31496063,50.155876 -39.277587 -0.31496063,
  50.229951 -39.277587 -0.31496063,50.302407 -39.262185 -0.31496063,
  50.370079 -39.232056 -0.31496063,50.430007 -39.188516 -0.31496063,
  50.479573 -39.133467 -0.31496063,50.516611 -39.069316 -0.31496063,
  50.539501 -38.998867 -0.31496063,50.547244 -38.925197 -0.31496063,
  50.539501 -38.851527 -0.31496063,50.516611 -38.781078 -0.31496063,
  50.479573 -38.716926 -0.31496063,50.430007 -38.661878 -0.31496063,
  50.370079 -38.618337 -0.31496063,50.302407 -38.588208 -0.31496063,
  50.229951 -38.572807 -0.31496063,50.155876 -38.572807 -0.31496063,
  50.083419 -38.588208 -0.31496063,50.015748 -38.618337 -0.31496063,
  49.990945 -38.925197 -0.31496063,50.006319 -38.847907 -0.31496063,
  50.0501 -38.782384 -0.31496063,50.115623 -38.738602 -0.31496063,
  50.192913 -38.723228 -0.31496063,50.270203 -38.738602 -0.31496063,
  50.335727 -38.782384 -0.31496063,50.379508 -38.847907 -0.31496063,
  50.394882 -38.925197 -0.31496063,50.379508 -39.002487 -0.31496063,
  50.335727 -39.06801 -0.31496063,50.270203 -39.111791 -0.31496063,
  50.192913 -39.127165 -0.31496063,50.115623 -39.111791 -0.31496063,
  50.0501 -39.06801 -0.31496063,50.006319 -39.002487 -0.31496063,
  49.95582 -37.661878 -0.31496063,49.906254 -37.716926 -0.31496063,
  49.869216 -37.781078 -0.31496063,49.846326 -37.851527 -0.31496063,
  49.838583 -37.925197 -0.31496063,49.846326 -37.998867 -0.31496063,
  49.869216 -38.069316 -0.31496063,49.906254 -38.133467 -0.31496063,
  49.95582 -38.188516 -0.31496063,50.015748 -38.232056 -0.31496063,
  50.083419 -38.262185 -0.31496063,50.155876 -38.277587 -0.31496063,
  50.229951 -38.277587 -0.31496063,50.302407 -38.262185 -0.31496063,
  50.370079 -38.232056 -0.31496063,50.430007 -38.188516 -0.31496063,
  50.479573 -38.133467 -0.31496063,50.516611 -38.069316 -0.31496063,
  50.539501 -37.998867 -0.31496063,50.547244 -37.925197 -0.31496063,
  50.539501 -37.851527 -0.31496063,50.516611 -37.781078 -0.31496063,
  50.479573 -37.716926 -0.31496063,50.430007 -37.661878 -0.31496063,
  50.370079 -37.618337 -0.31496063,50.302407 -37.588208 -0.31496063,
  50.229951 -37.572807 -0.31496063,50.155876 -37.572807 -0.31496063,
  50.083419 -37.588208 -0.31496063,50.015748 -37.618337 -0.31496063,
  49.990945 -37.925197 -0.31496063,50.006319 -37.847907 -0.31496063,
  50.0501 -37.782384 -0.31496063,50.115623 -37.738602 -0.31496063,
  50.192913 -37.723228 -0.31496063,50.270203 -37.738602 -0.31496063,
  50.335727 -37.782384 -0.31496063,50.379508 -37.847907 -0.31496063,
  50.394882 -37.925197 -0.31496063,50.379508 -38.002487 -0.31496063,
  50.335727 -38.06801 -0.31496063,50.270203 -38.111791 -0.31496063,
  50.192913 -38.127165 -0.31496063,50.115623 -38.111791 -0.31496063,
  50.0501 -38.06801 -0.31496063,50.006319 -38.002487 -0.31496063,
  49.95582 -36.661878 -0.31496063,49.906254 -36.716926 -0.31496063,
  49.869216 -36.781078 -0.31496063,49.846326 -36.851527 -0.31496063,
  49.838583 -36.925197 -0.31496063,49.846326 -36.998867 -0.31496063,
  49.869216 -37.069316 -0.31496063,49.906254 -37.133467 -0.31496063,
  49.95582 -37.188516 -0.31496063,50.015748 -37.232056 -0.31496063,
  50.083419 -37.262185 -0.31496063,50.155876 -37.277587 -0.31496063,
  50.229951 -37.277587 -0.31496063,50.302407 -37.262185 -0.31496063,
  50.370079 -37.232056 -0.31496063,50.430007 -37.188516 -0.31496063,
  50.479573 -37.133467 -0.31496063,50.516611 -37.069316 -0.31496063,
  50.539501 -36.998867 -0.31496063,50.547244 -36.925197 -0.31496063,
  50.539501 -36.851527 -0.31496063,50.516611 -36.781078 -0.31496063,
  50.479573 -36.716926 -0.31496063,50.430007 -36.661878 -0.31496063,
  50.370079 -36.618337 -0.31496063,50.302407 -36.588208 -0.31496063,
  50.229951 -36.572807 -0.31496063,50.155876 -36.572807 -0.31496063,
  50.083419 -36.588208 -0.31496063,50.015748 -36.618337 -0.31496063,
  49.990945 -36.925197 -0.31496063,50.006319 -36.847907 -0.31496063,
  50.0501 -36.782384 -0.31496063,50.115623 -36.738602 -0.31496063,
  50.192913 -36.723228 -0.31496063,50.270203 -36.738602 -0.31496063,
  50.335727 -36.782384 -0.31496063,50.379508 -36.847907 -0.31496063,
  50.394882 -36.925197 -0.31496063,50.379508 -37.002487 -0.31496063,
  50.335727 -37.06801 -0.31496063,50.270203 -37.111791 -0.31496063,
  50.192913 -37.127165 -0.31496063,50.115623 -37.111791 -0.31496063,
  50.0501 -37.06801 -0.31496063,50.006319 -37.002487 -0.31496063,
  49.95582 -35.661878 -0.31496063,49.906254 -35.716926 -0.31496063,
  49.869216 -35.781078 -0.31496063,49.846326 -35.851527 -0.31496063,
  49.838583 -35.925197 -0.31496063,49.846326 -35.998867 -0.31496063,
  49.869216 -36.069316 -0.31496063,49.906254 -36.133467 -0.31496063,
  49.95582 -36.188516 -0.31496063,50.015748 -36.232056 -0.31496063,
  50.083419 -36.262185 -0.31496063,50.155876 -36.277587 -0.31496063,
  50.229951 -36.277587 -0.31496063,50.302407 -36.262185 -0.31496063,
  50.370079 -36.232056 -0.31496063,50.430007 -36.188516 -0.31496063,
  50.479573 -36.133467 -0.31496063,50.516611 -36.069316 -0.31496063,
  50.539501 -35.998867 -0.31496063,50.547244 -35.925197 -0.31496063,
  50.539501 -35.851527 -0.31496063,50.516611 -35.781078 -0.31496063,
  50.479573 -35.716926 -0.31496063,50.430007 -35.661878 -0.31496063,
  50.370079 -35.618337 -0.31496063,50.302407 -35.588208 -0.31496063,
  50.229951 -35.572807 -0.31496063,50.155876 -35.572807 -0.31496063,
  50.083419 -35.588208 -0.31496063,50.015748 -35.618337 -0.31496063,
  49.990945 -35.925197 -0.31496063,50.006319 -35.847907 -0.31496063,
  50.0501 -35.782384 -0.31496063,50.115623 -35.738602 -0.31496063,
  50.192913 -35.723228 -0.31496063,50.270203 -35.738602 -0.31496063,
  50.335727 -35.782384 -0.31496063,50.379508 -35.847907 -0.31496063,
  50.394882 -35.925197 -0.31496063,50.379508 -36.002487 -0.31496063,
  50.335727 -36.06801 -0.31496063,50.270203 -36.111791 -0.31496063,
  50.192913 -36.127165 -0.31496063,50.115623 -36.111791 -0.31496063,
  50.0501 -36.06801 -0.31496063,50.006319 -36.002487 -0.31496063,
  49.95582 -34.661878 -0.31496063,49.906254 -34.716926 -0.31496063,
  49.869216 -34.781078 -0.31496063,49.846326 -34.851527 -0.31496063,
  49.838583 -34.925197 -0.31496063,49.846326 -34.998867 -0.31496063,
  49.869216 -35.069316 -0.31496063,49.906254 -35.133467 -0.31496063,
  49.95582 -35.188516 -0.31496063,50.015748 -35.232056 -0.31496063,
  50.083419 -35.262185 -0.31496063,50.155876 -35.277587 -0.31496063,
  50.229951 -35.277587 -0.31496063,50.302407 -35.262185 -0.31496063,
  50.370079 -35.232056 -0.31496063,50.430007 -35.188516 -0.31496063,
  50.479573 -35.133467 -0.31496063,50.516611 -35.069316 -0.31496063,
  50.539501 -34.998867 -0.31496063,50.547244 -34.925197 -0.31496063,
  50.539501 -34.851527 -0.31496063,50.516611 -34.781078 -0.31496063,
  50.479573 -34.716926 -0.31496063,50.430007 -34.661878 -0.31496063,
  50.370079 -34.618337 -0.31496063,50.302407 -34.588208 -0.31496063,
  50.229951 -34.572807 -0.31496063,50.155876 -34.572807 -0.31496063,
  50.083419 -34.588208 -0.31496063,50.015748 -34.618337 -0.31496063,
  49.990945 -34.925197 -0.31496063,50.006319 -34.847907 -0.31496063,
  50.0501 -34.782384 -0.31496063,50.115623 -34.738602 -0.31496063,
  50.192913 -34.723228 -0.31496063,50.270203 -34.738602 -0.31496063,
  50.335727 -34.782384 -0.31496063,50.379508 -34.847907 -0.31496063,
  50.394882 -34.925197 -0.31496063,50.379508 -35.002487 -0.31496063,
  50.335727 -35.06801 -0.31496063,50.270203 -35.111791 -0.31496063,
  50.192913 -35.127165 -0.31496063,50.115623 -35.111791 -0.31496063,
  50.0501 -35.06801 -0.31496063,50.006319 -35.002487 -0.31496063,
  49.95582 -33.661878 -0.31496063,49.906254 -33.716926 -0.31496063,
  49.869216 -33.781078 -0.31496063,49.846326 -33.851527 -0.31496063,
  49.838583 -33.925197 -0.31496063,49.846326 -33.998867 -0.31496063,
  49.869216 -34.069316 -0.31496063,49.906254 -34.133467 -0.31496063,
  49.95582 -34.188516 -0.31496063,50.015748 -34.232056 -0.31496063,
  50.083419 -34.262185 -0.31496063,50.155876 -34.277587 -0.31496063,
  50.229951 -34.277587 -0.31496063,50.302407 -34.262185 -0.31496063,
  50.370079 -34.232056 -0.31496063,50.430007 -34.188516 -0.31496063,
  50.479573 -34.133467 -0.31496063,50.516611 -34.069316 -0.31496063,
  50.539501 -33.998867 -0.31496063,50.547244 -33.925197 -0.31496063,
  50.539501 -33.851527 -0.31496063,50.516611 -33.781078 -0.31496063,
  50.479573 -33.716926 -0.31496063,50.430007 -33.661878 -0.31496063,
  50.370079 -33.618337 -0.31496063,50.302407 -33.588208 -0.31496063,
  50.229951 -33.572807 -0.31496063,50.155876 -33.572807 -0.31496063,
  50.083419 -33.588208 -0.31496063,50.015748 -33.618337 -0.31496063,
  49.990945 -33.925197 -0.31496063,50.006319 -33.847907 -0.31496063,
  50.0501 -33.782384 -0.31496063,50.115623 -33.738602 -0.31496063,
  50.192913 -33.723228 -0.31496063,50.270203 -33.738602 -0.31496063,
  50.335727 -33.782384 -0.31496063,50.379508 -33.847907 -0.31496063,
  50.394882 -33.925197 -0.31496063,50.379508 -34.002487 -0.31496063,
  50.335727 -34.06801 -0.31496063,50.270203 -34.111791 -0.31496063,
  50.192913 -34.127165 -0.31496063,50.115623 -34.111791 -0.31496063,
  50.0501 -34.06801 -0.31496063,50.006319 -34.002487 -0.31496063,
  58.838583 -40.570866 -0.31496063,58.838583 -41.279528 -0.31496063,
  59.547244 -41.279528 -0.31496063,59.547244 -40.570866 -0.31496063,
  58.990945 -40.925197 -0.31496063,59.006319 -40.847907 -0.31496063,
  59.0501 -40.782384 -0.31496063,59.115623 -40.738602 -0.31496063,
  59.192913 -40.723228 -0.31496063,59.270203 -40.738602 -0.31496063,
  59.335727 -40.782384 -0.31496063,59.379508 -40.847907 -0.31496063,
  59.394882 -40.925197 -0.31496063,59.379508 -41.002487 -0.31496063,
  59.335727 -41.06801 -0.31496063,59.270203 -41.111791 -0.31496063,
  59.192913 -41.127165 -0.31496063,59.115623 -41.111791 -0.31496063,
  59.0501 -41.06801 -0.31496063,59.006319 -41.002487 -0.31496063,
  58.95582 -39.661878 -0.31496063,58.906254 -39.716926 -0.31496063,
  58.869216 -39.781078 -0.31496063,58.846326 -39.851527 -0.31496063,
  58.838583 -39.925197 -0.31496063,58.846326 -39.998867 -0.31496063,
  58.869216 -40.069316 -0.31496063,58.906254 -40.133467 -0.31496063,
  58.95582 -40.188516 -0.31496063,59.015748 -40.232056 -0.31496063,
  59.083419 -40.262185 -0.31496063,59.155876 -40.277587 -0.31496063,
  59.229951 -40.277587 -0.31496063,59.302407 -40.262185 -0.31496063,
  59.370079 -40.232056 -0.31496063,59.430007 -40.188516 -0.31496063,
  59.479573 -40.133467 -0.31496063,59.516611 -40.069316 -0.31496063,
  59.539501 -39.998867 -0.31496063,59.547244 -39.925197 -0.31496063,
  59.539501 -39.851527 -0.31496063,59.516611 -39.781078 -0.31496063,
  59.479573 -39.716926 -0.31496063,59.430007 -39.661878 -0.31496063,
  59.370079 -39.618337 -0.31496063,59.302407 -39.588208 -0.31496063,
  59.229951 -39.572807 -0.31496063,59.155876 -39.572807 -0.31496063,
  59.083419 -39.588208 -0.31496063,59.015748 -39.618337 -0.31496063,
  58.990945 -39.925197 -0.31496063,59.006319 -39.847907 -0.31496063,
  59.0501 -39.782384 -0.31496063,59.115623 -39.738602 -0.31496063,
  59.192913 -39.723228 -0.31496063,59.270203 -39.738602 -0.31496063,
  59.335727 -39.782384 -0.31496063,59.379508 -39.847907 -0.31496063,
  59.394882 -39.925197 -0.31496063,59.379508 -40.002487 -0.31496063,
  59.335727 -40.06801 -0.31496063,59.270203 -40.111791 -0.31496063,
  59.192913 -40.127165 -0.31496063,59.115623 -40.111791 -0.31496063,
  59.0501 -40.06801 -0.31496063,59.006319 -40.002487 -0.31496063,
  58.95582 -38.661878 -0.31496063,58.906254 -38.716926 -0.31496063,
  58.869216 -38.781078 -0.31496063,58.846326 -38.851527 -0.31496063,
  58.838583 -38.925197 -0.31496063,58.846326 -38.998867 -0.31496063,
  58.869216 -39.069316 -0.31496063,58.906254 -39.133467 -0.31496063,
  58.95582 -39.188516 -0.31496063,59.015748 -39.232056 -0.31496063,
  59.083419 -39.262185 -0.31496063,59.155876 -39.277587 -0.31496063,
  59.229951 -39.277587 -0.31496063,59.302407 -39.262185 -0.31496063,
  59.370079 -39.232056 -0.31496063,59.430007 -39.188516 -0.31496063,
  59.479573 -39.133467 -0.31496063,59.516611 -39.069316 -0.31496063,
  59.539501 -38.998867 -0.31496063,59.547244 -38.925197 -0.31496063,
  59.539501 -38.851527 -0.31496063,59.516611 -38.781078 -0.31496063,
  59.479573 -38.716926 -0.31496063,59.430007 -38.661878 -0.31496063,
  59.370079 -38.618337 -0.31496063,59.302407 -38.588208 -0.31496063,
  59.229951 -38.572807 -0.31496063,59.155876 -38.572807 -0.31496063,
  59.083419 -38.588208 -0.31496063,59.015748 -38.618337 -0.31496063,
  58.990945 -38.925197 -0.31496063,59.006319 -38.847907 -0.31496063,
  59.0501 -38.782384 -0.31496063,59.115623 -38.738602 -0.31496063,
  59.192913 -38.723228 -0.31496063,59.270203 -38.738602 -0.31496063,
  59.335727 -38.782384 -0.31496063,59.379508 -38.847907 -0.31496063,
  59.394882 -38.925197 -0.31496063,59.379508 -39.002487 -0.31496063,
  59.335727 -39.06801 -0.31496063,59.270203 -39.111791 -0.31496063,
  59.192913 -39.127165 -0.31496063,59.115623 -39.111791 -0.31496063,
  59.0501 -39.06801 -0.31496063,59.006319 -39.002487 -0.31496063,
  58.95582 -37.661878 -0.31496063,58.906254 -37.716926 -0.31496063,
  58.869216 -37.781078 -0.31496063,58.846326 -37.851527 -0.31496063,
  58.838583 -37.925197 -0.31496063,58.846326 -37.998867 -0.31496063,
  58.869216 -38.069316 -0.31496063,58.906254 -38.133467 -0.31496063,
  58.95582 -38.188516 -0.31496063,59.015748 -38.232056 -0.31496063,
  59.083419 -38.262185 -0.31496063,59.155876 -38.277587 -0.31496063,
  59.229951 -38.277587 -0.31496063,59.302407 -38.262185 -0.31496063,
  59.370079 -38.232056 -0.31496063,59.430007 -38.188516 -0.31496063,
  59.479573 -38.133467 -0.31496063,59.516611 -38.069316 -0.31496063,
  59.539501 -37.998867 -0.31496063,59.547244 -37.925197 -0.31496063,
  59.539501 -37.851527 -0.31496063,59.516611 -37.781078 -0.31496063,
  59.479573 -37.716926 -0.31496063,59.430007 -37.661878 -0.31496063,
  59.370079 -37.618337 -0.31496063,59.302407 -37.588208 -0.31496063,
  59.229951 -37.572807 -0.31496063,59.155876 -37.572807 -0.31496063,
  59.083419 -37.588208 -0.31496063,59.015748 -37.618337 -0.31496063,
  58.990945 -37.925197 -0.31496063,59.006319 -37.847907 -0.31496063,
  59.0501 -37.782384 -0.31496063,59.115623 -37.738602 -0.31496063,
  59.192913 -37.723228 -0.31496063,59.270203 -37.738602 -0.31496063,
  59.335727 -37.782384 -0.31496063,59.379508 -37.847907 -0.31496063,
  59.394882 -37.925197 -0.31496063,59.379508 -38.002487 -0.31496063,
  59.335727 -38.06801 -0.31496063,59.270203 -38.111791 -0.31496063,
  59.192913 -38.127165 -0.31496063,59.115623 -38.111791 -0.31496063,
  59.0501 -38.06801 -0.31496063,59.006319 -38.002487 -0.31496063,
  58.95582 -36.661878 -0.31496063,58.906254 -36.716926 -0.31496063,
  58.869216 -36.781078 -0.31496063,58.846326 -36.851527 -0.31496063,
  58.838583 -36.925197 -0.31496063,58.846326 -36.998867 -0.31496063,
  58.869216 -37.069316 -0.31496063,58.906254 -37.133467 -0.31496063,
  58.95582 -37.188516 -0.31496063,59.015748 -37.232056 -0.31496063,
  59.083419 -37.262185 -0.31496063,59.155876 -37.277587 -0.31496063,
  59.229951 -37.277587 -0.31496063,59.302407 -37.262185 -0.31496063,
  59.370079 -37.232056 -0.31496063,59.430007 -37.188516 -0.31496063,
  59.479573 -37.133467 -0.31496063,59.516611 -37.069316 -0.31496063,
  59.539501 -36.998867 -0.31496063,59.547244 -36.925197 -0.31496063,
  59.539501 -36.851527 -0.31496063,59.516611 -36.781078 -0.31496063,
  59.479573 -36.716926 -0.31496063,59.430007 -36.661878 -0.31496063,
  59.370079 -36.618337 -0.31496063,59.302407 -36.588208 -0.31496063,
  59.229951 -36.572807 -0.31496063,59.155876 -36.572807 -0.31496063,
  59.083419 -36.588208 -0.31496063,59.015748 -36.618337 -0.31496063,
  58.990945 -36.925197 -0.31496063,59.006319 -36.847907 -0.31496063,
  59.0501 -36.782384 -0.31496063,59.115623 -36.738602 -0.31496063,
  59.192913 -36.723228 -0.31496063,59.270203 -36.738602 -0.31496063,
  59.335727 -36.782384 -0.31496063,59.379508 -36.847907 -0.31496063,
  59.394882 -36.925197 -0.31496063,59.379508 -37.002487 -0.31496063,
  59.335727 -37.06801 -0.31496063,59.270203 -37.111791 -0.31496063,
  59.192913 -37.127165 -0.31496063,59.115623 -37.111791 -0.31496063,
  59.0501 -37.06801 -0.31496063,59.006319 -37.002487 -0.31496063,
  58.95582 -35.661878 -0.31496063,58.906254 -35.716926 -0.31496063,
  58.869216 -35.781078 -0.31496063,58.846326 -35.851527 -0.31496063,
  58.838583 -35.925197 -0.31496063,58.846326 -35.998867 -0.31496063,
  58.869216 -36.069316 -0.31496063,58.906254 -36.133467 -0.31496063,
  58.95582 -36.188516 -0.31496063,59.015748 -36.232056 -0.31496063,
  59.083419 -36.262185 -0.31496063,59.155876 -36.277587 -0.31496063,
  59.229951 -36.277587 -0.31496063,59.302407 -36.262185 -0.31496063,
  59.370079 -36.232056 -0.31496063,59.430007 -36.188516 -0.31496063,
  59.479573 -36.133467 -0.31496063,59.516611 -36.069316 -0.31496063,
  59.539501 -35.998867 -0.31496063,59.547244 -35.925197 -0.31496063,
  59.539501 -35.851527 -0.31496063,59.516611 -35.781078 -0.31496063,
  59.479573 -35.716926 -0.31496063,59.430007 -35.661878 -0.31496063,
  59.370079 -35.618337 -0.31496063,59.302407 -35.588208 -0.31496063,
  59.229951 -35.572807 -0.31496063,59.155876 -35.572807 -0.31496063,
  59.083419 -35.588208 -0.31496063,59.015748 -35.618337 -0.31496063,
  58.990945 -35.925197 -0.31496063,59.006319 -35.847907 -0.31496063,
  59.0501 -35.782384 -0.31496063,59.115623 -35.738602 -0.31496063,
  59.192913 -35.723228 -0.31496063,59.270203 -35.738602 -0.31496063,
  59.335727 -35.782384 -0.31496063,59.379508 -35.847907 -0.31496063,
  59.394882 -35.925197 -0.31496063,59.379508 -36.002487 -0.31496063,
  59.335727 -36.06801 -0.31496063,59.270203 -36.111791 -0.31496063,
  59.192913 -36.127165 -0.31496063,59.115623 -36.111791 -0.31496063,
  59.0501 -36.06801 -0.31496063,59.006319 -36.002487 -0.31496063,
  58.95582 -34.661878 -0.31496063,58.906254 -34.716926 -0.31496063,
  58.869216 -34.781078 -0.31496063,58.846326 -34.851527 -0.31496063,
  58.838583 -34.925197 -0.31496063,58.846326 -34.998867 -0.31496063,
  58.869216 -35.069316 -0.31496063,58.906254 -35.133467 -0.31496063,
  58.95582 -35.188516 -0.31496063,59.015748 -35.232056 -0.31496063,
  59.083419 -35.262185 -0.31496063,59.155876 -35.277587 -0.31496063,
  59.229951 -35.277587 -0.31496063,59.302407 -35.262185 -0.31496063,
  59.370079 -35.232056 -0.31496063,59.430007 -35.188516 -0.31496063,
  59.479573 -35.133467 -0.31496063,59.516611 -35.069316 -0.31496063,
  59.539501 -34.998867 -0.31496063,59.547244 -34.925197 -0.31496063,
  59.539501 -34.851527 -0.31496063,59.516611 -34.781078 -0.31496063,
  59.479573 -34.716926 -0.31496063,59.430007 -34.661878 -0.31496063,
  59.370079 -34.618337 -0.31496063,59.302407 -34.588208 -0.31496063,
  59.229951 -34.572807 -0.31496063,59.155876 -34.572807 -0.31496063,
  59.083419 -34.588208 -0.31496063,59.015748 -34.618337 -0.31496063,
  58.990945 -34.925197 -0.31496063,59.006319 -34.847907 -0.31496063,
  59.0501 -34.782384 -0.31496063,59.115623 -34.738602 -0.31496063,
  59.192913 -34.723228 -0.31496063,59.270203 -34.738602 -0.31496063,
  59.335727 -34.782384 -0.31496063,59.379508 -34.847907 -0.31496063,
  59.394882 -34.925197 -0.31496063,59.379508 -35.002487 -0.31496063,
  59.335727 -35.06801 -0.31496063,59.270203 -35.111791 -0.31496063,
  59.192913 -35.127165 -0.31496063,59.115623 -35.111791 -0.31496063,
  59.0501 -35.06801 -0.31496063,59.006319 -35.002487 -0.31496063,
  58.95582 -33.661878 -0.31496063,58.906254 -33.716926 -0.31496063,
  58.869216 -33.781078 -0.31496063,58.846326 -33.851527 -0.31496063,
  58.838583 -33.925197 -0.31496063,58.846326 -33.998867 -0.31496063,
  58.869216 -34.069316 -0.31496063,58.906254 -34.133467 -0.31496063,
  58.95582 -34.188516 -0.31496063,59.015748 -34.232056 -0.31496063,
  59.083419 -34.262185 -0.31496063,59.155876 -34.277587 -0.31496063,
  59.229951 -34.277587 -0.31496063,59.302407 -34.262185 -0.31496063,
  59.370079 -34.232056 -0.31496063,59.430007 -34.188516 -0.31496063,
  59.479573 -34.133467 -0.31496063,59.516611 -34.069316 -0.31496063,
  59.539501 -33.998867 -0.31496063,59.547244 -33.925197 -0.31496063,
  59.539501 -33.851527 -0.31496063,59.516611 -33.781078 -0.31496063,
  59.479573 -33.716926 -0.31496063,59.430007 -33.661878 -0.31496063,
  59.370079 -33.618337 -0.31496063,59.302407 -33.588208 -0.31496063,
  59.229951 -33.572807 -0.31496063,59.155876 -33.572807 -0.31496063,
  59.083419 -33.588208 -0.31496063,59.015748 -33.618337 -0.31496063,
  58.990945 -33.925197 -0.31496063,59.006319 -33.847907 -0.31496063,
  59.0501 -33.782384 -0.31496063,59.115623 -33.738602 -0.31496063,
  59.192913 -33.723228 -0.31496063,59.270203 -33.738602 -0.31496063,
  59.335727 -33.782384 -0.31496063,59.379508 -33.847907 -0.31496063,
  59.394882 -33.925197 -0.31496063,59.379508 -34.002487 -0.31496063,
  59.335727 -34.06801 -0.31496063,59.270203 -34.111791 -0.31496063,
  59.192913 -34.127165 -0.31496063,59.115623 -34.111791 -0.31496063,
  59.0501 -34.06801 -0.31496063,59.006319 -34.002487 -0.31496063] }
 coordIndex [
  0,3,7,-1,7,3,8,-1,8,3,9,-1,9,3,10,-1,10,3,11,-1,11,3,12,-1,12,3,2,-1,1,0,19,-1,
  19,0,4,-1,4,0,5,-1,5,0,6,-1,6,0,7,-1,12,2,13,-1,13,2,14,-1,14,2,15,-1,15,2,16,-1,
  16,2,17,-1,17,2,1,-1,19,18,1,-1,1,18,17,-1,40,39,38,-1,40,38,41,-1,41,38,37,-1,41,37,42,-1,
  42,37,36,-1,42,36,43,-1,43,36,35,-1,43,35,58,-1,58,35,59,-1,51,50,49,-1,51,49,52,-1,52,49,48,-1,
  52,48,53,-1,53,48,47,-1,53,47,54,-1,54,47,46,-1,54,46,55,-1,55,46,45,-1,55,45,56,-1,56,45,44,-1,
  56,44,57,-1,57,44,43,-1,57,43,58,-1,21,20,28,-1,28,20,29,-1,29,20,50,-1,50,20,49,-1,59,35,34,-1,
  59,34,60,-1,60,34,33,-1,60,33,61,-1,61,33,32,-1,61,32,62,-1,62,32,31,-1,62,31,63,-1,63,31,30,-1,
  63,30,64,-1,64,30,29,-1,64,29,65,-1,65,29,50,-1,25,24,23,-1,25,23,26,-1,26,23,22,-1,26,22,27,-1,
  27,22,21,-1,27,21,28,-1,86,85,84,-1,86,84,87,-1,87,84,83,-1,87,83,88,-1,88,83,82,-1,88,82,89,-1,
  89,82,81,-1,89,81,104,-1,104,81,105,-1,97,96,95,-1,97,95,98,-1,98,95,94,-1,98,94,99,-1,99,94,93,-1,
  99,93,100,-1,100,93,92,-1,100,92,101,-1,101,92,91,-1,101,91,102,-1,102,91,90,-1,102,90,103,-1,103,90,89,-1,
  103,89,104,-1,67,66,74,-1,74,66,75,-1,75,66,96,-1,96,66,95,-1,105,81,80,-1,105,80,106,-1,106,80,79,-1,
  106,79,107,-1,107,79,78,-1,107,78,108,-1,108,78,77,-1,108,77,109,-1,109,77,76,-1,109,76,110,-1,110,76,75,-1,
  110,75,111,-1,111,75,96,-1,71,70,69,-1,71,69,72,-1,72,69,68,-1,72,68,73,-1,73,68,67,-1,73,67,74,-1,
  132,131,130,-1,132,130,133,-1,133,130,129,-1,133,129,134,-1,134,129,128,-1,134,128,135,-1,135,128,127,-1,135,127,150,-1,
  150,127,151,-1,143,142,141,-1,143,141,144,-1,144,141,140,-1,144,140,145,-1,145,140,139,-1,145,139,146,-1,146,139,138,-1,
  146,138,147,-1,147,138,137,-1,147,137,148,-1,148,137,136,-1,148,136,149,-1,149,136,135,-1,149,135,150,-1,113,112,120,-1,
  120,112,121,-1,121,112,142,-1,142,112,141,-1,151,127,126,-1,151,126,152,-1,152,126,125,-1,152,125,153,-1,153,125,124,-1,
  153,124,154,-1,154,124,123,-1,154,123,155,-1,155,123,122,-1,155,122,156,-1,156,122,121,-1,156,121,157,-1,157,121,142,-1,
  117,116,115,-1,117,115,118,-1,118,115,114,-1,118,114,119,-1,119,114,113,-1,119,113,120,-1,178,177,176,-1,178,176,179,-1,
  179,176,175,-1,179,175,180,-1,180,175,174,-1,180,174,181,-1,181,174,173,-1,181,173,196,-1,196,173,197,-1,189,188,187,-1,
  189,187,190,-1,190,187,186,-1,190,186,191,-1,191,186,185,-1,191,185,192,-1,192,185,184,-1,192,184,193,-1,193,184,183,-1,
  193,183,194,-1,194,183,182,-1,194,182,195,-1,195,182,181,-1,195,181,196,-1,159,158,166,-1,166,158,167,-1,167,158,188,-1,
  188,158,187,-1,197,173,172,-1,197,172,198,-1,198,172,171,-1,198,171,199,-1,199,171,170,-1,199,170,200,-1,200,170,169,-1,
  200,169,201,-1,201,169,168,-1,201,168,202,-1,202,168,167,-1,202,167,203,-1,203,167,188,-1,163,162,161,-1,163,161,164,-1,
  164,161,160,-1,164,160,165,-1,165,160,159,-1,165,159,166,-1,224,223,222,-1,224,222,225,-1,225,222,221,-1,225,221,226,-1,
  226,221,220,-1,226,220,227,-1,227,220,219,-1,227,219,242,-1,242,219,243,-1,235,234,233,-1,235,233,236,-1,236,233,232,-1,
  236,232,237,-1,237,232,231,-1,237,231,238,-1,238,231,230,-1,238,230,239,-1,239,230,229,-1,239,229,240,-1,240,229,228,-1,
  240,228,241,-1,241,228,227,-1,241,227,242,-1,205,204,212,-1,212,204,213,-1,213,204,234,-1,234,204,233,-1,243,219,218,-1,
  243,218,244,-1,244,218,217,-1,244,217,245,-1,245,217,216,-1,245,216,246,-1,246,216,215,-1,246,215,247,-1,247,215,214,-1,
  247,214,248,-1,248,214,213,-1,248,213,249,-1,249,213,234,-1,209,208,207,-1,209,207,210,-1,210,207,206,-1,210,206,211,-1,
  211,206,205,-1,211,205,212,-1,270,269,268,-1,270,268,271,-1,271,268,267,-1,271,267,272,-1,272,267,266,-1,272,266,273,-1,
  273,266,265,-1,273,265,288,-1,288,265,289,-1,281,280,279,-1,281,279,282,-1,282,279,278,-1,282,278,283,-1,283,278,277,-1,
  283,277,284,-1,284,277,276,-1,284,276,285,-1,285,276,275,-1,285,275,286,-1,286,275,274,-1,286,274,287,-1,287,274,273,-1,
  287,273,288,-1,251,250,258,-1,258,250,259,-1,259,250,280,-1,280,250,279,-1,289,265,264,-1,289,264,290,-1,290,264,263,-1,
  290,263,291,-1,291,263,262,-1,291,262,292,-1,292,262,261,-1,292,261,293,-1,293,261,260,-1,293,260,294,-1,294,260,259,-1,
  294,259,295,-1,295,259,280,-1,255,254,253,-1,255,253,256,-1,256,253,252,-1,256,252,257,-1,257,252,251,-1,257,251,258,-1,
  316,315,314,-1,316,314,317,-1,317,314,313,-1,317,313,318,-1,318,313,312,-1,318,312,319,-1,319,312,311,-1,319,311,334,-1,
  334,311,335,-1,327,326,325,-1,327,325,328,-1,328,325,324,-1,328,324,329,-1,329,324,323,-1,329,323,330,-1,330,323,322,-1,
  330,322,331,-1,331,322,321,-1,331,321,332,-1,332,321,320,-1,332,320,333,-1,333,320,319,-1,333,319,334,-1,297,296,304,-1,
  304,296,305,-1,305,296,326,-1,326,296,325,-1,335,311,310,-1,335,310,336,-1,336,310,309,-1,336,309,337,-1,337,309,308,-1,
  337,308,338,-1,338,308,307,-1,338,307,339,-1,339,307,306,-1,339,306,340,-1,340,306,305,-1,340,305,341,-1,341,305,326,-1,
  301,300,299,-1,301,299,302,-1,302,299,298,-1,302,298,303,-1,303,298,297,-1,303,297,304,-1,342,345,349,-1,349,345,350,-1,
  350,345,351,-1,351,345,352,-1,352,345,353,-1,353,345,354,-1,354,345,344,-1,343,342,361,-1,361,342,346,-1,346,342,347,-1,
  347,342,348,-1,348,342,349,-1,354,344,355,-1,355,344,356,-1,356,344,357,-1,357,344,358,-1,358,344,359,-1,359,344,343,-1,
  361,360,343,-1,343,360,359,-1,382,381,380,-1,382,380,383,-1,383,380,379,-1,383,379,384,-1,384,379,378,-1,384,378,385,-1,
  385,378,377,-1,385,377,400,-1,400,377,401,-1,393,392,391,-1,393,391,394,-1,394,391,390,-1,394,390,395,-1,395,390,389,-1,
  395,389,396,-1,396,389,388,-1,396,388,397,-1,397,388,387,-1,397,387,398,-1,398,387,386,-1,398,386,399,-1,399,386,385,-1,
  399,385,400,-1,363,362,370,-1,370,362,371,-1,371,362,392,-1,392,362,391,-1,401,377,376,-1,401,376,402,-1,402,376,375,-1,
  402,375,403,-1,403,375,374,-1,403,374,404,-1,404,374,373,-1,404,373,405,-1,405,373,372,-1,405,372,406,-1,406,372,371,-1,
  406,371,407,-1,407,371,392,-1,367,366,365,-1,367,365,368,-1,368,365,364,-1,368,364,369,-1,369,364,363,-1,369,363,370,-1,
  428,427,426,-1,428,426,429,-1,429,426,425,-1,429,425,430,-1,430,425,424,-1,430,424,431,-1,431,424,423,-1,431,423,446,-1,
  446,423,447,-1,439,438,437,-1,439,437,440,-1,440,437,436,-1,440,436,441,-1,441,436,435,-1,441,435,442,-1,442,435,434,-1,
  442,434,443,-1,443,434,433,-1,443,433,444,-1,444,433,432,-1,444,432,445,-1,445,432,431,-1,445,431,446,-1,409,408,416,-1,
  416,408,417,-1,417,408,438,-1,438,408,437,-1,447,423,422,-1,447,422,448,-1,448,422,421,-1,448,421,449,-1,449,421,420,-1,
  449,420,450,-1,450,420,419,-1,450,419,451,-1,451,419,418,-1,451,418,452,-1,452,418,417,-1,452,417,453,-1,453,417,438,-1,
  413,412,411,-1,413,411,414,-1,414,411,410,-1,414,410,415,-1,415,410,409,-1,415,409,416,-1,474,473,472,-1,474,472,475,-1,
  475,472,471,-1,475,471,476,-1,476,471,470,-1,476,470,477,-1,477,470,469,-1,477,469,492,-1,492,469,493,-1,485,484,483,-1,
  485,483,486,-1,486,483,482,-1,486,482,487,-1,487,482,481,-1,487,481,488,-1,488,481,480,-1,488,480,489,-1,489,480,479,-1,
  489,479,490,-1,490,479,478,-1,490,478,491,-1,491,478,477,-1,491,477,492,-1,455,454,462,-1,462,454,463,-1,463,454,484,-1,
  484,454,483,-1,493,469,468,-1,493,468,494,-1,494,468,467,-1,494,467,495,-1,495,467,466,-1,495,466,496,-1,496,466,465,-1,
  496,465,497,-1,497,465,464,-1,497,464,498,-1,498,464,463,-1,498,463,499,-1,499,463,484,-1,459,458,457,-1,459,457,460,-1,
  460,457,456,-1,460,456,461,-1,461,456,455,-1,461,455,462,-1,520,519,518,-1,520,518,521,-1,521,518,517,-1,521,517,522,-1,
  522,517,516,-1,522,516,523,-1,523,516,515,-1,523,515,538,-1,538,515,539,-1,531,530,529,-1,531,529,532,-1,532,529,528,-1,
  532,528,533,-1,533,528,527,-1,533,527,534,-1,534,527,526,-1,534,526,535,-1,535,526,525,-1,535,525,536,-1,536,525,524,-1,
  536,524,537,-1,537,524,523,-1,537,523,538,-1,501,500,508,-1,508,500,509,-1,509,500,530,-1,530,500,529,-1,539,515,514,-1,
  539,514,540,-1,540,514,513,-1,540,513,541,-1,541,513,512,-1,541,512,542,-1,542,512,511,-1,542,511,543,-1,543,511,510,-1,
  543,510,544,-1,544,510,509,-1,544,509,545,-1,545,509,530,-1,505,504,503,-1,505,503,506,-1,506,503,502,-1,506,502,507,-1,
  507,502,501,-1,507,501,508,-1,566,565,564,-1,566,564,567,-1,567,564,563,-1,567,563,568,-1,568,563,562,-1,568,562,569,-1,
  569,562,561,-1,569,561,584,-1,584,561,585,-1,577,576,575,-1,577,575,578,-1,578,575,574,-1,578,574,579,-1,579,574,573,-1,
  579,573,580,-1,580,573,572,-1,580,572,581,-1,581,572,571,-1,581,571,582,-1,582,571,570,-1,582,570,583,-1,583,570,569,-1,
  583,569,584,-1,547,546,554,-1,554,546,555,-1,555,546,576,-1,576,546,575,-1,585,561,560,-1,585,560,586,-1,586,560,559,-1,
  586,559,587,-1,587,559,558,-1,587,558,588,-1,588,558,557,-1,588,557,589,-1,589,557,556,-1,589,556,590,-1,590,556,555,-1,
  590,555,591,-1,591,555,576,-1,551,550,549,-1,551,549,552,-1,552,549,548,-1,552,548,553,-1,553,548,547,-1,553,547,554,-1,
  612,611,610,-1,612,610,613,-1,613,610,609,-1,613,609,614,-1,614,609,608,-1,614,608,615,-1,615,608,607,-1,615,607,630,-1,
  630,607,631,-1,623,622,621,-1,623,621,624,-1,624,621,620,-1,624,620,625,-1,625,620,619,-1,625,619,626,-1,626,619,618,-1,
  626,618,627,-1,627,618,617,-1,627,617,628,-1,628,617,616,-1,628,616,629,-1,629,616,615,-1,629,615,630,-1,593,592,600,-1,
  600,592,601,-1,601,592,622,-1,622,592,621,-1,631,607,606,-1,631,606,632,-1,632,606,605,-1,632,605,633,-1,633,605,604,-1,
  633,604,634,-1,634,604,603,-1,634,603,635,-1,635,603,602,-1,635,602,636,-1,636,602,601,-1,636,601,637,-1,637,601,622,-1,
  597,596,595,-1,597,595,598,-1,598,595,594,-1,598,594,599,-1,599,594,593,-1,599,593,600,-1,658,657,656,-1,658,656,659,-1,
  659,656,655,-1,659,655,660,-1,660,655,654,-1,660,654,661,-1,661,654,653,-1,661,653,676,-1,676,653,677,-1,669,668,667,-1,
  669,667,670,-1,670,667,666,-1,670,666,671,-1,671,666,665,-1,671,665,672,-1,672,665,664,-1,672,664,673,-1,673,664,663,-1,
  673,663,674,-1,674,663,662,-1,674,662,675,-1,675,662,661,-1,675,661,676,-1,639,638,646,-1,646,638,647,-1,647,638,668,-1,
  668,638,667,-1,677,653,652,-1,677,652,678,-1,678,652,651,-1,678,651,679,-1,679,651,650,-1,679,650,680,-1,680,650,649,-1,
  680,649,681,-1,681,649,648,-1,681,648,682,-1,682,648,647,-1,682,647,683,-1,683,647,668,-1,643,642,641,-1,643,641,644,-1,
  644,641,640,-1,644,640,645,-1,645,640,639,-1,645,639,646,-1]
  normalPerVertex TRUE
  normal DEF NORM_5 Normal { vector [
  0 0 -1,0 0 -1,
  0 0 -1,0 0 -1,
  0 0 -1,0 0 -1,
  0 0 -1,0 0 -1,
  0 0 -1,0 0 -1,
  0 0 -1,0 0 -1,
  0 0 -1,0 0 -1,
  0 0 -1,0 0 -1,
  0 0 -1,0 0 -1,
  0 0 -1,0 0 -1,
  0 0 -1,0 0 -1,
  0 0 -1,0 0 -1,
  0 0 -1,0 0 -1,
  0 0 -1,0 0 -1,
  0 0 -1,0 0 -1,
  0 0 -1,0 0 -1,
  0 0 -1,0 0 -1,
  0 0 -1,0 0 -1,
  0 0 -1,0 0 -1,
  0 0 -1,0 0 -1,
  0 0 -1,0 0 -1,
  0 0 -1,0 0 -1,
  0 0 -1,0 0 -1,
  0 0 -1,0 0 -1,
  0 0 -1,0 0 -1,
  0 0 -1,0 0 -1,
  0 0 -1,0 0 -1,
  0 0 -1,0 0 -1,
  0 0 -1,0 0 -1,
  0 0 -1,0 0 -1,
  0 0 -1,0 0 -1,
  0 0 -1,0 0 -1,
  0 0 -1,0 0 -1,
  0 0 -1,0 0 -1,
  0 0 -1,0 0 -1,
  0 0 -1,0 0 -1,
  0 0 -1,0 0 -1,
  0 0 -1,0 0 -1,
  0 0 -1,0 0 -1,
  0 0 -1,0 0 -1,
  0 0 -1,0 0 -1,
  0 0 -1,0 0 -1,
  0 0 -1,0 0 -1,
  0 0 -1,0 0 -1,
  0 0 -1,0 0 -1,
  0 0 -1,0 0 -1,
  0 0 -1,0 0 -1,
  0 0 -1,0 0 -1,
  0 0 -1,0 0 -1,
  0 0 -1,0 0 -1,
  0 0 -1,0 0 -1,
  0 0 -1,0 0 -1,
  0 0 -1,0 0 -1,
  0 0 -1,0 0 -1,
  0 0 -1,0 0 -1,
  0 0 -1,0 0 -1,
  0 0 -1,0 0 -1,
  0 0 -1,0 0 -1,
  0 0 -1,0 0 -1,
  0 0 -1,0 0 -1,
  0 0 -1,0 0 -1,
  0 0 -1,0 0 -1,
  0 0 -1,0 0 -1,
  0 0 -1,0 0 -1,
  0 0 -1,0 0 -1,
  0 0 -1,0 0 -1,
  0 0 -1,0 0 -1,
  0 0 -1,0 0 -1,
  0 0 -1,0 0 -1,
  0 0 -1,0 0 -1,
  0 0 -1,0 0 -1,
  0 0 -1,0 0 -1,
  0 0 -1,0 0 -1,
  0 0 -1,0 0 -1,
  0 0 -1,0 0 -1,
  0 0 -1,0 0 -1,
  0 0 -1,0 0 -1,
  0 0 -1,0 0 -1,
  0 0 -1,0 0 -1,
  0 0 -1,0 0 -1,
  0 0 -1,0 0 -1,
  0 0 -1,0 0 -1,
  0 0 -1,0 0 -1,
  0 0 -1,0 0 -1,
  0 0 -1,0 0 -1,
  0 0 -1,0 0 -1,
  0 0 -1,0 0 -1,
  0 0 -1,0 0 -1,
  0 0 -1,0 0 -1,
  0 0 -1,0 0 -1,
  0 0 -1,0 0 -1,
  0 0 -1,0 0 -1,
  0 0 -1,0 0 -1,
  0 0 -1,0 0 -1,
  0 0 -1,0 0 -1,
  0 0 -1,0 0 -1,
  0 0 -1,0 0 -1,
  0 0 -1,0 0 -1,
  0 0 -1,0 0 -1,
  0 0 -1,0 0 -1,
  0 0 -1,0 0 -1,
  0 0 -1,0 0 -1,
  0 0 -1,0 0 -1,
  0 0 -1,0 0 -1,
  0 0 -1,0 0 -1,
  0 0 -1,0 0 -1,
  0 0 -1,0 0 -1,
  0 0 -1,0 0 -1,
  0 0 -1,0 0 -1,
  0 0 -1,0 0 -1,
  0 0 -1,0 0 -1,
  0 0 -1,0 0 -1,
  0 0 -1,0 0 -1,
  0 0 -1,0 0 -1,
  0 0 -1,0 0 -1,
  0 0 -1,0 0 -1,
  0 0 -1,0 0 -1,
  0 0 -1,0 0 -1,
  0 0 -1,0 0 -1,
  0 0 -1,0 0 -1,
  0 0 -1,0 0 -1,
  0 0 -1,0 0 -1,
  0 0 -1,0 0 -1,
  0 0 -1,0 0 -1,
  0 0 -1,0 0 -1,
  0 0 -1,0 0 -1,
  0 0 -1,0 0 -1,
  0 0 -1,0 0 -1,
  0 0 -1,0 0 -1,
  0 0 -1,0 0 -1,
  0 0 -1,0 0 -1,
  0 0 -1,0 0 -1,
  0 0 -1,0 0 -1,
  0 0 -1,0 0 -1,
  0 0 -1,0 0 -1,
  0 0 -1,0 0 -1,
  0 0 -1,0 0 -1,
  0 0 -1,0 0 -1,
  0 0 -1,0 0 -1,
  0 0 -1,0 0 -1,
  0 0 -1,0 0 -1,
  0 0 -1,0 0 -1,
  0 0 -1,0 0 -1,
  0 0 -1,0 0 -1,
  0 0 -1,0 0 -1,
  0 0 -1,0 0 -1,
  0 0 -1,0 0 -1,
  0 0 -1,0 0 -1,
  0 0 -1,0 0 -1,
  0 0 -1,0 0 -1,
  0 0 -1,0 0 -1,
  0 0 -1,0 0 -1,
  0 0 -1,0 0 -1,
  0 0 -1,0 0 -1,
  0 0 -1,0 0 -1,
  0 0 -1,0 0 -1,
  0 0 -1,0 0 -1,
  0 0 -1,0 0 -1,
  0 0 -1,0 0 -1,
  0 0 -1,0 0 -1,
  0 0 -1,0 0 -1,
  0 0 -1,0 0 -1,
  0 0 -1,0 0 -1,
  0 0 -1,0 0 -1,
  0 0 -1,0 0 -1,
  0 0 -1,0 0 -1,
  0 0 -1,0 0 -1,
  0 0 -1,0 0 -1,
  0 0 -1,0 0 -1,
  0 0 -1,0 0 -1,
  0 0 -1,0 0 -1,
  0 0 -1,0 0 -1,
  0 0 -1,0 0 -1,
  0 0 -1,0 0 -1,
  0 0 -1,0 0 -1,
  0 0 -1,0 0 -1,
  0 0 -1,0 0 -1,
  0 0 -1,0 0 -1,
  0 0 -1,0 0 -1,
  0 0 -1,0 0 -1,
  0 0 -1,0 0 -1,
  0 0 -1,0 0 -1,
  0 0 -1,0 0 -1,
  0 0 -1,0 0 -1,
  0 0 -1,0 0 -1,
  0 0 -1,0 0 -1,
  0 0 -1,0 0 -1,
  0 0 -1,0 0 -1,
  0 0 -1,0 0 -1,
  0 0 -1,0 0 -1,
  0 0 -1,0 0 -1,
  0 0 -1,0 0 -1,
  0 0 -1,0 0 -1,
  0 0 -1,0 0 -1,
  0 0 -1,0 0 -1,
  0 0 -1,0 0 -1,
  0 0 -1,0 0 -1,
  0 0 -1,0 0 -1,
  0 0 -1,0 0 -1,
  0 0 -1,0 0 -1,
  0 0 -1,0 0 -1,
  0 0 -1,0 0 -1,
  0 0 -1,0 0 -1,
  0 0 -1,0 0 -1,
  0 0 -1,0 0 -1,
  0 0 -1,0 0 -1,
  0 0 -1,0 0 -1,
  0 0 -1,0 0 -1,
  0 0 -1,0 0 -1,
  0 0 -1,0 0 -1,
  0 0 -1,0 0 -1,
  0 0 -1,0 0 -1,
  0 0 -1,0 0 -1,
  0 0 -1,0 0 -1,
  0 0 -1,0 0 -1,
  0 0 -1,0 0 -1,
  0 0 -1,0 0 -1,
  0 0 -1,0 0 -1,
  0 0 -1,0 0 -1,
  0 0 -1,0 0 -1,
  0 0 -1,0 0 -1,
  0 0 -1,0 0 -1,
  0 0 -1,0 0 -1,
  0 0 -1,0 0 -1,
  0 0 -1,0 0 -1,
  0 0 -1,0 0 -1,
  0 0 -1,0 0 -1,
  0 0 -1,0 0 -1,
  0 0 -1,0 0 -1,
  0 0 -1,0 0 -1,
  0 0 -1,0 0 -1,
  0 0 -1,0 0 -1,
  0 0 -1,0 0 -1,
  0 0 -1,0 0 -1,
  0 0 -1,0 0 -1,
  0 0 -1,0 0 -1,
  0 0 -1,0 0 -1,
  0 0 -1,0 0 -1,
  0 0 -1,0 0 -1,
  0 0 -1,0 0 -1,
  0 0 -1,0 0 -1,
  0 0 -1,0 0 -1,
  0 0 -1,0 0 -1,
  0 0 -1,0 0 -1,
  0 0 -1,0 0 -1,
  0 0 -1,0 0 -1,
  0 0 -1,0 0 -1,
  0 0 -1,0 0 -1,
  0 0 -1,0 0 -1,
  0 0 -1,0 0 -1,
  0 0 -1,0 0 -1,
  0 0 -1,0 0 -1,
  0 0 -1,0 0 -1,
  0 0 -1,0 0 -1,
  0 0 -1,0 0 -1,
  0 0 -1,0 0 -1,
  0 0 -1,0 0 -1,
  0 0 -1,0 0 -1,
  0 0 -1,0 0 -1,
  0 0 -1,0 0 -1,
  0 0 -1,0 0 -1,
  0 0 -1,0 0 -1,
  0 0 -1,0 0 -1,
  0 0 -1,0 0 -1,
  0 0 -1,0 0 -1,
  0 0 -1,0 0 -1,
  0 0 -1,0 0 -1,
  0 0 -1,0 0 -1,
  0 0 -1,0 0 -1,
  0 0 -1,0 0 -1,
  0 0 -1,0 0 -1,
  0 0 -1,0 0 -1,
  0 0 -1,0 0 -1,
  0 0 -1,0 0 -1,
  0 0 -1,0 0 -1,
  0 0 -1,0 0 -1,
  0 0 -1,0 0 -1,
  0 0 -1,0 0 -1,
  0 0 -1,0 0 -1,
  0 0 -1,0 0 -1,
  0 0 -1,0 0 -1,
  0 0 -1,0 0 -1,
  0 0 -1,0 0 -1,
  0 0 -1,0 0 -1,
  0 0 -1,0 0 -1,
  0 0 -1,0 0 -1,
  0 0 -1,0 0 -1,
  0 0 -1,0 0 -1,
  0 0 -1,0 0 -1,
  0 0 -1,0 0 -1,
  0 0 -1,0 0 -1,
  0 0 -1,0 0 -1,
  0 0 -1,0 0 -1,
  0 0 -1,0 0 -1,
  0 0 -1,0 0 -1,
  0 0 -1,0 0 -1,
  0 0 -1,0 0 -1,
  0 0 -1,0 0 -1,
  0 0 -1,0 0 -1,
  0 0 -1,0 0 -1,
  0 0 -1,0 0 -1,
  0 0 -1,0 0 -1,
  0 0 -1,0 0 -1,
  0 0 -1,0 0 -1,
  0 0 -1,0 0 -1,
  0 0 -1,0 0 -1,
  0 0 -1,0 0 -1,
  0 0 -1,0 0 -1,
  0 0 -1,0 0 -1,
  0 0 -1,0 0 -1,
  0 0 -1,0 0 -1,
  0 0 -1,0 0 -1,
  0 0 -1,0 0 -1,
  0 0 -1,0 0 -1,
  0 0 -1,0 0 -1,
  0 0 -1,0 0 -1,
  0 0 -1,0 0 -1,
  0 0 -1,0 0 -1,
  0 0 -1,0 0 -1,
  0 0 -1,0 0 -1,
  0 0 -1,0 0 -1,
  0 0 -1,0 0 -1,
  0 0 -1,0 0 -1,
  0 0 -1,0 0 -1,
  0 0 -1,0 0 -1,
  0 0 -1,0 0 -1,
  0 0 -1,0 0 -1,
  0 0 -1,0 0 -1,
  0 0 -1,0 0 -1,
  0 0 -1,0 0 -1,
  0 0 -1,0 0 -1,
  0 0 -1,0 0 -1,
  0 0 -1,0 0 -1,
  0 0 -1,0 0 -1,
  0 0 -1,0 0 -1,
  0 0 -1,0 0 -1,
  0 0 -1,0 0 -1,
  0 0 -1,0 0 -1,
  0 0 -1,0 0 -1,
  0 0 -1,0 0 -1,
  0 0 -1,0 0 -1,
  0 0 -1,0 0 -1] }
}
}
] }
DEF TXFM_6 Transform {
  center 0 0 0
  rotation 0 0 1 0
  scale 1 1 1
  scaleOrientation 0 0 1 0
  translation 0 0 0
 children [
DEF SHAPE_6 Shape {
 appearance DEF APP_4 Appearance {
  material Material {
   ambientIntensity 1
   diffuseColor 0.079999998 0.2 0.14
   emissiveColor 0 0 0
   shininess 0.30000001
   specularColor 0.35600001 0.44 0.398
   transparency 0.17
} }
 geometry DEF FACE_6 IndexedFaceSet {
  coord DEF COORD_6 Coordinate { point [
  58.653474 -30.957582 -0.31988189,58.40963 -30.865459 -0.31988189,
  50.914389 -30.876781 -0.31988189,50.679035 -30.949878 -0.31988189,
  50.464787 -31.047096 -0.31988189,50.271452 -31.168212 -0.31988189,
  50.098837 -31.313011 -0.31988189,49.946751 -31.481269 -0.31988189,
  49.815 -31.672769 -0.31988189,49.703392 -31.887289 -0.31988189,
  49.611734 -32.124609 -0.31988189,49.610926 -33.925197 -0.31988189,
  49.610476 -34.925197 -0.31988189,49.610027 -35.925197 -0.31988189,
  49.609578 -36.925197 -0.31988189,49.609129 -37.925197 -0.31988189,
  49.60868 -38.925197 -0.31988189,49.608231 -39.925197 -0.31988189,
  49.607622 -41.279528 -0.31988189,49.606223 -44.396322 -0.31988189,
  53.18134 -44.406589 -0.31988189,53.180562 -43.933261 -0.31988189,
  56.657421 -43.930628 -0.31988189,56.653543 -44.409449 -0.31988189,
  58.976378 -44.409449 -0.31988189,58.961606 -41.737867 -0.31988189,
  59.726782 -41.359561 -0.31988189,59.71696 -32.479604 -0.31988189,
  59.67145 -32.12812 -0.31988189,59.581544 -31.830861 -0.31988189,
  59.452596 -31.582102 -0.31988189,59.289962 -31.376119 -0.31988189,
  59.098994 -31.207188 -0.31988189,58.885046 -31.069583 -0.31988189,
  58.759843 -33.925197 -0.31988189,58.767217 -33.84562 -0.31988189,
  58.789087 -33.768754 -0.31988189,58.824709 -33.697215 -0.31988189,
  58.87287 -33.633439 -0.31988189,58.93193 -33.579599 -0.31988189,
  58.999877 -33.537528 -0.31988189,59.074398 -33.508658 -0.31988189,
  59.152955 -33.493973 -0.31988189,59.232872 -33.493973 -0.31988189,
  59.311429 -33.508658 -0.31988189,59.38595 -33.537528 -0.31988189,
  59.453897 -33.579599 -0.31988189,59.512957 -33.633439 -0.31988189,
  59.561118 -33.697215 -0.31988189,59.59674 -33.768754 -0.31988189,
  59.61861 -33.84562 -0.31988189,59.625984 -33.925197 -0.31988189,
  59.61861 -34.004773 -0.31988189,59.59674 -34.08164 -0.31988189,
  59.561118 -34.153179 -0.31988189,59.512957 -34.216955 -0.31988189,
  59.453897 -34.270795 -0.31988189,59.38595 -34.312866 -0.31988189,
  59.311429 -34.341735 -0.31988189,59.232872 -34.35642 -0.31988189,
  59.152955 -34.35642 -0.31988189,59.074398 -34.341735 -0.31988189,
  58.999877 -34.312866 -0.31988189,58.93193 -34.270795 -0.31988189,
  58.87287 -34.216955 -0.31988189,58.824709 -34.153179 -0.31988189,
  58.789087 -34.08164 -0.31988189,58.767217 -34.004773 -0.31988189,
  58.759843 -34.925197 -0.31988189,58.767217 -34.84562 -0.31988189,
  58.789087 -34.768754 -0.31988189,58.824709 -34.697215 -0.31988189,
  58.87287 -34.633439 -0.31988189,58.93193 -34.579599 -0.31988189,
  58.999877 -34.537528 -0.31988189,59.074398 -34.508658 -0.31988189,
  59.152955 -34.493973 -0.31988189,59.232872 -34.493973 -0.31988189,
  59.311429 -34.508658 -0.31988189,59.38595 -34.537528 -0.31988189,
  59.453897 -34.579599 -0.31988189,59.512957 -34.633439 -0.31988189,
  59.561118 -34.697215 -0.31988189,59.59674 -34.768754 -0.31988189,
  59.61861 -34.84562 -0.31988189,59.625984 -34.925197 -0.31988189,
  59.61861 -35.004773 -0.31988189,59.59674 -35.08164 -0.31988189,
  59.561118 -35.153179 -0.31988189,59.512957 -35.216955 -0.31988189,
  59.453897 -35.270795 -0.31988189,59.38595 -35.312866 -0.31988189,
  59.311429 -35.341735 -0.31988189,59.232872 -35.35642 -0.31988189,
  59.152955 -35.35642 -0.31988189,59.074398 -35.341735 -0.31988189,
  58.999877 -35.312866 -0.31988189,58.93193 -35.270795 -0.31988189,
  58.87287 -35.216955 -0.31988189,58.824709 -35.153179 -0.31988189,
  58.789087 -35.08164 -0.31988189,58.767217 -35.004773 -0.31988189,
  58.759843 -35.925197 -0.31988189,58.767217 -35.84562 -0.31988189,
  58.789087 -35.768754 -0.31988189,58.824709 -35.697215 -0.31988189,
  58.87287 -35.633439 -0.31988189,58.93193 -35.579599 -0.31988189,
  58.999877 -35.537528 -0.31988189,59.074398 -35.508658 -0.31988189,
  59.152955 -35.493973 -0.31988189,59.232872 -35.493973 -0.31988189,
  59.311429 -35.508658 -0.31988189,59.38595 -35.537528 -0.31988189,
  59.453897 -35.579599 -0.31988189,59.512957 -35.633439 -0.31988189,
  59.561118 -35.697215 -0.31988189,59.59674 -35.768754 -0.31988189,
  59.61861 -35.84562 -0.31988189,59.625984 -35.925197 -0.31988189,
  59.61861 -36.004773 -0.31988189,59.59674 -36.08164 -0.31988189,
  59.561118 -36.153179 -0.31988189,59.512957 -36.216955 -0.31988189,
  59.453897 -36.270795 -0.31988189,59.38595 -36.312866 -0.31988189,
  59.311429 -36.341735 -0.31988189,59.232872 -36.35642 -0.31988189,
  59.152955 -36.35642 -0.31988189,59.074398 -36.341735 -0.31988189,
  58.999877 -36.312866 -0.31988189,58.93193 -36.270795 -0.31988189,
  58.87287 -36.216955 -0.31988189,58.824709 -36.153179 -0.31988189,
  58.789087 -36.08164 -0.31988189,58.767217 -36.004773 -0.31988189,
  58.759843 -36.925197 -0.31988189,58.767217 -36.84562 -0.31988189,
  58.789087 -36.768754 -0.31988189,58.824709 -36.697215 -0.31988189,
  58.87287 -36.633439 -0.31988189,58.93193 -36.579599 -0.31988189,
  58.999877 -36.537528 -0.31988189,59.074398 -36.508658 -0.31988189,
  59.152955 -36.493973 -0.31988189,59.232872 -36.493973 -0.31988189,
  59.311429 -36.508658 -0.31988189,59.38595 -36.537528 -0.31988189,
  59.453897 -36.579599 -0.31988189,59.512957 -36.633439 -0.31988189,
  59.561118 -36.697215 -0.31988189,59.59674 -36.768754 -0.31988189,
  59.61861 -36.84562 -0.31988189,59.625984 -36.925197 -0.31988189,
  59.61861 -37.004773 -0.31988189,59.59674 -37.08164 -0.31988189,
  59.561118 -37.153179 -0.31988189,59.512957 -37.216955 -0.31988189,
  59.453897 -37.270795 -0.31988189,59.38595 -37.312866 -0.31988189,
  59.311429 -37.341735 -0.31988189,59.232872 -37.35642 -0.31988189,
  59.152955 -37.35642 -0.31988189,59.074398 -37.341735 -0.31988189,
  58.999877 -37.312866 -0.31988189,58.93193 -37.270795 -0.31988189,
  58.87287 -37.216955 -0.31988189,58.824709 -37.153179 -0.31988189,
  58.789087 -37.08164 -0.31988189,58.767217 -37.004773 -0.31988189,
  58.759843 -37.925197 -0.31988189,58.767217 -37.84562 -0.31988189,
  58.789087 -37.768754 -0.31988189,58.824709 -37.697215 -0.31988189,
  58.87287 -37.633439 -0.31988189,58.93193 -37.579599 -0.31988189,
  58.999877 -37.537528 -0.31988189,59.074398 -37.508658 -0.31988189,
  59.152955 -37.493973 -0.31988189,59.232872 -37.493973 -0.31988189,
  59.311429 -37.508658 -0.31988189,59.38595 -37.537528 -0.31988189,
  59.453897 -37.579599 -0.31988189,59.512957 -37.633439 -0.31988189,
  59.561118 -37.697215 -0.31988189,59.59674 -37.768754 -0.31988189,
  59.61861 -37.84562 -0.31988189,59.625984 -37.925197 -0.31988189,
  59.61861 -38.004773 -0.31988189,59.59674 -38.08164 -0.31988189,
  59.561118 -38.153179 -0.31988189,59.512957 -38.216955 -0.31988189,
  59.453897 -38.270795 -0.31988189,59.38595 -38.312866 -0.31988189,
  59.311429 -38.341735 -0.31988189,59.232872 -38.35642 -0.31988189,
  59.152955 -38.35642 -0.31988189,59.074398 -38.341735 -0.31988189,
  58.999877 -38.312866 -0.31988189,58.93193 -38.270795 -0.31988189,
  58.87287 -38.216955 -0.31988189,58.824709 -38.153179 -0.31988189,
  58.789087 -38.08164 -0.31988189,58.767217 -38.004773 -0.31988189,
  58.759843 -38.925197 -0.31988189,58.767217 -38.84562 -0.31988189,
  58.789087 -38.768754 -0.31988189,58.824709 -38.697215 -0.31988189,
  58.87287 -38.633439 -0.31988189,58.93193 -38.579599 -0.31988189,
  58.999877 -38.537528 -0.31988189,59.074398 -38.508658 -0.31988189,
  59.152955 -38.493973 -0.31988189,59.232872 -38.493973 -0.31988189,
  59.311429 -38.508658 -0.31988189,59.38595 -38.537528 -0.31988189,
  59.453897 -38.579599 -0.31988189,59.512957 -38.633439 -0.31988189,
  59.561118 -38.697215 -0.31988189,59.59674 -38.768754 -0.31988189,
  59.61861 -38.84562 -0.31988189,59.625984 -38.925197 -0.31988189,
  59.61861 -39.004773 -0.31988189,59.59674 -39.08164 -0.31988189,
  59.561118 -39.153179 -0.31988189,59.512957 -39.216955 -0.31988189,
  59.453897 -39.270795 -0.31988189,59.38595 -39.312866 -0.31988189,
  59.311429 -39.341735 -0.31988189,59.232872 -39.35642 -0.31988189,
  59.152955 -39.35642 -0.31988189,59.074398 -39.341735 -0.31988189,
  58.999877 -39.312866 -0.31988189,58.93193 -39.270795 -0.31988189,
  58.87287 -39.216955 -0.31988189,58.824709 -39.153179 -0.31988189,
  58.789087 -39.08164 -0.31988189,58.767217 -39.004773 -0.31988189,
  58.759843 -39.925197 -0.31988189,58.767217 -39.84562 -0.31988189,
  58.789087 -39.768754 -0.31988189,58.824709 -39.697215 -0.31988189,
  58.87287 -39.633439 -0.31988189,58.93193 -39.579599 -0.31988189,
  58.999877 -39.537528 -0.31988189,59.074398 -39.508658 -0.31988189,
  59.152955 -39.493973 -0.31988189,59.232872 -39.493973 -0.31988189,
  59.311429 -39.508658 -0.31988189,59.38595 -39.537528 -0.31988189,
  59.453897 -39.579599 -0.31988189,59.512957 -39.633439 -0.31988189,
  59.561118 -39.697215 -0.31988189,59.59674 -39.768754 -0.31988189,
  59.61861 -39.84562 -0.31988189,59.625984 -39.925197 -0.31988189,
  59.61861 -40.004773 -0.31988189,59.59674 -40.08164 -0.31988189,
  59.561118 -40.153179 -0.31988189,59.512957 -40.216955 -0.31988189,
  59.453897 -40.270795 -0.31988189,59.38595 -40.312866 -0.31988189,
  59.311429 -40.341735 -0.31988189,59.232872 -40.35642 -0.31988189,
  59.152955 -40.35642 -0.31988189,59.074398 -40.341735 -0.31988189,
  58.999877 -40.312866 -0.31988189,58.93193 -40.270795 -0.31988189,
  58.87287 -40.216955 -0.31988189,58.824709 -40.153179 -0.31988189,
  58.789087 -40.08164 -0.31988189,58.767217 -40.004773 -0.31988189,
  58.759843 -40.570866 -0.31988189,58.765836 -40.540733 -0.31988189,
  58.782905 -40.515189 -0.31988189,58.80845 -40.49812 -0.31988189,
  58.838583 -40.492126 -0.31988189,59.547244 -40.492126 -0.31988189,
  59.577377 -40.49812 -0.31988189,59.602922 -40.515189 -0.31988189,
  59.619991 -40.540733 -0.31988189,59.625984 -40.570866 -0.31988189,
  59.625984 -41.279528 -0.31988189,59.619991 -41.30966 -0.31988189,
  59.602922 -41.335205 -0.31988189,59.577377 -41.352274 -0.31988189,
  59.547244 -41.358268 -0.31988189,58.838583 -41.358268 -0.31988189,
  58.80845 -41.352274 -0.31988189,58.782905 -41.335205 -0.31988189,
  58.765836 -41.30966 -0.31988189,58.759843 -41.279528 -0.31988189,
  49.759843 -33.925197 -0.31988189,49.767217 -33.84562 -0.31988189,
  49.789087 -33.768754 -0.31988189,49.824709 -33.697215 -0.31988189,
  49.87287 -33.633439 -0.31988189,49.93193 -33.579599 -0.31988189,
  49.999877 -33.537528 -0.31988189,50.074398 -33.508658 -0.31988189,
  50.152955 -33.493973 -0.31988189,50.232872 -33.493973 -0.31988189,
  50.311429 -33.508658 -0.31988189,50.38595 -33.537528 -0.31988189,
  50.453897 -33.579599 -0.31988189,50.512957 -33.633439 -0.31988189,
  50.561118 -33.697215 -0.31988189,50.59674 -33.768754 -0.31988189,
  50.61861 -33.84562 -0.31988189,50.625984 -33.925197 -0.31988189,
  50.61861 -34.004773 -0.31988189,50.59674 -34.08164 -0.31988189,
  50.561118 -34.153179 -0.31988189,50.512957 -34.216955 -0.31988189,
  50.453897 -34.270795 -0.31988189,50.38595 -34.312866 -0.31988189,
  50.311429 -34.341735 -0.31988189,50.232872 -34.35642 -0.31988189,
  50.152955 -34.35642 -0.31988189,50.074398 -34.341735 -0.31988189,
  49.999877 -34.312866 -0.31988189,49.93193 -34.270795 -0.31988189,
  49.87287 -34.216955 -0.31988189,49.824709 -34.153179 -0.31988189,
  49.789087 -34.08164 -0.31988189,49.767217 -34.004773 -0.31988189,
  49.759843 -34.925197 -0.31988189,49.767217 -34.84562 -0.31988189,
  49.789087 -34.768754 -0.31988189,49.824709 -34.697215 -0.31988189,
  49.87287 -34.633439 -0.31988189,49.93193 -34.579599 -0.31988189,
  49.999877 -34.537528 -0.31988189,50.074398 -34.508658 -0.31988189,
  50.152955 -34.493973 -0.31988189,50.232872 -34.493973 -0.31988189,
  50.311429 -34.508658 -0.31988189,50.38595 -34.537528 -0.31988189,
  50.453897 -34.579599 -0.31988189,50.512957 -34.633439 -0.31988189,
  50.561118 -34.697215 -0.31988189,50.59674 -34.768754 -0.31988189,
  50.61861 -34.84562 -0.31988189,50.625984 -34.925197 -0.31988189,
  50.61861 -35.004773 -0.31988189,50.59674 -35.08164 -0.31988189,
  50.561118 -35.153179 -0.31988189,50.512957 -35.216955 -0.31988189,
  50.453897 -35.270795 -0.31988189,50.38595 -35.312866 -0.31988189,
  50.311429 -35.341735 -0.31988189,50.232872 -35.35642 -0.31988189,
  50.152955 -35.35642 -0.31988189,50.074398 -35.341735 -0.31988189,
  49.999877 -35.312866 -0.31988189,49.93193 -35.270795 -0.31988189,
  49.87287 -35.216955 -0.31988189,49.824709 -35.153179 -0.31988189,
  49.789087 -35.08164 -0.31988189,49.767217 -35.004773 -0.31988189,
  49.759843 -35.925197 -0.31988189,49.767217 -35.84562 -0.31988189,
  49.789087 -35.768754 -0.31988189,49.824709 -35.697215 -0.31988189,
  49.87287 -35.633439 -0.31988189,49.93193 -35.579599 -0.31988189,
  49.999877 -35.537528 -0.31988189,50.074398 -35.508658 -0.31988189,
  50.152955 -35.493973 -0.31988189,50.232872 -35.493973 -0.31988189,
  50.311429 -35.508658 -0.31988189,50.38595 -35.537528 -0.31988189,
  50.453897 -35.579599 -0.31988189,50.512957 -35.633439 -0.31988189,
  50.561118 -35.697215 -0.31988189,50.59674 -35.768754 -0.31988189,
  50.61861 -35.84562 -0.31988189,50.625984 -35.925197 -0.31988189,
  50.61861 -36.004773 -0.31988189,50.59674 -36.08164 -0.31988189,
  50.561118 -36.153179 -0.31988189,50.512957 -36.216955 -0.31988189,
  50.453897 -36.270795 -0.31988189,50.38595 -36.312866 -0.31988189,
  50.311429 -36.341735 -0.31988189,50.232872 -36.35642 -0.31988189,
  50.152955 -36.35642 -0.31988189,50.074398 -36.341735 -0.31988189,
  49.999877 -36.312866 -0.31988189,49.93193 -36.270795 -0.31988189,
  49.87287 -36.216955 -0.31988189,49.824709 -36.153179 -0.31988189,
  49.789087 -36.08164 -0.31988189,49.767217 -36.004773 -0.31988189,
  49.759843 -36.925197 -0.31988189,49.767217 -36.84562 -0.31988189,
  49.789087 -36.768754 -0.31988189,49.824709 -36.697215 -0.31988189,
  49.87287 -36.633439 -0.31988189,49.93193 -36.579599 -0.31988189,
  49.999877 -36.537528 -0.31988189,50.074398 -36.508658 -0.31988189,
  50.152955 -36.493973 -0.31988189,50.232872 -36.493973 -0.31988189,
  50.311429 -36.508658 -0.31988189,50.38595 -36.537528 -0.31988189,
  50.453897 -36.579599 -0.31988189,50.512957 -36.633439 -0.31988189,
  50.561118 -36.697215 -0.31988189,50.59674 -36.768754 -0.31988189,
  50.61861 -36.84562 -0.31988189,50.625984 -36.925197 -0.31988189,
  50.61861 -37.004773 -0.31988189,50.59674 -37.08164 -0.31988189,
  50.561118 -37.153179 -0.31988189,50.512957 -37.216955 -0.31988189,
  50.453897 -37.270795 -0.31988189,50.38595 -37.312866 -0.31988189,
  50.311429 -37.341735 -0.31988189,50.232872 -37.35642 -0.31988189,
  50.152955 -37.35642 -0.31988189,50.074398 -37.341735 -0.31988189,
  49.999877 -37.312866 -0.31988189,49.93193 -37.270795 -0.31988189,
  49.87287 -37.216955 -0.31988189,49.824709 -37.153179 -0.31988189,
  49.789087 -37.08164 -0.31988189,49.767217 -37.004773 -0.31988189,
  49.759843 -37.925197 -0.31988189,49.767217 -37.84562 -0.31988189,
  49.789087 -37.768754 -0.31988189,49.824709 -37.697215 -0.31988189,
  49.87287 -37.633439 -0.31988189,49.93193 -37.579599 -0.31988189,
  49.999877 -37.537528 -0.31988189,50.074398 -37.508658 -0.31988189,
  50.152955 -37.493973 -0.31988189,50.232872 -37.493973 -0.31988189,
  50.311429 -37.508658 -0.31988189,50.38595 -37.537528 -0.31988189,
  50.453897 -37.579599 -0.31988189,50.512957 -37.633439 -0.31988189,
  50.561118 -37.697215 -0.31988189,50.59674 -37.768754 -0.31988189,
  50.61861 -37.84562 -0.31988189,50.625984 -37.925197 -0.31988189,
  50.61861 -38.004773 -0.31988189,50.59674 -38.08164 -0.31988189,
  50.561118 -38.153179 -0.31988189,50.512957 -38.216955 -0.31988189,
  50.453897 -38.270795 -0.31988189,50.38595 -38.312866 -0.31988189,
  50.311429 -38.341735 -0.31988189,50.232872 -38.35642 -0.31988189,
  50.152955 -38.35642 -0.31988189,50.074398 -38.341735 -0.31988189,
  49.999877 -38.312866 -0.31988189,49.93193 -38.270795 -0.31988189,
  49.87287 -38.216955 -0.31988189,49.824709 -38.153179 -0.31988189,
  49.789087 -38.08164 -0.31988189,49.767217 -38.004773 -0.31988189,
  49.759843 -38.925197 -0.31988189,49.767217 -38.84562 -0.31988189,
  49.789087 -38.768754 -0.31988189,49.824709 -38.697215 -0.31988189,
  49.87287 -38.633439 -0.31988189,49.93193 -38.579599 -0.31988189,
  49.999877 -38.537528 -0.31988189,50.074398 -38.508658 -0.31988189,
  50.152955 -38.493973 -0.31988189,50.232872 -38.493973 -0.31988189,
  50.311429 -38.508658 -0.31988189,50.38595 -38.537528 -0.31988189,
  50.453897 -38.579599 -0.31988189,50.512957 -38.633439 -0.31988189,
  50.561118 -38.697215 -0.31988189,50.59674 -38.768754 -0.31988189,
  50.61861 -38.84562 -0.31988189,50.625984 -38.925197 -0.31988189,
  50.61861 -39.004773 -0.31988189,50.59674 -39.08164 -0.31988189,
  50.561118 -39.153179 -0.31988189,50.512957 -39.216955 -0.31988189,
  50.453897 -39.270795 -0.31988189,50.38595 -39.312866 -0.31988189,
  50.311429 -39.341735 -0.31988189,50.232872 -39.35642 -0.31988189,
  50.152955 -39.35642 -0.31988189,50.074398 -39.341735 -0.31988189,
  49.999877 -39.312866 -0.31988189,49.93193 -39.270795 -0.31988189,
  49.87287 -39.216955 -0.31988189,49.824709 -39.153179 -0.31988189,
  49.789087 -39.08164 -0.31988189,49.767217 -39.004773 -0.31988189,
  49.759843 -39.925197 -0.31988189,49.767217 -39.84562 -0.31988189,
  49.789087 -39.768754 -0.31988189,49.824709 -39.697215 -0.31988189,
  49.87287 -39.633439 -0.31988189,49.93193 -39.579599 -0.31988189,
  49.999877 -39.537528 -0.31988189,50.074398 -39.508658 -0.31988189,
  50.152955 -39.493973 -0.31988189,50.232872 -39.493973 -0.31988189,
  50.311429 -39.508658 -0.31988189,50.38595 -39.537528 -0.31988189,
  50.453897 -39.579599 -0.31988189,50.512957 -39.633439 -0.31988189,
  50.561118 -39.697215 -0.31988189,50.59674 -39.768754 -0.31988189,
  50.61861 -39.84562 -0.31988189,50.625984 -39.925197 -0.31988189,
  50.61861 -40.004773 -0.31988189,50.59674 -40.08164 -0.31988189,
  50.561118 -40.153179 -0.31988189,50.512957 -40.216955 -0.31988189,
  50.453897 -40.270795 -0.31988189,50.38595 -40.312866 -0.31988189,
  50.311429 -40.341735 -0.31988189,50.232872 -40.35642 -0.31988189,
  50.152955 -40.35642 -0.31988189,50.074398 -40.341735 -0.31988189,
  49.999877 -40.312866 -0.31988189,49.93193 -40.270795 -0.31988189,
  49.87287 -40.216955 -0.31988189,49.824709 -40.153179 -0.31988189,
  49.789087 -40.08164 -0.31988189,49.767217 -40.004773 -0.31988189,
  49.759843 -40.570866 -0.31988189,49.765836 -40.540733 -0.31988189,
  49.782905 -40.515189 -0.31988189,49.80845 -40.49812 -0.31988189,
  49.838583 -40.492126 -0.31988189,50.547244 -40.492126 -0.31988189,
  50.577377 -40.49812 -0.31988189,50.602922 -40.515189 -0.31988189,
  50.619991 -40.540733 -0.31988189,50.625984 -40.570866 -0.31988189,
  50.625984 -41.279528 -0.31988189,50.619991 -41.30966 -0.31988189,
  50.602922 -41.335205 -0.31988189,50.577377 -41.352274 -0.31988189,
  50.547244 -41.358268 -0.31988189,49.838583 -41.358268 -0.31988189,
  49.80845 -41.352274 -0.31988189,49.782905 -41.335205 -0.31988189,
  49.765836 -41.30966 -0.31988189,49.759843 -41.279528 -0.31988189] }
 coordIndex [
  309,308,3,-1,309,3,20,-1,20,3,2,-1,20,2,21,-1,21,2,1,-1,21,1,22,-1,22,1,291,-1,22,291,24,-1,
  24,291,290,-1,24,290,289,-1,26,282,281,-1,26,281,255,-1,255,281,280,-1,255,280,256,-1,256,280,279,-1,256,279,257,-1,
  257,279,278,-1,257,278,258,-1,258,278,277,-1,258,277,259,-1,259,277,260,-1,260,277,261,-1,261,277,262,-1,262,277,263,-1,
  263,277,264,-1,264,277,265,-1,265,277,276,-1,265,276,266,-1,266,276,267,-1,267,276,268,-1,268,276,269,-1,269,276,275,-1,
  291,0,34,-1,291,34,272,-1,272,34,238,-1,272,238,273,-1,273,238,271,-1,273,271,274,-1,274,271,270,-1,274,270,275,-1,
  275,270,269,-1,238,34,204,-1,238,204,239,-1,239,204,237,-1,239,237,240,-1,240,237,236,-1,240,236,241,-1,241,236,235,-1,
  241,235,242,-1,242,235,234,-1,242,234,243,-1,243,234,233,-1,243,233,244,-1,244,233,232,-1,244,232,245,-1,245,232,231,-1,
  245,231,246,-1,246,231,230,-1,246,230,247,-1,247,230,229,-1,247,229,248,-1,248,229,228,-1,248,228,249,-1,249,228,227,-1,
  249,227,250,-1,250,227,226,-1,250,226,251,-1,251,226,225,-1,251,225,252,-1,252,225,224,-1,252,224,253,-1,253,224,223,-1,
  253,223,254,-1,254,223,222,-1,254,222,255,-1,255,222,221,-1,255,221,26,-1,26,221,187,-1,26,187,153,-1,153,187,154,-1,
  204,34,170,-1,204,170,205,-1,205,170,203,-1,205,203,206,-1,206,203,202,-1,206,202,207,-1,207,202,201,-1,207,201,208,-1,
  208,201,200,-1,208,200,209,-1,209,200,199,-1,209,199,210,-1,210,199,198,-1,210,198,211,-1,211,198,197,-1,211,197,212,-1,
  212,197,196,-1,212,196,213,-1,213,196,195,-1,213,195,214,-1,214,195,194,-1,214,194,215,-1,215,194,193,-1,215,193,216,-1,
  216,193,192,-1,216,192,217,-1,217,192,191,-1,217,191,218,-1,218,191,190,-1,218,190,219,-1,219,190,189,-1,219,189,220,-1,
  220,189,188,-1,220,188,221,-1,221,188,187,-1,170,34,136,-1,170,136,171,-1,171,136,169,-1,171,169,172,-1,172,169,168,-1,
  172,168,173,-1,173,168,167,-1,173,167,174,-1,174,167,166,-1,174,166,175,-1,175,166,165,-1,175,165,176,-1,176,165,164,-1,
  176,164,177,-1,177,164,163,-1,177,163,178,-1,178,163,162,-1,178,162,179,-1,179,162,161,-1,179,161,180,-1,180,161,160,-1,
  180,160,181,-1,181,160,159,-1,181,159,182,-1,182,159,158,-1,182,158,183,-1,183,158,157,-1,183,157,184,-1,184,157,156,-1,
  184,156,185,-1,185,156,155,-1,185,155,186,-1,186,155,154,-1,186,154,187,-1,136,34,102,-1,136,102,137,-1,137,102,135,-1,
  137,135,138,-1,138,135,134,-1,138,134,139,-1,139,134,133,-1,139,133,140,-1,140,133,132,-1,140,132,141,-1,141,132,131,-1,
  141,131,142,-1,142,131,130,-1,142,130,143,-1,143,130,129,-1,143,129,144,-1,144,129,128,-1,144,128,145,-1,145,128,127,-1,
  145,127,146,-1,146,127,126,-1,146,126,147,-1,147,126,125,-1,147,125,148,-1,148,125,124,-1,148,124,149,-1,149,124,123,-1,
  149,123,150,-1,150,123,122,-1,150,122,151,-1,151,122,121,-1,151,121,152,-1,152,121,120,-1,152,120,153,-1,153,120,119,-1,
  153,119,26,-1,26,119,85,-1,26,85,51,-1,51,85,52,-1,102,34,68,-1,102,68,103,-1,103,68,101,-1,103,101,104,-1,
  104,101,100,-1,104,100,105,-1,105,100,99,-1,105,99,106,-1,106,99,98,-1,106,98,107,-1,107,98,97,-1,107,97,108,-1,
  108,97,96,-1,108,96,109,-1,109,96,95,-1,109,95,110,-1,110,95,94,-1,110,94,111,-1,111,94,93,-1,111,93,112,-1,
  112,93,92,-1,112,92,113,-1,113,92,91,-1,113,91,114,-1,114,91,90,-1,114,90,115,-1,115,90,89,-1,115,89,116,-1,
  116,89,88,-1,116,88,117,-1,117,88,87,-1,117,87,118,-1,118,87,86,-1,118,86,119,-1,119,86,85,-1,52,85,84,-1,
  52,84,53,-1,53,84,83,-1,53,83,54,-1,54,83,82,-1,54,82,55,-1,55,82,81,-1,55,81,56,-1,56,81,80,-1,
  56,80,57,-1,57,80,79,-1,57,79,58,-1,58,79,78,-1,58,78,59,-1,59,78,77,-1,59,77,60,-1,60,77,76,-1,
  60,76,61,-1,61,76,75,-1,61,75,62,-1,62,75,74,-1,62,74,63,-1,63,74,73,-1,63,73,64,-1,64,73,72,-1,
  64,72,65,-1,65,72,71,-1,65,71,66,-1,66,71,70,-1,66,70,67,-1,67,70,69,-1,67,69,34,-1,34,69,68,-1,
  29,28,49,-1,49,28,50,-1,50,28,51,-1,51,28,26,-1,26,28,27,-1,30,29,46,-1,46,29,47,-1,47,29,48,-1,
  48,29,49,-1,43,42,31,-1,43,31,44,-1,44,31,30,-1,44,30,45,-1,45,30,46,-1,33,32,39,-1,39,32,40,-1,
  40,32,41,-1,41,32,42,-1,42,32,31,-1,0,33,34,-1,34,33,35,-1,35,33,36,-1,36,33,37,-1,37,33,38,-1,
  38,33,39,-1,282,26,283,-1,283,26,284,-1,284,26,285,-1,285,26,286,-1,286,26,25,-1,288,287,24,-1,24,287,25,-1,
  25,287,286,-1,343,309,20,-1,343,20,377,-1,377,20,411,-1,377,411,378,-1,378,411,410,-1,378,410,379,-1,379,410,409,-1,
  379,409,380,-1,380,409,408,-1,380,408,381,-1,381,408,407,-1,381,407,382,-1,382,407,406,-1,382,406,383,-1,383,406,405,-1,
  383,405,384,-1,384,405,404,-1,384,404,385,-1,385,404,403,-1,385,403,386,-1,386,403,402,-1,386,402,387,-1,387,402,401,-1,
  387,401,388,-1,388,401,400,-1,388,400,389,-1,389,400,399,-1,389,399,390,-1,390,399,398,-1,390,398,391,-1,391,398,397,-1,
  391,397,392,-1,392,397,396,-1,392,396,393,-1,393,396,395,-1,393,395,360,-1,360,395,394,-1,360,394,292,-1,292,394,428,-1,
  292,428,462,-1,462,428,463,-1,530,549,292,-1,530,292,496,-1,496,292,462,-1,496,462,497,-1,497,462,495,-1,497,495,498,-1,
  498,495,494,-1,498,494,499,-1,499,494,493,-1,499,493,500,-1,500,493,492,-1,500,492,501,-1,501,492,491,-1,501,491,502,-1,
  502,491,490,-1,502,490,503,-1,503,490,489,-1,503,489,504,-1,504,489,488,-1,504,488,505,-1,505,488,487,-1,505,487,506,-1,
  506,487,486,-1,506,486,507,-1,507,486,485,-1,507,485,508,-1,508,485,484,-1,508,484,509,-1,509,484,483,-1,509,483,510,-1,
  510,483,482,-1,510,482,511,-1,511,482,481,-1,511,481,512,-1,512,481,480,-1,512,480,513,-1,513,480,479,-1,513,479,20,-1,
  20,479,445,-1,20,445,411,-1,411,445,412,-1,513,20,539,-1,539,20,540,-1,540,20,541,-1,541,20,542,-1,542,20,543,-1,
  543,20,544,-1,544,20,545,-1,545,20,546,-1,546,20,547,-1,547,20,18,-1,18,20,19,-1,292,549,9,-1,9,549,10,-1,
  10,549,11,-1,11,549,12,-1,12,549,13,-1,13,549,14,-1,14,549,15,-1,15,549,16,-1,16,549,17,-1,17,549,18,-1,
  18,549,548,-1,513,539,538,-1,513,538,514,-1,514,538,537,-1,514,537,515,-1,515,537,536,-1,515,536,516,-1,516,536,535,-1,
  516,535,517,-1,517,535,518,-1,518,535,519,-1,519,535,520,-1,520,535,521,-1,521,535,522,-1,522,535,523,-1,523,535,534,-1,
  523,534,524,-1,524,534,525,-1,525,534,526,-1,526,534,527,-1,527,534,533,-1,531,496,529,-1,531,529,532,-1,532,529,528,-1,
  532,528,533,-1,533,528,527,-1,463,428,461,-1,463,461,464,-1,464,461,460,-1,464,460,465,-1,465,460,459,-1,465,459,466,-1,
  466,459,458,-1,466,458,467,-1,467,458,457,-1,467,457,468,-1,468,457,456,-1,468,456,469,-1,469,456,455,-1,469,455,470,-1,
  470,455,454,-1,470,454,471,-1,471,454,453,-1,471,453,472,-1,472,453,452,-1,472,452,473,-1,473,452,451,-1,473,451,474,-1,
  474,451,450,-1,474,450,475,-1,475,450,449,-1,475,449,476,-1,476,449,448,-1,476,448,477,-1,477,448,447,-1,477,447,478,-1,
  478,447,446,-1,478,446,479,-1,479,446,445,-1,412,445,444,-1,412,444,413,-1,413,444,443,-1,413,443,414,-1,414,443,442,-1,
  414,442,415,-1,415,442,441,-1,415,441,416,-1,416,441,440,-1,416,440,417,-1,417,440,439,-1,417,439,418,-1,418,439,438,-1,
  418,438,419,-1,419,438,437,-1,419,437,420,-1,420,437,436,-1,420,436,421,-1,421,436,435,-1,421,435,422,-1,422,435,434,-1,
  422,434,423,-1,423,434,433,-1,423,433,424,-1,424,433,432,-1,424,432,425,-1,425,432,431,-1,425,431,426,-1,426,431,430,-1,
  426,430,427,-1,427,430,429,-1,427,429,394,-1,394,429,428,-1,360,292,326,-1,360,326,361,-1,361,326,359,-1,361,359,362,-1,
  362,359,358,-1,362,358,363,-1,363,358,357,-1,363,357,364,-1,364,357,356,-1,364,356,365,-1,365,356,355,-1,365,355,366,-1,
  366,355,354,-1,366,354,367,-1,367,354,353,-1,367,353,368,-1,368,353,352,-1,368,352,369,-1,369,352,351,-1,369,351,370,-1,
  370,351,350,-1,370,350,371,-1,371,350,349,-1,371,349,372,-1,372,349,348,-1,372,348,373,-1,373,348,347,-1,373,347,374,-1,
  374,347,346,-1,374,346,375,-1,375,346,345,-1,375,345,376,-1,376,345,344,-1,376,344,377,-1,377,344,343,-1,327,292,325,-1,
  327,325,328,-1,328,325,324,-1,328,324,329,-1,329,324,323,-1,329,323,330,-1,330,323,322,-1,330,322,331,-1,331,322,321,-1,
  331,321,332,-1,332,321,320,-1,332,320,333,-1,333,320,319,-1,333,319,334,-1,334,319,318,-1,334,318,335,-1,335,318,317,-1,
  335,317,336,-1,336,317,316,-1,336,316,337,-1,337,316,315,-1,337,315,338,-1,338,315,314,-1,338,314,339,-1,339,314,313,-1,
  339,313,340,-1,340,313,312,-1,340,312,341,-1,341,312,311,-1,341,311,342,-1,342,311,310,-1,342,310,343,-1,343,310,309,-1,
  4,3,305,-1,305,3,306,-1,306,3,307,-1,307,3,308,-1,5,4,302,-1,302,4,303,-1,303,4,304,-1,304,4,305,-1,
  299,298,6,-1,299,6,300,-1,300,6,5,-1,300,5,301,-1,301,5,302,-1,8,7,295,-1,295,7,296,-1,296,7,297,-1,
  297,7,298,-1,298,7,6,-1,9,8,292,-1,292,8,293,-1,293,8,294,-1,294,8,295,-1,292,327,326,-1,496,531,530,-1,
  547,18,548,-1,22,24,23,-1,291,1,0,-1,24,289,288,-1]
  normalPerVertex TRUE
  normal DEF NORM_6 Normal { vector [
  0 0 -1,0 0 -1,
  0 0 -1,0 0 -1,
  0 0 -1,0 0 -1,
  0 0 -1,0 0 -1,
  0 0 -1,0 0 -1,
  0 0 -1,0 0 -1,
  0 0 -1,0 0 -1,
  0 0 -1,0 0 -1,
  0 0 -1,0 0 -1,
  0 0 -1,0 0 -1,
  0 0 -1,0 0 -1,
  0 0 -1,0 0 -1,
  0 0 -1,0 0 -1,
  0 0 -1,0 0 -1,
  0 0 -1,0 0 -1,
  0 0 -1,0 0 -1,
  0 0 -1,0 0 -1,
  0 0 -1,0 0 -1,
  0 0 -1,0 0 -1,
  0 0 -1,0 0 -1,
  0 0 -1,0 0 -1,
  0 0 -1,0 0 -1,
  0 0 -1,0 0 -1,
  0 0 -1,0 0 -1,
  0 0 -1,0 0 -1,
  0 0 -1,0 0 -1,
  0 0 -1,0 0 -1,
  0 0 -1,0 0 -1,
  0 0 -1,0 0 -1,
  0 0 -1,0 0 -1,
  0 0 -1,0 0 -1,
  0 0 -1,0 0 -1,
  0 0 -1,0 0 -1,
  0 0 -1,0 0 -1,
  0 0 -1,0 0 -1,
  0 0 -1,0 0 -1,
  0 0 -1,0 0 -1,
  0 0 -1,0 0 -1,
  0 0 -1,0 0 -1,
  0 0 -1,0 0 -1,
  0 0 -1,0 0 -1,
  0 0 -1,0 0 -1,
  0 0 -1,0 0 -1,
  0 0 -1,0 0 -1,
  0 0 -1,0 0 -1,
  0 0 -1,0 0 -1,
  0 0 -1,0 0 -1,
  0 0 -1,0 0 -1,
  0 0 -1,0 0 -1,
  0 0 -1,0 0 -1,
  0 0 -1,0 0 -1,
  0 0 -1,0 0 -1,
  0 0 -1,0 0 -1,
  0 0 -1,0 0 -1,
  0 0 -1,0 0 -1,
  0 0 -1,0 0 -1,
  0 0 -1,0 0 -1,
  0 0 -1,0 0 -1,
  0 0 -1,0 0 -1,
  0 0 -1,0 0 -1,
  0 0 -1,0 0 -1,
  0 0 -1,0 0 -1,
  0 0 -1,0 0 -1,
  0 0 -1,0 0 -1,
  0 0 -1,0 0 -1,
  0 0 -1,0 0 -1,
  0 0 -1,0 0 -1,
  0 0 -1,0 0 -1,
  0 0 -1,0 0 -1,
  0 0 -1,0 0 -1,
  0 0 -1,0 0 -1,
  0 0 -1,0 0 -1,
  0 0 -1,0 0 -1,
  0 0 -1,0 0 -1,
  0 0 -1,0 0 -1,
  0 0 -1,0 0 -1,
  0 0 -1,0 0 -1,
  0 0 -1,0 0 -1,
  0 0 -1,0 0 -1,
  0 0 -1,0 0 -1,
  0 0 -1,0 0 -1,
  0 0 -1,0 0 -1,
  0 0 -1,0 0 -1,
  0 0 -1,0 0 -1,
  0 0 -1,0 0 -1,
  0 0 -1,0 0 -1,
  0 0 -1,0 0 -1,
  0 0 -1,0 0 -1,
  0 0 -1,0 0 -1,
  0 0 -1,0 0 -1,
  0 0 -1,0 0 -1,
  0 0 -1,0 0 -1,
  0 0 -1,0 0 -1,
  0 0 -1,0 0 -1,
  0 0 -1,0 0 -1,
  0 0 -1,0 0 -1,
  0 0 -1,0 0 -1,
  0 0 -1,0 0 -1,
  0 0 -1,0 0 -1,
  0 0 -1,0 0 -1,
  0 0 -1,0 0 -1,
  0 0 -1,0 0 -1,
  0 0 -1,0 0 -1,
  0 0 -1,0 0 -1,
  0 0 -1,0 0 -1,
  0 0 -1,0 0 -1,
  0 0 -1,0 0 -1,
  0 0 -1,0 0 -1,
  0 0 -1,0 0 -1,
  0 0 -1,0 0 -1,
  0 0 -1,0 0 -1,
  0 0 -1,0 0 -1,
  0 0 -1,0 0 -1,
  0 0 -1,0 0 -1,
  0 0 -1,0 0 -1,
  0 0 -1,0 0 -1,
  0 0 -1,0 0 -1,
  0 0 -1,0 0 -1,
  0 0 -1,0 0 -1,
  0 0 -1,0 0 -1,
  0 0 -1,0 0 -1,
  0 0 -1,0 0 -1,
  0 0 -1,0 0 -1,
  0 0 -1,0 0 -1,
  0 0 -1,0 0 -1,
  0 0 -1,0 0 -1,
  0 0 -1,0 0 -1,
  0 0 -1,0 0 -1,
  0 0 -1,0 0 -1,
  0 0 -1,0 0 -1,
  0 0 -1,0 0 -1,
  0 0 -1,0 0 -1,
  0 0 -1,0 0 -1,
  0 0 -1,0 0 -1,
  0 0 -1,0 0 -1,
  0 0 -1,0 0 -1,
  0 0 -1,0 0 -1,
  0 0 -1,0 0 -1,
  0 0 -1,0 0 -1,
  0 0 -1,0 0 -1,
  0 0 -1,0 0 -1,
  0 0 -1,0 0 -1,
  0 0 -1,0 0 -1,
  0 0 -1,0 0 -1,
  0 0 -1,0 0 -1,
  0 0 -1,0 0 -1,
  0 0 -1,0 0 -1,
  0 0 -1,0 0 -1,
  0 0 -1,0 0 -1,
  0 0 -1,0 0 -1,
  0 0 -1,0 0 -1,
  0 0 -1,0 0 -1,
  0 0 -1,0 0 -1,
  0 0 -1,0 0 -1,
  0 0 -1,0 0 -1,
  0 0 -1,0 0 -1,
  0 0 -1,0 0 -1,
  0 0 -1,0 0 -1,
  0 0 -1,0 0 -1,
  0 0 -1,0 0 -1,
  0 0 -1,0 0 -1,
  0 0 -1,0 0 -1,
  0 0 -1,0 0 -1,
  0 0 -1,0 0 -1,
  0 0 -1,0 0 -1,
  0 0 -1,0 0 -1,
  0 0 -1,0 0 -1,
  0 0 -1,0 0 -1,
  0 0 -1,0 0 -1,
  0 0 -1,0 0 -1,
  0 0 -1,0 0 -1,
  0 0 -1,0 0 -1,
  0 0 -1,0 0 -1,
  0 0 -1,0 0 -1,
  0 0 -1,0 0 -1,
  0 0 -1,0 0 -1,
  0 0 -1,0 0 -1,
  0 0 -1,0 0 -1,
  0 0 -1,0 0 -1,
  0 0 -1,0 0 -1,
  0 0 -1,0 0 -1,
  0 0 -1,0 0 -1,
  0 0 -1,0 0 -1,
  0 0 -1,0 0 -1,
  0 0 -1,0 0 -1,
  0 0 -1,0 0 -1,
  0 0 -1,0 0 -1,
  0 0 -1,0 0 -1,
  0 0 -1,0 0 -1,
  0 0 -1,0 0 -1,
  0 0 -1,0 0 -1,
  0 0 -1,0 0 -1,
  0 0 -1,0 0 -1,
  0 0 -1,0 0 -1,
  0 0 -1,0 0 -1,
  0 0 -1,0 0 -1,
  0 0 -1,0 0 -1,
  0 0 -1,0 0 -1,
  0 0 -1,0 0 -1,
  0 0 -1,0 0 -1,
  0 0 -1,0 0 -1,
  0 0 -1,0 0 -1,
  0 0 -1,0 0 -1,
  0 0 -1,0 0 -1,
  0 0 -1,0 0 -1,
  0 0 -1,0 0 -1,
  0 0 -1,0 0 -1,
  0 0 -1,0 0 -1,
  0 0 -1,0 0 -1,
  0 0 -1,0 0 -1,
  0 0 -1,0 0 -1,
  0 0 -1,0 0 -1,
  0 0 -1,0 0 -1,
  0 0 -1,0 0 -1,
  0 0 -1,0 0 -1,
  0 0 -1,0 0 -1,
  0 0 -1,0 0 -1,
  0 0 -1,0 0 -1,
  0 0 -1,0 0 -1,
  0 0 -1,0 0 -1,
  0 0 -1,0 0 -1,
  0 0 -1,0 0 -1,
  0 0 -1,0 0 -1,
  0 0 -1,0 0 -1,
  0 0 -1,0 0 -1,
  0 0 -1,0 0 -1,
  0 0 -1,0 0 -1,
  0 0 -1,0 0 -1,
  0 0 -1,0 0 -1,
  0 0 -1,0 0 -1,
  0 0 -1,0 0 -1,
  0 0 -1,0 0 -1,
  0 0 -1,0 0 -1,
  0 0 -1,0 0 -1,
  0 0 -1,0 0 -1,
  0 0 -1,0 0 -1,
  0 0 -1,0 0 -1,
  0 0 -1,0 0 -1,
  0 0 -1,0 0 -1,
  0 0 -1,0 0 -1,
  0 0 -1,0 0 -1,
  0 0 -1,0 0 -1,
  0 0 -1,0 0 -1,
  0 0 -1,0 0 -1,
  0 0 -1,0 0 -1,
  0 0 -1,0 0 -1,
  0 0 -1,0 0 -1,
  0 0 -1,0 0 -1,
  0 0 -1,0 0 -1,
  0 0 -1,0 0 -1,
  0 0 -1,0 0 -1,
  0 0 -1,0 0 -1,
  0 0 -1,0 0 -1,
  0 0 -1,0 0 -1,
  0 0 -1,0 0 -1,
  0 0 -1,0 0 -1,
  0 0 -1,0 0 -1,
  0 0 -1,0 0 -1,
  0 0 -1,0 0 -1,
  0 0 -1,0 0 -1,
  0 0 -1,0 0 -1,
  0 0 -1,0 0 -1,
  0 0 -1,0 0 -1,
  0 0 -1,0 0 -1,
  0 0 -1,0 0 -1,
  0 0 -1,0 0 -1,
  0 0 -1,0 0 -1,
  0 0 -1,0 0 -1,
  0 0 -1,0 0 -1,
  0 0 -1,0 0 -1,
  0 0 -1,0 0 -1,
  0 0 -1,0 0 -1,
  0 0 -1,0 0 -1,
  0 0 -1,0 0 -1,
  0 0 -1,0 0 -1] }
}
}
] }
DEF TXFM_7 Transform {
  center 0 0 0
  rotation 0 0 1 0
  scale 1 1 1
  scaleOrientation 0 0 1 0
  translation 0 0 0
 children [
DEF SHAPE_7 Shape {
 appearance DEF APP_5 Appearance {
  material Material {
   ambientIntensity 0.74468082
   diffuseColor 0.94 0.94 0.94
   emissiveColor 0 0 0
   shininess 0.02
   specularColor 0.94599998 0.94599998 0.94599998
   transparency 0
} }
 geometry DEF FACE_7 IndexedFaceSet {
  coord DEF COORD_7 Coordinate { point [
  50.408502 -41.658746 0.34448819,50.372628 -41.712557 0.34448819,
  50.340589 -41.744596 0.34448819,50.30738 -41.761201 0.34448819,
  50.293493 -41.775868 0.34448819,50.292283 -41.79603 0.34448819,
  50.304316 -41.812252 0.34448819,50.323961 -41.816945 0.34448819,
  50.33379 -41.814022 0.34448819,50.371285 -41.795274 0.34448819,
  50.371728 -41.794806 0.34448819,50.378959 -41.789743 0.34448819,
  50.403543 -41.765159 0.34448819,50.403543 -42.039299 0.34448819,
  50.320585 -42.039299 0.34448819,50.301605 -42.046207 0.34448819,
  50.291506 -42.063699 0.34448819,50.295013 -42.08359 0.34448819,
  50.310486 -42.096573 0.34448819,50.320585 -42.098354 0.34448819,
  50.545557 -42.098354 0.34448819,50.564537 -42.091446 0.34448819,
  50.574636 -42.073954 0.34448819,50.571128 -42.054063 0.34448819,
  50.555656 -42.04108 0.34448819,50.545557 -42.039299 0.34448819,
  50.462598 -42.039299 0.34448819,50.462598 -41.675126 0.34448819,
  50.462017 -41.67353 0.34448819,50.462419 -41.67188 0.34448819,
  50.458621 -41.664198 0.34448819,50.45569 -41.656146 0.34448819,
  50.45422 -41.655297 0.34448819,50.453467 -41.653774 0.34448819,
  50.445619 -41.650331 0.34448819,50.438198 -41.646046 0.34448819,
  50.436526 -41.646341 0.34448819,50.434971 -41.645659 0.34448819,
  50.426745 -41.648066 0.34448819,50.418307 -41.649554 0.34448819,
  50.417216 -41.650854 0.34448819,50.415586 -41.651331 0.34448819,
  50.770004 -34.233594 0.34448819,50.79162 -34.255209 0.34448819,
  50.821147 -34.263121 0.34448819,50.850675 -34.255209 0.34448819,
  50.872291 -34.233594 0.34448819,50.880202 -34.204066 0.34448819,
  50.880202 -33.67257 0.34448819,50.989876 -33.67257 0.34448819,
  51.019404 -33.664658 0.34448819,51.04102 -33.643043 0.34448819,
  51.048931 -33.613515 0.34448819,51.04102 -33.583987 0.34448819,
  51.019404 -33.562372 0.34448819,50.989876 -33.55446 0.34448819,
  50.652419 -33.55446 0.34448819,50.622891 -33.562372 0.34448819,
  50.601275 -33.583987 0.34448819,50.593363 -33.613515 0.34448819,
  50.601275 -33.643043 0.34448819,50.622891 -33.664658 0.34448819,
  50.652419 -33.67257 0.34448819,50.762092 -33.67257 0.34448819,
  50.762092 -34.204066 0.34448819,50.146313 -41.889012 0.34448819,
  50.146756 -41.888544 0.34448819,50.153987 -41.883481 0.34448819,
  50.172735 -41.864733 0.34448819,50.173007 -41.86415 0.34448819,
  50.178266 -41.857059 0.34448819,50.197014 -41.819564 0.34448819,
  50.197215 -41.817811 0.34448819,50.19835 -41.816458 0.34448819,
  50.200131 -41.806359 0.34448819,50.200131 -41.750116 0.34448819,
  50.199527 -41.748457 0.34448819,50.199937 -41.74674 0.34448819,
  50.197014 -41.736911 0.34448819,50.178266 -41.699416 0.34448819,
  50.177798 -41.698972 0.34448819,50.172735 -41.691742 0.34448819,
  50.153987 -41.672994 0.34448819,50.153404 -41.672722 0.34448819,
  50.146313 -41.667463 0.34448819,50.108818 -41.648715 0.34448819,
  50.107065 -41.648513 0.34448819,50.105712 -41.647379 0.34448819,
  50.095613 -41.645598 0.34448819,49.945632 -41.645598 0.34448819,
  49.938424 -41.648221 0.34448819,49.930868 -41.649554 0.34448819,
  49.929155 -41.651595 0.34448819,49.926652 -41.652506 0.34448819,
  49.922816 -41.659149 0.34448819,49.917885 -41.665026 0.34448819,
  49.917209 -41.668862 0.34448819,49.916553 -41.669998 0.34448819,
  49.91678 -41.67129 0.34448819,49.916104 -41.675126 0.34448819,
  49.916104 -41.704653 0.34448819,49.916104 -42.068826 0.34448819,
  49.923013 -42.087806 0.34448819,49.940504 -42.097906 0.34448819,
  49.960396 -42.094398 0.34448819,49.973379 -42.078926 0.34448819,
  49.975159 -42.068826 0.34448819,49.975159 -41.910877 0.34448819,
  50.095613 -41.910877 0.34448819,50.097272 -41.910273 0.34448819,
  50.098989 -41.910683 0.34448819,50.108818 -41.90776 0.34448819,
  50.141076 -41.757086 0.34448819,50.141076 -41.799388 0.34448819,
  50.127589 -41.826363 0.34448819,50.115617 -41.838335 0.34448819,
  50.088643 -41.851822 0.34448819,49.975159 -41.851822 0.34448819,
  49.975159 -41.704653 0.34448819,50.088643 -41.704653 0.34448819,
  50.115617 -41.71814 0.34448819,50.127589 -41.730112 0.34448819,
  50.790423 -40.79097 0.34448819,50.801476 -40.680444 0.34448819,
  51.029246 -40.680444 0.34448819,51.058774 -40.672532 0.34448819,
  51.08039 -40.650917 0.34448819,51.088302 -40.621389 0.34448819,
  51.08039 -40.591861 0.34448819,51.058774 -40.570246 0.34448819,
  51.029246 -40.562334 0.34448819,50.748031 -40.562334 0.34448819,
  50.736015 -40.565554 0.34448819,50.723739 -40.567561 0.34448819,
  50.72141 -40.569467 0.34448819,50.718504 -40.570246 0.34448819,
  50.709707 -40.579042 0.34448819,50.70008 -40.586919 0.34448819,
  50.699016 -40.589733 0.34448819,50.696888 -40.591861 0.34448819,
  50.693669 -40.603876 0.34448819,50.689269 -40.615513 0.34448819,
  50.661148 -40.896728 0.34448819,50.662867 -40.907239 0.34448819,
  50.662867 -40.917889 0.34448819,50.665298 -40.922099 0.34448819,
  50.666083 -40.926896 0.34448819,50.672827 -40.935139 0.34448819,
  50.678152 -40.944363 0.34448819,50.682361 -40.946793 0.34448819,
  50.68544 -40.950556 0.34448819,50.695404 -40.954322 0.34448819,
  50.704626 -40.959647 0.34448819,50.709487 -40.959647 0.34448819,
  50.714034 -40.961366 0.34448819,50.724545 -40.959647 0.34448819,
  50.735195 -40.959647 0.34448819,50.739405 -40.957216 0.34448819,
  50.744202 -40.956431 0.34448819,50.752446 -40.949687 0.34448819,
  50.761669 -40.944362 0.34448819,50.783014 -40.923017 0.34448819,
  50.818215 -40.905416 0.34448819,50.930941 -40.905416 0.34448819,
  50.966143 -40.923017 0.34448819,50.980711 -40.937585 0.34448819,
  50.998313 -40.972788 0.34448819,50.998313 -41.085513 0.34448819,
  50.980711 -41.120715 0.34448819,50.966143 -41.135284 0.34448819,
  50.930941 -41.152885 0.34448819,50.818215 -41.152885 0.34448819,
  50.783014 -41.135284 0.34448819,50.761669 -41.113939 0.34448819,
  50.735195 -41.098654 0.34448819,50.704626 -41.098654 0.34448819,
  50.678152 -41.113939 0.34448819,50.662867 -41.140412 0.34448819,
  50.662867 -41.170981 0.34448819,50.678152 -41.197455 0.34448819,
  50.706273 -41.225577 0.34448819,50.714508 -41.230331 0.34448819,
  50.721622 -41.236639 0.34448819,50.777865 -41.264761 0.34448819,
  50.791166 -41.267483 0.34448819,50.804275 -41.270995 0.34448819,
  50.944882 -41.270995 0.34448819,50.957994 -41.267481 0.34448819,
  50.971292 -41.264761 0.34448819,51.027535 -41.236639 0.34448819,
  51.034649 -41.230331 0.34448819,51.042884 -41.225577 0.34448819,
  51.071005 -41.197455 0.34448819,51.075759 -41.189221 0.34448819,
  51.082067 -41.182107 0.34448819,51.110189 -41.125865 0.34448819,
  51.11291 -41.112565 0.34448819,51.116423 -41.099454 0.34448819,
  51.116423 -40.958847 0.34448819,51.11291 -40.945736 0.34448819,
  51.110189 -40.932436 0.34448819,51.082067 -40.876194 0.34448819,
  51.075759 -40.86908 0.34448819,51.071005 -40.860846 0.34448819,
  51.042884 -40.832724 0.34448819,51.034649 -40.82797 0.34448819,
  51.027535 -40.821662 0.34448819,50.971292 -40.793541 0.34448819,
  50.957994 -40.790819 0.34448819,50.944882 -40.787306 0.34448819,
  50.804275 -40.787306 0.34448819,50.791166 -40.790818 0.34448819,
  51.677654 -40.60955 0.34448819,51.663983 -40.582207 0.34448819,
  51.638472 -40.565364 0.34448819,51.607958 -40.563533 0.34448819,
  51.580616 -40.577204 0.34448819,51.563773 -40.602714 0.34448819,
  51.422947 -41.025191 0.34448819,51.282121 -40.602714 0.34448819,
  51.265278 -40.577204 0.34448819,51.237936 -40.563533 0.34448819,
  51.207422 -40.565365 0.34448819,51.181912 -40.582207 0.34448819,
  51.168241 -40.60955 0.34448819,51.170072 -40.640064 0.34448819,
  51.366923 -41.230615 0.34448819,51.373457 -41.240513 0.34448819,
  51.378762 -41.251122 0.34448819,51.381775 -41.253111 0.34448819,
  51.383766 -41.256126 0.34448819,51.394376 -41.261431 0.34448819,
  51.404272 -41.267965 0.34448819,51.407877 -41.268181 0.34448819,
  51.411108 -41.269796 0.34448819,51.422948 -41.269085 0.34448819,
  51.434787 -41.269796 0.34448819,51.438017 -41.268181 0.34448819,
  51.441622 -41.267965 0.34448819,51.451521 -41.261429 0.34448819,
  51.462129 -41.256125 0.34448819,51.464118 -41.253112 0.34448819,
  51.467133 -41.251122 0.34448819,51.472438 -41.240511 0.34448819,
  51.478972 -41.230615 0.34448819,51.675822 -40.640064 0.34448819,
  58.005805 -35.078644 0.34448819,58.048588 -35.206993 0.34448819,
  58.065431 -35.232504 0.34448819,58.092773 -35.246174 0.34448819,
  58.123287 -35.244343 0.34448819,58.148798 -35.2275 0.34448819,
  58.162469 -35.200157 0.34448819,58.160637 -35.169643 0.34448819,
  57.963786 -34.579092 0.34448819,57.957252 -34.569196 0.34448819,
  57.951947 -34.558585 0.34448819,57.948933 -34.556595 0.34448819,
  57.946943 -34.553582 0.34448819,57.936336 -34.548278 0.34448819,
  57.926437 -34.541742 0.34448819,57.922831 -34.541526 0.34448819,
  57.919601 -34.539911 0.34448819,57.907763 -34.540621 0.34448819,
  57.895922 -34.539911 0.34448819,57.892691 -34.541526 0.34448819,
  57.889087 -34.541743 0.34448819,57.879191 -34.548276 0.34448819,
  57.86858 -34.553581 0.34448819,57.86659 -34.556596 0.34448819,
  57.863577 -34.558585 0.34448819,57.858272 -34.569194 0.34448819,
  57.851737 -34.579092 0.34448819,57.72459 -34.960534 0.34448819,
  57.654887 -35.169643 0.34448819,57.653055 -35.200157 0.34448819,
  57.666726 -35.2275 0.34448819,57.692237 -35.244343 0.34448819,
  57.722751 -35.246174 0.34448819,57.750093 -35.232503 0.34448819,
  57.766936 -35.206993 0.34448819,57.809719 -35.078644 0.34448819,
  57.966435 -34.960534 0.34448819,57.849089 -34.960534 0.34448819,
  57.907762 -34.784515 0.34448819,57.776691 -33.90818 0.34448819,
  57.783805 -33.901872 0.34448819,57.792039 -33.897118 0.34448819,
  57.820161 -33.868996 0.34448819,57.824915 -33.860762 0.34448819,
  57.831223 -33.853648 0.34448819,57.859344 -33.797405 0.34448819,
  57.862065 -33.784107 0.34448819,57.865579 -33.770995 0.34448819,
  57.865579 -33.686631 0.34448819,57.862065 -33.673518 0.34448819,
  57.859344 -33.660221 0.34448819,57.831223 -33.603978 0.34448819,
  57.824915 -33.596863 0.34448819,57.820161 -33.588629 0.34448819,
  57.792039 -33.560508 0.34448819,57.783805 -33.555754 0.34448819,
  57.776691 -33.549446 0.34448819,57.720448 -33.521324 0.34448819,
  57.707149 -33.518603 0.34448819,57.694038 -33.51509 0.34448819,
  57.469066 -33.51509 0.34448819,57.439539 -33.523002 0.34448819,
  57.417923 -33.544617 0.34448819,57.410011 -33.574145 0.34448819,
  57.410011 -33.6332 0.34448819,57.410011 -34.164696 0.34448819,
  57.417923 -34.194224 0.34448819,57.439539 -34.215839 0.34448819,
  57.469066 -34.223751 0.34448819,57.498594 -34.215839 0.34448819,
  57.520209 -34.194224 0.34448819,57.528121 -34.164696 0.34448819,
  57.528121 -33.942536 0.34448819,57.578926 -33.942536 0.34448819,
  57.758144 -34.198562 0.34448819,57.781559 -34.218215 0.34448819,
  57.811663 -34.223527 0.34448819,57.84039 -34.213076 0.34448819,
  57.860043 -34.189661 0.34448819,57.865355 -34.159557 0.34448819,
  57.854904 -34.13083 0.34448819,57.718948 -33.936608 0.34448819,
  57.720448 -33.936302 0.34448819,57.747469 -33.700571 0.34448819,
  57.747469 -33.757054 0.34448819,57.729868 -33.792256 0.34448819,
  57.715299 -33.806825 0.34448819,57.680097 -33.824426 0.34448819,
  57.528121 -33.824426 0.34448819,57.528121 -33.6332 0.34448819,
  57.680097 -33.6332 0.34448819,57.7153 -33.650801 0.34448819,
  57.729868 -33.66537 0.34448819,57.47141 -40.75901 0.34448819,
  57.59225 -40.620907 0.34448819,57.594824 -40.615672 0.34448819,
  57.59895 -40.611546 0.34448819,57.60146 -40.602177 0.34448819,
  57.60574 -40.593475 0.34448819,57.605352 -40.587654 0.34448819,
  57.606862 -40.582019 0.34448819,57.604351 -40.57265 0.34448819,
  57.603706 -40.562974 0.34448819,57.60046 -40.558127 0.34448819,
  57.59895 -40.552491 0.34448819,57.592091 -40.545632 0.34448819,
  57.586694 -40.537576 0.34448819,57.58146 -40.535002 0.34448819,
  57.577334 -40.530876 0.34448819,57.567965 -40.528365 0.34448819,
  57.559263 -40.524086 0.34448819,57.553442 -40.524474 0.34448819,
  57.547807 -40.522964 0.34448819,57.182227 -40.522964 0.34448819,
  57.1527 -40.530876 0.34448819,57.131084 -40.552491 0.34448819,
  57.123172 -40.582019 0.34448819,57.131084 -40.611546 0.34448819,
  57.1527 -40.633162 0.34448819,57.182227 -40.641074 0.34448819,
  57.417663 -40.641074 0.34448819,57.306513 -40.768103 0.34448819,
  57.303938 -40.773338 0.34448819,57.299813 -40.777463 0.34448819,
  57.297303 -40.78683 0.34448819,57.293023 -40.795535 0.34448819,
  57.293411 -40.801356 0.34448819,57.291901 -40.806991 0.34448819,
  57.294411 -40.816358 0.34448819,57.295056 -40.826036 0.34448819,
  57.298303 -40.830883 0.34448819,57.299813 -40.836519 0.34448819,
  57.30667 -40.843376 0.34448819,57.312068 -40.851435 0.34448819,
  57.317304 -40.854009 0.34448819,57.321429 -40.858134 0.34448819,
  57.330796 -40.860644 0.34448819,57.3395 -40.864924 0.34448819,
  57.345322 -40.864536 0.34448819,57.350956 -40.866046 0.34448819,
  57.42138 -40.866046 0.34448819,57.456582 -40.883647 0.34448819,
  57.47115 -40.898215 0.34448819,57.488752 -40.933418 0.34448819,
  57.488752 -41.046143 0.34448819,57.47115 -41.081345 0.34448819,
  57.456582 -41.095914 0.34448819,57.42138 -41.113515 0.34448819,
  57.280533 -41.113515 0.34448819,57.24533 -41.095914 0.34448819,
  57.223985 -41.074569 0.34448819,57.197512 -41.059284 0.34448819,
  57.166943 -41.059284 0.34448819,57.140469 -41.074569 0.34448819,
  57.125184 -41.101043 0.34448819,57.125184 -41.131612 0.34448819,
  57.140469 -41.158085 0.34448819,57.168591 -41.186207 0.34448819,
  57.176824 -41.190961 0.34448819,57.183939 -41.197269 0.34448819,
  57.240182 -41.225391 0.34448819,57.253479 -41.228111 0.34448819,
  57.266592 -41.231625 0.34448819,57.43532 -41.231625 0.34448819,
  57.448433 -41.228111 0.34448819,57.46173 -41.225391 0.34448819,
  57.517974 -41.197269 0.34448819,57.525088 -41.190961 0.34448819,
  57.533322 -41.186207 0.34448819,57.561444 -41.158085 0.34448819,
  57.566197 -41.149851 0.34448819,57.572506 -41.142737 0.34448819,
  57.600627 -41.086495 0.34448819,57.603349 -41.073194 0.34448819,
  57.606862 -41.060084 0.34448819,57.606862 -40.919477 0.34448819,
  57.603349 -40.906366 0.34448819,57.600627 -40.893066 0.34448819,
  57.572506 -40.836824 0.34448819,57.566197 -40.82971 0.34448819,
  57.561444 -40.821476 0.34448819,57.533322 -40.793354 0.34448819,
  57.525088 -40.7886 0.34448819,57.517974 -40.782292 0.34448819,
  58.552844 -35.213017 0.34448819,58.559958 -35.206709 0.34448819,
  58.568193 -35.201955 0.34448819,58.596314 -35.173833 0.34448819,
  58.601068 -35.165599 0.34448819,58.607376 -35.158485 0.34448819,
  58.635498 -35.102242 0.34448819,58.636804 -35.095856 0.34448819,
  58.639969 -35.090156 0.34448819,58.668091 -34.97767 0.34448819,
  58.667968 -34.970384 0.34448819,58.669854 -34.963346 0.34448819,
  58.669854 -34.822739 0.34448819,58.667968 -34.815701 0.34448819,
  58.668091 -34.808416 0.34448819,58.639969 -34.69593 0.34448819,
  58.636804 -34.69023 0.34448819,58.635498 -34.683843 0.34448819,
  58.607376 -34.6276 0.34448819,58.601068 -34.620485 0.34448819,
  58.596314 -34.612251 0.34448819,58.568192 -34.58413 0.34448819,
  58.559958 -34.579376 0.34448819,58.552844 -34.573068 0.34448819,
  58.496602 -34.544946 0.34448819,58.483302 -34.542225 0.34448819,
  58.470191 -34.538712 0.34448819,58.413948 -34.538712 0.34448819,
  58.400838 -34.542224 0.34448819,58.387538 -34.544946 0.34448819,
  58.331295 -34.573068 0.34448819,58.324181 -34.579376 0.34448819,
  58.315948 -34.58413 0.34448819,58.287826 -34.612251 0.34448819,
  58.283071 -34.620486 0.34448819,58.276763 -34.6276 0.34448819,
  58.248642 -34.683843 0.34448819,58.247334 -34.69023 0.34448819,
  58.24417 -34.69593 0.34448819,58.216049 -34.808416 0.34448819,
  58.216172 -34.8157 0.34448819,58.214286 -34.822739 0.34448819,
  58.214286 -34.956077 0.34448819,58.214286 -34.963346 0.34448819,
  58.216172 -34.970385 0.34448819,58.216049 -34.977669 0.34448819,
  58.24417 -35.090155 0.34448819,58.247334 -35.095855 0.34448819,
  58.248642 -35.102243 0.34448819,58.276763 -35.158485 0.34448819,
  58.283071 -35.165599 0.34448819,58.287826 -35.173833 0.34448819,
  58.315947 -35.201955 0.34448819,58.324181 -35.206709 0.34448819,
  58.331295 -35.213017 0.34448819,58.387539 -35.241139 0.34448819,
  58.400836 -35.243859 0.34448819,58.413948 -35.247373 0.34448819,
  58.470191 -35.247373 0.34448819,58.483303 -35.24386 0.34448819,
  58.496602 -35.241139 0.34448819,58.551744 -34.830008 0.34448819,
  58.551744 -34.956077 0.34448819,58.526957 -35.05522 0.34448819,
  58.506021 -35.097093 0.34448819,58.491452 -35.111662 0.34448819,
  58.45625 -35.129263 0.34448819,58.427889 -35.129263 0.34448819,
  58.392687 -35.111662 0.34448819,58.378119 -35.097093 0.34448819,
  58.357181 -35.055219 0.34448819,58.332396 -34.956077 0.34448819,
  58.332396 -34.830008 0.34448819,58.357181 -34.730865 0.34448819,
  58.378119 -34.688991 0.34448819,58.392687 -34.674423 0.34448819,
  58.427889 -34.656822 0.34448819,58.45625 -34.656822 0.34448819,
  58.491453 -34.674423 0.34448819,58.506021 -34.688992 0.34448819,
  58.526957 -34.730865 0.34448819,58.595027 -36.236639 0.34448819,
  58.602141 -36.230331 0.34448819,58.610375 -36.225577 0.34448819,
  58.638496 -36.197456 0.34448819,58.64325 -36.189221 0.34448819,
  58.649559 -36.182107 0.34448819,58.67768 -36.125864 0.34448819,
  58.678987 -36.119478 0.34448819,58.682151 -36.113778 0.34448819,
  58.710273 -36.001292 0.34448819,58.71015 -35.994006 0.34448819,
  58.712036 -35.986969 0.34448819,58.712036 -35.846361 0.34448819,
  58.71015 -35.839323 0.34448819,58.710273 -35.832038 0.34448819,
  58.682151 -35.719552 0.34448819,58.678987 -35.713852 0.34448819,
  58.67768 -35.707465 0.34448819,58.649559 -35.651222 0.34448819,
  58.64325 -35.644107 0.34448819,58.638496 -35.635873 0.34448819,
  58.610374 -35.607752 0.34448819,58.60214 -35.602998 0.34448819,
  58.595027 -35.59669 0.34448819,58.538784 -35.568569 0.34448819,
  58.525484 -35.565847 0.34448819,58.512374 -35.562334 0.34448819,
  58.456131 -35.562334 0.34448819,58.44302 -35.565846 0.34448819,
  58.42972 -35.568569 0.34448819,58.373478 -35.59669 0.34448819,
  58.366364 -35.602998 0.34448819,58.35813 -35.607752 0.34448819,
  58.330008 -35.635873 0.34448819,58.325254 -35.644108 0.34448819,
  58.318946 -35.651222 0.34448819,58.290824 -35.707465 0.34448819,
  58.289517 -35.713852 0.34448819,58.286353 -35.719552 0.34448819,
  58.258231 -35.832038 0.34448819,58.258354 -35.839322 0.34448819,
  58.256468 -35.846361 0.34448819,58.256468 -35.979699 0.34448819,
  58.256468 -35.986969 0.34448819,58.258354 -35.994007 0.34448819,
  58.258231 -36.001291 0.34448819,58.286353 -36.113777 0.34448819,
  58.289517 -36.119477 0.34448819,58.290824 -36.125865 0.34448819,
  58.318946 -36.182107 0.34448819,58.325254 -36.189221 0.34448819,
  58.330008 -36.197456 0.34448819,58.35813 -36.225577 0.34448819,
  58.366363 -36.230331 0.34448819,58.373478 -36.236639 0.34448819,
  58.429721 -36.264761 0.34448819,58.443018 -36.267481 0.34448819,
  58.456131 -36.270995 0.34448819,58.512374 -36.270995 0.34448819,
  58.525485 -36.267482 0.34448819,58.538784 -36.264761 0.34448819,
  58.593926 -35.85363 0.34448819,58.593926 -35.979699 0.34448819,
  58.56914 -36.078842 0.34448819,58.548203 -36.120715 0.34448819,
  58.533634 -36.135284 0.34448819,58.498433 -36.152885 0.34448819,
  58.470072 -36.152885 0.34448819,58.434869 -36.135284 0.34448819,
  58.420301 -36.120715 0.34448819,58.399363 -36.078841 0.34448819,
  58.374578 -35.979699 0.34448819,58.374578 -35.85363 0.34448819,
  58.399363 -35.754487 0.34448819,58.420301 -35.712613 0.34448819,
  58.434869 -35.698045 0.34448819,58.470072 -35.680444 0.34448819,
  58.498433 -35.680444 0.34448819,58.533635 -35.698045 0.34448819,
  58.548204 -35.712614 0.34448819,58.56914 -35.754487 0.34448819,
  58.540026 -40.75901 0.34448819,58.660866 -40.620907 0.34448819,
  58.66344 -40.615672 0.34448819,58.667566 -40.611546 0.34448819,
  58.670076 -40.602177 0.34448819,58.674356 -40.593475 0.34448819,
  58.673968 -40.587654 0.34448819,58.675478 -40.582019 0.34448819,
  58.672967 -40.57265 0.34448819,58.672322 -40.562974 0.34448819,
  58.669076 -40.558127 0.34448819,58.667566 -40.552491 0.34448819,
  58.660707 -40.545632 0.34448819,58.655311 -40.537576 0.34448819,
  58.650076 -40.535002 0.34448819,58.64595 -40.530876 0.34448819,
  58.636581 -40.528365 0.34448819,58.627879 -40.524086 0.34448819,
  58.622058 -40.524474 0.34448819,58.616423 -40.522964 0.34448819,
  58.250843 -40.522964 0.34448819,58.221316 -40.530876 0.34448819,
  58.1997 -40.552491 0.34448819,58.191788 -40.582019 0.34448819,
  58.1997 -40.611546 0.34448819,58.221316 -40.633162 0.34448819,
  58.250843 -40.641074 0.34448819,58.486279 -40.641074 0.34448819,
  58.375129 -40.768103 0.34448819,58.372554 -40.773338 0.34448819,
  58.368429 -40.777463 0.34448819,58.365919 -40.78683 0.34448819,
  58.361639 -40.795535 0.34448819,58.362027 -40.801356 0.34448819,
  58.360517 -40.806991 0.34448819,58.363027 -40.816358 0.34448819,
  58.363672 -40.826036 0.34448819,58.366919 -40.830883 0.34448819,
  58.368429 -40.836519 0.34448819,58.375286 -40.843376 0.34448819,
  58.380684 -40.851435 0.34448819,58.38592 -40.854009 0.34448819,
  58.390045 -40.858134 0.34448819,58.399412 -40.860644 0.34448819,
  58.408116 -40.864924 0.34448819,58.413938 -40.864536 0.34448819,
  58.419572 -40.866046 0.34448819,58.489996 -40.866046 0.34448819,
  58.525198 -40.883647 0.34448819,58.539766 -40.898215 0.34448819,
  58.557368 -40.933418 0.34448819,58.557368 -41.046143 0.34448819,
  58.539766 -41.081345 0.34448819,58.525198 -41.095914 0.34448819,
  58.489996 -41.113515 0.34448819,58.349149 -41.113515 0.34448819,
  58.313946 -41.095914 0.34448819,58.292602 -41.074569 0.34448819,
  58.266128 -41.059284 0.34448819,58.235559 -41.059284 0.34448819,
  58.209085 -41.074569 0.34448819,58.1938 -41.101043 0.34448819,
  58.1938 -41.131612 0.34448819,58.209085 -41.158085 0.34448819,
  58.237207 -41.186207 0.34448819,58.245441 -41.190961 0.34448819,
  58.252555 -41.197269 0.34448819,58.308798 -41.225391 0.34448819,
  58.322095 -41.228111 0.34448819,58.335208 -41.231625 0.34448819,
  58.503937 -41.231625 0.34448819,58.517049 -41.228111 0.34448819,
  58.530346 -41.225391 0.34448819,58.58659 -41.197269 0.34448819,
  58.593704 -41.190961 0.34448819,58.601939 -41.186207 0.34448819,
  58.63006 -41.158085 0.34448819,58.634813 -41.149851 0.34448819,
  58.641122 -41.142737 0.34448819,58.669243 -41.086495 0.34448819,
  58.671965 -41.073194 0.34448819,58.675478 -41.060084 0.34448819,
  58.675478 -40.919477 0.34448819,58.671965 -40.906366 0.34448819,
  58.669243 -40.893066 0.34448819,58.641122 -40.836824 0.34448819,
  58.634813 -40.82971 0.34448819,58.63006 -40.821476 0.34448819,
  58.601939 -40.793354 0.34448819,58.593704 -40.7886 0.34448819,
  58.58659 -40.782292 0.34448819,58.168093 -40.57018 0.34448819,
  58.154422 -40.542837 0.34448819,58.128911 -40.525994 0.34448819,
  58.098397 -40.524163 0.34448819,58.071055 -40.537833 0.34448819,
  58.054212 -40.563344 0.34448819,57.913386 -40.985821 0.34448819,
  57.77256 -40.563344 0.34448819,57.755717 -40.537834 0.34448819,
  57.728375 -40.524163 0.34448819,57.697861 -40.525994 0.34448819,
  57.67235 -40.542837 0.34448819,57.658679 -40.57018 0.34448819,
  57.660511 -40.600694 0.34448819,57.857361 -41.191245 0.34448819,
  57.863896 -41.201143 0.34448819,57.869201 -41.211752 0.34448819,
  57.872214 -41.213741 0.34448819,57.874204 -41.216756 0.34448819,
  57.884815 -41.222061 0.34448819,57.894711 -41.228594 0.34448819,
  57.898315 -41.228811 0.34448819,57.901546 -41.230426 0.34448819,
  57.913387 -41.229715 0.34448819,57.925225 -41.230426 0.34448819,
  57.928455 -41.228811 0.34448819,57.932061 -41.228595 0.34448819,
  57.94196 -41.222059 0.34448819,57.952567 -41.216755 0.34448819,
  57.954557 -41.213742 0.34448819,57.957571 -41.211752 0.34448819,
  57.962876 -41.201141 0.34448819,57.96941 -41.191245 0.34448819,
  58.166261 -40.600694 0.34448819,51.118225 -40.255592 0.34448819,
  51.129554 -40.248111 0.34448819,51.141309 -40.241325 0.34448819,
  51.16943 -40.213203 0.34448819,51.173317 -40.20647 0.34448819,
  51.178815 -40.200973 0.34448819,51.180827 -40.193462 0.34448819,
  51.184714 -40.18673 0.34448819,51.184714 -40.178955 0.34448819,
  51.186726 -40.171445 0.34448819,51.186726 -39.974595 0.34448819,
  51.178815 -39.945067 0.34448819,51.157199 -39.923452 0.34448819,
  51.127671 -39.91554 0.34448819,51.015185 -39.91554 0.34448819,
  50.985658 -39.923452 0.34448819,50.964042 -39.945067 0.34448819,
  50.95613 -39.974595 0.34448819,50.964042 -40.004122 0.34448819,
  50.985658 -40.025738 0.34448819,51.015185 -40.03365 0.34448819,
  51.068616 -40.03365 0.34448819,51.068616 -40.146984 0.34448819,
  51.06765 -40.14795 0.34448819,51.005602 -40.168633 0.34448819,
  50.968526 -40.168633 0.34448819,50.906478 -40.14795 0.34448819,
  50.86687 -40.108342 0.34448819,50.845932 -40.066468 0.34448819,
  50.821147 -39.967326 0.34448819,50.821147 -39.897499 0.34448819,
  50.845932 -39.798357 0.34448819,50.86687 -39.756483 0.34448819,
  50.906478 -39.716874 0.34448819,50.968526 -39.696192 0.34448819,
  51.029366 -39.696192 0.34448819,51.073139 -39.718079 0.34448819,
  51.103088 -39.724208 0.34448819,51.132089 -39.714541 0.34448819,
  51.15237 -39.691669 0.34448819,51.158499 -39.66172 0.34448819,
  51.148832 -39.63272 0.34448819,51.12596 -39.612438 0.34448819,
  51.069717 -39.584317 0.34448819,51.056418 -39.581595 0.34448819,
  51.043307 -39.578082 0.34448819,50.958943 -39.578082 0.34448819,
  50.949758 -39.580543 0.34448819,50.940267 -39.581113 0.34448819,
  50.855903 -39.609234 0.34448819,50.844575 -39.616713 0.34448819,
  50.83282 -39.6235 0.34448819,50.776577 -39.679743 0.34448819,
  50.771822 -39.687978 0.34448819,50.765515 -39.695091 0.34448819,
  50.737393 -39.751334 0.34448819,50.736085 -39.757722 0.34448819,
  50.732922 -39.763422 0.34448819,50.7048 -39.875907 0.34448819,
  50.704923 -39.883192 0.34448819,50.703037 -39.89023 0.34448819,
  50.703037 -39.974595 0.34448819,50.704923 -39.981633 0.34448819,
  50.7048 -39.988918 0.34448819,50.732922 -40.101404 0.34448819,
  50.736085 -40.107103 0.34448819,50.737393 -40.113491 0.34448819,
  50.765515 -40.169734 0.34448819,50.771822 -40.176848 0.34448819,
  50.776577 -40.185082 0.34448819,50.83282 -40.241325 0.34448819,
  50.844575 -40.248112 0.34448819,50.855903 -40.255592 0.34448819,
  50.940268 -40.283713 0.34448819,50.949759 -40.284283 0.34448819,
  50.958943 -40.286743 0.34448819,51.015185 -40.286743 0.34448819,
  51.024369 -40.284283 0.34448819,51.03386 -40.283713 0.34448819,
  58.076067 -40.145712 0.34448819,58.08082 -40.137478 0.34448819,
  58.087129 -40.130364 0.34448819,58.11525 -40.074121 0.34448819,
  58.116557 -40.067733 0.34448819,58.119722 -40.062033 0.34448819,
  58.147843 -39.949548 0.34448819,58.14772 -39.942263 0.34448819,
  58.149606 -39.935225 0.34448819,58.149606 -39.85086 0.34448819,
  58.14772 -39.843822 0.34448819,58.147843 -39.836537 0.34448819,
  58.119722 -39.724052 0.34448819,58.116557 -39.718352 0.34448819,
  58.11525 -39.711964 0.34448819,58.087129 -39.655721 0.34448819,
  58.08082 -39.648607 0.34448819,58.076067 -39.640373 0.34448819,
  58.019824 -39.58413 0.34448819,58.008069 -39.577344 0.34448819,
  57.99674 -39.569864 0.34448819,57.912376 -39.541743 0.34448819,
  57.902885 -39.541172 0.34448819,57.893701 -39.538712 0.34448819,
  57.753093 -39.538712 0.34448819,57.723566 -39.546624 0.34448819,
  57.70195 -39.568239 0.34448819,57.694038 -39.597767 0.34448819,
  57.694038 -39.656822 0.34448819,57.694038 -40.188318 0.34448819,
  57.70195 -40.217846 0.34448819,57.723566 -40.239461 0.34448819,
  57.753093 -40.247373 0.34448819,57.893701 -40.247373 0.34448819,
  57.902884 -40.244913 0.34448819,57.912376 -40.244343 0.34448819,
  57.99674 -40.216222 0.34448819,58.008069 -40.208741 0.34448819,
  58.019824 -40.201955 0.34448819,58.031496 -39.858129 0.34448819,
  58.031496 -39.927956 0.34448819,58.00671 -40.027098 0.34448819,
  57.985774 -40.068972 0.34448819,57.946165 -40.10858 0.34448819,
  57.884117 -40.129263 0.34448819,57.812148 -40.129263 0.34448819,
  57.812148 -39.656822 0.34448819,57.884118 -39.656822 0.34448819,
  57.946165 -39.677504 0.34448819,57.985774 -39.717113 0.34448819,
  58.00671 -39.758987 0.34448819,58.374578 -39.977287 0.34448819,
  58.392179 -39.942085 0.34448819,58.406748 -39.927517 0.34448819,
  58.44195 -39.909915 0.34448819,58.526554 -39.909915 0.34448819,
  58.561756 -39.927517 0.34448819,58.576325 -39.942085 0.34448819,
  58.593926 -39.977287 0.34448819,58.593926 -40.061891 0.34448819,
  58.576324 -40.097093 0.34448819,58.561756 -40.111662 0.34448819,
  58.526554 -40.129263 0.34448819,58.44195 -40.129263 0.34448819,
  58.406748 -40.111662 0.34448819,58.392179 -40.097093 0.34448819,
  58.374578 -40.061891 0.34448819,58.623148 -40.213017 0.34448819,
  58.630262 -40.206709 0.34448819,58.638497 -40.201955 0.34448819,
  58.666618 -40.173833 0.34448819,58.671372 -40.165599 0.34448819,
  58.67768 -40.158485 0.34448819,58.705802 -40.102243 0.34448819,
  58.708523 -40.088943 0.34448819,58.712036 -40.075832 0.34448819,
  58.712036 -39.963346 0.34448819,58.708523 -39.950235 0.34448819,
  58.705802 -39.936936 0.34448819,58.67768 -39.880693 0.34448819,
  58.671371 -39.873579 0.34448819,58.666618 -39.865345 0.34448819,
  58.652133 -39.85086 0.34448819,58.666618 -39.836375 0.34448819,
  58.671372 -39.828141 0.34448819,58.67768 -39.821028 0.34448819,
  58.705802 -39.764785 0.34448819,58.708523 -39.751485 0.34448819,
  58.712036 -39.738374 0.34448819,58.712036 -39.710253 0.34448819,
  58.708523 -39.697142 0.34448819,58.705802 -39.683842 0.34448819,
  58.67768 -39.6276 0.34448819,58.671372 -39.620486 0.34448819,
  58.666618 -39.612252 0.34448819,58.638496 -39.58413 0.34448819,
  58.630262 -39.579376 0.34448819,58.623148 -39.573068 0.34448819,
  58.566905 -39.544946 0.34448819,58.553606 -39.542225 0.34448819,
  58.540495 -39.538712 0.34448819,58.428009 -39.538712 0.34448819,
  58.414898 -39.542224 0.34448819,58.401598 -39.544946 0.34448819,
  58.345356 -39.573068 0.34448819,58.338242 -39.579376 0.34448819,
  58.330008 -39.58413 0.34448819,58.301887 -39.612251 0.34448819,
  58.297132 -39.620485 0.34448819,58.290824 -39.6276 0.34448819,
  58.262703 -39.683843 0.34448819,58.259981 -39.697141 0.34448819,
  58.256468 -39.710253 0.34448819,58.256468 -39.724433 0.34448819,
  58.256468 -39.738374 0.34448819,58.259981 -39.751486 0.34448819,
  58.262703 -39.764785 0.34448819,58.290824 -39.821028 0.34448819,
  58.297132 -39.828141 0.34448819,58.301886 -39.836376 0.34448819,
  58.316371 -39.85086 0.34448819,58.301887 -39.865344 0.34448819,
  58.297132 -39.873579 0.34448819,58.290824 -39.880693 0.34448819,
  58.262703 -39.936937 0.34448819,58.259981 -39.950234 0.34448819,
  58.256468 -39.963346 0.34448819,58.256468 -40.061891 0.34448819,
  58.256468 -40.075832 0.34448819,58.259981 -40.088944 0.34448819,
  58.262703 -40.102243 0.34448819,58.290824 -40.158485 0.34448819,
  58.297132 -40.165599 0.34448819,58.301886 -40.173833 0.34448819,
  58.330008 -40.201955 0.34448819,58.338242 -40.206709 0.34448819,
  58.345356 -40.213017 0.34448819,58.401599 -40.241139 0.34448819,
  58.414896 -40.243859 0.34448819,58.428009 -40.247373 0.34448819,
  58.540495 -40.247373 0.34448819,58.553607 -40.243859 0.34448819,
  58.566905 -40.241139 0.34448819,58.593926 -39.724194 0.34448819,
  58.593926 -39.724433 0.34448819,58.576324 -39.759635 0.34448819,
  58.561756 -39.774204 0.34448819,58.526554 -39.791805 0.34448819,
  58.44195 -39.791805 0.34448819,58.406748 -39.774204 0.34448819,
  58.392179 -39.759635 0.34448819,58.374578 -39.724433 0.34448819,
  58.374578 -39.724193 0.34448819,58.392179 -39.688992 0.34448819,
  58.406748 -39.674423 0.34448819,58.44195 -39.656822 0.34448819,
  58.526554 -39.656822 0.34448819,58.561756 -39.674423 0.34448819,
  58.576325 -39.688992 0.34448819,51.068193 -39.20083 0.34448819,
  51.072946 -39.192596 0.34448819,51.079255 -39.185482 0.34448819,
  51.107376 -39.129239 0.34448819,51.108683 -39.122851 0.34448819,
  51.111848 -39.117152 0.34448819,51.139969 -39.004666 0.34448819,
  51.139846 -38.997381 0.34448819,51.141732 -38.990343 0.34448819,
  51.141732 -38.905978 0.34448819,51.139846 -38.89894 0.34448819,
  51.139969 -38.891656 0.34448819,51.111848 -38.77917 0.34448819,
  51.108683 -38.77347 0.34448819,51.107376 -38.767082 0.34448819,
  51.079255 -38.710839 0.34448819,51.072946 -38.703726 0.34448819,
  51.068193 -38.695491 0.34448819,51.01195 -38.639248 0.34448819,
  51.000195 -38.632462 0.34448819,50.988866 -38.624982 0.34448819,
  50.904502 -38.596861 0.34448819,50.895011 -38.596291 0.34448819,
  50.885827 -38.59383 0.34448819,50.745219 -38.59383 0.34448819,
  50.715692 -38.601742 0.34448819,50.694076 -38.623357 0.34448819,
  50.686164 -38.652885 0.34448819,50.686164 -38.71194 0.34448819,
  50.686164 -39.243436 0.34448819,50.694076 -39.272964 0.34448819,
  50.715692 -39.29458 0.34448819,50.745219 -39.302491 0.34448819,
  50.885827 -39.302491 0.34448819,50.89501 -39.300031 0.34448819,
  50.904502 -39.299461 0.34448819,50.988866 -39.27134 0.34448819,
  51.000195 -39.263859 0.34448819,51.01195 -39.257073 0.34448819,
  51.023622 -38.913247 0.34448819,51.023622 -38.983074 0.34448819,
  50.998836 -39.082216 0.34448819,50.9779 -39.12409 0.34448819,
  50.938291 -39.163698 0.34448819,50.876243 -39.184381 0.34448819,
  50.804274 -39.184381 0.34448819,50.804274 -38.71194 0.34448819,
  50.876244 -38.71194 0.34448819,50.938291 -38.732622 0.34448819,
  50.9779 -38.772231 0.34448819,50.998836 -38.814105 0.34448819,
  51.251055 -39.037401 0.34448819,51.248594 -39.046586 0.34448819,
  51.250154 -39.052408 0.34448819,51.249793 -39.058425 0.34448819,
  51.254045 -39.06693 0.34448819,51.256506 -39.076113 0.34448819,
  51.260768 -39.080375 0.34448819,51.263464 -39.085767 0.34448819,
  51.271398 -39.091006 0.34448819,51.278122 -39.097729 0.34448819,
  51.283944 -39.099289 0.34448819,51.288974 -39.10261 0.34448819,
  51.298465 -39.10318 0.34448819,51.307649 -39.105641 0.34448819,
  51.529809 -39.105641 0.34448819,51.529809 -39.243436 0.34448819,
  51.537721 -39.272964 0.34448819,51.559337 -39.29458 0.34448819,
  51.588864 -39.302491 0.34448819,51.618392 -39.29458 0.34448819,
  51.640007 -39.272964 0.34448819,51.647919 -39.243436 0.34448819,
  51.647919 -39.105641 0.34448819,51.673228 -39.105641 0.34448819,
  51.702756 -39.097729 0.34448819,51.724372 -39.076113 0.34448819,
  51.732283 -39.046586 0.34448819,51.724372 -39.017058 0.34448819,
  51.702756 -38.995443 0.34448819,51.673228 -38.987531 0.34448819,
  51.647919 -38.987531 0.34448819,51.647919 -38.849735 0.34448819,
  51.640007 -38.820208 0.34448819,51.618392 -38.798592 0.34448819,
  51.588864 -38.79068 0.34448819,51.559337 -38.798592 0.34448819,
  51.537721 -38.820208 0.34448819,51.529809 -38.849735 0.34448819,
  51.529809 -38.987531 0.34448819,51.389583 -38.987531 0.34448819,
  51.504281 -38.643439 0.34448819,51.506113 -38.612924 0.34448819,
  51.492442 -38.585583 0.34448819,51.466931 -38.568739 0.34448819,
  51.436417 -38.566908 0.34448819,51.409075 -38.580579 0.34448819,
  51.392232 -38.606089 0.34448819,51.251625 -39.027911 0.34448819,
  58.076067 -39.12209 0.34448819,58.08082 -39.113856 0.34448819,
  58.087129 -39.106742 0.34448819,58.11525 -39.050499 0.34448819,
  58.116557 -39.044111 0.34448819,58.119722 -39.038411 0.34448819,
  58.147843 -38.925926 0.34448819,58.14772 -38.918641 0.34448819,
  58.149606 -38.911603 0.34448819,58.149606 -38.827238 0.34448819,
  58.14772 -38.8202 0.34448819,58.147843 -38.812915 0.34448819,
  58.119722 -38.70043 0.34448819,58.116557 -38.69473 0.34448819,
  58.11525 -38.688342 0.34448819,58.087129 -38.632099 0.34448819,
  58.08082 -38.624985 0.34448819,58.076067 -38.616751 0.34448819,
  58.019824 -38.560508 0.34448819,58.008069 -38.553722 0.34448819,
  57.99674 -38.546242 0.34448819,57.912376 -38.51812 0.34448819,
  57.902885 -38.51755 0.34448819,57.893701 -38.51509 0.34448819,
  57.753093 -38.51509 0.34448819,57.723566 -38.523002 0.34448819,
  57.70195 -38.544617 0.34448819,57.694038 -38.574145 0.34448819,
  57.694038 -38.6332 0.34448819,57.694038 -39.164696 0.34448819,
  57.70195 -39.194224 0.34448819,57.723566 -39.215839 0.34448819,
  57.753093 -39.223751 0.34448819,57.893701 -39.223751 0.34448819,
  57.902884 -39.221291 0.34448819,57.912376 -39.220721 0.34448819,
  57.99674 -39.1926 0.34448819,58.008069 -39.185119 0.34448819,
  58.019824 -39.178333 0.34448819,58.031496 -38.834507 0.34448819,
  58.031496 -38.904333 0.34448819,58.00671 -39.003476 0.34448819,
  57.985774 -39.04535 0.34448819,57.946165 -39.084958 0.34448819,
  57.884117 -39.105641 0.34448819,57.812148 -39.105641 0.34448819,
  57.812148 -38.6332 0.34448819,57.884118 -38.6332 0.34448819,
  57.946165 -38.653882 0.34448819,57.985774 -38.693491 0.34448819,
  58.00671 -38.735365 0.34448819,58.681102 -38.51509 0.34448819,
  58.287402 -38.51509 0.34448819,58.257874 -38.523002 0.34448819,
  58.236258 -38.544617 0.34448819,58.228346 -38.574145 0.34448819,
  58.236258 -38.603672 0.34448819,58.257874 -38.625288 0.34448819,
  58.287402 -38.6332 0.34448819,58.591543 -38.6332 0.34448819,
  58.373729 -39.141433 0.34448819,58.369369 -39.17169 0.34448819,
  58.380722 -39.200073 0.34448819,58.404746 -39.218976 0.34448819,
  58.435003 -39.223336 0.34448819,58.463386 -39.211983 0.34448819,
  58.482289 -39.187959 0.34448819,58.735383 -38.597408 0.34448819,
  58.737079 -38.585635 0.34448819,58.740157 -38.574145 0.34448819,
  58.739231 -38.57069 0.34448819,58.739742 -38.567151 0.34448819,
  58.735325 -38.556109 0.34448819,58.732246 -38.544617 0.34448819,
  58.729716 -38.542088 0.34448819,58.728389 -38.538769 0.34448819,
  58.719043 -38.531414 0.34448819,58.71063 -38.523002 0.34448819,
  58.707175 -38.522076 0.34448819,58.704365 -38.519865 0.34448819,
  58.692594 -38.518169 0.34448819,51.068193 -38.177208 0.34448819,
  51.072946 -38.168974 0.34448819,51.079255 -38.16186 0.34448819,
  51.107376 -38.105617 0.34448819,51.108683 -38.099229 0.34448819,
  51.111848 -38.09353 0.34448819,51.139969 -37.981044 0.34448819,
  51.139846 -37.973759 0.34448819,51.141732 -37.966721 0.34448819,
  51.141732 -37.882356 0.34448819,51.139846 -37.875318 0.34448819,
  51.139969 -37.868033 0.34448819,51.111848 -37.755548 0.34448819,
  51.108683 -37.749848 0.34448819,51.107376 -37.74346 0.34448819,
  51.079255 -37.687217 0.34448819,51.072946 -37.680104 0.34448819,
  51.068193 -37.671869 0.34448819,51.01195 -37.615626 0.34448819,
  51.000195 -37.60884 0.34448819,50.988866 -37.60136 0.34448819,
  50.904502 -37.573239 0.34448819,50.895011 -37.572669 0.34448819,
  50.885827 -37.570208 0.34448819,50.745219 -37.570208 0.34448819,
  50.715692 -37.57812 0.34448819,50.694076 -37.599735 0.34448819,
  50.686164 -37.629263 0.34448819,50.686164 -37.688318 0.34448819,
  50.686164 -38.219814 0.34448819,50.694076 -38.249342 0.34448819,
  50.715692 -38.270957 0.34448819,50.745219 -38.278869 0.34448819,
  50.885827 -38.278869 0.34448819,50.89501 -38.276409 0.34448819,
  50.904502 -38.275839 0.34448819,50.988866 -38.247718 0.34448819,
  51.000195 -38.240237 0.34448819,51.01195 -38.233451 0.34448819,
  51.023622 -37.889625 0.34448819,51.023622 -37.959452 0.34448819,
  50.998836 -38.058594 0.34448819,50.9779 -38.100468 0.34448819,
  50.938291 -38.140076 0.34448819,50.876243 -38.160759 0.34448819,
  50.804274 -38.160759 0.34448819,50.804274 -37.688318 0.34448819,
  50.876244 -37.688318 0.34448819,50.938291 -37.709 0.34448819,
  50.9779 -37.748609 0.34448819,50.998836 -37.790483 0.34448819,
  51.56871 -37.806254 0.34448819,51.68955 -37.668151 0.34448819,
  51.692124 -37.662916 0.34448819,51.69625 -37.658791 0.34448819,
  51.698761 -37.649421 0.34448819,51.70304 -37.640719 0.34448819,
  51.702652 -37.634898 0.34448819,51.704162 -37.629263 0.34448819,
  51.701652 -37.619894 0.34448819,51.701007 -37.610218 0.34448819,
  51.69776 -37.605371 0.34448819,51.69625 -37.599735 0.34448819,
  51.689391 -37.592876 0.34448819,51.683995 -37.58482 0.34448819,
  51.678761 -37.582246 0.34448819,51.674635 -37.57812 0.34448819,
  51.665265 -37.575609 0.34448819,51.656563 -37.57133 0.34448819,
  51.650743 -37.571718 0.34448819,51.645107 -37.570208 0.34448819,
  51.279528 -37.570208 0.34448819,51.25 -37.57812 0.34448819,
  51.228384 -37.599735 0.34448819,51.220472 -37.629263 0.34448819,
  51.228384 -37.658791 0.34448819,51.25 -37.680406 0.34448819,
  51.279528 -37.688318 0.34448819,51.514963 -37.688318 0.34448819,
  51.403813 -37.815347 0.34448819,51.401238 -37.820582 0.34448819,
  51.397113 -37.824707 0.34448819,51.394603 -37.834074 0.34448819,
  51.390323 -37.842779 0.34448819,51.390711 -37.8486 0.34448819,
  51.389202 -37.854235 0.34448819,51.391711 -37.863602 0.34448819,
  51.392357 -37.87328 0.34448819,51.395604 -37.878128 0.34448819,
  51.397113 -37.883763 0.34448819,51.40397 -37.89062 0.34448819,
  51.409369 -37.898679 0.34448819,51.414604 -37.901253 0.34448819,
  51.418729 -37.905378 0.34448819,51.428096 -37.907888 0.34448819,
  51.4368 -37.912169 0.34448819,51.442622 -37.91178 0.34448819,
  51.448257 -37.91329 0.34448819,51.51868 -37.91329 0.34448819,
  51.553882 -37.930891 0.34448819,51.56845 -37.945459 0.34448819,
  51.586052 -37.980662 0.34448819,51.586052 -38.093387 0.34448819,
  51.56845 -38.128589 0.34448819,51.553882 -38.143158 0.34448819,
  51.51868 -38.160759 0.34448819,51.377833 -38.160759 0.34448819,
  51.342631 -38.143158 0.34448819,51.321286 -38.121813 0.34448819,
  51.294812 -38.106528 0.34448819,51.264243 -38.106528 0.34448819,
  51.237769 -38.121813 0.34448819,51.222485 -38.148287 0.34448819,
  51.222485 -38.178856 0.34448819,51.237769 -38.20533 0.34448819,
  51.265891 -38.233451 0.34448819,51.274125 -38.238205 0.34448819,
  51.281239 -38.244513 0.34448819,51.337482 -38.272635 0.34448819,
  51.35078 -38.275356 0.34448819,51.363892 -38.278869 0.34448819,
  51.532621 -38.278869 0.34448819,51.545733 -38.275356 0.34448819,
  51.559031 -38.272635 0.34448819,51.615274 -38.244513 0.34448819,
  51.622388 -38.238205 0.34448819,51.630623 -38.233451 0.34448819,
  51.658744 -38.205329 0.34448819,51.663498 -38.197095 0.34448819,
  51.669806 -38.189981 0.34448819,51.697928 -38.133739 0.34448819,
  51.700649 -38.120439 0.34448819,51.704162 -38.107328 0.34448819,
  51.704162 -37.966721 0.34448819,51.700649 -37.95361 0.34448819,
  51.697928 -37.94031 0.34448819,51.669806 -37.884068 0.34448819,
  51.663498 -37.876954 0.34448819,51.658744 -37.86872 0.34448819,
  51.630623 -37.840598 0.34448819,51.622388 -37.835844 0.34448819,
  51.615274 -37.829536 0.34448819,58.076067 -38.177208 0.34448819,
  58.08082 -38.168974 0.34448819,58.087129 -38.16186 0.34448819,
  58.11525 -38.105617 0.34448819,58.116557 -38.099229 0.34448819,
  58.119722 -38.09353 0.34448819,58.147843 -37.981044 0.34448819,
  58.14772 -37.973759 0.34448819,58.149606 -37.966721 0.34448819,
  58.149606 -37.882356 0.34448819,58.14772 -37.875318 0.34448819,
  58.147843 -37.868033 0.34448819,58.119722 -37.755548 0.34448819,
  58.116557 -37.749848 0.34448819,58.11525 -37.74346 0.34448819,
  58.087129 -37.687217 0.34448819,58.08082 -37.680104 0.34448819,
  58.076067 -37.671869 0.34448819,58.019824 -37.615626 0.34448819,
  58.008069 -37.60884 0.34448819,57.99674 -37.60136 0.34448819,
  57.912376 -37.573239 0.34448819,57.902885 -37.572669 0.34448819,
  57.893701 -37.570208 0.34448819,57.753093 -37.570208 0.34448819,
  57.723566 -37.57812 0.34448819,57.70195 -37.599735 0.34448819,
  57.694038 -37.629263 0.34448819,57.694038 -37.688318 0.34448819,
  57.694038 -38.219814 0.34448819,57.70195 -38.249342 0.34448819,
  57.723566 -38.270957 0.34448819,57.753093 -38.278869 0.34448819,
  57.893701 -38.278869 0.34448819,57.902884 -38.276409 0.34448819,
  57.912376 -38.275839 0.34448819,57.99674 -38.247718 0.34448819,
  58.008069 -38.240237 0.34448819,58.019824 -38.233451 0.34448819,
  58.031496 -37.889625 0.34448819,58.031496 -37.959452 0.34448819,
  58.00671 -38.058594 0.34448819,57.985774 -38.100468 0.34448819,
  57.946165 -38.140076 0.34448819,57.884117 -38.160759 0.34448819,
  57.812148 -38.160759 0.34448819,57.812148 -37.688318 0.34448819,
  57.884118 -37.688318 0.34448819,57.946165 -37.709 0.34448819,
  57.985774 -37.748609 0.34448819,58.00671 -37.790483 0.34448819,
  58.623148 -38.244513 0.34448819,58.630262 -38.238205 0.34448819,
  58.638497 -38.233451 0.34448819,58.666618 -38.205329 0.34448819,
  58.671372 -38.197095 0.34448819,58.67768 -38.189981 0.34448819,
  58.705802 -38.133739 0.34448819,58.708523 -38.120439 0.34448819,
  58.712036 -38.107328 0.34448819,58.712036 -37.966721 0.34448819,
  58.708523 -37.95361 0.34448819,58.705802 -37.94031 0.34448819,
  58.67768 -37.884068 0.34448819,58.671372 -37.876954 0.34448819,
  58.666618 -37.86872 0.34448819,58.638497 -37.840598 0.34448819,
  58.630262 -37.835844 0.34448819,58.623148 -37.829536 0.34448819,
  58.566905 -37.801415 0.34448819,58.553607 -37.798693 0.34448819,
  58.540495 -37.79518 0.34448819,58.428009 -37.79518 0.34448819,
  58.414896 -37.798693 0.34448819,58.401599 -37.801415 0.34448819,
  58.395921 -37.804253 0.34448819,58.398455 -37.794117 0.34448819,
  58.44578 -37.72313 0.34448819,58.462991 -37.705919 0.34448819,
  58.498193 -37.688318 0.34448819,58.596738 -37.688318 0.34448819,
  58.626266 -37.680406 0.34448819,58.647881 -37.658791 0.34448819,
  58.655793 -37.629263 0.34448819,58.647881 -37.599735 0.34448819,
  58.626266 -37.57812 0.34448819,58.596738 -37.570208 0.34448819,
  58.484252 -37.570208 0.34448819,58.471141 -37.57372 0.34448819,
  58.457841 -37.576443 0.34448819,58.401599 -37.604564 0.34448819,
  58.394485 -37.610872 0.34448819,58.386251 -37.615626 0.34448819,
  58.35813 -37.643748 0.34448819,58.35518 -37.648855 0.34448819,
  58.350751 -37.652748 0.34448819,58.294508 -37.737113 0.34448819,
  58.291265 -37.746699 0.34448819,58.286353 -37.755548 0.34448819,
  58.258231 -37.868033 0.34448819,58.258354 -37.875318 0.34448819,
  58.256468 -37.882356 0.34448819,58.256468 -38.093387 0.34448819,
  58.256468 -38.107328 0.34448819,58.259981 -38.12044 0.34448819,
  58.262703 -38.133739 0.34448819,58.290824 -38.189981 0.34448819,
  58.297132 -38.197095 0.34448819,58.301886 -38.20533 0.34448819,
  58.330008 -38.233451 0.34448819,58.338242 -38.238205 0.34448819,
  58.345356 -38.244513 0.34448819,58.401599 -38.272635 0.34448819,
  58.414896 -38.275356 0.34448819,58.428009 -38.278869 0.34448819,
  58.540495 -38.278869 0.34448819,58.553607 -38.275356 0.34448819,
  58.566905 -38.272635 0.34448819,58.593926 -37.980662 0.34448819,
  58.593926 -38.093387 0.34448819,58.576324 -38.128589 0.34448819,
  58.561756 -38.143158 0.34448819,58.526554 -38.160759 0.34448819,
  58.44195 -38.160759 0.34448819,58.406748 -38.143158 0.34448819,
  58.392179 -38.128589 0.34448819,58.374578 -38.093387 0.34448819,
  58.374578 -37.980661 0.34448819,58.392179 -37.94546 0.34448819,
  58.406748 -37.930891 0.34448819,58.44195 -37.91329 0.34448819,
  58.526554 -37.91329 0.34448819,58.561756 -37.930891 0.34448819,
  58.576324 -37.945459 0.34448819,58.076067 -37.192956 0.34448819,
  58.08082 -37.184722 0.34448819,58.087129 -37.177608 0.34448819,
  58.11525 -37.121365 0.34448819,58.116557 -37.114977 0.34448819,
  58.119722 -37.109278 0.34448819,58.147843 -36.996792 0.34448819,
  58.14772 -36.989507 0.34448819,58.149606 -36.982469 0.34448819,
  58.149606 -36.898104 0.34448819,58.14772 -36.891066 0.34448819,
  58.147843 -36.883781 0.34448819,58.119722 -36.771296 0.34448819,
  58.116557 -36.765596 0.34448819,58.11525 -36.759208 0.34448819,
  58.087129 -36.702965 0.34448819,58.08082 -36.695852 0.34448819,
  58.076067 -36.687617 0.34448819,58.019824 -36.631374 0.34448819,
  58.008069 -36.624588 0.34448819,57.99674 -36.617108 0.34448819,
  57.912376 -36.588987 0.34448819,57.902885 -36.588417 0.34448819,
  57.893701 -36.585956 0.34448819,57.753093 -36.585956 0.34448819,
  57.723566 -36.593868 0.34448819,57.70195 -36.615483 0.34448819,
  57.694038 -36.645011 0.34448819,57.694038 -36.704066 0.34448819,
  57.694038 -37.235562 0.34448819,57.70195 -37.26509 0.34448819,
  57.723566 -37.286706 0.34448819,57.753093 -37.294617 0.34448819,
  57.893701 -37.294617 0.34448819,57.902884 -37.292157 0.34448819,
  57.912376 -37.291587 0.34448819,57.99674 -37.263466 0.34448819,
  58.008069 -37.255985 0.34448819,58.019824 -37.249199 0.34448819,
  58.031496 -36.905373 0.34448819,58.031496 -36.9752 0.34448819,
  58.00671 -37.074342 0.34448819,57.985774 -37.116216 0.34448819,
  57.946165 -37.155824 0.34448819,57.884117 -37.176507 0.34448819,
  57.812148 -37.176507 0.34448819,57.812148 -36.704066 0.34448819,
  57.884118 -36.704066 0.34448819,57.946165 -36.724748 0.34448819,
  57.985774 -36.764357 0.34448819,58.00671 -36.806231 0.34448819,
  58.386036 -36.814592 0.34448819,58.397089 -36.704066 0.34448819,
  58.624859 -36.704066 0.34448819,58.654387 -36.696154 0.34448819,
  58.676003 -36.674539 0.34448819,58.683915 -36.645011 0.34448819,
  58.676003 -36.615483 0.34448819,58.654387 -36.593868 0.34448819,
  58.624859 -36.585956 0.34448819,58.343644 -36.585956 0.34448819,
  58.331628 -36.589176 0.34448819,58.319352 -36.591183 0.34448819,
  58.317023 -36.593089 0.34448819,58.314117 -36.593868 0.34448819,
  58.30532 -36.602664 0.34448819,58.295693 -36.610541 0.34448819,
  58.294629 -36.613356 0.34448819,58.292501 -36.615483 0.34448819,
  58.289281 -36.627498 0.34448819,58.284882 -36.639135 0.34448819,
  58.256761 -36.92035 0.34448819,58.25848 -36.930861 0.34448819,
  58.25848 -36.941511 0.34448819,58.260911 -36.945721 0.34448819,
  58.261696 -36.950518 0.34448819,58.26844 -36.958761 0.34448819,
  58.273765 -36.967985 0.34448819,58.277974 -36.970415 0.34448819,
  58.281053 -36.974178 0.34448819,58.291017 -36.977944 0.34448819,
  58.300239 -36.983269 0.34448819,58.3051 -36.983269 0.34448819,
  58.309647 -36.984988 0.34448819,58.320158 -36.983269 0.34448819,
  58.330808 -36.983269 0.34448819,58.335018 -36.980838 0.34448819,
  58.339815 -36.980054 0.34448819,58.348059 -36.973309 0.34448819,
  58.357282 -36.967984 0.34448819,58.378627 -36.946639 0.34448819,
  58.413828 -36.929038 0.34448819,58.526554 -36.929038 0.34448819,
  58.561756 -36.946639 0.34448819,58.576324 -36.961207 0.34448819,
  58.593926 -36.99641 0.34448819,58.593926 -37.109135 0.34448819,
  58.576324 -37.144337 0.34448819,58.561756 -37.158906 0.34448819,
  58.526554 -37.176507 0.34448819,58.413828 -37.176507 0.34448819,
  58.378627 -37.158906 0.34448819,58.357282 -37.137561 0.34448819,
  58.330808 -37.122276 0.34448819,58.300239 -37.122276 0.34448819,
  58.273765 -37.137561 0.34448819,58.25848 -37.164034 0.34448819,
  58.25848 -37.194604 0.34448819,58.273765 -37.221077 0.34448819,
  58.301886 -37.249199 0.34448819,58.310121 -37.253954 0.34448819,
  58.317235 -37.260261 0.34448819,58.373478 -37.288383 0.34448819,
  58.386779 -37.291105 0.34448819,58.399888 -37.294617 0.34448819,
  58.540495 -37.294617 0.34448819,58.553607 -37.291104 0.34448819,
  58.566905 -37.288383 0.34448819,58.623148 -37.260261 0.34448819,
  58.630262 -37.253953 0.34448819,58.638497 -37.249199 0.34448819,
  58.666618 -37.221077 0.34448819,58.671372 -37.212843 0.34448819,
  58.67768 -37.20573 0.34448819,58.705802 -37.149487 0.34448819,
  58.708523 -37.136187 0.34448819,58.712036 -37.123076 0.34448819,
  58.712036 -36.982469 0.34448819,58.708523 -36.969358 0.34448819,
  58.705802 -36.956058 0.34448819,58.67768 -36.899816 0.34448819,
  58.671372 -36.892702 0.34448819,58.666618 -36.884468 0.34448819,
  58.638497 -36.856346 0.34448819,58.630262 -36.851592 0.34448819,
  58.623148 -36.845284 0.34448819,58.566905 -36.817163 0.34448819,
  58.553607 -36.814441 0.34448819,58.540495 -36.810928 0.34448819,
  58.399888 -36.810928 0.34448819,58.386779 -36.81444 0.34448819,
  51.068193 -37.153586 0.34448819,51.072946 -37.145352 0.34448819,
  51.079255 -37.138238 0.34448819,51.107376 -37.081995 0.34448819,
  51.108683 -37.075607 0.34448819,51.111848 -37.069907 0.34448819,
  51.139969 -36.957422 0.34448819,51.139846 -36.950137 0.34448819,
  51.141732 -36.943099 0.34448819,51.141732 -36.858734 0.34448819,
  51.139846 -36.851696 0.34448819,51.139969 -36.844411 0.34448819,
  51.111848 -36.731926 0.34448819,51.108683 -36.726226 0.34448819,
  51.107376 -36.719838 0.34448819,51.079255 -36.663595 0.34448819,
  51.072946 -36.656481 0.34448819,51.068193 -36.648247 0.34448819,
  51.01195 -36.592004 0.34448819,51.000195 -36.585218 0.34448819,
  50.988866 -36.577738 0.34448819,50.904502 -36.549617 0.34448819,
  50.895011 -36.549046 0.34448819,50.885827 -36.546586 0.34448819,
  50.745219 -36.546586 0.34448819,50.715692 -36.554498 0.34448819,
  50.694076 -36.576113 0.34448819,50.686164 -36.605641 0.34448819,
  50.686164 -36.664696 0.34448819,50.686164 -37.196192 0.34448819,
  50.694076 -37.22572 0.34448819,50.715692 -37.247335 0.34448819,
  50.745219 -37.255247 0.34448819,50.885827 -37.255247 0.34448819,
  50.89501 -37.252787 0.34448819,50.904502 -37.252217 0.34448819,
  50.988866 -37.224096 0.34448819,51.000195 -37.216615 0.34448819,
  51.01195 -37.209829 0.34448819,51.023622 -36.866003 0.34448819,
  51.023622 -36.93583 0.34448819,50.998836 -37.034972 0.34448819,
  50.9779 -37.076846 0.34448819,50.938291 -37.116454 0.34448819,
  50.876243 -37.137137 0.34448819,50.804274 -37.137137 0.34448819,
  50.804274 -36.664696 0.34448819,50.876244 -36.664696 0.34448819,
  50.938291 -36.685378 0.34448819,50.9779 -36.724987 0.34448819,
  50.998836 -36.766861 0.34448819,51.615274 -36.580942 0.34448819,
  51.559031 -36.55282 0.34448819,51.545731 -36.550099 0.34448819,
  51.532621 -36.546586 0.34448819,51.392014 -36.546586 0.34448819,
  51.378903 -36.550099 0.34448819,51.365604 -36.55282 0.34448819,
  51.30936 -36.580942 0.34448819,51.302246 -36.58725 0.34448819,
  51.294012 -36.592004 0.34448819,51.265891 -36.620126 0.34448819,
  51.250606 -36.646599 0.34448819,51.250606 -36.677169 0.34448819,
  51.265891 -36.703642 0.34448819,51.292365 -36.718927 0.34448819,
  51.322934 -36.718927 0.34448819,51.349407 -36.703642 0.34448819,
  51.370752 -36.682297 0.34448819,51.405955 -36.664696 0.34448819,
  51.51868 -36.664696 0.34448819,51.553882 -36.682297 0.34448819,
  51.568451 -36.696866 0.34448819,51.586052 -36.732068 0.34448819,
  51.586052 -36.764787 0.34448819,51.565369 -36.826833 0.34448819,
  51.237769 -37.154434 0.34448819,51.233882 -37.161167 0.34448819,
  51.228384 -37.166665 0.34448819,51.226372 -37.174174 0.34448819,
  51.222485 -37.180907 0.34448819,51.222485 -37.188682 0.34448819,
  51.220472 -37.196192 0.34448819,51.222485 -37.203702 0.34448819,
  51.222485 -37.211477 0.34448819,51.226372 -37.21821 0.34448819,
  51.228384 -37.22572 0.34448819,51.233882 -37.231217 0.34448819,
  51.237769 -37.23795 0.34448819,51.244502 -37.241837 0.34448819,
  51.25 -37.247335 0.34448819,51.257509 -37.249348 0.34448819,
  51.264243 -37.253235 0.34448819,51.272018 -37.253235 0.34448819,
  51.279528 -37.255247 0.34448819,51.645107 -37.255247 0.34448819,
  51.674635 -37.247335 0.34448819,51.69625 -37.22572 0.34448819,
  51.704162 -37.196192 0.34448819,51.69625 -37.166665 0.34448819,
  51.674635 -37.145049 0.34448819,51.645107 -37.137137 0.34448819,
  51.422099 -37.137137 0.34448819,51.658744 -36.900493 0.34448819,
  51.665531 -36.888736 0.34448819,51.67301 -36.877409 0.34448819,
  51.701131 -36.793045 0.34448819,51.701701 -36.783554 0.34448819,
  51.704162 -36.77437 0.34448819,51.704162 -36.718127 0.34448819,
  51.700649 -36.705016 0.34448819,51.697928 -36.691716 0.34448819,
  51.669806 -36.635474 0.34448819,51.663498 -36.62836 0.34448819,
  51.658744 -36.620126 0.34448819,51.630622 -36.592004 0.34448819,
  51.622388 -36.58725 0.34448819,58.076067 -36.169334 0.34448819,
  58.08082 -36.1611 0.34448819,58.087129 -36.153986 0.34448819,
  58.11525 -36.097743 0.34448819,58.116557 -36.091355 0.34448819,
  58.119722 -36.085656 0.34448819,58.147843 -35.97317 0.34448819,
  58.14772 -35.965885 0.34448819,58.149606 -35.958847 0.34448819,
  58.149606 -35.874482 0.34448819,58.14772 -35.867444 0.34448819,
  58.147843 -35.860159 0.34448819,58.119722 -35.747674 0.34448819,
  58.116557 -35.741974 0.34448819,58.11525 -35.735586 0.34448819,
  58.087129 -35.679343 0.34448819,58.08082 -35.67223 0.34448819,
  58.076067 -35.663995 0.34448819,58.019824 -35.607752 0.34448819,
  58.008069 -35.600966 0.34448819,57.99674 -35.593486 0.34448819,
  57.912376 -35.565365 0.34448819,57.902885 -35.564794 0.34448819,
  57.893701 -35.562334 0.34448819,57.753093 -35.562334 0.34448819,
  57.723566 -35.570246 0.34448819,57.70195 -35.591861 0.34448819,
  57.694038 -35.621389 0.34448819,57.694038 -35.680444 0.34448819,
  57.694038 -36.21194 0.34448819,57.70195 -36.241468 0.34448819,
  57.723566 -36.263083 0.34448819,57.753093 -36.270995 0.34448819,
  57.893701 -36.270995 0.34448819,57.902884 -36.268535 0.34448819,
  57.912376 -36.267965 0.34448819,57.99674 -36.239844 0.34448819,
  58.008069 -36.232363 0.34448819,58.019824 -36.225577 0.34448819,
  58.031496 -35.881751 0.34448819,58.031496 -35.951578 0.34448819,
  58.00671 -36.05072 0.34448819,57.985774 -36.092594 0.34448819,
  57.946165 -36.132202 0.34448819,57.884117 -36.152885 0.34448819,
  57.812148 -36.152885 0.34448819,57.812148 -35.680444 0.34448819,
  57.884118 -35.680444 0.34448819,57.946165 -35.701126 0.34448819,
  57.985774 -35.740735 0.34448819,58.00671 -35.782609 0.34448819,
  51.068193 -36.129964 0.34448819,51.072946 -36.12173 0.34448819,
  51.079255 -36.114616 0.34448819,51.107376 -36.058373 0.34448819,
  51.108683 -36.051985 0.34448819,51.111848 -36.046285 0.34448819,
  51.139969 -35.9338 0.34448819,51.139846 -35.926515 0.34448819,
  51.141732 -35.919477 0.34448819,51.141732 -35.835112 0.34448819,
  51.139846 -35.828074 0.34448819,51.139969 -35.820789 0.34448819,
  51.111848 -35.708304 0.34448819,51.108683 -35.702604 0.34448819,
  51.107376 -35.696216 0.34448819,51.079255 -35.639973 0.34448819,
  51.072946 -35.632859 0.34448819,51.068193 -35.624625 0.34448819,
  51.01195 -35.568382 0.34448819,51.000195 -35.561596 0.34448819,
  50.988866 -35.554116 0.34448819,50.904502 -35.525994 0.34448819,
  50.895011 -35.525424 0.34448819,50.885827 -35.522964 0.34448819,
  50.745219 -35.522964 0.34448819,50.715692 -35.530876 0.34448819,
  50.694076 -35.552491 0.34448819,50.686164 -35.582019 0.34448819,
  50.686164 -35.641074 0.34448819,50.686164 -36.17257 0.34448819,
  50.694076 -36.202098 0.34448819,50.715692 -36.223713 0.34448819,
  50.745219 -36.231625 0.34448819,50.885827 -36.231625 0.34448819,
  50.89501 -36.229165 0.34448819,50.904502 -36.228595 0.34448819,
  50.988866 -36.200474 0.34448819,51.000195 -36.192993 0.34448819,
  51.01195 -36.186207 0.34448819,51.023622 -35.842381 0.34448819,
  51.023622 -35.912207 0.34448819,50.998836 -36.01135 0.34448819,
  50.9779 -36.053224 0.34448819,50.938291 -36.092832 0.34448819,
  50.876243 -36.113515 0.34448819,50.804274 -36.113515 0.34448819,
  50.804274 -35.641074 0.34448819,50.876244 -35.641074 0.34448819,
  50.938291 -35.661756 0.34448819,50.9779 -35.701365 0.34448819,
  50.998836 -35.743239 0.34448819,51.427241 -35.549261 0.34448819,
  51.374241 -35.62876 0.34448819,51.32891 -35.674091 0.34448819,
  51.281239 -35.697928 0.34448819,51.258367 -35.718209 0.34448819,
  51.2487 -35.74721 0.34448819,51.254829 -35.777158 0.34448819,
  51.275111 -35.80003 0.34448819,51.304111 -35.809697 0.34448819,
  51.334059 -35.803569 0.34448819,51.390302 -35.775447 0.34448819,
  51.397416 -35.769139 0.34448819,51.40565 -35.764385 0.34448819,
  51.417323 -35.752712 0.34448819,51.417323 -36.113515 0.34448819,
  51.307649 -36.113515 0.34448819,51.278122 -36.121427 0.34448819,
  51.256506 -36.143043 0.34448819,51.248594 -36.17257 0.34448819,
  51.256506 -36.202098 0.34448819,51.278122 -36.223713 0.34448819,
  51.307649 -36.231625 0.34448819,51.476378 -36.231625 0.34448819,
  51.645107 -36.231625 0.34448819,51.674635 -36.223713 0.34448819,
  51.69625 -36.202098 0.34448819,51.704162 -36.17257 0.34448819,
  51.69625 -36.143043 0.34448819,51.674635 -36.121427 0.34448819,
  51.645107 -36.113515 0.34448819,51.535433 -36.113515 0.34448819,
  51.535433 -35.582019 0.34448819,51.531953 -35.569032 0.34448819,
  51.529316 -35.555844 0.34448819,51.528026 -35.554376 0.34448819,
  51.527521 -35.552491 0.34448819,51.518015 -35.542985 0.34448819,
  51.509136 -35.532882 0.34448819,51.507286 -35.532256 0.34448819,
  51.505906 -35.530876 0.34448819,51.49292 -35.527396 0.34448819,
  51.480179 -35.523086 0.34448819,51.478263 -35.523469 0.34448819,
  51.476378 -35.522964 0.34448819,51.463393 -35.526443 0.34448819,
  51.450203 -35.529081 0.34448819,51.448736 -35.53037 0.34448819,
  51.44685 -35.530876 0.34448819,51.437341 -35.540385 0.34448819,
  51.476378 -34.825949 0.34448819,51.328665 -34.604379 0.34448819,
  51.305702 -34.584199 0.34448819,51.275727 -34.578204 0.34448819,
  51.24677 -34.588 0.34448819,51.22659 -34.610962 0.34448819,
  51.220595 -34.640938 0.34448819,51.230391 -34.669895 0.34448819,
  51.405402 -34.932413 0.34448819,51.230391 -35.19493 0.34448819,
  51.220595 -35.223887 0.34448819,51.22659 -35.253863 0.34448819,
  51.24677 -35.276825 0.34448819,51.275727 -35.286621 0.34448819,
  51.305702 -35.280626 0.34448819,51.328665 -35.260446 0.34448819,
  51.476378 -35.038876 0.34448819,51.624092 -35.260446 0.34448819,
  51.647054 -35.280626 0.34448819,51.677029 -35.286621 0.34448819,
  51.705986 -35.276825 0.34448819,51.726166 -35.253863 0.34448819,
  51.732161 -35.223887 0.34448819,51.722365 -35.19493 0.34448819,
  51.547354 -34.932413 0.34448819,51.722365 -34.669895 0.34448819,
  51.732161 -34.640938 0.34448819,51.726166 -34.610962 0.34448819,
  51.705986 -34.588 0.34448819,51.677029 -34.578204 0.34448819,
  51.647054 -34.584199 0.34448819,51.624092 -34.604379 0.34448819,
  51.052844 -34.971172 0.34448819,51.059958 -34.964864 0.34448819,
  51.068193 -34.96011 0.34448819,51.096314 -34.931989 0.34448819,
  51.101068 -34.923754 0.34448819,51.107376 -34.916641 0.34448819,
  51.135498 -34.860397 0.34448819,51.138219 -34.8471 0.34448819,
  51.141732 -34.833987 0.34448819,51.141732 -34.749623 0.34448819,
  51.138219 -34.73651 0.34448819,51.135498 -34.723213 0.34448819,
  51.107376 -34.66697 0.34448819,51.101068 -34.659856 0.34448819,
  51.096314 -34.651621 0.34448819,51.068192 -34.6235 0.34448819,
  51.059958 -34.618746 0.34448819,51.052844 -34.612438 0.34448819,
  50.996602 -34.584317 0.34448819,50.983302 -34.581595 0.34448819,
  50.970191 -34.578082 0.34448819,50.745219 -34.578082 0.34448819,
  50.715692 -34.585994 0.34448819,50.694076 -34.607609 0.34448819,
  50.686164 -34.637137 0.34448819,50.686164 -34.696192 0.34448819,
  50.686164 -35.227688 0.34448819,50.694076 -35.257216 0.34448819,
  50.715692 -35.278831 0.34448819,50.745219 -35.286743 0.34448819,
  50.774747 -35.278831 0.34448819,50.796363 -35.257216 0.34448819,
  50.804274 -35.227688 0.34448819,50.804274 -35.005528 0.34448819,
  50.85508 -35.005528 0.34448819,51.034297 -35.261554 0.34448819,
  51.057712 -35.281207 0.34448819,51.087816 -35.286519 0.34448819,
  51.116543 -35.276068 0.34448819,51.136196 -35.252654 0.34448819,
  51.141508 -35.222549 0.34448819,51.131057 -35.193822 0.34448819,
  50.995102 -34.9996 0.34448819,50.996602 -34.999294 0.34448819,
  51.023622 -34.763563 0.34448819,51.023622 -34.820046 0.34448819,
  51.006021 -34.855248 0.34448819,50.991452 -34.869817 0.34448819,
  50.95625 -34.887418 0.34448819,50.804274 -34.887418 0.34448819,
  50.804274 -34.696192 0.34448819,50.95625 -34.696192 0.34448819,
  50.991453 -34.713793 0.34448819,51.006021 -34.728362 0.34448819,
  51.327334 -33.802327 0.34448819,51.17962 -33.580757 0.34448819,
  51.156658 -33.560577 0.34448819,51.126683 -33.554582 0.34448819,
  51.097726 -33.564378 0.34448819,51.077546 -33.58734 0.34448819,
  51.071551 -33.617316 0.34448819,51.081346 -33.646273 0.34448819,
  51.256358 -33.908791 0.34448819,51.081346 -34.171308 0.34448819,
  51.071551 -34.200265 0.34448819,51.077546 -34.230241 0.34448819,
  51.097726 -34.253203 0.34448819,51.126683 -34.262999 0.34448819,
  51.156658 -34.257004 0.34448819,51.17962 -34.236824 0.34448819,
  51.327334 -34.015254 0.34448819,51.475048 -34.236824 0.34448819,
  51.498009 -34.257004 0.34448819,51.527985 -34.262999 0.34448819,
  51.556942 -34.253203 0.34448819,51.577122 -34.230241 0.34448819,
  51.583117 -34.200265 0.34448819,51.573321 -34.171308 0.34448819,
  51.398309 -33.908791 0.34448819,51.573321 -33.646273 0.34448819,
  51.583117 -33.617316 0.34448819,51.577122 -33.58734 0.34448819,
  51.556942 -33.564378 0.34448819,51.527985 -33.554582 0.34448819,
  51.498009 -33.560577 0.34448819,51.475048 -33.580757 0.34448819,
  58.090551 -33.869541 0.34448819,58.090551 -33.8693 0.34448819,
  58.103634 -33.843134 0.34448819,58.129802 -33.83005 0.34448819,
  58.186284 -33.83005 0.34448819,58.230057 -33.851937 0.34448819,
  58.260006 -33.858066 0.34448819,58.289006 -33.848399 0.34448819,
  58.309288 -33.825527 0.34448819,58.315417 -33.795579 0.34448819,
  58.30575 -33.766578 0.34448819,58.282878 -33.746296 0.34448819,
  58.226635 -33.718175 0.34448819,58.213335 -33.715453 0.34448819,
  58.200225 -33.71194 0.34448819,58.115861 -33.71194 0.34448819,
  58.10275 -33.715453 0.34448819,58.08945 -33.718175 0.34448819,
  58.033207 -33.746296 0.34448819,58.030505 -33.748692 0.34448819,
  58.027078 -33.749835 0.34448819,58.019209 -33.758709 0.34448819,
  58.010335 -33.766578 0.34448819,58.009193 -33.770005 0.34448819,
  58.006797 -33.772707 0.34448819,57.978676 -33.82895 0.34448819,
  57.975954 -33.842248 0.34448819,57.972441 -33.85536 0.34448819,
  57.972441 -33.883481 0.34448819,57.975954 -33.896593 0.34448819,
  57.978676 -33.909891 0.34448819,58.006797 -33.966135 0.34448819,
  58.009193 -33.968837 0.34448819,58.010335 -33.972263 0.34448819,
  58.019207 -33.980131 0.34448819,58.027078 -33.989007 0.34448819,
  58.030506 -33.990149 0.34448819,58.033207 -33.992545 0.34448819,
  58.089451 -34.020667 0.34448819,58.102752 -34.023388 0.34448819,
  58.115861 -34.026901 0.34448819,58.186284 -34.026901 0.34448819,
  58.212451 -34.039984 0.34448819,58.225534 -34.066151 0.34448819,
  58.225534 -34.06639 0.34448819,58.21245 -34.092557 0.34448819,
  58.186284 -34.105641 0.34448819,58.10168 -34.105641 0.34448819,
  58.057906 -34.083754 0.34448819,58.027957 -34.077626 0.34448819,
  57.998957 -34.087293 0.34448819,57.978676 -34.110165 0.34448819,
  57.972547 -34.140113 0.34448819,57.982214 -34.169114 0.34448819,
  58.005086 -34.189395 0.34448819,58.061329 -34.217517 0.34448819,
  58.074626 -34.220237 0.34448819,58.087739 -34.223751 0.34448819,
  58.200225 -34.223751 0.34448819,58.213336 -34.220238 0.34448819,
  58.226635 -34.217517 0.34448819,58.282878 -34.189395 0.34448819,
  58.28558 -34.186999 0.34448819,58.289007 -34.185857 0.34448819,
  58.296876 -34.176983 0.34448819,58.30575 -34.169114 0.34448819,
  58.306892 -34.165687 0.34448819,58.309288 -34.162985 0.34448819,
  58.33741 -34.106742 0.34448819,58.340131 -34.093442 0.34448819,
  58.343644 -34.080331 0.34448819,58.343644 -34.05221 0.34448819,
  58.340131 -34.0391 0.34448819,58.33741 -34.0258 0.34448819,
  58.309288 -33.969557 0.34448819,58.306892 -33.966855 0.34448819,
  58.30575 -33.963429 0.34448819,58.296876 -33.955559 0.34448819,
  58.289006 -33.946685 0.34448819,58.28558 -33.945543 0.34448819,
  58.282878 -33.943147 0.34448819,58.226635 -33.915025 0.34448819,
  58.213335 -33.912304 0.34448819,58.200225 -33.908791 0.34448819,
  58.129801 -33.908791 0.34448819,58.103635 -33.895707 0.34448819,
  58.478628 -33.71194 0.34448819,58.453319 -33.71194 0.34448819,
  58.423791 -33.719852 0.34448819,58.402175 -33.741468 0.34448819,
  58.394263 -33.770995 0.34448819,58.402175 -33.800523 0.34448819,
  58.423791 -33.822139 0.34448819,58.453319 -33.83005 0.34448819,
  58.478628 -33.83005 0.34448819,58.478628 -34.080331 0.34448819,
  58.482141 -34.093442 0.34448819,58.484862 -34.106742 0.34448819,
  58.512984 -34.162985 0.34448819,58.51538 -34.165687 0.34448819,
  58.516522 -34.169114 0.34448819,58.525396 -34.176983 0.34448819,
  58.533265 -34.185857 0.34448819,58.536692 -34.186999 0.34448819,
  58.539394 -34.189395 0.34448819,58.595637 -34.217517 0.34448819,
  58.608935 -34.220237 0.34448819,58.622047 -34.223751 0.34448819,
  58.67829 -34.223751 0.34448819,58.707818 -34.215839 0.34448819,
  58.729433 -34.194224 0.34448819,58.737345 -34.164696 0.34448819,
  58.729433 -34.135169 0.34448819,58.707818 -34.113553 0.34448819,
  58.67829 -34.105641 0.34448819,58.635988 -34.105641 0.34448819,
  58.609821 -34.092557 0.34448819,58.596738 -34.06639 0.34448819,
  58.596738 -33.83005 0.34448819,58.67829 -33.83005 0.34448819,
  58.707818 -33.822139 0.34448819,58.729433 -33.800523 0.34448819,
  58.737345 -33.770995 0.34448819,58.729433 -33.741468 0.34448819,
  58.707818 -33.719852 0.34448819,58.67829 -33.71194 0.34448819,
  58.596738 -33.71194 0.34448819,58.596738 -33.574145 0.34448819,
  58.588826 -33.544617 0.34448819,58.56721 -33.523002 0.34448819,
  58.537683 -33.51509 0.34448819,58.508155 -33.523002 0.34448819,
  58.486539 -33.544617 0.34448819,58.478628 -33.574145 0.34448819,
  59.458274 -32.769825 0.34448819,59.420779 -32.751078 0.34448819,
  59.419026 -32.750876 0.34448819,59.417673 -32.749741 0.34448819,
  59.407574 -32.74796 0.34448819,59.313836 -32.74796 0.34448819,
  59.312177 -32.748564 0.34448819,59.31046 -32.748154 0.34448819,
  59.300631 -32.751078 0.34448819,59.263135 -32.769825 0.34448819,
  59.262692 -32.770293 0.34448819,59.255461 -32.775356 0.34448819,
  59.236714 -32.794104 0.34448819,59.228178 -32.81241 0.34448819,
  59.233405 -32.831919 0.34448819,59.249951 -32.843505 0.34448819,
  59.270072 -32.841744 0.34448819,59.278472 -32.835862 0.34448819,
  59.293831 -32.820502 0.34448819,59.320806 -32.807015 0.34448819,
  59.400604 -32.807015 0.34448819,59.427578 -32.820503 0.34448819,
  59.43955 -32.832474 0.34448819,59.453037 -32.859449 0.34448819,
  59.453037 -32.885182 0.34448819,59.438009 -32.930266 0.34448819,
  59.217966 -33.150309 0.34448819,59.214211 -33.158362 0.34448819,
  59.209766 -33.166061 0.34448819,59.210001 -33.167392 0.34448819,
  59.20943 -33.168615 0.34448819,59.21173 -33.177199 0.34448819,
  59.213274 -33.185952 0.34448819,59.214308 -33.18682 0.34448819,
  59.214657 -33.188125 0.34448819,59.221937 -33.193222 0.34448819,
  59.228746 -33.198935 0.34448819,59.230551 -33.199254 0.34448819,
  59.231203 -33.19971 0.34448819,59.232498 -33.199597 0.34448819,
  59.238845 -33.200716 0.34448819,59.482565 -33.200716 0.34448819,
  59.501544 -33.193808 0.34448819,59.511644 -33.176316 0.34448819,
  59.508136 -33.156425 0.34448819,59.492664 -33.143442 0.34448819,
  59.482565 -33.141661 0.34448819,59.310131 -33.141661 0.34448819,
  59.484696 -32.967096 0.34448819,59.485442 -32.965495 0.34448819,
  59.486946 -32.964572 0.34448819,59.491829 -32.955554 0.34448819,
  59.510577 -32.899311 0.34448819,59.510559 -32.898667 0.34448819,
  59.512092 -32.889974 0.34448819,59.512092 -32.852478 0.34448819,
  59.511488 -32.850819 0.34448819,59.511898 -32.849102 0.34448819,
  59.508975 -32.839273 0.34448819,59.490227 -32.801778 0.34448819,
  59.489759 -32.801335 0.34448819,59.484696 -32.794104 0.34448819,
  59.465948 -32.775356 0.34448819,59.465365 -32.775084 0.34448819,
  59.083321 -32.991374 0.34448819,59.083764 -32.990906 0.34448819,
  59.090995 -32.985843 0.34448819,59.109743 -32.967096 0.34448819,
  59.110015 -32.966512 0.34448819,59.115274 -32.959422 0.34448819,
  59.134022 -32.921926 0.34448819,59.134223 -32.920173 0.34448819,
  59.135358 -32.91882 0.34448819,59.137139 -32.908721 0.34448819,
  59.137139 -32.852478 0.34448819,59.136535 -32.850819 0.34448819,
  59.136945 -32.849102 0.34448819,59.134022 -32.839273 0.34448819,
  59.115274 -32.801778 0.34448819,59.114806 -32.801335 0.34448819,
  59.109743 -32.794104 0.34448819,59.090995 -32.775356 0.34448819,
  59.090412 -32.775084 0.34448819,59.083321 -32.769825 0.34448819,
  59.045826 -32.751078 0.34448819,59.044072 -32.750876 0.34448819,
  59.04272 -32.749741 0.34448819,59.032621 -32.74796 0.34448819,
  58.88264 -32.74796 0.34448819,58.875431 -32.750583 0.34448819,
  58.867876 -32.751916 0.34448819,58.866163 -32.753957 0.34448819,
  58.86366 -32.754869 0.34448819,58.859824 -32.761511 0.34448819,
  58.854893 -32.767389 0.34448819,58.854217 -32.771224 0.34448819,
  58.853561 -32.77236 0.34448819,58.853788 -32.773652 0.34448819,
  58.853112 -32.777488 0.34448819,58.853112 -32.807015 0.34448819,
  58.853112 -33.171189 0.34448819,58.86002 -33.190169 0.34448819,
  58.877512 -33.200268 0.34448819,58.897404 -33.19676 0.34448819,
  58.910387 -33.181288 0.34448819,58.912167 -33.171189 0.34448819,
  58.912167 -33.013239 0.34448819,59.032621 -33.013239 0.34448819,
  59.03428 -33.012635 0.34448819,59.035996 -33.013046 0.34448819,
  59.045826 -33.010122 0.34448819,59.078084 -32.859449 0.34448819,
  59.078084 -32.90175 0.34448819,59.064596 -32.928726 0.34448819,
  59.052625 -32.940697 0.34448819,59.02565 -32.954184 0.34448819,
  58.912167 -32.954184 0.34448819,58.912167 -32.807015 0.34448819,
  59.02565 -32.807015 0.34448819,59.052625 -32.820502 0.34448819,
  59.064596 -32.832474 0.34448819,49.935951 -31.711159 0.34448819,
  49.93494 -31.713383 0.34448819,49.932931 -31.714775 0.34448819,
  49.930852 -31.722376 0.34448819,49.927593 -31.729547 0.34448819,
  49.928248 -31.7319 0.34448819,49.927604 -31.734257 0.34448819,
  49.930207 -31.744176 0.34448819,50.023192 -31.946276 0.34448819,
  49.965925 -32.107821 0.34448819,49.766785 -32.143777 0.34448819,
  49.762517 -32.146264 0.34448819,49.75764 -32.147052 0.34448819,
  49.754061 -32.151193 0.34448819,49.749335 -32.153948 0.34448819,
  49.747664 -32.158596 0.34448819,49.744434 -32.162334 0.34448819,
  49.742507 -32.172407 0.34448819,49.7388 -32.428172 0.34448819,
  49.738507 -32.448407 0.34448819,49.739473 -32.451186 0.34448819,
  49.738975 -32.454087 0.34448819,49.742707 -32.460488 0.34448819,
  49.745139 -32.467485 0.34448819,49.747666 -32.468993 0.34448819,
  49.749149 -32.471536 0.34448819,49.758052 -32.476625 0.34448819,
  49.964815 -32.550871 0.34448819,50.013735 -32.690515 0.34448819,
  49.918222 -32.897461 0.34448819,49.917981 -32.900342 0.34448819,
  49.916369 -32.902742 0.34448819,49.917161 -32.910157 0.34448819,
  49.916541 -32.917589 0.34448819,49.918208 -32.91995 0.34448819,
  49.918515 -32.922826 0.34448819,49.924557 -32.931111 0.34448819,
  50.136557 -33.135111 0.34448819,50.139287 -33.13632 0.34448819,
  50.141098 -33.138694 0.34448819,50.148287 -33.140309 0.34448819,
  50.155024 -33.143294 0.34448819,50.157892 -33.142466 0.34448819,
  50.160805 -33.14312 0.34448819,50.170594 -33.140063 0.34448819,
  50.36131 -33.041449 0.34448819,50.457356 -33.096457 0.34448819,
  50.45749 -33.09648 0.34448819,50.45758 -33.096584 0.34448819,
  50.467465 -33.098204 0.34448819,50.47726 -33.099895 0.34448819,
  50.477377 -33.099827 0.34448819,50.477512 -33.099849 0.34448819,
  50.486104 -33.094748 0.34448819,50.494717 -33.089736 0.34448819,
  50.494763 -33.089607 0.34448819,50.49488 -33.089538 0.34448819,
  50.499899 -33.080595 0.34448819,50.637899 -32.686595 0.34448819,
  50.637836 -32.681432 0.34448819,50.639558 -32.676565 0.34448819,
  50.637717 -32.671647 0.34448819,50.637653 -32.666399 0.34448819,
  50.634287 -32.662484 0.34448819,50.632476 -32.657649 0.34448819,
  50.624561 -32.651129 0.34448819,50.491337 -32.575829 0.34448819,
  50.4025 -32.467956 0.34448819,50.384048 -32.287124 0.34448819,
  50.438506 -32.122827 0.34448819,50.585095 -31.995722 0.34448819,
  50.730085 -31.958782 0.34448819,50.893486 -31.977245 0.34448819,
  51.05889 -32.10548 0.34448819,51.112504 -32.230882 0.34448819,
  51.112504 -32.376502 0.34448819,51.057649 -32.523401 0.34448819,
  50.986626 -32.593524 0.34448819,50.872826 -32.650424 0.34448819,
  50.868367 -32.655134 0.34448819,50.862851 -32.658544 0.34448819,
  50.861626 -32.662254 0.34448819,50.85894 -32.665091 0.34448819,
  50.858551 -32.671565 0.34448819,50.856517 -32.677724 0.34448819,
  50.857808 -32.683941 0.34448819,50.857729 -32.685253 0.34448819,
  50.858217 -32.68591 0.34448819,50.858602 -32.687765 0.34448819,
  51.011281 -33.070924 0.34448819,51.011281 -33.072925 0.34448819,
  51.012802 -33.074738 0.34448819,51.015602 -33.081765 0.34448819,
  51.029045 -33.096839 0.34448819,51.049032 -33.099746 0.34448819,
  51.066212 -33.089124 0.34448819,51.069427 -33.079387 0.34448819,
  51.166889 -33.023159 0.34448819,51.324293 -33.14144 0.34448819,
  51.329982 -33.143171 0.34448819,51.334917 -33.146493 0.34448819,
  51.339352 -33.146022 0.34448819,51.343617 -33.147319 0.34448819,
  51.349087 -33.144989 0.34448819,51.355002 -33.144361 0.34448819,
  51.361267 -33.139799 0.34448819,51.362198 -33.139403 0.34448819,
  51.362425 -33.138956 0.34448819,51.363293 -33.138325 0.34448819,
  51.549293 -32.945324 0.34448819,51.550829 -32.941864 0.34448819,
  51.553712 -32.939408 0.34448819,51.55481 -32.932898 0.34448819,
  51.557489 -32.926864 0.34448819,51.556442 -32.923225 0.34448819,
  51.557072 -32.919492 0.34448819,51.553493 -32.909881 0.34448819,
  51.449866 -32.733435 0.34448819,51.514129 -32.57492 0.34448819,
  51.740731 -32.505052 0.34448819,51.743444 -32.502997 0.34448819,
  51.746795 -32.502406 0.34448819,51.751276 -32.497065 0.34448819,
  51.756833 -32.492857 0.34448819,51.757591 -32.489541 0.34448819,
  51.759778 -32.486934 0.34448819,51.761559 -32.476835 0.34448819,
  51.761559 -32.208835 0.34448819,51.760125 -32.204896 0.34448819,
  51.76042 -32.200714 0.34448819,51.756774 -32.195688 0.34448819,
  51.754651 -32.189855 0.34448819,51.75102 -32.187759 0.34448819,
  51.748559 -32.184366 0.34448819,51.739193 -32.180189 0.34448819,
  51.534623 -32.129046 0.34448819,51.465366 -31.931796 0.34448819,
  51.564652 -31.758514 0.34448819,51.565213 -31.755269 0.34448819,
  51.567212 -31.752652 0.34448819,51.566887 -31.745583 0.34448819,
  51.568093 -31.738612 0.34448819,51.566437 -31.735765 0.34448819,
  51.566287 -31.732475 0.34448819,51.560757 -31.723838 0.34448819,
  51.375757 -31.522838 0.34448819,51.372441 -31.521121 0.34448819,
  51.370204 -31.51813 0.34448819,51.363728 -31.516609 0.34448819,
  51.357821 -31.513551 0.34448819,51.354176 -31.514367 0.34448819,
  51.350541 -31.513514 0.34448819,51.340723 -31.516476 0.34448819,
  51.14899 -31.613283 0.34448819,50.989122 -31.545015 0.34448819,
  50.926198 -31.344975 0.34448819,50.924411 -31.342642 0.34448819,
  50.923975 -31.339733 0.34448819,50.91842 -31.334823 0.34448819,
  50.913913 -31.328942 0.34448819,50.911044 -31.328304 0.34448819,
  50.908841 -31.326357 0.34448819,50.898791 -31.324317 0.34448819,
  50.626791 -31.317317 0.34448819,50.624154 -31.3182 0.34448819,
  50.621422 -31.317669 0.34448819,50.614806 -31.321333 0.34448819,
  50.60764 -31.323735 0.34448819,50.606187 -31.326106 0.34448819,
  50.603754 -31.327455 0.34448819,50.598469 -31.336243 0.34448819,
  50.520061 -31.540293 0.34448819,50.379141 -31.597515 0.34448819,
  50.173991 -31.497303 0.34448819,50.170933 -31.49698 0.34448819,
  50.168396 -31.49524 0.34448819,50.161146 -31.495945 0.34448819,
  50.153906 -31.49518 0.34448819,50.151355 -31.496898 0.34448819,
  50.148294 -31.497196 0.34448819,50.139951 -31.503159 0.34448819,
  49.992362 -31.737981 0.34448819,50.167203 -31.559711 0.34448819,
  50.365071 -31.656366 0.34448819,50.372247 -31.657124 0.34448819,
  50.379113 -31.659343 0.34448819,50.383774 -31.658343 0.34448819,
  50.385157 -31.658489 0.34448819,50.386121 -31.65784 0.34448819,
  50.389141 -31.657193 0.34448819,50.554141 -31.590193 0.34448819,
  50.559266 -31.585561 0.34448819,50.565309 -31.582214 0.34448819,
  50.568093 -31.577585 0.34448819,50.569127 -31.576651 0.34448819,
  50.569268 -31.57563 0.34448819,50.570594 -31.573426 0.34448819,
  50.646115 -31.376889 0.34448819,50.876192 -31.38281 0.34448819,
  50.936865 -31.575694 0.34448819,50.941443 -31.581669 0.34448819,
  50.944847 -31.588386 0.34448819,50.948332 -31.59066 0.34448819,
  50.94915 -31.591727 0.34448819,50.950391 -31.592003 0.34448819,
  50.953435 -31.59399 0.34448819,51.138436 -31.67299 0.34448819,
  51.146074 -31.673407 0.34448819,51.153522 -31.675155 0.34448819,
  51.157288 -31.674019 0.34448819,51.158604 -31.674091 0.34448819,
  51.159648 -31.673306 0.34448819,51.16334 -31.672193 0.34448819,
  51.347419 -31.579251 0.34448819,51.50266 -31.747919 0.34448819,
  51.407411 -31.914155 0.34448819,51.406139 -31.921511 0.34448819,
  51.403506 -31.928498 0.34448819,51.404201 -31.93272 0.34448819,
  51.40397 -31.934058 0.34448819,51.404599 -31.93514 0.34448819,
  51.405171 -31.938617 0.34448819,51.484171 -32.163617 0.34448819,
  51.490054 -32.170792 0.34448819,51.495504 -32.178304 0.34448819,
  51.49662 -32.178801 0.34448819,51.496977 -32.179236 0.34448819,
  51.498046 -32.179437 0.34448819,51.50487 -32.182481 0.34448819,
  51.702504 -32.231889 0.34448819,51.702504 -32.45504 0.34448819,
  51.483331 -32.522618 0.34448819,51.477063 -32.527365 0.34448819,
  51.470112 -32.53105 0.34448819,51.46823 -32.534054 0.34448819,
  51.46723 -32.534812 0.34448819,51.466928 -32.536132 0.34448819,
  51.464667 -32.539741 0.34448819,51.389667 -32.724741 0.34448819,
  51.389369 -32.733012 0.34448819,51.387991 -32.741178 0.34448819,
  51.388978 -32.743828 0.34448819,51.388939 -32.744926 0.34448819,
  51.389798 -32.746028 0.34448819,51.39157 -32.750788 0.34448819,
  51.491226 -32.920473 0.34448819,51.338892 -33.078541 0.34448819,
  51.18677 -32.964229 0.34448819,51.184996 -32.963689 0.34448819,
  51.183804 -32.962268 0.34448819,51.175506 -32.960802 0.34448819,
  51.167446 -32.95835 0.34448819,51.16574 -32.959076 0.34448819,
  51.163914 -32.958754 0.34448819,51.154276 -32.962258 0.34448819,
  51.054491 -33.019826 0.34448819,50.923505 -32.69111 0.34448819,
  51.017237 -32.644245 0.34448819,51.017756 -32.643696 0.34448819,
  51.024777 -32.638846 0.34448819,51.103777 -32.560846 0.34448819,
  51.104343 -32.559653 0.34448819,51.105492 -32.559002 0.34448819,
  51.110693 -32.550164 0.34448819,51.169693 -32.392164 0.34448819,
  51.169694 -32.392034 0.34448819,51.169778 -32.391934 0.34448819,
  51.171559 -32.381835 0.34448819,51.171559 -32.224835 0.34448819,
  51.171267 -32.224031 0.34448819,51.171515 -32.223213 0.34448819,
  51.169182 -32.213227 0.34448819,51.110182 -32.075227 0.34448819,
  51.108526 -32.07346 0.34448819,51.108014 -32.071094 0.34448819,
  51.101123 -32.063499 0.34448819,50.923123 -31.925499 0.34448819,
  50.920257 -31.924579 0.34448819,50.918182 -31.922397 0.34448819,
  50.908347 -31.919494 0.34448819,50.731347 -31.899494 0.34448819,
  50.73115 -31.899541 0.34448819,50.730968 -31.899454 0.34448819,
  50.720741 -31.900221 0.34448819,50.563741 -31.940221 0.34448819,
  50.562268 -31.941226 0.34448819,50.560485 -31.941255 0.34448819,
  50.551688 -31.946526 0.34448819,50.393688 -32.083526 0.34448819,
  50.392301 -32.08602 0.34448819,50.389871 -32.087519 0.34448819,
  50.385004 -32.096544 0.34448819,50.326004 -32.274544 0.34448819,
  50.326036 -32.275671 0.34448819,50.325403 -32.276604 0.34448819,
  50.324656 -32.286832 0.34448819,50.344656 -32.482832 0.34448819,
  50.346226 -32.486075 0.34448819,50.346193 -32.489678 0.34448819,
  50.351238 -32.498606 0.34448819,50.449238 -32.617606 0.34448819,
  50.449486 -32.617752 0.34448819,50.449587 -32.61802 0.34448819,
  50.457502 -32.62454 0.34448819,50.573998 -32.690386 0.34448819,
  50.455899 -33.027568 0.34448819,50.376706 -32.982212 0.34448819,
  50.367435 -32.98061 0.34448819,50.358258 -32.978549 0.34448819,
  50.357277 -32.978856 0.34448819,50.356803 -32.978774 0.34448819,
  50.35595 -32.97927 0.34448819,50.348469 -32.981606 0.34448819,
  50.162261 -33.077889 0.34448819,49.980647 -32.903128 0.34448819,
  50.073841 -32.701208 0.34448819,50.075523 -32.68108 0.34448819,
  50.070522 -32.673997 0.34448819,50.015898 -32.518072 0.34448819,
  50.010895 -32.511961 0.34448819,50.006914 -32.505133 0.34448819,
  50.003891 -32.503405 0.34448819,50.003104 -32.502444 0.34448819,
  50.001767 -32.502191 0.34448819,49.998011 -32.500044 0.34448819,
  49.797861 -32.428172 0.34448819,49.801204 -32.197572 0.34448819,
  49.993278 -32.162893 0.34448819,49.993336 -32.162858 0.34448819,
  49.993403 -32.16287 0.34448819,50.0021 -32.15775 0.34448819,
  50.010728 -32.152722 0.34448819,50.010751 -32.152659 0.34448819,
  50.010809 -32.152624 0.34448819,50.015862 -32.1437 0.34448819,
  50.082862 -31.9547 0.34448819,50.082809 -31.948445 0.34448819,
  50.084459 -31.942412 0.34448819,50.082702 -31.935718 0.34448819,
  50.082693 -31.934503 0.34448819,50.082246 -31.933981 0.34448819,
  50.081856 -31.932493 0.34448819,49.838583 -40.570866 0.34448819,
  49.838583 -41.279528 0.34448819,50.547244 -41.279528 0.34448819,
  50.547244 -40.570866 0.34448819,49.990945 -40.925197 0.34448819,
  50.006319 -40.847907 0.34448819,50.0501 -40.782384 0.34448819,
  50.115623 -40.738602 0.34448819,50.192913 -40.723228 0.34448819,
  50.270203 -40.738602 0.34448819,50.335727 -40.782384 0.34448819,
  50.379508 -40.847907 0.34448819,50.394882 -40.925197 0.34448819,
  50.379508 -41.002487 0.34448819,50.335727 -41.06801 0.34448819,
  50.270203 -41.111791 0.34448819,50.192913 -41.127165 0.34448819,
  50.115623 -41.111791 0.34448819,50.0501 -41.06801 0.34448819,
  50.006319 -41.002487 0.34448819,49.95582 -39.661878 0.34448819,
  49.906254 -39.716926 0.34448819,49.869216 -39.781078 0.34448819,
  49.846326 -39.851527 0.34448819,49.838583 -39.925197 0.34448819,
  49.846326 -39.998867 0.34448819,49.869216 -40.069316 0.34448819,
  49.906254 -40.133467 0.34448819,49.95582 -40.188516 0.34448819,
  50.015748 -40.232056 0.34448819,50.083419 -40.262185 0.34448819,
  50.155876 -40.277587 0.34448819,50.229951 -40.277587 0.34448819,
  50.302407 -40.262185 0.34448819,50.370079 -40.232056 0.34448819,
  50.430007 -40.188516 0.34448819,50.479573 -40.133467 0.34448819,
  50.516611 -40.069316 0.34448819,50.539501 -39.998867 0.34448819,
  50.547244 -39.925197 0.34448819,50.539501 -39.851527 0.34448819,
  50.516611 -39.781078 0.34448819,50.479573 -39.716926 0.34448819,
  50.430007 -39.661878 0.34448819,50.370079 -39.618337 0.34448819,
  50.302407 -39.588208 0.34448819,50.229951 -39.572807 0.34448819,
  50.155876 -39.572807 0.34448819,50.083419 -39.588208 0.34448819,
  50.015748 -39.618337 0.34448819,49.990945 -39.925197 0.34448819,
  50.006319 -39.847907 0.34448819,50.0501 -39.782384 0.34448819,
  50.115623 -39.738602 0.34448819,50.192913 -39.723228 0.34448819,
  50.270203 -39.738602 0.34448819,50.335727 -39.782384 0.34448819,
  50.379508 -39.847907 0.34448819,50.394882 -39.925197 0.34448819,
  50.379508 -40.002487 0.34448819,50.335727 -40.06801 0.34448819,
  50.270203 -40.111791 0.34448819,50.192913 -40.127165 0.34448819,
  50.115623 -40.111791 0.34448819,50.0501 -40.06801 0.34448819,
  50.006319 -40.002487 0.34448819,49.95582 -38.661878 0.34448819,
  49.906254 -38.716926 0.34448819,49.869216 -38.781078 0.34448819,
  49.846326 -38.851527 0.34448819,49.838583 -38.925197 0.34448819,
  49.846326 -38.998867 0.34448819,49.869216 -39.069316 0.34448819,
  49.906254 -39.133467 0.34448819,49.95582 -39.188516 0.34448819,
  50.015748 -39.232056 0.34448819,50.083419 -39.262185 0.34448819,
  50.155876 -39.277587 0.34448819,50.229951 -39.277587 0.34448819,
  50.302407 -39.262185 0.34448819,50.370079 -39.232056 0.34448819,
  50.430007 -39.188516 0.34448819,50.479573 -39.133467 0.34448819,
  50.516611 -39.069316 0.34448819,50.539501 -38.998867 0.34448819,
  50.547244 -38.925197 0.34448819,50.539501 -38.851527 0.34448819,
  50.516611 -38.781078 0.34448819,50.479573 -38.716926 0.34448819,
  50.430007 -38.661878 0.34448819,50.370079 -38.618337 0.34448819,
  50.302407 -38.588208 0.34448819,50.229951 -38.572807 0.34448819,
  50.155876 -38.572807 0.34448819,50.083419 -38.588208 0.34448819,
  50.015748 -38.618337 0.34448819,49.990945 -38.925197 0.34448819,
  50.006319 -38.847907 0.34448819,50.0501 -38.782384 0.34448819,
  50.115623 -38.738602 0.34448819,50.192913 -38.723228 0.34448819,
  50.270203 -38.738602 0.34448819,50.335727 -38.782384 0.34448819,
  50.379508 -38.847907 0.34448819,50.394882 -38.925197 0.34448819,
  50.379508 -39.002487 0.34448819,50.335727 -39.06801 0.34448819,
  50.270203 -39.111791 0.34448819,50.192913 -39.127165 0.34448819,
  50.115623 -39.111791 0.34448819,50.0501 -39.06801 0.34448819,
  50.006319 -39.002487 0.34448819,49.95582 -37.661878 0.34448819,
  49.906254 -37.716926 0.34448819,49.869216 -37.781078 0.34448819,
  49.846326 -37.851527 0.34448819,49.838583 -37.925197 0.34448819,
  49.846326 -37.998867 0.34448819,49.869216 -38.069316 0.34448819,
  49.906254 -38.133467 0.34448819,49.95582 -38.188516 0.34448819,
  50.015748 -38.232056 0.34448819,50.083419 -38.262185 0.34448819,
  50.155876 -38.277587 0.34448819,50.229951 -38.277587 0.34448819,
  50.302407 -38.262185 0.34448819,50.370079 -38.232056 0.34448819,
  50.430007 -38.188516 0.34448819,50.479573 -38.133467 0.34448819,
  50.516611 -38.069316 0.34448819,50.539501 -37.998867 0.34448819,
  50.547244 -37.925197 0.34448819,50.539501 -37.851527 0.34448819,
  50.516611 -37.781078 0.34448819,50.479573 -37.716926 0.34448819,
  50.430007 -37.661878 0.34448819,50.370079 -37.618337 0.34448819,
  50.302407 -37.588208 0.34448819,50.229951 -37.572807 0.34448819,
  50.155876 -37.572807 0.34448819,50.083419 -37.588208 0.34448819,
  50.015748 -37.618337 0.34448819,49.990945 -37.925197 0.34448819,
  50.006319 -37.847907 0.34448819,50.0501 -37.782384 0.34448819,
  50.115623 -37.738602 0.34448819,50.192913 -37.723228 0.34448819,
  50.270203 -37.738602 0.34448819,50.335727 -37.782384 0.34448819,
  50.379508 -37.847907 0.34448819,50.394882 -37.925197 0.34448819,
  50.379508 -38.002487 0.34448819,50.335727 -38.06801 0.34448819,
  50.270203 -38.111791 0.34448819,50.192913 -38.127165 0.34448819,
  50.115623 -38.111791 0.34448819,50.0501 -38.06801 0.34448819,
  50.006319 -38.002487 0.34448819,49.95582 -36.661878 0.34448819,
  49.906254 -36.716926 0.34448819,49.869216 -36.781078 0.34448819,
  49.846326 -36.851527 0.34448819,49.838583 -36.925197 0.34448819,
  49.846326 -36.998867 0.34448819,49.869216 -37.069316 0.34448819,
  49.906254 -37.133467 0.34448819,49.95582 -37.188516 0.34448819,
  50.015748 -37.232056 0.34448819,50.083419 -37.262185 0.34448819,
  50.155876 -37.277587 0.34448819,50.229951 -37.277587 0.34448819,
  50.302407 -37.262185 0.34448819,50.370079 -37.232056 0.34448819,
  50.430007 -37.188516 0.34448819,50.479573 -37.133467 0.34448819,
  50.516611 -37.069316 0.34448819,50.539501 -36.998867 0.34448819,
  50.547244 -36.925197 0.34448819,50.539501 -36.851527 0.34448819,
  50.516611 -36.781078 0.34448819,50.479573 -36.716926 0.34448819,
  50.430007 -36.661878 0.34448819,50.370079 -36.618337 0.34448819,
  50.302407 -36.588208 0.34448819,50.229951 -36.572807 0.34448819,
  50.155876 -36.572807 0.34448819,50.083419 -36.588208 0.34448819,
  50.015748 -36.618337 0.34448819,49.990945 -36.925197 0.34448819,
  50.006319 -36.847907 0.34448819,50.0501 -36.782384 0.34448819,
  50.115623 -36.738602 0.34448819,50.192913 -36.723228 0.34448819,
  50.270203 -36.738602 0.34448819,50.335727 -36.782384 0.34448819,
  50.379508 -36.847907 0.34448819,50.394882 -36.925197 0.34448819,
  50.379508 -37.002487 0.34448819,50.335727 -37.06801 0.34448819,
  50.270203 -37.111791 0.34448819,50.192913 -37.127165 0.34448819,
  50.115623 -37.111791 0.34448819,50.0501 -37.06801 0.34448819,
  50.006319 -37.002487 0.34448819,49.95582 -35.661878 0.34448819,
  49.906254 -35.716926 0.34448819,49.869216 -35.781078 0.34448819,
  49.846326 -35.851527 0.34448819,49.838583 -35.925197 0.34448819,
  49.846326 -35.998867 0.34448819,49.869216 -36.069316 0.34448819,
  49.906254 -36.133467 0.34448819,49.95582 -36.188516 0.34448819,
  50.015748 -36.232056 0.34448819,50.083419 -36.262185 0.34448819,
  50.155876 -36.277587 0.34448819,50.229951 -36.277587 0.34448819,
  50.302407 -36.262185 0.34448819,50.370079 -36.232056 0.34448819,
  50.430007 -36.188516 0.34448819,50.479573 -36.133467 0.34448819,
  50.516611 -36.069316 0.34448819,50.539501 -35.998867 0.34448819,
  50.547244 -35.925197 0.34448819,50.539501 -35.851527 0.34448819,
  50.516611 -35.781078 0.34448819,50.479573 -35.716926 0.34448819,
  50.430007 -35.661878 0.34448819,50.370079 -35.618337 0.34448819,
  50.302407 -35.588208 0.34448819,50.229951 -35.572807 0.34448819,
  50.155876 -35.572807 0.34448819,50.083419 -35.588208 0.34448819,
  50.015748 -35.618337 0.34448819,49.990945 -35.925197 0.34448819,
  50.006319 -35.847907 0.34448819,50.0501 -35.782384 0.34448819,
  50.115623 -35.738602 0.34448819,50.192913 -35.723228 0.34448819,
  50.270203 -35.738602 0.34448819,50.335727 -35.782384 0.34448819,
  50.379508 -35.847907 0.34448819,50.394882 -35.925197 0.34448819,
  50.379508 -36.002487 0.34448819,50.335727 -36.06801 0.34448819,
  50.270203 -36.111791 0.34448819,50.192913 -36.127165 0.34448819,
  50.115623 -36.111791 0.34448819,50.0501 -36.06801 0.34448819,
  50.006319 -36.002487 0.34448819,49.95582 -34.661878 0.34448819,
  49.906254 -34.716926 0.34448819,49.869216 -34.781078 0.34448819,
  49.846326 -34.851527 0.34448819,49.838583 -34.925197 0.34448819,
  49.846326 -34.998867 0.34448819,49.869216 -35.069316 0.34448819,
  49.906254 -35.133467 0.34448819,49.95582 -35.188516 0.34448819,
  50.015748 -35.232056 0.34448819,50.083419 -35.262185 0.34448819,
  50.155876 -35.277587 0.34448819,50.229951 -35.277587 0.34448819,
  50.302407 -35.262185 0.34448819,50.370079 -35.232056 0.34448819,
  50.430007 -35.188516 0.34448819,50.479573 -35.133467 0.34448819,
  50.516611 -35.069316 0.34448819,50.539501 -34.998867 0.34448819,
  50.547244 -34.925197 0.34448819,50.539501 -34.851527 0.34448819,
  50.516611 -34.781078 0.34448819,50.479573 -34.716926 0.34448819,
  50.430007 -34.661878 0.34448819,50.370079 -34.618337 0.34448819,
  50.302407 -34.588208 0.34448819,50.229951 -34.572807 0.34448819,
  50.155876 -34.572807 0.34448819,50.083419 -34.588208 0.34448819,
  50.015748 -34.618337 0.34448819,49.990945 -34.925197 0.34448819,
  50.006319 -34.847907 0.34448819,50.0501 -34.782384 0.34448819,
  50.115623 -34.738602 0.34448819,50.192913 -34.723228 0.34448819,
  50.270203 -34.738602 0.34448819,50.335727 -34.782384 0.34448819,
  50.379508 -34.847907 0.34448819,50.394882 -34.925197 0.34448819,
  50.379508 -35.002487 0.34448819,50.335727 -35.06801 0.34448819,
  50.270203 -35.111791 0.34448819,50.192913 -35.127165 0.34448819,
  50.115623 -35.111791 0.34448819,50.0501 -35.06801 0.34448819,
  50.006319 -35.002487 0.34448819,49.95582 -33.661878 0.34448819,
  49.906254 -33.716926 0.34448819,49.869216 -33.781078 0.34448819,
  49.846326 -33.851527 0.34448819,49.838583 -33.925197 0.34448819,
  49.846326 -33.998867 0.34448819,49.869216 -34.069316 0.34448819,
  49.906254 -34.133467 0.34448819,49.95582 -34.188516 0.34448819,
  50.015748 -34.232056 0.34448819,50.083419 -34.262185 0.34448819,
  50.155876 -34.277587 0.34448819,50.229951 -34.277587 0.34448819,
  50.302407 -34.262185 0.34448819,50.370079 -34.232056 0.34448819,
  50.430007 -34.188516 0.34448819,50.479573 -34.133467 0.34448819,
  50.516611 -34.069316 0.34448819,50.539501 -33.998867 0.34448819,
  50.547244 -33.925197 0.34448819,50.539501 -33.851527 0.34448819,
  50.516611 -33.781078 0.34448819,50.479573 -33.716926 0.34448819,
  50.430007 -33.661878 0.34448819,50.370079 -33.618337 0.34448819,
  50.302407 -33.588208 0.34448819,50.229951 -33.572807 0.34448819,
  50.155876 -33.572807 0.34448819,50.083419 -33.588208 0.34448819,
  50.015748 -33.618337 0.34448819,49.990945 -33.925197 0.34448819,
  50.006319 -33.847907 0.34448819,50.0501 -33.782384 0.34448819,
  50.115623 -33.738602 0.34448819,50.192913 -33.723228 0.34448819,
  50.270203 -33.738602 0.34448819,50.335727 -33.782384 0.34448819,
  50.379508 -33.847907 0.34448819,50.394882 -33.925197 0.34448819,
  50.379508 -34.002487 0.34448819,50.335727 -34.06801 0.34448819,
  50.270203 -34.111791 0.34448819,50.192913 -34.127165 0.34448819,
  50.115623 -34.111791 0.34448819,50.0501 -34.06801 0.34448819,
  50.006319 -34.002487 0.34448819,58.838583 -40.570866 0.34448819,
  58.838583 -41.279528 0.34448819,59.547244 -41.279528 0.34448819,
  59.547244 -40.570866 0.34448819,58.990945 -40.925197 0.34448819,
  59.006319 -40.847907 0.34448819,59.0501 -40.782384 0.34448819,
  59.115623 -40.738602 0.34448819,59.192913 -40.723228 0.34448819,
  59.270203 -40.738602 0.34448819,59.335727 -40.782384 0.34448819,
  59.379508 -40.847907 0.34448819,59.394882 -40.925197 0.34448819,
  59.379508 -41.002487 0.34448819,59.335727 -41.06801 0.34448819,
  59.270203 -41.111791 0.34448819,59.192913 -41.127165 0.34448819,
  59.115623 -41.111791 0.34448819,59.0501 -41.06801 0.34448819,
  59.006319 -41.002487 0.34448819,58.95582 -39.661878 0.34448819,
  58.906254 -39.716926 0.34448819,58.869216 -39.781078 0.34448819,
  58.846326 -39.851527 0.34448819,58.838583 -39.925197 0.34448819,
  58.846326 -39.998867 0.34448819,58.869216 -40.069316 0.34448819,
  58.906254 -40.133467 0.34448819,58.95582 -40.188516 0.34448819,
  59.015748 -40.232056 0.34448819,59.083419 -40.262185 0.34448819,
  59.155876 -40.277587 0.34448819,59.229951 -40.277587 0.34448819,
  59.302407 -40.262185 0.34448819,59.370079 -40.232056 0.34448819,
  59.430007 -40.188516 0.34448819,59.479573 -40.133467 0.34448819,
  59.516611 -40.069316 0.34448819,59.539501 -39.998867 0.34448819,
  59.547244 -39.925197 0.34448819,59.539501 -39.851527 0.34448819,
  59.516611 -39.781078 0.34448819,59.479573 -39.716926 0.34448819,
  59.430007 -39.661878 0.34448819,59.370079 -39.618337 0.34448819,
  59.302407 -39.588208 0.34448819,59.229951 -39.572807 0.34448819,
  59.155876 -39.572807 0.34448819,59.083419 -39.588208 0.34448819,
  59.015748 -39.618337 0.34448819,58.990945 -39.925197 0.34448819,
  59.006319 -39.847907 0.34448819,59.0501 -39.782384 0.34448819,
  59.115623 -39.738602 0.34448819,59.192913 -39.723228 0.34448819,
  59.270203 -39.738602 0.34448819,59.335727 -39.782384 0.34448819,
  59.379508 -39.847907 0.34448819,59.394882 -39.925197 0.34448819,
  59.379508 -40.002487 0.34448819,59.335727 -40.06801 0.34448819,
  59.270203 -40.111791 0.34448819,59.192913 -40.127165 0.34448819,
  59.115623 -40.111791 0.34448819,59.0501 -40.06801 0.34448819,
  59.006319 -40.002487 0.34448819,58.95582 -38.661878 0.34448819,
  58.906254 -38.716926 0.34448819,58.869216 -38.781078 0.34448819,
  58.846326 -38.851527 0.34448819,58.838583 -38.925197 0.34448819,
  58.846326 -38.998867 0.34448819,58.869216 -39.069316 0.34448819,
  58.906254 -39.133467 0.34448819,58.95582 -39.188516 0.34448819,
  59.015748 -39.232056 0.34448819,59.083419 -39.262185 0.34448819,
  59.155876 -39.277587 0.34448819,59.229951 -39.277587 0.34448819,
  59.302407 -39.262185 0.34448819,59.370079 -39.232056 0.34448819,
  59.430007 -39.188516 0.34448819,59.479573 -39.133467 0.34448819,
  59.516611 -39.069316 0.34448819,59.539501 -38.998867 0.34448819,
  59.547244 -38.925197 0.34448819,59.539501 -38.851527 0.34448819,
  59.516611 -38.781078 0.34448819,59.479573 -38.716926 0.34448819,
  59.430007 -38.661878 0.34448819,59.370079 -38.618337 0.34448819,
  59.302407 -38.588208 0.34448819,59.229951 -38.572807 0.34448819,
  59.155876 -38.572807 0.34448819,59.083419 -38.588208 0.34448819,
  59.015748 -38.618337 0.34448819,58.990945 -38.925197 0.34448819,
  59.006319 -38.847907 0.34448819,59.0501 -38.782384 0.34448819,
  59.115623 -38.738602 0.34448819,59.192913 -38.723228 0.34448819,
  59.270203 -38.738602 0.34448819,59.335727 -38.782384 0.34448819,
  59.379508 -38.847907 0.34448819,59.394882 -38.925197 0.34448819,
  59.379508 -39.002487 0.34448819,59.335727 -39.06801 0.34448819,
  59.270203 -39.111791 0.34448819,59.192913 -39.127165 0.34448819,
  59.115623 -39.111791 0.34448819,59.0501 -39.06801 0.34448819,
  59.006319 -39.002487 0.34448819,58.95582 -37.661878 0.34448819,
  58.906254 -37.716926 0.34448819,58.869216 -37.781078 0.34448819,
  58.846326 -37.851527 0.34448819,58.838583 -37.925197 0.34448819,
  58.846326 -37.998867 0.34448819,58.869216 -38.069316 0.34448819,
  58.906254 -38.133467 0.34448819,58.95582 -38.188516 0.34448819,
  59.015748 -38.232056 0.34448819,59.083419 -38.262185 0.34448819,
  59.155876 -38.277587 0.34448819,59.229951 -38.277587 0.34448819,
  59.302407 -38.262185 0.34448819,59.370079 -38.232056 0.34448819,
  59.430007 -38.188516 0.34448819,59.479573 -38.133467 0.34448819,
  59.516611 -38.069316 0.34448819,59.539501 -37.998867 0.34448819,
  59.547244 -37.925197 0.34448819,59.539501 -37.851527 0.34448819,
  59.516611 -37.781078 0.34448819,59.479573 -37.716926 0.34448819,
  59.430007 -37.661878 0.34448819,59.370079 -37.618337 0.34448819,
  59.302407 -37.588208 0.34448819,59.229951 -37.572807 0.34448819,
  59.155876 -37.572807 0.34448819,59.083419 -37.588208 0.34448819,
  59.015748 -37.618337 0.34448819,58.990945 -37.925197 0.34448819,
  59.006319 -37.847907 0.34448819,59.0501 -37.782384 0.34448819,
  59.115623 -37.738602 0.34448819,59.192913 -37.723228 0.34448819,
  59.270203 -37.738602 0.34448819,59.335727 -37.782384 0.34448819,
  59.379508 -37.847907 0.34448819,59.394882 -37.925197 0.34448819,
  59.379508 -38.002487 0.34448819,59.335727 -38.06801 0.34448819,
  59.270203 -38.111791 0.34448819,59.192913 -38.127165 0.34448819,
  59.115623 -38.111791 0.34448819,59.0501 -38.06801 0.34448819,
  59.006319 -38.002487 0.34448819,58.95582 -36.661878 0.34448819,
  58.906254 -36.716926 0.34448819,58.869216 -36.781078 0.34448819,
  58.846326 -36.851527 0.34448819,58.838583 -36.925197 0.34448819,
  58.846326 -36.998867 0.34448819,58.869216 -37.069316 0.34448819,
  58.906254 -37.133467 0.34448819,58.95582 -37.188516 0.34448819,
  59.015748 -37.232056 0.34448819,59.083419 -37.262185 0.34448819,
  59.155876 -37.277587 0.34448819,59.229951 -37.277587 0.34448819,
  59.302407 -37.262185 0.34448819,59.370079 -37.232056 0.34448819,
  59.430007 -37.188516 0.34448819,59.479573 -37.133467 0.34448819,
  59.516611 -37.069316 0.34448819,59.539501 -36.998867 0.34448819,
  59.547244 -36.925197 0.34448819,59.539501 -36.851527 0.34448819,
  59.516611 -36.781078 0.34448819,59.479573 -36.716926 0.34448819,
  59.430007 -36.661878 0.34448819,59.370079 -36.618337 0.34448819,
  59.302407 -36.588208 0.34448819,59.229951 -36.572807 0.34448819,
  59.155876 -36.572807 0.34448819,59.083419 -36.588208 0.34448819,
  59.015748 -36.618337 0.34448819,58.990945 -36.925197 0.34448819,
  59.006319 -36.847907 0.34448819,59.0501 -36.782384 0.34448819,
  59.115623 -36.738602 0.34448819,59.192913 -36.723228 0.34448819,
  59.270203 -36.738602 0.34448819,59.335727 -36.782384 0.34448819,
  59.379508 -36.847907 0.34448819,59.394882 -36.925197 0.34448819,
  59.379508 -37.002487 0.34448819,59.335727 -37.06801 0.34448819,
  59.270203 -37.111791 0.34448819,59.192913 -37.127165 0.34448819,
  59.115623 -37.111791 0.34448819,59.0501 -37.06801 0.34448819,
  59.006319 -37.002487 0.34448819,58.95582 -35.661878 0.34448819,
  58.906254 -35.716926 0.34448819,58.869216 -35.781078 0.34448819,
  58.846326 -35.851527 0.34448819,58.838583 -35.925197 0.34448819,
  58.846326 -35.998867 0.34448819,58.869216 -36.069316 0.34448819,
  58.906254 -36.133467 0.34448819,58.95582 -36.188516 0.34448819,
  59.015748 -36.232056 0.34448819,59.083419 -36.262185 0.34448819,
  59.155876 -36.277587 0.34448819,59.229951 -36.277587 0.34448819,
  59.302407 -36.262185 0.34448819,59.370079 -36.232056 0.34448819,
  59.430007 -36.188516 0.34448819,59.479573 -36.133467 0.34448819,
  59.516611 -36.069316 0.34448819,59.539501 -35.998867 0.34448819,
  59.547244 -35.925197 0.34448819,59.539501 -35.851527 0.34448819,
  59.516611 -35.781078 0.34448819,59.479573 -35.716926 0.34448819,
  59.430007 -35.661878 0.34448819,59.370079 -35.618337 0.34448819,
  59.302407 -35.588208 0.34448819,59.229951 -35.572807 0.34448819,
  59.155876 -35.572807 0.34448819,59.083419 -35.588208 0.34448819,
  59.015748 -35.618337 0.34448819,58.990945 -35.925197 0.34448819,
  59.006319 -35.847907 0.34448819,59.0501 -35.782384 0.34448819,
  59.115623 -35.738602 0.34448819,59.192913 -35.723228 0.34448819,
  59.270203 -35.738602 0.34448819,59.335727 -35.782384 0.34448819,
  59.379508 -35.847907 0.34448819,59.394882 -35.925197 0.34448819,
  59.379508 -36.002487 0.34448819,59.335727 -36.06801 0.34448819,
  59.270203 -36.111791 0.34448819,59.192913 -36.127165 0.34448819,
  59.115623 -36.111791 0.34448819,59.0501 -36.06801 0.34448819,
  59.006319 -36.002487 0.34448819,58.95582 -34.661878 0.34448819,
  58.906254 -34.716926 0.34448819,58.869216 -34.781078 0.34448819,
  58.846326 -34.851527 0.34448819,58.838583 -34.925197 0.34448819,
  58.846326 -34.998867 0.34448819,58.869216 -35.069316 0.34448819,
  58.906254 -35.133467 0.34448819,58.95582 -35.188516 0.34448819,
  59.015748 -35.232056 0.34448819,59.083419 -35.262185 0.34448819,
  59.155876 -35.277587 0.34448819,59.229951 -35.277587 0.34448819,
  59.302407 -35.262185 0.34448819,59.370079 -35.232056 0.34448819,
  59.430007 -35.188516 0.34448819,59.479573 -35.133467 0.34448819,
  59.516611 -35.069316 0.34448819,59.539501 -34.998867 0.34448819,
  59.547244 -34.925197 0.34448819,59.539501 -34.851527 0.34448819,
  59.516611 -34.781078 0.34448819,59.479573 -34.716926 0.34448819,
  59.430007 -34.661878 0.34448819,59.370079 -34.618337 0.34448819,
  59.302407 -34.588208 0.34448819,59.229951 -34.572807 0.34448819,
  59.155876 -34.572807 0.34448819,59.083419 -34.588208 0.34448819,
  59.015748 -34.618337 0.34448819,58.990945 -34.925197 0.34448819,
  59.006319 -34.847907 0.34448819,59.0501 -34.782384 0.34448819,
  59.115623 -34.738602 0.34448819,59.192913 -34.723228 0.34448819,
  59.270203 -34.738602 0.34448819,59.335727 -34.782384 0.34448819,
  59.379508 -34.847907 0.34448819,59.394882 -34.925197 0.34448819,
  59.379508 -35.002487 0.34448819,59.335727 -35.06801 0.34448819,
  59.270203 -35.111791 0.34448819,59.192913 -35.127165 0.34448819,
  59.115623 -35.111791 0.34448819,59.0501 -35.06801 0.34448819,
  59.006319 -35.002487 0.34448819,58.95582 -33.661878 0.34448819,
  58.906254 -33.716926 0.34448819,58.869216 -33.781078 0.34448819,
  58.846326 -33.851527 0.34448819,58.838583 -33.925197 0.34448819,
  58.846326 -33.998867 0.34448819,58.869216 -34.069316 0.34448819,
  58.906254 -34.133467 0.34448819,58.95582 -34.188516 0.34448819,
  59.015748 -34.232056 0.34448819,59.083419 -34.262185 0.34448819,
  59.155876 -34.277587 0.34448819,59.229951 -34.277587 0.34448819,
  59.302407 -34.262185 0.34448819,59.370079 -34.232056 0.34448819,
  59.430007 -34.188516 0.34448819,59.479573 -34.133467 0.34448819,
  59.516611 -34.069316 0.34448819,59.539501 -33.998867 0.34448819,
  59.547244 -33.925197 0.34448819,59.539501 -33.851527 0.34448819,
  59.516611 -33.781078 0.34448819,59.479573 -33.716926 0.34448819,
  59.430007 -33.661878 0.34448819,59.370079 -33.618337 0.34448819,
  59.302407 -33.588208 0.34448819,59.229951 -33.572807 0.34448819,
  59.155876 -33.572807 0.34448819,59.083419 -33.588208 0.34448819,
  59.015748 -33.618337 0.34448819,58.990945 -33.925197 0.34448819,
  59.006319 -33.847907 0.34448819,59.0501 -33.782384 0.34448819,
  59.115623 -33.738602 0.34448819,59.192913 -33.723228 0.34448819,
  59.270203 -33.738602 0.34448819,59.335727 -33.782384 0.34448819,
  59.379508 -33.847907 0.34448819,59.394882 -33.925197 0.34448819,
  59.379508 -34.002487 0.34448819,59.335727 -34.06801 0.34448819,
  59.270203 -34.111791 0.34448819,59.192913 -34.127165 0.34448819,
  59.115623 -34.111791 0.34448819,59.0501 -34.06801 0.34448819,
  59.006319 -34.002487 0.34448819] }
 coordIndex [
  30,31,26,-1,30,26,28,-1,30,28,29,-1,21,22,23,-1,21,23,24,-1,21,24,25,-1,21,25,20,-1,26,31,32,-1,
  26,32,33,-1,26,33,34,-1,26,34,35,-1,26,35,36,-1,26,36,37,-1,26,37,38,-1,26,38,39,-1,26,39,40,-1,
  26,40,41,-1,26,41,0,-1,26,0,12,-1,26,12,13,-1,26,13,20,-1,26,20,25,-1,14,15,18,-1,14,18,19,-1,
  14,19,20,-1,14,20,13,-1,15,16,17,-1,15,17,18,-1,48,49,55,-1,55,49,50,-1,55,50,54,-1,54,50,51,-1,
  54,51,53,-1,53,51,52,-1,48,55,63,-1,48,63,42,-1,48,42,43,-1,48,43,44,-1,48,44,45,-1,48,45,46,-1,
  48,46,47,-1,59,60,58,-1,58,60,61,-1,58,61,57,-1,57,61,62,-1,57,62,56,-1,56,62,63,-1,56,63,55,-1,
  2253,2254,2252,-1,2252,2254,2256,-1,2252,2256,2251,-1,2251,2256,2257,-1,2251,2257,2258,-1,2407,2408,2329,-1,2407,2329,2330,-1,2407,2330,2337,-1,
  2407,2337,2338,-1,2407,2338,2339,-1,2407,2339,2340,-1,2407,2340,2341,-1,2407,2341,2342,-1,2407,2342,2343,-1,2407,2343,2344,-1,2407,2344,2406,-1,
  2345,2346,2401,-1,2345,2401,2402,-1,2345,2402,2403,-1,2345,2403,2404,-1,2345,2404,2405,-1,2345,2405,2406,-1,2345,2406,2344,-1,2397,2398,2347,-1,
  2347,2398,2399,-1,2347,2399,2346,-1,2346,2399,2400,-1,2346,2400,2401,-1,2347,2348,2392,-1,2347,2392,2393,-1,2347,2393,2394,-1,2347,2394,2395,-1,
  2347,2395,2396,-1,2347,2396,2397,-1,2392,2348,2349,-1,2392,2349,2350,-1,2392,2350,2351,-1,2392,2351,2352,-1,2392,2352,2353,-1,2392,2353,2354,-1,
  2392,2354,2355,-1,2392,2355,2391,-1,2390,2391,2355,-1,2390,2355,2356,-1,2390,2356,2357,-1,2390,2357,2358,-1,2390,2358,2359,-1,2390,2359,2360,-1,
  2390,2360,2361,-1,2390,2361,2362,-1,2390,2362,2363,-1,2390,2363,2389,-1,2363,2364,2383,-1,2363,2383,2384,-1,2363,2384,2385,-1,2363,2385,2386,-1,
  2363,2386,2387,-1,2363,2387,2388,-1,2363,2388,2389,-1,2364,2365,2379,-1,2364,2379,2380,-1,2364,2380,2381,-1,2364,2381,2382,-1,2364,2382,2383,-1,
  2365,2366,2376,-1,2365,2376,2377,-1,2365,2377,2378,-1,2365,2378,2379,-1,2366,2367,2376,-1,2376,2367,2368,-1,2376,2368,2375,-1,2375,2368,2369,-1,
  2375,2369,2370,-1,2375,2370,2371,-1,2375,2371,2372,-1,2375,2372,2373,-1,2375,2373,2374,-1,2530,2531,2529,-1,2529,2531,2533,-1,2529,2533,2528,-1,
  2528,2533,2534,-1,2528,2534,2201,-1,2201,2534,2374,-1,2201,2374,2193,-1,2193,2374,2373,-1,2337,2330,2336,-1,2336,2330,2331,-1,2336,2331,2335,-1,
  2335,2331,2333,-1,2335,2333,2334,-1,2328,2329,2415,-1,2328,2415,2416,-1,2328,2416,2417,-1,2328,2417,2418,-1,2328,2418,2419,-1,2328,2419,2420,-1,
  2328,2420,2421,-1,2328,2421,2422,-1,2328,2422,2327,-1,2413,2414,2409,-1,2409,2414,2415,-1,2409,2415,2408,-1,2408,2415,2329,-1,2411,2412,2413,-1,
  2411,2413,2409,-1,2411,2409,2410,-1,2321,2322,2323,-1,2321,2323,2316,-1,2321,2316,2317,-1,2321,2317,2318,-1,2321,2318,2319,-1,2321,2319,2320,-1,
  2324,2325,2315,-1,2324,2315,2316,-1,2324,2316,2323,-1,2326,2327,2312,-1,2326,2312,2313,-1,2326,2313,2314,-1,2326,2314,2315,-1,2326,2315,2325,-1,
  2327,2422,2312,-1,2312,2422,2423,-1,2312,2423,2311,-1,2311,2423,2424,-1,2311,2424,2425,-1,2311,2425,2426,-1,2311,2426,2427,-1,2311,2427,2428,-1,
  2311,2428,2429,-1,2311,2429,2430,-1,2311,2430,2310,-1,2431,2436,2430,-1,2430,2436,2437,-1,2430,2437,2310,-1,2310,2437,2438,-1,2310,2438,2309,-1,
  2309,2438,2302,-1,2309,2302,2303,-1,2432,2433,2434,-1,2432,2434,2436,-1,2432,2436,2431,-1,2497,2498,2239,-1,2497,2239,2240,-1,2497,2240,2241,-1,
  2497,2241,2242,-1,2497,2242,2243,-1,2497,2243,2244,-1,2497,2244,2245,-1,2497,2245,2246,-1,2497,2246,2247,-1,2497,2247,2248,-1,2497,2248,2249,-1,
  2497,2249,2250,-1,2497,2250,2251,-1,2497,2251,2258,-1,2497,2258,2259,-1,2497,2259,2496,-1,2498,2499,2239,-1,2239,2499,2500,-1,2239,2500,2238,-1,
  2238,2500,2501,-1,2238,2501,2502,-1,2238,2502,2503,-1,2238,2503,2504,-1,2238,2504,2505,-1,2238,2505,2237,-1,2506,2507,2230,-1,2506,2230,2231,-1,
  2506,2231,2232,-1,2506,2232,2233,-1,2506,2233,2234,-1,2506,2234,2235,-1,2506,2235,2236,-1,2506,2236,2237,-1,2506,2237,2505,-1,2224,2225,2223,-1,
  2223,2225,2227,-1,2223,2227,2222,-1,2222,2227,2228,-1,2222,2228,2221,-1,2221,2228,2229,-1,2221,2229,2507,-1,2507,2229,2230,-1,9,10,1,-1,
  1,10,11,-1,1,11,0,-1,0,11,12,-1,2,3,7,-1,2,7,8,-1,2,8,9,-1,2,9,1,-1,6,7,3,-1,
  6,3,4,-1,6,4,5,-1,94,95,102,-1,102,95,96,-1,102,96,98,-1,98,96,97,-1,73,76,72,-1,72,76,78,-1,
  72,78,71,-1,71,78,79,-1,71,79,70,-1,70,79,80,-1,70,80,69,-1,69,80,81,-1,69,81,68,-1,68,81,82,-1,
  68,82,67,-1,67,82,83,-1,67,83,66,-1,66,83,84,-1,66,84,65,-1,65,84,112,-1,65,112,113,-1,84,85,120,-1,
  84,120,121,-1,84,121,112,-1,120,85,86,-1,120,86,87,-1,120,87,88,-1,120,88,119,-1,118,119,88,-1,118,88,89,-1,
  118,89,104,-1,118,104,105,-1,118,105,106,-1,118,106,107,-1,118,107,117,-1,103,104,89,-1,103,89,90,-1,103,90,91,-1,
  103,91,92,-1,103,92,93,-1,103,93,102,-1,102,98,99,-1,102,99,100,-1,102,100,101,-1,76,73,74,-1,76,74,75,-1,
  110,111,115,-1,115,111,65,-1,115,65,114,-1,114,65,113,-1,115,116,108,-1,115,108,109,-1,115,109,110,-1,117,107,108,-1,
  117,108,116,-1,123,124,130,-1,130,124,125,-1,130,125,129,-1,129,125,126,-1,129,126,128,-1,128,126,127,-1,157,158,131,-1,
  131,158,159,-1,131,159,123,-1,123,159,160,-1,123,160,122,-1,122,160,161,-1,122,161,162,-1,132,133,155,-1,132,155,156,-1,
  132,156,157,-1,132,157,131,-1,152,153,136,-1,136,153,154,-1,136,154,135,-1,135,154,155,-1,135,155,134,-1,134,155,133,-1,
  152,136,137,-1,152,137,138,-1,152,138,139,-1,152,139,151,-1,149,150,141,-1,141,150,151,-1,141,151,140,-1,140,151,139,-1,
  141,142,143,-1,141,143,145,-1,141,145,146,-1,141,146,147,-1,141,147,148,-1,141,148,149,-1,166,189,206,-1,206,189,190,-1,
  206,190,205,-1,205,190,191,-1,205,191,204,-1,204,191,192,-1,204,192,203,-1,203,192,193,-1,203,193,202,-1,202,193,194,-1,
  202,194,201,-1,201,194,195,-1,201,195,200,-1,200,195,196,-1,200,196,199,-1,199,196,197,-1,199,197,198,-1,166,206,165,-1,
  165,206,207,-1,165,207,164,-1,164,207,208,-1,164,208,209,-1,209,210,162,-1,209,162,163,-1,209,163,164,-1,211,122,162,-1,
  211,162,210,-1,186,187,169,-1,169,187,188,-1,169,188,168,-1,168,188,189,-1,168,189,167,-1,167,189,166,-1,184,185,171,-1,
  171,185,186,-1,171,186,170,-1,170,186,169,-1,172,173,183,-1,172,183,184,-1,172,184,171,-1,174,175,180,-1,174,180,181,-1,
  174,181,182,-1,174,182,183,-1,174,183,173,-1,176,177,179,-1,176,179,180,-1,176,180,175,-1,245,212,213,-1,245,213,214,-1,
  245,214,215,-1,245,215,216,-1,245,216,217,-1,245,217,244,-1,217,218,235,-1,217,235,236,-1,217,236,237,-1,217,237,238,-1,
  217,238,239,-1,217,239,240,-1,217,240,241,-1,217,241,242,-1,217,242,243,-1,217,243,244,-1,218,219,226,-1,218,226,227,-1,
  218,227,228,-1,218,228,229,-1,218,229,230,-1,218,230,231,-1,218,231,232,-1,218,232,233,-1,218,233,234,-1,218,234,235,-1,
  226,219,220,-1,226,220,221,-1,226,221,222,-1,226,222,223,-1,226,223,225,-1,347,348,343,-1,347,343,345,-1,347,345,346,-1,
  253,254,282,-1,253,282,246,-1,253,246,247,-1,253,247,248,-1,253,248,249,-1,253,249,250,-1,253,250,251,-1,253,251,252,-1,
  282,254,255,-1,282,255,256,-1,282,256,257,-1,282,257,258,-1,282,258,259,-1,282,259,260,-1,282,260,261,-1,282,261,262,-1,
  282,262,263,-1,282,263,284,-1,284,263,264,-1,284,264,265,-1,284,265,266,-1,284,266,267,-1,284,267,268,-1,284,268,269,-1,
  284,269,270,-1,284,270,271,-1,284,271,272,-1,284,272,283,-1,279,280,272,-1,272,280,281,-1,272,281,283,-1,283,281,246,-1,
  283,246,282,-1,273,274,276,-1,273,276,277,-1,273,277,278,-1,273,278,279,-1,273,279,272,-1,288,289,298,-1,298,289,290,-1,
  298,290,297,-1,297,290,291,-1,297,291,296,-1,296,291,292,-1,296,292,295,-1,295,292,293,-1,295,293,294,-1,301,286,300,-1,
  300,286,287,-1,300,287,299,-1,299,287,288,-1,299,288,298,-1,302,303,338,-1,302,338,329,-1,302,329,285,-1,302,285,286,-1,
  302,286,301,-1,337,338,303,-1,337,303,304,-1,337,304,305,-1,337,305,336,-1,335,336,305,-1,335,305,306,-1,335,306,315,-1,
  335,315,316,-1,335,316,317,-1,335,317,318,-1,335,318,334,-1,315,306,314,-1,314,306,307,-1,314,307,313,-1,313,307,308,-1,
  313,308,312,-1,312,308,309,-1,312,309,310,-1,327,328,331,-1,331,328,285,-1,331,285,330,-1,330,285,329,-1,327,331,332,-1,
  327,332,333,-1,327,333,320,-1,327,320,326,-1,326,320,321,-1,326,321,322,-1,326,322,323,-1,326,323,324,-1,326,324,325,-1,
  319,320,333,-1,319,333,334,-1,319,334,318,-1,341,342,350,-1,350,342,343,-1,350,343,349,-1,349,343,348,-1,340,341,350,-1,
  340,350,351,-1,340,351,352,-1,340,352,353,-1,340,353,354,-1,340,354,355,-1,340,355,356,-1,340,356,357,-1,340,357,358,-1,
  340,358,339,-1,362,363,361,-1,361,363,364,-1,361,364,360,-1,360,364,365,-1,360,365,359,-1,359,365,366,-1,359,366,358,-1,
  358,366,386,-1,358,386,339,-1,339,386,387,-1,339,387,388,-1,389,412,429,-1,429,412,413,-1,429,413,428,-1,428,413,414,-1,
  428,414,427,-1,427,414,415,-1,427,415,426,-1,426,415,416,-1,426,416,425,-1,425,416,417,-1,425,417,424,-1,424,417,418,-1,
  424,418,423,-1,423,418,419,-1,423,419,422,-1,422,419,420,-1,422,420,421,-1,339,388,389,-1,339,389,429,-1,409,410,392,-1,
  392,410,411,-1,392,411,391,-1,391,411,412,-1,391,412,390,-1,390,412,389,-1,407,408,394,-1,394,408,409,-1,394,409,393,-1,
  393,409,392,-1,395,396,406,-1,395,406,407,-1,395,407,394,-1,397,398,403,-1,397,403,404,-1,397,404,405,-1,397,405,406,-1,
  397,406,396,-1,399,400,402,-1,399,402,403,-1,399,403,398,-1,366,367,378,-1,366,378,379,-1,366,379,380,-1,366,380,381,-1,
  366,381,382,-1,366,382,383,-1,366,383,384,-1,366,384,385,-1,366,385,386,-1,376,377,369,-1,369,377,378,-1,369,378,368,-1,
  368,378,367,-1,370,371,372,-1,370,372,374,-1,370,374,375,-1,370,375,376,-1,370,376,369,-1,471,474,470,-1,470,474,476,-1,
  470,476,468,-1,468,476,477,-1,468,477,467,-1,467,477,478,-1,467,478,466,-1,466,478,479,-1,466,479,465,-1,465,479,480,-1,
  465,480,464,-1,464,480,481,-1,464,481,463,-1,463,481,482,-1,463,482,462,-1,462,482,483,-1,462,483,461,-1,461,483,484,-1,
  461,484,460,-1,460,484,501,-1,460,501,502,-1,472,473,474,-1,472,474,471,-1,430,431,453,-1,430,453,491,-1,430,491,492,-1,
  430,492,493,-1,430,493,494,-1,430,494,490,-1,495,496,488,-1,495,488,489,-1,495,489,490,-1,495,490,494,-1,497,498,486,-1,
  497,486,487,-1,497,487,488,-1,497,488,496,-1,485,486,498,-1,485,498,499,-1,485,499,500,-1,485,500,501,-1,485,501,484,-1,
  552,555,551,-1,551,555,557,-1,551,557,549,-1,549,557,558,-1,549,558,548,-1,548,558,559,-1,548,559,547,-1,547,559,560,-1,
  547,560,546,-1,546,560,561,-1,546,561,545,-1,545,561,562,-1,545,562,544,-1,544,562,563,-1,544,563,543,-1,543,563,564,-1,
  543,564,542,-1,542,564,565,-1,542,565,541,-1,541,565,582,-1,541,582,583,-1,553,554,555,-1,553,555,552,-1,511,512,534,-1,
  511,534,572,-1,511,572,573,-1,511,573,574,-1,511,574,575,-1,511,575,571,-1,576,577,569,-1,576,569,570,-1,576,570,571,-1,
  576,571,575,-1,578,579,567,-1,578,567,568,-1,578,568,569,-1,578,569,577,-1,566,567,579,-1,566,579,580,-1,566,580,581,-1,
  566,581,582,-1,566,582,565,-1,445,446,438,-1,445,438,439,-1,445,439,440,-1,445,440,443,-1,445,443,444,-1,443,440,441,-1,
  443,441,442,-1,526,527,519,-1,526,519,520,-1,526,520,521,-1,526,521,524,-1,526,524,525,-1,524,521,522,-1,524,522,523,-1,
  514,515,530,-1,530,515,516,-1,530,516,529,-1,529,516,517,-1,529,517,528,-1,528,517,518,-1,528,518,527,-1,527,518,519,-1,
  533,512,532,-1,532,512,513,-1,532,513,531,-1,531,513,514,-1,531,514,530,-1,536,589,535,-1,535,589,590,-1,535,590,534,-1,
  534,590,591,-1,534,591,572,-1,537,538,587,-1,537,587,588,-1,537,588,589,-1,537,589,536,-1,584,585,540,-1,540,585,586,-1,
  540,586,539,-1,539,586,587,-1,539,587,538,-1,540,541,583,-1,540,583,584,-1,433,434,449,-1,449,434,435,-1,449,435,448,-1,
  448,435,436,-1,448,436,447,-1,447,436,437,-1,447,437,446,-1,446,437,438,-1,452,431,451,-1,451,431,432,-1,451,432,450,-1,
  450,432,433,-1,450,433,449,-1,455,508,454,-1,454,508,509,-1,454,509,453,-1,453,509,510,-1,453,510,491,-1,456,457,506,-1,
  456,506,507,-1,456,507,508,-1,456,508,455,-1,503,504,459,-1,459,504,505,-1,459,505,458,-1,458,505,506,-1,458,506,457,-1,
  459,460,502,-1,459,502,503,-1,600,601,596,-1,600,596,598,-1,600,598,599,-1,594,595,603,-1,603,595,596,-1,603,596,602,-1,
  602,596,601,-1,593,594,603,-1,593,603,604,-1,593,604,605,-1,593,605,606,-1,593,606,607,-1,593,607,608,-1,593,608,609,-1,
  593,609,610,-1,593,610,611,-1,593,611,592,-1,615,616,614,-1,614,616,617,-1,614,617,613,-1,613,617,618,-1,613,618,612,-1,
  612,618,619,-1,612,619,611,-1,611,619,639,-1,611,639,592,-1,592,639,640,-1,592,640,641,-1,642,665,682,-1,682,665,666,-1,
  682,666,681,-1,681,666,667,-1,681,667,680,-1,680,667,668,-1,680,668,679,-1,679,668,669,-1,679,669,678,-1,678,669,670,-1,
  678,670,677,-1,677,670,671,-1,677,671,676,-1,676,671,672,-1,676,672,675,-1,675,672,673,-1,675,673,674,-1,592,641,642,-1,
  592,642,682,-1,662,663,645,-1,645,663,664,-1,645,664,644,-1,644,664,665,-1,644,665,643,-1,643,665,642,-1,660,661,647,-1,
  647,661,662,-1,647,662,646,-1,646,662,645,-1,648,649,659,-1,648,659,660,-1,648,660,647,-1,650,651,656,-1,650,656,657,-1,
  650,657,658,-1,650,658,659,-1,650,659,649,-1,652,653,655,-1,652,655,656,-1,652,656,651,-1,619,620,631,-1,619,631,632,-1,
  619,632,633,-1,619,633,634,-1,619,634,635,-1,619,635,636,-1,619,636,637,-1,619,637,638,-1,619,638,639,-1,629,630,622,-1,
  622,630,631,-1,622,631,621,-1,621,631,620,-1,623,624,625,-1,623,625,627,-1,623,627,628,-1,623,628,629,-1,623,629,622,-1,
  716,683,684,-1,716,684,685,-1,716,685,686,-1,716,686,687,-1,716,687,688,-1,716,688,715,-1,688,689,706,-1,688,706,707,-1,
  688,707,708,-1,688,708,709,-1,688,709,710,-1,688,710,711,-1,688,711,712,-1,688,712,713,-1,688,713,714,-1,688,714,715,-1,
  689,690,697,-1,689,697,698,-1,689,698,699,-1,689,699,700,-1,689,700,701,-1,689,701,702,-1,689,702,703,-1,689,703,704,-1,
  689,704,705,-1,689,705,706,-1,697,690,691,-1,697,691,692,-1,697,692,693,-1,697,693,694,-1,697,694,696,-1,753,754,759,-1,
  759,754,755,-1,759,755,758,-1,758,755,756,-1,758,756,757,-1,753,759,760,-1,753,760,761,-1,753,761,762,-1,753,762,752,-1,
  751,752,762,-1,751,762,763,-1,751,763,764,-1,751,764,765,-1,751,765,750,-1,750,765,749,-1,749,765,766,-1,749,766,748,-1,
  748,766,767,-1,748,767,768,-1,748,768,747,-1,747,768,769,-1,747,769,746,-1,746,769,787,-1,746,787,745,-1,745,787,788,-1,
  745,788,789,-1,721,722,728,-1,728,722,723,-1,728,723,727,-1,727,723,725,-1,727,725,726,-1,718,719,729,-1,729,719,720,-1,
  729,720,728,-1,728,720,721,-1,730,731,738,-1,730,738,717,-1,730,717,718,-1,730,718,729,-1,734,735,733,-1,733,735,736,-1,
  733,736,732,-1,732,736,737,-1,732,737,731,-1,731,737,738,-1,794,795,740,-1,740,795,717,-1,740,717,739,-1,739,717,738,-1,
  793,794,740,-1,793,740,741,-1,793,741,742,-1,793,742,792,-1,742,743,790,-1,742,790,791,-1,742,791,792,-1,744,745,789,-1,
  744,789,790,-1,744,790,743,-1,787,769,786,-1,786,769,770,-1,786,770,785,-1,785,770,771,-1,785,771,784,-1,784,771,772,-1,
  784,772,783,-1,783,772,773,-1,783,773,782,-1,782,773,774,-1,782,774,781,-1,781,774,776,-1,781,776,779,-1,779,776,777,-1,
  779,777,778,-1,808,809,801,-1,808,801,802,-1,808,802,803,-1,808,803,806,-1,808,806,807,-1,806,803,804,-1,806,804,805,-1,
  801,809,800,-1,800,809,810,-1,800,810,799,-1,799,810,811,-1,799,811,798,-1,798,811,812,-1,798,812,797,-1,797,812,813,-1,
  797,813,796,-1,796,813,835,-1,796,835,836,-1,844,845,816,-1,816,845,846,-1,816,846,815,-1,815,846,835,-1,815,835,814,-1,
  814,835,813,-1,844,816,817,-1,844,817,818,-1,844,818,819,-1,844,819,843,-1,843,819,842,-1,842,819,820,-1,842,820,841,-1,
  841,820,828,-1,841,828,829,-1,838,832,837,-1,837,832,833,-1,837,833,836,-1,836,833,834,-1,836,834,796,-1,839,840,829,-1,
  839,829,830,-1,839,830,831,-1,839,831,832,-1,839,832,838,-1,823,826,822,-1,822,826,827,-1,822,827,821,-1,821,827,828,-1,
  821,828,820,-1,824,825,826,-1,824,826,823,-1,853,854,940,-1,940,854,863,-1,940,863,939,-1,939,863,893,-1,939,893,954,-1,
  954,893,894,-1,954,894,953,-1,953,894,895,-1,953,895,896,-1,848,849,945,-1,945,849,850,-1,945,850,944,-1,944,850,851,-1,
  944,851,943,-1,943,851,852,-1,943,852,942,-1,942,852,853,-1,942,853,941,-1,941,853,940,-1,945,946,848,-1,848,946,947,-1,
  848,947,847,-1,847,947,948,-1,847,948,862,-1,862,948,900,-1,862,900,932,-1,932,900,901,-1,932,901,931,-1,931,901,902,-1,
  931,902,930,-1,930,902,916,-1,930,916,917,-1,879,880,889,-1,889,880,881,-1,889,881,888,-1,888,881,882,-1,888,882,887,-1,
  887,882,883,-1,887,883,886,-1,886,883,884,-1,886,884,885,-1,893,864,892,-1,892,864,865,-1,892,865,891,-1,891,865,878,-1,
  891,878,890,-1,890,878,879,-1,890,879,889,-1,896,897,951,-1,896,951,952,-1,896,952,953,-1,948,949,899,-1,899,949,950,-1,
  899,950,898,-1,898,950,951,-1,898,951,897,-1,870,871,872,-1,870,872,873,-1,870,873,874,-1,870,874,869,-1,875,876,867,-1,
  875,867,868,-1,875,868,869,-1,875,869,874,-1,866,867,876,-1,866,876,877,-1,866,877,878,-1,866,878,865,-1,936,937,857,-1,
  857,937,938,-1,857,938,856,-1,856,938,863,-1,856,863,855,-1,855,863,854,-1,934,935,859,-1,859,935,936,-1,859,936,858,-1,
  858,936,857,-1,860,861,933,-1,860,933,934,-1,860,934,859,-1,862,932,933,-1,862,933,861,-1,908,911,907,-1,907,911,912,-1,
  907,912,906,-1,906,912,913,-1,906,913,905,-1,905,913,914,-1,905,914,904,-1,904,914,915,-1,904,915,903,-1,903,915,916,-1,
  903,916,902,-1,909,910,911,-1,909,911,908,-1,930,917,929,-1,929,917,918,-1,929,918,928,-1,928,918,919,-1,928,919,927,-1,
  927,919,920,-1,927,920,926,-1,926,920,921,-1,926,921,925,-1,925,921,922,-1,925,922,923,-1,967,968,960,-1,967,960,961,-1,
  967,961,962,-1,967,962,965,-1,967,965,966,-1,965,962,963,-1,965,963,964,-1,1194,1195,1190,-1,1194,1190,1192,-1,1194,1192,1193,-1,
  1188,1189,1197,-1,1197,1189,1190,-1,1197,1190,1196,-1,1196,1190,1195,-1,1187,1188,1197,-1,1187,1197,1198,-1,1187,1198,1199,-1,1187,1199,1200,-1,
  1187,1200,1201,-1,1187,1201,1202,-1,1187,1202,1203,-1,1187,1203,1204,-1,1187,1204,1205,-1,1187,1205,1186,-1,1209,1210,1208,-1,1208,1210,1211,-1,
  1208,1211,1207,-1,1207,1211,1212,-1,1207,1212,1206,-1,1206,1212,1213,-1,1206,1213,1205,-1,1205,1213,1233,-1,1205,1233,1186,-1,1186,1233,1234,-1,
  1186,1234,1235,-1,960,968,959,-1,959,968,969,-1,959,969,958,-1,958,969,970,-1,958,970,957,-1,957,970,971,-1,957,971,956,-1,
  956,971,972,-1,956,972,955,-1,955,972,994,-1,955,994,995,-1,1003,1004,975,-1,975,1004,1005,-1,975,1005,974,-1,974,1005,994,-1,
  974,994,973,-1,973,994,972,-1,1003,975,976,-1,1003,976,977,-1,1003,977,978,-1,1003,978,1002,-1,1002,978,1001,-1,1001,978,979,-1,
  1001,979,1000,-1,1000,979,987,-1,1000,987,988,-1,997,991,996,-1,996,991,992,-1,996,992,995,-1,995,992,993,-1,995,993,955,-1,
  998,999,988,-1,998,988,989,-1,998,989,990,-1,998,990,991,-1,998,991,997,-1,982,985,981,-1,981,985,986,-1,981,986,980,-1,
  980,986,987,-1,980,987,979,-1,983,984,985,-1,983,985,982,-1,1052,1053,1010,-1,1010,1053,1006,-1,1010,1006,1008,-1,1008,1006,1007,-1,
  1046,1047,1048,-1,1046,1048,1049,-1,1046,1049,1050,-1,1046,1050,1051,-1,1046,1051,1052,-1,1046,1052,1045,-1,1052,1010,1011,-1,1052,1011,1012,-1,
  1052,1012,1013,-1,1052,1013,1014,-1,1052,1014,1015,-1,1052,1015,1016,-1,1052,1016,1017,-1,1052,1017,1018,-1,1052,1018,1019,-1,1052,1019,1045,-1,
  1042,1043,1022,-1,1022,1043,1044,-1,1022,1044,1020,-1,1020,1044,1045,-1,1020,1045,1019,-1,1032,1033,1031,-1,1031,1033,1034,-1,1031,1034,1030,-1,
  1030,1034,1035,-1,1030,1035,1029,-1,1029,1035,1036,-1,1029,1036,1028,-1,1028,1036,1037,-1,1028,1037,1027,-1,1027,1037,1038,-1,1027,1038,1026,-1,
  1026,1038,1039,-1,1026,1039,1025,-1,1025,1039,1040,-1,1025,1040,1024,-1,1024,1040,1041,-1,1024,1041,1023,-1,1023,1041,1042,-1,1023,1042,1022,-1,
  1066,1067,1059,-1,1066,1059,1060,-1,1066,1060,1061,-1,1066,1061,1064,-1,1066,1064,1065,-1,1064,1061,1062,-1,1064,1062,1063,-1,1059,1067,1058,-1,
  1058,1067,1068,-1,1058,1068,1057,-1,1057,1068,1069,-1,1057,1069,1056,-1,1056,1069,1070,-1,1056,1070,1055,-1,1055,1070,1071,-1,1055,1071,1054,-1,
  1054,1071,1093,-1,1054,1093,1094,-1,1102,1103,1074,-1,1074,1103,1104,-1,1074,1104,1073,-1,1073,1104,1093,-1,1073,1093,1072,-1,1072,1093,1071,-1,
  1102,1074,1075,-1,1102,1075,1076,-1,1102,1076,1077,-1,1102,1077,1101,-1,1101,1077,1100,-1,1100,1077,1078,-1,1100,1078,1099,-1,1099,1078,1086,-1,
  1099,1086,1087,-1,1096,1090,1095,-1,1095,1090,1091,-1,1095,1091,1094,-1,1094,1091,1092,-1,1094,1092,1054,-1,1097,1098,1087,-1,1097,1087,1088,-1,
  1097,1088,1089,-1,1097,1089,1090,-1,1097,1090,1096,-1,1081,1084,1080,-1,1080,1084,1085,-1,1080,1085,1079,-1,1079,1085,1086,-1,1079,1086,1078,-1,
  1082,1083,1084,-1,1082,1084,1081,-1,1133,1134,1121,-1,1121,1134,1105,-1,1121,1105,1113,-1,1113,1105,1106,-1,1113,1106,1112,-1,1112,1106,1107,-1,
  1112,1107,1111,-1,1111,1107,1108,-1,1111,1108,1110,-1,1110,1108,1109,-1,1121,1122,1124,-1,1121,1124,1126,-1,1121,1126,1127,-1,1121,1127,1128,-1,
  1121,1128,1129,-1,1121,1129,1130,-1,1121,1130,1131,-1,1121,1131,1132,-1,1121,1132,1133,-1,1113,1114,1116,-1,1113,1116,1117,-1,1113,1117,1118,-1,
  1113,1118,1119,-1,1113,1119,1120,-1,1113,1120,1121,-1,1147,1148,1140,-1,1147,1140,1141,-1,1147,1141,1142,-1,1147,1142,1145,-1,1147,1145,1146,-1,
  1145,1142,1143,-1,1145,1143,1144,-1,1140,1148,1139,-1,1139,1148,1149,-1,1139,1149,1138,-1,1138,1149,1150,-1,1138,1150,1137,-1,1137,1150,1151,-1,
  1137,1151,1136,-1,1136,1151,1152,-1,1136,1152,1135,-1,1135,1152,1174,-1,1135,1174,1175,-1,1183,1184,1155,-1,1155,1184,1185,-1,1155,1185,1154,-1,
  1154,1185,1174,-1,1154,1174,1153,-1,1153,1174,1152,-1,1183,1155,1156,-1,1183,1156,1157,-1,1183,1157,1158,-1,1183,1158,1182,-1,1182,1158,1181,-1,
  1181,1158,1159,-1,1181,1159,1180,-1,1180,1159,1167,-1,1180,1167,1168,-1,1177,1171,1176,-1,1176,1171,1172,-1,1176,1172,1175,-1,1175,1172,1173,-1,
  1175,1173,1135,-1,1178,1179,1168,-1,1178,1168,1169,-1,1178,1169,1170,-1,1178,1170,1171,-1,1178,1171,1177,-1,1162,1165,1161,-1,1161,1165,1166,-1,
  1161,1166,1160,-1,1160,1166,1167,-1,1160,1167,1159,-1,1163,1164,1165,-1,1163,1165,1162,-1,1236,1259,1276,-1,1276,1259,1260,-1,1276,1260,1275,-1,
  1275,1260,1261,-1,1275,1261,1274,-1,1274,1261,1262,-1,1274,1262,1273,-1,1273,1262,1263,-1,1273,1263,1272,-1,1272,1263,1264,-1,1272,1264,1271,-1,
  1271,1264,1265,-1,1271,1265,1270,-1,1270,1265,1266,-1,1270,1266,1269,-1,1269,1266,1267,-1,1269,1267,1268,-1,1186,1235,1236,-1,1186,1236,1276,-1,
  1256,1257,1239,-1,1239,1257,1258,-1,1239,1258,1238,-1,1238,1258,1259,-1,1238,1259,1237,-1,1237,1259,1236,-1,1254,1255,1241,-1,1241,1255,1256,-1,
  1241,1256,1240,-1,1240,1256,1239,-1,1242,1243,1253,-1,1242,1253,1254,-1,1242,1254,1241,-1,1244,1245,1250,-1,1244,1250,1251,-1,1244,1251,1252,-1,
  1244,1252,1253,-1,1244,1253,1243,-1,1246,1247,1249,-1,1246,1249,1250,-1,1246,1250,1245,-1,1213,1214,1225,-1,1213,1225,1226,-1,1213,1226,1227,-1,
  1213,1227,1228,-1,1213,1228,1229,-1,1213,1229,1230,-1,1213,1230,1231,-1,1213,1231,1232,-1,1213,1232,1233,-1,1223,1224,1216,-1,1216,1224,1225,-1,
  1216,1225,1215,-1,1215,1225,1214,-1,1217,1218,1219,-1,1217,1219,1221,-1,1217,1221,1222,-1,1217,1222,1223,-1,1217,1223,1216,-1,1289,1290,1282,-1,
  1289,1282,1283,-1,1289,1283,1284,-1,1289,1284,1287,-1,1289,1287,1288,-1,1287,1284,1285,-1,1287,1285,1286,-1,1282,1290,1281,-1,1281,1290,1291,-1,
  1281,1291,1280,-1,1280,1291,1292,-1,1280,1292,1279,-1,1279,1292,1293,-1,1279,1293,1278,-1,1278,1293,1294,-1,1278,1294,1277,-1,1277,1294,1316,-1,
  1277,1316,1317,-1,1325,1326,1297,-1,1297,1326,1327,-1,1297,1327,1296,-1,1296,1327,1316,-1,1296,1316,1295,-1,1295,1316,1294,-1,1325,1297,1298,-1,
  1325,1298,1299,-1,1325,1299,1300,-1,1325,1300,1324,-1,1324,1300,1323,-1,1323,1300,1301,-1,1323,1301,1322,-1,1322,1301,1309,-1,1322,1309,1310,-1,
  1319,1313,1318,-1,1318,1313,1314,-1,1318,1314,1317,-1,1317,1314,1315,-1,1317,1315,1277,-1,1320,1321,1310,-1,1320,1310,1311,-1,1320,1311,1312,-1,
  1320,1312,1313,-1,1320,1313,1319,-1,1304,1307,1303,-1,1303,1307,1308,-1,1303,1308,1302,-1,1302,1308,1309,-1,1302,1309,1301,-1,1305,1306,1307,-1,
  1305,1307,1304,-1,1356,1357,1363,-1,1363,1357,1358,-1,1363,1358,1362,-1,1362,1358,1359,-1,1362,1359,1361,-1,1361,1359,1360,-1,1352,1353,1367,-1,
  1367,1353,1354,-1,1367,1354,1366,-1,1366,1354,1355,-1,1366,1355,1365,-1,1365,1355,1356,-1,1365,1356,1364,-1,1364,1356,1363,-1,1371,1403,1370,-1,
  1370,1403,1404,-1,1370,1404,1369,-1,1369,1404,1405,-1,1369,1405,1368,-1,1368,1405,1352,-1,1368,1352,1367,-1,1395,1328,1345,-1,1345,1328,1329,-1,
  1345,1329,1344,-1,1344,1329,1330,-1,1344,1330,1343,-1,1343,1330,1331,-1,1343,1331,1342,-1,1342,1331,1332,-1,1342,1332,1341,-1,1341,1332,1333,-1,
  1341,1333,1340,-1,1340,1333,1334,-1,1340,1334,1339,-1,1339,1334,1335,-1,1339,1335,1338,-1,1338,1335,1336,-1,1338,1336,1337,-1,1395,1345,1410,-1,
  1410,1345,1346,-1,1410,1346,1409,-1,1409,1346,1347,-1,1409,1347,1348,-1,1348,1349,1407,-1,1348,1407,1408,-1,1348,1408,1409,-1,1350,1351,1406,-1,
  1350,1406,1407,-1,1350,1407,1349,-1,1352,1405,1406,-1,1352,1406,1351,-1,1392,1393,1398,-1,1398,1393,1394,-1,1398,1394,1397,-1,1397,1394,1328,-1,
  1397,1328,1396,-1,1396,1328,1395,-1,1390,1391,1400,-1,1400,1391,1392,-1,1400,1392,1399,-1,1399,1392,1398,-1,1401,1402,1389,-1,1401,1389,1390,-1,
  1401,1390,1400,-1,1386,1387,1372,-1,1372,1387,1388,-1,1372,1388,1403,-1,1403,1388,1389,-1,1403,1389,1402,-1,1372,1373,1384,-1,1372,1384,1385,-1,
  1372,1385,1386,-1,1381,1382,1375,-1,1375,1382,1383,-1,1375,1383,1374,-1,1374,1383,1384,-1,1374,1384,1373,-1,1381,1375,1377,-1,1381,1377,1378,-1,
  1381,1378,1379,-1,1381,1379,1380,-1,1423,1424,1416,-1,1423,1416,1417,-1,1423,1417,1418,-1,1423,1418,1421,-1,1423,1421,1422,-1,1421,1418,1419,-1,
  1421,1419,1420,-1,1416,1424,1415,-1,1415,1424,1425,-1,1415,1425,1414,-1,1414,1425,1426,-1,1414,1426,1413,-1,1413,1426,1427,-1,1413,1427,1412,-1,
  1412,1427,1428,-1,1412,1428,1411,-1,1411,1428,1450,-1,1411,1450,1451,-1,1459,1460,1431,-1,1431,1460,1461,-1,1431,1461,1430,-1,1430,1461,1450,-1,
  1430,1450,1429,-1,1429,1450,1428,-1,1459,1431,1432,-1,1459,1432,1433,-1,1459,1433,1434,-1,1459,1434,1458,-1,1458,1434,1457,-1,1457,1434,1435,-1,
  1457,1435,1456,-1,1456,1435,1443,-1,1456,1443,1444,-1,1453,1447,1452,-1,1452,1447,1448,-1,1452,1448,1451,-1,1451,1448,1449,-1,1451,1449,1411,-1,
  1454,1455,1444,-1,1454,1444,1445,-1,1454,1445,1446,-1,1454,1446,1447,-1,1454,1447,1453,-1,1438,1441,1437,-1,1437,1441,1442,-1,1437,1442,1436,-1,
  1436,1442,1443,-1,1436,1443,1435,-1,1439,1440,1441,-1,1439,1441,1438,-1,1463,1464,1470,-1,1470,1464,1465,-1,1470,1465,1469,-1,1469,1465,1466,-1,
  1469,1466,1468,-1,1468,1466,1467,-1,1497,1498,1471,-1,1471,1498,1499,-1,1471,1499,1463,-1,1463,1499,1500,-1,1463,1500,1462,-1,1462,1500,1501,-1,
  1462,1501,1502,-1,1472,1473,1495,-1,1472,1495,1496,-1,1472,1496,1497,-1,1472,1497,1471,-1,1492,1493,1476,-1,1476,1493,1494,-1,1476,1494,1475,-1,
  1475,1494,1495,-1,1475,1495,1474,-1,1474,1495,1473,-1,1492,1476,1477,-1,1492,1477,1478,-1,1492,1478,1479,-1,1492,1479,1491,-1,1489,1490,1481,-1,
  1481,1490,1491,-1,1481,1491,1480,-1,1480,1491,1479,-1,1481,1482,1483,-1,1481,1483,1485,-1,1481,1485,1486,-1,1481,1486,1487,-1,1481,1487,1488,-1,
  1481,1488,1489,-1,1506,1529,1546,-1,1546,1529,1530,-1,1546,1530,1545,-1,1545,1530,1531,-1,1545,1531,1544,-1,1544,1531,1532,-1,1544,1532,1543,-1,
  1543,1532,1533,-1,1543,1533,1542,-1,1542,1533,1534,-1,1542,1534,1541,-1,1541,1534,1535,-1,1541,1535,1540,-1,1540,1535,1536,-1,1540,1536,1539,-1,
  1539,1536,1537,-1,1539,1537,1538,-1,1506,1546,1505,-1,1505,1546,1547,-1,1505,1547,1504,-1,1504,1547,1548,-1,1504,1548,1549,-1,1549,1550,1502,-1,
  1549,1502,1503,-1,1549,1503,1504,-1,1551,1462,1502,-1,1551,1502,1550,-1,1526,1527,1509,-1,1509,1527,1528,-1,1509,1528,1508,-1,1508,1528,1529,-1,
  1508,1529,1507,-1,1507,1529,1506,-1,1524,1525,1511,-1,1511,1525,1526,-1,1511,1526,1510,-1,1510,1526,1509,-1,1512,1513,1523,-1,1512,1523,1524,-1,
  1512,1524,1511,-1,1514,1515,1520,-1,1514,1520,1521,-1,1514,1521,1522,-1,1514,1522,1523,-1,1514,1523,1513,-1,1516,1517,1519,-1,1516,1519,1520,-1,
  1516,1520,1515,-1,1564,1565,1557,-1,1564,1557,1558,-1,1564,1558,1559,-1,1564,1559,1562,-1,1564,1562,1563,-1,1562,1559,1560,-1,1562,1560,1561,-1,
  1557,1565,1556,-1,1556,1565,1566,-1,1556,1566,1555,-1,1555,1566,1567,-1,1555,1567,1554,-1,1554,1567,1568,-1,1554,1568,1553,-1,1553,1568,1569,-1,
  1553,1569,1552,-1,1552,1569,1591,-1,1552,1591,1592,-1,1600,1601,1572,-1,1572,1601,1602,-1,1572,1602,1571,-1,1571,1602,1591,-1,1571,1591,1570,-1,
  1570,1591,1569,-1,1600,1572,1573,-1,1600,1573,1574,-1,1600,1574,1575,-1,1600,1575,1599,-1,1599,1575,1598,-1,1598,1575,1576,-1,1598,1576,1597,-1,
  1597,1576,1584,-1,1597,1584,1585,-1,1594,1588,1593,-1,1593,1588,1589,-1,1593,1589,1592,-1,1592,1589,1590,-1,1592,1590,1552,-1,1595,1596,1585,-1,
  1595,1585,1586,-1,1595,1586,1587,-1,1595,1587,1588,-1,1595,1588,1594,-1,1579,1582,1578,-1,1578,1582,1583,-1,1578,1583,1577,-1,1577,1583,1584,-1,
  1577,1584,1576,-1,1580,1581,1582,-1,1580,1582,1579,-1,1631,1632,1637,-1,1637,1632,1633,-1,1637,1633,1635,-1,1635,1633,1634,-1,1626,1655,1625,-1,
  1625,1655,1603,-1,1625,1603,1624,-1,1624,1603,1604,-1,1624,1604,1623,-1,1623,1604,1605,-1,1623,1605,1606,-1,1606,1607,1621,-1,1606,1621,1622,-1,
  1606,1622,1623,-1,1618,1619,1609,-1,1609,1619,1620,-1,1609,1620,1608,-1,1608,1620,1621,-1,1608,1621,1607,-1,1618,1609,1610,-1,1618,1610,1611,-1,
  1618,1611,1612,-1,1618,1612,1617,-1,1613,1614,1616,-1,1613,1616,1617,-1,1613,1617,1612,-1,1661,1662,1658,-1,1661,1658,1659,-1,1661,1659,1660,-1,
  1665,1656,1664,-1,1664,1656,1657,-1,1664,1657,1663,-1,1663,1657,1658,-1,1663,1658,1662,-1,1666,1667,1655,-1,1666,1655,1656,-1,1666,1656,1665,-1,
  1668,1603,1655,-1,1668,1655,1667,-1,1627,1628,1641,-1,1627,1641,1642,-1,1627,1642,1643,-1,1627,1643,1644,-1,1627,1644,1645,-1,1627,1645,1646,-1,
  1627,1646,1654,-1,1627,1654,1655,-1,1627,1655,1626,-1,1641,1628,1640,-1,1640,1628,1629,-1,1640,1629,1639,-1,1639,1629,1630,-1,1639,1630,1638,-1,
  1638,1630,1631,-1,1638,1631,1637,-1,1650,1651,1649,-1,1649,1651,1652,-1,1649,1652,1648,-1,1648,1652,1653,-1,1648,1653,1647,-1,1647,1653,1654,-1,
  1647,1654,1646,-1,1681,1682,1674,-1,1681,1674,1675,-1,1681,1675,1676,-1,1681,1676,1679,-1,1681,1679,1680,-1,1679,1676,1677,-1,1679,1677,1678,-1,
  1674,1682,1673,-1,1673,1682,1683,-1,1673,1683,1672,-1,1672,1683,1684,-1,1672,1684,1671,-1,1671,1684,1685,-1,1671,1685,1670,-1,1670,1685,1686,-1,
  1670,1686,1669,-1,1669,1686,1708,-1,1669,1708,1709,-1,1717,1718,1689,-1,1689,1718,1719,-1,1689,1719,1688,-1,1688,1719,1708,-1,1688,1708,1687,-1,
  1687,1708,1686,-1,1717,1689,1690,-1,1717,1690,1691,-1,1717,1691,1692,-1,1717,1692,1716,-1,1716,1692,1715,-1,1715,1692,1693,-1,1715,1693,1714,-1,
  1714,1693,1701,-1,1714,1701,1702,-1,1711,1705,1710,-1,1710,1705,1706,-1,1710,1706,1709,-1,1709,1706,1707,-1,1709,1707,1669,-1,1712,1713,1702,-1,
  1712,1702,1703,-1,1712,1703,1704,-1,1712,1704,1705,-1,1712,1705,1711,-1,1696,1699,1695,-1,1695,1699,1700,-1,1695,1700,1694,-1,1694,1700,1701,-1,
  1694,1701,1693,-1,1697,1698,1699,-1,1697,1699,1696,-1,1732,1733,1725,-1,1732,1725,1726,-1,1732,1726,1727,-1,1732,1727,1730,-1,1732,1730,1731,-1,
  1730,1727,1728,-1,1730,1728,1729,-1,1725,1733,1724,-1,1724,1733,1734,-1,1724,1734,1723,-1,1723,1734,1735,-1,1723,1735,1722,-1,1722,1735,1736,-1,
  1722,1736,1721,-1,1721,1736,1737,-1,1721,1737,1720,-1,1720,1737,1759,-1,1720,1759,1760,-1,1768,1769,1740,-1,1740,1769,1770,-1,1740,1770,1739,-1,
  1739,1770,1759,-1,1739,1759,1738,-1,1738,1759,1737,-1,1768,1740,1741,-1,1768,1741,1742,-1,1768,1742,1743,-1,1768,1743,1767,-1,1767,1743,1766,-1,
  1766,1743,1744,-1,1766,1744,1765,-1,1765,1744,1752,-1,1765,1752,1753,-1,1762,1756,1761,-1,1761,1756,1757,-1,1761,1757,1760,-1,1760,1757,1758,-1,
  1760,1758,1720,-1,1763,1764,1753,-1,1763,1753,1754,-1,1763,1754,1755,-1,1763,1755,1756,-1,1763,1756,1762,-1,1747,1750,1746,-1,1746,1750,1751,-1,
  1746,1751,1745,-1,1745,1751,1752,-1,1745,1752,1744,-1,1748,1749,1750,-1,1748,1750,1747,-1,1801,1802,1803,-1,1801,1803,1804,-1,1801,1804,1805,-1,
  1801,1805,1806,-1,1801,1806,1807,-1,1801,1807,1808,-1,1801,1808,1809,-1,1801,1809,1810,-1,1801,1810,1811,-1,1801,1811,1812,-1,1801,1812,1813,-1,
  1801,1813,1814,-1,1801,1814,1793,-1,1801,1793,1794,-1,1801,1794,1800,-1,1845,1846,1847,-1,1845,1847,1848,-1,1845,1848,1849,-1,1845,1849,1850,-1,
  1845,1850,1851,-1,1845,1851,1844,-1,1820,1821,1828,-1,1820,1828,1836,-1,1820,1836,1837,-1,1820,1837,1844,-1,1820,1844,1851,-1,1843,1844,1837,-1,
  1843,1837,1838,-1,1843,1838,1839,-1,1843,1839,1840,-1,1843,1840,1841,-1,1843,1841,1842,-1,1828,1821,1822,-1,1828,1822,1823,-1,1828,1823,1824,-1,
  1828,1824,1827,-1,1825,1826,1827,-1,1825,1827,1824,-1,1797,1798,1796,-1,1796,1798,1799,-1,1796,1799,1795,-1,1795,1799,1800,-1,1795,1800,1794,-1,
  1793,1814,1815,-1,1793,1815,1816,-1,1793,1816,1817,-1,1793,1817,1818,-1,1793,1818,1819,-1,1793,1819,1771,-1,1793,1771,1784,-1,1793,1784,1785,-1,
  1793,1785,1786,-1,1793,1786,1792,-1,1789,1790,1788,-1,1788,1790,1791,-1,1788,1791,1787,-1,1787,1791,1792,-1,1787,1792,1786,-1,1771,1772,1781,-1,
  1771,1781,1782,-1,1771,1782,1783,-1,1771,1783,1784,-1,1776,1777,1775,-1,1775,1777,1778,-1,1775,1778,1774,-1,1774,1778,1779,-1,1774,1779,1773,-1,
  1773,1779,1780,-1,1773,1780,1772,-1,1772,1780,1781,-1,1828,1829,1832,-1,1828,1832,1833,-1,1828,1833,1834,-1,1828,1834,1835,-1,1828,1835,1836,-1,
  1829,1830,1831,-1,1829,1831,1832,-1,1855,1856,1865,-1,1865,1856,1857,-1,1865,1857,1864,-1,1864,1857,1858,-1,1864,1858,1863,-1,1863,1858,1859,-1,
  1863,1859,1862,-1,1862,1859,1860,-1,1862,1860,1861,-1,1868,1853,1867,-1,1867,1853,1854,-1,1867,1854,1866,-1,1866,1854,1855,-1,1866,1855,1865,-1,
  1869,1870,1905,-1,1869,1905,1896,-1,1869,1896,1852,-1,1869,1852,1853,-1,1869,1853,1868,-1,1904,1905,1870,-1,1904,1870,1871,-1,1904,1871,1872,-1,
  1904,1872,1903,-1,1902,1903,1872,-1,1902,1872,1873,-1,1902,1873,1882,-1,1902,1882,1883,-1,1902,1883,1884,-1,1902,1884,1885,-1,1902,1885,1901,-1,
  1882,1873,1881,-1,1881,1873,1874,-1,1881,1874,1880,-1,1880,1874,1875,-1,1880,1875,1879,-1,1879,1875,1876,-1,1879,1876,1877,-1,1894,1895,1898,-1,
  1898,1895,1852,-1,1898,1852,1897,-1,1897,1852,1896,-1,1894,1898,1899,-1,1894,1899,1900,-1,1894,1900,1887,-1,1894,1887,1893,-1,1893,1887,1888,-1,
  1893,1888,1889,-1,1893,1889,1890,-1,1893,1890,1891,-1,1893,1891,1892,-1,1886,1887,1900,-1,1886,1900,1901,-1,1886,1901,1885,-1,1931,1932,1933,-1,
  1931,1933,1934,-1,1931,1934,1935,-1,1931,1935,1936,-1,1931,1936,1937,-1,1931,1937,1930,-1,1906,1907,1914,-1,1906,1914,1922,-1,1906,1922,1923,-1,
  1906,1923,1930,-1,1906,1930,1937,-1,1929,1930,1923,-1,1929,1923,1924,-1,1929,1924,1925,-1,1929,1925,1926,-1,1929,1926,1927,-1,1929,1927,1928,-1,
  1914,1907,1908,-1,1914,1908,1909,-1,1914,1909,1910,-1,1914,1910,1913,-1,1911,1912,1913,-1,1911,1913,1910,-1,1914,1915,1918,-1,1914,1918,1919,-1,
  1914,1919,1920,-1,1914,1920,1921,-1,1914,1921,1922,-1,1915,1916,1917,-1,1915,1917,1918,-1,1943,1944,1949,-1,1949,1944,1945,-1,1949,1945,1948,-1,
  1948,1945,1946,-1,1948,1946,1947,-1,1943,1949,1950,-1,1943,1950,1951,-1,1943,1951,1952,-1,1943,1952,1942,-1,1975,1976,1955,-1,1955,1976,1939,-1,
  1955,1939,1954,-1,1954,1939,1940,-1,1954,1940,1953,-1,1953,1940,1941,-1,1953,1941,1952,-1,1952,1941,1942,-1,1939,1976,1938,-1,1938,1976,1977,-1,
  1938,1977,2023,-1,2023,1977,1978,-1,2023,1978,2022,-1,2022,1978,1979,-1,2022,1979,2021,-1,2021,1979,1980,-1,2021,1980,2020,-1,2020,1980,1981,-1,
  2020,1981,2019,-1,2019,1981,1998,-1,2019,1998,1999,-1,1956,1957,1974,-1,1956,1974,1975,-1,1956,1975,1955,-1,1971,1972,1959,-1,1959,1972,1973,-1,
  1959,1973,1958,-1,1958,1973,1974,-1,1958,1974,1957,-1,1960,1961,1970,-1,1960,1970,1971,-1,1960,1971,1959,-1,1967,1968,1963,-1,1963,1968,1969,-1,
  1963,1969,1962,-1,1962,1969,1970,-1,1962,1970,1961,-1,1967,1963,1964,-1,1967,1964,1965,-1,1967,1965,1966,-1,2004,2005,2012,-1,2012,2005,2006,-1,
  2012,2006,2011,-1,2011,2006,2007,-1,2011,2007,2010,-1,2010,2007,2008,-1,2010,2008,2009,-1,2001,2002,2015,-1,2015,2002,2003,-1,2015,2003,2014,-1,
  2014,2003,2004,-1,2014,2004,2013,-1,2013,2004,2012,-1,2019,1999,2018,-1,2018,1999,2000,-1,2018,2000,2017,-1,2017,2000,2001,-1,2017,2001,2016,-1,
  2016,2001,2015,-1,1984,1996,1983,-1,1983,1996,1997,-1,1983,1997,1982,-1,1982,1997,1998,-1,1982,1998,1981,-1,1985,1986,1993,-1,1985,1993,1994,-1,
  1985,1994,1995,-1,1985,1995,1996,-1,1985,1996,1984,-1,1989,1991,1988,-1,1988,1991,1992,-1,1988,1992,1987,-1,1987,1992,1993,-1,1987,1993,1986,-1,
  2070,2071,2034,-1,2034,2071,2024,-1,2034,2024,2032,-1,2032,2024,2025,-1,2032,2025,2031,-1,2031,2025,2026,-1,2031,2026,2030,-1,2030,2026,2027,-1,
  2030,2027,2029,-1,2029,2027,2028,-1,2060,2061,2059,-1,2059,2061,2062,-1,2059,2062,2058,-1,2058,2062,2063,-1,2058,2063,2057,-1,2057,2063,2064,-1,
  2057,2064,2056,-1,2056,2064,2065,-1,2056,2065,2055,-1,2055,2065,2043,-1,2055,2043,2044,-1,2040,2041,2068,-1,2068,2041,2042,-1,2068,2042,2067,-1,
  2067,2042,2043,-1,2067,2043,2066,-1,2066,2043,2065,-1,2068,2069,2036,-1,2068,2036,2037,-1,2068,2037,2038,-1,2068,2038,2039,-1,2068,2039,2040,-1,
  2070,2034,2035,-1,2070,2035,2036,-1,2070,2036,2069,-1,2055,2044,2054,-1,2054,2044,2045,-1,2054,2045,2053,-1,2053,2045,2046,-1,2053,2046,2052,-1,
  2052,2046,2047,-1,2052,2047,2051,-1,2051,2047,2048,-1,2051,2048,2050,-1,2050,2048,2049,-1,2131,2123,2130,-1,2130,2123,2125,-1,2130,2125,2128,-1,
  2128,2125,2126,-1,2128,2126,2127,-1,2132,2133,2121,-1,2132,2121,2122,-1,2132,2122,2123,-1,2132,2123,2131,-1,2120,2121,2133,-1,2120,2133,2134,-1,
  2120,2134,2135,-1,2120,2135,2072,-1,2120,2072,2095,-1,2120,2095,2096,-1,2120,2096,2097,-1,2120,2097,2119,-1,2116,2117,2114,-1,2114,2117,2118,-1,
  2114,2118,2113,-1,2113,2118,2119,-1,2113,2119,2112,-1,2112,2119,2097,-1,2112,2097,2111,-1,2111,2097,2110,-1,2097,2098,2107,-1,2097,2107,2108,-1,
  2097,2108,2109,-1,2097,2109,2110,-1,2103,2104,2099,-1,2099,2104,2105,-1,2099,2105,2098,-1,2098,2105,2106,-1,2098,2106,2107,-1,2101,2102,2103,-1,
  2101,2103,2099,-1,2101,2099,2100,-1,2072,2073,2093,-1,2072,2093,2094,-1,2072,2094,2095,-1,2093,2073,2074,-1,2093,2074,2075,-1,2093,2075,2076,-1,
  2093,2076,2092,-1,2091,2092,2076,-1,2091,2076,2077,-1,2091,2077,2078,-1,2091,2078,2079,-1,2091,2079,2080,-1,2091,2080,2090,-1,2080,2081,2088,-1,
  2080,2088,2089,-1,2080,2089,2090,-1,2085,2086,2084,-1,2084,2086,2087,-1,2084,2087,2083,-1,2083,2087,2088,-1,2083,2088,2082,-1,2082,2088,2081,-1,
  2165,2166,2173,-1,2173,2166,2167,-1,2173,2167,2169,-1,2169,2167,2168,-1,2144,2147,2143,-1,2143,2147,2149,-1,2143,2149,2142,-1,2142,2149,2150,-1,
  2142,2150,2141,-1,2141,2150,2151,-1,2141,2151,2140,-1,2140,2151,2152,-1,2140,2152,2139,-1,2139,2152,2153,-1,2139,2153,2138,-1,2138,2153,2154,-1,
  2138,2154,2137,-1,2137,2154,2155,-1,2137,2155,2136,-1,2136,2155,2183,-1,2136,2183,2184,-1,2155,2156,2191,-1,2155,2191,2192,-1,2155,2192,2183,-1,
  2191,2156,2157,-1,2191,2157,2158,-1,2191,2158,2159,-1,2191,2159,2190,-1,2189,2190,2159,-1,2189,2159,2160,-1,2189,2160,2175,-1,2189,2175,2176,-1,
  2189,2176,2177,-1,2189,2177,2178,-1,2189,2178,2188,-1,2174,2175,2160,-1,2174,2160,2161,-1,2174,2161,2162,-1,2174,2162,2163,-1,2174,2163,2164,-1,
  2174,2164,2173,-1,2173,2169,2170,-1,2173,2170,2171,-1,2173,2171,2172,-1,2147,2144,2145,-1,2147,2145,2146,-1,2181,2182,2186,-1,2186,2182,2136,-1,
  2186,2136,2185,-1,2185,2136,2184,-1,2186,2187,2179,-1,2186,2179,2180,-1,2186,2180,2181,-1,2188,2178,2179,-1,2188,2179,2187,-1,2211,2213,2210,-1,
  2210,2213,2215,-1,2210,2215,2209,-1,2209,2215,2216,-1,2209,2216,2208,-1,2208,2216,2217,-1,2208,2217,2207,-1,2207,2217,2218,-1,2207,2218,2219,-1,
  2221,2507,2508,-1,2221,2508,2511,-1,2221,2511,2512,-1,2221,2512,2513,-1,2221,2513,2514,-1,2221,2514,2515,-1,2221,2515,2516,-1,2221,2516,2517,-1,
  2221,2517,2220,-1,2518,2519,2203,-1,2518,2203,2204,-1,2518,2204,2219,-1,2518,2219,2220,-1,2518,2220,2517,-1,2219,2204,2205,-1,2219,2205,2206,-1,
  2219,2206,2207,-1,2510,2511,2508,-1,2510,2508,2509,-1,2201,2193,2194,-1,2201,2194,2195,-1,2201,2195,2196,-1,2201,2196,2200,-1,2198,2199,2200,-1,
  2198,2200,2196,-1,2198,2196,2197,-1,2273,2274,2282,-1,2282,2274,2275,-1,2282,2275,2281,-1,2281,2275,2276,-1,2281,2276,2280,-1,2280,2276,2278,-1,
  2280,2278,2279,-1,2259,2260,2493,-1,2259,2493,2494,-1,2259,2494,2495,-1,2259,2495,2496,-1,2482,2483,2262,-1,2262,2483,2484,-1,2262,2484,2261,-1,
  2261,2484,2492,-1,2261,2492,2260,-1,2260,2492,2493,-1,2491,2492,2490,-1,2490,2492,2484,-1,2490,2484,2489,-1,2489,2484,2486,-1,2489,2486,2487,-1,
  2267,2268,2457,-1,2267,2457,2464,-1,2267,2464,2465,-1,2267,2465,2466,-1,2267,2466,2467,-1,2267,2467,2468,-1,2267,2468,2266,-1,2266,2468,2469,-1,
  2266,2469,2470,-1,2266,2470,2471,-1,2266,2471,2472,-1,2266,2472,2265,-1,2472,2473,2265,-1,2265,2473,2474,-1,2265,2474,2264,-1,2264,2474,2475,-1,
  2264,2475,2476,-1,2263,2264,2476,-1,2263,2476,2477,-1,2263,2477,2478,-1,2263,2478,2479,-1,2263,2479,2480,-1,2263,2480,2262,-1,2481,2482,2262,-1,
  2481,2262,2480,-1,2462,2463,2464,-1,2462,2464,2458,-1,2462,2458,2459,-1,2462,2459,2460,-1,2462,2460,2461,-1,2268,2269,2453,-1,2268,2453,2454,-1,
  2268,2454,2455,-1,2268,2455,2456,-1,2268,2456,2457,-1,2269,2270,2450,-1,2269,2450,2451,-1,2269,2451,2452,-1,2269,2452,2453,-1,2450,2270,2449,-1,
  2449,2270,2271,-1,2449,2271,2282,-1,2282,2271,2272,-1,2282,2272,2273,-1,2309,2303,2304,-1,2309,2304,2305,-1,2309,2305,2307,-1,2309,2307,2308,-1,
  2438,2439,2294,-1,2438,2294,2295,-1,2438,2295,2296,-1,2438,2296,2297,-1,2438,2297,2298,-1,2438,2298,2300,-1,2438,2300,2301,-1,2438,2301,2302,-1,
  2439,2440,2291,-1,2439,2291,2292,-1,2439,2292,2293,-1,2439,2293,2294,-1,2291,2440,2441,-1,2291,2441,2442,-1,2291,2442,2443,-1,2291,2443,2444,-1,
  2291,2444,2290,-1,2290,2444,2445,-1,2290,2445,2446,-1,2290,2446,2447,-1,2290,2447,2289,-1,2448,2449,2282,-1,2448,2282,2284,-1,2448,2284,2285,-1,
  2448,2285,2286,-1,2448,2286,2287,-1,2448,2287,2288,-1,2448,2288,2289,-1,2448,2289,2447,-1,2201,2202,2520,-1,2201,2520,2521,-1,2201,2521,2522,-1,
  2201,2522,2523,-1,2201,2523,2524,-1,2201,2524,2525,-1,2201,2525,2526,-1,2201,2526,2527,-1,2201,2527,2528,-1,2202,2203,2519,-1,2202,2519,2520,-1,
  2538,2535,2542,-1,2538,2542,2543,-1,2538,2543,2544,-1,2538,2544,2545,-1,2538,2545,2546,-1,2538,2546,2547,-1,2538,2547,2537,-1,2535,2536,2554,-1,
  2535,2554,2539,-1,2535,2539,2540,-1,2535,2540,2541,-1,2535,2541,2542,-1,2537,2547,2548,-1,2537,2548,2549,-1,2537,2549,2550,-1,2537,2550,2551,-1,
  2537,2551,2552,-1,2537,2552,2536,-1,2553,2554,2536,-1,2553,2536,2552,-1,2574,2575,2573,-1,2573,2575,2576,-1,2573,2576,2572,-1,2572,2576,2577,-1,
  2572,2577,2571,-1,2571,2577,2578,-1,2571,2578,2570,-1,2570,2578,2593,-1,2570,2593,2594,-1,2585,2586,2584,-1,2584,2586,2587,-1,2584,2587,2583,-1,
  2583,2587,2588,-1,2583,2588,2582,-1,2582,2588,2589,-1,2582,2589,2581,-1,2581,2589,2590,-1,2581,2590,2580,-1,2580,2590,2591,-1,2580,2591,2579,-1,
  2579,2591,2592,-1,2579,2592,2578,-1,2578,2592,2593,-1,2555,2556,2563,-1,2555,2563,2564,-1,2555,2564,2585,-1,2555,2585,2584,-1,2570,2594,2569,-1,
  2569,2594,2595,-1,2569,2595,2568,-1,2568,2595,2596,-1,2568,2596,2567,-1,2567,2596,2597,-1,2567,2597,2566,-1,2566,2597,2598,-1,2566,2598,2565,-1,
  2565,2598,2599,-1,2565,2599,2564,-1,2564,2599,2600,-1,2564,2600,2585,-1,2559,2560,2558,-1,2558,2560,2561,-1,2558,2561,2557,-1,2557,2561,2562,-1,
  2557,2562,2556,-1,2556,2562,2563,-1,2620,2621,2619,-1,2619,2621,2622,-1,2619,2622,2618,-1,2618,2622,2623,-1,2618,2623,2617,-1,2617,2623,2624,-1,
  2617,2624,2616,-1,2616,2624,2639,-1,2616,2639,2640,-1,2631,2632,2630,-1,2630,2632,2633,-1,2630,2633,2629,-1,2629,2633,2634,-1,2629,2634,2628,-1,
  2628,2634,2635,-1,2628,2635,2627,-1,2627,2635,2636,-1,2627,2636,2626,-1,2626,2636,2637,-1,2626,2637,2625,-1,2625,2637,2638,-1,2625,2638,2624,-1,
  2624,2638,2639,-1,2601,2602,2609,-1,2601,2609,2610,-1,2601,2610,2631,-1,2601,2631,2630,-1,2616,2640,2615,-1,2615,2640,2641,-1,2615,2641,2614,-1,
  2614,2641,2642,-1,2614,2642,2613,-1,2613,2642,2643,-1,2613,2643,2612,-1,2612,2643,2644,-1,2612,2644,2611,-1,2611,2644,2645,-1,2611,2645,2610,-1,
  2610,2645,2646,-1,2610,2646,2631,-1,2605,2606,2604,-1,2604,2606,2607,-1,2604,2607,2603,-1,2603,2607,2608,-1,2603,2608,2602,-1,2602,2608,2609,-1,
  2666,2667,2665,-1,2665,2667,2668,-1,2665,2668,2664,-1,2664,2668,2669,-1,2664,2669,2663,-1,2663,2669,2670,-1,2663,2670,2662,-1,2662,2670,2685,-1,
  2662,2685,2686,-1,2677,2678,2676,-1,2676,2678,2679,-1,2676,2679,2675,-1,2675,2679,2680,-1,2675,2680,2674,-1,2674,2680,2681,-1,2674,2681,2673,-1,
  2673,2681,2682,-1,2673,2682,2672,-1,2672,2682,2683,-1,2672,2683,2671,-1,2671,2683,2684,-1,2671,2684,2670,-1,2670,2684,2685,-1,2647,2648,2655,-1,
  2647,2655,2656,-1,2647,2656,2677,-1,2647,2677,2676,-1,2662,2686,2661,-1,2661,2686,2687,-1,2661,2687,2660,-1,2660,2687,2688,-1,2660,2688,2659,-1,
  2659,2688,2689,-1,2659,2689,2658,-1,2658,2689,2690,-1,2658,2690,2657,-1,2657,2690,2691,-1,2657,2691,2656,-1,2656,2691,2692,-1,2656,2692,2677,-1,
  2651,2652,2650,-1,2650,2652,2653,-1,2650,2653,2649,-1,2649,2653,2654,-1,2649,2654,2648,-1,2648,2654,2655,-1,2712,2713,2711,-1,2711,2713,2714,-1,
  2711,2714,2710,-1,2710,2714,2715,-1,2710,2715,2709,-1,2709,2715,2716,-1,2709,2716,2708,-1,2708,2716,2731,-1,2708,2731,2732,-1,2723,2724,2722,-1,
  2722,2724,2725,-1,2722,2725,2721,-1,2721,2725,2726,-1,2721,2726,2720,-1,2720,2726,2727,-1,2720,2727,2719,-1,2719,2727,2728,-1,2719,2728,2718,-1,
  2718,2728,2729,-1,2718,2729,2717,-1,2717,2729,2730,-1,2717,2730,2716,-1,2716,2730,2731,-1,2693,2694,2701,-1,2693,2701,2702,-1,2693,2702,2723,-1,
  2693,2723,2722,-1,2708,2732,2707,-1,2707,2732,2733,-1,2707,2733,2706,-1,2706,2733,2734,-1,2706,2734,2705,-1,2705,2734,2735,-1,2705,2735,2704,-1,
  2704,2735,2736,-1,2704,2736,2703,-1,2703,2736,2737,-1,2703,2737,2702,-1,2702,2737,2738,-1,2702,2738,2723,-1,2697,2698,2696,-1,2696,2698,2699,-1,
  2696,2699,2695,-1,2695,2699,2700,-1,2695,2700,2694,-1,2694,2700,2701,-1,2758,2759,2757,-1,2757,2759,2760,-1,2757,2760,2756,-1,2756,2760,2761,-1,
  2756,2761,2755,-1,2755,2761,2762,-1,2755,2762,2754,-1,2754,2762,2777,-1,2754,2777,2778,-1,2769,2770,2768,-1,2768,2770,2771,-1,2768,2771,2767,-1,
  2767,2771,2772,-1,2767,2772,2766,-1,2766,2772,2773,-1,2766,2773,2765,-1,2765,2773,2774,-1,2765,2774,2764,-1,2764,2774,2775,-1,2764,2775,2763,-1,
  2763,2775,2776,-1,2763,2776,2762,-1,2762,2776,2777,-1,2739,2740,2747,-1,2739,2747,2748,-1,2739,2748,2769,-1,2739,2769,2768,-1,2754,2778,2753,-1,
  2753,2778,2779,-1,2753,2779,2752,-1,2752,2779,2780,-1,2752,2780,2751,-1,2751,2780,2781,-1,2751,2781,2750,-1,2750,2781,2782,-1,2750,2782,2749,-1,
  2749,2782,2783,-1,2749,2783,2748,-1,2748,2783,2784,-1,2748,2784,2769,-1,2743,2744,2742,-1,2742,2744,2745,-1,2742,2745,2741,-1,2741,2745,2746,-1,
  2741,2746,2740,-1,2740,2746,2747,-1,2804,2805,2803,-1,2803,2805,2806,-1,2803,2806,2802,-1,2802,2806,2807,-1,2802,2807,2801,-1,2801,2807,2808,-1,
  2801,2808,2800,-1,2800,2808,2823,-1,2800,2823,2824,-1,2815,2816,2814,-1,2814,2816,2817,-1,2814,2817,2813,-1,2813,2817,2818,-1,2813,2818,2812,-1,
  2812,2818,2819,-1,2812,2819,2811,-1,2811,2819,2820,-1,2811,2820,2810,-1,2810,2820,2821,-1,2810,2821,2809,-1,2809,2821,2822,-1,2809,2822,2808,-1,
  2808,2822,2823,-1,2785,2786,2793,-1,2785,2793,2794,-1,2785,2794,2815,-1,2785,2815,2814,-1,2800,2824,2799,-1,2799,2824,2825,-1,2799,2825,2798,-1,
  2798,2825,2826,-1,2798,2826,2797,-1,2797,2826,2827,-1,2797,2827,2796,-1,2796,2827,2828,-1,2796,2828,2795,-1,2795,2828,2829,-1,2795,2829,2794,-1,
  2794,2829,2830,-1,2794,2830,2815,-1,2789,2790,2788,-1,2788,2790,2791,-1,2788,2791,2787,-1,2787,2791,2792,-1,2787,2792,2786,-1,2786,2792,2793,-1,
  2850,2851,2849,-1,2849,2851,2852,-1,2849,2852,2848,-1,2848,2852,2853,-1,2848,2853,2847,-1,2847,2853,2854,-1,2847,2854,2846,-1,2846,2854,2869,-1,
  2846,2869,2870,-1,2861,2862,2860,-1,2860,2862,2863,-1,2860,2863,2859,-1,2859,2863,2864,-1,2859,2864,2858,-1,2858,2864,2865,-1,2858,2865,2857,-1,
  2857,2865,2866,-1,2857,2866,2856,-1,2856,2866,2867,-1,2856,2867,2855,-1,2855,2867,2868,-1,2855,2868,2854,-1,2854,2868,2869,-1,2831,2832,2839,-1,
  2831,2839,2840,-1,2831,2840,2861,-1,2831,2861,2860,-1,2846,2870,2845,-1,2845,2870,2871,-1,2845,2871,2844,-1,2844,2871,2872,-1,2844,2872,2843,-1,
  2843,2872,2873,-1,2843,2873,2842,-1,2842,2873,2874,-1,2842,2874,2841,-1,2841,2874,2875,-1,2841,2875,2840,-1,2840,2875,2876,-1,2840,2876,2861,-1,
  2835,2836,2834,-1,2834,2836,2837,-1,2834,2837,2833,-1,2833,2837,2838,-1,2833,2838,2832,-1,2832,2838,2839,-1,2880,2877,2884,-1,2880,2884,2885,-1,
  2880,2885,2886,-1,2880,2886,2887,-1,2880,2887,2888,-1,2880,2888,2889,-1,2880,2889,2879,-1,2877,2878,2896,-1,2877,2896,2881,-1,2877,2881,2882,-1,
  2877,2882,2883,-1,2877,2883,2884,-1,2879,2889,2890,-1,2879,2890,2891,-1,2879,2891,2892,-1,2879,2892,2893,-1,2879,2893,2894,-1,2879,2894,2878,-1,
  2895,2896,2878,-1,2895,2878,2894,-1,2916,2917,2915,-1,2915,2917,2918,-1,2915,2918,2914,-1,2914,2918,2919,-1,2914,2919,2913,-1,2913,2919,2920,-1,
  2913,2920,2912,-1,2912,2920,2935,-1,2912,2935,2936,-1,2927,2928,2926,-1,2926,2928,2929,-1,2926,2929,2925,-1,2925,2929,2930,-1,2925,2930,2924,-1,
  2924,2930,2931,-1,2924,2931,2923,-1,2923,2931,2932,-1,2923,2932,2922,-1,2922,2932,2933,-1,2922,2933,2921,-1,2921,2933,2934,-1,2921,2934,2920,-1,
  2920,2934,2935,-1,2897,2898,2905,-1,2897,2905,2906,-1,2897,2906,2927,-1,2897,2927,2926,-1,2912,2936,2911,-1,2911,2936,2937,-1,2911,2937,2910,-1,
  2910,2937,2938,-1,2910,2938,2909,-1,2909,2938,2939,-1,2909,2939,2908,-1,2908,2939,2940,-1,2908,2940,2907,-1,2907,2940,2941,-1,2907,2941,2906,-1,
  2906,2941,2942,-1,2906,2942,2927,-1,2901,2902,2900,-1,2900,2902,2903,-1,2900,2903,2899,-1,2899,2903,2904,-1,2899,2904,2898,-1,2898,2904,2905,-1,
  2962,2963,2961,-1,2961,2963,2964,-1,2961,2964,2960,-1,2960,2964,2965,-1,2960,2965,2959,-1,2959,2965,2966,-1,2959,2966,2958,-1,2958,2966,2981,-1,
  2958,2981,2982,-1,2973,2974,2972,-1,2972,2974,2975,-1,2972,2975,2971,-1,2971,2975,2976,-1,2971,2976,2970,-1,2970,2976,2977,-1,2970,2977,2969,-1,
  2969,2977,2978,-1,2969,2978,2968,-1,2968,2978,2979,-1,2968,2979,2967,-1,2967,2979,2980,-1,2967,2980,2966,-1,2966,2980,2981,-1,2943,2944,2951,-1,
  2943,2951,2952,-1,2943,2952,2973,-1,2943,2973,2972,-1,2958,2982,2957,-1,2957,2982,2983,-1,2957,2983,2956,-1,2956,2983,2984,-1,2956,2984,2955,-1,
  2955,2984,2985,-1,2955,2985,2954,-1,2954,2985,2986,-1,2954,2986,2953,-1,2953,2986,2987,-1,2953,2987,2952,-1,2952,2987,2988,-1,2952,2988,2973,-1,
  2947,2948,2946,-1,2946,2948,2949,-1,2946,2949,2945,-1,2945,2949,2950,-1,2945,2950,2944,-1,2944,2950,2951,-1,3008,3009,3007,-1,3007,3009,3010,-1,
  3007,3010,3006,-1,3006,3010,3011,-1,3006,3011,3005,-1,3005,3011,3012,-1,3005,3012,3004,-1,3004,3012,3027,-1,3004,3027,3028,-1,3019,3020,3018,-1,
  3018,3020,3021,-1,3018,3021,3017,-1,3017,3021,3022,-1,3017,3022,3016,-1,3016,3022,3023,-1,3016,3023,3015,-1,3015,3023,3024,-1,3015,3024,3014,-1,
  3014,3024,3025,-1,3014,3025,3013,-1,3013,3025,3026,-1,3013,3026,3012,-1,3012,3026,3027,-1,2989,2990,2997,-1,2989,2997,2998,-1,2989,2998,3019,-1,
  2989,3019,3018,-1,3004,3028,3003,-1,3003,3028,3029,-1,3003,3029,3002,-1,3002,3029,3030,-1,3002,3030,3001,-1,3001,3030,3031,-1,3001,3031,3000,-1,
  3000,3031,3032,-1,3000,3032,2999,-1,2999,3032,3033,-1,2999,3033,2998,-1,2998,3033,3034,-1,2998,3034,3019,-1,2993,2994,2992,-1,2992,2994,2995,-1,
  2992,2995,2991,-1,2991,2995,2996,-1,2991,2996,2990,-1,2990,2996,2997,-1,3054,3055,3053,-1,3053,3055,3056,-1,3053,3056,3052,-1,3052,3056,3057,-1,
  3052,3057,3051,-1,3051,3057,3058,-1,3051,3058,3050,-1,3050,3058,3073,-1,3050,3073,3074,-1,3065,3066,3064,-1,3064,3066,3067,-1,3064,3067,3063,-1,
  3063,3067,3068,-1,3063,3068,3062,-1,3062,3068,3069,-1,3062,3069,3061,-1,3061,3069,3070,-1,3061,3070,3060,-1,3060,3070,3071,-1,3060,3071,3059,-1,
  3059,3071,3072,-1,3059,3072,3058,-1,3058,3072,3073,-1,3035,3036,3043,-1,3035,3043,3044,-1,3035,3044,3065,-1,3035,3065,3064,-1,3050,3074,3049,-1,
  3049,3074,3075,-1,3049,3075,3048,-1,3048,3075,3076,-1,3048,3076,3047,-1,3047,3076,3077,-1,3047,3077,3046,-1,3046,3077,3078,-1,3046,3078,3045,-1,
  3045,3078,3079,-1,3045,3079,3044,-1,3044,3079,3080,-1,3044,3080,3065,-1,3039,3040,3038,-1,3038,3040,3041,-1,3038,3041,3037,-1,3037,3041,3042,-1,
  3037,3042,3036,-1,3036,3042,3043,-1,3100,3101,3099,-1,3099,3101,3102,-1,3099,3102,3098,-1,3098,3102,3103,-1,3098,3103,3097,-1,3097,3103,3104,-1,
  3097,3104,3096,-1,3096,3104,3119,-1,3096,3119,3120,-1,3111,3112,3110,-1,3110,3112,3113,-1,3110,3113,3109,-1,3109,3113,3114,-1,3109,3114,3108,-1,
  3108,3114,3115,-1,3108,3115,3107,-1,3107,3115,3116,-1,3107,3116,3106,-1,3106,3116,3117,-1,3106,3117,3105,-1,3105,3117,3118,-1,3105,3118,3104,-1,
  3104,3118,3119,-1,3081,3082,3089,-1,3081,3089,3090,-1,3081,3090,3111,-1,3081,3111,3110,-1,3096,3120,3095,-1,3095,3120,3121,-1,3095,3121,3094,-1,
  3094,3121,3122,-1,3094,3122,3093,-1,3093,3122,3123,-1,3093,3123,3092,-1,3092,3123,3124,-1,3092,3124,3091,-1,3091,3124,3125,-1,3091,3125,3090,-1,
  3090,3125,3126,-1,3090,3126,3111,-1,3085,3086,3084,-1,3084,3086,3087,-1,3084,3087,3083,-1,3083,3087,3088,-1,3083,3088,3082,-1,3082,3088,3089,-1,
  3146,3147,3145,-1,3145,3147,3148,-1,3145,3148,3144,-1,3144,3148,3149,-1,3144,3149,3143,-1,3143,3149,3150,-1,3143,3150,3142,-1,3142,3150,3165,-1,
  3142,3165,3166,-1,3157,3158,3156,-1,3156,3158,3159,-1,3156,3159,3155,-1,3155,3159,3160,-1,3155,3160,3154,-1,3154,3160,3161,-1,3154,3161,3153,-1,
  3153,3161,3162,-1,3153,3162,3152,-1,3152,3162,3163,-1,3152,3163,3151,-1,3151,3163,3164,-1,3151,3164,3150,-1,3150,3164,3165,-1,3127,3128,3135,-1,
  3127,3135,3136,-1,3127,3136,3157,-1,3127,3157,3156,-1,3142,3166,3141,-1,3141,3166,3167,-1,3141,3167,3140,-1,3140,3167,3168,-1,3140,3168,3139,-1,
  3139,3168,3169,-1,3139,3169,3138,-1,3138,3169,3170,-1,3138,3170,3137,-1,3137,3170,3171,-1,3137,3171,3136,-1,3136,3171,3172,-1,3136,3172,3157,-1,
  3131,3132,3130,-1,3130,3132,3133,-1,3130,3133,3129,-1,3129,3133,3134,-1,3129,3134,3128,-1,3128,3134,3135,-1,3192,3193,3191,-1,3191,3193,3194,-1,
  3191,3194,3190,-1,3190,3194,3195,-1,3190,3195,3189,-1,3189,3195,3196,-1,3189,3196,3188,-1,3188,3196,3211,-1,3188,3211,3212,-1,3203,3204,3202,-1,
  3202,3204,3205,-1,3202,3205,3201,-1,3201,3205,3206,-1,3201,3206,3200,-1,3200,3206,3207,-1,3200,3207,3199,-1,3199,3207,3208,-1,3199,3208,3198,-1,
  3198,3208,3209,-1,3198,3209,3197,-1,3197,3209,3210,-1,3197,3210,3196,-1,3196,3210,3211,-1,3173,3174,3181,-1,3173,3181,3182,-1,3173,3182,3203,-1,
  3173,3203,3202,-1,3188,3212,3187,-1,3187,3212,3213,-1,3187,3213,3186,-1,3186,3213,3214,-1,3186,3214,3185,-1,3185,3214,3215,-1,3185,3215,3184,-1,
  3184,3215,3216,-1,3184,3216,3183,-1,3183,3216,3217,-1,3183,3217,3182,-1,3182,3217,3218,-1,3182,3218,3203,-1,3177,3178,3176,-1,3176,3178,3179,-1,
  3176,3179,3175,-1,3175,3179,3180,-1,3175,3180,3174,-1,3174,3180,3181,-1,2533,2531,2532,-1,2284,2282,2283,-1,2278,2276,2277,-1,2300,2298,2299,-1,
  2306,2307,2305,-1,2464,2457,2458,-1,2486,2484,2485,-1,2489,2487,2488,-1,2227,2225,2226,-1,2215,2213,2214,-1,2213,2211,2212,-1,2165,2173,2164,-1,
  2149,2147,2148,-1,2116,2114,2115,-1,2125,2123,2124,-1,2130,2128,2129,-1,2034,2032,2033,-1,1991,1989,1990,-1,1879,1877,1878,-1,1765,1753,1764,-1,
  1714,1702,1713,-1,1637,1635,1636,-1,1616,1614,1615,-1,1597,1585,1596,-1,1485,1483,1484,-1,1519,1517,1518,-1,1471,1463,1470,-1,1456,1444,1455,-1,
  1377,1375,1376,-1,1372,1403,1371,-1,1322,1310,1321,-1,1221,1219,1220,-1,1249,1247,1248,-1,1180,1168,1179,-1,1123,1124,1122,-1,1116,1114,1115,-1,
  1126,1124,1125,-1,1099,1087,1098,-1,1022,1020,1021,-1,1010,1008,1009,-1,1000,988,999,-1,1192,1190,1191,-1,925,923,924,-1,900,948,899,-1,
  893,863,864,-1,841,829,840,-1,781,779,780,-1,776,774,775,-1,725,723,724,-1,696,694,695,-1,627,625,626,-1,655,653,654,-1,
  598,596,597,-1,453,431,452,-1,534,512,533,-1,551,549,550,-1,557,555,556,-1,470,468,469,-1,476,474,475,-1,374,372,373,-1,
  402,400,401,-1,345,343,344,-1,312,310,311,-1,276,274,275,-1,225,223,224,-1,145,143,144,-1,179,177,178,-1,131,123,130,-1,
  94,102,93,-1,78,76,77,-1,2256,2254,2255,-1,2436,2434,2435,-1,2333,2331,2332,-1,42,63,64,-1,27,28,26,-1]
  normalPerVertex TRUE
  normal DEF NORM_7 Normal { vector [
  0 0 1,0 0 1,
  0 0 1,0 0 1,
  0 0 1,0 0 1,
  0 0 1,0 0 1,
  0 0 1,0 0 1,
  0 0 1,0 0 1,
  0 0 1,0 0 1,
  0 0 1,0 0 1,
  0 0 1,0 0 1,
  0 0 1,0 0 1,
  0 0 1,0 0 1,
  0 0 1,0 0 1,
  0 0 1,0 0 1,
  0 0 1,0 0 1,
  0 0 1,0 0 1,
  0 0 1,0 0 1,
  0 0 1,0 0 1,
  0 0 1,0 0 1,
  0 0 1,0 0 1,
  0 0 1,0 0 1,
  0 0 1,0 0 1,
  0 0 1,0 0 1,
  0 0 1,0 0 1,
  0 0 1,0 0 1,
  0 0 1,0 0 1,
  0 0 1,0 0 1,
  0 0 1,0 0 1,
  0 0 1,0 0 1,
  0 0 1,0 0 1,
  0 0 1,0 0 1,
  0 0 1,0 0 1,
  0 0 1,0 0 1,
  0 0 1,0 0 1,
  0 0 1,0 0 1,
  0 0 1,0 0 1,
  0 0 1,0 0 1,
  0 0 1,0 0 1,
  0 0 1,0 0 1,
  0 0 1,0 0 1,
  0 0 1,0 0 1,
  0 0 1,0 0 1,
  0 0 1,0 0 1,
  0 0 1,0 0 1,
  0 0 1,0 0 1,
  0 0 1,0 0 1,
  0 0 1,0 0 1,
  0 0 1,0 0 1,
  0 0 1,0 0 1,
  0 0 1,0 0 1,
  0 0 1,0 0 1,
  0 0 1,0 0 1,
  0 0 1,0 0 1,
  0 0 1,0 0 1,
  0 0 1,0 0 1,
  0 0 1,0 0 1,
  0 0 1,0 0 1,
  0 0 1,0 0 1,
  0 0 1,0 0 1,
  0 0 1,0 0 1,
  0 0 1,0 0 1,
  0 0 1,0 0 1,
  0 0 1,0 0 1,
  0 0 1,0 0 1,
  0 0 1,0 0 1,
  0 0 1,0 0 1,
  0 0 1,0 0 1,
  0 0 1,0 0 1,
  0 0 1,0 0 1,
  0 0 1,0 0 1,
  0 0 1,0 0 1,
  0 0 1,0 0 1,
  0 0 1,0 0 1,
  0 0 1,0 0 1,
  0 0 1,0 0 1,
  0 0 1,0 0 1,
  0 0 1,0 0 1,
  0 0 1,0 0 1,
  0 0 1,0 0 1,
  0 0 1,0 0 1,
  0 0 1,0 0 1,
  0 0 1,0 0 1,
  0 0 1,0 0 1,
  0 0 1,0 0 1,
  0 0 1,0 0 1,
  0 0 1,0 0 1,
  0 0 1,0 0 1,
  0 0 1,0 0 1,
  0 0 1,0 0 1,
  0 0 1,0 0 1,
  0 0 1,0 0 1,
  0 0 1,0 0 1,
  0 0 1,0 0 1,
  0 0 1,0 0 1,
  0 0 1,0 0 1,
  0 0 1,0 0 1,
  0 0 1,0 0 1,
  0 0 1,0 0 1,
  0 0 1,0 0 1,
  0 0 1,0 0 1,
  0 0 1,0 0 1,
  0 0 1,0 0 1,
  0 0 1,0 0 1,
  0 0 1,0 0 1,
  0 0 1,0 0 1,
  0 0 1,0 0 1,
  0 0 1,0 0 1,
  0 0 1,0 0 1,
  0 0 1,0 0 1,
  0 0 1,0 0 1,
  0 0 1,0 0 1,
  0 0 1,0 0 1,
  0 0 1,0 0 1,
  0 0 1,0 0 1,
  0 0 1,0 0 1,
  0 0 1,0 0 1,
  0 0 1,0 0 1,
  0 0 1,0 0 1,
  0 0 1,0 0 1,
  0 0 1,0 0 1,
  0 0 1,0 0 1,
  0 0 1,0 0 1,
  0 0 1,0 0 1,
  0 0 1,0 0 1,
  0 0 1,0 0 1,
  0 0 1,0 0 1,
  0 0 1,0 0 1,
  0 0 1,0 0 1,
  0 0 1,0 0 1,
  0 0 1,0 0 1,
  0 0 1,0 0 1,
  0 0 1,0 0 1,
  0 0 1,0 0 1,
  0 0 1,0 0 1,
  0 0 1,0 0 1,
  0 0 1,0 0 1,
  0 0 1,0 0 1,
  0 0 1,0 0 1,
  0 0 1,0 0 1,
  0 0 1,0 0 1,
  0 0 1,0 0 1,
  0 0 1,0 0 1,
  0 0 1,0 0 1,
  0 0 1,0 0 1,
  0 0 1,0 0 1,
  0 0 1,0 0 1,
  0 0 1,0 0 1,
  0 0 1,0 0 1,
  0 0 1,0 0 1,
  0 0 1,0 0 1,
  0 0 1,0 0 1,
  0 0 1,0 0 1,
  0 0 1,0 0 1,
  0 0 1,0 0 1,
  0 0 1,0 0 1,
  0 0 1,0 0 1,
  0 0 1,0 0 1,
  0 0 1,0 0 1,
  0 0 1,0 0 1,
  0 0 1,0 0 1,
  0 0 1,0 0 1,
  0 0 1,0 0 1,
  0 0 1,0 0 1,
  0 0 1,0 0 1,
  0 0 1,0 0 1,
  0 0 1,0 0 1,
  0 0 1,0 0 1,
  0 0 1,0 0 1,
  0 0 1,0 0 1,
  0 0 1,0 0 1,
  0 0 1,0 0 1,
  0 0 1,0 0 1,
  0 0 1,0 0 1,
  0 0 1,0 0 1,
  0 0 1,0 0 1,
  0 0 1,0 0 1,
  0 0 1,0 0 1,
  0 0 1,0 0 1,
  0 0 1,0 0 1,
  0 0 1,0 0 1,
  0 0 1,0 0 1,
  0 0 1,0 0 1,
  0 0 1,0 0 1,
  0 0 1,0 0 1,
  0 0 1,0 0 1,
  0 0 1,0 0 1,
  0 0 1,0 0 1,
  0 0 1,0 0 1,
  0 0 1,0 0 1,
  0 0 1,0 0 1,
  0 0 1,0 0 1,
  0 0 1,0 0 1,
  0 0 1,0 0 1,
  0 0 1,0 0 1,
  0 0 1,0 0 1,
  0 0 1,0 0 1,
  0 0 1,0 0 1,
  0 0 1,0 0 1,
  0 0 1,0 0 1,
  0 0 1,0 0 1,
  0 0 1,0 0 1,
  0 0 1,0 0 1,
  0 0 1,0 0 1,
  0 0 1,0 0 1,
  0 0 1,0 0 1,
  0 0 1,0 0 1,
  0 0 1,0 0 1,
  0 0 1,0 0 1,
  0 0 1,0 0 1,
  0 0 1,0 0 1,
  0 0 1,0 0 1,
  0 0 1,0 0 1,
  0 0 1,0 0 1,
  0 0 1,0 0 1,
  0 0 1,0 0 1,
  0 0 1,0 0 1,
  0 0 1,0 0 1,
  0 0 1,0 0 1,
  0 0 1,0 0 1,
  0 0 1,0 0 1,
  0 0 1,0 0 1,
  0 0 1,0 0 1,
  0 0 1,0 0 1,
  0 0 1,0 0 1,
  0 0 1,0 0 1,
  0 0 1,0 0 1,
  0 0 1,0 0 1,
  0 0 1,0 0 1,
  0 0 1,0 0 1,
  0 0 1,0 0 1,
  0 0 1,0 0 1,
  0 0 1,0 0 1,
  0 0 1,0 0 1,
  0 0 1,0 0 1,
  0 0 1,0 0 1,
  0 0 1,0 0 1,
  0 0 1,0 0 1,
  0 0 1,0 0 1,
  0 0 1,0 0 1,
  0 0 1,0 0 1,
  0 0 1,0 0 1,
  0 0 1,0 0 1,
  0 0 1,0 0 1,
  0 0 1,0 0 1,
  0 0 1,0 0 1,
  0 0 1,0 0 1,
  0 0 1,0 0 1,
  0 0 1,0 0 1,
  0 0 1,0 0 1,
  0 0 1,0 0 1,
  0 0 1,0 0 1,
  0 0 1,0 0 1,
  0 0 1,0 0 1,
  0 0 1,0 0 1,
  0 0 1,0 0 1,
  0 0 1,0 0 1,
  0 0 1,0 0 1,
  0 0 1,0 0 1,
  0 0 1,0 0 1,
  0 0 1,0 0 1,
  0 0 1,0 0 1,
  0 0 1,0 0 1,
  0 0 1,0 0 1,
  0 0 1,0 0 1,
  0 0 1,0 0 1,
  0 0 1,0 0 1,
  0 0 1,0 0 1,
  0 0 1,0 0 1,
  0 0 1,0 0 1,
  0 0 1,0 0 1,
  0 0 1,0 0 1,
  0 0 1,0 0 1,
  0 0 1,0 0 1,
  0 0 1,0 0 1,
  0 0 1,0 0 1,
  0 0 1,0 0 1,
  0 0 1,0 0 1,
  0 0 1,0 0 1,
  0 0 1,0 0 1,
  0 0 1,0 0 1,
  0 0 1,0 0 1,
  0 0 1,0 0 1,
  0 0 1,0 0 1,
  0 0 1,0 0 1,
  0 0 1,0 0 1,
  0 0 1,0 0 1,
  0 0 1,0 0 1,
  0 0 1,0 0 1,
  0 0 1,0 0 1,
  0 0 1,0 0 1,
  0 0 1,0 0 1,
  0 0 1,0 0 1,
  0 0 1,0 0 1,
  0 0 1,0 0 1,
  0 0 1,0 0 1,
  0 0 1,0 0 1,
  0 0 1,0 0 1,
  0 0 1,0 0 1,
  0 0 1,0 0 1,
  0 0 1,0 0 1,
  0 0 1,0 0 1,
  0 0 1,0 0 1,
  0 0 1,0 0 1,
  0 0 1,0 0 1,
  0 0 1,0 0 1,
  0 0 1,0 0 1,
  0 0 1,0 0 1,
  0 0 1,0 0 1,
  0 0 1,0 0 1,
  0 0 1,0 0 1,
  0 0 1,0 0 1,
  0 0 1,0 0 1,
  0 0 1,0 0 1,
  0 0 1,0 0 1,
  0 0 1,0 0 1,
  0 0 1,0 0 1,
  0 0 1,0 0 1,
  0 0 1,0 0 1,
  0 0 1,0 0 1,
  0 0 1,0 0 1,
  0 0 1,0 0 1,
  0 0 1,0 0 1,
  0 0 1,0 0 1,
  0 0 1,0 0 1,
  0 0 1,0 0 1,
  0 0 1,0 0 1,
  0 0 1,0 0 1,
  0 0 1,0 0 1,
  0 0 1,0 0 1,
  0 0 1,0 0 1,
  0 0 1,0 0 1,
  0 0 1,0 0 1,
  0 0 1,0 0 1,
  0 0 1,0 0 1,
  0 0 1,0 0 1,
  0 0 1,0 0 1,
  0 0 1,0 0 1,
  0 0 1,0 0 1,
  0 0 1,0 0 1,
  0 0 1,0 0 1,
  0 0 1,0 0 1,
  0 0 1,0 0 1,
  0 0 1,0 0 1,
  0 0 1,0 0 1,
  0 0 1,0 0 1,
  0 0 1,0 0 1,
  0 0 1,0 0 1,
  0 0 1,0 0 1,
  0 0 1,0 0 1,
  0 0 1,0 0 1,
  0 0 1,0 0 1,
  0 0 1,0 0 1,
  0 0 1,0 0 1,
  0 0 1,0 0 1,
  0 0 1,0 0 1,
  0 0 1,0 0 1,
  0 0 1,0 0 1,
  0 0 1,0 0 1,
  0 0 1,0 0 1,
  0 0 1,0 0 1,
  0 0 1,0 0 1,
  0 0 1,0 0 1,
  0 0 1,0 0 1,
  0 0 1,0 0 1,
  0 0 1,0 0 1,
  0 0 1,0 0 1,
  0 0 1,0 0 1,
  0 0 1,0 0 1,
  0 0 1,0 0 1,
  0 0 1,0 0 1,
  0 0 1,0 0 1,
  0 0 1,0 0 1,
  0 0 1,0 0 1,
  0 0 1,0 0 1,
  0 0 1,0 0 1,
  0 0 1,0 0 1,
  0 0 1,0 0 1,
  0 0 1,0 0 1,
  0 0 1,0 0 1,
  0 0 1,0 0 1,
  0 0 1,0 0 1,
  0 0 1,0 0 1,
  0 0 1,0 0 1,
  0 0 1,0 0 1,
  0 0 1,0 0 1,
  0 0 1,0 0 1,
  0 0 1,0 0 1,
  0 0 1,0 0 1,
  0 0 1,0 0 1,
  0 0 1,0 0 1,
  0 0 1,0 0 1,
  0 0 1,0 0 1,
  0 0 1,0 0 1,
  0 0 1,0 0 1,
  0 0 1,0 0 1,
  0 0 1,0 0 1,
  0 0 1,0 0 1,
  0 0 1,0 0 1,
  0 0 1,0 0 1,
  0 0 1,0 0 1,
  0 0 1,0 0 1,
  0 0 1,0 0 1,
  0 0 1,0 0 1,
  0 0 1,0 0 1,
  0 0 1,0 0 1,
  0 0 1,0 0 1,
  0 0 1,0 0 1,
  0 0 1,0 0 1,
  0 0 1,0 0 1,
  0 0 1,0 0 1,
  0 0 1,0 0 1,
  0 0 1,0 0 1,
  0 0 1,0 0 1,
  0 0 1,0 0 1,
  0 0 1,0 0 1,
  0 0 1,0 0 1,
  0 0 1,0 0 1,
  0 0 1,0 0 1,
  0 0 1,0 0 1,
  0 0 1,0 0 1,
  0 0 1,0 0 1,
  0 0 1,0 0 1,
  0 0 1,0 0 1,
  0 0 1,0 0 1,
  0 0 1,0 0 1,
  0 0 1,0 0 1,
  0 0 1,0 0 1,
  0 0 1,0 0 1,
  0 0 1,0 0 1,
  0 0 1,0 0 1,
  0 0 1,0 0 1,
  0 0 1,0 0 1,
  0 0 1,0 0 1,
  0 0 1,0 0 1,
  0 0 1,0 0 1,
  0 0 1,0 0 1,
  0 0 1,0 0 1,
  0 0 1,0 0 1,
  0 0 1,0 0 1,
  0 0 1,0 0 1,
  0 0 1,0 0 1,
  0 0 1,0 0 1,
  0 0 1,0 0 1,
  0 0 1,0 0 1,
  0 0 1,0 0 1,
  0 0 1,0 0 1,
  0 0 1,0 0 1,
  0 0 1,0 0 1,
  0 0 1,0 0 1,
  0 0 1,0 0 1,
  0 0 1,0 0 1,
  0 0 1,0 0 1,
  0 0 1,0 0 1,
  0 0 1,0 0 1,
  0 0 1,0 0 1,
  0 0 1,0 0 1,
  0 0 1,0 0 1,
  0 0 1,0 0 1,
  0 0 1,0 0 1,
  0 0 1,0 0 1,
  0 0 1,0 0 1,
  0 0 1,0 0 1,
  0 0 1,0 0 1,
  0 0 1,0 0 1,
  0 0 1,0 0 1,
  0 0 1,0 0 1,
  0 0 1,0 0 1,
  0 0 1,0 0 1,
  0 0 1,0 0 1,
  0 0 1,0 0 1,
  0 0 1,0 0 1,
  0 0 1,0 0 1,
  0 0 1,0 0 1,
  0 0 1,0 0 1,
  0 0 1,0 0 1,
  0 0 1,0 0 1,
  0 0 1,0 0 1,
  0 0 1,0 0 1,
  0 0 1,0 0 1,
  0 0 1,0 0 1,
  0 0 1,0 0 1,
  0 0 1,0 0 1,
  0 0 1,0 0 1,
  0 0 1,0 0 1,
  0 0 1,0 0 1,
  0 0 1,0 0 1,
  0 0 1,0 0 1,
  0 0 1,0 0 1,
  0 0 1,0 0 1,
  0 0 1,0 0 1,
  0 0 1,0 0 1,
  0 0 1,0 0 1,
  0 0 1,0 0 1,
  0 0 1,0 0 1,
  0 0 1,0 0 1,
  0 0 1,0 0 1,
  0 0 1,0 0 1,
  0 0 1,0 0 1,
  0 0 1,0 0 1,
  0 0 1,0 0 1,
  0 0 1,0 0 1,
  0 0 1,0 0 1,
  0 0 1,0 0 1,
  0 0 1,0 0 1,
  0 0 1,0 0 1,
  0 0 1,0 0 1,
  0 0 1,0 0 1,
  0 0 1,0 0 1,
  0 0 1,0 0 1,
  0 0 1,0 0 1,
  0 0 1,0 0 1,
  0 0 1,0 0 1,
  0 0 1,0 0 1,
  0 0 1,0 0 1,
  0 0 1,0 0 1,
  0 0 1,0 0 1,
  0 0 1,0 0 1,
  0 0 1,0 0 1,
  0 0 1,0 0 1,
  0 0 1,0 0 1,
  0 0 1,0 0 1,
  0 0 1,0 0 1,
  0 0 1,0 0 1,
  0 0 1,0 0 1,
  0 0 1,0 0 1,
  0 0 1,0 0 1,
  0 0 1,0 0 1,
  0 0 1,0 0 1,
  0 0 1,0 0 1,
  0 0 1,0 0 1,
  0 0 1,0 0 1,
  0 0 1,0 0 1,
  0 0 1,0 0 1,
  0 0 1,0 0 1,
  0 0 1,0 0 1,
  0 0 1,0 0 1,
  0 0 1,0 0 1,
  0 0 1,0 0 1,
  0 0 1,0 0 1,
  0 0 1,0 0 1,
  0 0 1,0 0 1,
  0 0 1,0 0 1,
  0 0 1,0 0 1,
  0 0 1,0 0 1,
  0 0 1,0 0 1,
  0 0 1,0 0 1,
  0 0 1,0 0 1,
  0 0 1,0 0 1,
  0 0 1,0 0 1,
  0 0 1,0 0 1,
  0 0 1,0 0 1,
  0 0 1,0 0 1,
  0 0 1,0 0 1,
  0 0 1,0 0 1,
  0 0 1,0 0 1,
  0 0 1,0 0 1,
  0 0 1,0 0 1,
  0 0 1,0 0 1,
  0 0 1,0 0 1,
  0 0 1,0 0 1,
  0 0 1,0 0 1,
  0 0 1,0 0 1,
  0 0 1,0 0 1,
  0 0 1,0 0 1,
  0 0 1,0 0 1,
  0 0 1,0 0 1,
  0 0 1,0 0 1,
  0 0 1,0 0 1,
  0 0 1,0 0 1,
  0 0 1,0 0 1,
  0 0 1,0 0 1,
  0 0 1,0 0 1,
  0 0 1,0 0 1,
  0 0 1,0 0 1,
  0 0 1,0 0 1,
  0 0 1,0 0 1,
  0 0 1,0 0 1,
  0 0 1,0 0 1,
  0 0 1,0 0 1,
  0 0 1,0 0 1,
  0 0 1,0 0 1,
  0 0 1,0 0 1,
  0 0 1,0 0 1,
  0 0 1,0 0 1,
  0 0 1,0 0 1,
  0 0 1,0 0 1,
  0 0 1,0 0 1,
  0 0 1,0 0 1,
  0 0 1,0 0 1,
  0 0 1,0 0 1,
  0 0 1,0 0 1,
  0 0 1,0 0 1,
  0 0 1,0 0 1,
  0 0 1,0 0 1,
  0 0 1,0 0 1,
  0 0 1,0 0 1,
  0 0 1,0 0 1,
  0 0 1,0 0 1,
  0 0 1,0 0 1,
  0 0 1,0 0 1,
  0 0 1,0 0 1,
  0 0 1,0 0 1,
  0 0 1,0 0 1,
  0 0 1,0 0 1,
  0 0 1,0 0 1,
  0 0 1,0 0 1,
  0 0 1,0 0 1,
  0 0 1,0 0 1,
  0 0 1,0 0 1,
  0 0 1,0 0 1,
  0 0 1,0 0 1,
  0 0 1,0 0 1,
  0 0 1,0 0 1,
  0 0 1,0 0 1,
  0 0 1,0 0 1,
  0 0 1,0 0 1,
  0 0 1,0 0 1,
  0 0 1,0 0 1,
  0 0 1,0 0 1,
  0 0 1,0 0 1,
  0 0 1,0 0 1,
  0 0 1,0 0 1,
  0 0 1,0 0 1,
  0 0 1,0 0 1,
  0 0 1,0 0 1,
  0 0 1,0 0 1,
  0 0 1,0 0 1,
  0 0 1,0 0 1,
  0 0 1,0 0 1,
  0 0 1,0 0 1,
  0 0 1,0 0 1,
  0 0 1,0 0 1,
  0 0 1,0 0 1,
  0 0 1,0 0 1,
  0 0 1,0 0 1,
  0 0 1,0 0 1,
  0 0 1,0 0 1,
  0 0 1,0 0 1,
  0 0 1,0 0 1,
  0 0 1,0 0 1,
  0 0 1,0 0 1,
  0 0 1,0 0 1,
  0 0 1,0 0 1,
  0 0 1,0 0 1,
  0 0 1,0 0 1,
  0 0 1,0 0 1,
  0 0 1,0 0 1,
  0 0 1,0 0 1,
  0 0 1,0 0 1,
  0 0 1,0 0 1,
  0 0 1,0 0 1,
  0 0 1,0 0 1,
  0 0 1,0 0 1,
  0 0 1,0 0 1,
  0 0 1,0 0 1,
  0 0 1,0 0 1,
  0 0 1,0 0 1,
  0 0 1,0 0 1,
  0 0 1,0 0 1,
  0 0 1,0 0 1,
  0 0 1,0 0 1,
  0 0 1,0 0 1,
  0 0 1,0 0 1,
  0 0 1,0 0 1,
  0 0 1,0 0 1,
  0 0 1,0 0 1,
  0 0 1,0 0 1,
  0 0 1,0 0 1,
  0 0 1,0 0 1,
  0 0 1,0 0 1,
  0 0 1,0 0 1,
  0 0 1,0 0 1,
  0 0 1,0 0 1,
  0 0 1,0 0 1,
  0 0 1,0 0 1,
  0 0 1,0 0 1,
  0 0 1,0 0 1,
  0 0 1,0 0 1,
  0 0 1,0 0 1,
  0 0 1,0 0 1,
  0 0 1,0 0 1,
  0 0 1,0 0 1,
  0 0 1,0 0 1,
  0 0 1,0 0 1,
  0 0 1,0 0 1,
  0 0 1,0 0 1,
  0 0 1,0 0 1,
  0 0 1,0 0 1,
  0 0 1,0 0 1,
  0 0 1,0 0 1,
  0 0 1,0 0 1,
  0 0 1,0 0 1,
  0 0 1,0 0 1,
  0 0 1,0 0 1,
  0 0 1,0 0 1,
  0 0 1,0 0 1,
  0 0 1,0 0 1,
  0 0 1,0 0 1,
  0 0 1,0 0 1,
  0 0 1,0 0 1,
  0 0 1,0 0 1,
  0 0 1,0 0 1,
  0 0 1,0 0 1,
  0 0 1,0 0 1,
  0 0 1,0 0 1,
  0 0 1,0 0 1,
  0 0 1,0 0 1,
  0 0 1,0 0 1,
  0 0 1,0 0 1,
  0 0 1,0 0 1,
  0 0 1,0 0 1,
  0 0 1,0 0 1,
  0 0 1,0 0 1,
  0 0 1,0 0 1,
  0 0 1,0 0 1,
  0 0 1,0 0 1,
  0 0 1,0 0 1,
  0 0 1,0 0 1,
  0 0 1,0 0 1,
  0 0 1,0 0 1,
  0 0 1,0 0 1,
  0 0 1,0 0 1,
  0 0 1,0 0 1,
  0 0 1,0 0 1,
  0 0 1,0 0 1,
  0 0 1,0 0 1,
  0 0 1,0 0 1,
  0 0 1,0 0 1,
  0 0 1,0 0 1,
  0 0 1,0 0 1,
  0 0 1,0 0 1,
  0 0 1,0 0 1,
  0 0 1,0 0 1,
  0 0 1,0 0 1,
  0 0 1,0 0 1,
  0 0 1,0 0 1,
  0 0 1,0 0 1,
  0 0 1,0 0 1,
  0 0 1,0 0 1,
  0 0 1,0 0 1,
  0 0 1,0 0 1,
  0 0 1,0 0 1,
  0 0 1,0 0 1,
  0 0 1,0 0 1,
  0 0 1,0 0 1,
  0 0 1,0 0 1,
  0 0 1,0 0 1,
  0 0 1,0 0 1,
  0 0 1,0 0 1,
  0 0 1,0 0 1,
  0 0 1,0 0 1,
  0 0 1,0 0 1,
  0 0 1,0 0 1,
  0 0 1,0 0 1,
  0 0 1,0 0 1,
  0 0 1,0 0 1,
  0 0 1,0 0 1,
  0 0 1,0 0 1,
  0 0 1,0 0 1,
  0 0 1,0 0 1,
  0 0 1,0 0 1,
  0 0 1,0 0 1,
  0 0 1,0 0 1,
  0 0 1,0 0 1,
  0 0 1,0 0 1,
  0 0 1,0 0 1,
  0 0 1,0 0 1,
  0 0 1,0 0 1,
  0 0 1,0 0 1,
  0 0 1,0 0 1,
  0 0 1,0 0 1,
  0 0 1,0 0 1,
  0 0 1,0 0 1,
  0 0 1,0 0 1,
  0 0 1,0 0 1,
  0 0 1,0 0 1,
  0 0 1,0 0 1,
  0 0 1,0 0 1,
  0 0 1,0 0 1,
  0 0 1,0 0 1,
  0 0 1,0 0 1,
  0 0 1,0 0 1,
  0 0 1,0 0 1,
  0 0 1,0 0 1,
  0 0 1,0 0 1,
  0 0 1,0 0 1,
  0 0 1,0 0 1,
  0 0 1,0 0 1,
  0 0 1,0 0 1,
  0 0 1,0 0 1,
  0 0 1,0 0 1,
  0 0 1,0 0 1,
  0 0 1,0 0 1,
  0 0 1,0 0 1,
  0 0 1,0 0 1,
  0 0 1,0 0 1,
  0 0 1,0 0 1,
  0 0 1,0 0 1,
  0 0 1,0 0 1,
  0 0 1,0 0 1,
  0 0 1,0 0 1,
  0 0 1,0 0 1,
  0 0 1,0 0 1,
  0 0 1,0 0 1,
  0 0 1,0 0 1,
  0 0 1,0 0 1,
  0 0 1,0 0 1,
  0 0 1,0 0 1,
  0 0 1,0 0 1,
  0 0 1,0 0 1,
  0 0 1,0 0 1,
  0 0 1,0 0 1,
  0 0 1,0 0 1,
  0 0 1,0 0 1,
  0 0 1,0 0 1,
  0 0 1,0 0 1,
  0 0 1,0 0 1,
  0 0 1,0 0 1,
  0 0 1,0 0 1,
  0 0 1,0 0 1,
  0 0 1,0 0 1,
  0 0 1,0 0 1,
  0 0 1,0 0 1,
  0 0 1,0 0 1,
  0 0 1,0 0 1,
  0 0 1,0 0 1,
  0 0 1,0 0 1,
  0 0 1,0 0 1,
  0 0 1,0 0 1,
  0 0 1,0 0 1,
  0 0 1,0 0 1,
  0 0 1,0 0 1,
  0 0 1,0 0 1,
  0 0 1,0 0 1,
  0 0 1,0 0 1,
  0 0 1,0 0 1,
  0 0 1,0 0 1,
  0 0 1,0 0 1,
  0 0 1,0 0 1,
  0 0 1,0 0 1,
  0 0 1,0 0 1,
  0 0 1,0 0 1,
  0 0 1,0 0 1,
  0 0 1,0 0 1,
  0 0 1,0 0 1,
  0 0 1,0 0 1,
  0 0 1,0 0 1,
  0 0 1,0 0 1,
  0 0 1,0 0 1,
  0 0 1,0 0 1,
  0 0 1,0 0 1,
  0 0 1,0 0 1,
  0 0 1,0 0 1,
  0 0 1,0 0 1,
  0 0 1,0 0 1,
  0 0 1,0 0 1,
  0 0 1,0 0 1,
  0 0 1,0 0 1,
  0 0 1,0 0 1,
  0 0 1,0 0 1,
  0 0 1,0 0 1,
  0 0 1,0 0 1,
  0 0 1,0 0 1,
  0 0 1,0 0 1,
  0 0 1,0 0 1,
  0 0 1,0 0 1,
  0 0 1,0 0 1,
  0 0 1,0 0 1,
  0 0 1,0 0 1,
  0 0 1,0 0 1,
  0 0 1,0 0 1,
  0 0 1,0 0 1,
  0 0 1,0 0 1,
  0 0 1,0 0 1,
  0 0 1,0 0 1,
  0 0 1,0 0 1,
  0 0 1,0 0 1,
  0 0 1,0 0 1,
  0 0 1,0 0 1,
  0 0 1,0 0 1,
  0 0 1,0 0 1,
  0 0 1,0 0 1,
  0 0 1,0 0 1,
  0 0 1,0 0 1,
  0 0 1,0 0 1,
  0 0 1,0 0 1,
  0 0 1,0 0 1,
  0 0 1,0 0 1,
  0 0 1,0 0 1,
  0 0 1,0 0 1,
  0 0 1,0 0 1,
  0 0 1,0 0 1,
  0 0 1,0 0 1,
  0 0 1,0 0 1,
  0 0 1,0 0 1,
  0 0 1,0 0 1,
  0 0 1,0 0 1,
  0 0 1,0 0 1,
  0 0 1,0 0 1,
  0 0 1,0 0 1,
  0 0 1,0 0 1,
  0 0 1,0 0 1,
  0 0 1,0 0 1,
  0 0 1,0 0 1,
  0 0 1,0 0 1,
  0 0 1,0 0 1,
  0 0 1,0 0 1,
  0 0 1,0 0 1,
  0 0 1,0 0 1,
  0 0 1,0 0 1,
  0 0 1,0 0 1,
  0 0 1,0 0 1,
  0 0 1,0 0 1,
  0 0 1,0 0 1,
  0 0 1,0 0 1,
  0 0 1,0 0 1,
  0 0 1,0 0 1,
  0 0 1,0 0 1,
  0 0 1,0 0 1,
  0 0 1,0 0 1,
  0 0 1,0 0 1,
  0 0 1,0 0 1,
  0 0 1,0 0 1,
  0 0 1,0 0 1,
  0 0 1,0 0 1,
  0 0 1,0 0 1,
  0 0 1,0 0 1,
  0 0 1,0 0 1,
  0 0 1,0 0 1,
  0 0 1,0 0 1,
  0 0 1,0 0 1,
  0 0 1,0 0 1,
  0 0 1,0 0 1,
  0 0 1,0 0 1,
  0 0 1,0 0 1,
  0 0 1,0 0 1,
  0 0 1,0 0 1,
  0 0 1,0 0 1,
  0 0 1,0 0 1,
  0 0 1,0 0 1,
  0 0 1,0 0 1,
  0 0 1,0 0 1,
  0 0 1,0 0 1,
  0 0 1,0 0 1,
  0 0 1,0 0 1,
  0 0 1,0 0 1,
  0 0 1,0 0 1,
  0 0 1,0 0 1,
  0 0 1,0 0 1,
  0 0 1,0 0 1,
  0 0 1,0 0 1,
  0 0 1,0 0 1,
  0 0 1,0 0 1,
  0 0 1,0 0 1,
  0 0 1,0 0 1,
  0 0 1,0 0 1,
  0 0 1,0 0 1,
  0 0 1,0 0 1,
  0 0 1,0 0 1,
  0 0 1,0 0 1,
  0 0 1,0 0 1,
  0 0 1,0 0 1,
  0 0 1,0 0 1,
  0 0 1,0 0 1,
  0 0 1,0 0 1,
  0 0 1,0 0 1,
  0 0 1,0 0 1,
  0 0 1,0 0 1,
  0 0 1,0 0 1,
  0 0 1,0 0 1,
  0 0 1,0 0 1,
  0 0 1,0 0 1,
  0 0 1,0 0 1,
  0 0 1,0 0 1,
  0 0 1,0 0 1,
  0 0 1,0 0 1,
  0 0 1,0 0 1,
  0 0 1,0 0 1,
  0 0 1,0 0 1,
  0 0 1,0 0 1,
  0 0 1,0 0 1,
  0 0 1,0 0 1,
  0 0 1,0 0 1,
  0 0 1,0 0 1,
  0 0 1,0 0 1,
  0 0 1,0 0 1,
  0 0 1,0 0 1,
  0 0 1,0 0 1,
  0 0 1,0 0 1,
  0 0 1,0 0 1,
  0 0 1,0 0 1,
  0 0 1,0 0 1,
  0 0 1,0 0 1,
  0 0 1,0 0 1,
  0 0 1,0 0 1,
  0 0 1,0 0 1,
  0 0 1,0 0 1,
  0 0 1,0 0 1,
  0 0 1,0 0 1,
  0 0 1,0 0 1,
  0 0 1,0 0 1,
  0 0 1,0 0 1,
  0 0 1,0 0 1,
  0 0 1,0 0 1,
  0 0 1,0 0 1,
  0 0 1,0 0 1,
  0 0 1,0 0 1,
  0 0 1,0 0 1,
  0 0 1,0 0 1,
  0 0 1,0 0 1,
  0 0 1,0 0 1,
  0 0 1,0 0 1,
  0 0 1,0 0 1,
  0 0 1,0 0 1,
  0 0 1,0 0 1,
  0 0 1,0 0 1,
  0 0 1,0 0 1,
  0 0 1,0 0 1,
  0 0 1,0 0 1,
  0 0 1,0 0 1,
  0 0 1,0 0 1,
  0 0 1,0 0 1,
  0 0 1,0 0 1,
  0 0 1,0 0 1,
  0 0 1,0 0 1,
  0 0 1,0 0 1,
  0 0 1,0 0 1,
  0 0 1,0 0 1,
  0 0 1,0 0 1,
  0 0 1,0 0 1,
  0 0 1,0 0 1,
  0 0 1,0 0 1,
  0 0 1,0 0 1,
  0 0 1,0 0 1,
  0 0 1,0 0 1,
  0 0 1,0 0 1,
  0 0 1,0 0 1,
  0 0 1,0 0 1,
  0 0 1,0 0 1,
  0 0 1,0 0 1,
  0 0 1,0 0 1,
  0 0 1,0 0 1,
  0 0 1,0 0 1,
  0 0 1,0 0 1,
  0 0 1,0 0 1,
  0 0 1,0 0 1,
  0 0 1,0 0 1,
  0 0 1,0 0 1,
  0 0 1,0 0 1,
  0 0 1,0 0 1,
  0 0 1,0 0 1,
  0 0 1,0 0 1,
  0 0 1,0 0 1,
  0 0 1,0 0 1,
  0 0 1,0 0 1,
  0 0 1,0 0 1,
  0 0 1,0 0 1,
  0 0 1,0 0 1,
  0 0 1,0 0 1,
  0 0 1,0 0 1,
  0 0 1,0 0 1,
  0 0 1,0 0 1,
  0 0 1,0 0 1,
  0 0 1,0 0 1,
  0 0 1,0 0 1,
  0 0 1,0 0 1,
  0 0 1,0 0 1,
  0 0 1,0 0 1,
  0 0 1,0 0 1,
  0 0 1,0 0 1,
  0 0 1,0 0 1,
  0 0 1,0 0 1,
  0 0 1,0 0 1,
  0 0 1,0 0 1,
  0 0 1,0 0 1,
  0 0 1,0 0 1,
  0 0 1,0 0 1,
  0 0 1,0 0 1,
  0 0 1,0 0 1,
  0 0 1,0 0 1,
  0 0 1,0 0 1,
  0 0 1,0 0 1,
  0 0 1,0 0 1,
  0 0 1,0 0 1,
  0 0 1,0 0 1,
  0 0 1,0 0 1,
  0 0 1,0 0 1,
  0 0 1,0 0 1,
  0 0 1,0 0 1,
  0 0 1,0 0 1,
  0 0 1,0 0 1,
  0 0 1,0 0 1,
  0 0 1,0 0 1,
  0 0 1,0 0 1,
  0 0 1,0 0 1,
  0 0 1,0 0 1,
  0 0 1,0 0 1,
  0 0 1,0 0 1,
  0 0 1,0 0 1,
  0 0 1,0 0 1,
  0 0 1,0 0 1,
  0 0 1,0 0 1,
  0 0 1,0 0 1,
  0 0 1,0 0 1,
  0 0 1,0 0 1,
  0 0 1,0 0 1,
  0 0 1,0 0 1,
  0 0 1,0 0 1,
  0 0 1,0 0 1,
  0 0 1,0 0 1,
  0 0 1,0 0 1,
  0 0 1,0 0 1,
  0 0 1,0 0 1,
  0 0 1,0 0 1,
  0 0 1,0 0 1,
  0 0 1,0 0 1,
  0 0 1,0 0 1,
  0 0 1,0 0 1,
  0 0 1,0 0 1,
  0 0 1,0 0 1,
  0 0 1,0 0 1,
  0 0 1,0 0 1,
  0 0 1,0 0 1,
  0 0 1,0 0 1,
  0 0 1,0 0 1,
  0 0 1,0 0 1,
  0 0 1,0 0 1,
  0 0 1,0 0 1,
  0 0 1,0 0 1,
  0 0 1,0 0 1,
  0 0 1,0 0 1,
  0 0 1,0 0 1,
  0 0 1,0 0 1,
  0 0 1,0 0 1,
  0 0 1,0 0 1,
  0 0 1,0 0 1,
  0 0 1,0 0 1,
  0 0 1,0 0 1,
  0 0 1,0 0 1,
  0 0 1,0 0 1,
  0 0 1,0 0 1,
  0 0 1,0 0 1,
  0 0 1,0 0 1,
  0 0 1,0 0 1,
  0 0 1,0 0 1,
  0 0 1,0 0 1,
  0 0 1,0 0 1,
  0 0 1,0 0 1,
  0 0 1,0 0 1,
  0 0 1,0 0 1,
  0 0 1,0 0 1,
  0 0 1,0 0 1,
  0 0 1,0 0 1,
  0 0 1,0 0 1,
  0 0 1,0 0 1,
  0 0 1,0 0 1,
  0 0 1,0 0 1,
  0 0 1,0 0 1,
  0 0 1,0 0 1,
  0 0 1,0 0 1,
  0 0 1,0 0 1,
  0 0 1,0 0 1,
  0 0 1,0 0 1,
  0 0 1,0 0 1,
  0 0 1,0 0 1,
  0 0 1,0 0 1,
  0 0 1,0 0 1,
  0 0 1,0 0 1,
  0 0 1,0 0 1,
  0 0 1,0 0 1,
  0 0 1,0 0 1,
  0 0 1,0 0 1,
  0 0 1,0 0 1,
  0 0 1,0 0 1,
  0 0 1,0 0 1,
  0 0 1,0 0 1,
  0 0 1,0 0 1,
  0 0 1,0 0 1,
  0 0 1,0 0 1,
  0 0 1,0 0 1,
  0 0 1,0 0 1,
  0 0 1,0 0 1,
  0 0 1,0 0 1,
  0 0 1,0 0 1,
  0 0 1,0 0 1,
  0 0 1,0 0 1,
  0 0 1,0 0 1,
  0 0 1,0 0 1,
  0 0 1,0 0 1,
  0 0 1,0 0 1,
  0 0 1,0 0 1,
  0 0 1,0 0 1,
  0 0 1,0 0 1,
  0 0 1,0 0 1,
  0 0 1,0 0 1,
  0 0 1,0 0 1,
  0 0 1,0 0 1,
  0 0 1,0 0 1,
  0 0 1,0 0 1,
  0 0 1,0 0 1,
  0 0 1,0 0 1,
  0 0 1,0 0 1,
  0 0 1,0 0 1,
  0 0 1,0 0 1,
  0 0 1,0 0 1,
  0 0 1,0 0 1,
  0 0 1,0 0 1,
  0 0 1,0 0 1,
  0 0 1,0 0 1,
  0 0 1,0 0 1,
  0 0 1,0 0 1,
  0 0 1,0 0 1,
  0 0 1,0 0 1,
  0 0 1,0 0 1,
  0 0 1,0 0 1,
  0 0 1,0 0 1,
  0 0 1,0 0 1,
  0 0 1,0 0 1,
  0 0 1,0 0 1,
  0 0 1,0 0 1,
  0 0 1,0 0 1,
  0 0 1,0 0 1,
  0 0 1,0 0 1,
  0 0 1,0 0 1,
  0 0 1,0 0 1,
  0 0 1,0 0 1,
  0 0 1,0 0 1,
  0 0 1,0 0 1,
  0 0 1,0 0 1,
  0 0 1,0 0 1,
  0 0 1,0 0 1,
  0 0 1,0 0 1,
  0 0 1,0 0 1,
  0 0 1,0 0 1,
  0 0 1,0 0 1,
  0 0 1,0 0 1,
  0 0 1,0 0 1,
  0 0 1,0 0 1,
  0 0 1,0 0 1,
  0 0 1,0 0 1,
  0 0 1,0 0 1,
  0 0 1,0 0 1,
  0 0 1,0 0 1,
  0 0 1,0 0 1,
  0 0 1,0 0 1,
  0 0 1,0 0 1,
  0 0 1,0 0 1,
  0 0 1,0 0 1,
  0 0 1,0 0 1,
  0 0 1,0 0 1,
  0 0 1,0 0 1,
  0 0 1,0 0 1,
  0 0 1,0 0 1,
  0 0 1,0 0 1,
  0 0 1,0 0 1,
  0 0 1,0 0 1,
  0 0 1,0 0 1,
  0 0 1,0 0 1,
  0 0 1,0 0 1,
  0 0 1,0 0 1,
  0 0 1,0 0 1,
  0 0 1,0 0 1,
  0 0 1,0 0 1,
  0 0 1,0 0 1,
  0 0 1,0 0 1,
  0 0 1,0 0 1,
  0 0 1,0 0 1,
  0 0 1,0 0 1,
  0 0 1,0 0 1,
  0 0 1,0 0 1,
  0 0 1,0 0 1,
  0 0 1,0 0 1,
  0 0 1,0 0 1,
  0 0 1,0 0 1,
  0 0 1,0 0 1,
  0 0 1,0 0 1,
  0 0 1,0 0 1,
  0 0 1,0 0 1,
  0 0 1,0 0 1,
  0 0 1,0 0 1,
  0 0 1,0 0 1,
  0 0 1,0 0 1,
  0 0 1,0 0 1,
  0 0 1,0 0 1,
  0 0 1,0 0 1,
  0 0 1,0 0 1,
  0 0 1,0 0 1,
  0 0 1,0 0 1,
  0 0 1,0 0 1,
  0 0 1,0 0 1,
  0 0 1,0 0 1,
  0 0 1,0 0 1,
  0 0 1,0 0 1,
  0 0 1,0 0 1,
  0 0 1,0 0 1,
  0 0 1,0 0 1,
  0 0 1,0 0 1,
  0 0 1,0 0 1,
  0 0 1,0 0 1,
  0 0 1,0 0 1,
  0 0 1,0 0 1,
  0 0 1,0 0 1,
  0 0 1,0 0 1,
  0 0 1,0 0 1,
  0 0 1,0 0 1,
  0 0 1,0 0 1,
  0 0 1,0 0 1,
  0 0 1,0 0 1,
  0 0 1,0 0 1,
  0 0 1,0 0 1,
  0 0 1,0 0 1,
  0 0 1,0 0 1,
  0 0 1,0 0 1,
  0 0 1,0 0 1,
  0 0 1,0 0 1,
  0 0 1,0 0 1,
  0 0 1,0 0 1,
  0 0 1,0 0 1,
  0 0 1,0 0 1,
  0 0 1,0 0 1,
  0 0 1,0 0 1,
  0 0 1,0 0 1,
  0 0 1,0 0 1,
  0 0 1,0 0 1,
  0 0 1,0 0 1,
  0 0 1,0 0 1,
  0 0 1,0 0 1,
  0 0 1,0 0 1,
  0 0 1,0 0 1,
  0 0 1,0 0 1,
  0 0 1,0 0 1,
  0 0 1,0 0 1,
  0 0 1,0 0 1,
  0 0 1,0 0 1,
  0 0 1,0 0 1,
  0 0 1,0 0 1,
  0 0 1,0 0 1,
  0 0 1,0 0 1,
  0 0 1,0 0 1,
  0 0 1,0 0 1,
  0 0 1,0 0 1,
  0 0 1,0 0 1,
  0 0 1,0 0 1,
  0 0 1,0 0 1,
  0 0 1,0 0 1,
  0 0 1,0 0 1,
  0 0 1,0 0 1,
  0 0 1,0 0 1,
  0 0 1,0 0 1,
  0 0 1,0 0 1,
  0 0 1,0 0 1,
  0 0 1,0 0 1,
  0 0 1,0 0 1,
  0 0 1,0 0 1,
  0 0 1,0 0 1,
  0 0 1,0 0 1,
  0 0 1,0 0 1,
  0 0 1,0 0 1,
  0 0 1,0 0 1,
  0 0 1,0 0 1,
  0 0 1,0 0 1,
  0 0 1,0 0 1,
  0 0 1,0 0 1,
  0 0 1,0 0 1,
  0 0 1,0 0 1,
  0 0 1,0 0 1,
  0 0 1,0 0 1,
  0 0 1,0 0 1,
  0 0 1,0 0 1,
  0 0 1,0 0 1,
  0 0 1,0 0 1,
  0 0 1,0 0 1,
  0 0 1,0 0 1,
  0 0 1,0 0 1,
  0 0 1,0 0 1,
  0 0 1,0 0 1,
  0 0 1,0 0 1,
  0 0 1,0 0 1,
  0 0 1,0 0 1,
  0 0 1,0 0 1,
  0 0 1,0 0 1,
  0 0 1,0 0 1,
  0 0 1,0 0 1,
  0 0 1,0 0 1,
  0 0 1,0 0 1,
  0 0 1,0 0 1,
  0 0 1,0 0 1,
  0 0 1,0 0 1,
  0 0 1,0 0 1,
  0 0 1,0 0 1,
  0 0 1,0 0 1,
  0 0 1,0 0 1,
  0 0 1,0 0 1,
  0 0 1,0 0 1,
  0 0 1,0 0 1,
  0 0 1,0 0 1,
  0 0 1,0 0 1,
  0 0 1,0 0 1,
  0 0 1,0 0 1,
  0 0 1,0 0 1,
  0 0 1,0 0 1,
  0 0 1,0 0 1,
  0 0 1,0 0 1,
  0 0 1,0 0 1,
  0 0 1,0 0 1,
  0 0 1,0 0 1,
  0 0 1,0 0 1,
  0 0 1,0 0 1,
  0 0 1,0 0 1,
  0 0 1,0 0 1,
  0 0 1,0 0 1,
  0 0 1,0 0 1,
  0 0 1,0 0 1,
  0 0 1,0 0 1,
  0 0 1,0 0 1,
  0 0 1,0 0 1,
  0 0 1,0 0 1,
  0 0 1,0 0 1,
  0 0 1,0 0 1,
  0 0 1,0 0 1,
  0 0 1,0 0 1,
  0 0 1,0 0 1,
  0 0 1,0 0 1,
  0 0 1,0 0 1,
  0 0 1,0 0 1,
  0 0 1,0 0 1,
  0 0 1,0 0 1,
  0 0 1,0 0 1,
  0 0 1,0 0 1,
  0 0 1,0 0 1,
  0 0 1,0 0 1,
  0 0 1,0 0 1,
  0 0 1,0 0 1,
  0 0 1,0 0 1,
  0 0 1,0 0 1,
  0 0 1,0 0 1,
  0 0 1,0 0 1,
  0 0 1,0 0 1,
  0 0 1,0 0 1,
  0 0 1,0 0 1,
  0 0 1,0 0 1,
  0 0 1,0 0 1,
  0 0 1,0 0 1,
  0 0 1,0 0 1,
  0 0 1,0 0 1,
  0 0 1,0 0 1,
  0 0 1,0 0 1,
  0 0 1,0 0 1,
  0 0 1,0 0 1,
  0 0 1,0 0 1,
  0 0 1,0 0 1,
  0 0 1,0 0 1,
  0 0 1,0 0 1,
  0 0 1,0 0 1,
  0 0 1,0 0 1,
  0 0 1,0 0 1,
  0 0 1,0 0 1,
  0 0 1,0 0 1,
  0 0 1,0 0 1,
  0 0 1,0 0 1,
  0 0 1,0 0 1,
  0 0 1,0 0 1,
  0 0 1,0 0 1,
  0 0 1,0 0 1,
  0 0 1,0 0 1,
  0 0 1,0 0 1,
  0 0 1,0 0 1,
  0 0 1,0 0 1,
  0 0 1,0 0 1,
  0 0 1,0 0 1,
  0 0 1,0 0 1,
  0 0 1,0 0 1,
  0 0 1,0 0 1,
  0 0 1,0 0 1,
  0 0 1,0 0 1,
  0 0 1,0 0 1,
  0 0 1,0 0 1,
  0 0 1,0 0 1,
  0 0 1,0 0 1,
  0 0 1,0 0 1,
  0 0 1,0 0 1,
  0 0 1,0 0 1,
  0 0 1,0 0 1,
  0 0 1,0 0 1,
  0 0 1,0 0 1,
  0 0 1,0 0 1,
  0 0 1,0 0 1,
  0 0 1,0 0 1,
  0 0 1,0 0 1,
  0 0 1,0 0 1,
  0 0 1,0 0 1,
  0 0 1,0 0 1,
  0 0 1,0 0 1,
  0 0 1,0 0 1,
  0 0 1,0 0 1,
  0 0 1,0 0 1,
  0 0 1,0 0 1,
  0 0 1,0 0 1,
  0 0 1,0 0 1,
  0 0 1,0 0 1,
  0 0 1,0 0 1,
  0 0 1,0 0 1,
  0 0 1,0 0 1,
  0 0 1,0 0 1,
  0 0 1,0 0 1,
  0 0 1,0 0 1,
  0 0 1,0 0 1,
  0 0 1,0 0 1,
  0 0 1,0 0 1,
  0 0 1,0 0 1,
  0 0 1,0 0 1,
  0 0 1,0 0 1,
  0 0 1,0 0 1,
  0 0 1,0 0 1,
  0 0 1,0 0 1,
  0 0 1,0 0 1,
  0 0 1,0 0 1,
  0 0 1,0 0 1,
  0 0 1,0 0 1,
  0 0 1,0 0 1,
  0 0 1,0 0 1,
  0 0 1,0 0 1,
  0 0 1,0 0 1,
  0 0 1,0 0 1,
  0 0 1,0 0 1,
  0 0 1,0 0 1,
  0 0 1,0 0 1,
  0 0 1,0 0 1,
  0 0 1,0 0 1,
  0 0 1,0 0 1,
  0 0 1,0 0 1,
  0 0 1,0 0 1,
  0 0 1,0 0 1,
  0 0 1,0 0 1,
  0 0 1,0 0 1,
  0 0 1,0 0 1,
  0 0 1,0 0 1,
  0 0 1,0 0 1,
  0 0 1,0 0 1,
  0 0 1,0 0 1,
  0 0 1,0 0 1,
  0 0 1,0 0 1,
  0 0 1,0 0 1,
  0 0 1,0 0 1,
  0 0 1,0 0 1,
  0 0 1,0 0 1,
  0 0 1,0 0 1,
  0 0 1,0 0 1,
  0 0 1,0 0 1,
  0 0 1,0 0 1,
  0 0 1,0 0 1,
  0 0 1,0 0 1,
  0 0 1,0 0 1,
  0 0 1,0 0 1,
  0 0 1,0 0 1,
  0 0 1,0 0 1,
  0 0 1,0 0 1,
  0 0 1,0 0 1,
  0 0 1,0 0 1,
  0 0 1,0 0 1,
  0 0 1,0 0 1,
  0 0 1,0 0 1,
  0 0 1,0 0 1,
  0 0 1,0 0 1,
  0 0 1,0 0 1,
  0 0 1,0 0 1,
  0 0 1,0 0 1,
  0 0 1,0 0 1,
  0 0 1,0 0 1,
  0 0 1,0 0 1,
  0 0 1,0 0 1,
  0 0 1,0 0 1,
  0 0 1,0 0 1,
  0 0 1,0 0 1,
  0 0 1,0 0 1,
  0 0 1,0 0 1,
  0 0 1,0 0 1,
  0 0 1,0 0 1,
  0 0 1,0 0 1,
  0 0 1,0 0 1,
  0 0 1,0 0 1,
  0 0 1,0 0 1,
  0 0 1,0 0 1,
  0 0 1,0 0 1,
  0 0 1,0 0 1,
  0 0 1,0 0 1,
  0 0 1,0 0 1,
  0 0 1,0 0 1,
  0 0 1,0 0 1,
  0 0 1,0 0 1,
  0 0 1,0 0 1,
  0 0 1,0 0 1,
  0 0 1,0 0 1,
  0 0 1,0 0 1,
  0 0 1,0 0 1,
  0 0 1,0 0 1,
  0 0 1,0 0 1,
  0 0 1,0 0 1,
  0 0 1,0 0 1,
  0 0 1,0 0 1,
  0 0 1,0 0 1,
  0 0 1,0 0 1,
  0 0 1,0 0 1,
  0 0 1,0 0 1,
  0 0 1,0 0 1,
  0 0 1,0 0 1,
  0 0 1,0 0 1,
  0 0 1,0 0 1,
  0 0 1,0 0 1,
  0 0 1,0 0 1,
  0 0 1] }
}
}
] }
DEF TXFM_8 Transform {
  center 0 0 0
  rotation 0 0 1 0
  scale 1 1 1
  scaleOrientation 0 0 1 0
  translation 0 0 0
 children [
DEF SHAPE_8 Shape {
 appearance DEF APP_6 Appearance {
  material Material {
   ambientIntensity 0.74468082
   diffuseColor 0.94 0.94 0.94
   emissiveColor 0 0 0
   shininess 0.02
   specularColor 0.94599998 0.94599998 0.94599998
   transparency 0
} }
 geometry DEF FACE_8 IndexedFaceSet {
  coord DEF COORD_8 Coordinate { point [
  51.154594 -40.60955 -0.34448819,51.140923 -40.582207 -0.34448819,
  51.115412 -40.565364 -0.34448819,51.084898 -40.563533 -0.34448819,
  51.057556 -40.577204 -0.34448819,51.040713 -40.602714 -0.34448819,
  50.899887 -41.025191 -0.34448819,50.759061 -40.602714 -0.34448819,
  50.742218 -40.577204 -0.34448819,50.714876 -40.563533 -0.34448819,
  50.684362 -40.565365 -0.34448819,50.658852 -40.582207 -0.34448819,
  50.64518 -40.60955 -0.34448819,50.647012 -40.640064 -0.34448819,
  50.843863 -41.230615 -0.34448819,50.850397 -41.240513 -0.34448819,
  50.855702 -41.251122 -0.34448819,50.858715 -41.253111 -0.34448819,
  50.860706 -41.256126 -0.34448819,50.871316 -41.261431 -0.34448819,
  50.881212 -41.267965 -0.34448819,50.884817 -41.268181 -0.34448819,
  50.888048 -41.269796 -0.34448819,50.899888 -41.269085 -0.34448819,
  50.911726 -41.269796 -0.34448819,50.914956 -41.268181 -0.34448819,
  50.918562 -41.267965 -0.34448819,50.928461 -41.261429 -0.34448819,
  50.939069 -41.256125 -0.34448819,50.941058 -41.253112 -0.34448819,
  50.944072 -41.251122 -0.34448819,50.949378 -41.240511 -0.34448819,
  50.955911 -41.230615 -0.34448819,51.152762 -40.640064 -0.34448819,
  57.153803 -40.572652 -0.34448819,57.151293 -40.582019 -0.34448819,
  57.152803 -40.587653 -0.34448819,57.152415 -40.593475 -0.34448819,
  57.156695 -40.602179 -0.34448819,57.159205 -40.611546 -0.34448819,
  57.16333 -40.615671 -0.34448819,57.165905 -40.620907 -0.34448819,
  57.286745 -40.75901 -0.34448819,57.240181 -40.782292 -0.34448819,
  57.233067 -40.7886 -0.34448819,57.224833 -40.793354 -0.34448819,
  57.196712 -40.821476 -0.34448819,57.191957 -40.82971 -0.34448819,
  57.18565 -40.836824 -0.34448819,57.157528 -40.893067 -0.34448819,
  57.154806 -40.906366 -0.34448819,57.151293 -40.919477 -0.34448819,
  57.151293 -41.060084 -0.34448819,57.154806 -41.073195 -0.34448819,
  57.157528 -41.086494 -0.34448819,57.18565 -41.142737 -0.34448819,
  57.191957 -41.149851 -0.34448819,57.196712 -41.158085 -0.34448819,
  57.224833 -41.186207 -0.34448819,57.233067 -41.190961 -0.34448819,
  57.240181 -41.197269 -0.34448819,57.296425 -41.225391 -0.34448819,
  57.309722 -41.228111 -0.34448819,57.322835 -41.231625 -0.34448819,
  57.491563 -41.231625 -0.34448819,57.504675 -41.228112 -0.34448819,
  57.517974 -41.225391 -0.34448819,57.574217 -41.197269 -0.34448819,
  57.58133 -41.190961 -0.34448819,57.589565 -41.186207 -0.34448819,
  57.617686 -41.158085 -0.34448819,57.632971 -41.131612 -0.34448819,
  57.632971 -41.101043 -0.34448819,57.617686 -41.074569 -0.34448819,
  57.591213 -41.059284 -0.34448819,57.560643 -41.059284 -0.34448819,
  57.53417 -41.074569 -0.34448819,57.512824 -41.095914 -0.34448819,
  57.477622 -41.113515 -0.34448819,57.336776 -41.113515 -0.34448819,
  57.301573 -41.095914 -0.34448819,57.287005 -41.081345 -0.34448819,
  57.269404 -41.046143 -0.34448819,57.269404 -40.933418 -0.34448819,
  57.287005 -40.898215 -0.34448819,57.301573 -40.883647 -0.34448819,
  57.336776 -40.866046 -0.34448819,57.407199 -40.866046 -0.34448819,
  57.412834 -40.864536 -0.34448819,57.418655 -40.864924 -0.34448819,
  57.427357 -40.860644 -0.34448819,57.436726 -40.858134 -0.34448819,
  57.440852 -40.854008 -0.34448819,57.446087 -40.851434 -0.34448819,
  57.451483 -40.843378 -0.34448819,57.458342 -40.836519 -0.34448819,
  57.459852 -40.830883 -0.34448819,57.463098 -40.826036 -0.34448819,
  57.463743 -40.81636 -0.34448819,57.466254 -40.806991 -0.34448819,
  57.464744 -40.801355 -0.34448819,57.465132 -40.795535 -0.34448819,
  57.460852 -40.786832 -0.34448819,57.458342 -40.777463 -0.34448819,
  57.454216 -40.773337 -0.34448819,57.451642 -40.768103 -0.34448819,
  57.340492 -40.641074 -0.34448819,57.575928 -40.641074 -0.34448819,
  57.605456 -40.633162 -0.34448819,57.627071 -40.611546 -0.34448819,
  57.634983 -40.582019 -0.34448819,57.627071 -40.552491 -0.34448819,
  57.605456 -40.530876 -0.34448819,57.575928 -40.522964 -0.34448819,
  57.210348 -40.522964 -0.34448819,57.204714 -40.524473 -0.34448819,
  57.198892 -40.524085 -0.34448819,57.190188 -40.528365 -0.34448819,
  57.180821 -40.530876 -0.34448819,57.176696 -40.535 -0.34448819,
  57.17146 -40.537575 -0.34448819,57.166062 -40.545634 -0.34448819,
  57.159205 -40.552491 -0.34448819,57.157695 -40.558126 -0.34448819,
  57.154448 -40.562974 -0.34448819,58.222419 -40.572652 -0.34448819,
  58.219909 -40.582019 -0.34448819,58.221419 -40.587653 -0.34448819,
  58.221031 -40.593475 -0.34448819,58.225311 -40.602179 -0.34448819,
  58.227821 -40.611546 -0.34448819,58.231946 -40.615671 -0.34448819,
  58.234521 -40.620907 -0.34448819,58.355361 -40.75901 -0.34448819,
  58.308798 -40.782292 -0.34448819,58.301683 -40.7886 -0.34448819,
  58.29345 -40.793354 -0.34448819,58.265328 -40.821476 -0.34448819,
  58.260574 -40.82971 -0.34448819,58.254266 -40.836824 -0.34448819,
  58.226144 -40.893067 -0.34448819,58.223422 -40.906366 -0.34448819,
  58.219909 -40.919477 -0.34448819,58.219909 -41.060084 -0.34448819,
  58.223422 -41.073195 -0.34448819,58.226144 -41.086494 -0.34448819,
  58.254266 -41.142737 -0.34448819,58.260574 -41.149851 -0.34448819,
  58.265328 -41.158085 -0.34448819,58.29345 -41.186207 -0.34448819,
  58.301683 -41.190961 -0.34448819,58.308798 -41.197269 -0.34448819,
  58.365041 -41.225391 -0.34448819,58.378338 -41.228111 -0.34448819,
  58.391451 -41.231625 -0.34448819,58.56018 -41.231625 -0.34448819,
  58.573291 -41.228112 -0.34448819,58.58659 -41.225391 -0.34448819,
  58.642833 -41.197269 -0.34448819,58.649946 -41.190961 -0.34448819,
  58.658181 -41.186207 -0.34448819,58.686302 -41.158085 -0.34448819,
  58.701587 -41.131612 -0.34448819,58.701587 -41.101043 -0.34448819,
  58.686302 -41.074569 -0.34448819,58.659829 -41.059284 -0.34448819,
  58.629259 -41.059284 -0.34448819,58.602786 -41.074569 -0.34448819,
  58.58144 -41.095914 -0.34448819,58.546239 -41.113515 -0.34448819,
  58.405392 -41.113515 -0.34448819,58.370189 -41.095914 -0.34448819,
  58.355621 -41.081345 -0.34448819,58.33802 -41.046143 -0.34448819,
  58.33802 -40.933418 -0.34448819,58.355621 -40.898215 -0.34448819,
  58.370189 -40.883647 -0.34448819,58.405392 -40.866046 -0.34448819,
  58.475815 -40.866046 -0.34448819,58.48145 -40.864536 -0.34448819,
  58.487271 -40.864924 -0.34448819,58.495973 -40.860644 -0.34448819,
  58.505343 -40.858134 -0.34448819,58.509469 -40.854008 -0.34448819,
  58.514703 -40.851434 -0.34448819,58.520099 -40.843378 -0.34448819,
  58.526958 -40.836519 -0.34448819,58.528468 -40.830883 -0.34448819,
  58.531715 -40.826036 -0.34448819,58.532359 -40.81636 -0.34448819,
  58.53487 -40.806991 -0.34448819,58.53336 -40.801355 -0.34448819,
  58.533748 -40.795535 -0.34448819,58.529469 -40.786832 -0.34448819,
  58.526958 -40.777463 -0.34448819,58.522832 -40.773337 -0.34448819,
  58.520258 -40.768103 -0.34448819,58.409108 -40.641074 -0.34448819,
  58.644544 -40.641074 -0.34448819,58.674072 -40.633162 -0.34448819,
  58.695687 -40.611546 -0.34448819,58.703599 -40.582019 -0.34448819,
  58.695687 -40.552491 -0.34448819,58.674072 -40.530876 -0.34448819,
  58.644544 -40.522964 -0.34448819,58.278965 -40.522964 -0.34448819,
  58.27333 -40.524473 -0.34448819,58.267508 -40.524085 -0.34448819,
  58.258804 -40.528365 -0.34448819,58.249437 -40.530876 -0.34448819,
  58.245312 -40.535 -0.34448819,58.240076 -40.537575 -0.34448819,
  58.234678 -40.545634 -0.34448819,58.227821 -40.552491 -0.34448819,
  58.226311 -40.558126 -0.34448819,58.223065 -40.562974 -0.34448819,
  58.168092 -40.57018 -0.34448819,58.154421 -40.542837 -0.34448819,
  58.128911 -40.525994 -0.34448819,58.098396 -40.524163 -0.34448819,
  58.071054 -40.537833 -0.34448819,58.054211 -40.563344 -0.34448819,
  57.913385 -40.985821 -0.34448819,57.772559 -40.563344 -0.34448819,
  57.755717 -40.537834 -0.34448819,57.728374 -40.524163 -0.34448819,
  57.69786 -40.525994 -0.34448819,57.67235 -40.542837 -0.34448819,
  57.658679 -40.57018 -0.34448819,57.660511 -40.600694 -0.34448819,
  57.857361 -41.191245 -0.34448819,57.863896 -41.201143 -0.34448819,
  57.8692 -41.211752 -0.34448819,57.872213 -41.213741 -0.34448819,
  57.874204 -41.216756 -0.34448819,57.884815 -41.222061 -0.34448819,
  57.894711 -41.228594 -0.34448819,57.898315 -41.228811 -0.34448819,
  57.901546 -41.230426 -0.34448819,57.913387 -41.229715 -0.34448819,
  57.925225 -41.230426 -0.34448819,57.928455 -41.228811 -0.34448819,
  57.93206 -41.228595 -0.34448819,57.941959 -41.222059 -0.34448819,
  57.952567 -41.216755 -0.34448819,57.954556 -41.213742 -0.34448819,
  57.957571 -41.211752 -0.34448819,57.962876 -41.201141 -0.34448819,
  57.96941 -41.191245 -0.34448819,58.166261 -40.600694 -0.34448819,
  57.784026 -39.977287 -0.34448819,57.801627 -39.942085 -0.34448819,
  57.816196 -39.927517 -0.34448819,57.851398 -39.909915 -0.34448819,
  57.936002 -39.909915 -0.34448819,57.971205 -39.927517 -0.34448819,
  57.985773 -39.942085 -0.34448819,58.003374 -39.977287 -0.34448819,
  58.003374 -40.061891 -0.34448819,57.985773 -40.097093 -0.34448819,
  57.971204 -40.111662 -0.34448819,57.936002 -40.129263 -0.34448819,
  57.851398 -40.129263 -0.34448819,57.816196 -40.111662 -0.34448819,
  57.801628 -40.097093 -0.34448819,57.784026 -40.061891 -0.34448819,
  58.032596 -40.213017 -0.34448819,58.03971 -40.206709 -0.34448819,
  58.047944 -40.201955 -0.34448819,58.076066 -40.173833 -0.34448819,
  58.08082 -40.165599 -0.34448819,58.087128 -40.158485 -0.34448819,
  58.11525 -40.102242 -0.34448819,58.11797 -40.088944 -0.34448819,
  58.121484 -40.075832 -0.34448819,58.121484 -39.963346 -0.34448819,
  58.117972 -39.950237 -0.34448819,58.11525 -39.936937 -0.34448819,
  58.087128 -39.880693 -0.34448819,58.08082 -39.87358 -0.34448819,
  58.076066 -39.865344 -0.34448819,58.061581 -39.85086 -0.34448819,
  58.076066 -39.836376 -0.34448819,58.08082 -39.828141 -0.34448819,
  58.087128 -39.821028 -0.34448819,58.11525 -39.764784 -0.34448819,
  58.11797 -39.751487 -0.34448819,58.121484 -39.738374 -0.34448819,
  58.121484 -39.710253 -0.34448819,58.11797 -39.69714 -0.34448819,
  58.11525 -39.683843 -0.34448819,58.087128 -39.6276 -0.34448819,
  58.08082 -39.620485 -0.34448819,58.076066 -39.612251 -0.34448819,
  58.047944 -39.58413 -0.34448819,58.03971 -39.579376 -0.34448819,
  58.032596 -39.573068 -0.34448819,57.976354 -39.544946 -0.34448819,
  57.963054 -39.542225 -0.34448819,57.949943 -39.538712 -0.34448819,
  57.837457 -39.538712 -0.34448819,57.824347 -39.542224 -0.34448819,
  57.811047 -39.544946 -0.34448819,57.754804 -39.573068 -0.34448819,
  57.747691 -39.579376 -0.34448819,57.739457 -39.58413 -0.34448819,
  57.711335 -39.612251 -0.34448819,57.70658 -39.620486 -0.34448819,
  57.700272 -39.6276 -0.34448819,57.672151 -39.683843 -0.34448819,
  57.669429 -39.697142 -0.34448819,57.665916 -39.710253 -0.34448819,
  57.665916 -39.724433 -0.34448819,57.665916 -39.738374 -0.34448819,
  57.669429 -39.751485 -0.34448819,57.672151 -39.764785 -0.34448819,
  57.700272 -39.821028 -0.34448819,57.70658 -39.828141 -0.34448819,
  57.711335 -39.836376 -0.34448819,57.725819 -39.85086 -0.34448819,
  57.711335 -39.865344 -0.34448819,57.706581 -39.873579 -0.34448819,
  57.700272 -39.880693 -0.34448819,57.672151 -39.936936 -0.34448819,
  57.669429 -39.950235 -0.34448819,57.665916 -39.963346 -0.34448819,
  57.665916 -40.061891 -0.34448819,57.665916 -40.075832 -0.34448819,
  57.669429 -40.088943 -0.34448819,57.672151 -40.102243 -0.34448819,
  57.700272 -40.158485 -0.34448819,57.70658 -40.165599 -0.34448819,
  57.711335 -40.173833 -0.34448819,57.739456 -40.201955 -0.34448819,
  57.74769 -40.206709 -0.34448819,57.754804 -40.213017 -0.34448819,
  57.811048 -40.241139 -0.34448819,57.824345 -40.243859 -0.34448819,
  57.837457 -40.247373 -0.34448819,57.949943 -40.247373 -0.34448819,
  57.963055 -40.24386 -0.34448819,57.976354 -40.241139 -0.34448819,
  58.003374 -39.724193 -0.34448819,58.003374 -39.724433 -0.34448819,
  57.985773 -39.759635 -0.34448819,57.971204 -39.774204 -0.34448819,
  57.936002 -39.791805 -0.34448819,57.851398 -39.791805 -0.34448819,
  57.816196 -39.774204 -0.34448819,57.801628 -39.759635 -0.34448819,
  57.784026 -39.724433 -0.34448819,57.784026 -39.724194 -0.34448819,
  57.801628 -39.688991 -0.34448819,57.816196 -39.674423 -0.34448819,
  57.851398 -39.656822 -0.34448819,57.936002 -39.656822 -0.34448819,
  57.971205 -39.674423 -0.34448819,57.985773 -39.688992 -0.34448819,
  58.624859 -40.247373 -0.34448819,58.654387 -40.239461 -0.34448819,
  58.676002 -40.217846 -0.34448819,58.683914 -40.188318 -0.34448819,
  58.683914 -39.597767 -0.34448819,58.676002 -39.568239 -0.34448819,
  58.654387 -39.546624 -0.34448819,58.624859 -39.538712 -0.34448819,
  58.484252 -39.538712 -0.34448819,58.475067 -39.541172 -0.34448819,
  58.465576 -39.541743 -0.34448819,58.381212 -39.569864 -0.34448819,
  58.369884 -39.577343 -0.34448819,58.358129 -39.58413 -0.34448819,
  58.301886 -39.640373 -0.34448819,58.297131 -39.648607 -0.34448819,
  58.290824 -39.655721 -0.34448819,58.262702 -39.711964 -0.34448819,
  58.261394 -39.718352 -0.34448819,58.258231 -39.724052 -0.34448819,
  58.230109 -39.836537 -0.34448819,58.230232 -39.843822 -0.34448819,
  58.228346 -39.85086 -0.34448819,58.228346 -39.927956 -0.34448819,
  58.228346 -39.935225 -0.34448819,58.230232 -39.942263 -0.34448819,
  58.230109 -39.949548 -0.34448819,58.258231 -40.062033 -0.34448819,
  58.261394 -40.067733 -0.34448819,58.262702 -40.074121 -0.34448819,
  58.290824 -40.130364 -0.34448819,58.297131 -40.137478 -0.34448819,
  58.301886 -40.145712 -0.34448819,58.358129 -40.201955 -0.34448819,
  58.369884 -40.208742 -0.34448819,58.381212 -40.216222 -0.34448819,
  58.465577 -40.244343 -0.34448819,58.475068 -40.244913 -0.34448819,
  58.484252 -40.247373 -0.34448819,58.565804 -39.656822 -0.34448819,
  58.565804 -40.129263 -0.34448819,58.493835 -40.129263 -0.34448819,
  58.431787 -40.10858 -0.34448819,58.392179 -40.068972 -0.34448819,
  58.371241 -40.027098 -0.34448819,58.346456 -39.927956 -0.34448819,
  58.346456 -39.858129 -0.34448819,58.371241 -39.758987 -0.34448819,
  58.392179 -39.717113 -0.34448819,58.431787 -39.677504 -0.34448819,
  58.493835 -39.656822 -0.34448819,51.150519 -39.037401 -0.34448819,
  51.14995 -39.027911 -0.34448819,51.009342 -38.606089 -0.34448819,
  50.992499 -38.580578 -0.34448819,50.965157 -38.566907 -0.34448819,
  50.934643 -38.568739 -0.34448819,50.909132 -38.585582 -0.34448819,
  50.895461 -38.612924 -0.34448819,50.897293 -38.643439 -0.34448819,
  51.011991 -38.987531 -0.34448819,50.871766 -38.987531 -0.34448819,
  50.871766 -38.849735 -0.34448819,50.863854 -38.820208 -0.34448819,
  50.842238 -38.798592 -0.34448819,50.812711 -38.79068 -0.34448819,
  50.783183 -38.798592 -0.34448819,50.761567 -38.820208 -0.34448819,
  50.753656 -38.849735 -0.34448819,50.753656 -38.987531 -0.34448819,
  50.728346 -38.987531 -0.34448819,50.698819 -38.995443 -0.34448819,
  50.677203 -39.017058 -0.34448819,50.669291 -39.046586 -0.34448819,
  50.677203 -39.076113 -0.34448819,50.698819 -39.097729 -0.34448819,
  50.728346 -39.105641 -0.34448819,50.753656 -39.105641 -0.34448819,
  50.753656 -39.243436 -0.34448819,50.761567 -39.272964 -0.34448819,
  50.783183 -39.29458 -0.34448819,50.812711 -39.302491 -0.34448819,
  50.842238 -39.29458 -0.34448819,50.863854 -39.272964 -0.34448819,
  50.871766 -39.243436 -0.34448819,50.871766 -39.105641 -0.34448819,
  51.093925 -39.105641 -0.34448819,51.10311 -39.10318 -0.34448819,
  51.1126 -39.10261 -0.34448819,51.11763 -39.099289 -0.34448819,
  51.123453 -39.097729 -0.34448819,51.130177 -39.091005 -0.34448819,
  51.13811 -39.085767 -0.34448819,51.140806 -39.080376 -0.34448819,
  51.145069 -39.076113 -0.34448819,51.147529 -39.066929 -0.34448819,
  51.151781 -39.058425 -0.34448819,51.15142 -39.052408 -0.34448819,
  51.15298 -39.046586 -0.34448819,51.656355 -39.302491 -0.34448819,
  51.685883 -39.29458 -0.34448819,51.707498 -39.272964 -0.34448819,
  51.71541 -39.243436 -0.34448819,51.71541 -38.652885 -0.34448819,
  51.707498 -38.623357 -0.34448819,51.685883 -38.601742 -0.34448819,
  51.656355 -38.59383 -0.34448819,51.515748 -38.59383 -0.34448819,
  51.506563 -38.596291 -0.34448819,51.497072 -38.596861 -0.34448819,
  51.412708 -38.624982 -0.34448819,51.40138 -38.632461 -0.34448819,
  51.389625 -38.639248 -0.34448819,51.333382 -38.695491 -0.34448819,
  51.328628 -38.703726 -0.34448819,51.32232 -38.710839 -0.34448819,
  51.294198 -38.767082 -0.34448819,51.292891 -38.77347 -0.34448819,
  51.289727 -38.77917 -0.34448819,51.261606 -38.891656 -0.34448819,
  51.261728 -38.89894 -0.34448819,51.259842 -38.905978 -0.34448819,
  51.259842 -38.983074 -0.34448819,51.259842 -38.990343 -0.34448819,
  51.261728 -38.997381 -0.34448819,51.261606 -39.004666 -0.34448819,
  51.289727 -39.117152 -0.34448819,51.292891 -39.122851 -0.34448819,
  51.294198 -39.129239 -0.34448819,51.32232 -39.185482 -0.34448819,
  51.328628 -39.192596 -0.34448819,51.333382 -39.20083 -0.34448819,
  51.389625 -39.257073 -0.34448819,51.40138 -39.26386 -0.34448819,
  51.412708 -39.27134 -0.34448819,51.497073 -39.299461 -0.34448819,
  51.506564 -39.300031 -0.34448819,51.515748 -39.302491 -0.34448819,
  51.5973 -38.71194 -0.34448819,51.5973 -39.184381 -0.34448819,
  51.525331 -39.184381 -0.34448819,51.463283 -39.163698 -0.34448819,
  51.423675 -39.12409 -0.34448819,51.402737 -39.082216 -0.34448819,
  51.377952 -38.983074 -0.34448819,51.377952 -38.913247 -0.34448819,
  51.402737 -38.814105 -0.34448819,51.423675 -38.772231 -0.34448819,
  51.463283 -38.732622 -0.34448819,51.525331 -38.71194 -0.34448819,
  58.624859 -39.223751 -0.34448819,58.654387 -39.215839 -0.34448819,
  58.676002 -39.194224 -0.34448819,58.683914 -39.164696 -0.34448819,
  58.683914 -38.574145 -0.34448819,58.676002 -38.544617 -0.34448819,
  58.654387 -38.523002 -0.34448819,58.624859 -38.51509 -0.34448819,
  58.484252 -38.51509 -0.34448819,58.475067 -38.51755 -0.34448819,
  58.465576 -38.51812 -0.34448819,58.381212 -38.546242 -0.34448819,
  58.369884 -38.553721 -0.34448819,58.358129 -38.560508 -0.34448819,
  58.301886 -38.616751 -0.34448819,58.297131 -38.624985 -0.34448819,
  58.290824 -38.632099 -0.34448819,58.262702 -38.688342 -0.34448819,
  58.261394 -38.69473 -0.34448819,58.258231 -38.70043 -0.34448819,
  58.230109 -38.812915 -0.34448819,58.230232 -38.8202 -0.34448819,
  58.228346 -38.827238 -0.34448819,58.228346 -38.904333 -0.34448819,
  58.228346 -38.911603 -0.34448819,58.230232 -38.918641 -0.34448819,
  58.230109 -38.925926 -0.34448819,58.258231 -39.038411 -0.34448819,
  58.261394 -39.044111 -0.34448819,58.262702 -39.050499 -0.34448819,
  58.290824 -39.106742 -0.34448819,58.297131 -39.113856 -0.34448819,
  58.301886 -39.12209 -0.34448819,58.358129 -39.178333 -0.34448819,
  58.369884 -39.18512 -0.34448819,58.381212 -39.1926 -0.34448819,
  58.465577 -39.220721 -0.34448819,58.475068 -39.221291 -0.34448819,
  58.484252 -39.223751 -0.34448819,58.565804 -38.6332 -0.34448819,
  58.565804 -39.105641 -0.34448819,58.493835 -39.105641 -0.34448819,
  58.431787 -39.084958 -0.34448819,58.392179 -39.04535 -0.34448819,
  58.371241 -39.003476 -0.34448819,58.346456 -38.904333 -0.34448819,
  58.346456 -38.834507 -0.34448819,58.371241 -38.735365 -0.34448819,
  58.392179 -38.693491 -0.34448819,58.431787 -38.653882 -0.34448819,
  58.493835 -38.6332 -0.34448819,58.542782 -34.194224 -0.34448819,
  58.564398 -34.215839 -0.34448819,58.593926 -34.223751 -0.34448819,
  58.623453 -34.215839 -0.34448819,58.645069 -34.194224 -0.34448819,
  58.652981 -34.164696 -0.34448819,58.652981 -33.574145 -0.34448819,
  58.645069 -33.544617 -0.34448819,58.623453 -33.523002 -0.34448819,
  58.593926 -33.51509 -0.34448819,58.368954 -33.51509 -0.34448819,
  58.355843 -33.518602 -0.34448819,58.342543 -33.521324 -0.34448819,
  58.2863 -33.549446 -0.34448819,58.279187 -33.555754 -0.34448819,
  58.270953 -33.560508 -0.34448819,58.242831 -33.588629 -0.34448819,
  58.238077 -33.596863 -0.34448819,58.231769 -33.603978 -0.34448819,
  58.203647 -33.66022 -0.34448819,58.200926 -33.673519 -0.34448819,
  58.197413 -33.686631 -0.34448819,58.197413 -33.757054 -0.34448819,
  58.197413 -33.770995 -0.34448819,58.200926 -33.784107 -0.34448819,
  58.203647 -33.797406 -0.34448819,58.231769 -33.853648 -0.34448819,
  58.238077 -33.860762 -0.34448819,58.242831 -33.868996 -0.34448819,
  58.270952 -33.897118 -0.34448819,58.279186 -33.901872 -0.34448819,
  58.2863 -33.90818 -0.34448819,58.342544 -33.936302 -0.34448819,
  58.344043 -33.936608 -0.34448819,58.208088 -34.13083 -0.34448819,
  58.197637 -34.159557 -0.34448819,58.202949 -34.189661 -0.34448819,
  58.222602 -34.213076 -0.34448819,58.251329 -34.223527 -0.34448819,
  58.281433 -34.218215 -0.34448819,58.304848 -34.198562 -0.34448819,
  58.484065 -33.942536 -0.34448819,58.53487 -33.942536 -0.34448819,
  58.53487 -34.164696 -0.34448819,58.53487 -33.6332 -0.34448819,
  58.53487 -33.824426 -0.34448819,58.382894 -33.824426 -0.34448819,
  58.347692 -33.806825 -0.34448819,58.333123 -33.792256 -0.34448819,
  58.315523 -33.757054 -0.34448819,58.315523 -33.700571 -0.34448819,
  58.333123 -33.66537 -0.34448819,58.347692 -33.650801 -0.34448819,
  58.382894 -33.6332 -0.34448819,57.69685 -38.51509 -0.34448819,
  57.685361 -38.518168 -0.34448819,57.673587 -38.519865 -0.34448819,
  57.670776 -38.522076 -0.34448819,57.667322 -38.523002 -0.34448819,
  57.658912 -38.531411 -0.34448819,57.649563 -38.538768 -0.34448819,
  57.648235 -38.542089 -0.34448819,57.645707 -38.544617 -0.34448819,
  57.642628 -38.556106 -0.34448819,57.63821 -38.567151 -0.34448819,
  57.63872 -38.570691 -0.34448819,57.637795 -38.574145 -0.34448819,
  57.640873 -38.585633 -0.34448819,57.64257 -38.597408 -0.34448819,
  57.895663 -39.187959 -0.34448819,57.914567 -39.211982 -0.34448819,
  57.94295 -39.223335 -0.34448819,57.973206 -39.218976 -0.34448819,
  57.99723 -39.200072 -0.34448819,58.008583 -39.17169 -0.34448819,
  58.004224 -39.141433 -0.34448819,57.786409 -38.6332 -0.34448819,
  58.090551 -38.6332 -0.34448819,58.120078 -38.625288 -0.34448819,
  58.141694 -38.603672 -0.34448819,58.149606 -38.574145 -0.34448819,
  58.141694 -38.544617 -0.34448819,58.120078 -38.523002 -0.34448819,
  58.090551 -38.51509 -0.34448819,58.004475 -36.236639 -0.34448819,
  58.011589 -36.230331 -0.34448819,58.019824 -36.225577 -0.34448819,
  58.047945 -36.197455 -0.34448819,58.052698 -36.189221 -0.34448819,
  58.059007 -36.182107 -0.34448819,58.087128 -36.125865 -0.34448819,
  58.088435 -36.119476 -0.34448819,58.0916 -36.113777 -0.34448819,
  58.119721 -36.001291 -0.34448819,58.119598 -35.994007 -0.34448819,
  58.121484 -35.986969 -0.34448819,58.121484 -35.846361 -0.34448819,
  58.119598 -35.839322 -0.34448819,58.119721 -35.832038 -0.34448819,
  58.0916 -35.719552 -0.34448819,58.088435 -35.713852 -0.34448819,
  58.087128 -35.707464 -0.34448819,58.059007 -35.651222 -0.34448819,
  58.052698 -35.644108 -0.34448819,58.047944 -35.635874 -0.34448819,
  58.019823 -35.607752 -0.34448819,58.011589 -35.602998 -0.34448819,
  58.004475 -35.59669 -0.34448819,57.948232 -35.568569 -0.34448819,
  57.934932 -35.565847 -0.34448819,57.921822 -35.562334 -0.34448819,
  57.865579 -35.562334 -0.34448819,57.852468 -35.565846 -0.34448819,
  57.839168 -35.568569 -0.34448819,57.782926 -35.59669 -0.34448819,
  57.775812 -35.602998 -0.34448819,57.767578 -35.607752 -0.34448819,
  57.739456 -35.635874 -0.34448819,57.734702 -35.644108 -0.34448819,
  57.728394 -35.651222 -0.34448819,57.700272 -35.707465 -0.34448819,
  57.698965 -35.713852 -0.34448819,57.695801 -35.719552 -0.34448819,
  57.66768 -35.832038 -0.34448819,57.667802 -35.839323 -0.34448819,
  57.665916 -35.846361 -0.34448819,57.665916 -35.979698 -0.34448819,
  57.665916 -35.986969 -0.34448819,57.667802 -35.994006 -0.34448819,
  57.66768 -36.001292 -0.34448819,57.695801 -36.113777 -0.34448819,
  57.698965 -36.119477 -0.34448819,57.700272 -36.125865 -0.34448819,
  57.728394 -36.182107 -0.34448819,57.734702 -36.189221 -0.34448819,
  57.739456 -36.197455 -0.34448819,57.767577 -36.225577 -0.34448819,
  57.775811 -36.230331 -0.34448819,57.782926 -36.236639 -0.34448819,
  57.839169 -36.264761 -0.34448819,57.852466 -36.267481 -0.34448819,
  57.865579 -36.270995 -0.34448819,57.921822 -36.270995 -0.34448819,
  57.934934 -36.267481 -0.34448819,57.948231 -36.264761 -0.34448819,
  58.003374 -35.85363 -0.34448819,58.003374 -35.979699 -0.34448819,
  57.978588 -36.078841 -0.34448819,57.957651 -36.120715 -0.34448819,
  57.943083 -36.135284 -0.34448819,57.907881 -36.152885 -0.34448819,
  57.87952 -36.152885 -0.34448819,57.844318 -36.135284 -0.34448819,
  57.829749 -36.120716 -0.34448819,57.808812 -36.078842 -0.34448819,
  57.784026 -35.979698 -0.34448819,57.784026 -35.85363 -0.34448819,
  57.808812 -35.754487 -0.34448819,57.829749 -35.712613 -0.34448819,
  57.844318 -35.698045 -0.34448819,57.87952 -35.680444 -0.34448819,
  57.907881 -35.680444 -0.34448819,57.943083 -35.698045 -0.34448819,
  57.957652 -35.712614 -0.34448819,57.978588 -35.754487 -0.34448819,
  58.046657 -35.213017 -0.34448819,58.053771 -35.206709 -0.34448819,
  58.062006 -35.201955 -0.34448819,58.090127 -35.173833 -0.34448819,
  58.094881 -35.165599 -0.34448819,58.101189 -35.158485 -0.34448819,
  58.129311 -35.102243 -0.34448819,58.130618 -35.095854 -0.34448819,
  58.133782 -35.090155 -0.34448819,58.161903 -34.977669 -0.34448819,
  58.16178 -34.970385 -0.34448819,58.163667 -34.963346 -0.34448819,
  58.163667 -34.822739 -0.34448819,58.16178 -34.8157 -0.34448819,
  58.161903 -34.808416 -0.34448819,58.133782 -34.69593 -0.34448819,
  58.130618 -34.69023 -0.34448819,58.129311 -34.683842 -0.34448819,
  58.101189 -34.6276 -0.34448819,58.094881 -34.620486 -0.34448819,
  58.090127 -34.612252 -0.34448819,58.062006 -34.58413 -0.34448819,
  58.053771 -34.579376 -0.34448819,58.046657 -34.573068 -0.34448819,
  57.990414 -34.544946 -0.34448819,57.977115 -34.542225 -0.34448819,
  57.964004 -34.538712 -0.34448819,57.907761 -34.538712 -0.34448819,
  57.89465 -34.542224 -0.34448819,57.88135 -34.544946 -0.34448819,
  57.825108 -34.573068 -0.34448819,57.817994 -34.579376 -0.34448819,
  57.80976 -34.58413 -0.34448819,57.781639 -34.612252 -0.34448819,
  57.776884 -34.620486 -0.34448819,57.770576 -34.6276 -0.34448819,
  57.742455 -34.683843 -0.34448819,57.741147 -34.69023 -0.34448819,
  57.737983 -34.69593 -0.34448819,57.709862 -34.808416 -0.34448819,
  57.709984 -34.815701 -0.34448819,57.708098 -34.822739 -0.34448819,
  57.708098 -34.956076 -0.34448819,57.708098 -34.963346 -0.34448819,
  57.709984 -34.970384 -0.34448819,57.709862 -34.97767 -0.34448819,
  57.737983 -35.090155 -0.34448819,57.741147 -35.095855 -0.34448819,
  57.742455 -35.102243 -0.34448819,57.770576 -35.158485 -0.34448819,
  57.776884 -35.165599 -0.34448819,57.781638 -35.173833 -0.34448819,
  57.809759 -35.201955 -0.34448819,57.817994 -35.206709 -0.34448819,
  57.825108 -35.213017 -0.34448819,57.881351 -35.241139 -0.34448819,
  57.894648 -35.243859 -0.34448819,57.907761 -35.247373 -0.34448819,
  57.964004 -35.247373 -0.34448819,57.977116 -35.243859 -0.34448819,
  57.990414 -35.241139 -0.34448819,58.045556 -34.830008 -0.34448819,
  58.045556 -34.956077 -0.34448819,58.02077 -35.055219 -0.34448819,
  57.999833 -35.097093 -0.34448819,57.985265 -35.111662 -0.34448819,
  57.950063 -35.129263 -0.34448819,57.921702 -35.129263 -0.34448819,
  57.8865 -35.111662 -0.34448819,57.871931 -35.097094 -0.34448819,
  57.850994 -35.05522 -0.34448819,57.826209 -34.956076 -0.34448819,
  57.826209 -34.830008 -0.34448819,57.850994 -34.730865 -0.34448819,
  57.871931 -34.688991 -0.34448819,57.8865 -34.674423 -0.34448819,
  57.921702 -34.656822 -0.34448819,57.950063 -34.656822 -0.34448819,
  57.985265 -34.674423 -0.34448819,57.999834 -34.688992 -0.34448819,
  58.02077 -34.730865 -0.34448819,50.699922 -37.619896 -0.34448819,
  50.697412 -37.629263 -0.34448819,50.698922 -37.634897 -0.34448819,
  50.698534 -37.640719 -0.34448819,50.702814 -37.649423 -0.34448819,
  50.705324 -37.658791 -0.34448819,50.709449 -37.662915 -0.34448819,
  50.712024 -37.668151 -0.34448819,50.832864 -37.806254 -0.34448819,
  50.7863 -37.829536 -0.34448819,50.779186 -37.835844 -0.34448819,
  50.770952 -37.840598 -0.34448819,50.742831 -37.86872 -0.34448819,
  50.738076 -37.876954 -0.34448819,50.731769 -37.884068 -0.34448819,
  50.703647 -37.940311 -0.34448819,50.700925 -37.95361 -0.34448819,
  50.697412 -37.966721 -0.34448819,50.697412 -38.107328 -0.34448819,
  50.700925 -38.120439 -0.34448819,50.703647 -38.133739 -0.34448819,
  50.731769 -38.189981 -0.34448819,50.738076 -38.197095 -0.34448819,
  50.742831 -38.20533 -0.34448819,50.770952 -38.233451 -0.34448819,
  50.779186 -38.238205 -0.34448819,50.7863 -38.244513 -0.34448819,
  50.842544 -38.272635 -0.34448819,50.855841 -38.275356 -0.34448819,
  50.868954 -38.278869 -0.34448819,51.037682 -38.278869 -0.34448819,
  51.050794 -38.275356 -0.34448819,51.064093 -38.272635 -0.34448819,
  51.120335 -38.244513 -0.34448819,51.127449 -38.238205 -0.34448819,
  51.135683 -38.233451 -0.34448819,51.163805 -38.20533 -0.34448819,
  51.17909 -38.178856 -0.34448819,51.17909 -38.148287 -0.34448819,
  51.163805 -38.121813 -0.34448819,51.137331 -38.106528 -0.34448819,
  51.106762 -38.106528 -0.34448819,51.080289 -38.121813 -0.34448819,
  51.058943 -38.143158 -0.34448819,51.023741 -38.160759 -0.34448819,
  50.882894 -38.160759 -0.34448819,50.847692 -38.143158 -0.34448819,
  50.833124 -38.128589 -0.34448819,50.815522 -38.093387 -0.34448819,
  50.815522 -37.980662 -0.34448819,50.833124 -37.945459 -0.34448819,
  50.847692 -37.930891 -0.34448819,50.882894 -37.91329 -0.34448819,
  50.953318 -37.91329 -0.34448819,50.958953 -37.91178 -0.34448819,
  50.964774 -37.912168 -0.34448819,50.973476 -37.907889 -0.34448819,
  50.982845 -37.905378 -0.34448819,50.986971 -37.901252 -0.34448819,
  50.992206 -37.898678 -0.34448819,50.997602 -37.890622 -0.34448819,
  51.004461 -37.883763 -0.34448819,51.005971 -37.878127 -0.34448819,
  51.009217 -37.87328 -0.34448819,51.009862 -37.863604 -0.34448819,
  51.012373 -37.854235 -0.34448819,51.010863 -37.848599 -0.34448819,
  51.011251 -37.842779 -0.34448819,51.006971 -37.834076 -0.34448819,
  51.004461 -37.824707 -0.34448819,51.000335 -37.820581 -0.34448819,
  50.997761 -37.815347 -0.34448819,50.886611 -37.688318 -0.34448819,
  51.122047 -37.688318 -0.34448819,51.151574 -37.680406 -0.34448819,
  51.17319 -37.658791 -0.34448819,51.181102 -37.629263 -0.34448819,
  51.17319 -37.599735 -0.34448819,51.151574 -37.57812 -0.34448819,
  51.122047 -37.570208 -0.34448819,50.756467 -37.570208 -0.34448819,
  50.750833 -37.571717 -0.34448819,50.745011 -37.57133 -0.34448819,
  50.736307 -37.575609 -0.34448819,50.72694 -37.57812 -0.34448819,
  50.722815 -37.582244 -0.34448819,50.717579 -37.584819 -0.34448819,
  50.712181 -37.592878 -0.34448819,50.705324 -37.599735 -0.34448819,
  50.703814 -37.60537 -0.34448819,50.700567 -37.610218 -0.34448819,
  51.196212 -39.763422 -0.34448819,51.193048 -39.757722 -0.34448819,
  51.191741 -39.751334 -0.34448819,51.163619 -39.695091 -0.34448819,
  51.157311 -39.687978 -0.34448819,51.152557 -39.679743 -0.34448819,
  51.096314 -39.6235 -0.34448819,51.084559 -39.616714 -0.34448819,
  51.07323 -39.609234 -0.34448819,50.988866 -39.581113 -0.34448819,
  50.979375 -39.580543 -0.34448819,50.970191 -39.578082 -0.34448819,
  50.885827 -39.578082 -0.34448819,50.872716 -39.581595 -0.34448819,
  50.859417 -39.584317 -0.34448819,50.803173 -39.612438 -0.34448819,
  50.780301 -39.63272 -0.34448819,50.770634 -39.66172 -0.34448819,
  50.776763 -39.691669 -0.34448819,50.797044 -39.714541 -0.34448819,
  50.826045 -39.724208 -0.34448819,50.855994 -39.718079 -0.34448819,
  50.899768 -39.696192 -0.34448819,50.960608 -39.696192 -0.34448819,
  51.022655 -39.716874 -0.34448819,51.062264 -39.756483 -0.34448819,
  51.0832 -39.798357 -0.34448819,51.107986 -39.897499 -0.34448819,
  51.107986 -39.967326 -0.34448819,51.0832 -40.066468 -0.34448819,
  51.062264 -40.108342 -0.34448819,51.022655 -40.14795 -0.34448819,
  50.960607 -40.168633 -0.34448819,50.923532 -40.168633 -0.34448819,
  50.861483 -40.14795 -0.34448819,50.860517 -40.146984 -0.34448819,
  50.860517 -40.03365 -0.34448819,50.913948 -40.03365 -0.34448819,
  50.943476 -40.025738 -0.34448819,50.965091 -40.004122 -0.34448819,
  50.973003 -39.974595 -0.34448819,50.965091 -39.945067 -0.34448819,
  50.943476 -39.923452 -0.34448819,50.913948 -39.91554 -0.34448819,
  50.801462 -39.91554 -0.34448819,50.771935 -39.923452 -0.34448819,
  50.750319 -39.945067 -0.34448819,50.742407 -39.974595 -0.34448819,
  50.742407 -40.171445 -0.34448819,50.744419 -40.178955 -0.34448819,
  50.744419 -40.18673 -0.34448819,50.748306 -40.193462 -0.34448819,
  50.750319 -40.200973 -0.34448819,50.755816 -40.20647 -0.34448819,
  50.759704 -40.213203 -0.34448819,50.787825 -40.241325 -0.34448819,
  50.79958 -40.248111 -0.34448819,50.810909 -40.255592 -0.34448819,
  50.895273 -40.283713 -0.34448819,50.904765 -40.284283 -0.34448819,
  50.913948 -40.286743 -0.34448819,50.970191 -40.286743 -0.34448819,
  50.979374 -40.284283 -0.34448819,50.988866 -40.283713 -0.34448819,
  51.07323 -40.255592 -0.34448819,51.084559 -40.248111 -0.34448819,
  51.096314 -40.241325 -0.34448819,51.152557 -40.185082 -0.34448819,
  51.157311 -40.176848 -0.34448819,51.163619 -40.169734 -0.34448819,
  51.191741 -40.113491 -0.34448819,51.193048 -40.107103 -0.34448819,
  51.196212 -40.101404 -0.34448819,51.224333 -39.988918 -0.34448819,
  51.22421 -39.981633 -0.34448819,51.226096 -39.974595 -0.34448819,
  51.226096 -39.89023 -0.34448819,51.22421 -39.883192 -0.34448819,
  51.224333 -39.875907 -0.34448819,51.53982 -40.923017 -0.34448819,
  51.561165 -40.944362 -0.34448819,51.570389 -40.949687 -0.34448819,
  51.578632 -40.956431 -0.34448819,51.583429 -40.957216 -0.34448819,
  51.587639 -40.959647 -0.34448819,51.598291 -40.959647 -0.34448819,
  51.6088 -40.961366 -0.34448819,51.613346 -40.959647 -0.34448819,
  51.618208 -40.959647 -0.34448819,51.627432 -40.954321 -0.34448819,
  51.637394 -40.950555 -0.34448819,51.640472 -40.946793 -0.34448819,
  51.644682 -40.944363 -0.34448819,51.650007 -40.935138 -0.34448819,
  51.656752 -40.926896 -0.34448819,51.657536 -40.922099 -0.34448819,
  51.659967 -40.917889 -0.34448819,51.659967 -40.907238 -0.34448819,
  51.661686 -40.896728 -0.34448819,51.633565 -40.615513 -0.34448819,
  51.629165 -40.603876 -0.34448819,51.625946 -40.591861 -0.34448819,
  51.623819 -40.589734 -0.34448819,51.622754 -40.586919 -0.34448819,
  51.613125 -40.579041 -0.34448819,51.60433 -40.570246 -0.34448819,
  51.601424 -40.569467 -0.34448819,51.599095 -40.567561 -0.34448819,
  51.586817 -40.565553 -0.34448819,51.574803 -40.562334 -0.34448819,
  51.293588 -40.562334 -0.34448819,51.26406 -40.570246 -0.34448819,
  51.242444 -40.591861 -0.34448819,51.234533 -40.621389 -0.34448819,
  51.242444 -40.650917 -0.34448819,51.26406 -40.672532 -0.34448819,
  51.293588 -40.680444 -0.34448819,51.521358 -40.680444 -0.34448819,
  51.532411 -40.79097 -0.34448819,51.531671 -40.790819 -0.34448819,
  51.51856 -40.787306 -0.34448819,51.377952 -40.787306 -0.34448819,
  51.36484 -40.790819 -0.34448819,51.351543 -40.793541 -0.34448819,
  51.295299 -40.821662 -0.34448819,51.288185 -40.82797 -0.34448819,
  51.279951 -40.832724 -0.34448819,51.25183 -40.860846 -0.34448819,
  51.247075 -40.86908 -0.34448819,51.240767 -40.876194 -0.34448819,
  51.212646 -40.932437 -0.34448819,51.209924 -40.945736 -0.34448819,
  51.206411 -40.958847 -0.34448819,51.206411 -41.099454 -0.34448819,
  51.209924 -41.112565 -0.34448819,51.212646 -41.125865 -0.34448819,
  51.240767 -41.182107 -0.34448819,51.247075 -41.189221 -0.34448819,
  51.25183 -41.197456 -0.34448819,51.279951 -41.225577 -0.34448819,
  51.288185 -41.230331 -0.34448819,51.295299 -41.236639 -0.34448819,
  51.351543 -41.264761 -0.34448819,51.36484 -41.267481 -0.34448819,
  51.377952 -41.270995 -0.34448819,51.51856 -41.270995 -0.34448819,
  51.531671 -41.267482 -0.34448819,51.54497 -41.264761 -0.34448819,
  51.601213 -41.236639 -0.34448819,51.608327 -41.230331 -0.34448819,
  51.616561 -41.225577 -0.34448819,51.644683 -41.197455 -0.34448819,
  51.659967 -41.170981 -0.34448819,51.659967 -41.140412 -0.34448819,
  51.644682 -41.113939 -0.34448819,51.618208 -41.098654 -0.34448819,
  51.587639 -41.098654 -0.34448819,51.561165 -41.113939 -0.34448819,
  51.53982 -41.135284 -0.34448819,51.504619 -41.152885 -0.34448819,
  51.391893 -41.152885 -0.34448819,51.356691 -41.135284 -0.34448819,
  51.342122 -41.120715 -0.34448819,51.324521 -41.085513 -0.34448819,
  51.324521 -40.972788 -0.34448819,51.342122 -40.937585 -0.34448819,
  51.356691 -40.923017 -0.34448819,51.391893 -40.905416 -0.34448819,
  51.504619 -40.905416 -0.34448819,51.656355 -38.278869 -0.34448819,
  51.685883 -38.270957 -0.34448819,51.707498 -38.249342 -0.34448819,
  51.71541 -38.219814 -0.34448819,51.71541 -37.629263 -0.34448819,
  51.707498 -37.599735 -0.34448819,51.685883 -37.57812 -0.34448819,
  51.656355 -37.570208 -0.34448819,51.515748 -37.570208 -0.34448819,
  51.506563 -37.572669 -0.34448819,51.497072 -37.573239 -0.34448819,
  51.412708 -37.60136 -0.34448819,51.40138 -37.608839 -0.34448819,
  51.389625 -37.615626 -0.34448819,51.333382 -37.671869 -0.34448819,
  51.328628 -37.680104 -0.34448819,51.32232 -37.687217 -0.34448819,
  51.294198 -37.74346 -0.34448819,51.292891 -37.749848 -0.34448819,
  51.289727 -37.755548 -0.34448819,51.261606 -37.868033 -0.34448819,
  51.261728 -37.875318 -0.34448819,51.259842 -37.882356 -0.34448819,
  51.259842 -37.959452 -0.34448819,51.259842 -37.966721 -0.34448819,
  51.261728 -37.973759 -0.34448819,51.261606 -37.981044 -0.34448819,
  51.289727 -38.09353 -0.34448819,51.292891 -38.099229 -0.34448819,
  51.294198 -38.105617 -0.34448819,51.32232 -38.16186 -0.34448819,
  51.328628 -38.168974 -0.34448819,51.333382 -38.177208 -0.34448819,
  51.389625 -38.233451 -0.34448819,51.40138 -38.240238 -0.34448819,
  51.412708 -38.247718 -0.34448819,51.497073 -38.275839 -0.34448819,
  51.506564 -38.276409 -0.34448819,51.515748 -38.278869 -0.34448819,
  51.5973 -37.688318 -0.34448819,51.5973 -38.160759 -0.34448819,
  51.525331 -38.160759 -0.34448819,51.463283 -38.140076 -0.34448819,
  51.423675 -38.100468 -0.34448819,51.402737 -38.058594 -0.34448819,
  51.377952 -37.959452 -0.34448819,51.377952 -37.889625 -0.34448819,
  51.402737 -37.790483 -0.34448819,51.423675 -37.748609 -0.34448819,
  51.463283 -37.709 -0.34448819,51.525331 -37.688318 -0.34448819,
  58.019823 -37.643747 -0.34448819,57.991701 -37.615626 -0.34448819,
  57.983467 -37.610872 -0.34448819,57.976354 -37.604564 -0.34448819,
  57.920111 -37.576443 -0.34448819,57.906811 -37.573721 -0.34448819,
  57.8937 -37.570208 -0.34448819,57.781215 -37.570208 -0.34448819,
  57.751687 -37.57812 -0.34448819,57.730071 -37.599735 -0.34448819,
  57.722159 -37.629263 -0.34448819,57.730071 -37.658791 -0.34448819,
  57.751687 -37.680406 -0.34448819,57.781215 -37.688318 -0.34448819,
  57.879759 -37.688318 -0.34448819,57.914962 -37.705919 -0.34448819,
  57.932171 -37.723129 -0.34448819,57.979497 -37.794117 -0.34448819,
  57.982031 -37.804253 -0.34448819,57.976354 -37.801415 -0.34448819,
  57.963055 -37.798693 -0.34448819,57.949943 -37.79518 -0.34448819,
  57.837457 -37.79518 -0.34448819,57.824345 -37.798693 -0.34448819,
  57.811048 -37.801415 -0.34448819,57.754804 -37.829536 -0.34448819,
  57.74769 -37.835844 -0.34448819,57.739456 -37.840598 -0.34448819,
  57.711335 -37.86872 -0.34448819,57.70658 -37.876954 -0.34448819,
  57.700272 -37.884068 -0.34448819,57.672151 -37.940311 -0.34448819,
  57.669429 -37.95361 -0.34448819,57.665916 -37.966721 -0.34448819,
  57.665916 -38.093387 -0.34448819,57.665916 -38.107328 -0.34448819,
  57.669429 -38.120439 -0.34448819,57.672151 -38.133739 -0.34448819,
  57.700272 -38.189981 -0.34448819,57.70658 -38.197095 -0.34448819,
  57.711335 -38.20533 -0.34448819,57.739456 -38.233451 -0.34448819,
  57.74769 -38.238205 -0.34448819,57.754804 -38.244513 -0.34448819,
  57.811048 -38.272635 -0.34448819,57.824345 -38.275356 -0.34448819,
  57.837457 -38.278869 -0.34448819,57.949943 -38.278869 -0.34448819,
  57.963055 -38.275356 -0.34448819,57.976354 -38.272635 -0.34448819,
  58.032596 -38.244513 -0.34448819,58.03971 -38.238205 -0.34448819,
  58.047944 -38.233451 -0.34448819,58.076066 -38.20533 -0.34448819,
  58.08082 -38.197095 -0.34448819,58.087128 -38.189981 -0.34448819,
  58.11525 -38.133738 -0.34448819,58.11797 -38.120441 -0.34448819,
  58.121484 -38.107328 -0.34448819,58.121484 -37.882356 -0.34448819,
  58.119598 -37.875318 -0.34448819,58.119721 -37.868033 -0.34448819,
  58.0916 -37.755548 -0.34448819,58.086688 -37.7467 -0.34448819,
  58.083445 -37.737113 -0.34448819,58.027202 -37.652748 -0.34448819,
  58.022772 -37.648854 -0.34448819,58.003374 -37.980661 -0.34448819,
  58.003374 -38.093387 -0.34448819,57.985773 -38.128589 -0.34448819,
  57.971204 -38.143158 -0.34448819,57.936002 -38.160759 -0.34448819,
  57.851398 -38.160759 -0.34448819,57.816196 -38.143158 -0.34448819,
  57.801628 -38.128589 -0.34448819,57.784026 -38.093387 -0.34448819,
  57.784026 -37.980662 -0.34448819,57.801628 -37.945459 -0.34448819,
  57.816196 -37.930891 -0.34448819,57.851398 -37.91329 -0.34448819,
  57.936002 -37.91329 -0.34448819,57.971204 -37.930891 -0.34448819,
  57.985773 -37.945459 -0.34448819,58.624859 -38.278869 -0.34448819,
  58.654387 -38.270957 -0.34448819,58.676002 -38.249342 -0.34448819,
  58.683914 -38.219814 -0.34448819,58.683914 -37.629263 -0.34448819,
  58.676002 -37.599735 -0.34448819,58.654387 -37.57812 -0.34448819,
  58.624859 -37.570208 -0.34448819,58.484252 -37.570208 -0.34448819,
  58.475067 -37.572669 -0.34448819,58.465576 -37.573239 -0.34448819,
  58.381212 -37.60136 -0.34448819,58.369884 -37.608839 -0.34448819,
  58.358129 -37.615626 -0.34448819,58.301886 -37.671869 -0.34448819,
  58.297131 -37.680104 -0.34448819,58.290824 -37.687217 -0.34448819,
  58.262702 -37.74346 -0.34448819,58.261394 -37.749848 -0.34448819,
  58.258231 -37.755548 -0.34448819,58.230109 -37.868033 -0.34448819,
  58.230232 -37.875318 -0.34448819,58.228346 -37.882356 -0.34448819,
  58.228346 -37.959452 -0.34448819,58.228346 -37.966721 -0.34448819,
  58.230232 -37.973759 -0.34448819,58.230109 -37.981044 -0.34448819,
  58.258231 -38.09353 -0.34448819,58.261394 -38.099229 -0.34448819,
  58.262702 -38.105617 -0.34448819,58.290824 -38.16186 -0.34448819,
  58.297131 -38.168974 -0.34448819,58.301886 -38.177208 -0.34448819,
  58.358129 -38.233451 -0.34448819,58.369884 -38.240238 -0.34448819,
  58.381212 -38.247718 -0.34448819,58.465577 -38.275839 -0.34448819,
  58.475068 -38.276409 -0.34448819,58.484252 -38.278869 -0.34448819,
  58.565804 -37.688318 -0.34448819,58.565804 -38.160759 -0.34448819,
  58.493835 -38.160759 -0.34448819,58.431787 -38.140076 -0.34448819,
  58.392179 -38.100468 -0.34448819,58.371241 -38.058594 -0.34448819,
  58.346456 -37.959452 -0.34448819,58.346456 -37.889625 -0.34448819,
  58.371241 -37.790483 -0.34448819,58.392179 -37.748609 -0.34448819,
  58.431787 -37.709 -0.34448819,58.493835 -37.688318 -0.34448819,
  57.999325 -36.946639 -0.34448819,58.02067 -36.967984 -0.34448819,
  58.029894 -36.973309 -0.34448819,58.038137 -36.980054 -0.34448819,
  58.042934 -36.980838 -0.34448819,58.047144 -36.983269 -0.34448819,
  58.057796 -36.983269 -0.34448819,58.068305 -36.984988 -0.34448819,
  58.072852 -36.983269 -0.34448819,58.077713 -36.983269 -0.34448819,
  58.086937 -36.977943 -0.34448819,58.096899 -36.974177 -0.34448819,
  58.099977 -36.970415 -0.34448819,58.104187 -36.967985 -0.34448819,
  58.109513 -36.95876 -0.34448819,58.116257 -36.950518 -0.34448819,
  58.117041 -36.945721 -0.34448819,58.119472 -36.941511 -0.34448819,
  58.119472 -36.93086 -0.34448819,58.121191 -36.92035 -0.34448819,
  58.09307 -36.639135 -0.34448819,58.08867 -36.627498 -0.34448819,
  58.085451 -36.615483 -0.34448819,58.083324 -36.613356 -0.34448819,
  58.082259 -36.610541 -0.34448819,58.07263 -36.602663 -0.34448819,
  58.063835 -36.593868 -0.34448819,58.060929 -36.593089 -0.34448819,
  58.0586 -36.591183 -0.34448819,58.046322 -36.589175 -0.34448819,
  58.034308 -36.585956 -0.34448819,57.753093 -36.585956 -0.34448819,
  57.723565 -36.593868 -0.34448819,57.70195 -36.615483 -0.34448819,
  57.694038 -36.645011 -0.34448819,57.70195 -36.674539 -0.34448819,
  57.723565 -36.696154 -0.34448819,57.753093 -36.704066 -0.34448819,
  57.980863 -36.704066 -0.34448819,57.991916 -36.814592 -0.34448819,
  57.991176 -36.814441 -0.34448819,57.978065 -36.810928 -0.34448819,
  57.837457 -36.810928 -0.34448819,57.824345 -36.814441 -0.34448819,
  57.811048 -36.817163 -0.34448819,57.754804 -36.845284 -0.34448819,
  57.74769 -36.851592 -0.34448819,57.739456 -36.856346 -0.34448819,
  57.711335 -36.884468 -0.34448819,57.70658 -36.892702 -0.34448819,
  57.700272 -36.899816 -0.34448819,57.672151 -36.956059 -0.34448819,
  57.669429 -36.969358 -0.34448819,57.665916 -36.982469 -0.34448819,
  57.665916 -37.123076 -0.34448819,57.669429 -37.136187 -0.34448819,
  57.672151 -37.149487 -0.34448819,57.700272 -37.20573 -0.34448819,
  57.70658 -37.212843 -0.34448819,57.711335 -37.221078 -0.34448819,
  57.739456 -37.249199 -0.34448819,57.74769 -37.253953 -0.34448819,
  57.754804 -37.260261 -0.34448819,57.811048 -37.288383 -0.34448819,
  57.824345 -37.291104 -0.34448819,57.837457 -37.294617 -0.34448819,
  57.978065 -37.294617 -0.34448819,57.991176 -37.291104 -0.34448819,
  58.004475 -37.288383 -0.34448819,58.060718 -37.260261 -0.34448819,
  58.067832 -37.253953 -0.34448819,58.076067 -37.249199 -0.34448819,
  58.104188 -37.221077 -0.34448819,58.119472 -37.194604 -0.34448819,
  58.119472 -37.164034 -0.34448819,58.104187 -37.137561 -0.34448819,
  58.077713 -37.122276 -0.34448819,58.047144 -37.122276 -0.34448819,
  58.02067 -37.137561 -0.34448819,57.999325 -37.158906 -0.34448819,
  57.964124 -37.176507 -0.34448819,57.851398 -37.176507 -0.34448819,
  57.816196 -37.158906 -0.34448819,57.801628 -37.144337 -0.34448819,
  57.784026 -37.109135 -0.34448819,57.784026 -36.99641 -0.34448819,
  57.801628 -36.961207 -0.34448819,57.816196 -36.946639 -0.34448819,
  57.851398 -36.929038 -0.34448819,57.964124 -36.929038 -0.34448819,
  58.624859 -37.294617 -0.34448819,58.654387 -37.286706 -0.34448819,
  58.676002 -37.26509 -0.34448819,58.683914 -37.235562 -0.34448819,
  58.683914 -36.645011 -0.34448819,58.676002 -36.615483 -0.34448819,
  58.654387 -36.593868 -0.34448819,58.624859 -36.585956 -0.34448819,
  58.484252 -36.585956 -0.34448819,58.475067 -36.588417 -0.34448819,
  58.465576 -36.588987 -0.34448819,58.381212 -36.617108 -0.34448819,
  58.369884 -36.624587 -0.34448819,58.358129 -36.631374 -0.34448819,
  58.301886 -36.687617 -0.34448819,58.297131 -36.695852 -0.34448819,
  58.290824 -36.702965 -0.34448819,58.262702 -36.759208 -0.34448819,
  58.261394 -36.765596 -0.34448819,58.258231 -36.771296 -0.34448819,
  58.230109 -36.883781 -0.34448819,58.230232 -36.891066 -0.34448819,
  58.228346 -36.898104 -0.34448819,58.228346 -36.9752 -0.34448819,
  58.228346 -36.982469 -0.34448819,58.230232 -36.989507 -0.34448819,
  58.230109 -36.996792 -0.34448819,58.258231 -37.109278 -0.34448819,
  58.261394 -37.114977 -0.34448819,58.262702 -37.121365 -0.34448819,
  58.290824 -37.177608 -0.34448819,58.297131 -37.184722 -0.34448819,
  58.301886 -37.192956 -0.34448819,58.358129 -37.249199 -0.34448819,
  58.369884 -37.255986 -0.34448819,58.381212 -37.263466 -0.34448819,
  58.465577 -37.291587 -0.34448819,58.475068 -37.292157 -0.34448819,
  58.484252 -37.294617 -0.34448819,58.565804 -36.704066 -0.34448819,
  58.565804 -37.176507 -0.34448819,58.493835 -37.176507 -0.34448819,
  58.431787 -37.155824 -0.34448819,58.392179 -37.116216 -0.34448819,
  58.371241 -37.074342 -0.34448819,58.346456 -36.9752 -0.34448819,
  58.346456 -36.905373 -0.34448819,58.371241 -36.806231 -0.34448819,
  58.392179 -36.764357 -0.34448819,58.431787 -36.724748 -0.34448819,
  58.493835 -36.704066 -0.34448819,51.17909 -37.188682 -0.34448819,
  51.17909 -37.180907 -0.34448819,51.175202 -37.174174 -0.34448819,
  51.17319 -37.166665 -0.34448819,51.167692 -37.161167 -0.34448819,
  51.163805 -37.154434 -0.34448819,50.836205 -36.826833 -0.34448819,
  50.815522 -36.764787 -0.34448819,50.815522 -36.732068 -0.34448819,
  50.833124 -36.696865 -0.34448819,50.847692 -36.682297 -0.34448819,
  50.882894 -36.664696 -0.34448819,50.99562 -36.664696 -0.34448819,
  51.030822 -36.682297 -0.34448819,51.052167 -36.703642 -0.34448819,
  51.078641 -36.718927 -0.34448819,51.10921 -36.718927 -0.34448819,
  51.135683 -36.703642 -0.34448819,51.150968 -36.677169 -0.34448819,
  51.150968 -36.646599 -0.34448819,51.135683 -36.620126 -0.34448819,
  51.107562 -36.592004 -0.34448819,51.099328 -36.58725 -0.34448819,
  51.092214 -36.580942 -0.34448819,51.035971 -36.55282 -0.34448819,
  51.022672 -36.550099 -0.34448819,51.009561 -36.546586 -0.34448819,
  50.868954 -36.546586 -0.34448819,50.855843 -36.550098 -0.34448819,
  50.842543 -36.55282 -0.34448819,50.7863 -36.580942 -0.34448819,
  50.779187 -36.58725 -0.34448819,50.770953 -36.592004 -0.34448819,
  50.742831 -36.620125 -0.34448819,50.738076 -36.62836 -0.34448819,
  50.731769 -36.635474 -0.34448819,50.703647 -36.691717 -0.34448819,
  50.700925 -36.705016 -0.34448819,50.697412 -36.718127 -0.34448819,
  50.697412 -36.77437 -0.34448819,50.699873 -36.783554 -0.34448819,
  50.700443 -36.793045 -0.34448819,50.728565 -36.877409 -0.34448819,
  50.736041 -36.888733 -0.34448819,50.742831 -36.900493 -0.34448819,
  50.979475 -37.137137 -0.34448819,50.756467 -37.137137 -0.34448819,
  50.72694 -37.145049 -0.34448819,50.705324 -37.166665 -0.34448819,
  50.697412 -37.196192 -0.34448819,50.705324 -37.22572 -0.34448819,
  50.72694 -37.247335 -0.34448819,50.756467 -37.255247 -0.34448819,
  51.122047 -37.255247 -0.34448819,51.129557 -37.253235 -0.34448819,
  51.137331 -37.253235 -0.34448819,51.144065 -37.249348 -0.34448819,
  51.151574 -37.247335 -0.34448819,51.157072 -37.241837 -0.34448819,
  51.163805 -37.23795 -0.34448819,51.167692 -37.231217 -0.34448819,
  51.17319 -37.22572 -0.34448819,51.175202 -37.21821 -0.34448819,
  51.17909 -37.211477 -0.34448819,51.17909 -37.203702 -0.34448819,
  51.181102 -37.196192 -0.34448819,51.656355 -37.255247 -0.34448819,
  51.685883 -37.247335 -0.34448819,51.707498 -37.22572 -0.34448819,
  51.71541 -37.196192 -0.34448819,51.71541 -36.605641 -0.34448819,
  51.707498 -36.576113 -0.34448819,51.685883 -36.554498 -0.34448819,
  51.656355 -36.546586 -0.34448819,51.515748 -36.546586 -0.34448819,
  51.506563 -36.549046 -0.34448819,51.497072 -36.549617 -0.34448819,
  51.412708 -36.577738 -0.34448819,51.40138 -36.585217 -0.34448819,
  51.389625 -36.592004 -0.34448819,51.333382 -36.648247 -0.34448819,
  51.328628 -36.656481 -0.34448819,51.32232 -36.663595 -0.34448819,
  51.294198 -36.719838 -0.34448819,51.292891 -36.726226 -0.34448819,
  51.289727 -36.731926 -0.34448819,51.261606 -36.844411 -0.34448819,
  51.261728 -36.851696 -0.34448819,51.259842 -36.858734 -0.34448819,
  51.259842 -36.93583 -0.34448819,51.259842 -36.943099 -0.34448819,
  51.261728 -36.950137 -0.34448819,51.261606 -36.957422 -0.34448819,
  51.289727 -37.069907 -0.34448819,51.292891 -37.075607 -0.34448819,
  51.294198 -37.081995 -0.34448819,51.32232 -37.138238 -0.34448819,
  51.328628 -37.145352 -0.34448819,51.333382 -37.153586 -0.34448819,
  51.389625 -37.209829 -0.34448819,51.40138 -37.216616 -0.34448819,
  51.412708 -37.224096 -0.34448819,51.497073 -37.252217 -0.34448819,
  51.506564 -37.252787 -0.34448819,51.515748 -37.255247 -0.34448819,
  51.5973 -36.664696 -0.34448819,51.5973 -37.137137 -0.34448819,
  51.525331 -37.137137 -0.34448819,51.463283 -37.116454 -0.34448819,
  51.423675 -37.076846 -0.34448819,51.402737 -37.034972 -0.34448819,
  51.377952 -36.93583 -0.34448819,51.377952 -36.866003 -0.34448819,
  51.402737 -36.766861 -0.34448819,51.423675 -36.724987 -0.34448819,
  51.463283 -36.685378 -0.34448819,51.525331 -36.664696 -0.34448819,
  58.624859 -36.270995 -0.34448819,58.654387 -36.263083 -0.34448819,
  58.676002 -36.241468 -0.34448819,58.683914 -36.21194 -0.34448819,
  58.683914 -35.621389 -0.34448819,58.676002 -35.591861 -0.34448819,
  58.654387 -35.570246 -0.34448819,58.624859 -35.562334 -0.34448819,
  58.484252 -35.562334 -0.34448819,58.475067 -35.564794 -0.34448819,
  58.465576 -35.565365 -0.34448819,58.381212 -35.593486 -0.34448819,
  58.369884 -35.600965 -0.34448819,58.358129 -35.607752 -0.34448819,
  58.301886 -35.663995 -0.34448819,58.297131 -35.67223 -0.34448819,
  58.290824 -35.679343 -0.34448819,58.262702 -35.735586 -0.34448819,
  58.261394 -35.741974 -0.34448819,58.258231 -35.747674 -0.34448819,
  58.230109 -35.860159 -0.34448819,58.230232 -35.867444 -0.34448819,
  58.228346 -35.874482 -0.34448819,58.228346 -35.951578 -0.34448819,
  58.228346 -35.958847 -0.34448819,58.230232 -35.965885 -0.34448819,
  58.230109 -35.97317 -0.34448819,58.258231 -36.085656 -0.34448819,
  58.261394 -36.091355 -0.34448819,58.262702 -36.097743 -0.34448819,
  58.290824 -36.153986 -0.34448819,58.297131 -36.1611 -0.34448819,
  58.301886 -36.169334 -0.34448819,58.358129 -36.225577 -0.34448819,
  58.369884 -36.232364 -0.34448819,58.381212 -36.239844 -0.34448819,
  58.465577 -36.267965 -0.34448819,58.475068 -36.268535 -0.34448819,
  58.484252 -36.270995 -0.34448819,58.565804 -35.680444 -0.34448819,
  58.565804 -36.152885 -0.34448819,58.493835 -36.152885 -0.34448819,
  58.431787 -36.132202 -0.34448819,58.392179 -36.092594 -0.34448819,
  58.371241 -36.05072 -0.34448819,58.346456 -35.951578 -0.34448819,
  58.346456 -35.881751 -0.34448819,58.371241 -35.782609 -0.34448819,
  58.392179 -35.740735 -0.34448819,58.431787 -35.701126 -0.34448819,
  58.493835 -35.680444 -0.34448819,50.974333 -35.549261 -0.34448819,
  50.964233 -35.540385 -0.34448819,50.954724 -35.530876 -0.34448819,
  50.952837 -35.53037 -0.34448819,50.951371 -35.529081 -0.34448819,
  50.938187 -35.526444 -0.34448819,50.925196 -35.522964 -0.34448819,
  50.92331 -35.523469 -0.34448819,50.921396 -35.523086 -0.34448819,
  50.908657 -35.527395 -0.34448819,50.895669 -35.530876 -0.34448819,
  50.894288 -35.532256 -0.34448819,50.892439 -35.532882 -0.34448819,
  50.883562 -35.542982 -0.34448819,50.874053 -35.552491 -0.34448819,
  50.873548 -35.554378 -0.34448819,50.872259 -35.555844 -0.34448819,
  50.869622 -35.569028 -0.34448819,50.866141 -35.582019 -0.34448819,
  50.866141 -36.113515 -0.34448819,50.756467 -36.113515 -0.34448819,
  50.72694 -36.121427 -0.34448819,50.705324 -36.143043 -0.34448819,
  50.697412 -36.17257 -0.34448819,50.705324 -36.202098 -0.34448819,
  50.72694 -36.223713 -0.34448819,50.756467 -36.231625 -0.34448819,
  50.925196 -36.231625 -0.34448819,51.093925 -36.231625 -0.34448819,
  51.123453 -36.223713 -0.34448819,51.145069 -36.202098 -0.34448819,
  51.15298 -36.17257 -0.34448819,51.145069 -36.143043 -0.34448819,
  51.123453 -36.121427 -0.34448819,51.093925 -36.113515 -0.34448819,
  50.984252 -36.113515 -0.34448819,50.984252 -35.752712 -0.34448819,
  50.995924 -35.764385 -0.34448819,51.004158 -35.769139 -0.34448819,
  51.011272 -35.775447 -0.34448819,51.067515 -35.803569 -0.34448819,
  51.097463 -35.809697 -0.34448819,51.126464 -35.80003 -0.34448819,
  51.146746 -35.777158 -0.34448819,51.152874 -35.74721 -0.34448819,
  51.143207 -35.718209 -0.34448819,51.120335 -35.697928 -0.34448819,
  51.072664 -35.674092 -0.34448819,51.027333 -35.628761 -0.34448819,
  51.656355 -36.231625 -0.34448819,51.685883 -36.223713 -0.34448819,
  51.707498 -36.202098 -0.34448819,51.71541 -36.17257 -0.34448819,
  51.71541 -35.582019 -0.34448819,51.707498 -35.552491 -0.34448819,
  51.685883 -35.530876 -0.34448819,51.656355 -35.522964 -0.34448819,
  51.515748 -35.522964 -0.34448819,51.506563 -35.525424 -0.34448819,
  51.497072 -35.525994 -0.34448819,51.412708 -35.554116 -0.34448819,
  51.40138 -35.561595 -0.34448819,51.389625 -35.568382 -0.34448819,
  51.333382 -35.624625 -0.34448819,51.328628 -35.632859 -0.34448819,
  51.32232 -35.639973 -0.34448819,51.294198 -35.696216 -0.34448819,
  51.292891 -35.702604 -0.34448819,51.289727 -35.708304 -0.34448819,
  51.261606 -35.820789 -0.34448819,51.261728 -35.828074 -0.34448819,
  51.259842 -35.835112 -0.34448819,51.259842 -35.912207 -0.34448819,
  51.259842 -35.919477 -0.34448819,51.261728 -35.926515 -0.34448819,
  51.261606 -35.9338 -0.34448819,51.289727 -36.046285 -0.34448819,
  51.292891 -36.051985 -0.34448819,51.294198 -36.058373 -0.34448819,
  51.32232 -36.114616 -0.34448819,51.328628 -36.12173 -0.34448819,
  51.333382 -36.129964 -0.34448819,51.389625 -36.186207 -0.34448819,
  51.40138 -36.192994 -0.34448819,51.412708 -36.200474 -0.34448819,
  51.497073 -36.228595 -0.34448819,51.506564 -36.229165 -0.34448819,
  51.515748 -36.231625 -0.34448819,51.5973 -35.641074 -0.34448819,
  51.5973 -36.113515 -0.34448819,51.525331 -36.113515 -0.34448819,
  51.463283 -36.092832 -0.34448819,51.423675 -36.053224 -0.34448819,
  51.402737 -36.01135 -0.34448819,51.377952 -35.912207 -0.34448819,
  51.377952 -35.842381 -0.34448819,51.402737 -35.743239 -0.34448819,
  51.423675 -35.701365 -0.34448819,51.463283 -35.661756 -0.34448819,
  51.525331 -35.641074 -0.34448819,51.605212 -35.257216 -0.34448819,
  51.626828 -35.278831 -0.34448819,51.656355 -35.286743 -0.34448819,
  51.685883 -35.278831 -0.34448819,51.707498 -35.257216 -0.34448819,
  51.71541 -35.227688 -0.34448819,51.71541 -34.637137 -0.34448819,
  51.707498 -34.607609 -0.34448819,51.685883 -34.585994 -0.34448819,
  51.656355 -34.578082 -0.34448819,51.431383 -34.578082 -0.34448819,
  51.418272 -34.581594 -0.34448819,51.404972 -34.584317 -0.34448819,
  51.34873 -34.612438 -0.34448819,51.341616 -34.618746 -0.34448819,
  51.333382 -34.6235 -0.34448819,51.305261 -34.651621 -0.34448819,
  51.300506 -34.659856 -0.34448819,51.294198 -34.66697 -0.34448819,
  51.266077 -34.723213 -0.34448819,51.263355 -34.736511 -0.34448819,
  51.259842 -34.749623 -0.34448819,51.259842 -34.820046 -0.34448819,
  51.259842 -34.833987 -0.34448819,51.263355 -34.847099 -0.34448819,
  51.266077 -34.860398 -0.34448819,51.294198 -34.916641 -0.34448819,
  51.300506 -34.923754 -0.34448819,51.30526 -34.931989 -0.34448819,
  51.333382 -34.96011 -0.34448819,51.341616 -34.964864 -0.34448819,
  51.34873 -34.971172 -0.34448819,51.404973 -34.999294 -0.34448819,
  51.406472 -34.9996 -0.34448819,51.270517 -35.193822 -0.34448819,
  51.260066 -35.222549 -0.34448819,51.265379 -35.252654 -0.34448819,
  51.285031 -35.276068 -0.34448819,51.313758 -35.286519 -0.34448819,
  51.343863 -35.281207 -0.34448819,51.367277 -35.261554 -0.34448819,
  51.546495 -35.005528 -0.34448819,51.5973 -35.005528 -0.34448819,
  51.5973 -35.227688 -0.34448819,51.5973 -34.696192 -0.34448819,
  51.5973 -34.887418 -0.34448819,51.445324 -34.887418 -0.34448819,
  51.410122 -34.869817 -0.34448819,51.395553 -34.855248 -0.34448819,
  51.377952 -34.820046 -0.34448819,51.377952 -34.763563 -0.34448819,
  51.395553 -34.728362 -0.34448819,51.410122 -34.713793 -0.34448819,
  51.445324 -34.696192 -0.34448819,50.925196 -34.825949 -0.34448819,
  50.777483 -34.604379 -0.34448819,50.754521 -34.584199 -0.34448819,
  50.724545 -34.578204 -0.34448819,50.695588 -34.588 -0.34448819,
  50.675408 -34.610962 -0.34448819,50.669413 -34.640938 -0.34448819,
  50.679209 -34.669895 -0.34448819,50.854221 -34.932413 -0.34448819,
  50.679209 -35.19493 -0.34448819,50.669413 -35.223887 -0.34448819,
  50.675408 -35.253863 -0.34448819,50.695588 -35.276825 -0.34448819,
  50.724545 -35.286621 -0.34448819,50.754521 -35.280626 -0.34448819,
  50.777483 -35.260446 -0.34448819,50.925196 -35.038876 -0.34448819,
  51.07291 -35.260446 -0.34448819,51.095872 -35.280626 -0.34448819,
  51.125848 -35.286621 -0.34448819,51.154805 -35.276825 -0.34448819,
  51.174985 -35.253863 -0.34448819,51.18098 -35.223887 -0.34448819,
  51.171184 -35.19493 -0.34448819,50.996172 -34.932413 -0.34448819,
  51.171184 -34.669895 -0.34448819,51.18098 -34.640938 -0.34448819,
  51.174985 -34.610962 -0.34448819,51.154805 -34.588 -0.34448819,
  51.125848 -34.578204 -0.34448819,51.095872 -34.584199 -0.34448819,
  51.07291 -34.604379 -0.34448819,58.568234 -35.078644 -0.34448819,
  58.611017 -35.206993 -0.34448819,58.627859 -35.232504 -0.34448819,
  58.655202 -35.246174 -0.34448819,58.685716 -35.244343 -0.34448819,
  58.711226 -35.2275 -0.34448819,58.724897 -35.200157 -0.34448819,
  58.723066 -35.169643 -0.34448819,58.526215 -34.579092 -0.34448819,
  58.519681 -34.569196 -0.34448819,58.514376 -34.558585 -0.34448819,
  58.511361 -34.556595 -0.34448819,58.509372 -34.553582 -0.34448819,
  58.498765 -34.548278 -0.34448819,58.488865 -34.541742 -0.34448819,
  58.48526 -34.541526 -0.34448819,58.48203 -34.539911 -0.34448819,
  58.470192 -34.540621 -0.34448819,58.458351 -34.539911 -0.34448819,
  58.45512 -34.541526 -0.34448819,58.451516 -34.541743 -0.34448819,
  58.44162 -34.548276 -0.34448819,58.431009 -34.553581 -0.34448819,
  58.429019 -34.556596 -0.34448819,58.426006 -34.558585 -0.34448819,
  58.420701 -34.569194 -0.34448819,58.414166 -34.579092 -0.34448819,
  58.287019 -34.960534 -0.34448819,58.217316 -35.169643 -0.34448819,
  58.215484 -35.200157 -0.34448819,58.229155 -35.2275 -0.34448819,
  58.254665 -35.244343 -0.34448819,58.28518 -35.246174 -0.34448819,
  58.312522 -35.232503 -0.34448819,58.329365 -35.206993 -0.34448819,
  58.372148 -35.078644 -0.34448819,58.528864 -34.960534 -0.34448819,
  58.411518 -34.960534 -0.34448819,58.470191 -34.784515 -0.34448819,
  51.371804 -34.233594 -0.34448819,51.393419 -34.255209 -0.34448819,
  51.422947 -34.263121 -0.34448819,51.452474 -34.255209 -0.34448819,
  51.47409 -34.233594 -0.34448819,51.482002 -34.204066 -0.34448819,
  51.482002 -33.67257 -0.34448819,51.591676 -33.67257 -0.34448819,
  51.621203 -33.664658 -0.34448819,51.642819 -33.643043 -0.34448819,
  51.650731 -33.613515 -0.34448819,51.642819 -33.583987 -0.34448819,
  51.621203 -33.562372 -0.34448819,51.591676 -33.55446 -0.34448819,
  51.254218 -33.55446 -0.34448819,51.224691 -33.562372 -0.34448819,
  51.203075 -33.583987 -0.34448819,51.195163 -33.613515 -0.34448819,
  51.203075 -33.643043 -0.34448819,51.224691 -33.664658 -0.34448819,
  51.254218 -33.67257 -0.34448819,51.363892 -33.67257 -0.34448819,
  51.363892 -34.204066 -0.34448819,50.91676 -33.802327 -0.34448819,
  50.769047 -33.580757 -0.34448819,50.746085 -33.560577 -0.34448819,
  50.716109 -33.554582 -0.34448819,50.687152 -33.564378 -0.34448819,
  50.666972 -33.58734 -0.34448819,50.660977 -33.617316 -0.34448819,
  50.670773 -33.646273 -0.34448819,50.845785 -33.908791 -0.34448819,
  50.670773 -34.171308 -0.34448819,50.660977 -34.200265 -0.34448819,
  50.666972 -34.230241 -0.34448819,50.687152 -34.253203 -0.34448819,
  50.716109 -34.262999 -0.34448819,50.746085 -34.257004 -0.34448819,
  50.769047 -34.236824 -0.34448819,50.91676 -34.015254 -0.34448819,
  51.064474 -34.236824 -0.34448819,51.087436 -34.257004 -0.34448819,
  51.117411 -34.262999 -0.34448819,51.146369 -34.253203 -0.34448819,
  51.166548 -34.230241 -0.34448819,51.172543 -34.200265 -0.34448819,
  51.162748 -34.171308 -0.34448819,50.987736 -33.908791 -0.34448819,
  51.162748 -33.646273 -0.34448819,51.172543 -33.617316 -0.34448819,
  51.166548 -33.58734 -0.34448819,51.146369 -33.564378 -0.34448819,
  51.117411 -33.554582 -0.34448819,51.087436 -33.560577 -0.34448819,
  51.064474 -33.580757 -0.34448819,57.466254 -33.71194 -0.34448819,
  57.384702 -33.71194 -0.34448819,57.355174 -33.719852 -0.34448819,
  57.333558 -33.741468 -0.34448819,57.325646 -33.770995 -0.34448819,
  57.333558 -33.800523 -0.34448819,57.355174 -33.822139 -0.34448819,
  57.384702 -33.83005 -0.34448819,57.466254 -33.83005 -0.34448819,
  57.466254 -34.06639 -0.34448819,57.45317 -34.092557 -0.34448819,
  57.427004 -34.105641 -0.34448819,57.384702 -34.105641 -0.34448819,
  57.355174 -34.113553 -0.34448819,57.333558 -34.135169 -0.34448819,
  57.325646 -34.164696 -0.34448819,57.333558 -34.194224 -0.34448819,
  57.355174 -34.215839 -0.34448819,57.384702 -34.223751 -0.34448819,
  57.440944 -34.223751 -0.34448819,57.454056 -34.220238 -0.34448819,
  57.467355 -34.217517 -0.34448819,57.523598 -34.189395 -0.34448819,
  57.526299 -34.186999 -0.34448819,57.529726 -34.185857 -0.34448819,
  57.537595 -34.176983 -0.34448819,57.54647 -34.169114 -0.34448819,
  57.547612 -34.165687 -0.34448819,57.550008 -34.162985 -0.34448819,
  57.57813 -34.106742 -0.34448819,57.580851 -34.093442 -0.34448819,
  57.584364 -34.080331 -0.34448819,57.584364 -33.83005 -0.34448819,
  57.609673 -33.83005 -0.34448819,57.639201 -33.822139 -0.34448819,
  57.660817 -33.800523 -0.34448819,57.668728 -33.770995 -0.34448819,
  57.660817 -33.741468 -0.34448819,57.639201 -33.719852 -0.34448819,
  57.609673 -33.71194 -0.34448819,57.584364 -33.71194 -0.34448819,
  57.584364 -33.574145 -0.34448819,57.576452 -33.544617 -0.34448819,
  57.554837 -33.523002 -0.34448819,57.525309 -33.51509 -0.34448819,
  57.495781 -33.523002 -0.34448819,57.474166 -33.544617 -0.34448819,
  57.466254 -33.574145 -0.34448819,57.973542 -34.020666 -0.34448819,
  58.029785 -33.992545 -0.34448819,58.032487 -33.990148 -0.34448819,
  58.035913 -33.989006 -0.34448819,58.043781 -33.980134 -0.34448819,
  58.052657 -33.972263 -0.34448819,58.053799 -33.968836 -0.34448819,
  58.056195 -33.966134 -0.34448819,58.084317 -33.909891 -0.34448819,
  58.087038 -33.89659 -0.34448819,58.090551 -33.883481 -0.34448819,
  58.090551 -33.85536 -0.34448819,58.087037 -33.842247 -0.34448819,
  58.084316 -33.82895 -0.34448819,58.056195 -33.772707 -0.34448819,
  58.053798 -33.770004 -0.34448819,58.052657 -33.766578 -0.34448819,
  58.043783 -33.75871 -0.34448819,58.035913 -33.749835 -0.34448819,
  58.032486 -33.748692 -0.34448819,58.029785 -33.746296 -0.34448819,
  57.973542 -33.718175 -0.34448819,57.960242 -33.715453 -0.34448819,
  57.947131 -33.71194 -0.34448819,57.862767 -33.71194 -0.34448819,
  57.849656 -33.715453 -0.34448819,57.836356 -33.718175 -0.34448819,
  57.780114 -33.746296 -0.34448819,57.757242 -33.766578 -0.34448819,
  57.747575 -33.795579 -0.34448819,57.753704 -33.825527 -0.34448819,
  57.773985 -33.848399 -0.34448819,57.802986 -33.858066 -0.34448819,
  57.832934 -33.851937 -0.34448819,57.876708 -33.83005 -0.34448819,
  57.933191 -33.83005 -0.34448819,57.959357 -33.843134 -0.34448819,
  57.972441 -33.8693 -0.34448819,57.972441 -33.86954 -0.34448819,
  57.959357 -33.895707 -0.34448819,57.933191 -33.908791 -0.34448819,
  57.862767 -33.908791 -0.34448819,57.849656 -33.912303 -0.34448819,
  57.836356 -33.915025 -0.34448819,57.780114 -33.943147 -0.34448819,
  57.777411 -33.945543 -0.34448819,57.773985 -33.946685 -0.34448819,
  57.766116 -33.955559 -0.34448819,57.757242 -33.963429 -0.34448819,
  57.7561 -33.966855 -0.34448819,57.753704 -33.969557 -0.34448819,
  57.725582 -34.0258 -0.34448819,57.72286 -34.039099 -0.34448819,
  57.719347 -34.05221 -0.34448819,57.719347 -34.080331 -0.34448819,
  57.72286 -34.093442 -0.34448819,57.725582 -34.106742 -0.34448819,
  57.753704 -34.162985 -0.34448819,57.756099 -34.165687 -0.34448819,
  57.757242 -34.169114 -0.34448819,57.766116 -34.176983 -0.34448819,
  57.773985 -34.185857 -0.34448819,57.777412 -34.186999 -0.34448819,
  57.780114 -34.189395 -0.34448819,57.836357 -34.217517 -0.34448819,
  57.849654 -34.220237 -0.34448819,57.862767 -34.223751 -0.34448819,
  57.975253 -34.223751 -0.34448819,57.988364 -34.220238 -0.34448819,
  58.001663 -34.217517 -0.34448819,58.057906 -34.189395 -0.34448819,
  58.080778 -34.169114 -0.34448819,58.090445 -34.140113 -0.34448819,
  58.084316 -34.110165 -0.34448819,58.064035 -34.087293 -0.34448819,
  58.035034 -34.077626 -0.34448819,58.005086 -34.083754 -0.34448819,
  57.961312 -34.105641 -0.34448819,57.876708 -34.105641 -0.34448819,
  57.850541 -34.092557 -0.34448819,57.837457 -34.066391 -0.34448819,
  57.837457 -34.066151 -0.34448819,57.850541 -34.039984 -0.34448819,
  57.876708 -34.026901 -0.34448819,57.947131 -34.026901 -0.34448819,
  57.960243 -34.023387 -0.34448819] }
 coordIndex [
  0,33,1,-1,1,33,2,-1,2,33,3,-1,3,33,4,-1,4,33,5,-1,5,33,32,-1,6,5,23,-1,23,5,24,-1,
  24,5,25,-1,25,5,26,-1,26,5,27,-1,27,5,28,-1,28,5,29,-1,29,5,30,-1,30,5,31,-1,31,5,32,-1,
  7,6,14,-1,14,6,15,-1,15,6,16,-1,16,6,17,-1,17,6,18,-1,18,6,19,-1,19,6,20,-1,20,6,21,-1,
  21,6,22,-1,22,6,23,-1,7,14,8,-1,8,14,9,-1,9,14,10,-1,10,14,11,-1,11,14,13,-1,107,106,113,-1,
  107,113,108,-1,108,113,112,-1,108,112,109,-1,109,112,111,-1,109,111,110,-1,113,106,114,-1,114,106,42,-1,42,106,84,-1,
  84,106,85,-1,85,106,86,-1,86,106,87,-1,87,106,105,-1,114,42,115,-1,115,42,116,-1,116,42,117,-1,117,42,118,-1,
  118,42,119,-1,119,42,120,-1,120,42,121,-1,121,42,41,-1,121,41,40,-1,121,40,122,-1,122,40,39,-1,122,39,123,-1,
  123,39,38,-1,123,38,124,-1,124,38,34,-1,37,36,38,-1,38,36,34,-1,34,36,35,-1,103,102,96,-1,96,102,97,-1,
  97,102,98,-1,98,102,100,-1,100,102,101,-1,96,95,103,-1,103,95,104,-1,104,95,105,-1,105,95,94,-1,87,105,88,-1,
  88,105,89,-1,89,105,90,-1,90,105,91,-1,91,105,92,-1,92,105,93,-1,93,105,94,-1,42,84,83,-1,42,83,43,-1,
  43,83,82,-1,43,82,60,-1,60,82,61,-1,69,68,74,-1,69,74,70,-1,70,74,73,-1,70,73,71,-1,71,73,72,-1,
  68,67,74,-1,74,67,75,-1,75,67,76,-1,76,67,66,-1,78,77,64,-1,64,77,65,-1,65,77,66,-1,66,77,76,-1,
  80,79,62,-1,62,79,63,-1,63,79,64,-1,64,79,78,-1,62,61,80,-1,80,61,81,-1,81,61,82,-1,53,51,50,-1,
  53,50,54,-1,54,50,49,-1,54,49,55,-1,55,49,48,-1,55,48,56,-1,56,48,47,-1,56,47,57,-1,57,47,46,-1,
  57,46,58,-1,58,46,45,-1,58,45,59,-1,59,45,44,-1,59,44,60,-1,60,44,43,-1,198,197,204,-1,198,204,199,-1,
  199,204,203,-1,199,203,200,-1,200,203,202,-1,200,202,201,-1,204,197,205,-1,205,197,133,-1,133,197,175,-1,175,197,176,-1,
  176,197,177,-1,177,197,178,-1,178,197,196,-1,205,133,206,-1,206,133,207,-1,207,133,208,-1,208,133,209,-1,209,133,210,-1,
  210,133,211,-1,211,133,212,-1,212,133,132,-1,212,132,131,-1,212,131,213,-1,213,131,130,-1,213,130,214,-1,214,130,129,-1,
  214,129,215,-1,215,129,125,-1,128,127,129,-1,129,127,125,-1,125,127,126,-1,194,193,187,-1,187,193,188,-1,188,193,189,-1,
  189,193,191,-1,191,193,192,-1,187,186,194,-1,194,186,195,-1,195,186,196,-1,196,186,185,-1,178,196,179,-1,179,196,180,-1,
  180,196,181,-1,181,196,182,-1,182,196,183,-1,183,196,184,-1,184,196,185,-1,133,175,174,-1,133,174,134,-1,134,174,173,-1,
  134,173,151,-1,151,173,152,-1,160,159,165,-1,160,165,161,-1,161,165,164,-1,161,164,162,-1,162,164,163,-1,159,158,165,-1,
  165,158,166,-1,166,158,167,-1,167,158,157,-1,169,168,155,-1,155,168,156,-1,156,168,157,-1,157,168,167,-1,171,170,153,-1,
  153,170,154,-1,154,170,155,-1,155,170,169,-1,153,152,171,-1,171,152,172,-1,172,152,173,-1,144,142,141,-1,144,141,145,-1,
  145,141,140,-1,145,140,146,-1,146,140,139,-1,146,139,147,-1,147,139,138,-1,147,138,148,-1,148,138,137,-1,148,137,149,-1,
  149,137,136,-1,149,136,150,-1,150,136,135,-1,150,135,151,-1,151,135,134,-1,216,249,217,-1,217,249,218,-1,218,249,219,-1,
  219,249,220,-1,220,249,221,-1,221,249,248,-1,222,221,239,-1,239,221,240,-1,240,221,241,-1,241,221,242,-1,242,221,243,-1,
  243,221,244,-1,244,221,245,-1,245,221,246,-1,246,221,247,-1,247,221,248,-1,223,222,230,-1,230,222,231,-1,231,222,232,-1,
  232,222,233,-1,233,222,234,-1,234,222,235,-1,235,222,236,-1,236,222,237,-1,237,222,238,-1,238,222,239,-1,223,230,224,-1,
  224,230,225,-1,225,230,226,-1,226,230,227,-1,227,230,229,-1,257,256,343,-1,257,343,266,-1,266,343,342,-1,266,342,296,-1,
  296,342,357,-1,296,357,297,-1,297,357,356,-1,297,356,298,-1,298,356,299,-1,345,344,255,-1,255,344,256,-1,256,344,343,-1,
  333,319,305,-1,333,305,334,-1,334,305,304,-1,334,304,335,-1,335,304,303,-1,335,303,265,-1,265,303,351,-1,265,351,250,-1,
  250,351,350,-1,250,350,251,-1,251,350,349,-1,251,349,252,-1,252,349,348,-1,252,348,253,-1,253,348,347,-1,253,347,254,-1,
  254,347,346,-1,254,346,255,-1,255,346,345,-1,283,282,292,-1,283,292,284,-1,284,292,291,-1,284,291,285,-1,285,291,290,-1,
  285,290,286,-1,286,290,289,-1,286,289,287,-1,287,289,288,-1,268,267,294,-1,268,294,281,-1,281,294,293,-1,281,293,282,-1,
  282,293,292,-1,294,267,295,-1,295,267,296,-1,296,267,266,-1,300,299,354,-1,354,299,355,-1,355,299,356,-1,352,351,302,-1,
  352,302,353,-1,353,302,301,-1,353,301,354,-1,354,301,300,-1,270,269,279,-1,270,279,271,-1,271,279,278,-1,271,278,272,-1,
  272,278,277,-1,272,277,273,-1,273,277,276,-1,273,276,274,-1,274,276,275,-1,279,269,280,-1,280,269,281,-1,281,269,268,-1,
  340,339,260,-1,340,260,341,-1,341,260,259,-1,341,259,266,-1,266,259,258,-1,266,258,257,-1,338,337,262,-1,338,262,339,-1,
  339,262,261,-1,339,261,260,-1,264,263,336,-1,336,263,337,-1,337,263,262,-1,335,265,336,-1,336,265,264,-1,314,311,310,-1,
  314,310,315,-1,315,310,309,-1,315,309,316,-1,316,309,308,-1,316,308,317,-1,317,308,307,-1,317,307,318,-1,318,307,306,-1,
  318,306,319,-1,319,306,305,-1,313,312,314,-1,314,312,311,-1,328,325,324,-1,328,324,329,-1,329,324,323,-1,329,323,330,-1,
  330,323,322,-1,330,322,331,-1,331,322,321,-1,331,321,332,-1,332,321,320,-1,332,320,333,-1,333,320,319,-1,327,326,328,-1,
  328,326,325,-1,403,402,391,-1,403,391,372,-1,372,391,390,-1,372,390,373,-1,373,390,389,-1,373,389,374,-1,374,389,388,-1,
  374,388,375,-1,375,388,387,-1,375,387,376,-1,376,387,386,-1,376,386,377,-1,377,386,385,-1,377,385,379,-1,379,385,383,-1,
  379,383,380,-1,380,383,381,-1,358,397,365,-1,358,365,359,-1,359,365,364,-1,359,364,360,-1,360,364,363,-1,360,363,361,-1,
  361,363,362,-1,397,408,365,-1,365,408,366,-1,366,408,367,-1,367,408,368,-1,368,408,407,-1,368,407,406,-1,368,406,369,-1,
  369,406,405,-1,369,405,370,-1,370,405,371,-1,405,404,371,-1,371,404,372,-1,372,404,403,-1,396,395,399,-1,396,399,358,-1,
  358,399,398,-1,358,398,397,-1,395,394,399,-1,399,394,400,-1,400,394,401,-1,401,394,393,-1,391,402,392,-1,392,402,393,-1,
  393,402,401,-1,456,455,409,-1,409,455,410,-1,410,455,453,-1,453,455,454,-1,411,410,418,-1,418,410,444,-1,444,410,445,-1,
  445,410,446,-1,446,410,447,-1,447,410,448,-1,448,410,449,-1,449,410,450,-1,450,410,451,-1,451,410,452,-1,452,410,453,-1,
  411,418,412,-1,412,418,413,-1,413,418,414,-1,414,418,415,-1,415,418,417,-1,437,426,425,-1,437,425,438,-1,438,425,424,-1,
  438,424,439,-1,439,424,423,-1,439,423,440,-1,440,423,422,-1,440,422,441,-1,441,422,421,-1,441,421,442,-1,442,421,420,-1,
  442,420,443,-1,443,420,419,-1,443,419,444,-1,444,419,418,-1,432,431,430,-1,432,430,433,-1,433,430,429,-1,433,429,434,-1,
  434,429,428,-1,434,428,435,-1,435,428,427,-1,435,427,437,-1,437,427,426,-1,502,501,490,-1,502,490,471,-1,471,490,489,-1,
  471,489,472,-1,472,489,488,-1,472,488,473,-1,473,488,487,-1,473,487,474,-1,474,487,486,-1,474,486,475,-1,475,486,485,-1,
  475,485,476,-1,476,485,484,-1,476,484,478,-1,478,484,482,-1,478,482,479,-1,479,482,480,-1,457,496,464,-1,457,464,458,-1,
  458,464,463,-1,458,463,459,-1,459,463,462,-1,459,462,460,-1,460,462,461,-1,496,507,464,-1,464,507,465,-1,465,507,466,-1,
  466,507,467,-1,467,507,506,-1,467,506,505,-1,467,505,468,-1,468,505,504,-1,468,504,469,-1,469,504,470,-1,504,503,470,-1,
  470,503,471,-1,471,503,502,-1,495,494,498,-1,495,498,457,-1,457,498,497,-1,457,497,496,-1,494,493,498,-1,498,493,499,-1,
  499,493,500,-1,500,493,492,-1,490,501,491,-1,491,501,492,-1,492,501,500,-1,553,552,541,-1,553,541,522,-1,522,541,540,-1,
  522,540,523,-1,523,540,539,-1,523,539,524,-1,524,539,538,-1,524,538,525,-1,525,538,537,-1,525,537,526,-1,526,537,536,-1,
  526,536,527,-1,527,536,535,-1,527,535,529,-1,529,535,533,-1,529,533,530,-1,530,533,531,-1,508,547,515,-1,508,515,509,-1,
  509,515,514,-1,509,514,510,-1,510,514,513,-1,510,513,511,-1,511,513,512,-1,547,558,515,-1,515,558,516,-1,516,558,517,-1,
  517,558,518,-1,518,558,557,-1,518,557,556,-1,518,556,519,-1,519,556,555,-1,519,555,520,-1,520,555,521,-1,555,554,521,-1,
  521,554,522,-1,522,554,553,-1,546,545,549,-1,546,549,508,-1,508,549,548,-1,508,548,547,-1,545,544,549,-1,549,544,550,-1,
  550,544,551,-1,551,544,543,-1,541,552,542,-1,542,552,543,-1,543,552,551,-1,593,592,596,-1,596,592,597,-1,597,592,598,-1,
  598,592,599,-1,599,592,600,-1,600,592,606,-1,606,592,591,-1,607,606,591,-1,607,591,608,-1,608,591,590,-1,608,590,572,-1,
  572,590,573,-1,573,590,589,-1,573,589,574,-1,574,589,588,-1,574,588,575,-1,575,588,587,-1,575,587,576,-1,576,587,586,-1,
  576,586,577,-1,577,586,585,-1,577,585,578,-1,578,585,584,-1,578,584,579,-1,579,584,583,-1,579,583,580,-1,580,583,581,-1,
  601,600,604,-1,601,604,559,-1,559,604,603,-1,559,603,568,-1,568,603,612,-1,568,612,569,-1,569,612,570,-1,606,605,600,-1,
  600,605,604,-1,594,593,595,-1,595,593,596,-1,561,560,568,-1,561,568,562,-1,562,568,567,-1,562,567,563,-1,563,567,566,-1,
  563,566,564,-1,564,566,565,-1,610,609,571,-1,610,571,611,-1,611,571,570,-1,611,570,612,-1,571,609,572,-1,572,609,608,-1,
  636,635,642,-1,636,642,637,-1,637,642,641,-1,637,641,638,-1,638,641,640,-1,638,640,639,-1,613,642,635,-1,613,635,628,-1,
  628,635,634,-1,628,634,629,-1,629,634,630,-1,630,634,631,-1,631,634,632,-1,632,634,633,-1,613,628,614,-1,614,628,615,-1,
  615,628,616,-1,616,628,617,-1,617,628,618,-1,618,628,619,-1,619,628,620,-1,620,628,621,-1,621,628,622,-1,622,628,627,-1,
  623,622,624,-1,624,622,626,-1,626,622,627,-1,659,658,651,-1,651,658,652,-1,652,658,653,-1,653,658,656,-1,656,658,657,-1,
  653,656,654,-1,654,656,655,-1,740,739,732,-1,732,739,733,-1,733,739,734,-1,734,739,737,-1,737,739,738,-1,734,737,735,-1,
  735,737,736,-1,728,727,743,-1,728,743,729,-1,729,743,742,-1,729,742,730,-1,730,742,741,-1,730,741,731,-1,731,741,740,-1,
  731,740,732,-1,745,744,726,-1,726,744,727,-1,727,744,743,-1,724,785,747,-1,724,747,725,-1,725,747,746,-1,725,746,726,-1,
  726,746,745,-1,802,749,748,-1,802,748,803,-1,803,748,747,-1,803,747,804,-1,804,747,785,-1,751,750,800,-1,800,750,801,-1,
  801,750,802,-1,802,750,749,-1,798,797,753,-1,798,753,799,-1,799,753,752,-1,799,752,800,-1,800,752,751,-1,753,797,796,-1,
  753,796,754,-1,754,796,795,-1,754,795,778,-1,778,795,779,-1,647,646,662,-1,647,662,648,-1,648,662,661,-1,648,661,649,-1,
  649,661,660,-1,649,660,650,-1,650,660,659,-1,650,659,651,-1,664,663,645,-1,645,663,646,-1,646,663,662,-1,643,704,666,-1,
  643,666,644,-1,644,666,665,-1,644,665,645,-1,645,665,664,-1,721,668,667,-1,721,667,722,-1,722,667,666,-1,722,666,723,-1,
  723,666,704,-1,670,669,719,-1,719,669,720,-1,720,669,721,-1,721,669,668,-1,717,716,672,-1,717,672,718,-1,718,672,671,-1,
  718,671,719,-1,719,671,670,-1,672,716,715,-1,672,715,673,-1,673,715,714,-1,673,714,697,-1,697,714,698,-1,687,684,683,-1,
  687,683,689,-1,689,683,681,-1,689,681,690,-1,690,681,680,-1,690,680,691,-1,691,680,679,-1,691,679,692,-1,692,679,678,-1,
  692,678,693,-1,693,678,677,-1,693,677,694,-1,694,677,676,-1,694,676,695,-1,695,676,675,-1,695,675,696,-1,696,675,674,-1,
  696,674,697,-1,697,674,673,-1,686,685,687,-1,687,685,684,-1,704,643,705,-1,705,643,706,-1,706,643,707,-1,707,643,703,-1,
  709,708,701,-1,701,708,702,-1,702,708,703,-1,703,708,707,-1,711,710,699,-1,699,710,700,-1,700,710,701,-1,701,710,709,-1,
  699,698,711,-1,711,698,712,-1,712,698,713,-1,713,698,714,-1,768,765,764,-1,768,764,770,-1,770,764,762,-1,770,762,771,-1,
  771,762,761,-1,771,761,772,-1,772,761,760,-1,772,760,773,-1,773,760,759,-1,773,759,774,-1,774,759,758,-1,774,758,775,-1,
  775,758,757,-1,775,757,776,-1,776,757,756,-1,776,756,777,-1,777,756,755,-1,777,755,778,-1,778,755,754,-1,767,766,768,-1,
  768,766,765,-1,785,724,786,-1,786,724,787,-1,787,724,788,-1,788,724,784,-1,790,789,782,-1,782,789,783,-1,783,789,784,-1,
  784,789,788,-1,792,791,780,-1,780,791,781,-1,781,791,782,-1,782,791,790,-1,780,779,792,-1,792,779,793,-1,793,779,794,-1,
  794,779,795,-1,878,877,884,-1,878,884,879,-1,879,884,883,-1,879,883,880,-1,880,883,882,-1,880,882,881,-1,884,877,885,-1,
  885,877,813,-1,813,877,855,-1,855,877,856,-1,856,877,857,-1,857,877,858,-1,858,877,876,-1,885,813,886,-1,886,813,887,-1,
  887,813,888,-1,888,813,889,-1,889,813,890,-1,890,813,891,-1,891,813,892,-1,892,813,812,-1,892,812,811,-1,892,811,893,-1,
  893,811,810,-1,893,810,894,-1,894,810,809,-1,894,809,895,-1,895,809,805,-1,808,807,809,-1,809,807,805,-1,805,807,806,-1,
  874,873,867,-1,867,873,868,-1,868,873,869,-1,869,873,871,-1,871,873,872,-1,867,866,874,-1,874,866,875,-1,875,866,876,-1,
  876,866,865,-1,858,876,859,-1,859,876,860,-1,860,876,861,-1,861,876,862,-1,862,876,863,-1,863,876,864,-1,864,876,865,-1,
  813,855,854,-1,813,854,814,-1,814,854,853,-1,814,853,831,-1,831,853,832,-1,897,896,968,-1,968,896,969,-1,969,896,970,-1,
  970,896,973,-1,973,896,974,-1,970,973,971,-1,971,973,972,-1,992,991,993,-1,993,991,994,-1,994,991,989,-1,989,991,990,-1,
  995,994,986,-1,986,994,987,-1,987,994,988,-1,988,994,989,-1,997,996,985,-1,985,996,986,-1,986,996,995,-1,984,983,999,-1,
  984,999,985,-1,985,999,998,-1,985,998,997,-1,1001,1000,982,-1,982,1000,983,-1,983,1000,999,-1,981,980,1003,-1,981,1003,982,-1,
  982,1003,1002,-1,982,1002,1001,-1,1005,1004,978,-1,978,1004,979,-1,979,1004,980,-1,980,1004,1003,-1,1006,1005,1013,-1,1013,1005,1014,-1,
  1014,1005,975,-1,975,1005,976,-1,976,1005,977,-1,977,1005,978,-1,1010,1009,1008,-1,1010,1008,1011,-1,1011,1008,1007,-1,1011,1007,1012,-1,
  1012,1007,1006,-1,1012,1006,1013,-1,1064,1063,1016,-1,1064,1016,975,-1,975,1016,1015,-1,975,1015,1014,-1,1061,1060,1019,-1,1061,1019,1062,-1,
  1062,1019,1018,-1,1062,1018,1063,-1,1063,1018,1017,-1,1063,1017,1016,-1,1030,1028,1027,-1,1030,1027,1031,-1,1031,1027,1026,-1,1031,1026,1032,-1,
  1032,1026,1025,-1,1032,1025,1033,-1,1033,1025,1024,-1,1033,1024,1034,-1,1034,1024,1023,-1,1034,1023,1035,-1,1035,1023,1022,-1,1035,1022,1036,-1,
  1036,1022,1021,-1,1036,1021,1037,-1,1037,1021,1020,-1,1037,1020,1059,-1,1059,1020,1060,-1,1048,1047,1049,-1,1049,1047,1050,-1,1050,1047,1051,-1,
  1051,1047,1046,-1,1052,1051,1044,-1,1044,1051,1045,-1,1045,1051,1046,-1,1042,1041,1054,-1,1042,1054,1043,-1,1043,1054,1053,-1,1043,1053,1044,-1,
  1044,1053,1052,-1,1040,1039,1056,-1,1040,1056,1041,-1,1041,1056,1055,-1,1041,1055,1054,-1,1058,1057,1038,-1,1038,1057,1039,-1,1039,1057,1056,-1,
  1037,1059,1038,-1,1038,1059,1058,-1,897,968,967,-1,897,967,898,-1,898,967,966,-1,898,966,899,-1,899,966,965,-1,899,965,900,-1,
  900,965,964,-1,900,964,901,-1,901,964,963,-1,901,963,923,-1,923,963,924,-1,921,920,904,-1,921,904,922,-1,922,904,903,-1,
  922,903,923,-1,923,903,902,-1,923,902,901,-1,904,920,905,-1,905,920,906,-1,906,920,907,-1,907,920,919,-1,919,918,907,-1,
  907,918,908,-1,908,918,909,-1,909,918,910,-1,910,918,917,-1,914,913,912,-1,914,912,915,-1,915,912,911,-1,915,911,916,-1,
  916,911,910,-1,916,910,917,-1,840,839,845,-1,840,845,841,-1,841,845,844,-1,841,844,842,-1,842,844,843,-1,839,838,845,-1,
  845,838,846,-1,846,838,847,-1,847,838,837,-1,849,848,835,-1,835,848,836,-1,836,848,837,-1,837,848,847,-1,851,850,833,-1,
  833,850,834,-1,834,850,835,-1,835,850,849,-1,833,832,851,-1,851,832,852,-1,852,832,853,-1,824,822,821,-1,824,821,825,-1,
  825,821,820,-1,825,820,826,-1,826,820,819,-1,826,819,827,-1,827,819,818,-1,827,818,828,-1,828,818,817,-1,828,817,829,-1,
  829,817,816,-1,829,816,830,-1,830,816,815,-1,830,815,831,-1,831,815,814,-1,933,932,939,-1,933,939,934,-1,934,939,938,-1,
  934,938,935,-1,935,938,937,-1,935,937,936,-1,930,929,954,-1,930,954,931,-1,931,954,953,-1,931,953,932,-1,932,953,940,-1,
  932,940,939,-1,950,949,941,-1,950,941,951,-1,951,941,940,-1,951,940,952,-1,952,940,953,-1,943,942,945,-1,945,942,947,-1,
  947,942,948,-1,948,942,949,-1,949,942,941,-1,960,926,925,-1,960,925,961,-1,961,925,924,-1,961,924,962,-1,962,924,963,-1,
  928,927,957,-1,957,927,958,-1,958,927,959,-1,959,927,960,-1,960,927,926,-1,954,929,955,-1,955,929,956,-1,956,929,957,-1,
  957,929,928,-1,1110,1109,1098,-1,1110,1098,1079,-1,1079,1098,1097,-1,1079,1097,1080,-1,1080,1097,1096,-1,1080,1096,1081,-1,1081,1096,1095,-1,
  1081,1095,1082,-1,1082,1095,1094,-1,1082,1094,1083,-1,1083,1094,1093,-1,1083,1093,1084,-1,1084,1093,1092,-1,1084,1092,1086,-1,1086,1092,1090,-1,
  1086,1090,1087,-1,1087,1090,1088,-1,1065,1104,1072,-1,1065,1072,1066,-1,1066,1072,1071,-1,1066,1071,1067,-1,1067,1071,1070,-1,1067,1070,1068,-1,
  1068,1070,1069,-1,1104,1115,1072,-1,1072,1115,1073,-1,1073,1115,1074,-1,1074,1115,1075,-1,1075,1115,1114,-1,1075,1114,1113,-1,1075,1113,1076,-1,
  1076,1113,1112,-1,1076,1112,1077,-1,1077,1112,1078,-1,1112,1111,1078,-1,1078,1111,1079,-1,1079,1111,1110,-1,1103,1102,1106,-1,1103,1106,1065,-1,
  1065,1106,1105,-1,1065,1105,1104,-1,1102,1101,1106,-1,1106,1101,1107,-1,1107,1101,1108,-1,1108,1101,1100,-1,1098,1109,1099,-1,1099,1109,1100,-1,
  1100,1109,1108,-1,1197,1136,1135,-1,1197,1135,1198,-1,1198,1135,1134,-1,1198,1134,1118,-1,1118,1134,1133,-1,1118,1133,1119,-1,1119,1133,1132,-1,
  1119,1132,1120,-1,1120,1132,1131,-1,1120,1131,1121,-1,1121,1131,1122,-1,1127,1126,1125,-1,1127,1125,1128,-1,1128,1125,1124,-1,1128,1124,1129,-1,
  1129,1124,1123,-1,1129,1123,1130,-1,1130,1123,1122,-1,1130,1122,1131,-1,1182,1181,1166,-1,1182,1166,1116,-1,1116,1166,1183,-1,1116,1183,1117,-1,
  1117,1183,1198,-1,1117,1198,1118,-1,1138,1137,1195,-1,1195,1137,1196,-1,1196,1137,1197,-1,1197,1137,1136,-1,1193,1192,1140,-1,1193,1140,1194,-1,
  1194,1140,1139,-1,1194,1139,1195,-1,1195,1139,1138,-1,1152,1149,1148,-1,1152,1148,1153,-1,1153,1148,1147,-1,1153,1147,1154,-1,1154,1147,1146,-1,
  1154,1146,1155,-1,1155,1146,1145,-1,1155,1145,1156,-1,1156,1145,1144,-1,1156,1144,1157,-1,1157,1144,1143,-1,1157,1143,1158,-1,1158,1143,1142,-1,
  1158,1142,1159,-1,1159,1142,1141,-1,1159,1141,1191,-1,1191,1141,1192,-1,1177,1176,1178,-1,1178,1176,1172,-1,1172,1176,1173,-1,1173,1176,1174,-1,
  1174,1176,1175,-1,1172,1171,1178,-1,1178,1171,1179,-1,1179,1171,1180,-1,1180,1171,1170,-1,1181,1180,1166,-1,1166,1180,1167,-1,1167,1180,1168,-1,
  1168,1180,1169,-1,1169,1180,1170,-1,1164,1163,1186,-1,1164,1186,1165,-1,1165,1186,1185,-1,1165,1185,1166,-1,1166,1185,1184,-1,1166,1184,1183,-1,
  1162,1161,1188,-1,1162,1188,1163,-1,1163,1188,1187,-1,1163,1187,1186,-1,1190,1189,1160,-1,1160,1189,1161,-1,1161,1189,1188,-1,1159,1191,1160,-1,
  1160,1191,1190,-1,1151,1150,1152,-1,1152,1150,1149,-1,1244,1243,1232,-1,1244,1232,1213,-1,1213,1232,1231,-1,1213,1231,1214,-1,1214,1231,1230,-1,
  1214,1230,1215,-1,1215,1230,1229,-1,1215,1229,1216,-1,1216,1229,1228,-1,1216,1228,1217,-1,1217,1228,1227,-1,1217,1227,1218,-1,1218,1227,1226,-1,
  1218,1226,1220,-1,1220,1226,1224,-1,1220,1224,1221,-1,1221,1224,1222,-1,1199,1238,1206,-1,1199,1206,1200,-1,1200,1206,1205,-1,1200,1205,1201,-1,
  1201,1205,1204,-1,1201,1204,1202,-1,1202,1204,1203,-1,1238,1249,1206,-1,1206,1249,1207,-1,1207,1249,1208,-1,1208,1249,1209,-1,1209,1249,1248,-1,
  1209,1248,1247,-1,1209,1247,1210,-1,1210,1247,1246,-1,1210,1246,1211,-1,1211,1246,1212,-1,1246,1245,1212,-1,1212,1245,1213,-1,1213,1245,1244,-1,
  1237,1236,1240,-1,1237,1240,1199,-1,1199,1240,1239,-1,1199,1239,1238,-1,1236,1235,1240,-1,1240,1235,1241,-1,1241,1235,1242,-1,1242,1235,1234,-1,
  1232,1243,1233,-1,1233,1243,1234,-1,1234,1243,1242,-1,1267,1266,1268,-1,1268,1266,1269,-1,1269,1266,1264,-1,1264,1266,1265,-1,1270,1269,1261,-1,
  1261,1269,1262,-1,1262,1269,1263,-1,1263,1269,1264,-1,1272,1271,1260,-1,1260,1271,1261,-1,1261,1271,1270,-1,1259,1258,1274,-1,1259,1274,1260,-1,
  1260,1274,1273,-1,1260,1273,1272,-1,1276,1275,1257,-1,1257,1275,1258,-1,1258,1275,1274,-1,1256,1255,1278,-1,1256,1278,1257,-1,1257,1278,1277,-1,
  1257,1277,1276,-1,1280,1279,1253,-1,1253,1279,1254,-1,1254,1279,1255,-1,1255,1279,1278,-1,1281,1280,1288,-1,1288,1280,1289,-1,1289,1280,1250,-1,
  1250,1280,1251,-1,1251,1280,1252,-1,1252,1280,1253,-1,1285,1284,1283,-1,1285,1283,1286,-1,1286,1283,1282,-1,1286,1282,1287,-1,1287,1282,1281,-1,
  1287,1281,1288,-1,1339,1338,1291,-1,1339,1291,1250,-1,1250,1291,1290,-1,1250,1290,1289,-1,1336,1335,1294,-1,1336,1294,1337,-1,1337,1294,1293,-1,
  1337,1293,1338,-1,1338,1293,1292,-1,1338,1292,1291,-1,1305,1303,1302,-1,1305,1302,1306,-1,1306,1302,1301,-1,1306,1301,1307,-1,1307,1301,1300,-1,
  1307,1300,1308,-1,1308,1300,1299,-1,1308,1299,1309,-1,1309,1299,1298,-1,1309,1298,1310,-1,1310,1298,1297,-1,1310,1297,1311,-1,1311,1297,1296,-1,
  1311,1296,1312,-1,1312,1296,1295,-1,1312,1295,1334,-1,1334,1295,1335,-1,1323,1322,1324,-1,1324,1322,1325,-1,1325,1322,1326,-1,1326,1322,1321,-1,
  1327,1326,1319,-1,1319,1326,1320,-1,1320,1326,1321,-1,1317,1316,1329,-1,1317,1329,1318,-1,1318,1329,1328,-1,1318,1328,1319,-1,1319,1328,1327,-1,
  1315,1314,1331,-1,1315,1331,1316,-1,1316,1331,1330,-1,1316,1330,1329,-1,1333,1332,1313,-1,1313,1332,1314,-1,1314,1332,1331,-1,1312,1334,1313,-1,
  1313,1334,1333,-1,1385,1384,1373,-1,1385,1373,1354,-1,1354,1373,1372,-1,1354,1372,1355,-1,1355,1372,1371,-1,1355,1371,1356,-1,1356,1371,1370,-1,
  1356,1370,1357,-1,1357,1370,1369,-1,1357,1369,1358,-1,1358,1369,1368,-1,1358,1368,1359,-1,1359,1368,1367,-1,1359,1367,1361,-1,1361,1367,1365,-1,
  1361,1365,1362,-1,1362,1365,1363,-1,1340,1379,1347,-1,1340,1347,1341,-1,1341,1347,1346,-1,1341,1346,1342,-1,1342,1346,1345,-1,1342,1345,1343,-1,
  1343,1345,1344,-1,1379,1390,1347,-1,1347,1390,1348,-1,1348,1390,1349,-1,1349,1390,1350,-1,1350,1390,1389,-1,1350,1389,1388,-1,1350,1388,1351,-1,
  1351,1388,1387,-1,1351,1387,1352,-1,1352,1387,1353,-1,1387,1386,1353,-1,1353,1386,1354,-1,1354,1386,1385,-1,1378,1377,1381,-1,1378,1381,1340,-1,
  1340,1381,1380,-1,1340,1380,1379,-1,1377,1376,1381,-1,1381,1376,1382,-1,1382,1376,1383,-1,1383,1376,1375,-1,1373,1384,1374,-1,1374,1384,1375,-1,
  1375,1384,1383,-1,1412,1411,1407,-1,1407,1411,1408,-1,1408,1411,1409,-1,1409,1411,1410,-1,1406,1405,1414,-1,1406,1414,1407,-1,1407,1414,1413,-1,
  1407,1413,1412,-1,1416,1415,1404,-1,1404,1415,1405,-1,1405,1415,1414,-1,1418,1417,1402,-1,1402,1417,1403,-1,1403,1417,1404,-1,1404,1417,1416,-1,
  1400,1399,1420,-1,1400,1420,1401,-1,1401,1420,1419,-1,1401,1419,1402,-1,1402,1419,1418,-1,1399,1398,1421,-1,1421,1398,1422,-1,1422,1398,1423,-1,
  1423,1398,1424,-1,1424,1398,1397,-1,1391,1456,1455,-1,1391,1455,1392,-1,1392,1455,1454,-1,1392,1454,1393,-1,1393,1454,1453,-1,1393,1453,1394,-1,
  1394,1453,1452,-1,1394,1452,1395,-1,1395,1452,1451,-1,1395,1451,1396,-1,1396,1451,1450,-1,1396,1450,1449,-1,1397,1396,1436,-1,1436,1396,1444,-1,
  1444,1396,1445,-1,1445,1396,1446,-1,1446,1396,1447,-1,1447,1396,1448,-1,1448,1396,1449,-1,1436,1435,1397,-1,1397,1435,1424,-1,1424,1435,1425,-1,
  1425,1435,1434,-1,1427,1426,1433,-1,1433,1426,1434,-1,1434,1426,1425,-1,1429,1428,1431,-1,1431,1428,1432,-1,1432,1428,1433,-1,1433,1428,1427,-1,
  1441,1440,1439,-1,1441,1439,1442,-1,1442,1439,1438,-1,1442,1438,1443,-1,1443,1438,1437,-1,1443,1437,1444,-1,1444,1437,1436,-1,1502,1501,1490,-1,
  1502,1490,1471,-1,1471,1490,1489,-1,1471,1489,1472,-1,1472,1489,1488,-1,1472,1488,1473,-1,1473,1488,1487,-1,1473,1487,1474,-1,1474,1487,1486,-1,
  1474,1486,1475,-1,1475,1486,1485,-1,1475,1485,1476,-1,1476,1485,1484,-1,1476,1484,1478,-1,1478,1484,1482,-1,1478,1482,1479,-1,1479,1482,1480,-1,
  1457,1496,1464,-1,1457,1464,1458,-1,1458,1464,1463,-1,1458,1463,1459,-1,1459,1463,1462,-1,1459,1462,1460,-1,1460,1462,1461,-1,1496,1507,1464,-1,
  1464,1507,1465,-1,1465,1507,1466,-1,1466,1507,1467,-1,1467,1507,1506,-1,1467,1506,1505,-1,1467,1505,1468,-1,1468,1505,1504,-1,1468,1504,1469,-1,
  1469,1504,1470,-1,1504,1503,1470,-1,1470,1503,1471,-1,1471,1503,1502,-1,1495,1494,1498,-1,1495,1498,1457,-1,1457,1498,1497,-1,1457,1497,1496,-1,
  1494,1493,1498,-1,1498,1493,1499,-1,1499,1493,1500,-1,1500,1493,1492,-1,1490,1501,1491,-1,1491,1501,1492,-1,1492,1501,1500,-1,1553,1552,1541,-1,
  1553,1541,1522,-1,1522,1541,1540,-1,1522,1540,1523,-1,1523,1540,1539,-1,1523,1539,1524,-1,1524,1539,1538,-1,1524,1538,1525,-1,1525,1538,1537,-1,
  1525,1537,1526,-1,1526,1537,1536,-1,1526,1536,1527,-1,1527,1536,1535,-1,1527,1535,1529,-1,1529,1535,1533,-1,1529,1533,1530,-1,1530,1533,1531,-1,
  1508,1547,1515,-1,1508,1515,1509,-1,1509,1515,1514,-1,1509,1514,1510,-1,1510,1514,1513,-1,1510,1513,1511,-1,1511,1513,1512,-1,1547,1558,1515,-1,
  1515,1558,1516,-1,1516,1558,1517,-1,1517,1558,1518,-1,1518,1558,1557,-1,1518,1557,1556,-1,1518,1556,1519,-1,1519,1556,1555,-1,1519,1555,1520,-1,
  1520,1555,1521,-1,1555,1554,1521,-1,1521,1554,1522,-1,1522,1554,1553,-1,1546,1545,1549,-1,1546,1549,1508,-1,1508,1549,1548,-1,1508,1548,1547,-1,
  1545,1544,1549,-1,1549,1544,1550,-1,1550,1544,1551,-1,1551,1544,1543,-1,1541,1552,1542,-1,1542,1552,1543,-1,1543,1552,1551,-1,1598,1597,1607,-1,
  1598,1607,1599,-1,1599,1607,1606,-1,1599,1606,1600,-1,1600,1606,1605,-1,1600,1605,1601,-1,1601,1605,1604,-1,1601,1604,1602,-1,1602,1604,1603,-1,
  1594,1560,1559,-1,1594,1559,1595,-1,1595,1559,1607,-1,1595,1607,1596,-1,1596,1607,1597,-1,1591,1590,1589,-1,1591,1589,1592,-1,1592,1589,1588,-1,
  1592,1588,1593,-1,1593,1588,1587,-1,1593,1587,1594,-1,1594,1587,1586,-1,1594,1586,1565,-1,1565,1586,1566,-1,1560,1594,1561,-1,1561,1594,1562,-1,
  1562,1594,1563,-1,1563,1594,1564,-1,1564,1594,1565,-1,1566,1586,1567,-1,1567,1586,1568,-1,1568,1586,1569,-1,1569,1586,1570,-1,1570,1586,1571,-1,
  1571,1586,1572,-1,1572,1586,1573,-1,1573,1586,1574,-1,1574,1586,1575,-1,1575,1586,1576,-1,1576,1586,1577,-1,1577,1586,1578,-1,1578,1586,1579,-1,
  1579,1586,1585,-1,1583,1582,1581,-1,1583,1581,1584,-1,1584,1581,1580,-1,1584,1580,1585,-1,1585,1580,1579,-1,1653,1652,1641,-1,1653,1641,1622,-1,
  1622,1641,1640,-1,1622,1640,1623,-1,1623,1640,1639,-1,1623,1639,1624,-1,1624,1639,1638,-1,1624,1638,1625,-1,1625,1638,1637,-1,1625,1637,1626,-1,
  1626,1637,1636,-1,1626,1636,1627,-1,1627,1636,1635,-1,1627,1635,1629,-1,1629,1635,1633,-1,1629,1633,1630,-1,1630,1633,1631,-1,1608,1647,1615,-1,
  1608,1615,1609,-1,1609,1615,1614,-1,1609,1614,1610,-1,1610,1614,1613,-1,1610,1613,1611,-1,1611,1613,1612,-1,1647,1658,1615,-1,1615,1658,1616,-1,
  1616,1658,1617,-1,1617,1658,1618,-1,1618,1658,1657,-1,1618,1657,1656,-1,1618,1656,1619,-1,1619,1656,1655,-1,1619,1655,1620,-1,1620,1655,1621,-1,
  1655,1654,1621,-1,1621,1654,1622,-1,1622,1654,1653,-1,1646,1645,1649,-1,1646,1649,1608,-1,1608,1649,1648,-1,1608,1648,1647,-1,1645,1644,1649,-1,
  1649,1644,1650,-1,1650,1644,1651,-1,1651,1644,1643,-1,1641,1652,1642,-1,1642,1652,1643,-1,1643,1652,1651,-1,1693,1692,1696,-1,1696,1692,1697,-1,
  1697,1692,1698,-1,1698,1692,1699,-1,1699,1692,1700,-1,1700,1692,1706,-1,1706,1692,1691,-1,1707,1706,1691,-1,1707,1691,1708,-1,1708,1691,1690,-1,
  1708,1690,1672,-1,1672,1690,1673,-1,1673,1690,1689,-1,1673,1689,1674,-1,1674,1689,1688,-1,1674,1688,1675,-1,1675,1688,1687,-1,1675,1687,1676,-1,
  1676,1687,1686,-1,1676,1686,1677,-1,1677,1686,1685,-1,1677,1685,1678,-1,1678,1685,1684,-1,1678,1684,1679,-1,1679,1684,1683,-1,1679,1683,1680,-1,
  1680,1683,1681,-1,1701,1700,1704,-1,1701,1704,1659,-1,1659,1704,1703,-1,1659,1703,1668,-1,1668,1703,1712,-1,1668,1712,1669,-1,1669,1712,1670,-1,
  1706,1705,1700,-1,1700,1705,1704,-1,1694,1693,1695,-1,1695,1693,1696,-1,1661,1660,1668,-1,1661,1668,1662,-1,1662,1668,1667,-1,1662,1667,1663,-1,
  1663,1667,1666,-1,1663,1666,1664,-1,1664,1666,1665,-1,1710,1709,1671,-1,1710,1671,1711,-1,1711,1671,1670,-1,1711,1670,1712,-1,1671,1709,1672,-1,
  1672,1709,1708,-1,1739,1738,1740,-1,1740,1738,1741,-1,1741,1738,1742,-1,1742,1738,1743,-1,1743,1738,1744,-1,1744,1738,1737,-1,1714,1713,1721,-1,
  1721,1713,1729,-1,1729,1713,1730,-1,1730,1713,1737,-1,1737,1713,1744,-1,1737,1736,1730,-1,1730,1736,1731,-1,1731,1736,1732,-1,1732,1736,1733,-1,
  1733,1736,1734,-1,1734,1736,1735,-1,1714,1721,1715,-1,1715,1721,1716,-1,1716,1721,1717,-1,1717,1721,1720,-1,1719,1718,1720,-1,1720,1718,1717,-1,
  1722,1721,1725,-1,1725,1721,1726,-1,1726,1721,1727,-1,1727,1721,1728,-1,1728,1721,1729,-1,1723,1722,1724,-1,1724,1722,1725,-1,1753,1752,1781,-1,
  1781,1752,1745,-1,1745,1752,1746,-1,1746,1752,1747,-1,1747,1752,1748,-1,1748,1752,1749,-1,1749,1752,1750,-1,1750,1752,1751,-1,1753,1781,1754,-1,
  1754,1781,1755,-1,1755,1781,1756,-1,1756,1781,1757,-1,1757,1781,1758,-1,1758,1781,1759,-1,1759,1781,1760,-1,1760,1781,1761,-1,1761,1781,1762,-1,
  1762,1781,1783,-1,1762,1783,1763,-1,1763,1783,1764,-1,1764,1783,1765,-1,1765,1783,1766,-1,1766,1783,1767,-1,1767,1783,1768,-1,1768,1783,1769,-1,
  1769,1783,1770,-1,1770,1783,1771,-1,1771,1783,1782,-1,1779,1778,1771,-1,1779,1771,1780,-1,1780,1771,1782,-1,1780,1782,1745,-1,1745,1782,1781,-1,
  1773,1772,1775,-1,1775,1772,1776,-1,1776,1772,1777,-1,1777,1772,1778,-1,1778,1772,1771,-1,1791,1790,1797,-1,1791,1797,1792,-1,1792,1797,1796,-1,
  1792,1796,1793,-1,1793,1796,1795,-1,1793,1795,1794,-1,1797,1790,1805,-1,1805,1790,1784,-1,1784,1790,1785,-1,1785,1790,1786,-1,1786,1790,1787,-1,
  1787,1790,1788,-1,1788,1790,1789,-1,1802,1801,1800,-1,1802,1800,1803,-1,1803,1800,1799,-1,1803,1799,1804,-1,1804,1799,1798,-1,1804,1798,1805,-1,
  1805,1798,1797,-1,1833,1832,1834,-1,1834,1832,1835,-1,1835,1832,1836,-1,1836,1832,1837,-1,1837,1832,1838,-1,1838,1832,1831,-1,1808,1807,1815,-1,
  1815,1807,1823,-1,1823,1807,1824,-1,1824,1807,1831,-1,1831,1807,1838,-1,1831,1830,1824,-1,1824,1830,1825,-1,1825,1830,1826,-1,1826,1830,1827,-1,
  1827,1830,1828,-1,1828,1830,1829,-1,1808,1815,1809,-1,1809,1815,1810,-1,1810,1815,1811,-1,1811,1815,1814,-1,1813,1812,1814,-1,1814,1812,1811,-1,
  1816,1815,1819,-1,1819,1815,1820,-1,1820,1815,1821,-1,1821,1815,1822,-1,1822,1815,1823,-1,1817,1816,1818,-1,1818,1816,1819,-1,1886,1885,1860,-1,
  1886,1860,1839,-1,1839,1860,1847,-1,1839,1847,1840,-1,1840,1847,1846,-1,1840,1846,1841,-1,1841,1846,1845,-1,1841,1845,1842,-1,1842,1845,1844,-1,
  1842,1844,1843,-1,1876,1875,1874,-1,1876,1874,1877,-1,1877,1874,1873,-1,1877,1873,1878,-1,1878,1873,1872,-1,1878,1872,1879,-1,1879,1872,1871,-1,
  1879,1871,1880,-1,1880,1871,1870,-1,1880,1870,1869,-1,1869,1868,1880,-1,1880,1868,1881,-1,1881,1868,1882,-1,1882,1868,1867,-1,1883,1882,1862,-1,
  1862,1882,1863,-1,1863,1882,1864,-1,1864,1882,1865,-1,1865,1882,1866,-1,1866,1882,1867,-1,1862,1861,1883,-1,1883,1861,1884,-1,1884,1861,1885,-1,
  1885,1861,1860,-1,1858,1850,1849,-1,1858,1849,1859,-1,1859,1849,1848,-1,1859,1848,1860,-1,1860,1848,1847,-1,1855,1854,1853,-1,1855,1853,1856,-1,
  1856,1853,1852,-1,1856,1852,1857,-1,1857,1852,1851,-1,1857,1851,1858,-1,1858,1851,1850,-1,1898,1897,1896,-1,1898,1896,1899,-1,1899,1896,1895,-1,
  1899,1895,1900,-1,1900,1895,1901,-1,1902,1901,1893,-1,1893,1901,1894,-1,1894,1901,1895,-1,1890,1889,1905,-1,1890,1905,1891,-1,1891,1905,1904,-1,
  1891,1904,1892,-1,1892,1904,1903,-1,1892,1903,1893,-1,1893,1903,1902,-1,1906,1905,1889,-1,1906,1889,1907,-1,1907,1889,1888,-1,1907,1888,1908,-1,
  1908,1888,1887,-1,1908,1887,1924,-1,1924,1887,1925,-1,1922,1921,1910,-1,1922,1910,1923,-1,1923,1910,1909,-1,1923,1909,1924,-1,1924,1909,1908,-1,
  1910,1921,1911,-1,1911,1921,1912,-1,1912,1921,1913,-1,1913,1921,1920,-1,1917,1916,1915,-1,1917,1915,1918,-1,1918,1915,1914,-1,1918,1914,1919,-1,
  1919,1914,1913,-1,1919,1913,1920,-1,1950,1949,1931,-1,1950,1931,1951,-1,1951,1931,1930,-1,1951,1930,1968,-1,1968,1930,1929,-1,1968,1929,1969,-1,
  1969,1929,1928,-1,1969,1928,1970,-1,1970,1928,1927,-1,1970,1927,1971,-1,1971,1927,1926,-1,1971,1926,1972,-1,1972,1926,1925,-1,1972,1925,1887,-1,
  1964,1963,1954,-1,1964,1954,1965,-1,1965,1954,1953,-1,1965,1953,1966,-1,1966,1953,1952,-1,1966,1952,1967,-1,1967,1952,1951,-1,1967,1951,1968,-1,
  1932,1931,1949,-1,1932,1949,1933,-1,1933,1949,1948,-1,1933,1948,1934,-1,1934,1948,1947,-1,1934,1947,1935,-1,1935,1947,1946,-1,1935,1946,1936,-1,
  1936,1946,1945,-1,1936,1945,1937,-1,1937,1945,1944,-1,1937,1944,1938,-1,1938,1944,1943,-1,1938,1943,1939,-1,1939,1943,1942,-1,1939,1942,1940,-1,
  1940,1942,1941,-1,1960,1959,1958,-1,1960,1958,1961,-1,1961,1958,1957,-1,1961,1957,1962,-1,1962,1957,1963,-1,1954,1963,1955,-1,1955,1963,1956,-1,
  1956,1963,1957,-1,1805,1784,1806,-1,1773,1775,1774,-1,1701,1659,1702,-1,1659,1668,1660,-1,1681,1683,1682,-1,1627,1629,1628,-1,1633,1635,1634,-1,
  1631,1633,1632,-1,1527,1529,1528,-1,1533,1535,1534,-1,1531,1533,1532,-1,1476,1478,1477,-1,1482,1484,1483,-1,1480,1482,1481,-1,1429,1431,1430,-1,
  1399,1421,1420,-1,1359,1361,1360,-1,1365,1367,1366,-1,1363,1365,1364,-1,1303,1305,1304,-1,1335,1295,1294,-1,1218,1220,1219,-1,1224,1226,1225,-1,
  1222,1224,1223,-1,1192,1141,1140,-1,1084,1086,1085,-1,1090,1092,1091,-1,1088,1090,1089,-1,945,947,946,-1,943,945,944,-1,822,824,823,-1,
  1028,1030,1029,-1,1060,1020,1019,-1,871,870,869,-1,762,764,763,-1,768,770,769,-1,681,683,682,-1,687,689,688,-1,624,626,625,-1,
  601,559,602,-1,559,568,560,-1,581,583,582,-1,527,529,528,-1,533,535,534,-1,531,533,532,-1,476,478,477,-1,482,484,483,-1,
  480,482,481,-1,435,437,436,-1,415,417,416,-1,377,379,378,-1,383,385,384,-1,381,383,382,-1,351,303,302,-1,227,229,228,-1,
  142,144,143,-1,191,190,189,-1,51,53,52,-1,100,99,98,-1,11,13,12,-1]
  normalPerVertex TRUE
  normal DEF NORM_8 Normal { vector [
  0 0 -1,0 0 -1,
  0 0 -1,0 0 -1,
  0 0 -1,0 0 -1,
  0 0 -1,0 0 -1,
  0 0 -1,0 0 -1,
  0 0 -1,0 0 -1,
  0 0 -1,0 0 -1,
  0 0 -1,0 0 -1,
  0 0 -1,0 0 -1,
  0 0 -1,0 0 -1,
  0 0 -1,0 0 -1,
  0 0 -1,0 0 -1,
  0 0 -1,0 0 -1,
  0 0 -1,0 0 -1,
  0 0 -1,0 0 -1,
  0 0 -1,0 0 -1,
  0 0 -1,0 0 -1,
  0 0 -1,0 0 -1,
  0 0 -1,0 0 -1,
  0 0 -1,0 0 -1,
  0 0 -1,0 0 -1,
  0 0 -1,0 0 -1,
  0 0 -1,0 0 -1,
  0 0 -1,0 0 -1,
  0 0 -1,0 0 -1,
  0 0 -1,0 0 -1,
  0 0 -1,0 0 -1,
  0 0 -1,0 0 -1,
  0 0 -1,0 0 -1,
  0 0 -1,0 0 -1,
  0 0 -1,0 0 -1,
  0 0 -1,0 0 -1,
  0 0 -1,0 0 -1,
  0 0 -1,0 0 -1,
  0 0 -1,0 0 -1,
  0 0 -1,0 0 -1,
  0 0 -1,0 0 -1,
  0 0 -1,0 0 -1,
  0 0 -1,0 0 -1,
  0 0 -1,0 0 -1,
  0 0 -1,0 0 -1,
  0 0 -1,0 0 -1,
  0 0 -1,0 0 -1,
  0 0 -1,0 0 -1,
  0 0 -1,0 0 -1,
  0 0 -1,0 0 -1,
  0 0 -1,0 0 -1,
  0 0 -1,0 0 -1,
  0 0 -1,0 0 -1,
  0 0 -1,0 0 -1,
  0 0 -1,0 0 -1,
  0 0 -1,0 0 -1,
  0 0 -1,0 0 -1,
  0 0 -1,0 0 -1,
  0 0 -1,0 0 -1,
  0 0 -1,0 0 -1,
  0 0 -1,0 0 -1,
  0 0 -1,0 0 -1,
  0 0 -1,0 0 -1,
  0 0 -1,0 0 -1,
  0 0 -1,0 0 -1,
  0 0 -1,0 0 -1,
  0 0 -1,0 0 -1,
  0 0 -1,0 0 -1,
  0 0 -1,0 0 -1,
  0 0 -1,0 0 -1,
  0 0 -1,0 0 -1,
  0 0 -1,0 0 -1,
  0 0 -1,0 0 -1,
  0 0 -1,0 0 -1,
  0 0 -1,0 0 -1,
  0 0 -1,0 0 -1,
  0 0 -1,0 0 -1,
  0 0 -1,0 0 -1,
  0 0 -1,0 0 -1,
  0 0 -1,0 0 -1,
  0 0 -1,0 0 -1,
  0 0 -1,0 0 -1,
  0 0 -1,0 0 -1,
  0 0 -1,0 0 -1,
  0 0 -1,0 0 -1,
  0 0 -1,0 0 -1,
  0 0 -1,0 0 -1,
  0 0 -1,0 0 -1,
  0 0 -1,0 0 -1,
  0 0 -1,0 0 -1,
  0 0 -1,0 0 -1,
  0 0 -1,0 0 -1,
  0 0 -1,0 0 -1,
  0 0 -1,0 0 -1,
  0 0 -1,0 0 -1,
  0 0 -1,0 0 -1,
  0 0 -1,0 0 -1,
  0 0 -1,0 0 -1,
  0 0 -1,0 0 -1,
  0 0 -1,0 0 -1,
  0 0 -1,0 0 -1,
  0 0 -1,0 0 -1,
  0 0 -1,0 0 -1,
  0 0 -1,0 0 -1,
  0 0 -1,0 0 -1,
  0 0 -1,0 0 -1,
  0 0 -1,0 0 -1,
  0 0 -1,0 0 -1,
  0 0 -1,0 0 -1,
  0 0 -1,0 0 -1,
  0 0 -1,0 0 -1,
  0 0 -1,0 0 -1,
  0 0 -1,0 0 -1,
  0 0 -1,0 0 -1,
  0 0 -1,0 0 -1,
  0 0 -1,0 0 -1,
  0 0 -1,0 0 -1,
  0 0 -1,0 0 -1,
  0 0 -1,0 0 -1,
  0 0 -1,0 0 -1,
  0 0 -1,0 0 -1,
  0 0 -1,0 0 -1,
  0 0 -1,0 0 -1,
  0 0 -1,0 0 -1,
  0 0 -1,0 0 -1,
  0 0 -1,0 0 -1,
  0 0 -1,0 0 -1,
  0 0 -1,0 0 -1,
  0 0 -1,0 0 -1,
  0 0 -1,0 0 -1,
  0 0 -1,0 0 -1,
  0 0 -1,0 0 -1,
  0 0 -1,0 0 -1,
  0 0 -1,0 0 -1,
  0 0 -1,0 0 -1,
  0 0 -1,0 0 -1,
  0 0 -1,0 0 -1,
  0 0 -1,0 0 -1,
  0 0 -1,0 0 -1,
  0 0 -1,0 0 -1,
  0 0 -1,0 0 -1,
  0 0 -1,0 0 -1,
  0 0 -1,0 0 -1,
  0 0 -1,0 0 -1,
  0 0 -1,0 0 -1,
  0 0 -1,0 0 -1,
  0 0 -1,0 0 -1,
  0 0 -1,0 0 -1,
  0 0 -1,0 0 -1,
  0 0 -1,0 0 -1,
  0 0 -1,0 0 -1,
  0 0 -1,0 0 -1,
  0 0 -1,0 0 -1,
  0 0 -1,0 0 -1,
  0 0 -1,0 0 -1,
  0 0 -1,0 0 -1,
  0 0 -1,0 0 -1,
  0 0 -1,0 0 -1,
  0 0 -1,0 0 -1,
  0 0 -1,0 0 -1,
  0 0 -1,0 0 -1,
  0 0 -1,0 0 -1,
  0 0 -1,0 0 -1,
  0 0 -1,0 0 -1,
  0 0 -1,0 0 -1,
  0 0 -1,0 0 -1,
  0 0 -1,0 0 -1,
  0 0 -1,0 0 -1,
  0 0 -1,0 0 -1,
  0 0 -1,0 0 -1,
  0 0 -1,0 0 -1,
  0 0 -1,0 0 -1,
  0 0 -1,0 0 -1,
  0 0 -1,0 0 -1,
  0 0 -1,0 0 -1,
  0 0 -1,0 0 -1,
  0 0 -1,0 0 -1,
  0 0 -1,0 0 -1,
  0 0 -1,0 0 -1,
  0 0 -1,0 0 -1,
  0 0 -1,0 0 -1,
  0 0 -1,0 0 -1,
  0 0 -1,0 0 -1,
  0 0 -1,0 0 -1,
  0 0 -1,0 0 -1,
  0 0 -1,0 0 -1,
  0 0 -1,0 0 -1,
  0 0 -1,0 0 -1,
  0 0 -1,0 0 -1,
  0 0 -1,0 0 -1,
  0 0 -1,0 0 -1,
  0 0 -1,0 0 -1,
  0 0 -1,0 0 -1,
  0 0 -1,0 0 -1,
  0 0 -1,0 0 -1,
  0 0 -1,0 0 -1,
  0 0 -1,0 0 -1,
  0 0 -1,0 0 -1,
  0 0 -1,0 0 -1,
  0 0 -1,0 0 -1,
  0 0 -1,0 0 -1,
  0 0 -1,0 0 -1,
  0 0 -1,0 0 -1,
  0 0 -1,0 0 -1,
  0 0 -1,0 0 -1,
  0 0 -1,0 0 -1,
  0 0 -1,0 0 -1,
  0 0 -1,0 0 -1,
  0 0 -1,0 0 -1,
  0 0 -1,0 0 -1,
  0 0 -1,0 0 -1,
  0 0 -1,0 0 -1,
  0 0 -1,0 0 -1,
  0 0 -1,0 0 -1,
  0 0 -1,0 0 -1,
  0 0 -1,0 0 -1,
  0 0 -1,0 0 -1,
  0 0 -1,0 0 -1,
  0 0 -1,0 0 -1,
  0 0 -1,0 0 -1,
  0 0 -1,0 0 -1,
  0 0 -1,0 0 -1,
  0 0 -1,0 0 -1,
  0 0 -1,0 0 -1,
  0 0 -1,0 0 -1,
  0 0 -1,0 0 -1,
  0 0 -1,0 0 -1,
  0 0 -1,0 0 -1,
  0 0 -1,0 0 -1,
  0 0 -1,0 0 -1,
  0 0 -1,0 0 -1,
  0 0 -1,0 0 -1,
  0 0 -1,0 0 -1,
  0 0 -1,0 0 -1,
  0 0 -1,0 0 -1,
  0 0 -1,0 0 -1,
  0 0 -1,0 0 -1,
  0 0 -1,0 0 -1,
  0 0 -1,0 0 -1,
  0 0 -1,0 0 -1,
  0 0 -1,0 0 -1,
  0 0 -1,0 0 -1,
  0 0 -1,0 0 -1,
  0 0 -1,0 0 -1,
  0 0 -1,0 0 -1,
  0 0 -1,0 0 -1,
  0 0 -1,0 0 -1,
  0 0 -1,0 0 -1,
  0 0 -1,0 0 -1,
  0 0 -1,0 0 -1,
  0 0 -1,0 0 -1,
  0 0 -1,0 0 -1,
  0 0 -1,0 0 -1,
  0 0 -1,0 0 -1,
  0 0 -1,0 0 -1,
  0 0 -1,0 0 -1,
  0 0 -1,0 0 -1,
  0 0 -1,0 0 -1,
  0 0 -1,0 0 -1,
  0 0 -1,0 0 -1,
  0 0 -1,0 0 -1,
  0 0 -1,0 0 -1,
  0 0 -1,0 0 -1,
  0 0 -1,0 0 -1,
  0 0 -1,0 0 -1,
  0 0 -1,0 0 -1,
  0 0 -1,0 0 -1,
  0 0 -1,0 0 -1,
  0 0 -1,0 0 -1,
  0 0 -1,0 0 -1,
  0 0 -1,0 0 -1,
  0 0 -1,0 0 -1,
  0 0 -1,0 0 -1,
  0 0 -1,0 0 -1,
  0 0 -1,0 0 -1,
  0 0 -1,0 0 -1,
  0 0 -1,0 0 -1,
  0 0 -1,0 0 -1,
  0 0 -1,0 0 -1,
  0 0 -1,0 0 -1,
  0 0 -1,0 0 -1,
  0 0 -1,0 0 -1,
  0 0 -1,0 0 -1,
  0 0 -1,0 0 -1,
  0 0 -1,0 0 -1,
  0 0 -1,0 0 -1,
  0 0 -1,0 0 -1,
  0 0 -1,0 0 -1,
  0 0 -1,0 0 -1,
  0 0 -1,0 0 -1,
  0 0 -1,0 0 -1,
  0 0 -1,0 0 -1,
  0 0 -1,0 0 -1,
  0 0 -1,0 0 -1,
  0 0 -1,0 0 -1,
  0 0 -1,0 0 -1,
  0 0 -1,0 0 -1,
  0 0 -1,0 0 -1,
  0 0 -1,0 0 -1,
  0 0 -1,0 0 -1,
  0 0 -1,0 0 -1,
  0 0 -1,0 0 -1,
  0 0 -1,0 0 -1,
  0 0 -1,0 0 -1,
  0 0 -1,0 0 -1,
  0 0 -1,0 0 -1,
  0 0 -1,0 0 -1,
  0 0 -1,0 0 -1,
  0 0 -1,0 0 -1,
  0 0 -1,0 0 -1,
  0 0 -1,0 0 -1,
  0 0 -1,0 0 -1,
  0 0 -1,0 0 -1,
  0 0 -1,0 0 -1,
  0 0 -1,0 0 -1,
  0 0 -1,0 0 -1,
  0 0 -1,0 0 -1,
  0 0 -1,0 0 -1,
  0 0 -1,0 0 -1,
  0 0 -1,0 0 -1,
  0 0 -1,0 0 -1,
  0 0 -1,0 0 -1,
  0 0 -1,0 0 -1,
  0 0 -1,0 0 -1,
  0 0 -1,0 0 -1,
  0 0 -1,0 0 -1,
  0 0 -1,0 0 -1,
  0 0 -1,0 0 -1,
  0 0 -1,0 0 -1,
  0 0 -1,0 0 -1,
  0 0 -1,0 0 -1,
  0 0 -1,0 0 -1,
  0 0 -1,0 0 -1,
  0 0 -1,0 0 -1,
  0 0 -1,0 0 -1,
  0 0 -1,0 0 -1,
  0 0 -1,0 0 -1,
  0 0 -1,0 0 -1,
  0 0 -1,0 0 -1,
  0 0 -1,0 0 -1,
  0 0 -1,0 0 -1,
  0 0 -1,0 0 -1,
  0 0 -1,0 0 -1,
  0 0 -1,0 0 -1,
  0 0 -1,0 0 -1,
  0 0 -1,0 0 -1,
  0 0 -1,0 0 -1,
  0 0 -1,0 0 -1,
  0 0 -1,0 0 -1,
  0 0 -1,0 0 -1,
  0 0 -1,0 0 -1,
  0 0 -1,0 0 -1,
  0 0 -1,0 0 -1,
  0 0 -1,0 0 -1,
  0 0 -1,0 0 -1,
  0 0 -1,0 0 -1,
  0 0 -1,0 0 -1,
  0 0 -1,0 0 -1,
  0 0 -1,0 0 -1,
  0 0 -1,0 0 -1,
  0 0 -1,0 0 -1,
  0 0 -1,0 0 -1,
  0 0 -1,0 0 -1,
  0 0 -1,0 0 -1,
  0 0 -1,0 0 -1,
  0 0 -1,0 0 -1,
  0 0 -1,0 0 -1,
  0 0 -1,0 0 -1,
  0 0 -1,0 0 -1,
  0 0 -1,0 0 -1,
  0 0 -1,0 0 -1,
  0 0 -1,0 0 -1,
  0 0 -1,0 0 -1,
  0 0 -1,0 0 -1,
  0 0 -1,0 0 -1,
  0 0 -1,0 0 -1,
  0 0 -1,0 0 -1,
  0 0 -1,0 0 -1,
  0 0 -1,0 0 -1,
  0 0 -1,0 0 -1,
  0 0 -1,0 0 -1,
  0 0 -1,0 0 -1,
  0 0 -1,0 0 -1,
  0 0 -1,0 0 -1,
  0 0 -1,0 0 -1,
  0 0 -1,0 0 -1,
  0 0 -1,0 0 -1,
  0 0 -1,0 0 -1,
  0 0 -1,0 0 -1,
  0 0 -1,0 0 -1,
  0 0 -1,0 0 -1,
  0 0 -1,0 0 -1,
  0 0 -1,0 0 -1,
  0 0 -1,0 0 -1,
  0 0 -1,0 0 -1,
  0 0 -1,0 0 -1,
  0 0 -1,0 0 -1,
  0 0 -1,0 0 -1,
  0 0 -1,0 0 -1,
  0 0 -1,0 0 -1,
  0 0 -1,0 0 -1,
  0 0 -1,0 0 -1,
  0 0 -1,0 0 -1,
  0 0 -1,0 0 -1,
  0 0 -1,0 0 -1,
  0 0 -1,0 0 -1,
  0 0 -1,0 0 -1,
  0 0 -1,0 0 -1,
  0 0 -1,0 0 -1,
  0 0 -1,0 0 -1,
  0 0 -1,0 0 -1,
  0 0 -1,0 0 -1,
  0 0 -1,0 0 -1,
  0 0 -1,0 0 -1,
  0 0 -1,0 0 -1,
  0 0 -1,0 0 -1,
  0 0 -1,0 0 -1,
  0 0 -1,0 0 -1,
  0 0 -1,0 0 -1,
  0 0 -1,0 0 -1,
  0 0 -1,0 0 -1,
  0 0 -1,0 0 -1,
  0 0 -1,0 0 -1,
  0 0 -1,0 0 -1,
  0 0 -1,0 0 -1,
  0 0 -1,0 0 -1,
  0 0 -1,0 0 -1,
  0 0 -1,0 0 -1,
  0 0 -1,0 0 -1,
  0 0 -1,0 0 -1,
  0 0 -1,0 0 -1,
  0 0 -1,0 0 -1,
  0 0 -1,0 0 -1,
  0 0 -1,0 0 -1,
  0 0 -1,0 0 -1,
  0 0 -1,0 0 -1,
  0 0 -1,0 0 -1,
  0 0 -1,0 0 -1,
  0 0 -1,0 0 -1,
  0 0 -1,0 0 -1,
  0 0 -1,0 0 -1,
  0 0 -1,0 0 -1,
  0 0 -1,0 0 -1,
  0 0 -1,0 0 -1,
  0 0 -1,0 0 -1,
  0 0 -1,0 0 -1,
  0 0 -1,0 0 -1,
  0 0 -1,0 0 -1,
  0 0 -1,0 0 -1,
  0 0 -1,0 0 -1,
  0 0 -1,0 0 -1,
  0 0 -1,0 0 -1,
  0 0 -1,0 0 -1,
  0 0 -1,0 0 -1,
  0 0 -1,0 0 -1,
  0 0 -1,0 0 -1,
  0 0 -1,0 0 -1,
  0 0 -1,0 0 -1,
  0 0 -1,0 0 -1,
  0 0 -1,0 0 -1,
  0 0 -1,0 0 -1,
  0 0 -1,0 0 -1,
  0 0 -1,0 0 -1,
  0 0 -1,0 0 -1,
  0 0 -1,0 0 -1,
  0 0 -1,0 0 -1,
  0 0 -1,0 0 -1,
  0 0 -1,0 0 -1,
  0 0 -1,0 0 -1,
  0 0 -1,0 0 -1,
  0 0 -1,0 0 -1,
  0 0 -1,0 0 -1,
  0 0 -1,0 0 -1,
  0 0 -1,0 0 -1,
  0 0 -1,0 0 -1,
  0 0 -1,0 0 -1,
  0 0 -1,0 0 -1,
  0 0 -1,0 0 -1,
  0 0 -1,0 0 -1,
  0 0 -1,0 0 -1,
  0 0 -1,0 0 -1,
  0 0 -1,0 0 -1,
  0 0 -1,0 0 -1,
  0 0 -1,0 0 -1,
  0 0 -1,0 0 -1,
  0 0 -1,0 0 -1,
  0 0 -1,0 0 -1,
  0 0 -1,0 0 -1,
  0 0 -1,0 0 -1,
  0 0 -1,0 0 -1,
  0 0 -1,0 0 -1,
  0 0 -1,0 0 -1,
  0 0 -1,0 0 -1,
  0 0 -1,0 0 -1,
  0 0 -1,0 0 -1,
  0 0 -1,0 0 -1,
  0 0 -1,0 0 -1,
  0 0 -1,0 0 -1,
  0 0 -1,0 0 -1,
  0 0 -1,0 0 -1,
  0 0 -1,0 0 -1,
  0 0 -1,0 0 -1,
  0 0 -1,0 0 -1,
  0 0 -1,0 0 -1,
  0 0 -1,0 0 -1,
  0 0 -1,0 0 -1,
  0 0 -1,0 0 -1,
  0 0 -1,0 0 -1,
  0 0 -1,0 0 -1,
  0 0 -1,0 0 -1,
  0 0 -1,0 0 -1,
  0 0 -1,0 0 -1,
  0 0 -1,0 0 -1,
  0 0 -1,0 0 -1,
  0 0 -1,0 0 -1,
  0 0 -1,0 0 -1,
  0 0 -1,0 0 -1,
  0 0 -1,0 0 -1,
  0 0 -1,0 0 -1,
  0 0 -1,0 0 -1,
  0 0 -1,0 0 -1,
  0 0 -1,0 0 -1,
  0 0 -1,0 0 -1,
  0 0 -1,0 0 -1,
  0 0 -1,0 0 -1,
  0 0 -1,0 0 -1,
  0 0 -1,0 0 -1,
  0 0 -1,0 0 -1,
  0 0 -1,0 0 -1,
  0 0 -1,0 0 -1,
  0 0 -1,0 0 -1,
  0 0 -1,0 0 -1,
  0 0 -1,0 0 -1,
  0 0 -1,0 0 -1,
  0 0 -1,0 0 -1,
  0 0 -1,0 0 -1,
  0 0 -1,0 0 -1,
  0 0 -1,0 0 -1,
  0 0 -1,0 0 -1,
  0 0 -1,0 0 -1,
  0 0 -1,0 0 -1,
  0 0 -1,0 0 -1,
  0 0 -1,0 0 -1,
  0 0 -1,0 0 -1,
  0 0 -1,0 0 -1,
  0 0 -1,0 0 -1,
  0 0 -1,0 0 -1,
  0 0 -1,0 0 -1,
  0 0 -1,0 0 -1,
  0 0 -1,0 0 -1,
  0 0 -1,0 0 -1,
  0 0 -1,0 0 -1,
  0 0 -1,0 0 -1,
  0 0 -1,0 0 -1,
  0 0 -1,0 0 -1,
  0 0 -1,0 0 -1,
  0 0 -1,0 0 -1,
  0 0 -1,0 0 -1,
  0 0 -1,0 0 -1,
  0 0 -1,0 0 -1,
  0 0 -1,0 0 -1,
  0 0 -1,0 0 -1,
  0 0 -1,0 0 -1,
  0 0 -1,0 0 -1,
  0 0 -1,0 0 -1,
  0 0 -1,0 0 -1,
  0 0 -1,0 0 -1,
  0 0 -1,0 0 -1,
  0 0 -1,0 0 -1,
  0 0 -1,0 0 -1,
  0 0 -1,0 0 -1,
  0 0 -1,0 0 -1,
  0 0 -1,0 0 -1,
  0 0 -1,0 0 -1,
  0 0 -1,0 0 -1,
  0 0 -1,0 0 -1,
  0 0 -1,0 0 -1,
  0 0 -1,0 0 -1,
  0 0 -1,0 0 -1,
  0 0 -1,0 0 -1,
  0 0 -1,0 0 -1,
  0 0 -1,0 0 -1,
  0 0 -1,0 0 -1,
  0 0 -1,0 0 -1,
  0 0 -1,0 0 -1,
  0 0 -1,0 0 -1,
  0 0 -1,0 0 -1,
  0 0 -1,0 0 -1,
  0 0 -1,0 0 -1,
  0 0 -1,0 0 -1,
  0 0 -1,0 0 -1,
  0 0 -1,0 0 -1,
  0 0 -1,0 0 -1,
  0 0 -1,0 0 -1,
  0 0 -1,0 0 -1,
  0 0 -1,0 0 -1,
  0 0 -1,0 0 -1,
  0 0 -1,0 0 -1,
  0 0 -1,0 0 -1,
  0 0 -1,0 0 -1,
  0 0 -1,0 0 -1,
  0 0 -1,0 0 -1,
  0 0 -1,0 0 -1,
  0 0 -1,0 0 -1,
  0 0 -1,0 0 -1,
  0 0 -1,0 0 -1,
  0 0 -1,0 0 -1,
  0 0 -1,0 0 -1,
  0 0 -1,0 0 -1,
  0 0 -1,0 0 -1,
  0 0 -1,0 0 -1,
  0 0 -1,0 0 -1,
  0 0 -1,0 0 -1,
  0 0 -1,0 0 -1,
  0 0 -1,0 0 -1,
  0 0 -1,0 0 -1,
  0 0 -1,0 0 -1,
  0 0 -1,0 0 -1,
  0 0 -1,0 0 -1,
  0 0 -1,0 0 -1,
  0 0 -1,0 0 -1,
  0 0 -1,0 0 -1,
  0 0 -1,0 0 -1,
  0 0 -1,0 0 -1,
  0 0 -1,0 0 -1,
  0 0 -1,0 0 -1,
  0 0 -1,0 0 -1,
  0 0 -1,0 0 -1,
  0 0 -1,0 0 -1,
  0 0 -1,0 0 -1,
  0 0 -1,0 0 -1,
  0 0 -1,0 0 -1,
  0 0 -1,0 0 -1,
  0 0 -1,0 0 -1,
  0 0 -1,0 0 -1,
  0 0 -1,0 0 -1,
  0 0 -1,0 0 -1,
  0 0 -1,0 0 -1,
  0 0 -1,0 0 -1,
  0 0 -1,0 0 -1,
  0 0 -1,0 0 -1,
  0 0 -1,0 0 -1,
  0 0 -1,0 0 -1,
  0 0 -1,0 0 -1,
  0 0 -1,0 0 -1,
  0 0 -1,0 0 -1,
  0 0 -1,0 0 -1,
  0 0 -1,0 0 -1,
  0 0 -1,0 0 -1,
  0 0 -1,0 0 -1,
  0 0 -1,0 0 -1,
  0 0 -1,0 0 -1,
  0 0 -1,0 0 -1,
  0 0 -1,0 0 -1,
  0 0 -1,0 0 -1,
  0 0 -1,0 0 -1,
  0 0 -1,0 0 -1,
  0 0 -1,0 0 -1,
  0 0 -1,0 0 -1,
  0 0 -1,0 0 -1,
  0 0 -1,0 0 -1,
  0 0 -1,0 0 -1,
  0 0 -1,0 0 -1,
  0 0 -1,0 0 -1,
  0 0 -1,0 0 -1,
  0 0 -1,0 0 -1,
  0 0 -1,0 0 -1,
  0 0 -1,0 0 -1,
  0 0 -1,0 0 -1,
  0 0 -1,0 0 -1,
  0 0 -1,0 0 -1,
  0 0 -1,0 0 -1,
  0 0 -1,0 0 -1,
  0 0 -1,0 0 -1,
  0 0 -1,0 0 -1,
  0 0 -1,0 0 -1,
  0 0 -1,0 0 -1,
  0 0 -1,0 0 -1,
  0 0 -1,0 0 -1,
  0 0 -1,0 0 -1,
  0 0 -1,0 0 -1,
  0 0 -1,0 0 -1,
  0 0 -1,0 0 -1,
  0 0 -1,0 0 -1,
  0 0 -1,0 0 -1,
  0 0 -1,0 0 -1,
  0 0 -1,0 0 -1,
  0 0 -1,0 0 -1,
  0 0 -1,0 0 -1,
  0 0 -1,0 0 -1,
  0 0 -1,0 0 -1,
  0 0 -1,0 0 -1,
  0 0 -1,0 0 -1,
  0 0 -1,0 0 -1,
  0 0 -1,0 0 -1,
  0 0 -1,0 0 -1,
  0 0 -1,0 0 -1,
  0 0 -1,0 0 -1,
  0 0 -1,0 0 -1,
  0 0 -1,0 0 -1,
  0 0 -1,0 0 -1,
  0 0 -1,0 0 -1,
  0 0 -1,0 0 -1,
  0 0 -1,0 0 -1,
  0 0 -1,0 0 -1,
  0 0 -1,0 0 -1,
  0 0 -1,0 0 -1,
  0 0 -1,0 0 -1,
  0 0 -1,0 0 -1,
  0 0 -1,0 0 -1,
  0 0 -1,0 0 -1,
  0 0 -1,0 0 -1,
  0 0 -1,0 0 -1,
  0 0 -1,0 0 -1,
  0 0 -1,0 0 -1,
  0 0 -1,0 0 -1,
  0 0 -1,0 0 -1,
  0 0 -1,0 0 -1,
  0 0 -1,0 0 -1,
  0 0 -1,0 0 -1,
  0 0 -1,0 0 -1,
  0 0 -1,0 0 -1,
  0 0 -1,0 0 -1,
  0 0 -1,0 0 -1,
  0 0 -1,0 0 -1,
  0 0 -1,0 0 -1,
  0 0 -1,0 0 -1,
  0 0 -1,0 0 -1,
  0 0 -1,0 0 -1,
  0 0 -1,0 0 -1,
  0 0 -1,0 0 -1,
  0 0 -1,0 0 -1,
  0 0 -1,0 0 -1,
  0 0 -1,0 0 -1,
  0 0 -1,0 0 -1,
  0 0 -1,0 0 -1,
  0 0 -1,0 0 -1,
  0 0 -1,0 0 -1,
  0 0 -1,0 0 -1,
  0 0 -1,0 0 -1,
  0 0 -1,0 0 -1,
  0 0 -1,0 0 -1,
  0 0 -1,0 0 -1,
  0 0 -1,0 0 -1,
  0 0 -1,0 0 -1,
  0 0 -1,0 0 -1,
  0 0 -1,0 0 -1,
  0 0 -1,0 0 -1,
  0 0 -1,0 0 -1,
  0 0 -1,0 0 -1,
  0 0 -1,0 0 -1,
  0 0 -1,0 0 -1,
  0 0 -1,0 0 -1,
  0 0 -1,0 0 -1,
  0 0 -1,0 0 -1,
  0 0 -1,0 0 -1,
  0 0 -1,0 0 -1,
  0 0 -1,0 0 -1,
  0 0 -1,0 0 -1,
  0 0 -1,0 0 -1,
  0 0 -1,0 0 -1,
  0 0 -1,0 0 -1,
  0 0 -1,0 0 -1,
  0 0 -1,0 0 -1,
  0 0 -1,0 0 -1,
  0 0 -1,0 0 -1,
  0 0 -1,0 0 -1,
  0 0 -1,0 0 -1,
  0 0 -1,0 0 -1,
  0 0 -1,0 0 -1,
  0 0 -1,0 0 -1,
  0 0 -1,0 0 -1,
  0 0 -1,0 0 -1,
  0 0 -1,0 0 -1,
  0 0 -1,0 0 -1,
  0 0 -1,0 0 -1,
  0 0 -1,0 0 -1,
  0 0 -1,0 0 -1,
  0 0 -1,0 0 -1,
  0 0 -1,0 0 -1,
  0 0 -1,0 0 -1,
  0 0 -1,0 0 -1,
  0 0 -1,0 0 -1,
  0 0 -1,0 0 -1,
  0 0 -1,0 0 -1,
  0 0 -1,0 0 -1,
  0 0 -1,0 0 -1,
  0 0 -1,0 0 -1,
  0 0 -1,0 0 -1,
  0 0 -1,0 0 -1,
  0 0 -1,0 0 -1,
  0 0 -1,0 0 -1,
  0 0 -1,0 0 -1,
  0 0 -1,0 0 -1,
  0 0 -1,0 0 -1,
  0 0 -1,0 0 -1,
  0 0 -1,0 0 -1,
  0 0 -1,0 0 -1,
  0 0 -1,0 0 -1,
  0 0 -1,0 0 -1,
  0 0 -1,0 0 -1,
  0 0 -1,0 0 -1,
  0 0 -1,0 0 -1,
  0 0 -1,0 0 -1,
  0 0 -1,0 0 -1,
  0 0 -1,0 0 -1,
  0 0 -1,0 0 -1,
  0 0 -1,0 0 -1,
  0 0 -1,0 0 -1,
  0 0 -1,0 0 -1,
  0 0 -1,0 0 -1,
  0 0 -1,0 0 -1,
  0 0 -1,0 0 -1,
  0 0 -1,0 0 -1,
  0 0 -1,0 0 -1,
  0 0 -1,0 0 -1,
  0 0 -1,0 0 -1,
  0 0 -1,0 0 -1,
  0 0 -1,0 0 -1,
  0 0 -1,0 0 -1,
  0 0 -1,0 0 -1,
  0 0 -1,0 0 -1,
  0 0 -1,0 0 -1,
  0 0 -1,0 0 -1,
  0 0 -1,0 0 -1,
  0 0 -1,0 0 -1,
  0 0 -1,0 0 -1,
  0 0 -1,0 0 -1,
  0 0 -1,0 0 -1,
  0 0 -1,0 0 -1,
  0 0 -1,0 0 -1,
  0 0 -1,0 0 -1,
  0 0 -1,0 0 -1,
  0 0 -1,0 0 -1,
  0 0 -1,0 0 -1,
  0 0 -1,0 0 -1,
  0 0 -1,0 0 -1,
  0 0 -1,0 0 -1,
  0 0 -1,0 0 -1,
  0 0 -1,0 0 -1,
  0 0 -1,0 0 -1,
  0 0 -1,0 0 -1,
  0 0 -1,0 0 -1,
  0 0 -1,0 0 -1,
  0 0 -1,0 0 -1,
  0 0 -1,0 0 -1,
  0 0 -1,0 0 -1,
  0 0 -1,0 0 -1,
  0 0 -1,0 0 -1,
  0 0 -1,0 0 -1,
  0 0 -1,0 0 -1,
  0 0 -1,0 0 -1,
  0 0 -1,0 0 -1,
  0 0 -1,0 0 -1,
  0 0 -1,0 0 -1,
  0 0 -1,0 0 -1,
  0 0 -1,0 0 -1,
  0 0 -1,0 0 -1,
  0 0 -1,0 0 -1,
  0 0 -1,0 0 -1,
  0 0 -1,0 0 -1,
  0 0 -1,0 0 -1,
  0 0 -1,0 0 -1,
  0 0 -1,0 0 -1,
  0 0 -1,0 0 -1,
  0 0 -1,0 0 -1,
  0 0 -1,0 0 -1,
  0 0 -1,0 0 -1,
  0 0 -1,0 0 -1,
  0 0 -1,0 0 -1,
  0 0 -1,0 0 -1,
  0 0 -1,0 0 -1,
  0 0 -1,0 0 -1,
  0 0 -1,0 0 -1,
  0 0 -1,0 0 -1,
  0 0 -1,0 0 -1,
  0 0 -1,0 0 -1,
  0 0 -1,0 0 -1,
  0 0 -1,0 0 -1,
  0 0 -1,0 0 -1,
  0 0 -1,0 0 -1,
  0 0 -1,0 0 -1,
  0 0 -1,0 0 -1,
  0 0 -1,0 0 -1,
  0 0 -1,0 0 -1,
  0 0 -1,0 0 -1,
  0 0 -1,0 0 -1,
  0 0 -1,0 0 -1,
  0 0 -1,0 0 -1,
  0 0 -1,0 0 -1,
  0 0 -1,0 0 -1,
  0 0 -1,0 0 -1,
  0 0 -1,0 0 -1,
  0 0 -1,0 0 -1,
  0 0 -1,0 0 -1,
  0 0 -1,0 0 -1,
  0 0 -1,0 0 -1,
  0 0 -1,0 0 -1,
  0 0 -1,0 0 -1,
  0 0 -1,0 0 -1,
  0 0 -1,0 0 -1,
  0 0 -1,0 0 -1,
  0 0 -1,0 0 -1,
  0 0 -1,0 0 -1,
  0 0 -1,0 0 -1,
  0 0 -1,0 0 -1,
  0 0 -1,0 0 -1,
  0 0 -1,0 0 -1,
  0 0 -1,0 0 -1,
  0 0 -1,0 0 -1,
  0 0 -1,0 0 -1,
  0 0 -1,0 0 -1,
  0 0 -1,0 0 -1,
  0 0 -1,0 0 -1,
  0 0 -1,0 0 -1,
  0 0 -1,0 0 -1,
  0 0 -1,0 0 -1,
  0 0 -1,0 0 -1,
  0 0 -1,0 0 -1,
  0 0 -1,0 0 -1,
  0 0 -1,0 0 -1,
  0 0 -1,0 0 -1,
  0 0 -1,0 0 -1,
  0 0 -1,0 0 -1,
  0 0 -1,0 0 -1,
  0 0 -1,0 0 -1,
  0 0 -1,0 0 -1,
  0 0 -1,0 0 -1,
  0 0 -1,0 0 -1,
  0 0 -1,0 0 -1,
  0 0 -1,0 0 -1,
  0 0 -1,0 0 -1,
  0 0 -1,0 0 -1,
  0 0 -1,0 0 -1,
  0 0 -1,0 0 -1,
  0 0 -1,0 0 -1,
  0 0 -1,0 0 -1,
  0 0 -1,0 0 -1,
  0 0 -1,0 0 -1,
  0 0 -1,0 0 -1,
  0 0 -1,0 0 -1,
  0 0 -1,0 0 -1,
  0 0 -1,0 0 -1,
  0 0 -1,0 0 -1,
  0 0 -1,0 0 -1,
  0 0 -1,0 0 -1,
  0 0 -1,0 0 -1,
  0 0 -1,0 0 -1,
  0 0 -1,0 0 -1,
  0 0 -1,0 0 -1,
  0 0 -1,0 0 -1,
  0 0 -1,0 0 -1,
  0 0 -1,0 0 -1,
  0 0 -1,0 0 -1,
  0 0 -1,0 0 -1,
  0 0 -1,0 0 -1,
  0 0 -1,0 0 -1,
  0 0 -1,0 0 -1,
  0 0 -1,0 0 -1,
  0 0 -1,0 0 -1,
  0 0 -1,0 0 -1,
  0 0 -1,0 0 -1,
  0 0 -1,0 0 -1,
  0 0 -1,0 0 -1,
  0 0 -1,0 0 -1,
  0 0 -1,0 0 -1,
  0 0 -1,0 0 -1,
  0 0 -1,0 0 -1,
  0 0 -1,0 0 -1,
  0 0 -1,0 0 -1,
  0 0 -1,0 0 -1,
  0 0 -1,0 0 -1,
  0 0 -1,0 0 -1,
  0 0 -1,0 0 -1,
  0 0 -1,0 0 -1,
  0 0 -1,0 0 -1,
  0 0 -1,0 0 -1,
  0 0 -1,0 0 -1,
  0 0 -1,0 0 -1,
  0 0 -1,0 0 -1,
  0 0 -1,0 0 -1,
  0 0 -1,0 0 -1,
  0 0 -1,0 0 -1,
  0 0 -1,0 0 -1,
  0 0 -1,0 0 -1,
  0 0 -1,0 0 -1,
  0 0 -1,0 0 -1,
  0 0 -1,0 0 -1,
  0 0 -1,0 0 -1,
  0 0 -1,0 0 -1,
  0 0 -1] }
}
}
] }
] }
