#VRML V2.0 utf8
DEF TXFM_1 Transform {
  center 0 0 0
  rotation 0 0 1 0
  scale 0.00254 0.00254 0.00254
  scaleOrientation 0 0 1 0
  translation 0 0 0
 children [
DEF TXFM_2 Transform {
  center 0 0 0
  rotation 0 0 1 0
  scale 1 1 1
  scaleOrientation 0 0 1 0
  translation 0 0 0
 children [
DEF SHAPE_1 Shape {
 appearance DEF APP_1 Appearance {
  material Material {
   ambientIntensity 1
   diffuseColor 0.43000001 0.44999999 0.30000001
   emissiveColor 0 0 0
   shininess 0.0099999998
   specularColor 0.48699999 0.505 0.37
   transparency 0.1
} }
 geometry DEF FACE_1 IndexedFaceSet {
  coord DEF COORD_1 Coordinate { point [
  43.137795 -20.07874 0.31003937,43.150682 -20.013955 0.31003937,
  43.18738 -19.959033 0.31003937,43.242302 -19.922335 0.31003937,
  43.307087 -19.909449 0.31003937,43.371872 -19.922335 0.31003937,
  43.426794 -19.959033 0.31003937,43.463491 -20.013955 0.31003937,
  43.476378 -20.07874 0.31003937,43.463491 -20.143525 0.31003937,
  43.426794 -20.198447 0.31003937,43.371872 -20.235145 0.31003937,
  43.307087 -20.248031 0.31003937,43.242302 -20.235145 0.31003937,
  43.18738 -20.198447 0.31003937,43.150682 -20.143525 0.31003937,
  43.137795 -20.866142 0.31003937,43.150682 -20.801357 0.31003937,
  43.18738 -20.746435 0.31003937,43.242302 -20.709737 0.31003937,
  43.307087 -20.69685 0.31003937,43.371872 -20.709737 0.31003937,
  43.426794 -20.746435 0.31003937,43.463491 -20.801357 0.31003937,
  43.476378 -20.866142 0.31003937,43.463491 -20.930927 0.31003937,
  43.426794 -20.985849 0.31003937,43.371872 -21.022547 0.31003937,
  43.307087 -21.035433 0.31003937,43.242302 -21.022547 0.31003937,
  43.18738 -20.985849 0.31003937,43.150682 -20.930927 0.31003937,
  43.137795 -21.653543 0.31003937,43.150682 -21.588758 0.31003937,
  43.18738 -21.533836 0.31003937,43.242302 -21.497139 0.31003937,
  43.307087 -21.484252 0.31003937,43.371872 -21.497139 0.31003937,
  43.426794 -21.533836 0.31003937,43.463491 -21.588758 0.31003937,
  43.476378 -21.653543 0.31003937,43.463491 -21.718328 0.31003937,
  43.426794 -21.77325 0.31003937,43.371872 -21.809948 0.31003937,
  43.307087 -21.822835 0.31003937,43.242302 -21.809948 0.31003937,
  43.18738 -21.77325 0.31003937,43.150682 -21.718328 0.31003937,
  43.137795 -22.440945 0.31003937,43.150682 -22.37616 0.31003937,
  43.18738 -22.321238 0.31003937,43.242302 -22.28454 0.31003937,
  43.307087 -22.271654 0.31003937,43.371872 -22.28454 0.31003937,
  43.426794 -22.321238 0.31003937,43.463491 -22.37616 0.31003937,
  43.476378 -22.440945 0.31003937,43.463491 -22.50573 0.31003937,
  43.426794 -22.560652 0.31003937,43.371872 -22.59735 0.31003937,
  43.307087 -22.610236 0.31003937,43.242302 -22.59735 0.31003937,
  43.18738 -22.560652 0.31003937,43.150682 -22.50573 0.31003937,
  43.137795 -23.228346 0.31003937,43.150682 -23.163561 0.31003937,
  43.18738 -23.108639 0.31003937,43.242302 -23.071942 0.31003937,
  43.307087 -23.059055 0.31003937,43.371872 -23.071942 0.31003937,
  43.426794 -23.108639 0.31003937,43.463491 -23.163561 0.31003937,
  43.476378 -23.228346 0.31003937,43.463491 -23.293131 0.31003937,
  43.426794 -23.348054 0.31003937,43.371872 -23.384751 0.31003937,
  43.307087 -23.397638 0.31003937,43.242302 -23.384751 0.31003937,
  43.18738 -23.348054 0.31003937,43.150682 -23.293131 0.31003937,
  43.137795 -24.015748 0.31003937,43.150682 -23.950963 0.31003937,
  43.18738 -23.896041 0.31003937,43.242302 -23.859343 0.31003937,
  43.307087 -23.846457 0.31003937,43.371872 -23.859343 0.31003937,
  43.426794 -23.896041 0.31003937,43.463491 -23.950963 0.31003937,
  43.476378 -24.015748 0.31003937,43.463491 -24.080533 0.31003937,
  43.426794 -24.135455 0.31003937,43.371872 -24.172153 0.31003937,
  43.307087 -24.185039 0.31003937,43.242302 -24.172153 0.31003937,
  43.18738 -24.135455 0.31003937,43.150682 -24.080533 0.31003937,
  43.137795 -24.80315 0.31003937,43.150682 -24.738365 0.31003937,
  43.18738 -24.683443 0.31003937,43.242302 -24.646745 0.31003937,
  43.307087 -24.633858 0.31003937,43.371872 -24.646745 0.31003937,
  43.426794 -24.683443 0.31003937,43.463491 -24.738365 0.31003937,
  43.476378 -24.80315 0.31003937,43.463491 -24.867935 0.31003937,
  43.426794 -24.922857 0.31003937,43.371872 -24.959554 0.31003937,
  43.307087 -24.972441 0.31003937,43.242302 -24.959554 0.31003937,
  43.18738 -24.922857 0.31003937,43.150682 -24.867935 0.31003937,
  43.137795 -25.590551 0.31003937,43.150682 -25.525766 0.31003937,
  43.18738 -25.470844 0.31003937,43.242302 -25.434146 0.31003937,
  43.307087 -25.42126 0.31003937,43.371872 -25.434146 0.31003937,
  43.426794 -25.470844 0.31003937,43.463491 -25.525766 0.31003937,
  43.476378 -25.590551 0.31003937,43.463491 -25.655336 0.31003937,
  43.426794 -25.710258 0.31003937,43.371872 -25.746956 0.31003937,
  43.307087 -25.759843 0.31003937,43.242302 -25.746956 0.31003937,
  43.18738 -25.710258 0.31003937,43.150682 -25.655336 0.31003937,
  43.137795 -26.377953 0.31003937,43.150682 -26.313168 0.31003937,
  43.18738 -26.258246 0.31003937,43.242302 -26.221548 0.31003937,
  43.307087 -26.208661 0.31003937,43.371872 -26.221548 0.31003937,
  43.426794 -26.258246 0.31003937,43.463491 -26.313168 0.31003937,
  43.476378 -26.377953 0.31003937,43.463491 -26.442738 0.31003937,
  43.426794 -26.49766 0.31003937,43.371872 -26.534358 0.31003937,
  43.307087 -26.547244 0.31003937,43.242302 -26.534358 0.31003937,
  43.18738 -26.49766 0.31003937,43.150682 -26.442738 0.31003937,
  42.519685 -19.685039 0.31003937,42.519685 -30.314961 0.31003937,
  52.755906 -30.314961 0.31003937,52.755906 -19.685039 0.31003937,
  49.606299 -16.535433 0.31003937,45.669291 -16.535433 0.31003937,
  43.137795 -27.165354 0.31003937,43.150682 -27.100569 0.31003937,
  43.18738 -27.045647 0.31003937,43.242302 -27.00895 0.31003937,
  43.307087 -26.996063 0.31003937,43.371872 -27.00895 0.31003937,
  43.426794 -27.045647 0.31003937,43.463491 -27.100569 0.31003937,
  43.476378 -27.165354 0.31003937,43.463491 -27.230139 0.31003937,
  43.426794 -27.285061 0.31003937,43.371872 -27.321759 0.31003937,
  43.307087 -27.334646 0.31003937,43.242302 -27.321759 0.31003937,
  43.18738 -27.285061 0.31003937,43.150682 -27.230139 0.31003937,
  52.137795 -20.07874 0.31003937,52.124909 -20.143525 0.31003937,
  52.088211 -20.198447 0.31003937,52.033289 -20.235145 0.31003937,
  51.968504 -20.248031 0.31003937,51.903719 -20.235145 0.31003937,
  51.848797 -20.198447 0.31003937,51.812099 -20.143525 0.31003937,
  51.799213 -20.07874 0.31003937,51.812099 -20.013955 0.31003937,
  51.848797 -19.959033 0.31003937,51.903719 -19.922335 0.31003937,
  51.968504 -19.909449 0.31003937,52.033289 -19.922335 0.31003937,
  52.088211 -19.959033 0.31003937,52.124909 -20.013955 0.31003937,
  52.137795 -20.866142 0.31003937,52.124909 -20.930927 0.31003937,
  52.088211 -20.985849 0.31003937,52.033289 -21.022547 0.31003937,
  51.968504 -21.035433 0.31003937,51.903719 -21.022547 0.31003937,
  51.848797 -20.985849 0.31003937,51.812099 -20.930927 0.31003937,
  51.799213 -20.866142 0.31003937,51.812099 -20.801357 0.31003937,
  51.848797 -20.746435 0.31003937,51.903719 -20.709737 0.31003937,
  51.968504 -20.69685 0.31003937,52.033289 -20.709737 0.31003937,
  52.088211 -20.746435 0.31003937,52.124909 -20.801357 0.31003937,
  52.137795 -21.653543 0.31003937,52.124909 -21.718328 0.31003937,
  52.088211 -21.77325 0.31003937,52.033289 -21.809948 0.31003937,
  51.968504 -21.822835 0.31003937,51.903719 -21.809948 0.31003937,
  51.848797 -21.77325 0.31003937,51.812099 -21.718328 0.31003937,
  51.799213 -21.653543 0.31003937,51.812099 -21.588758 0.31003937,
  51.848797 -21.533836 0.31003937,51.903719 -21.497139 0.31003937,
  51.968504 -21.484252 0.31003937,52.033289 -21.497139 0.31003937,
  52.088211 -21.533836 0.31003937,52.124909 -21.588758 0.31003937,
  52.137795 -22.440945 0.31003937,52.124909 -22.50573 0.31003937,
  52.088211 -22.560652 0.31003937,52.033289 -22.59735 0.31003937,
  51.968504 -22.610236 0.31003937,51.903719 -22.59735 0.31003937,
  51.848797 -22.560652 0.31003937,51.812099 -22.50573 0.31003937,
  51.799213 -22.440945 0.31003937,51.812099 -22.37616 0.31003937,
  51.848797 -22.321238 0.31003937,51.903719 -22.28454 0.31003937,
  51.968504 -22.271654 0.31003937,52.033289 -22.28454 0.31003937,
  52.088211 -22.321238 0.31003937,52.124909 -22.37616 0.31003937,
  52.137795 -23.228346 0.31003937,52.124909 -23.293131 0.31003937,
  52.088211 -23.348054 0.31003937,52.033289 -23.384751 0.31003937,
  51.968504 -23.397638 0.31003937,51.903719 -23.384751 0.31003937,
  51.848797 -23.348054 0.31003937,51.812099 -23.293131 0.31003937,
  51.799213 -23.228346 0.31003937,51.812099 -23.163561 0.31003937,
  51.848797 -23.108639 0.31003937,51.903719 -23.071942 0.31003937,
  51.968504 -23.059055 0.31003937,52.033289 -23.071942 0.31003937,
  52.088211 -23.108639 0.31003937,52.124909 -23.163561 0.31003937,
  52.137795 -24.015748 0.31003937,52.124909 -24.080533 0.31003937,
  52.088211 -24.135455 0.31003937,52.033289 -24.172153 0.31003937,
  51.968504 -24.185039 0.31003937,51.903719 -24.172153 0.31003937,
  51.848797 -24.135455 0.31003937,51.812099 -24.080533 0.31003937,
  51.799213 -24.015748 0.31003937,51.812099 -23.950963 0.31003937,
  51.848797 -23.896041 0.31003937,51.903719 -23.859343 0.31003937,
  51.968504 -23.846457 0.31003937,52.033289 -23.859343 0.31003937,
  52.088211 -23.896041 0.31003937,52.124909 -23.950963 0.31003937,
  52.137795 -24.80315 0.31003937,52.124909 -24.867935 0.31003937,
  52.088211 -24.922857 0.31003937,52.033289 -24.959554 0.31003937,
  51.968504 -24.972441 0.31003937,51.903719 -24.959554 0.31003937,
  51.848797 -24.922857 0.31003937,51.812099 -24.867935 0.31003937,
  51.799213 -24.80315 0.31003937,51.812099 -24.738365 0.31003937,
  51.848797 -24.683443 0.31003937,51.903719 -24.646745 0.31003937,
  51.968504 -24.633858 0.31003937,52.033289 -24.646745 0.31003937,
  52.088211 -24.683443 0.31003937,52.124909 -24.738365 0.31003937,
  52.137795 -25.590551 0.31003937,52.124909 -25.655336 0.31003937,
  52.088211 -25.710258 0.31003937,52.033289 -25.746956 0.31003937,
  51.968504 -25.759843 0.31003937,51.903719 -25.746956 0.31003937,
  51.848797 -25.710258 0.31003937,51.812099 -25.655336 0.31003937,
  51.799213 -25.590551 0.31003937,51.812099 -25.525766 0.31003937,
  51.848797 -25.470844 0.31003937,51.903719 -25.434146 0.31003937,
  51.968504 -25.42126 0.31003937,52.033289 -25.434146 0.31003937,
  52.088211 -25.470844 0.31003937,52.124909 -25.525766 0.31003937,
  52.137795 -26.377953 0.31003937,52.124909 -26.442738 0.31003937,
  52.088211 -26.49766 0.31003937,52.033289 -26.534358 0.31003937,
  51.968504 -26.547244 0.31003937,51.903719 -26.534358 0.31003937,
  51.848797 -26.49766 0.31003937,51.812099 -26.442738 0.31003937,
  51.799213 -26.377953 0.31003937,51.812099 -26.313168 0.31003937,
  51.848797 -26.258246 0.31003937,51.903719 -26.221548 0.31003937,
  51.968504 -26.208661 0.31003937,52.033289 -26.221548 0.31003937,
  52.088211 -26.258246 0.31003937,52.124909 -26.313168 0.31003937,
  51.799213 -27.165354 0.31003937,51.812099 -27.100569 0.31003937,
  51.848797 -27.045647 0.31003937,51.903719 -27.00895 0.31003937,
  51.968504 -26.996063 0.31003937,52.033289 -27.00895 0.31003937,
  52.088211 -27.045647 0.31003937,52.124909 -27.100569 0.31003937,
  52.137795 -27.165354 0.31003937,52.124909 -27.230139 0.31003937,
  52.088211 -27.285061 0.31003937,52.033289 -27.321759 0.31003937,
  51.968504 -27.334646 0.31003937,51.903719 -27.321759 0.31003937,
  51.848797 -27.285061 0.31003937,51.812099 -27.230139 0.31003937,
  43.137795 -20.07874 -0.31003937,43.150682 -20.013955 -0.31003937,
  43.18738 -19.959033 -0.31003937,43.242302 -19.922335 -0.31003937,
  43.307087 -19.909449 -0.31003937,43.371872 -19.922335 -0.31003937,
  43.426794 -19.959033 -0.31003937,43.463491 -20.013955 -0.31003937,
  43.476378 -20.07874 -0.31003937,43.463491 -20.143525 -0.31003937,
  43.426794 -20.198447 -0.31003937,43.371872 -20.235145 -0.31003937,
  43.307087 -20.248031 -0.31003937,43.242302 -20.235145 -0.31003937,
  43.18738 -20.198447 -0.31003937,43.150682 -20.143525 -0.31003937,
  43.137795 -20.866142 -0.31003937,43.150682 -20.801357 -0.31003937,
  43.18738 -20.746435 -0.31003937,43.242302 -20.709737 -0.31003937,
  43.307087 -20.69685 -0.31003937,43.371872 -20.709737 -0.31003937,
  43.426794 -20.746435 -0.31003937,43.463491 -20.801357 -0.31003937,
  43.476378 -20.866142 -0.31003937,43.463491 -20.930927 -0.31003937,
  43.426794 -20.985849 -0.31003937,43.371872 -21.022547 -0.31003937,
  43.307087 -21.035433 -0.31003937,43.242302 -21.022547 -0.31003937,
  43.18738 -20.985849 -0.31003937,43.150682 -20.930927 -0.31003937,
  43.137795 -21.653543 -0.31003937,43.150682 -21.588758 -0.31003937,
  43.18738 -21.533836 -0.31003937,43.242302 -21.497139 -0.31003937,
  43.307087 -21.484252 -0.31003937,43.371872 -21.497139 -0.31003937,
  43.426794 -21.533836 -0.31003937,43.463491 -21.588758 -0.31003937,
  43.476378 -21.653543 -0.31003937,43.463491 -21.718328 -0.31003937,
  43.426794 -21.77325 -0.31003937,43.371872 -21.809948 -0.31003937,
  43.307087 -21.822835 -0.31003937,43.242302 -21.809948 -0.31003937,
  43.18738 -21.77325 -0.31003937,43.150682 -21.718328 -0.31003937,
  43.137795 -22.440945 -0.31003937,43.150682 -22.37616 -0.31003937,
  43.18738 -22.321238 -0.31003937,43.242302 -22.28454 -0.31003937,
  43.307087 -22.271654 -0.31003937,43.371872 -22.28454 -0.31003937,
  43.426794 -22.321238 -0.31003937,43.463491 -22.37616 -0.31003937,
  43.476378 -22.440945 -0.31003937,43.463491 -22.50573 -0.31003937,
  43.426794 -22.560652 -0.31003937,43.371872 -22.59735 -0.31003937,
  43.307087 -22.610236 -0.31003937,43.242302 -22.59735 -0.31003937,
  43.18738 -22.560652 -0.31003937,43.150682 -22.50573 -0.31003937,
  43.137795 -23.228346 -0.31003937,43.150682 -23.163561 -0.31003937,
  43.18738 -23.108639 -0.31003937,43.242302 -23.071942 -0.31003937,
  43.307087 -23.059055 -0.31003937,43.371872 -23.071942 -0.31003937,
  43.426794 -23.108639 -0.31003937,43.463491 -23.163561 -0.31003937,
  43.476378 -23.228346 -0.31003937,43.463491 -23.293131 -0.31003937,
  43.426794 -23.348054 -0.31003937,43.371872 -23.384751 -0.31003937,
  43.307087 -23.397638 -0.31003937,43.242302 -23.384751 -0.31003937,
  43.18738 -23.348054 -0.31003937,43.150682 -23.293131 -0.31003937,
  43.137795 -24.015748 -0.31003937,43.150682 -23.950963 -0.31003937,
  43.18738 -23.896041 -0.31003937,43.242302 -23.859343 -0.31003937,
  43.307087 -23.846457 -0.31003937,43.371872 -23.859343 -0.31003937,
  43.426794 -23.896041 -0.31003937,43.463491 -23.950963 -0.31003937,
  43.476378 -24.015748 -0.31003937,43.463491 -24.080533 -0.31003937,
  43.426794 -24.135455 -0.31003937,43.371872 -24.172153 -0.31003937,
  43.307087 -24.185039 -0.31003937,43.242302 -24.172153 -0.31003937,
  43.18738 -24.135455 -0.31003937,43.150682 -24.080533 -0.31003937,
  43.137795 -24.80315 -0.31003937,43.150682 -24.738365 -0.31003937,
  43.18738 -24.683443 -0.31003937,43.242302 -24.646745 -0.31003937,
  43.307087 -24.633858 -0.31003937,43.371872 -24.646745 -0.31003937,
  43.426794 -24.683443 -0.31003937,43.463491 -24.738365 -0.31003937,
  43.476378 -24.80315 -0.31003937,43.463491 -24.867935 -0.31003937,
  43.426794 -24.922857 -0.31003937,43.371872 -24.959554 -0.31003937,
  43.307087 -24.972441 -0.31003937,43.242302 -24.959554 -0.31003937,
  43.18738 -24.922857 -0.31003937,43.150682 -24.867935 -0.31003937,
  43.137795 -25.590551 -0.31003937,43.150682 -25.525766 -0.31003937,
  43.18738 -25.470844 -0.31003937,43.242302 -25.434146 -0.31003937,
  43.307087 -25.42126 -0.31003937,43.371872 -25.434146 -0.31003937,
  43.426794 -25.470844 -0.31003937,43.463491 -25.525766 -0.31003937,
  43.476378 -25.590551 -0.31003937,43.463491 -25.655336 -0.31003937,
  43.426794 -25.710258 -0.31003937,43.371872 -25.746956 -0.31003937,
  43.307087 -25.759843 -0.31003937,43.242302 -25.746956 -0.31003937,
  43.18738 -25.710258 -0.31003937,43.150682 -25.655336 -0.31003937,
  43.137795 -26.377953 -0.31003937,43.150682 -26.313168 -0.31003937,
  43.18738 -26.258246 -0.31003937,43.242302 -26.221548 -0.31003937,
  43.307087 -26.208661 -0.31003937,43.371872 -26.221548 -0.31003937,
  43.426794 -26.258246 -0.31003937,43.463491 -26.313168 -0.31003937,
  43.476378 -26.377953 -0.31003937,43.463491 -26.442738 -0.31003937,
  43.426794 -26.49766 -0.31003937,43.371872 -26.534358 -0.31003937,
  43.307087 -26.547244 -0.31003937,43.242302 -26.534358 -0.31003937,
  43.18738 -26.49766 -0.31003937,43.150682 -26.442738 -0.31003937,
  42.519685 -19.685039 -0.31003937,42.519685 -30.314961 -0.31003937,
  52.755906 -30.314961 -0.31003937,52.755906 -19.685039 -0.31003937,
  49.606299 -16.535433 -0.31003937,45.669291 -16.535433 -0.31003937,
  43.137795 -27.165354 -0.31003937,43.150682 -27.100569 -0.31003937,
  43.18738 -27.045647 -0.31003937,43.242302 -27.00895 -0.31003937,
  43.307087 -26.996063 -0.31003937,43.371872 -27.00895 -0.31003937,
  43.426794 -27.045647 -0.31003937,43.463491 -27.100569 -0.31003937,
  43.476378 -27.165354 -0.31003937,43.463491 -27.230139 -0.31003937,
  43.426794 -27.285061 -0.31003937,43.371872 -27.321759 -0.31003937,
  43.307087 -27.334646 -0.31003937,43.242302 -27.321759 -0.31003937,
  43.18738 -27.285061 -0.31003937,43.150682 -27.230139 -0.31003937,
  52.137795 -20.07874 -0.31003937,52.124909 -20.143525 -0.31003937,
  52.088211 -20.198447 -0.31003937,52.033289 -20.235145 -0.31003937,
  51.968504 -20.248031 -0.31003937,51.903719 -20.235145 -0.31003937,
  51.848797 -20.198447 -0.31003937,51.812099 -20.143525 -0.31003937,
  51.799213 -20.07874 -0.31003937,51.812099 -20.013955 -0.31003937,
  51.848797 -19.959033 -0.31003937,51.903719 -19.922335 -0.31003937,
  51.968504 -19.909449 -0.31003937,52.033289 -19.922335 -0.31003937,
  52.088211 -19.959033 -0.31003937,52.124909 -20.013955 -0.31003937,
  52.137795 -20.866142 -0.31003937,52.124909 -20.930927 -0.31003937,
  52.088211 -20.985849 -0.31003937,52.033289 -21.022547 -0.31003937,
  51.968504 -21.035433 -0.31003937,51.903719 -21.022547 -0.31003937,
  51.848797 -20.985849 -0.31003937,51.812099 -20.930927 -0.31003937,
  51.799213 -20.866142 -0.31003937,51.812099 -20.801357 -0.31003937,
  51.848797 -20.746435 -0.31003937,51.903719 -20.709737 -0.31003937,
  51.968504 -20.69685 -0.31003937,52.033289 -20.709737 -0.31003937,
  52.088211 -20.746435 -0.31003937,52.124909 -20.801357 -0.31003937,
  52.137795 -21.653543 -0.31003937,52.124909 -21.718328 -0.31003937,
  52.088211 -21.77325 -0.31003937,52.033289 -21.809948 -0.31003937,
  51.968504 -21.822835 -0.31003937,51.903719 -21.809948 -0.31003937,
  51.848797 -21.77325 -0.31003937,51.812099 -21.718328 -0.31003937,
  51.799213 -21.653543 -0.31003937,51.812099 -21.588758 -0.31003937,
  51.848797 -21.533836 -0.31003937,51.903719 -21.497139 -0.31003937,
  51.968504 -21.484252 -0.31003937,52.033289 -21.497139 -0.31003937,
  52.088211 -21.533836 -0.31003937,52.124909 -21.588758 -0.31003937,
  52.137795 -22.440945 -0.31003937,52.124909 -22.50573 -0.31003937,
  52.088211 -22.560652 -0.31003937,52.033289 -22.59735 -0.31003937,
  51.968504 -22.610236 -0.31003937,51.903719 -22.59735 -0.31003937,
  51.848797 -22.560652 -0.31003937,51.812099 -22.50573 -0.31003937,
  51.799213 -22.440945 -0.31003937,51.812099 -22.37616 -0.31003937,
  51.848797 -22.321238 -0.31003937,51.903719 -22.28454 -0.31003937,
  51.968504 -22.271654 -0.31003937,52.033289 -22.28454 -0.31003937,
  52.088211 -22.321238 -0.31003937,52.124909 -22.37616 -0.31003937,
  52.137795 -23.228346 -0.31003937,52.124909 -23.293131 -0.31003937,
  52.088211 -23.348054 -0.31003937,52.033289 -23.384751 -0.31003937,
  51.968504 -23.397638 -0.31003937,51.903719 -23.384751 -0.31003937,
  51.848797 -23.348054 -0.31003937,51.812099 -23.293131 -0.31003937,
  51.799213 -23.228346 -0.31003937,51.812099 -23.163561 -0.31003937,
  51.848797 -23.108639 -0.31003937,51.903719 -23.071942 -0.31003937,
  51.968504 -23.059055 -0.31003937,52.033289 -23.071942 -0.31003937,
  52.088211 -23.108639 -0.31003937,52.124909 -23.163561 -0.31003937,
  52.137795 -24.015748 -0.31003937,52.124909 -24.080533 -0.31003937,
  52.088211 -24.135455 -0.31003937,52.033289 -24.172153 -0.31003937,
  51.968504 -24.185039 -0.31003937,51.903719 -24.172153 -0.31003937,
  51.848797 -24.135455 -0.31003937,51.812099 -24.080533 -0.31003937,
  51.799213 -24.015748 -0.31003937,51.812099 -23.950963 -0.31003937,
  51.848797 -23.896041 -0.31003937,51.903719 -23.859343 -0.31003937,
  51.968504 -23.846457 -0.31003937,52.033289 -23.859343 -0.31003937,
  52.088211 -23.896041 -0.31003937,52.124909 -23.950963 -0.31003937,
  52.137795 -24.80315 -0.31003937,52.124909 -24.867935 -0.31003937,
  52.088211 -24.922857 -0.31003937,52.033289 -24.959554 -0.31003937,
  51.968504 -24.972441 -0.31003937,51.903719 -24.959554 -0.31003937,
  51.848797 -24.922857 -0.31003937,51.812099 -24.867935 -0.31003937,
  51.799213 -24.80315 -0.31003937,51.812099 -24.738365 -0.31003937,
  51.848797 -24.683443 -0.31003937,51.903719 -24.646745 -0.31003937,
  51.968504 -24.633858 -0.31003937,52.033289 -24.646745 -0.31003937,
  52.088211 -24.683443 -0.31003937,52.124909 -24.738365 -0.31003937,
  52.137795 -25.590551 -0.31003937,52.124909 -25.655336 -0.31003937,
  52.088211 -25.710258 -0.31003937,52.033289 -25.746956 -0.31003937,
  51.968504 -25.759843 -0.31003937,51.903719 -25.746956 -0.31003937,
  51.848797 -25.710258 -0.31003937,51.812099 -25.655336 -0.31003937,
  51.799213 -25.590551 -0.31003937,51.812099 -25.525766 -0.31003937,
  51.848797 -25.470844 -0.31003937,51.903719 -25.434146 -0.31003937,
  51.968504 -25.42126 -0.31003937,52.033289 -25.434146 -0.31003937,
  52.088211 -25.470844 -0.31003937,52.124909 -25.525766 -0.31003937,
  52.137795 -26.377953 -0.31003937,52.124909 -26.442738 -0.31003937,
  52.088211 -26.49766 -0.31003937,52.033289 -26.534358 -0.31003937,
  51.968504 -26.547244 -0.31003937,51.903719 -26.534358 -0.31003937,
  51.848797 -26.49766 -0.31003937,51.812099 -26.442738 -0.31003937,
  51.799213 -26.377953 -0.31003937,51.812099 -26.313168 -0.31003937,
  51.848797 -26.258246 -0.31003937,51.903719 -26.221548 -0.31003937,
  51.968504 -26.208661 -0.31003937,52.033289 -26.221548 -0.31003937,
  52.088211 -26.258246 -0.31003937,52.124909 -26.313168 -0.31003937,
  51.799213 -27.165354 -0.31003937,51.812099 -27.100569 -0.31003937,
  51.848797 -27.045647 -0.31003937,51.903719 -27.00895 -0.31003937,
  51.968504 -26.996063 -0.31003937,52.033289 -27.00895 -0.31003937,
  52.088211 -27.045647 -0.31003937,52.124909 -27.100569 -0.31003937,
  52.137795 -27.165354 -0.31003937,52.124909 -27.230139 -0.31003937,
  52.088211 -27.285061 -0.31003937,52.033289 -27.321759 -0.31003937,
  51.968504 -27.334646 -0.31003937,51.903719 -27.321759 -0.31003937,
  51.848797 -27.285061 -0.31003937,51.812099 -27.230139 -0.31003937] }
 coordIndex [
  1,144,0,-1,0,144,150,-1,0,150,128,-1,128,150,151,-1,128,151,143,-1,143,151,152,-1,143,152,142,-1,142,152,153,-1,
  142,153,141,-1,141,153,154,-1,141,154,140,-1,140,154,155,-1,140,155,139,-1,139,155,156,-1,139,156,138,-1,138,156,157,-1,
  138,157,137,-1,137,157,158,-1,137,158,136,-1,136,158,146,-1,136,146,120,-1,120,146,104,-1,120,104,105,-1,0,128,112,-1,
  112,128,129,-1,112,129,127,-1,127,129,130,-1,127,130,126,-1,126,130,131,-1,126,131,125,-1,125,131,132,-1,125,132,124,-1,
  124,132,133,-1,124,133,123,-1,123,133,134,-1,123,134,122,-1,122,134,135,-1,122,135,121,-1,121,135,136,-1,121,136,120,-1,
  0,112,96,-1,96,112,113,-1,96,113,111,-1,111,113,114,-1,111,114,110,-1,110,114,115,-1,110,115,109,-1,109,115,116,-1,
  109,116,108,-1,108,116,117,-1,108,117,107,-1,107,117,118,-1,107,118,106,-1,106,118,119,-1,106,119,105,-1,105,119,120,-1,
  0,96,80,-1,80,96,97,-1,80,97,95,-1,95,97,98,-1,95,98,94,-1,94,98,99,-1,94,99,93,-1,93,99,100,-1,
  93,100,92,-1,92,100,101,-1,92,101,91,-1,91,101,102,-1,91,102,90,-1,90,102,103,-1,90,103,89,-1,89,103,104,-1,
  89,104,88,-1,88,104,146,-1,88,146,72,-1,72,146,56,-1,72,56,57,-1,0,80,64,-1,64,80,81,-1,64,81,79,-1,
  79,81,82,-1,79,82,78,-1,78,82,83,-1,78,83,77,-1,77,83,84,-1,77,84,76,-1,76,84,85,-1,76,85,75,-1,
  75,85,86,-1,75,86,74,-1,74,86,87,-1,74,87,73,-1,73,87,88,-1,73,88,72,-1,0,64,48,-1,48,64,65,-1,
  48,65,63,-1,63,65,66,-1,63,66,62,-1,62,66,67,-1,62,67,61,-1,61,67,68,-1,61,68,60,-1,60,68,69,-1,
  60,69,59,-1,59,69,70,-1,59,70,58,-1,58,70,71,-1,58,71,57,-1,57,71,72,-1,0,48,32,-1,32,48,49,-1,
  32,49,47,-1,47,49,50,-1,47,50,46,-1,46,50,51,-1,46,51,45,-1,45,51,52,-1,45,52,44,-1,44,52,53,-1,
  44,53,43,-1,43,53,54,-1,43,54,42,-1,42,54,55,-1,42,55,41,-1,41,55,56,-1,41,56,40,-1,40,56,146,-1,
  40,146,24,-1,24,146,8,-1,24,8,9,-1,0,32,16,-1,16,32,33,-1,16,33,31,-1,31,33,34,-1,31,34,30,-1,
  30,34,35,-1,30,35,29,-1,29,35,36,-1,29,36,28,-1,28,36,37,-1,28,37,27,-1,27,37,38,-1,27,38,26,-1,
  26,38,39,-1,26,39,25,-1,25,39,40,-1,25,40,24,-1,24,9,23,-1,23,9,10,-1,23,10,22,-1,22,10,11,-1,
  22,11,21,-1,21,11,12,-1,21,12,20,-1,20,12,13,-1,20,13,19,-1,19,13,14,-1,19,14,18,-1,18,14,15,-1,
  18,15,17,-1,17,15,0,-1,17,0,16,-1,149,144,2,-1,149,2,3,-1,149,3,4,-1,149,4,5,-1,149,5,6,-1,
  149,6,7,-1,149,7,8,-1,149,8,146,-1,149,146,325,-1,149,325,148,-1,175,148,174,-1,174,148,310,-1,174,310,302,-1,
  302,310,311,-1,302,311,301,-1,301,311,312,-1,301,312,300,-1,300,312,313,-1,300,313,299,-1,299,313,314,-1,299,314,298,-1,
  298,314,315,-1,298,315,297,-1,297,315,316,-1,297,316,296,-1,296,316,317,-1,296,317,295,-1,295,317,318,-1,295,318,294,-1,
  294,318,146,-1,294,146,278,-1,278,146,262,-1,278,262,263,-1,174,302,286,-1,286,302,303,-1,286,303,285,-1,285,303,304,-1,
  285,304,284,-1,284,304,305,-1,284,305,283,-1,283,305,306,-1,283,306,282,-1,282,306,307,-1,282,307,281,-1,281,307,308,-1,
  281,308,280,-1,280,308,309,-1,280,309,279,-1,279,309,294,-1,279,294,278,-1,174,286,270,-1,270,286,287,-1,270,287,269,-1,
  269,287,288,-1,269,288,268,-1,268,288,289,-1,268,289,267,-1,267,289,290,-1,267,290,266,-1,266,290,291,-1,266,291,265,-1,
  265,291,292,-1,265,292,264,-1,264,292,293,-1,264,293,263,-1,263,293,278,-1,174,270,254,-1,254,270,271,-1,254,271,253,-1,
  253,271,272,-1,253,272,252,-1,252,272,273,-1,252,273,251,-1,251,273,274,-1,251,274,250,-1,250,274,275,-1,250,275,249,-1,
  249,275,276,-1,249,276,248,-1,248,276,277,-1,248,277,247,-1,247,277,262,-1,247,262,246,-1,246,262,146,-1,246,146,230,-1,
  230,146,214,-1,230,214,215,-1,174,254,238,-1,238,254,255,-1,238,255,237,-1,237,255,256,-1,237,256,236,-1,236,256,257,-1,
  236,257,235,-1,235,257,258,-1,235,258,234,-1,234,258,259,-1,234,259,233,-1,233,259,260,-1,233,260,232,-1,232,260,261,-1,
  232,261,231,-1,231,261,246,-1,231,246,230,-1,174,238,222,-1,222,238,239,-1,222,239,221,-1,221,239,240,-1,221,240,220,-1,
  220,240,241,-1,220,241,219,-1,219,241,242,-1,219,242,218,-1,218,242,243,-1,218,243,217,-1,217,243,244,-1,217,244,216,-1,
  216,244,245,-1,216,245,215,-1,215,245,230,-1,174,222,206,-1,206,222,223,-1,206,223,205,-1,205,223,224,-1,205,224,204,-1,
  204,224,225,-1,204,225,203,-1,203,225,226,-1,203,226,202,-1,202,226,227,-1,202,227,201,-1,201,227,228,-1,201,228,200,-1,
  200,228,229,-1,200,229,199,-1,199,229,214,-1,199,214,198,-1,198,214,146,-1,198,146,182,-1,182,146,166,-1,182,166,167,-1,
  174,206,190,-1,190,206,207,-1,190,207,189,-1,189,207,208,-1,189,208,188,-1,188,208,209,-1,188,209,187,-1,187,209,210,-1,
  187,210,186,-1,186,210,211,-1,186,211,185,-1,185,211,212,-1,185,212,184,-1,184,212,213,-1,184,213,183,-1,183,213,198,-1,
  183,198,182,-1,182,167,197,-1,197,167,168,-1,197,168,196,-1,196,168,169,-1,196,169,195,-1,195,169,170,-1,195,170,194,-1,
  194,170,171,-1,194,171,193,-1,193,171,172,-1,193,172,192,-1,192,172,173,-1,192,173,191,-1,191,173,174,-1,191,174,190,-1,
  147,148,177,-1,147,177,178,-1,147,178,179,-1,147,179,180,-1,147,180,181,-1,147,181,166,-1,147,166,146,-1,176,177,148,-1,
  176,148,175,-1,146,318,319,-1,146,319,320,-1,146,320,321,-1,146,321,322,-1,146,322,323,-1,146,323,324,-1,146,324,325,-1,
  146,158,159,-1,146,159,160,-1,146,160,161,-1,146,161,162,-1,146,162,163,-1,146,163,145,-1,145,163,164,-1,145,164,165,-1,
  145,165,150,-1,145,150,144,-1,148,325,310,-1,2,144,1,-1,470,327,326,-1,470,326,476,-1,476,326,454,-1,476,454,477,-1,
  477,454,469,-1,477,469,478,-1,478,469,468,-1,478,468,479,-1,479,468,467,-1,479,467,480,-1,480,467,466,-1,480,466,481,-1,
  481,466,465,-1,481,465,482,-1,482,465,464,-1,482,464,483,-1,483,464,463,-1,483,463,484,-1,484,463,462,-1,484,462,472,-1,
  472,462,446,-1,472,446,430,-1,430,446,431,-1,454,326,438,-1,454,438,455,-1,455,438,453,-1,455,453,456,-1,456,453,452,-1,
  456,452,457,-1,457,452,451,-1,457,451,458,-1,458,451,450,-1,458,450,459,-1,459,450,449,-1,459,449,460,-1,460,449,448,-1,
  460,448,461,-1,461,448,447,-1,461,447,462,-1,462,447,446,-1,438,326,422,-1,438,422,439,-1,439,422,437,-1,439,437,440,-1,
  440,437,436,-1,440,436,441,-1,441,436,435,-1,441,435,442,-1,442,435,434,-1,442,434,443,-1,443,434,433,-1,443,433,444,-1,
  444,433,432,-1,444,432,445,-1,445,432,431,-1,445,431,446,-1,422,326,406,-1,422,406,423,-1,423,406,421,-1,423,421,424,-1,
  424,421,420,-1,424,420,425,-1,425,420,419,-1,425,419,426,-1,426,419,418,-1,426,418,427,-1,427,418,417,-1,427,417,428,-1,
  428,417,416,-1,428,416,429,-1,429,416,415,-1,429,415,430,-1,430,415,414,-1,430,414,472,-1,472,414,398,-1,472,398,382,-1,
  382,398,383,-1,406,326,390,-1,406,390,407,-1,407,390,405,-1,407,405,408,-1,408,405,404,-1,408,404,409,-1,409,404,403,-1,
  409,403,410,-1,410,403,402,-1,410,402,411,-1,411,402,401,-1,411,401,412,-1,412,401,400,-1,412,400,413,-1,413,400,399,-1,
  413,399,414,-1,414,399,398,-1,390,326,374,-1,390,374,391,-1,391,374,389,-1,391,389,392,-1,392,389,388,-1,392,388,393,-1,
  393,388,387,-1,393,387,394,-1,394,387,386,-1,394,386,395,-1,395,386,385,-1,395,385,396,-1,396,385,384,-1,396,384,397,-1,
  397,384,383,-1,397,383,398,-1,374,326,358,-1,374,358,375,-1,375,358,373,-1,375,373,376,-1,376,373,372,-1,376,372,377,-1,
  377,372,371,-1,377,371,378,-1,378,371,370,-1,378,370,379,-1,379,370,369,-1,379,369,380,-1,380,369,368,-1,380,368,381,-1,
  381,368,367,-1,381,367,382,-1,382,367,366,-1,382,366,472,-1,472,366,350,-1,472,350,334,-1,334,350,335,-1,358,326,342,-1,
  358,342,359,-1,359,342,357,-1,359,357,360,-1,360,357,356,-1,360,356,361,-1,361,356,355,-1,361,355,362,-1,362,355,354,-1,
  362,354,363,-1,363,354,353,-1,363,353,364,-1,364,353,352,-1,364,352,365,-1,365,352,351,-1,365,351,366,-1,366,351,350,-1,
  335,350,349,-1,335,349,336,-1,336,349,348,-1,336,348,337,-1,337,348,347,-1,337,347,338,-1,338,347,346,-1,338,346,339,-1,
  339,346,345,-1,339,345,340,-1,340,345,344,-1,340,344,341,-1,341,344,343,-1,341,343,326,-1,326,343,342,-1,470,475,328,-1,
  328,475,329,-1,329,475,330,-1,330,475,331,-1,331,475,332,-1,332,475,333,-1,333,475,334,-1,334,475,472,-1,472,475,651,-1,
  651,475,474,-1,474,501,500,-1,474,500,636,-1,636,500,628,-1,636,628,637,-1,637,628,627,-1,637,627,638,-1,638,627,626,-1,
  638,626,639,-1,639,626,625,-1,639,625,640,-1,640,625,624,-1,640,624,641,-1,641,624,623,-1,641,623,642,-1,642,623,622,-1,
  642,622,643,-1,643,622,621,-1,643,621,644,-1,644,621,620,-1,644,620,472,-1,472,620,604,-1,472,604,588,-1,588,604,589,-1,
  628,500,612,-1,628,612,629,-1,629,612,611,-1,629,611,630,-1,630,611,610,-1,630,610,631,-1,631,610,609,-1,631,609,632,-1,
  632,609,608,-1,632,608,633,-1,633,608,607,-1,633,607,634,-1,634,607,606,-1,634,606,635,-1,635,606,605,-1,635,605,620,-1,
  620,605,604,-1,612,500,596,-1,612,596,613,-1,613,596,595,-1,613,595,614,-1,614,595,594,-1,614,594,615,-1,615,594,593,-1,
  615,593,616,-1,616,593,592,-1,616,592,617,-1,617,592,591,-1,617,591,618,-1,618,591,590,-1,618,590,619,-1,619,590,589,-1,
  619,589,604,-1,596,500,580,-1,596,580,597,-1,597,580,579,-1,597,579,598,-1,598,579,578,-1,598,578,599,-1,599,578,577,-1,
  599,577,600,-1,600,577,576,-1,600,576,601,-1,601,576,575,-1,601,575,602,-1,602,575,574,-1,602,574,603,-1,603,574,573,-1,
  603,573,588,-1,588,573,572,-1,588,572,472,-1,472,572,556,-1,472,556,540,-1,540,556,541,-1,580,500,564,-1,580,564,581,-1,
  581,564,563,-1,581,563,582,-1,582,563,562,-1,582,562,583,-1,583,562,561,-1,583,561,584,-1,584,561,560,-1,584,560,585,-1,
  585,560,559,-1,585,559,586,-1,586,559,558,-1,586,558,587,-1,587,558,557,-1,587,557,572,-1,572,557,556,-1,564,500,548,-1,
  564,548,565,-1,565,548,547,-1,565,547,566,-1,566,547,546,-1,566,546,567,-1,567,546,545,-1,567,545,568,-1,568,545,544,-1,
  568,544,569,-1,569,544,543,-1,569,543,570,-1,570,543,542,-1,570,542,571,-1,571,542,541,-1,571,541,556,-1,548,500,532,-1,
  548,532,549,-1,549,532,531,-1,549,531,550,-1,550,531,530,-1,550,530,551,-1,551,530,529,-1,551,529,552,-1,552,529,528,-1,
  552,528,553,-1,553,528,527,-1,553,527,554,-1,554,527,526,-1,554,526,555,-1,555,526,525,-1,555,525,540,-1,540,525,524,-1,
  540,524,472,-1,472,524,508,-1,472,508,492,-1,492,508,493,-1,532,500,516,-1,532,516,533,-1,533,516,515,-1,533,515,534,-1,
  534,515,514,-1,534,514,535,-1,535,514,513,-1,535,513,536,-1,536,513,512,-1,536,512,537,-1,537,512,511,-1,537,511,538,-1,
  538,511,510,-1,538,510,539,-1,539,510,509,-1,539,509,524,-1,524,509,508,-1,493,508,523,-1,493,523,494,-1,494,523,522,-1,
  494,522,495,-1,495,522,521,-1,495,521,496,-1,496,521,520,-1,496,520,497,-1,497,520,519,-1,497,519,498,-1,498,519,518,-1,
  498,518,499,-1,499,518,517,-1,499,517,500,-1,500,517,516,-1,474,473,503,-1,503,473,504,-1,504,473,505,-1,505,473,506,-1,
  506,473,507,-1,507,473,492,-1,492,473,472,-1,503,502,474,-1,474,502,501,-1,644,472,645,-1,645,472,646,-1,646,472,647,-1,
  647,472,648,-1,648,472,649,-1,649,472,650,-1,650,472,651,-1,484,472,485,-1,485,472,486,-1,486,472,487,-1,487,472,488,-1,
  488,472,489,-1,489,472,471,-1,489,471,490,-1,490,471,491,-1,491,471,476,-1,476,471,470,-1,651,474,636,-1,470,328,327,-1]
  normalPerVertex TRUE
  normal DEF NORM_1 Normal { vector [
  0 0 1,0 0 1,
  0 0 1,0 0 1,
  0 0 1,0 0 1,
  0 0 1,0 0 1,
  0 0 1,0 0 1,
  0 0 1,0 0 1,
  0 0 1,0 0 1,
  0 0 1,0 0 1,
  0 0 1,0 0 1,
  0 0 1,0 0 1,
  0 0 1,0 0 1,
  0 0 1,0 0 1,
  0 0 1,0 0 1,
  0 0 1,0 0 1,
  0 0 1,0 0 1,
  0 0 1,0 0 1,
  0 0 1,0 0 1,
  0 0 1,0 0 1,
  0 0 1,0 0 1,
  0 0 1,0 0 1,
  0 0 1,0 0 1,
  0 0 1,0 0 1,
  0 0 1,0 0 1,
  0 0 1,0 0 1,
  0 0 1,0 0 1,
  0 0 1,0 0 1,
  0 0 1,0 0 1,
  0 0 1,0 0 1,
  0 0 1,0 0 1,
  0 0 1,0 0 1,
  0 0 1,0 0 1,
  0 0 1,0 0 1,
  0 0 1,0 0 1,
  0 0 1,0 0 1,
  0 0 1,0 0 1,
  0 0 1,0 0 1,
  0 0 1,0 0 1,
  0 0 1,0 0 1,
  0 0 1,0 0 1,
  0 0 1,0 0 1,
  0 0 1,0 0 1,
  0 0 1,0 0 1,
  0 0 1,0 0 1,
  0 0 1,0 0 1,
  0 0 1,0 0 1,
  0 0 1,0 0 1,
  0 0 1,0 0 1,
  0 0 1,0 0 1,
  0 0 1,0 0 1,
  0 0 1,0 0 1,
  0 0 1,0 0 1,
  0 0 1,0 0 1,
  0 0 1,0 0 1,
  0 0 1,0 0 1,
  0 0 1,0 0 1,
  0 0 1,0 0 1,
  0 0 1,0 0 1,
  0 0 1,0 0 1,
  0 0 1,0 0 1,
  0 0 1,0 0 1,
  0 0 1,0 0 1,
  0 0 1,0 0 1,
  0 0 1,0 0 1,
  0 0 1,0 0 1,
  0 0 1,0 0 1,
  0 0 1,0 0 1,
  0 0 1,0 0 1,
  0 0 1,0 0 1,
  0 0 1,0 0 1,
  0 0 1,0 0 1,
  0 0 1,0 0 1,
  0 0 1,0 0 1,
  0 0 1,0 0 1,
  0 0 1,0 0 1,
  0 0 1,0 0 1,
  0 0 1,0 0 1,
  0 0 1,0 0 1,
  0 0 1,0 0 1,
  0 0 1,0 0 1,
  0 0 1,0 0 1,
  0 0 1,0 0 1,
  0 0 1,0 0 1,
  0 0 1,0 0 1,
  0 0 1,0 0 1,
  0 0 1,0 0 1,
  0 0 1,0 0 1,
  0 0 1,0 0 1,
  0 0 1,0 0 1,
  0 0 1,0 0 1,
  0 0 1,0 0 1,
  0 0 1,0 0 1,
  0 0 1,0 0 1,
  0 0 1,0 0 1,
  0 0 1,0 0 1,
  0 0 1,0 0 1,
  0 0 1,0 0 1,
  0 0 1,0 0 1,
  0 0 1,0 0 1,
  0 0 1,0 0 1,
  0 0 1,0 0 1,
  0 0 1,0 0 1,
  0 0 1,0 0 1,
  0 0 1,0 0 1,
  0 0 1,0 0 1,
  0 0 1,0 0 1,
  0 0 1,0 0 1,
  0 0 1,0 0 1,
  0 0 1,0 0 1,
  0 0 1,0 0 1,
  0 0 1,0 0 1,
  0 0 1,0 0 1,
  0 0 1,0 0 1,
  0 0 1,0 0 1,
  0 0 1,0 0 1,
  0 0 1,0 0 1,
  0 0 1,0 0 1,
  0 0 1,0 0 1,
  0 0 1,0 0 1,
  0 0 1,0 0 1,
  0 0 1,0 0 1,
  0 0 1,0 0 1,
  0 0 1,0 0 1,
  0 0 1,0 0 1,
  0 0 1,0 0 1,
  0 0 1,0 0 1,
  0 0 1,0 0 1,
  0 0 1,0 0 1,
  0 0 1,0 0 1,
  0 0 1,0 0 1,
  0 0 1,0 0 1,
  0 0 1,0 0 1,
  0 0 1,0 0 1,
  0 0 1,0 0 1,
  0 0 1,0 0 1,
  0 0 1,0 0 1,
  0 0 1,0 0 1,
  0 0 1,0 0 1,
  0 0 1,0 0 1,
  0 0 1,0 0 1,
  0 0 1,0 0 1,
  0 0 1,0 0 1,
  0 0 1,0 0 1,
  0 0 1,0 0 1,
  0 0 1,0 0 1,
  0 0 1,0 0 1,
  0 0 1,0 0 1,
  0 0 1,0 0 1,
  0 0 1,0 0 1,
  0 0 1,0 0 1,
  0 0 1,0 0 1,
  0 0 1,0 0 1,
  0 0 1,0 0 1,
  0 0 1,0 0 1,
  0 0 1,0 0 1,
  0 0 1,0 0 1,
  0 0 1,0 0 1,
  0 0 1,0 0 1,
  0 0 1,0 0 1,
  0 0 1,0 0 1,
  0 0 1,0 0 1,
  0 0 1,0 0 1,
  0 0 1,0 0 1,
  0 0 1,0 0 1,
  0 0 -1,0 0 -1,
  0 0 -1,0 0 -1,
  0 0 -1,0 0 -1,
  0 0 -1,0 0 -1,
  0 0 -1,0 0 -1,
  0 0 -1,0 0 -1,
  0 0 -1,0 0 -1,
  0 0 -1,0 0 -1,
  0 0 -1,0 0 -1,
  0 0 -1,0 0 -1,
  0 0 -1,0 0 -1,
  0 0 -1,0 0 -1,
  0 0 -1,0 0 -1,
  0 0 -1,0 0 -1,
  0 0 -1,0 0 -1,
  0 0 -1,0 0 -1,
  0 0 -1,0 0 -1,
  0 0 -1,0 0 -1,
  0 0 -1,0 0 -1,
  0 0 -1,0 0 -1,
  0 0 -1,0 0 -1,
  0 0 -1,0 0 -1,
  0 0 -1,0 0 -1,
  0 0 -1,0 0 -1,
  0 0 -1,0 0 -1,
  0 0 -1,0 0 -1,
  0 0 -1,0 0 -1,
  0 0 -1,0 0 -1,
  0 0 -1,0 0 -1,
  0 0 -1,0 0 -1,
  0 0 -1,0 0 -1,
  0 0 -1,0 0 -1,
  0 0 -1,0 0 -1,
  0 0 -1,0 0 -1,
  0 0 -1,0 0 -1,
  0 0 -1,0 0 -1,
  0 0 -1,0 0 -1,
  0 0 -1,0 0 -1,
  0 0 -1,0 0 -1,
  0 0 -1,0 0 -1,
  0 0 -1,0 0 -1,
  0 0 -1,0 0 -1,
  0 0 -1,0 0 -1,
  0 0 -1,0 0 -1,
  0 0 -1,0 0 -1,
  0 0 -1,0 0 -1,
  0 0 -1,0 0 -1,
  0 0 -1,0 0 -1,
  0 0 -1,0 0 -1,
  0 0 -1,0 0 -1,
  0 0 -1,0 0 -1,
  0 0 -1,0 0 -1,
  0 0 -1,0 0 -1,
  0 0 -1,0 0 -1,
  0 0 -1,0 0 -1,
  0 0 -1,0 0 -1,
  0 0 -1,0 0 -1,
  0 0 -1,0 0 -1,
  0 0 -1,0 0 -1,
  0 0 -1,0 0 -1,
  0 0 -1,0 0 -1,
  0 0 -1,0 0 -1,
  0 0 -1,0 0 -1,
  0 0 -1,0 0 -1,
  0 0 -1,0 0 -1,
  0 0 -1,0 0 -1,
  0 0 -1,0 0 -1,
  0 0 -1,0 0 -1,
  0 0 -1,0 0 -1,
  0 0 -1,0 0 -1,
  0 0 -1,0 0 -1,
  0 0 -1,0 0 -1,
  0 0 -1,0 0 -1,
  0 0 -1,0 0 -1,
  0 0 -1,0 0 -1,
  0 0 -1,0 0 -1,
  0 0 -1,0 0 -1,
  0 0 -1,0 0 -1,
  0 0 -1,0 0 -1,
  0 0 -1,0 0 -1,
  0 0 -1,0 0 -1,
  0 0 -1,0 0 -1,
  0 0 -1,0 0 -1,
  0 0 -1,0 0 -1,
  0 0 -1,0 0 -1,
  0 0 -1,0 0 -1,
  0 0 -1,0 0 -1,
  0 0 -1,0 0 -1,
  0 0 -1,0 0 -1,
  0 0 -1,0 0 -1,
  0 0 -1,0 0 -1,
  0 0 -1,0 0 -1,
  0 0 -1,0 0 -1,
  0 0 -1,0 0 -1,
  0 0 -1,0 0 -1,
  0 0 -1,0 0 -1,
  0 0 -1,0 0 -1,
  0 0 -1,0 0 -1,
  0 0 -1,0 0 -1,
  0 0 -1,0 0 -1,
  0 0 -1,0 0 -1,
  0 0 -1,0 0 -1,
  0 0 -1,0 0 -1,
  0 0 -1,0 0 -1,
  0 0 -1,0 0 -1,
  0 0 -1,0 0 -1,
  0 0 -1,0 0 -1,
  0 0 -1,0 0 -1,
  0 0 -1,0 0 -1,
  0 0 -1,0 0 -1,
  0 0 -1,0 0 -1,
  0 0 -1,0 0 -1,
  0 0 -1,0 0 -1,
  0 0 -1,0 0 -1,
  0 0 -1,0 0 -1,
  0 0 -1,0 0 -1,
  0 0 -1,0 0 -1,
  0 0 -1,0 0 -1,
  0 0 -1,0 0 -1,
  0 0 -1,0 0 -1,
  0 0 -1,0 0 -1,
  0 0 -1,0 0 -1,
  0 0 -1,0 0 -1,
  0 0 -1,0 0 -1,
  0 0 -1,0 0 -1,
  0 0 -1,0 0 -1,
  0 0 -1,0 0 -1,
  0 0 -1,0 0 -1,
  0 0 -1,0 0 -1,
  0 0 -1,0 0 -1,
  0 0 -1,0 0 -1,
  0 0 -1,0 0 -1,
  0 0 -1,0 0 -1,
  0 0 -1,0 0 -1,
  0 0 -1,0 0 -1,
  0 0 -1,0 0 -1,
  0 0 -1,0 0 -1,
  0 0 -1,0 0 -1,
  0 0 -1,0 0 -1,
  0 0 -1,0 0 -1,
  0 0 -1,0 0 -1,
  0 0 -1,0 0 -1,
  0 0 -1,0 0 -1,
  0 0 -1,0 0 -1,
  0 0 -1,0 0 -1,
  0 0 -1,0 0 -1,
  0 0 -1,0 0 -1,
  0 0 -1,0 0 -1,
  0 0 -1,0 0 -1,
  0 0 -1,0 0 -1,
  0 0 -1,0 0 -1,
  0 0 -1,0 0 -1,
  0 0 -1,0 0 -1,
  0 0 -1,0 0 -1,
  0 0 -1,0 0 -1,
  0 0 -1,0 0 -1,
  0 0 -1,0 0 -1,
  0 0 -1,0 0 -1,
  0 0 -1,0 0 -1,
  0 0 -1,0 0 -1,
  0 0 -1,0 0 -1,
  0 0 -1,0 0 -1,
  0 0 -1,0 0 -1] }
}
}
DEF SHAPE_2 Shape {
 appearance USE APP_1
 geometry DEF FACE_2 IndexedFaceSet {
  coord DEF COORD_2 Coordinate { point [
  43.150682 -20.013955 0.31003937,43.137795 -20.07874 0.31003937,
  43.150682 -20.013955 -0.31003937,43.150682 -20.013955 -0.31003937,
  43.137795 -20.07874 0.31003937,43.137795 -20.07874 -0.31003937,
  43.18738 -19.959033 0.31003937,43.150682 -20.013955 0.31003937,
  43.18738 -19.959033 -0.31003937,43.18738 -19.959033 -0.31003937,
  43.150682 -20.013955 0.31003937,43.150682 -20.013955 -0.31003937,
  43.242302 -19.922335 0.31003937,43.18738 -19.959033 0.31003937,
  43.242302 -19.922335 -0.31003937,43.242302 -19.922335 -0.31003937,
  43.18738 -19.959033 0.31003937,43.18738 -19.959033 -0.31003937,
  43.307087 -19.909449 0.31003937,43.242302 -19.922335 0.31003937,
  43.307087 -19.909449 -0.31003937,43.307087 -19.909449 -0.31003937,
  43.242302 -19.922335 0.31003937,43.242302 -19.922335 -0.31003937,
  43.371872 -19.922335 0.31003937,43.307087 -19.909449 0.31003937,
  43.371872 -19.922335 -0.31003937,43.371872 -19.922335 -0.31003937,
  43.307087 -19.909449 0.31003937,43.307087 -19.909449 -0.31003937,
  43.426794 -19.959033 0.31003937,43.371872 -19.922335 0.31003937,
  43.426794 -19.959033 -0.31003937,43.426794 -19.959033 -0.31003937,
  43.371872 -19.922335 0.31003937,43.371872 -19.922335 -0.31003937,
  43.463491 -20.013955 0.31003937,43.426794 -19.959033 0.31003937,
  43.463491 -20.013955 -0.31003937,43.463491 -20.013955 -0.31003937,
  43.426794 -19.959033 0.31003937,43.426794 -19.959033 -0.31003937,
  43.476378 -20.07874 0.31003937,43.463491 -20.013955 0.31003937,
  43.476378 -20.07874 -0.31003937,43.476378 -20.07874 -0.31003937,
  43.463491 -20.013955 0.31003937,43.463491 -20.013955 -0.31003937,
  43.463491 -20.143525 0.31003937,43.476378 -20.07874 0.31003937,
  43.463491 -20.143525 -0.31003937,43.463491 -20.143525 -0.31003937,
  43.476378 -20.07874 0.31003937,43.476378 -20.07874 -0.31003937,
  43.426794 -20.198447 0.31003937,43.463491 -20.143525 0.31003937,
  43.426794 -20.198447 -0.31003937,43.426794 -20.198447 -0.31003937,
  43.463491 -20.143525 0.31003937,43.463491 -20.143525 -0.31003937,
  43.371872 -20.235145 0.31003937,43.426794 -20.198447 0.31003937,
  43.371872 -20.235145 -0.31003937,43.371872 -20.235145 -0.31003937,
  43.426794 -20.198447 0.31003937,43.426794 -20.198447 -0.31003937,
  43.307087 -20.248031 0.31003937,43.371872 -20.235145 0.31003937,
  43.307087 -20.248031 -0.31003937,43.307087 -20.248031 -0.31003937,
  43.371872 -20.235145 0.31003937,43.371872 -20.235145 -0.31003937,
  43.242302 -20.235145 0.31003937,43.307087 -20.248031 0.31003937,
  43.242302 -20.235145 -0.31003937,43.242302 -20.235145 -0.31003937,
  43.307087 -20.248031 0.31003937,43.307087 -20.248031 -0.31003937,
  43.18738 -20.198447 0.31003937,43.242302 -20.235145 0.31003937,
  43.18738 -20.198447 -0.31003937,43.18738 -20.198447 -0.31003937,
  43.242302 -20.235145 0.31003937,43.242302 -20.235145 -0.31003937,
  43.150682 -20.143525 0.31003937,43.18738 -20.198447 0.31003937,
  43.150682 -20.143525 -0.31003937,43.150682 -20.143525 -0.31003937,
  43.18738 -20.198447 0.31003937,43.18738 -20.198447 -0.31003937,
  43.137795 -20.07874 0.31003937,43.150682 -20.143525 0.31003937,
  43.137795 -20.07874 -0.31003937,43.137795 -20.07874 -0.31003937,
  43.150682 -20.143525 0.31003937,43.150682 -20.143525 -0.31003937,
  43.150682 -20.801357 0.31003937,43.137795 -20.866142 0.31003937,
  43.150682 -20.801357 -0.31003937,43.150682 -20.801357 -0.31003937,
  43.137795 -20.866142 0.31003937,43.137795 -20.866142 -0.31003937,
  43.18738 -20.746435 0.31003937,43.150682 -20.801357 0.31003937,
  43.18738 -20.746435 -0.31003937,43.18738 -20.746435 -0.31003937,
  43.150682 -20.801357 0.31003937,43.150682 -20.801357 -0.31003937,
  43.242302 -20.709737 0.31003937,43.18738 -20.746435 0.31003937,
  43.242302 -20.709737 -0.31003937,43.242302 -20.709737 -0.31003937,
  43.18738 -20.746435 0.31003937,43.18738 -20.746435 -0.31003937,
  43.307087 -20.69685 0.31003937,43.242302 -20.709737 0.31003937,
  43.307087 -20.69685 -0.31003937,43.307087 -20.69685 -0.31003937,
  43.242302 -20.709737 0.31003937,43.242302 -20.709737 -0.31003937,
  43.371872 -20.709737 0.31003937,43.307087 -20.69685 0.31003937,
  43.371872 -20.709737 -0.31003937,43.371872 -20.709737 -0.31003937,
  43.307087 -20.69685 0.31003937,43.307087 -20.69685 -0.31003937,
  43.426794 -20.746435 0.31003937,43.371872 -20.709737 0.31003937,
  43.426794 -20.746435 -0.31003937,43.426794 -20.746435 -0.31003937,
  43.371872 -20.709737 0.31003937,43.371872 -20.709737 -0.31003937,
  43.463491 -20.801357 0.31003937,43.426794 -20.746435 0.31003937,
  43.463491 -20.801357 -0.31003937,43.463491 -20.801357 -0.31003937,
  43.426794 -20.746435 0.31003937,43.426794 -20.746435 -0.31003937,
  43.476378 -20.866142 0.31003937,43.463491 -20.801357 0.31003937,
  43.476378 -20.866142 -0.31003937,43.476378 -20.866142 -0.31003937,
  43.463491 -20.801357 0.31003937,43.463491 -20.801357 -0.31003937,
  43.463491 -20.930927 0.31003937,43.476378 -20.866142 0.31003937,
  43.463491 -20.930927 -0.31003937,43.463491 -20.930927 -0.31003937,
  43.476378 -20.866142 0.31003937,43.476378 -20.866142 -0.31003937,
  43.426794 -20.985849 0.31003937,43.463491 -20.930927 0.31003937,
  43.426794 -20.985849 -0.31003937,43.426794 -20.985849 -0.31003937,
  43.463491 -20.930927 0.31003937,43.463491 -20.930927 -0.31003937,
  43.371872 -21.022547 0.31003937,43.426794 -20.985849 0.31003937,
  43.371872 -21.022547 -0.31003937,43.371872 -21.022547 -0.31003937,
  43.426794 -20.985849 0.31003937,43.426794 -20.985849 -0.31003937,
  43.307087 -21.035433 0.31003937,43.371872 -21.022547 0.31003937,
  43.307087 -21.035433 -0.31003937,43.307087 -21.035433 -0.31003937,
  43.371872 -21.022547 0.31003937,43.371872 -21.022547 -0.31003937,
  43.242302 -21.022547 0.31003937,43.307087 -21.035433 0.31003937,
  43.242302 -21.022547 -0.31003937,43.242302 -21.022547 -0.31003937,
  43.307087 -21.035433 0.31003937,43.307087 -21.035433 -0.31003937,
  43.18738 -20.985849 0.31003937,43.242302 -21.022547 0.31003937,
  43.18738 -20.985849 -0.31003937,43.18738 -20.985849 -0.31003937,
  43.242302 -21.022547 0.31003937,43.242302 -21.022547 -0.31003937,
  43.150682 -20.930927 0.31003937,43.18738 -20.985849 0.31003937,
  43.150682 -20.930927 -0.31003937,43.150682 -20.930927 -0.31003937,
  43.18738 -20.985849 0.31003937,43.18738 -20.985849 -0.31003937,
  43.137795 -20.866142 0.31003937,43.150682 -20.930927 0.31003937,
  43.137795 -20.866142 -0.31003937,43.137795 -20.866142 -0.31003937,
  43.150682 -20.930927 0.31003937,43.150682 -20.930927 -0.31003937,
  43.150682 -21.588758 0.31003937,43.137795 -21.653543 0.31003937,
  43.150682 -21.588758 -0.31003937,43.150682 -21.588758 -0.31003937,
  43.137795 -21.653543 0.31003937,43.137795 -21.653543 -0.31003937,
  43.18738 -21.533836 0.31003937,43.150682 -21.588758 0.31003937,
  43.18738 -21.533836 -0.31003937,43.18738 -21.533836 -0.31003937,
  43.150682 -21.588758 0.31003937,43.150682 -21.588758 -0.31003937,
  43.242302 -21.497139 0.31003937,43.18738 -21.533836 0.31003937,
  43.242302 -21.497139 -0.31003937,43.242302 -21.497139 -0.31003937,
  43.18738 -21.533836 0.31003937,43.18738 -21.533836 -0.31003937,
  43.307087 -21.484252 0.31003937,43.242302 -21.497139 0.31003937,
  43.307087 -21.484252 -0.31003937,43.307087 -21.484252 -0.31003937,
  43.242302 -21.497139 0.31003937,43.242302 -21.497139 -0.31003937,
  43.371872 -21.497139 0.31003937,43.307087 -21.484252 0.31003937,
  43.371872 -21.497139 -0.31003937,43.371872 -21.497139 -0.31003937,
  43.307087 -21.484252 0.31003937,43.307087 -21.484252 -0.31003937,
  43.426794 -21.533836 0.31003937,43.371872 -21.497139 0.31003937,
  43.426794 -21.533836 -0.31003937,43.426794 -21.533836 -0.31003937,
  43.371872 -21.497139 0.31003937,43.371872 -21.497139 -0.31003937,
  43.463491 -21.588758 0.31003937,43.426794 -21.533836 0.31003937,
  43.463491 -21.588758 -0.31003937,43.463491 -21.588758 -0.31003937,
  43.426794 -21.533836 0.31003937,43.426794 -21.533836 -0.31003937,
  43.476378 -21.653543 0.31003937,43.463491 -21.588758 0.31003937,
  43.476378 -21.653543 -0.31003937,43.476378 -21.653543 -0.31003937,
  43.463491 -21.588758 0.31003937,43.463491 -21.588758 -0.31003937,
  43.463491 -21.718328 0.31003937,43.476378 -21.653543 0.31003937,
  43.463491 -21.718328 -0.31003937,43.463491 -21.718328 -0.31003937,
  43.476378 -21.653543 0.31003937,43.476378 -21.653543 -0.31003937,
  43.426794 -21.77325 0.31003937,43.463491 -21.718328 0.31003937,
  43.426794 -21.77325 -0.31003937,43.426794 -21.77325 -0.31003937,
  43.463491 -21.718328 0.31003937,43.463491 -21.718328 -0.31003937,
  43.371872 -21.809948 0.31003937,43.426794 -21.77325 0.31003937,
  43.371872 -21.809948 -0.31003937,43.371872 -21.809948 -0.31003937,
  43.426794 -21.77325 0.31003937,43.426794 -21.77325 -0.31003937,
  43.307087 -21.822835 0.31003937,43.371872 -21.809948 0.31003937,
  43.307087 -21.822835 -0.31003937,43.307087 -21.822835 -0.31003937,
  43.371872 -21.809948 0.31003937,43.371872 -21.809948 -0.31003937,
  43.242302 -21.809948 0.31003937,43.307087 -21.822835 0.31003937,
  43.242302 -21.809948 -0.31003937,43.242302 -21.809948 -0.31003937,
  43.307087 -21.822835 0.31003937,43.307087 -21.822835 -0.31003937,
  43.18738 -21.77325 0.31003937,43.242302 -21.809948 0.31003937,
  43.18738 -21.77325 -0.31003937,43.18738 -21.77325 -0.31003937,
  43.242302 -21.809948 0.31003937,43.242302 -21.809948 -0.31003937,
  43.150682 -21.718328 0.31003937,43.18738 -21.77325 0.31003937,
  43.150682 -21.718328 -0.31003937,43.150682 -21.718328 -0.31003937,
  43.18738 -21.77325 0.31003937,43.18738 -21.77325 -0.31003937,
  43.137795 -21.653543 0.31003937,43.150682 -21.718328 0.31003937,
  43.137795 -21.653543 -0.31003937,43.137795 -21.653543 -0.31003937,
  43.150682 -21.718328 0.31003937,43.150682 -21.718328 -0.31003937,
  43.150682 -22.37616 0.31003937,43.137795 -22.440945 0.31003937,
  43.150682 -22.37616 -0.31003937,43.150682 -22.37616 -0.31003937,
  43.137795 -22.440945 0.31003937,43.137795 -22.440945 -0.31003937,
  43.18738 -22.321238 0.31003937,43.150682 -22.37616 0.31003937,
  43.18738 -22.321238 -0.31003937,43.18738 -22.321238 -0.31003937,
  43.150682 -22.37616 0.31003937,43.150682 -22.37616 -0.31003937,
  43.242302 -22.28454 0.31003937,43.18738 -22.321238 0.31003937,
  43.242302 -22.28454 -0.31003937,43.242302 -22.28454 -0.31003937,
  43.18738 -22.321238 0.31003937,43.18738 -22.321238 -0.31003937,
  43.307087 -22.271654 0.31003937,43.242302 -22.28454 0.31003937,
  43.307087 -22.271654 -0.31003937,43.307087 -22.271654 -0.31003937,
  43.242302 -22.28454 0.31003937,43.242302 -22.28454 -0.31003937,
  43.371872 -22.28454 0.31003937,43.307087 -22.271654 0.31003937,
  43.371872 -22.28454 -0.31003937,43.371872 -22.28454 -0.31003937,
  43.307087 -22.271654 0.31003937,43.307087 -22.271654 -0.31003937,
  43.426794 -22.321238 0.31003937,43.371872 -22.28454 0.31003937,
  43.426794 -22.321238 -0.31003937,43.426794 -22.321238 -0.31003937,
  43.371872 -22.28454 0.31003937,43.371872 -22.28454 -0.31003937,
  43.463491 -22.37616 0.31003937,43.426794 -22.321238 0.31003937,
  43.463491 -22.37616 -0.31003937,43.463491 -22.37616 -0.31003937,
  43.426794 -22.321238 0.31003937,43.426794 -22.321238 -0.31003937,
  43.476378 -22.440945 0.31003937,43.463491 -22.37616 0.31003937,
  43.476378 -22.440945 -0.31003937,43.476378 -22.440945 -0.31003937,
  43.463491 -22.37616 0.31003937,43.463491 -22.37616 -0.31003937,
  43.463491 -22.50573 0.31003937,43.476378 -22.440945 0.31003937,
  43.463491 -22.50573 -0.31003937,43.463491 -22.50573 -0.31003937,
  43.476378 -22.440945 0.31003937,43.476378 -22.440945 -0.31003937,
  43.426794 -22.560652 0.31003937,43.463491 -22.50573 0.31003937,
  43.426794 -22.560652 -0.31003937,43.426794 -22.560652 -0.31003937,
  43.463491 -22.50573 0.31003937,43.463491 -22.50573 -0.31003937,
  43.371872 -22.59735 0.31003937,43.426794 -22.560652 0.31003937,
  43.371872 -22.59735 -0.31003937,43.371872 -22.59735 -0.31003937,
  43.426794 -22.560652 0.31003937,43.426794 -22.560652 -0.31003937,
  43.307087 -22.610236 0.31003937,43.371872 -22.59735 0.31003937,
  43.307087 -22.610236 -0.31003937,43.307087 -22.610236 -0.31003937,
  43.371872 -22.59735 0.31003937,43.371872 -22.59735 -0.31003937,
  43.242302 -22.59735 0.31003937,43.307087 -22.610236 0.31003937,
  43.242302 -22.59735 -0.31003937,43.242302 -22.59735 -0.31003937,
  43.307087 -22.610236 0.31003937,43.307087 -22.610236 -0.31003937,
  43.18738 -22.560652 0.31003937,43.242302 -22.59735 0.31003937,
  43.18738 -22.560652 -0.31003937,43.18738 -22.560652 -0.31003937,
  43.242302 -22.59735 0.31003937,43.242302 -22.59735 -0.31003937,
  43.150682 -22.50573 0.31003937,43.18738 -22.560652 0.31003937,
  43.150682 -22.50573 -0.31003937,43.150682 -22.50573 -0.31003937,
  43.18738 -22.560652 0.31003937,43.18738 -22.560652 -0.31003937,
  43.137795 -22.440945 0.31003937,43.150682 -22.50573 0.31003937,
  43.137795 -22.440945 -0.31003937,43.137795 -22.440945 -0.31003937,
  43.150682 -22.50573 0.31003937,43.150682 -22.50573 -0.31003937,
  43.150682 -23.163561 0.31003937,43.137795 -23.228346 0.31003937,
  43.150682 -23.163561 -0.31003937,43.150682 -23.163561 -0.31003937,
  43.137795 -23.228346 0.31003937,43.137795 -23.228346 -0.31003937,
  43.18738 -23.108639 0.31003937,43.150682 -23.163561 0.31003937,
  43.18738 -23.108639 -0.31003937,43.18738 -23.108639 -0.31003937,
  43.150682 -23.163561 0.31003937,43.150682 -23.163561 -0.31003937,
  43.242302 -23.071942 0.31003937,43.18738 -23.108639 0.31003937,
  43.242302 -23.071942 -0.31003937,43.242302 -23.071942 -0.31003937,
  43.18738 -23.108639 0.31003937,43.18738 -23.108639 -0.31003937,
  43.307087 -23.059055 0.31003937,43.242302 -23.071942 0.31003937,
  43.307087 -23.059055 -0.31003937,43.307087 -23.059055 -0.31003937,
  43.242302 -23.071942 0.31003937,43.242302 -23.071942 -0.31003937,
  43.371872 -23.071942 0.31003937,43.307087 -23.059055 0.31003937,
  43.371872 -23.071942 -0.31003937,43.371872 -23.071942 -0.31003937,
  43.307087 -23.059055 0.31003937,43.307087 -23.059055 -0.31003937,
  43.426794 -23.108639 0.31003937,43.371872 -23.071942 0.31003937,
  43.426794 -23.108639 -0.31003937,43.426794 -23.108639 -0.31003937,
  43.371872 -23.071942 0.31003937,43.371872 -23.071942 -0.31003937,
  43.463491 -23.163561 0.31003937,43.426794 -23.108639 0.31003937,
  43.463491 -23.163561 -0.31003937,43.463491 -23.163561 -0.31003937,
  43.426794 -23.108639 0.31003937,43.426794 -23.108639 -0.31003937,
  43.476378 -23.228346 0.31003937,43.463491 -23.163561 0.31003937,
  43.476378 -23.228346 -0.31003937,43.476378 -23.228346 -0.31003937,
  43.463491 -23.163561 0.31003937,43.463491 -23.163561 -0.31003937,
  43.463491 -23.293131 0.31003937,43.476378 -23.228346 0.31003937,
  43.463491 -23.293131 -0.31003937,43.463491 -23.293131 -0.31003937,
  43.476378 -23.228346 0.31003937,43.476378 -23.228346 -0.31003937,
  43.426794 -23.348054 0.31003937,43.463491 -23.293131 0.31003937,
  43.426794 -23.348054 -0.31003937,43.426794 -23.348054 -0.31003937,
  43.463491 -23.293131 0.31003937,43.463491 -23.293131 -0.31003937,
  43.371872 -23.384751 0.31003937,43.426794 -23.348054 0.31003937,
  43.371872 -23.384751 -0.31003937,43.371872 -23.384751 -0.31003937,
  43.426794 -23.348054 0.31003937,43.426794 -23.348054 -0.31003937,
  43.307087 -23.397638 0.31003937,43.371872 -23.384751 0.31003937,
  43.307087 -23.397638 -0.31003937,43.307087 -23.397638 -0.31003937,
  43.371872 -23.384751 0.31003937,43.371872 -23.384751 -0.31003937,
  43.242302 -23.384751 0.31003937,43.307087 -23.397638 0.31003937,
  43.242302 -23.384751 -0.31003937,43.242302 -23.384751 -0.31003937,
  43.307087 -23.397638 0.31003937,43.307087 -23.397638 -0.31003937,
  43.18738 -23.348054 0.31003937,43.242302 -23.384751 0.31003937,
  43.18738 -23.348054 -0.31003937,43.18738 -23.348054 -0.31003937,
  43.242302 -23.384751 0.31003937,43.242302 -23.384751 -0.31003937,
  43.150682 -23.293131 0.31003937,43.18738 -23.348054 0.31003937,
  43.150682 -23.293131 -0.31003937,43.150682 -23.293131 -0.31003937,
  43.18738 -23.348054 0.31003937,43.18738 -23.348054 -0.31003937,
  43.137795 -23.228346 0.31003937,43.150682 -23.293131 0.31003937,
  43.137795 -23.228346 -0.31003937,43.137795 -23.228346 -0.31003937,
  43.150682 -23.293131 0.31003937,43.150682 -23.293131 -0.31003937,
  43.150682 -23.950963 0.31003937,43.137795 -24.015748 0.31003937,
  43.150682 -23.950963 -0.31003937,43.150682 -23.950963 -0.31003937,
  43.137795 -24.015748 0.31003937,43.137795 -24.015748 -0.31003937,
  43.18738 -23.896041 0.31003937,43.150682 -23.950963 0.31003937,
  43.18738 -23.896041 -0.31003937,43.18738 -23.896041 -0.31003937,
  43.150682 -23.950963 0.31003937,43.150682 -23.950963 -0.31003937,
  43.242302 -23.859343 0.31003937,43.18738 -23.896041 0.31003937,
  43.242302 -23.859343 -0.31003937,43.242302 -23.859343 -0.31003937,
  43.18738 -23.896041 0.31003937,43.18738 -23.896041 -0.31003937,
  43.307087 -23.846457 0.31003937,43.242302 -23.859343 0.31003937,
  43.307087 -23.846457 -0.31003937,43.307087 -23.846457 -0.31003937,
  43.242302 -23.859343 0.31003937,43.242302 -23.859343 -0.31003937,
  43.371872 -23.859343 0.31003937,43.307087 -23.846457 0.31003937,
  43.371872 -23.859343 -0.31003937,43.371872 -23.859343 -0.31003937,
  43.307087 -23.846457 0.31003937,43.307087 -23.846457 -0.31003937,
  43.426794 -23.896041 0.31003937,43.371872 -23.859343 0.31003937,
  43.426794 -23.896041 -0.31003937,43.426794 -23.896041 -0.31003937,
  43.371872 -23.859343 0.31003937,43.371872 -23.859343 -0.31003937,
  43.463491 -23.950963 0.31003937,43.426794 -23.896041 0.31003937,
  43.463491 -23.950963 -0.31003937,43.463491 -23.950963 -0.31003937,
  43.426794 -23.896041 0.31003937,43.426794 -23.896041 -0.31003937,
  43.476378 -24.015748 0.31003937,43.463491 -23.950963 0.31003937,
  43.476378 -24.015748 -0.31003937,43.476378 -24.015748 -0.31003937,
  43.463491 -23.950963 0.31003937,43.463491 -23.950963 -0.31003937,
  43.463491 -24.080533 0.31003937,43.476378 -24.015748 0.31003937,
  43.463491 -24.080533 -0.31003937,43.463491 -24.080533 -0.31003937,
  43.476378 -24.015748 0.31003937,43.476378 -24.015748 -0.31003937,
  43.426794 -24.135455 0.31003937,43.463491 -24.080533 0.31003937,
  43.426794 -24.135455 -0.31003937,43.426794 -24.135455 -0.31003937,
  43.463491 -24.080533 0.31003937,43.463491 -24.080533 -0.31003937,
  43.371872 -24.172153 0.31003937,43.426794 -24.135455 0.31003937,
  43.371872 -24.172153 -0.31003937,43.371872 -24.172153 -0.31003937,
  43.426794 -24.135455 0.31003937,43.426794 -24.135455 -0.31003937,
  43.307087 -24.185039 0.31003937,43.371872 -24.172153 0.31003937,
  43.307087 -24.185039 -0.31003937,43.307087 -24.185039 -0.31003937,
  43.371872 -24.172153 0.31003937,43.371872 -24.172153 -0.31003937,
  43.242302 -24.172153 0.31003937,43.307087 -24.185039 0.31003937,
  43.242302 -24.172153 -0.31003937,43.242302 -24.172153 -0.31003937,
  43.307087 -24.185039 0.31003937,43.307087 -24.185039 -0.31003937,
  43.18738 -24.135455 0.31003937,43.242302 -24.172153 0.31003937,
  43.18738 -24.135455 -0.31003937,43.18738 -24.135455 -0.31003937,
  43.242302 -24.172153 0.31003937,43.242302 -24.172153 -0.31003937,
  43.150682 -24.080533 0.31003937,43.18738 -24.135455 0.31003937,
  43.150682 -24.080533 -0.31003937,43.150682 -24.080533 -0.31003937,
  43.18738 -24.135455 0.31003937,43.18738 -24.135455 -0.31003937,
  43.137795 -24.015748 0.31003937,43.150682 -24.080533 0.31003937,
  43.137795 -24.015748 -0.31003937,43.137795 -24.015748 -0.31003937,
  43.150682 -24.080533 0.31003937,43.150682 -24.080533 -0.31003937,
  43.150682 -24.738365 0.31003937,43.137795 -24.80315 0.31003937,
  43.150682 -24.738365 -0.31003937,43.150682 -24.738365 -0.31003937,
  43.137795 -24.80315 0.31003937,43.137795 -24.80315 -0.31003937,
  43.18738 -24.683443 0.31003937,43.150682 -24.738365 0.31003937,
  43.18738 -24.683443 -0.31003937,43.18738 -24.683443 -0.31003937,
  43.150682 -24.738365 0.31003937,43.150682 -24.738365 -0.31003937,
  43.242302 -24.646745 0.31003937,43.18738 -24.683443 0.31003937,
  43.242302 -24.646745 -0.31003937,43.242302 -24.646745 -0.31003937,
  43.18738 -24.683443 0.31003937,43.18738 -24.683443 -0.31003937,
  43.307087 -24.633858 0.31003937,43.242302 -24.646745 0.31003937,
  43.307087 -24.633858 -0.31003937,43.307087 -24.633858 -0.31003937,
  43.242302 -24.646745 0.31003937,43.242302 -24.646745 -0.31003937,
  43.371872 -24.646745 0.31003937,43.307087 -24.633858 0.31003937,
  43.371872 -24.646745 -0.31003937,43.371872 -24.646745 -0.31003937,
  43.307087 -24.633858 0.31003937,43.307087 -24.633858 -0.31003937,
  43.426794 -24.683443 0.31003937,43.371872 -24.646745 0.31003937,
  43.426794 -24.683443 -0.31003937,43.426794 -24.683443 -0.31003937,
  43.371872 -24.646745 0.31003937,43.371872 -24.646745 -0.31003937,
  43.463491 -24.738365 0.31003937,43.426794 -24.683443 0.31003937,
  43.463491 -24.738365 -0.31003937,43.463491 -24.738365 -0.31003937,
  43.426794 -24.683443 0.31003937,43.426794 -24.683443 -0.31003937,
  43.476378 -24.80315 0.31003937,43.463491 -24.738365 0.31003937,
  43.476378 -24.80315 -0.31003937,43.476378 -24.80315 -0.31003937,
  43.463491 -24.738365 0.31003937,43.463491 -24.738365 -0.31003937,
  43.463491 -24.867935 0.31003937,43.476378 -24.80315 0.31003937,
  43.463491 -24.867935 -0.31003937,43.463491 -24.867935 -0.31003937,
  43.476378 -24.80315 0.31003937,43.476378 -24.80315 -0.31003937,
  43.426794 -24.922857 0.31003937,43.463491 -24.867935 0.31003937,
  43.426794 -24.922857 -0.31003937,43.426794 -24.922857 -0.31003937,
  43.463491 -24.867935 0.31003937,43.463491 -24.867935 -0.31003937,
  43.371872 -24.959554 0.31003937,43.426794 -24.922857 0.31003937,
  43.371872 -24.959554 -0.31003937,43.371872 -24.959554 -0.31003937,
  43.426794 -24.922857 0.31003937,43.426794 -24.922857 -0.31003937,
  43.307087 -24.972441 0.31003937,43.371872 -24.959554 0.31003937,
  43.307087 -24.972441 -0.31003937,43.307087 -24.972441 -0.31003937,
  43.371872 -24.959554 0.31003937,43.371872 -24.959554 -0.31003937,
  43.242302 -24.959554 0.31003937,43.307087 -24.972441 0.31003937,
  43.242302 -24.959554 -0.31003937,43.242302 -24.959554 -0.31003937,
  43.307087 -24.972441 0.31003937,43.307087 -24.972441 -0.31003937,
  43.18738 -24.922857 0.31003937,43.242302 -24.959554 0.31003937,
  43.18738 -24.922857 -0.31003937,43.18738 -24.922857 -0.31003937,
  43.242302 -24.959554 0.31003937,43.242302 -24.959554 -0.31003937,
  43.150682 -24.867935 0.31003937,43.18738 -24.922857 0.31003937,
  43.150682 -24.867935 -0.31003937,43.150682 -24.867935 -0.31003937,
  43.18738 -24.922857 0.31003937,43.18738 -24.922857 -0.31003937,
  43.137795 -24.80315 0.31003937,43.150682 -24.867935 0.31003937,
  43.137795 -24.80315 -0.31003937,43.137795 -24.80315 -0.31003937,
  43.150682 -24.867935 0.31003937,43.150682 -24.867935 -0.31003937,
  43.150682 -25.525766 0.31003937,43.137795 -25.590551 0.31003937,
  43.150682 -25.525766 -0.31003937,43.150682 -25.525766 -0.31003937,
  43.137795 -25.590551 0.31003937,43.137795 -25.590551 -0.31003937,
  43.18738 -25.470844 0.31003937,43.150682 -25.525766 0.31003937,
  43.18738 -25.470844 -0.31003937,43.18738 -25.470844 -0.31003937,
  43.150682 -25.525766 0.31003937,43.150682 -25.525766 -0.31003937,
  43.242302 -25.434146 0.31003937,43.18738 -25.470844 0.31003937,
  43.242302 -25.434146 -0.31003937,43.242302 -25.434146 -0.31003937,
  43.18738 -25.470844 0.31003937,43.18738 -25.470844 -0.31003937,
  43.307087 -25.42126 0.31003937,43.242302 -25.434146 0.31003937,
  43.307087 -25.42126 -0.31003937,43.307087 -25.42126 -0.31003937,
  43.242302 -25.434146 0.31003937,43.242302 -25.434146 -0.31003937,
  43.371872 -25.434146 0.31003937,43.307087 -25.42126 0.31003937,
  43.371872 -25.434146 -0.31003937,43.371872 -25.434146 -0.31003937,
  43.307087 -25.42126 0.31003937,43.307087 -25.42126 -0.31003937,
  43.426794 -25.470844 0.31003937,43.371872 -25.434146 0.31003937,
  43.426794 -25.470844 -0.31003937,43.426794 -25.470844 -0.31003937,
  43.371872 -25.434146 0.31003937,43.371872 -25.434146 -0.31003937,
  43.463491 -25.525766 0.31003937,43.426794 -25.470844 0.31003937,
  43.463491 -25.525766 -0.31003937,43.463491 -25.525766 -0.31003937,
  43.426794 -25.470844 0.31003937,43.426794 -25.470844 -0.31003937,
  43.476378 -25.590551 0.31003937,43.463491 -25.525766 0.31003937,
  43.476378 -25.590551 -0.31003937,43.476378 -25.590551 -0.31003937,
  43.463491 -25.525766 0.31003937,43.463491 -25.525766 -0.31003937,
  43.463491 -25.655336 0.31003937,43.476378 -25.590551 0.31003937,
  43.463491 -25.655336 -0.31003937,43.463491 -25.655336 -0.31003937,
  43.476378 -25.590551 0.31003937,43.476378 -25.590551 -0.31003937,
  43.426794 -25.710258 0.31003937,43.463491 -25.655336 0.31003937,
  43.426794 -25.710258 -0.31003937,43.426794 -25.710258 -0.31003937,
  43.463491 -25.655336 0.31003937,43.463491 -25.655336 -0.31003937,
  43.371872 -25.746956 0.31003937,43.426794 -25.710258 0.31003937,
  43.371872 -25.746956 -0.31003937,43.371872 -25.746956 -0.31003937,
  43.426794 -25.710258 0.31003937,43.426794 -25.710258 -0.31003937,
  43.307087 -25.759843 0.31003937,43.371872 -25.746956 0.31003937,
  43.307087 -25.759843 -0.31003937,43.307087 -25.759843 -0.31003937,
  43.371872 -25.746956 0.31003937,43.371872 -25.746956 -0.31003937,
  43.242302 -25.746956 0.31003937,43.307087 -25.759843 0.31003937,
  43.242302 -25.746956 -0.31003937,43.242302 -25.746956 -0.31003937,
  43.307087 -25.759843 0.31003937,43.307087 -25.759843 -0.31003937,
  43.18738 -25.710258 0.31003937,43.242302 -25.746956 0.31003937,
  43.18738 -25.710258 -0.31003937,43.18738 -25.710258 -0.31003937,
  43.242302 -25.746956 0.31003937,43.242302 -25.746956 -0.31003937,
  43.150682 -25.655336 0.31003937,43.18738 -25.710258 0.31003937,
  43.150682 -25.655336 -0.31003937,43.150682 -25.655336 -0.31003937,
  43.18738 -25.710258 0.31003937,43.18738 -25.710258 -0.31003937,
  43.137795 -25.590551 0.31003937,43.150682 -25.655336 0.31003937,
  43.137795 -25.590551 -0.31003937,43.137795 -25.590551 -0.31003937,
  43.150682 -25.655336 0.31003937,43.150682 -25.655336 -0.31003937,
  43.150682 -26.313168 0.31003937,43.137795 -26.377953 0.31003937,
  43.150682 -26.313168 -0.31003937,43.150682 -26.313168 -0.31003937,
  43.137795 -26.377953 0.31003937,43.137795 -26.377953 -0.31003937,
  43.18738 -26.258246 0.31003937,43.150682 -26.313168 0.31003937,
  43.18738 -26.258246 -0.31003937,43.18738 -26.258246 -0.31003937,
  43.150682 -26.313168 0.31003937,43.150682 -26.313168 -0.31003937,
  43.242302 -26.221548 0.31003937,43.18738 -26.258246 0.31003937,
  43.242302 -26.221548 -0.31003937,43.242302 -26.221548 -0.31003937,
  43.18738 -26.258246 0.31003937,43.18738 -26.258246 -0.31003937,
  43.307087 -26.208661 0.31003937,43.242302 -26.221548 0.31003937,
  43.307087 -26.208661 -0.31003937,43.307087 -26.208661 -0.31003937,
  43.242302 -26.221548 0.31003937,43.242302 -26.221548 -0.31003937,
  43.371872 -26.221548 0.31003937,43.307087 -26.208661 0.31003937,
  43.371872 -26.221548 -0.31003937,43.371872 -26.221548 -0.31003937,
  43.307087 -26.208661 0.31003937,43.307087 -26.208661 -0.31003937,
  43.426794 -26.258246 0.31003937,43.371872 -26.221548 0.31003937,
  43.426794 -26.258246 -0.31003937,43.426794 -26.258246 -0.31003937,
  43.371872 -26.221548 0.31003937,43.371872 -26.221548 -0.31003937,
  43.463491 -26.313168 0.31003937,43.426794 -26.258246 0.31003937,
  43.463491 -26.313168 -0.31003937,43.463491 -26.313168 -0.31003937,
  43.426794 -26.258246 0.31003937,43.426794 -26.258246 -0.31003937,
  43.476378 -26.377953 0.31003937,43.463491 -26.313168 0.31003937,
  43.476378 -26.377953 -0.31003937,43.476378 -26.377953 -0.31003937,
  43.463491 -26.313168 0.31003937,43.463491 -26.313168 -0.31003937,
  43.463491 -26.442738 0.31003937,43.476378 -26.377953 0.31003937,
  43.463491 -26.442738 -0.31003937,43.463491 -26.442738 -0.31003937,
  43.476378 -26.377953 0.31003937,43.476378 -26.377953 -0.31003937,
  43.426794 -26.49766 0.31003937,43.463491 -26.442738 0.31003937,
  43.426794 -26.49766 -0.31003937,43.426794 -26.49766 -0.31003937,
  43.463491 -26.442738 0.31003937,43.463491 -26.442738 -0.31003937,
  43.371872 -26.534358 0.31003937,43.426794 -26.49766 0.31003937,
  43.371872 -26.534358 -0.31003937,43.371872 -26.534358 -0.31003937,
  43.426794 -26.49766 0.31003937,43.426794 -26.49766 -0.31003937,
  43.307087 -26.547244 0.31003937,43.371872 -26.534358 0.31003937,
  43.307087 -26.547244 -0.31003937,43.307087 -26.547244 -0.31003937,
  43.371872 -26.534358 0.31003937,43.371872 -26.534358 -0.31003937,
  43.242302 -26.534358 0.31003937,43.307087 -26.547244 0.31003937,
  43.242302 -26.534358 -0.31003937,43.242302 -26.534358 -0.31003937,
  43.307087 -26.547244 0.31003937,43.307087 -26.547244 -0.31003937,
  43.18738 -26.49766 0.31003937,43.242302 -26.534358 0.31003937,
  43.18738 -26.49766 -0.31003937,43.18738 -26.49766 -0.31003937,
  43.242302 -26.534358 0.31003937,43.242302 -26.534358 -0.31003937,
  43.150682 -26.442738 0.31003937,43.18738 -26.49766 0.31003937,
  43.150682 -26.442738 -0.31003937,43.150682 -26.442738 -0.31003937,
  43.18738 -26.49766 0.31003937,43.18738 -26.49766 -0.31003937,
  43.137795 -26.377953 0.31003937,43.150682 -26.442738 0.31003937,
  43.137795 -26.377953 -0.31003937,43.137795 -26.377953 -0.31003937,
  43.150682 -26.442738 0.31003937,43.150682 -26.442738 -0.31003937,
  42.519685 -30.314961 0.31003937,42.519685 -19.685039 0.31003937,
  42.519685 -30.314961 -0.31003937,42.519685 -30.314961 -0.31003937,
  42.519685 -19.685039 0.31003937,42.519685 -19.685039 -0.31003937,
  52.755906 -30.314961 0.31003937,42.519685 -30.314961 0.31003937,
  52.755906 -30.314961 -0.31003937,52.755906 -30.314961 -0.31003937,
  42.519685 -30.314961 0.31003937,42.519685 -30.314961 -0.31003937,
  52.755906 -19.685039 0.31003937,52.755906 -30.314961 0.31003937,
  52.755906 -19.685039 -0.31003937,52.755906 -19.685039 -0.31003937,
  52.755906 -30.314961 0.31003937,52.755906 -30.314961 -0.31003937,
  49.606299 -16.535433 0.31003937,52.755906 -19.685039 0.31003937,
  49.606299 -16.535433 -0.31003937,49.606299 -16.535433 -0.31003937,
  52.755906 -19.685039 0.31003937,52.755906 -19.685039 -0.31003937,
  45.669291 -16.535433 0.31003937,49.606299 -16.535433 0.31003937,
  45.669291 -16.535433 -0.31003937,45.669291 -16.535433 -0.31003937,
  49.606299 -16.535433 0.31003937,49.606299 -16.535433 -0.31003937,
  42.519685 -19.685039 0.31003937,45.669291 -16.535433 0.31003937,
  42.519685 -19.685039 -0.31003937,42.519685 -19.685039 -0.31003937,
  45.669291 -16.535433 0.31003937,45.669291 -16.535433 -0.31003937,
  43.150682 -27.100569 0.31003937,43.137795 -27.165354 0.31003937,
  43.150682 -27.100569 -0.31003937,43.150682 -27.100569 -0.31003937,
  43.137795 -27.165354 0.31003937,43.137795 -27.165354 -0.31003937,
  43.18738 -27.045647 0.31003937,43.150682 -27.100569 0.31003937,
  43.18738 -27.045647 -0.31003937,43.18738 -27.045647 -0.31003937,
  43.150682 -27.100569 0.31003937,43.150682 -27.100569 -0.31003937,
  43.242302 -27.00895 0.31003937,43.18738 -27.045647 0.31003937,
  43.242302 -27.00895 -0.31003937,43.242302 -27.00895 -0.31003937,
  43.18738 -27.045647 0.31003937,43.18738 -27.045647 -0.31003937,
  43.307087 -26.996063 0.31003937,43.242302 -27.00895 0.31003937,
  43.307087 -26.996063 -0.31003937,43.307087 -26.996063 -0.31003937,
  43.242302 -27.00895 0.31003937,43.242302 -27.00895 -0.31003937,
  43.371872 -27.00895 0.31003937,43.307087 -26.996063 0.31003937,
  43.371872 -27.00895 -0.31003937,43.371872 -27.00895 -0.31003937,
  43.307087 -26.996063 0.31003937,43.307087 -26.996063 -0.31003937,
  43.426794 -27.045647 0.31003937,43.371872 -27.00895 0.31003937,
  43.426794 -27.045647 -0.31003937,43.426794 -27.045647 -0.31003937,
  43.371872 -27.00895 0.31003937,43.371872 -27.00895 -0.31003937,
  43.463491 -27.100569 0.31003937,43.426794 -27.045647 0.31003937,
  43.463491 -27.100569 -0.31003937,43.463491 -27.100569 -0.31003937,
  43.426794 -27.045647 0.31003937,43.426794 -27.045647 -0.31003937,
  43.476378 -27.165354 0.31003937,43.463491 -27.100569 0.31003937,
  43.476378 -27.165354 -0.31003937,43.476378 -27.165354 -0.31003937,
  43.463491 -27.100569 0.31003937,43.463491 -27.100569 -0.31003937,
  43.463491 -27.230139 0.31003937,43.476378 -27.165354 0.31003937,
  43.463491 -27.230139 -0.31003937,43.463491 -27.230139 -0.31003937,
  43.476378 -27.165354 0.31003937,43.476378 -27.165354 -0.31003937,
  43.426794 -27.285061 0.31003937,43.463491 -27.230139 0.31003937,
  43.426794 -27.285061 -0.31003937,43.426794 -27.285061 -0.31003937,
  43.463491 -27.230139 0.31003937,43.463491 -27.230139 -0.31003937,
  43.371872 -27.321759 0.31003937,43.426794 -27.285061 0.31003937,
  43.371872 -27.321759 -0.31003937,43.371872 -27.321759 -0.31003937,
  43.426794 -27.285061 0.31003937,43.426794 -27.285061 -0.31003937,
  43.307087 -27.334646 0.31003937,43.371872 -27.321759 0.31003937,
  43.307087 -27.334646 -0.31003937,43.307087 -27.334646 -0.31003937,
  43.371872 -27.321759 0.31003937,43.371872 -27.321759 -0.31003937,
  43.242302 -27.321759 0.31003937,43.307087 -27.334646 0.31003937,
  43.242302 -27.321759 -0.31003937,43.242302 -27.321759 -0.31003937,
  43.307087 -27.334646 0.31003937,43.307087 -27.334646 -0.31003937,
  43.18738 -27.285061 0.31003937,43.242302 -27.321759 0.31003937,
  43.18738 -27.285061 -0.31003937,43.18738 -27.285061 -0.31003937,
  43.242302 -27.321759 0.31003937,43.242302 -27.321759 -0.31003937,
  43.150682 -27.230139 0.31003937,43.18738 -27.285061 0.31003937,
  43.150682 -27.230139 -0.31003937,43.150682 -27.230139 -0.31003937,
  43.18738 -27.285061 0.31003937,43.18738 -27.285061 -0.31003937,
  43.137795 -27.165354 0.31003937,43.150682 -27.230139 0.31003937,
  43.137795 -27.165354 -0.31003937,43.137795 -27.165354 -0.31003937,
  43.150682 -27.230139 0.31003937,43.150682 -27.230139 -0.31003937,
  52.124909 -20.143525 0.31003937,52.137795 -20.07874 0.31003937,
  52.124909 -20.143525 -0.31003937,52.124909 -20.143525 -0.31003937,
  52.137795 -20.07874 0.31003937,52.137795 -20.07874 -0.31003937,
  52.088211 -20.198447 0.31003937,52.124909 -20.143525 0.31003937,
  52.088211 -20.198447 -0.31003937,52.088211 -20.198447 -0.31003937,
  52.124909 -20.143525 0.31003937,52.124909 -20.143525 -0.31003937,
  52.033289 -20.235145 0.31003937,52.088211 -20.198447 0.31003937,
  52.033289 -20.235145 -0.31003937,52.033289 -20.235145 -0.31003937,
  52.088211 -20.198447 0.31003937,52.088211 -20.198447 -0.31003937,
  51.968504 -20.248031 0.31003937,52.033289 -20.235145 0.31003937,
  51.968504 -20.248031 -0.31003937,51.968504 -20.248031 -0.31003937,
  52.033289 -20.235145 0.31003937,52.033289 -20.235145 -0.31003937,
  51.903719 -20.235145 0.31003937,51.968504 -20.248031 0.31003937,
  51.903719 -20.235145 -0.31003937,51.903719 -20.235145 -0.31003937,
  51.968504 -20.248031 0.31003937,51.968504 -20.248031 -0.31003937,
  51.848797 -20.198447 0.31003937,51.903719 -20.235145 0.31003937,
  51.848797 -20.198447 -0.31003937,51.848797 -20.198447 -0.31003937,
  51.903719 -20.235145 0.31003937,51.903719 -20.235145 -0.31003937,
  51.812099 -20.143525 0.31003937,51.848797 -20.198447 0.31003937,
  51.812099 -20.143525 -0.31003937,51.812099 -20.143525 -0.31003937,
  51.848797 -20.198447 0.31003937,51.848797 -20.198447 -0.31003937,
  51.799213 -20.07874 0.31003937,51.812099 -20.143525 0.31003937,
  51.799213 -20.07874 -0.31003937,51.799213 -20.07874 -0.31003937,
  51.812099 -20.143525 0.31003937,51.812099 -20.143525 -0.31003937,
  51.812099 -20.013955 0.31003937,51.799213 -20.07874 0.31003937,
  51.812099 -20.013955 -0.31003937,51.812099 -20.013955 -0.31003937,
  51.799213 -20.07874 0.31003937,51.799213 -20.07874 -0.31003937,
  51.848797 -19.959033 0.31003937,51.812099 -20.013955 0.31003937,
  51.848797 -19.959033 -0.31003937,51.848797 -19.959033 -0.31003937,
  51.812099 -20.013955 0.31003937,51.812099 -20.013955 -0.31003937,
  51.903719 -19.922335 0.31003937,51.848797 -19.959033 0.31003937,
  51.903719 -19.922335 -0.31003937,51.903719 -19.922335 -0.31003937,
  51.848797 -19.959033 0.31003937,51.848797 -19.959033 -0.31003937,
  51.968504 -19.909449 0.31003937,51.903719 -19.922335 0.31003937,
  51.968504 -19.909449 -0.31003937,51.968504 -19.909449 -0.31003937,
  51.903719 -19.922335 0.31003937,51.903719 -19.922335 -0.31003937,
  52.033289 -19.922335 0.31003937,51.968504 -19.909449 0.31003937,
  52.033289 -19.922335 -0.31003937,52.033289 -19.922335 -0.31003937,
  51.968504 -19.909449 0.31003937,51.968504 -19.909449 -0.31003937,
  52.088211 -19.959033 0.31003937,52.033289 -19.922335 0.31003937,
  52.088211 -19.959033 -0.31003937,52.088211 -19.959033 -0.31003937,
  52.033289 -19.922335 0.31003937,52.033289 -19.922335 -0.31003937,
  52.124909 -20.013955 0.31003937,52.088211 -19.959033 0.31003937,
  52.124909 -20.013955 -0.31003937,52.124909 -20.013955 -0.31003937,
  52.088211 -19.959033 0.31003937,52.088211 -19.959033 -0.31003937,
  52.137795 -20.07874 0.31003937,52.124909 -20.013955 0.31003937,
  52.137795 -20.07874 -0.31003937,52.137795 -20.07874 -0.31003937,
  52.124909 -20.013955 0.31003937,52.124909 -20.013955 -0.31003937,
  52.124909 -20.930927 0.31003937,52.137795 -20.866142 0.31003937,
  52.124909 -20.930927 -0.31003937,52.124909 -20.930927 -0.31003937,
  52.137795 -20.866142 0.31003937,52.137795 -20.866142 -0.31003937,
  52.088211 -20.985849 0.31003937,52.124909 -20.930927 0.31003937,
  52.088211 -20.985849 -0.31003937,52.088211 -20.985849 -0.31003937,
  52.124909 -20.930927 0.31003937,52.124909 -20.930927 -0.31003937,
  52.033289 -21.022547 0.31003937,52.088211 -20.985849 0.31003937,
  52.033289 -21.022547 -0.31003937,52.033289 -21.022547 -0.31003937,
  52.088211 -20.985849 0.31003937,52.088211 -20.985849 -0.31003937,
  51.968504 -21.035433 0.31003937,52.033289 -21.022547 0.31003937,
  51.968504 -21.035433 -0.31003937,51.968504 -21.035433 -0.31003937,
  52.033289 -21.022547 0.31003937,52.033289 -21.022547 -0.31003937,
  51.903719 -21.022547 0.31003937,51.968504 -21.035433 0.31003937,
  51.903719 -21.022547 -0.31003937,51.903719 -21.022547 -0.31003937,
  51.968504 -21.035433 0.31003937,51.968504 -21.035433 -0.31003937,
  51.848797 -20.985849 0.31003937,51.903719 -21.022547 0.31003937,
  51.848797 -20.985849 -0.31003937,51.848797 -20.985849 -0.31003937,
  51.903719 -21.022547 0.31003937,51.903719 -21.022547 -0.31003937,
  51.812099 -20.930927 0.31003937,51.848797 -20.985849 0.31003937,
  51.812099 -20.930927 -0.31003937,51.812099 -20.930927 -0.31003937,
  51.848797 -20.985849 0.31003937,51.848797 -20.985849 -0.31003937,
  51.799213 -20.866142 0.31003937,51.812099 -20.930927 0.31003937,
  51.799213 -20.866142 -0.31003937,51.799213 -20.866142 -0.31003937,
  51.812099 -20.930927 0.31003937,51.812099 -20.930927 -0.31003937,
  51.812099 -20.801357 0.31003937,51.799213 -20.866142 0.31003937,
  51.812099 -20.801357 -0.31003937,51.812099 -20.801357 -0.31003937,
  51.799213 -20.866142 0.31003937,51.799213 -20.866142 -0.31003937,
  51.848797 -20.746435 0.31003937,51.812099 -20.801357 0.31003937,
  51.848797 -20.746435 -0.31003937,51.848797 -20.746435 -0.31003937,
  51.812099 -20.801357 0.31003937,51.812099 -20.801357 -0.31003937,
  51.903719 -20.709737 0.31003937,51.848797 -20.746435 0.31003937,
  51.903719 -20.709737 -0.31003937,51.903719 -20.709737 -0.31003937,
  51.848797 -20.746435 0.31003937,51.848797 -20.746435 -0.31003937,
  51.968504 -20.69685 0.31003937,51.903719 -20.709737 0.31003937,
  51.968504 -20.69685 -0.31003937,51.968504 -20.69685 -0.31003937,
  51.903719 -20.709737 0.31003937,51.903719 -20.709737 -0.31003937,
  52.033289 -20.709737 0.31003937,51.968504 -20.69685 0.31003937,
  52.033289 -20.709737 -0.31003937,52.033289 -20.709737 -0.31003937,
  51.968504 -20.69685 0.31003937,51.968504 -20.69685 -0.31003937,
  52.088211 -20.746435 0.31003937,52.033289 -20.709737 0.31003937,
  52.088211 -20.746435 -0.31003937,52.088211 -20.746435 -0.31003937,
  52.033289 -20.709737 0.31003937,52.033289 -20.709737 -0.31003937,
  52.124909 -20.801357 0.31003937,52.088211 -20.746435 0.31003937,
  52.124909 -20.801357 -0.31003937,52.124909 -20.801357 -0.31003937,
  52.088211 -20.746435 0.31003937,52.088211 -20.746435 -0.31003937,
  52.137795 -20.866142 0.31003937,52.124909 -20.801357 0.31003937,
  52.137795 -20.866142 -0.31003937,52.137795 -20.866142 -0.31003937,
  52.124909 -20.801357 0.31003937,52.124909 -20.801357 -0.31003937,
  52.124909 -21.718328 0.31003937,52.137795 -21.653543 0.31003937,
  52.124909 -21.718328 -0.31003937,52.124909 -21.718328 -0.31003937,
  52.137795 -21.653543 0.31003937,52.137795 -21.653543 -0.31003937,
  52.088211 -21.77325 0.31003937,52.124909 -21.718328 0.31003937,
  52.088211 -21.77325 -0.31003937,52.088211 -21.77325 -0.31003937,
  52.124909 -21.718328 0.31003937,52.124909 -21.718328 -0.31003937,
  52.033289 -21.809948 0.31003937,52.088211 -21.77325 0.31003937,
  52.033289 -21.809948 -0.31003937,52.033289 -21.809948 -0.31003937,
  52.088211 -21.77325 0.31003937,52.088211 -21.77325 -0.31003937,
  51.968504 -21.822835 0.31003937,52.033289 -21.809948 0.31003937,
  51.968504 -21.822835 -0.31003937,51.968504 -21.822835 -0.31003937,
  52.033289 -21.809948 0.31003937,52.033289 -21.809948 -0.31003937,
  51.903719 -21.809948 0.31003937,51.968504 -21.822835 0.31003937,
  51.903719 -21.809948 -0.31003937,51.903719 -21.809948 -0.31003937,
  51.968504 -21.822835 0.31003937,51.968504 -21.822835 -0.31003937,
  51.848797 -21.77325 0.31003937,51.903719 -21.809948 0.31003937,
  51.848797 -21.77325 -0.31003937,51.848797 -21.77325 -0.31003937,
  51.903719 -21.809948 0.31003937,51.903719 -21.809948 -0.31003937,
  51.812099 -21.718328 0.31003937,51.848797 -21.77325 0.31003937,
  51.812099 -21.718328 -0.31003937,51.812099 -21.718328 -0.31003937,
  51.848797 -21.77325 0.31003937,51.848797 -21.77325 -0.31003937,
  51.799213 -21.653543 0.31003937,51.812099 -21.718328 0.31003937,
  51.799213 -21.653543 -0.31003937,51.799213 -21.653543 -0.31003937,
  51.812099 -21.718328 0.31003937,51.812099 -21.718328 -0.31003937,
  51.812099 -21.588758 0.31003937,51.799213 -21.653543 0.31003937,
  51.812099 -21.588758 -0.31003937,51.812099 -21.588758 -0.31003937,
  51.799213 -21.653543 0.31003937,51.799213 -21.653543 -0.31003937,
  51.848797 -21.533836 0.31003937,51.812099 -21.588758 0.31003937,
  51.848797 -21.533836 -0.31003937,51.848797 -21.533836 -0.31003937,
  51.812099 -21.588758 0.31003937,51.812099 -21.588758 -0.31003937,
  51.903719 -21.497139 0.31003937,51.848797 -21.533836 0.31003937,
  51.903719 -21.497139 -0.31003937,51.903719 -21.497139 -0.31003937,
  51.848797 -21.533836 0.31003937,51.848797 -21.533836 -0.31003937,
  51.968504 -21.484252 0.31003937,51.903719 -21.497139 0.31003937,
  51.968504 -21.484252 -0.31003937,51.968504 -21.484252 -0.31003937,
  51.903719 -21.497139 0.31003937,51.903719 -21.497139 -0.31003937,
  52.033289 -21.497139 0.31003937,51.968504 -21.484252 0.31003937,
  52.033289 -21.497139 -0.31003937,52.033289 -21.497139 -0.31003937,
  51.968504 -21.484252 0.31003937,51.968504 -21.484252 -0.31003937,
  52.088211 -21.533836 0.31003937,52.033289 -21.497139 0.31003937,
  52.088211 -21.533836 -0.31003937,52.088211 -21.533836 -0.31003937,
  52.033289 -21.497139 0.31003937,52.033289 -21.497139 -0.31003937,
  52.124909 -21.588758 0.31003937,52.088211 -21.533836 0.31003937,
  52.124909 -21.588758 -0.31003937,52.124909 -21.588758 -0.31003937,
  52.088211 -21.533836 0.31003937,52.088211 -21.533836 -0.31003937,
  52.137795 -21.653543 0.31003937,52.124909 -21.588758 0.31003937,
  52.137795 -21.653543 -0.31003937,52.137795 -21.653543 -0.31003937,
  52.124909 -21.588758 0.31003937,52.124909 -21.588758 -0.31003937,
  52.124909 -22.50573 0.31003937,52.137795 -22.440945 0.31003937,
  52.124909 -22.50573 -0.31003937,52.124909 -22.50573 -0.31003937,
  52.137795 -22.440945 0.31003937,52.137795 -22.440945 -0.31003937,
  52.088211 -22.560652 0.31003937,52.124909 -22.50573 0.31003937,
  52.088211 -22.560652 -0.31003937,52.088211 -22.560652 -0.31003937,
  52.124909 -22.50573 0.31003937,52.124909 -22.50573 -0.31003937,
  52.033289 -22.59735 0.31003937,52.088211 -22.560652 0.31003937,
  52.033289 -22.59735 -0.31003937,52.033289 -22.59735 -0.31003937,
  52.088211 -22.560652 0.31003937,52.088211 -22.560652 -0.31003937,
  51.968504 -22.610236 0.31003937,52.033289 -22.59735 0.31003937,
  51.968504 -22.610236 -0.31003937,51.968504 -22.610236 -0.31003937,
  52.033289 -22.59735 0.31003937,52.033289 -22.59735 -0.31003937,
  51.903719 -22.59735 0.31003937,51.968504 -22.610236 0.31003937,
  51.903719 -22.59735 -0.31003937,51.903719 -22.59735 -0.31003937,
  51.968504 -22.610236 0.31003937,51.968504 -22.610236 -0.31003937,
  51.848797 -22.560652 0.31003937,51.903719 -22.59735 0.31003937,
  51.848797 -22.560652 -0.31003937,51.848797 -22.560652 -0.31003937,
  51.903719 -22.59735 0.31003937,51.903719 -22.59735 -0.31003937,
  51.812099 -22.50573 0.31003937,51.848797 -22.560652 0.31003937,
  51.812099 -22.50573 -0.31003937,51.812099 -22.50573 -0.31003937,
  51.848797 -22.560652 0.31003937,51.848797 -22.560652 -0.31003937,
  51.799213 -22.440945 0.31003937,51.812099 -22.50573 0.31003937,
  51.799213 -22.440945 -0.31003937,51.799213 -22.440945 -0.31003937,
  51.812099 -22.50573 0.31003937,51.812099 -22.50573 -0.31003937,
  51.812099 -22.37616 0.31003937,51.799213 -22.440945 0.31003937,
  51.812099 -22.37616 -0.31003937,51.812099 -22.37616 -0.31003937,
  51.799213 -22.440945 0.31003937,51.799213 -22.440945 -0.31003937,
  51.848797 -22.321238 0.31003937,51.812099 -22.37616 0.31003937,
  51.848797 -22.321238 -0.31003937,51.848797 -22.321238 -0.31003937,
  51.812099 -22.37616 0.31003937,51.812099 -22.37616 -0.31003937,
  51.903719 -22.28454 0.31003937,51.848797 -22.321238 0.31003937,
  51.903719 -22.28454 -0.31003937,51.903719 -22.28454 -0.31003937,
  51.848797 -22.321238 0.31003937,51.848797 -22.321238 -0.31003937,
  51.968504 -22.271654 0.31003937,51.903719 -22.28454 0.31003937,
  51.968504 -22.271654 -0.31003937,51.968504 -22.271654 -0.31003937,
  51.903719 -22.28454 0.31003937,51.903719 -22.28454 -0.31003937,
  52.033289 -22.28454 0.31003937,51.968504 -22.271654 0.31003937,
  52.033289 -22.28454 -0.31003937,52.033289 -22.28454 -0.31003937,
  51.968504 -22.271654 0.31003937,51.968504 -22.271654 -0.31003937,
  52.088211 -22.321238 0.31003937,52.033289 -22.28454 0.31003937,
  52.088211 -22.321238 -0.31003937,52.088211 -22.321238 -0.31003937,
  52.033289 -22.28454 0.31003937,52.033289 -22.28454 -0.31003937,
  52.124909 -22.37616 0.31003937,52.088211 -22.321238 0.31003937,
  52.124909 -22.37616 -0.31003937,52.124909 -22.37616 -0.31003937,
  52.088211 -22.321238 0.31003937,52.088211 -22.321238 -0.31003937,
  52.137795 -22.440945 0.31003937,52.124909 -22.37616 0.31003937,
  52.137795 -22.440945 -0.31003937,52.137795 -22.440945 -0.31003937,
  52.124909 -22.37616 0.31003937,52.124909 -22.37616 -0.31003937,
  52.124909 -23.293131 0.31003937,52.137795 -23.228346 0.31003937,
  52.124909 -23.293131 -0.31003937,52.124909 -23.293131 -0.31003937,
  52.137795 -23.228346 0.31003937,52.137795 -23.228346 -0.31003937,
  52.088211 -23.348054 0.31003937,52.124909 -23.293131 0.31003937,
  52.088211 -23.348054 -0.31003937,52.088211 -23.348054 -0.31003937,
  52.124909 -23.293131 0.31003937,52.124909 -23.293131 -0.31003937,
  52.033289 -23.384751 0.31003937,52.088211 -23.348054 0.31003937,
  52.033289 -23.384751 -0.31003937,52.033289 -23.384751 -0.31003937,
  52.088211 -23.348054 0.31003937,52.088211 -23.348054 -0.31003937,
  51.968504 -23.397638 0.31003937,52.033289 -23.384751 0.31003937,
  51.968504 -23.397638 -0.31003937,51.968504 -23.397638 -0.31003937,
  52.033289 -23.384751 0.31003937,52.033289 -23.384751 -0.31003937,
  51.903719 -23.384751 0.31003937,51.968504 -23.397638 0.31003937,
  51.903719 -23.384751 -0.31003937,51.903719 -23.384751 -0.31003937,
  51.968504 -23.397638 0.31003937,51.968504 -23.397638 -0.31003937,
  51.848797 -23.348054 0.31003937,51.903719 -23.384751 0.31003937,
  51.848797 -23.348054 -0.31003937,51.848797 -23.348054 -0.31003937,
  51.903719 -23.384751 0.31003937,51.903719 -23.384751 -0.31003937,
  51.812099 -23.293131 0.31003937,51.848797 -23.348054 0.31003937,
  51.812099 -23.293131 -0.31003937,51.812099 -23.293131 -0.31003937,
  51.848797 -23.348054 0.31003937,51.848797 -23.348054 -0.31003937,
  51.799213 -23.228346 0.31003937,51.812099 -23.293131 0.31003937,
  51.799213 -23.228346 -0.31003937,51.799213 -23.228346 -0.31003937,
  51.812099 -23.293131 0.31003937,51.812099 -23.293131 -0.31003937,
  51.812099 -23.163561 0.31003937,51.799213 -23.228346 0.31003937,
  51.812099 -23.163561 -0.31003937,51.812099 -23.163561 -0.31003937,
  51.799213 -23.228346 0.31003937,51.799213 -23.228346 -0.31003937,
  51.848797 -23.108639 0.31003937,51.812099 -23.163561 0.31003937,
  51.848797 -23.108639 -0.31003937,51.848797 -23.108639 -0.31003937,
  51.812099 -23.163561 0.31003937,51.812099 -23.163561 -0.31003937,
  51.903719 -23.071942 0.31003937,51.848797 -23.108639 0.31003937,
  51.903719 -23.071942 -0.31003937,51.903719 -23.071942 -0.31003937,
  51.848797 -23.108639 0.31003937,51.848797 -23.108639 -0.31003937,
  51.968504 -23.059055 0.31003937,51.903719 -23.071942 0.31003937,
  51.968504 -23.059055 -0.31003937,51.968504 -23.059055 -0.31003937,
  51.903719 -23.071942 0.31003937,51.903719 -23.071942 -0.31003937,
  52.033289 -23.071942 0.31003937,51.968504 -23.059055 0.31003937,
  52.033289 -23.071942 -0.31003937,52.033289 -23.071942 -0.31003937,
  51.968504 -23.059055 0.31003937,51.968504 -23.059055 -0.31003937,
  52.088211 -23.108639 0.31003937,52.033289 -23.071942 0.31003937,
  52.088211 -23.108639 -0.31003937,52.088211 -23.108639 -0.31003937,
  52.033289 -23.071942 0.31003937,52.033289 -23.071942 -0.31003937,
  52.124909 -23.163561 0.31003937,52.088211 -23.108639 0.31003937,
  52.124909 -23.163561 -0.31003937,52.124909 -23.163561 -0.31003937,
  52.088211 -23.108639 0.31003937,52.088211 -23.108639 -0.31003937,
  52.137795 -23.228346 0.31003937,52.124909 -23.163561 0.31003937,
  52.137795 -23.228346 -0.31003937,52.137795 -23.228346 -0.31003937,
  52.124909 -23.163561 0.31003937,52.124909 -23.163561 -0.31003937,
  52.124909 -24.080533 0.31003937,52.137795 -24.015748 0.31003937,
  52.124909 -24.080533 -0.31003937,52.124909 -24.080533 -0.31003937,
  52.137795 -24.015748 0.31003937,52.137795 -24.015748 -0.31003937,
  52.088211 -24.135455 0.31003937,52.124909 -24.080533 0.31003937,
  52.088211 -24.135455 -0.31003937,52.088211 -24.135455 -0.31003937,
  52.124909 -24.080533 0.31003937,52.124909 -24.080533 -0.31003937,
  52.033289 -24.172153 0.31003937,52.088211 -24.135455 0.31003937,
  52.033289 -24.172153 -0.31003937,52.033289 -24.172153 -0.31003937,
  52.088211 -24.135455 0.31003937,52.088211 -24.135455 -0.31003937,
  51.968504 -24.185039 0.31003937,52.033289 -24.172153 0.31003937,
  51.968504 -24.185039 -0.31003937,51.968504 -24.185039 -0.31003937,
  52.033289 -24.172153 0.31003937,52.033289 -24.172153 -0.31003937,
  51.903719 -24.172153 0.31003937,51.968504 -24.185039 0.31003937,
  51.903719 -24.172153 -0.31003937,51.903719 -24.172153 -0.31003937,
  51.968504 -24.185039 0.31003937,51.968504 -24.185039 -0.31003937,
  51.848797 -24.135455 0.31003937,51.903719 -24.172153 0.31003937,
  51.848797 -24.135455 -0.31003937,51.848797 -24.135455 -0.31003937,
  51.903719 -24.172153 0.31003937,51.903719 -24.172153 -0.31003937,
  51.812099 -24.080533 0.31003937,51.848797 -24.135455 0.31003937,
  51.812099 -24.080533 -0.31003937,51.812099 -24.080533 -0.31003937,
  51.848797 -24.135455 0.31003937,51.848797 -24.135455 -0.31003937,
  51.799213 -24.015748 0.31003937,51.812099 -24.080533 0.31003937,
  51.799213 -24.015748 -0.31003937,51.799213 -24.015748 -0.31003937,
  51.812099 -24.080533 0.31003937,51.812099 -24.080533 -0.31003937,
  51.812099 -23.950963 0.31003937,51.799213 -24.015748 0.31003937,
  51.812099 -23.950963 -0.31003937,51.812099 -23.950963 -0.31003937,
  51.799213 -24.015748 0.31003937,51.799213 -24.015748 -0.31003937,
  51.848797 -23.896041 0.31003937,51.812099 -23.950963 0.31003937,
  51.848797 -23.896041 -0.31003937,51.848797 -23.896041 -0.31003937,
  51.812099 -23.950963 0.31003937,51.812099 -23.950963 -0.31003937,
  51.903719 -23.859343 0.31003937,51.848797 -23.896041 0.31003937,
  51.903719 -23.859343 -0.31003937,51.903719 -23.859343 -0.31003937,
  51.848797 -23.896041 0.31003937,51.848797 -23.896041 -0.31003937,
  51.968504 -23.846457 0.31003937,51.903719 -23.859343 0.31003937,
  51.968504 -23.846457 -0.31003937,51.968504 -23.846457 -0.31003937,
  51.903719 -23.859343 0.31003937,51.903719 -23.859343 -0.31003937,
  52.033289 -23.859343 0.31003937,51.968504 -23.846457 0.31003937,
  52.033289 -23.859343 -0.31003937,52.033289 -23.859343 -0.31003937,
  51.968504 -23.846457 0.31003937,51.968504 -23.846457 -0.31003937,
  52.088211 -23.896041 0.31003937,52.033289 -23.859343 0.31003937,
  52.088211 -23.896041 -0.31003937,52.088211 -23.896041 -0.31003937,
  52.033289 -23.859343 0.31003937,52.033289 -23.859343 -0.31003937,
  52.124909 -23.950963 0.31003937,52.088211 -23.896041 0.31003937,
  52.124909 -23.950963 -0.31003937,52.124909 -23.950963 -0.31003937,
  52.088211 -23.896041 0.31003937,52.088211 -23.896041 -0.31003937,
  52.137795 -24.015748 0.31003937,52.124909 -23.950963 0.31003937,
  52.137795 -24.015748 -0.31003937,52.137795 -24.015748 -0.31003937,
  52.124909 -23.950963 0.31003937,52.124909 -23.950963 -0.31003937,
  52.124909 -24.867935 0.31003937,52.137795 -24.80315 0.31003937,
  52.124909 -24.867935 -0.31003937,52.124909 -24.867935 -0.31003937,
  52.137795 -24.80315 0.31003937,52.137795 -24.80315 -0.31003937,
  52.088211 -24.922857 0.31003937,52.124909 -24.867935 0.31003937,
  52.088211 -24.922857 -0.31003937,52.088211 -24.922857 -0.31003937,
  52.124909 -24.867935 0.31003937,52.124909 -24.867935 -0.31003937,
  52.033289 -24.959554 0.31003937,52.088211 -24.922857 0.31003937,
  52.033289 -24.959554 -0.31003937,52.033289 -24.959554 -0.31003937,
  52.088211 -24.922857 0.31003937,52.088211 -24.922857 -0.31003937,
  51.968504 -24.972441 0.31003937,52.033289 -24.959554 0.31003937,
  51.968504 -24.972441 -0.31003937,51.968504 -24.972441 -0.31003937,
  52.033289 -24.959554 0.31003937,52.033289 -24.959554 -0.31003937,
  51.903719 -24.959554 0.31003937,51.968504 -24.972441 0.31003937,
  51.903719 -24.959554 -0.31003937,51.903719 -24.959554 -0.31003937,
  51.968504 -24.972441 0.31003937,51.968504 -24.972441 -0.31003937,
  51.848797 -24.922857 0.31003937,51.903719 -24.959554 0.31003937,
  51.848797 -24.922857 -0.31003937,51.848797 -24.922857 -0.31003937,
  51.903719 -24.959554 0.31003937,51.903719 -24.959554 -0.31003937,
  51.812099 -24.867935 0.31003937,51.848797 -24.922857 0.31003937,
  51.812099 -24.867935 -0.31003937,51.812099 -24.867935 -0.31003937,
  51.848797 -24.922857 0.31003937,51.848797 -24.922857 -0.31003937,
  51.799213 -24.80315 0.31003937,51.812099 -24.867935 0.31003937,
  51.799213 -24.80315 -0.31003937,51.799213 -24.80315 -0.31003937,
  51.812099 -24.867935 0.31003937,51.812099 -24.867935 -0.31003937,
  51.812099 -24.738365 0.31003937,51.799213 -24.80315 0.31003937,
  51.812099 -24.738365 -0.31003937,51.812099 -24.738365 -0.31003937,
  51.799213 -24.80315 0.31003937,51.799213 -24.80315 -0.31003937,
  51.848797 -24.683443 0.31003937,51.812099 -24.738365 0.31003937,
  51.848797 -24.683443 -0.31003937,51.848797 -24.683443 -0.31003937,
  51.812099 -24.738365 0.31003937,51.812099 -24.738365 -0.31003937,
  51.903719 -24.646745 0.31003937,51.848797 -24.683443 0.31003937,
  51.903719 -24.646745 -0.31003937,51.903719 -24.646745 -0.31003937,
  51.848797 -24.683443 0.31003937,51.848797 -24.683443 -0.31003937,
  51.968504 -24.633858 0.31003937,51.903719 -24.646745 0.31003937,
  51.968504 -24.633858 -0.31003937,51.968504 -24.633858 -0.31003937,
  51.903719 -24.646745 0.31003937,51.903719 -24.646745 -0.31003937,
  52.033289 -24.646745 0.31003937,51.968504 -24.633858 0.31003937,
  52.033289 -24.646745 -0.31003937,52.033289 -24.646745 -0.31003937,
  51.968504 -24.633858 0.31003937,51.968504 -24.633858 -0.31003937,
  52.088211 -24.683443 0.31003937,52.033289 -24.646745 0.31003937,
  52.088211 -24.683443 -0.31003937,52.088211 -24.683443 -0.31003937,
  52.033289 -24.646745 0.31003937,52.033289 -24.646745 -0.31003937,
  52.124909 -24.738365 0.31003937,52.088211 -24.683443 0.31003937,
  52.124909 -24.738365 -0.31003937,52.124909 -24.738365 -0.31003937,
  52.088211 -24.683443 0.31003937,52.088211 -24.683443 -0.31003937,
  52.137795 -24.80315 0.31003937,52.124909 -24.738365 0.31003937,
  52.137795 -24.80315 -0.31003937,52.137795 -24.80315 -0.31003937,
  52.124909 -24.738365 0.31003937,52.124909 -24.738365 -0.31003937,
  52.124909 -25.655336 0.31003937,52.137795 -25.590551 0.31003937,
  52.124909 -25.655336 -0.31003937,52.124909 -25.655336 -0.31003937,
  52.137795 -25.590551 0.31003937,52.137795 -25.590551 -0.31003937,
  52.088211 -25.710258 0.31003937,52.124909 -25.655336 0.31003937,
  52.088211 -25.710258 -0.31003937,52.088211 -25.710258 -0.31003937,
  52.124909 -25.655336 0.31003937,52.124909 -25.655336 -0.31003937,
  52.033289 -25.746956 0.31003937,52.088211 -25.710258 0.31003937,
  52.033289 -25.746956 -0.31003937,52.033289 -25.746956 -0.31003937,
  52.088211 -25.710258 0.31003937,52.088211 -25.710258 -0.31003937,
  51.968504 -25.759843 0.31003937,52.033289 -25.746956 0.31003937,
  51.968504 -25.759843 -0.31003937,51.968504 -25.759843 -0.31003937,
  52.033289 -25.746956 0.31003937,52.033289 -25.746956 -0.31003937,
  51.903719 -25.746956 0.31003937,51.968504 -25.759843 0.31003937,
  51.903719 -25.746956 -0.31003937,51.903719 -25.746956 -0.31003937,
  51.968504 -25.759843 0.31003937,51.968504 -25.759843 -0.31003937,
  51.848797 -25.710258 0.31003937,51.903719 -25.746956 0.31003937,
  51.848797 -25.710258 -0.31003937,51.848797 -25.710258 -0.31003937,
  51.903719 -25.746956 0.31003937,51.903719 -25.746956 -0.31003937,
  51.812099 -25.655336 0.31003937,51.848797 -25.710258 0.31003937,
  51.812099 -25.655336 -0.31003937,51.812099 -25.655336 -0.31003937,
  51.848797 -25.710258 0.31003937,51.848797 -25.710258 -0.31003937,
  51.799213 -25.590551 0.31003937,51.812099 -25.655336 0.31003937,
  51.799213 -25.590551 -0.31003937,51.799213 -25.590551 -0.31003937,
  51.812099 -25.655336 0.31003937,51.812099 -25.655336 -0.31003937,
  51.812099 -25.525766 0.31003937,51.799213 -25.590551 0.31003937,
  51.812099 -25.525766 -0.31003937,51.812099 -25.525766 -0.31003937,
  51.799213 -25.590551 0.31003937,51.799213 -25.590551 -0.31003937,
  51.848797 -25.470844 0.31003937,51.812099 -25.525766 0.31003937,
  51.848797 -25.470844 -0.31003937,51.848797 -25.470844 -0.31003937,
  51.812099 -25.525766 0.31003937,51.812099 -25.525766 -0.31003937,
  51.903719 -25.434146 0.31003937,51.848797 -25.470844 0.31003937,
  51.903719 -25.434146 -0.31003937,51.903719 -25.434146 -0.31003937,
  51.848797 -25.470844 0.31003937,51.848797 -25.470844 -0.31003937,
  51.968504 -25.42126 0.31003937,51.903719 -25.434146 0.31003937,
  51.968504 -25.42126 -0.31003937,51.968504 -25.42126 -0.31003937,
  51.903719 -25.434146 0.31003937,51.903719 -25.434146 -0.31003937,
  52.033289 -25.434146 0.31003937,51.968504 -25.42126 0.31003937,
  52.033289 -25.434146 -0.31003937,52.033289 -25.434146 -0.31003937,
  51.968504 -25.42126 0.31003937,51.968504 -25.42126 -0.31003937,
  52.088211 -25.470844 0.31003937,52.033289 -25.434146 0.31003937,
  52.088211 -25.470844 -0.31003937,52.088211 -25.470844 -0.31003937,
  52.033289 -25.434146 0.31003937,52.033289 -25.434146 -0.31003937,
  52.124909 -25.525766 0.31003937,52.088211 -25.470844 0.31003937,
  52.124909 -25.525766 -0.31003937,52.124909 -25.525766 -0.31003937,
  52.088211 -25.470844 0.31003937,52.088211 -25.470844 -0.31003937,
  52.137795 -25.590551 0.31003937,52.124909 -25.525766 0.31003937,
  52.137795 -25.590551 -0.31003937,52.137795 -25.590551 -0.31003937,
  52.124909 -25.525766 0.31003937,52.124909 -25.525766 -0.31003937,
  52.124909 -26.442738 0.31003937,52.137795 -26.377953 0.31003937,
  52.124909 -26.442738 -0.31003937,52.124909 -26.442738 -0.31003937,
  52.137795 -26.377953 0.31003937,52.137795 -26.377953 -0.31003937,
  52.088211 -26.49766 0.31003937,52.124909 -26.442738 0.31003937,
  52.088211 -26.49766 -0.31003937,52.088211 -26.49766 -0.31003937,
  52.124909 -26.442738 0.31003937,52.124909 -26.442738 -0.31003937,
  52.033289 -26.534358 0.31003937,52.088211 -26.49766 0.31003937,
  52.033289 -26.534358 -0.31003937,52.033289 -26.534358 -0.31003937,
  52.088211 -26.49766 0.31003937,52.088211 -26.49766 -0.31003937,
  51.968504 -26.547244 0.31003937,52.033289 -26.534358 0.31003937,
  51.968504 -26.547244 -0.31003937,51.968504 -26.547244 -0.31003937,
  52.033289 -26.534358 0.31003937,52.033289 -26.534358 -0.31003937,
  51.903719 -26.534358 0.31003937,51.968504 -26.547244 0.31003937,
  51.903719 -26.534358 -0.31003937,51.903719 -26.534358 -0.31003937,
  51.968504 -26.547244 0.31003937,51.968504 -26.547244 -0.31003937,
  51.848797 -26.49766 0.31003937,51.903719 -26.534358 0.31003937,
  51.848797 -26.49766 -0.31003937,51.848797 -26.49766 -0.31003937,
  51.903719 -26.534358 0.31003937,51.903719 -26.534358 -0.31003937,
  51.812099 -26.442738 0.31003937,51.848797 -26.49766 0.31003937,
  51.812099 -26.442738 -0.31003937,51.812099 -26.442738 -0.31003937,
  51.848797 -26.49766 0.31003937,51.848797 -26.49766 -0.31003937,
  51.799213 -26.377953 0.31003937,51.812099 -26.442738 0.31003937,
  51.799213 -26.377953 -0.31003937,51.799213 -26.377953 -0.31003937,
  51.812099 -26.442738 0.31003937,51.812099 -26.442738 -0.31003937,
  51.812099 -26.313168 0.31003937,51.799213 -26.377953 0.31003937,
  51.812099 -26.313168 -0.31003937,51.812099 -26.313168 -0.31003937,
  51.799213 -26.377953 0.31003937,51.799213 -26.377953 -0.31003937,
  51.848797 -26.258246 0.31003937,51.812099 -26.313168 0.31003937,
  51.848797 -26.258246 -0.31003937,51.848797 -26.258246 -0.31003937,
  51.812099 -26.313168 0.31003937,51.812099 -26.313168 -0.31003937,
  51.903719 -26.221548 0.31003937,51.848797 -26.258246 0.31003937,
  51.903719 -26.221548 -0.31003937,51.903719 -26.221548 -0.31003937,
  51.848797 -26.258246 0.31003937,51.848797 -26.258246 -0.31003937,
  51.968504 -26.208661 0.31003937,51.903719 -26.221548 0.31003937,
  51.968504 -26.208661 -0.31003937,51.968504 -26.208661 -0.31003937,
  51.903719 -26.221548 0.31003937,51.903719 -26.221548 -0.31003937,
  52.033289 -26.221548 0.31003937,51.968504 -26.208661 0.31003937,
  52.033289 -26.221548 -0.31003937,52.033289 -26.221548 -0.31003937,
  51.968504 -26.208661 0.31003937,51.968504 -26.208661 -0.31003937,
  52.088211 -26.258246 0.31003937,52.033289 -26.221548 0.31003937,
  52.088211 -26.258246 -0.31003937,52.088211 -26.258246 -0.31003937,
  52.033289 -26.221548 0.31003937,52.033289 -26.221548 -0.31003937,
  52.124909 -26.313168 0.31003937,52.088211 -26.258246 0.31003937,
  52.124909 -26.313168 -0.31003937,52.124909 -26.313168 -0.31003937,
  52.088211 -26.258246 0.31003937,52.088211 -26.258246 -0.31003937,
  52.137795 -26.377953 0.31003937,52.124909 -26.313168 0.31003937,
  52.137795 -26.377953 -0.31003937,52.137795 -26.377953 -0.31003937,
  52.124909 -26.313168 0.31003937,52.124909 -26.313168 -0.31003937,
  51.812099 -27.100569 0.31003937,51.799213 -27.165354 0.31003937,
  51.812099 -27.100569 -0.31003937,51.812099 -27.100569 -0.31003937,
  51.799213 -27.165354 0.31003937,51.799213 -27.165354 -0.31003937,
  51.848797 -27.045647 0.31003937,51.812099 -27.100569 0.31003937,
  51.848797 -27.045647 -0.31003937,51.848797 -27.045647 -0.31003937,
  51.812099 -27.100569 0.31003937,51.812099 -27.100569 -0.31003937,
  51.903719 -27.00895 0.31003937,51.848797 -27.045647 0.31003937,
  51.903719 -27.00895 -0.31003937,51.903719 -27.00895 -0.31003937,
  51.848797 -27.045647 0.31003937,51.848797 -27.045647 -0.31003937,
  51.968504 -26.996063 0.31003937,51.903719 -27.00895 0.31003937,
  51.968504 -26.996063 -0.31003937,51.968504 -26.996063 -0.31003937,
  51.903719 -27.00895 0.31003937,51.903719 -27.00895 -0.31003937,
  52.033289 -27.00895 0.31003937,51.968504 -26.996063 0.31003937,
  52.033289 -27.00895 -0.31003937,52.033289 -27.00895 -0.31003937,
  51.968504 -26.996063 0.31003937,51.968504 -26.996063 -0.31003937,
  52.088211 -27.045647 0.31003937,52.033289 -27.00895 0.31003937,
  52.088211 -27.045647 -0.31003937,52.088211 -27.045647 -0.31003937,
  52.033289 -27.00895 0.31003937,52.033289 -27.00895 -0.31003937,
  52.124909 -27.100569 0.31003937,52.088211 -27.045647 0.31003937,
  52.124909 -27.100569 -0.31003937,52.124909 -27.100569 -0.31003937,
  52.088211 -27.045647 0.31003937,52.088211 -27.045647 -0.31003937,
  52.137795 -27.165354 0.31003937,52.124909 -27.100569 0.31003937,
  52.137795 -27.165354 -0.31003937,52.137795 -27.165354 -0.31003937,
  52.124909 -27.100569 0.31003937,52.124909 -27.100569 -0.31003937,
  52.124909 -27.230139 0.31003937,52.137795 -27.165354 0.31003937,
  52.124909 -27.230139 -0.31003937,52.124909 -27.230139 -0.31003937,
  52.137795 -27.165354 0.31003937,52.137795 -27.165354 -0.31003937,
  52.088211 -27.285061 0.31003937,52.124909 -27.230139 0.31003937,
  52.088211 -27.285061 -0.31003937,52.088211 -27.285061 -0.31003937,
  52.124909 -27.230139 0.31003937,52.124909 -27.230139 -0.31003937,
  52.033289 -27.321759 0.31003937,52.088211 -27.285061 0.31003937,
  52.033289 -27.321759 -0.31003937,52.033289 -27.321759 -0.31003937,
  52.088211 -27.285061 0.31003937,52.088211 -27.285061 -0.31003937,
  51.968504 -27.334646 0.31003937,52.033289 -27.321759 0.31003937,
  51.968504 -27.334646 -0.31003937,51.968504 -27.334646 -0.31003937,
  52.033289 -27.321759 0.31003937,52.033289 -27.321759 -0.31003937,
  51.903719 -27.321759 0.31003937,51.968504 -27.334646 0.31003937,
  51.903719 -27.321759 -0.31003937,51.903719 -27.321759 -0.31003937,
  51.968504 -27.334646 0.31003937,51.968504 -27.334646 -0.31003937,
  51.848797 -27.285061 0.31003937,51.903719 -27.321759 0.31003937,
  51.848797 -27.285061 -0.31003937,51.848797 -27.285061 -0.31003937,
  51.903719 -27.321759 0.31003937,51.903719 -27.321759 -0.31003937,
  51.812099 -27.230139 0.31003937,51.848797 -27.285061 0.31003937,
  51.812099 -27.230139 -0.31003937,51.812099 -27.230139 -0.31003937,
  51.848797 -27.285061 0.31003937,51.848797 -27.285061 -0.31003937,
  51.799213 -27.165354 0.31003937,51.812099 -27.230139 0.31003937,
  51.799213 -27.165354 -0.31003937,51.799213 -27.165354 -0.31003937,
  51.812099 -27.230139 0.31003937,51.812099 -27.230139 -0.31003937] }
 coordIndex [
  0,1,2,-1,3,4,5,-1,6,7,8,-1,9,10,11,-1,12,13,14,-1,15,16,17,-1,18,19,20,-1,21,22,23,-1,
  24,25,26,-1,27,28,29,-1,30,31,32,-1,33,34,35,-1,36,37,38,-1,39,40,41,-1,42,43,44,-1,45,46,47,-1,
  48,49,50,-1,51,52,53,-1,54,55,56,-1,57,58,59,-1,60,61,62,-1,63,64,65,-1,66,67,68,-1,69,70,71,-1,
  72,73,74,-1,75,76,77,-1,78,79,80,-1,81,82,83,-1,84,85,86,-1,87,88,89,-1,90,91,92,-1,93,94,95,-1,
  96,97,98,-1,99,100,101,-1,102,103,104,-1,105,106,107,-1,108,109,110,-1,111,112,113,-1,114,115,116,-1,117,118,119,-1,
  120,121,122,-1,123,124,125,-1,126,127,128,-1,129,130,131,-1,132,133,134,-1,135,136,137,-1,138,139,140,-1,141,142,143,-1,
  144,145,146,-1,147,148,149,-1,150,151,152,-1,153,154,155,-1,156,157,158,-1,159,160,161,-1,162,163,164,-1,165,166,167,-1,
  168,169,170,-1,171,172,173,-1,174,175,176,-1,177,178,179,-1,180,181,182,-1,183,184,185,-1,186,187,188,-1,189,190,191,-1,
  192,193,194,-1,195,196,197,-1,198,199,200,-1,201,202,203,-1,204,205,206,-1,207,208,209,-1,210,211,212,-1,213,214,215,-1,
  216,217,218,-1,219,220,221,-1,222,223,224,-1,225,226,227,-1,228,229,230,-1,231,232,233,-1,234,235,236,-1,237,238,239,-1,
  240,241,242,-1,243,244,245,-1,246,247,248,-1,249,250,251,-1,252,253,254,-1,255,256,257,-1,258,259,260,-1,261,262,263,-1,
  264,265,266,-1,267,268,269,-1,270,271,272,-1,273,274,275,-1,276,277,278,-1,279,280,281,-1,282,283,284,-1,285,286,287,-1,
  288,289,290,-1,291,292,293,-1,294,295,296,-1,297,298,299,-1,300,301,302,-1,303,304,305,-1,306,307,308,-1,309,310,311,-1,
  312,313,314,-1,315,316,317,-1,318,319,320,-1,321,322,323,-1,324,325,326,-1,327,328,329,-1,330,331,332,-1,333,334,335,-1,
  336,337,338,-1,339,340,341,-1,342,343,344,-1,345,346,347,-1,348,349,350,-1,351,352,353,-1,354,355,356,-1,357,358,359,-1,
  360,361,362,-1,363,364,365,-1,366,367,368,-1,369,370,371,-1,372,373,374,-1,375,376,377,-1,378,379,380,-1,381,382,383,-1,
  384,385,386,-1,387,388,389,-1,390,391,392,-1,393,394,395,-1,396,397,398,-1,399,400,401,-1,402,403,404,-1,405,406,407,-1,
  408,409,410,-1,411,412,413,-1,414,415,416,-1,417,418,419,-1,420,421,422,-1,423,424,425,-1,426,427,428,-1,429,430,431,-1,
  432,433,434,-1,435,436,437,-1,438,439,440,-1,441,442,443,-1,444,445,446,-1,447,448,449,-1,450,451,452,-1,453,454,455,-1,
  456,457,458,-1,459,460,461,-1,462,463,464,-1,465,466,467,-1,468,469,470,-1,471,472,473,-1,474,475,476,-1,477,478,479,-1,
  480,481,482,-1,483,484,485,-1,486,487,488,-1,489,490,491,-1,492,493,494,-1,495,496,497,-1,498,499,500,-1,501,502,503,-1,
  504,505,506,-1,507,508,509,-1,510,511,512,-1,513,514,515,-1,516,517,518,-1,519,520,521,-1,522,523,524,-1,525,526,527,-1,
  528,529,530,-1,531,532,533,-1,534,535,536,-1,537,538,539,-1,540,541,542,-1,543,544,545,-1,546,547,548,-1,549,550,551,-1,
  552,553,554,-1,555,556,557,-1,558,559,560,-1,561,562,563,-1,564,565,566,-1,567,568,569,-1,570,571,572,-1,573,574,575,-1,
  576,577,578,-1,579,580,581,-1,582,583,584,-1,585,586,587,-1,588,589,590,-1,591,592,593,-1,594,595,596,-1,597,598,599,-1,
  600,601,602,-1,603,604,605,-1,606,607,608,-1,609,610,611,-1,612,613,614,-1,615,616,617,-1,618,619,620,-1,621,622,623,-1,
  624,625,626,-1,627,628,629,-1,630,631,632,-1,633,634,635,-1,636,637,638,-1,639,640,641,-1,642,643,644,-1,645,646,647,-1,
  648,649,650,-1,651,652,653,-1,654,655,656,-1,657,658,659,-1,660,661,662,-1,663,664,665,-1,666,667,668,-1,669,670,671,-1,
  672,673,674,-1,675,676,677,-1,678,679,680,-1,681,682,683,-1,684,685,686,-1,687,688,689,-1,690,691,692,-1,693,694,695,-1,
  696,697,698,-1,699,700,701,-1,702,703,704,-1,705,706,707,-1,708,709,710,-1,711,712,713,-1,714,715,716,-1,717,718,719,-1,
  720,721,722,-1,723,724,725,-1,726,727,728,-1,729,730,731,-1,732,733,734,-1,735,736,737,-1,738,739,740,-1,741,742,743,-1,
  744,745,746,-1,747,748,749,-1,750,751,752,-1,753,754,755,-1,756,757,758,-1,759,760,761,-1,762,763,764,-1,765,766,767,-1,
  768,769,770,-1,771,772,773,-1,774,775,776,-1,777,778,779,-1,780,781,782,-1,783,784,785,-1,786,787,788,-1,789,790,791,-1,
  792,793,794,-1,795,796,797,-1,798,799,800,-1,801,802,803,-1,804,805,806,-1,807,808,809,-1,810,811,812,-1,813,814,815,-1,
  816,817,818,-1,819,820,821,-1,822,823,824,-1,825,826,827,-1,828,829,830,-1,831,832,833,-1,834,835,836,-1,837,838,839,-1,
  840,841,842,-1,843,844,845,-1,846,847,848,-1,849,850,851,-1,852,853,854,-1,855,856,857,-1,858,859,860,-1,861,862,863,-1,
  864,865,866,-1,867,868,869,-1,870,871,872,-1,873,874,875,-1,876,877,878,-1,879,880,881,-1,882,883,884,-1,885,886,887,-1,
  888,889,890,-1,891,892,893,-1,894,895,896,-1,897,898,899,-1,900,901,902,-1,903,904,905,-1,906,907,908,-1,909,910,911,-1,
  912,913,914,-1,915,916,917,-1,918,919,920,-1,921,922,923,-1,924,925,926,-1,927,928,929,-1,930,931,932,-1,933,934,935,-1,
  936,937,938,-1,939,940,941,-1,942,943,944,-1,945,946,947,-1,948,949,950,-1,951,952,953,-1,954,955,956,-1,957,958,959,-1,
  960,961,962,-1,963,964,965,-1,966,967,968,-1,969,970,971,-1,972,973,974,-1,975,976,977,-1,978,979,980,-1,981,982,983,-1,
  984,985,986,-1,987,988,989,-1,990,991,992,-1,993,994,995,-1,996,997,998,-1,999,1000,1001,-1,1002,1003,1004,-1,1005,1006,1007,-1,
  1008,1009,1010,-1,1011,1012,1013,-1,1014,1015,1016,-1,1017,1018,1019,-1,1020,1021,1022,-1,1023,1024,1025,-1,1026,1027,1028,-1,1029,1030,1031,-1,
  1032,1033,1034,-1,1035,1036,1037,-1,1038,1039,1040,-1,1041,1042,1043,-1,1044,1045,1046,-1,1047,1048,1049,-1,1050,1051,1052,-1,1053,1054,1055,-1,
  1056,1057,1058,-1,1059,1060,1061,-1,1062,1063,1064,-1,1065,1066,1067,-1,1068,1069,1070,-1,1071,1072,1073,-1,1074,1075,1076,-1,1077,1078,1079,-1,
  1080,1081,1082,-1,1083,1084,1085,-1,1086,1087,1088,-1,1089,1090,1091,-1,1092,1093,1094,-1,1095,1096,1097,-1,1098,1099,1100,-1,1101,1102,1103,-1,
  1104,1105,1106,-1,1107,1108,1109,-1,1110,1111,1112,-1,1113,1114,1115,-1,1116,1117,1118,-1,1119,1120,1121,-1,1122,1123,1124,-1,1125,1126,1127,-1,
  1128,1129,1130,-1,1131,1132,1133,-1,1134,1135,1136,-1,1137,1138,1139,-1,1140,1141,1142,-1,1143,1144,1145,-1,1146,1147,1148,-1,1149,1150,1151,-1,
  1152,1153,1154,-1,1155,1156,1157,-1,1158,1159,1160,-1,1161,1162,1163,-1,1164,1165,1166,-1,1167,1168,1169,-1,1170,1171,1172,-1,1173,1174,1175,-1,
  1176,1177,1178,-1,1179,1180,1181,-1,1182,1183,1184,-1,1185,1186,1187,-1,1188,1189,1190,-1,1191,1192,1193,-1,1194,1195,1196,-1,1197,1198,1199,-1,
  1200,1201,1202,-1,1203,1204,1205,-1,1206,1207,1208,-1,1209,1210,1211,-1,1212,1213,1214,-1,1215,1216,1217,-1,1218,1219,1220,-1,1221,1222,1223,-1,
  1224,1225,1226,-1,1227,1228,1229,-1,1230,1231,1232,-1,1233,1234,1235,-1,1236,1237,1238,-1,1239,1240,1241,-1,1242,1243,1244,-1,1245,1246,1247,-1,
  1248,1249,1250,-1,1251,1252,1253,-1,1254,1255,1256,-1,1257,1258,1259,-1,1260,1261,1262,-1,1263,1264,1265,-1,1266,1267,1268,-1,1269,1270,1271,-1,
  1272,1273,1274,-1,1275,1276,1277,-1,1278,1279,1280,-1,1281,1282,1283,-1,1284,1285,1286,-1,1287,1288,1289,-1,1290,1291,1292,-1,1293,1294,1295,-1,
  1296,1297,1298,-1,1299,1300,1301,-1,1302,1303,1304,-1,1305,1306,1307,-1,1308,1309,1310,-1,1311,1312,1313,-1,1314,1315,1316,-1,1317,1318,1319,-1,
  1320,1321,1322,-1,1323,1324,1325,-1,1326,1327,1328,-1,1329,1330,1331,-1,1332,1333,1334,-1,1335,1336,1337,-1,1338,1339,1340,-1,1341,1342,1343,-1,
  1344,1345,1346,-1,1347,1348,1349,-1,1350,1351,1352,-1,1353,1354,1355,-1,1356,1357,1358,-1,1359,1360,1361,-1,1362,1363,1364,-1,1365,1366,1367,-1,
  1368,1369,1370,-1,1371,1372,1373,-1,1374,1375,1376,-1,1377,1378,1379,-1,1380,1381,1382,-1,1383,1384,1385,-1,1386,1387,1388,-1,1389,1390,1391,-1,
  1392,1393,1394,-1,1395,1396,1397,-1,1398,1399,1400,-1,1401,1402,1403,-1,1404,1405,1406,-1,1407,1408,1409,-1,1410,1411,1412,-1,1413,1414,1415,-1,
  1416,1417,1418,-1,1419,1420,1421,-1,1422,1423,1424,-1,1425,1426,1427,-1,1428,1429,1430,-1,1431,1432,1433,-1,1434,1435,1436,-1,1437,1438,1439,-1,
  1440,1441,1442,-1,1443,1444,1445,-1,1446,1447,1448,-1,1449,1450,1451,-1,1452,1453,1454,-1,1455,1456,1457,-1,1458,1459,1460,-1,1461,1462,1463,-1,
  1464,1465,1466,-1,1467,1468,1469,-1,1470,1471,1472,-1,1473,1474,1475,-1,1476,1477,1478,-1,1479,1480,1481,-1,1482,1483,1484,-1,1485,1486,1487,-1,
  1488,1489,1490,-1,1491,1492,1493,-1,1494,1495,1496,-1,1497,1498,1499,-1,1500,1501,1502,-1,1503,1504,1505,-1,1506,1507,1508,-1,1509,1510,1511,-1,
  1512,1513,1514,-1,1515,1516,1517,-1,1518,1519,1520,-1,1521,1522,1523,-1,1524,1525,1526,-1,1527,1528,1529,-1,1530,1531,1532,-1,1533,1534,1535,-1,
  1536,1537,1538,-1,1539,1540,1541,-1,1542,1543,1544,-1,1545,1546,1547,-1,1548,1549,1550,-1,1551,1552,1553,-1,1554,1555,1556,-1,1557,1558,1559,-1,
  1560,1561,1562,-1,1563,1564,1565,-1,1566,1567,1568,-1,1569,1570,1571,-1,1572,1573,1574,-1,1575,1576,1577,-1,1578,1579,1580,-1,1581,1582,1583,-1,
  1584,1585,1586,-1,1587,1588,1589,-1,1590,1591,1592,-1,1593,1594,1595,-1,1596,1597,1598,-1,1599,1600,1601,-1,1602,1603,1604,-1,1605,1606,1607,-1,
  1608,1609,1610,-1,1611,1612,1613,-1,1614,1615,1616,-1,1617,1618,1619,-1,1620,1621,1622,-1,1623,1624,1625,-1,1626,1627,1628,-1,1629,1630,1631,-1,
  1632,1633,1634,-1,1635,1636,1637,-1,1638,1639,1640,-1,1641,1642,1643,-1,1644,1645,1646,-1,1647,1648,1649,-1,1650,1651,1652,-1,1653,1654,1655,-1,
  1656,1657,1658,-1,1659,1660,1661,-1,1662,1663,1664,-1,1665,1666,1667,-1,1668,1669,1670,-1,1671,1672,1673,-1,1674,1675,1676,-1,1677,1678,1679,-1,
  1680,1681,1682,-1,1683,1684,1685,-1,1686,1687,1688,-1,1689,1690,1691,-1,1692,1693,1694,-1,1695,1696,1697,-1,1698,1699,1700,-1,1701,1702,1703,-1,
  1704,1705,1706,-1,1707,1708,1709,-1,1710,1711,1712,-1,1713,1714,1715,-1,1716,1717,1718,-1,1719,1720,1721,-1,1722,1723,1724,-1,1725,1726,1727,-1,
  1728,1729,1730,-1,1731,1732,1733,-1,1734,1735,1736,-1,1737,1738,1739,-1,1740,1741,1742,-1,1743,1744,1745,-1,1746,1747,1748,-1,1749,1750,1751,-1,
  1752,1753,1754,-1,1755,1756,1757,-1,1758,1759,1760,-1,1761,1762,1763,-1,1764,1765,1766,-1,1767,1768,1769,-1,1770,1771,1772,-1,1773,1774,1775,-1,
  1776,1777,1778,-1,1779,1780,1781,-1,1782,1783,1784,-1,1785,1786,1787,-1,1788,1789,1790,-1,1791,1792,1793,-1,1794,1795,1796,-1,1797,1798,1799,-1,
  1800,1801,1802,-1,1803,1804,1805,-1,1806,1807,1808,-1,1809,1810,1811,-1,1812,1813,1814,-1,1815,1816,1817,-1,1818,1819,1820,-1,1821,1822,1823,-1,
  1824,1825,1826,-1,1827,1828,1829,-1,1830,1831,1832,-1,1833,1834,1835,-1,1836,1837,1838,-1,1839,1840,1841,-1,1842,1843,1844,-1,1845,1846,1847,-1,
  1848,1849,1850,-1,1851,1852,1853,-1,1854,1855,1856,-1,1857,1858,1859,-1,1860,1861,1862,-1,1863,1864,1865,-1,1866,1867,1868,-1,1869,1870,1871,-1,
  1872,1873,1874,-1,1875,1876,1877,-1,1878,1879,1880,-1,1881,1882,1883,-1,1884,1885,1886,-1,1887,1888,1889,-1,1890,1891,1892,-1,1893,1894,1895,-1,
  1896,1897,1898,-1,1899,1900,1901,-1,1902,1903,1904,-1,1905,1906,1907,-1,1908,1909,1910,-1,1911,1912,1913,-1,1914,1915,1916,-1,1917,1918,1919,-1,
  1920,1921,1922,-1,1923,1924,1925,-1,1926,1927,1928,-1,1929,1930,1931,-1,1932,1933,1934,-1,1935,1936,1937,-1,1938,1939,1940,-1,1941,1942,1943,-1,
  1944,1945,1946,-1,1947,1948,1949,-1,1950,1951,1952,-1,1953,1954,1955,-1]
  normalPerVertex TRUE
  normal DEF NORM_2 Normal { vector [
  0.98078528 -0.19509032 0,0.98078528 -0.19509032 0,
  0.98078528 -0.19509032 0,0.98078528 -0.19509032 0,
  0.98078528 -0.19509032 0,0.98078528 -0.19509032 0,
  0.83146961 -0.55557023 0,0.83146961 -0.55557023 0,
  0.83146961 -0.55557023 0,0.83146961 -0.55557023 0,
  0.83146961 -0.55557023 0,0.83146961 -0.55557023 0,
  0.55557023 -0.83146961 0,0.55557023 -0.83146961 0,
  0.55557023 -0.83146961 0,0.55557023 -0.83146961 0,
  0.55557023 -0.83146961 0,0.55557023 -0.83146961 0,
  0.19509032 -0.98078528 0,0.19509032 -0.98078528 0,
  0.19509032 -0.98078528 0,0.19509032 -0.98078528 0,
  0.19509032 -0.98078528 0,0.19509032 -0.98078528 0,
  -0.19509032 -0.98078528 0,-0.19509032 -0.98078528 0,
  -0.19509032 -0.98078528 0,-0.19509032 -0.98078528 0,
  -0.19509032 -0.98078528 0,-0.19509032 -0.98078528 0,
  -0.55557023 -0.83146961 0,-0.55557023 -0.83146961 0,
  -0.55557023 -0.83146961 0,-0.55557023 -0.83146961 0,
  -0.55557023 -0.83146961 0,-0.55557023 -0.83146961 0,
  -0.83146961 -0.55557023 0,-0.83146961 -0.55557023 0,
  -0.83146961 -0.55557023 0,-0.83146961 -0.55557023 0,
  -0.83146961 -0.55557023 0,-0.83146961 -0.55557023 0,
  -0.98078528 -0.19509032 0,-0.98078528 -0.19509032 0,
  -0.98078528 -0.19509032 0,-0.98078528 -0.19509032 0,
  -0.98078528 -0.19509032 0,-0.98078528 -0.19509032 0,
  -0.98078528 0.19509032 0,-0.98078528 0.19509032 0,
  -0.98078528 0.19509032 0,-0.98078528 0.19509032 0,
  -0.98078528 0.19509032 0,-0.98078528 0.19509032 0,
  -0.83146961 0.55557023 0,-0.83146961 0.55557023 0,
  -0.83146961 0.55557023 0,-0.83146961 0.55557023 0,
  -0.83146961 0.55557023 0,-0.83146961 0.55557023 0,
  -0.55557023 0.83146961 0,-0.55557023 0.83146961 0,
  -0.55557023 0.83146961 0,-0.55557023 0.83146961 0,
  -0.55557023 0.83146961 0,-0.55557023 0.83146961 0,
  -0.19509032 0.98078528 0,-0.19509032 0.98078528 0,
  -0.19509032 0.98078528 0,-0.19509032 0.98078528 0,
  -0.19509032 0.98078528 0,-0.19509032 0.98078528 0,
  0.19509032 0.98078528 0,0.19509032 0.98078528 0,
  0.19509032 0.98078528 0,0.19509032 0.98078528 0,
  0.19509032 0.98078528 0,0.19509032 0.98078528 0,
  0.55557023 0.83146961 0,0.55557023 0.83146961 0,
  0.55557023 0.83146961 0,0.55557023 0.83146961 0,
  0.55557023 0.83146961 0,0.55557023 0.83146961 0,
  0.83146961 0.55557023 0,0.83146961 0.55557023 0,
  0.83146961 0.55557023 0,0.83146961 0.55557023 0,
  0.83146961 0.55557023 0,0.83146961 0.55557023 0,
  0.98078528 0.19509032 0,0.98078528 0.19509032 0,
  0.98078528 0.19509032 0,0.98078528 0.19509032 0,
  0.98078528 0.19509032 0,0.98078528 0.19509032 0,
  0.98078528 -0.19509032 0,0.98078528 -0.19509032 0,
  0.98078528 -0.19509032 0,0.98078528 -0.19509032 0,
  0.98078528 -0.19509032 0,0.98078528 -0.19509032 0,
  0.83146961 -0.55557023 0,0.83146961 -0.55557023 0,
  0.83146961 -0.55557023 0,0.83146961 -0.55557023 0,
  0.83146961 -0.55557023 0,0.83146961 -0.55557023 0,
  0.55557023 -0.83146961 0,0.55557023 -0.83146961 0,
  0.55557023 -0.83146961 0,0.55557023 -0.83146961 0,
  0.55557023 -0.83146961 0,0.55557023 -0.83146961 0,
  0.19509032 -0.98078528 0,0.19509032 -0.98078528 0,
  0.19509032 -0.98078528 0,0.19509032 -0.98078528 0,
  0.19509032 -0.98078528 0,0.19509032 -0.98078528 0,
  -0.19509032 -0.98078528 0,-0.19509032 -0.98078528 0,
  -0.19509032 -0.98078528 0,-0.19509032 -0.98078528 0,
  -0.19509032 -0.98078528 0,-0.19509032 -0.98078528 0,
  -0.55557023 -0.83146961 0,-0.55557023 -0.83146961 0,
  -0.55557023 -0.83146961 0,-0.55557023 -0.83146961 0,
  -0.55557023 -0.83146961 0,-0.55557023 -0.83146961 0,
  -0.83146961 -0.55557023 0,-0.83146961 -0.55557023 0,
  -0.83146961 -0.55557023 0,-0.83146961 -0.55557023 0,
  -0.83146961 -0.55557023 0,-0.83146961 -0.55557023 0,
  -0.98078528 -0.19509032 0,-0.98078528 -0.19509032 0,
  -0.98078528 -0.19509032 0,-0.98078528 -0.19509032 0,
  -0.98078528 -0.19509032 0,-0.98078528 -0.19509032 0,
  -0.98078528 0.19509032 0,-0.98078528 0.19509032 0,
  -0.98078528 0.19509032 0,-0.98078528 0.19509032 0,
  -0.98078528 0.19509032 0,-0.98078528 0.19509032 0,
  -0.83146961 0.55557023 0,-0.83146961 0.55557023 0,
  -0.83146961 0.55557023 0,-0.83146961 0.55557023 0,
  -0.83146961 0.55557023 0,-0.83146961 0.55557023 0,
  -0.55557023 0.83146961 0,-0.55557023 0.83146961 0,
  -0.55557023 0.83146961 0,-0.55557023 0.83146961 0,
  -0.55557023 0.83146961 0,-0.55557023 0.83146961 0,
  -0.19509032 0.98078528 0,-0.19509032 0.98078528 0,
  -0.19509032 0.98078528 0,-0.19509032 0.98078528 0,
  -0.19509032 0.98078528 0,-0.19509032 0.98078528 0,
  0.19509032 0.98078528 0,0.19509032 0.98078528 0,
  0.19509032 0.98078528 0,0.19509032 0.98078528 0,
  0.19509032 0.98078528 0,0.19509032 0.98078528 0,
  0.55557023 0.83146961 0,0.55557023 0.83146961 0,
  0.55557023 0.83146961 0,0.55557023 0.83146961 0,
  0.55557023 0.83146961 0,0.55557023 0.83146961 0,
  0.83146961 0.55557023 0,0.83146961 0.55557023 0,
  0.83146961 0.55557023 0,0.83146961 0.55557023 0,
  0.83146961 0.55557023 0,0.83146961 0.55557023 0,
  0.98078528 0.19509032 0,0.98078528 0.19509032 0,
  0.98078528 0.19509032 0,0.98078528 0.19509032 0,
  0.98078528 0.19509032 0,0.98078528 0.19509032 0,
  0.98078528 -0.19509032 0,0.98078528 -0.19509032 0,
  0.98078528 -0.19509032 0,0.98078528 -0.19509032 0,
  0.98078528 -0.19509032 0,0.98078528 -0.19509032 0,
  0.83146961 -0.55557023 0,0.83146961 -0.55557023 0,
  0.83146961 -0.55557023 0,0.83146961 -0.55557023 0,
  0.83146961 -0.55557023 0,0.83146961 -0.55557023 0,
  0.55557023 -0.83146961 0,0.55557023 -0.83146961 0,
  0.55557023 -0.83146961 0,0.55557023 -0.83146961 0,
  0.55557023 -0.83146961 0,0.55557023 -0.83146961 0,
  0.19509032 -0.98078528 0,0.19509032 -0.98078528 0,
  0.19509032 -0.98078528 0,0.19509032 -0.98078528 0,
  0.19509032 -0.98078528 0,0.19509032 -0.98078528 0,
  -0.19509032 -0.98078528 0,-0.19509032 -0.98078528 0,
  -0.19509032 -0.98078528 0,-0.19509032 -0.98078528 0,
  -0.19509032 -0.98078528 0,-0.19509032 -0.98078528 0,
  -0.55557023 -0.83146961 0,-0.55557023 -0.83146961 0,
  -0.55557023 -0.83146961 0,-0.55557023 -0.83146961 0,
  -0.55557023 -0.83146961 0,-0.55557023 -0.83146961 0,
  -0.83146961 -0.55557023 0,-0.83146961 -0.55557023 0,
  -0.83146961 -0.55557023 0,-0.83146961 -0.55557023 0,
  -0.83146961 -0.55557023 0,-0.83146961 -0.55557023 0,
  -0.98078528 -0.19509032 0,-0.98078528 -0.19509032 0,
  -0.98078528 -0.19509032 0,-0.98078528 -0.19509032 0,
  -0.98078528 -0.19509032 0,-0.98078528 -0.19509032 0,
  -0.98078528 0.19509032 0,-0.98078528 0.19509032 0,
  -0.98078528 0.19509032 0,-0.98078528 0.19509032 0,
  -0.98078528 0.19509032 0,-0.98078528 0.19509032 0,
  -0.83146961 0.55557023 0,-0.83146961 0.55557023 0,
  -0.83146961 0.55557023 0,-0.83146961 0.55557023 0,
  -0.83146961 0.55557023 0,-0.83146961 0.55557023 0,
  -0.55557023 0.83146961 0,-0.55557023 0.83146961 0,
  -0.55557023 0.83146961 0,-0.55557023 0.83146961 0,
  -0.55557023 0.83146961 0,-0.55557023 0.83146961 0,
  -0.19509032 0.98078528 0,-0.19509032 0.98078528 0,
  -0.19509032 0.98078528 0,-0.19509032 0.98078528 0,
  -0.19509032 0.98078528 0,-0.19509032 0.98078528 0,
  0.19509032 0.98078528 0,0.19509032 0.98078528 0,
  0.19509032 0.98078528 0,0.19509032 0.98078528 0,
  0.19509032 0.98078528 0,0.19509032 0.98078528 0,
  0.55557023 0.83146961 0,0.55557023 0.83146961 0,
  0.55557023 0.83146961 0,0.55557023 0.83146961 0,
  0.55557023 0.83146961 0,0.55557023 0.83146961 0,
  0.83146961 0.55557023 0,0.83146961 0.55557023 0,
  0.83146961 0.55557023 0,0.83146961 0.55557023 0,
  0.83146961 0.55557023 0,0.83146961 0.55557023 0,
  0.98078528 0.19509032 0,0.98078528 0.19509032 0,
  0.98078528 0.19509032 0,0.98078528 0.19509032 0,
  0.98078528 0.19509032 0,0.98078528 0.19509032 0,
  0.98078528 -0.19509032 0,0.98078528 -0.19509032 0,
  0.98078528 -0.19509032 0,0.98078528 -0.19509032 0,
  0.98078528 -0.19509032 0,0.98078528 -0.19509032 0,
  0.83146961 -0.55557023 0,0.83146961 -0.55557023 0,
  0.83146961 -0.55557023 0,0.83146961 -0.55557023 0,
  0.83146961 -0.55557023 0,0.83146961 -0.55557023 0,
  0.55557023 -0.83146961 0,0.55557023 -0.83146961 0,
  0.55557023 -0.83146961 0,0.55557023 -0.83146961 0,
  0.55557023 -0.83146961 0,0.55557023 -0.83146961 0,
  0.19509032 -0.98078528 0,0.19509032 -0.98078528 0,
  0.19509032 -0.98078528 0,0.19509032 -0.98078528 0,
  0.19509032 -0.98078528 0,0.19509032 -0.98078528 0,
  -0.19509032 -0.98078528 0,-0.19509032 -0.98078528 0,
  -0.19509032 -0.98078528 0,-0.19509032 -0.98078528 0,
  -0.19509032 -0.98078528 0,-0.19509032 -0.98078528 0,
  -0.55557023 -0.83146961 0,-0.55557023 -0.83146961 0,
  -0.55557023 -0.83146961 0,-0.55557023 -0.83146961 0,
  -0.55557023 -0.83146961 0,-0.55557023 -0.83146961 0,
  -0.83146961 -0.55557023 0,-0.83146961 -0.55557023 0,
  -0.83146961 -0.55557023 0,-0.83146961 -0.55557023 0,
  -0.83146961 -0.55557023 0,-0.83146961 -0.55557023 0,
  -0.98078528 -0.19509032 0,-0.98078528 -0.19509032 0,
  -0.98078528 -0.19509032 0,-0.98078528 -0.19509032 0,
  -0.98078528 -0.19509032 0,-0.98078528 -0.19509032 0,
  -0.98078528 0.19509032 0,-0.98078528 0.19509032 0,
  -0.98078528 0.19509032 0,-0.98078528 0.19509032 0,
  -0.98078528 0.19509032 0,-0.98078528 0.19509032 0,
  -0.83146961 0.55557023 0,-0.83146961 0.55557023 0,
  -0.83146961 0.55557023 0,-0.83146961 0.55557023 0,
  -0.83146961 0.55557023 0,-0.83146961 0.55557023 0,
  -0.55557023 0.83146961 0,-0.55557023 0.83146961 0,
  -0.55557023 0.83146961 0,-0.55557023 0.83146961 0,
  -0.55557023 0.83146961 0,-0.55557023 0.83146961 0,
  -0.19509032 0.98078528 0,-0.19509032 0.98078528 0,
  -0.19509032 0.98078528 0,-0.19509032 0.98078528 0,
  -0.19509032 0.98078528 0,-0.19509032 0.98078528 0,
  0.19509032 0.98078528 0,0.19509032 0.98078528 0,
  0.19509032 0.98078528 0,0.19509032 0.98078528 0,
  0.19509032 0.98078528 0,0.19509032 0.98078528 0,
  0.55557023 0.83146961 0,0.55557023 0.83146961 0,
  0.55557023 0.83146961 0,0.55557023 0.83146961 0,
  0.55557023 0.83146961 0,0.55557023 0.83146961 0,
  0.83146961 0.55557023 0,0.83146961 0.55557023 0,
  0.83146961 0.55557023 0,0.83146961 0.55557023 0,
  0.83146961 0.55557023 0,0.83146961 0.55557023 0,
  0.98078528 0.19509032 0,0.98078528 0.19509032 0,
  0.98078528 0.19509032 0,0.98078528 0.19509032 0,
  0.98078528 0.19509032 0,0.98078528 0.19509032 0,
  0.98078528 -0.19509032 0,0.98078528 -0.19509032 0,
  0.98078528 -0.19509032 0,0.98078528 -0.19509032 0,
  0.98078528 -0.19509032 0,0.98078528 -0.19509032 0,
  0.83146961 -0.55557023 0,0.83146961 -0.55557023 0,
  0.83146961 -0.55557023 0,0.83146961 -0.55557023 0,
  0.83146961 -0.55557023 0,0.83146961 -0.55557023 0,
  0.55557023 -0.83146961 0,0.55557023 -0.83146961 0,
  0.55557023 -0.83146961 0,0.55557023 -0.83146961 0,
  0.55557023 -0.83146961 0,0.55557023 -0.83146961 0,
  0.19509032 -0.98078528 0,0.19509032 -0.98078528 0,
  0.19509032 -0.98078528 0,0.19509032 -0.98078528 0,
  0.19509032 -0.98078528 0,0.19509032 -0.98078528 0,
  -0.19509032 -0.98078528 0,-0.19509032 -0.98078528 0,
  -0.19509032 -0.98078528 0,-0.19509032 -0.98078528 0,
  -0.19509032 -0.98078528 0,-0.19509032 -0.98078528 0,
  -0.55557023 -0.83146961 0,-0.55557023 -0.83146961 0,
  -0.55557023 -0.83146961 0,-0.55557023 -0.83146961 0,
  -0.55557023 -0.83146961 0,-0.55557023 -0.83146961 0,
  -0.83146961 -0.55557023 0,-0.83146961 -0.55557023 0,
  -0.83146961 -0.55557023 0,-0.83146961 -0.55557023 0,
  -0.83146961 -0.55557023 0,-0.83146961 -0.55557023 0,
  -0.98078528 -0.19509032 0,-0.98078528 -0.19509032 0,
  -0.98078528 -0.19509032 0,-0.98078528 -0.19509032 0,
  -0.98078528 -0.19509032 0,-0.98078528 -0.19509032 0,
  -0.98078528 0.19509032 0,-0.98078528 0.19509032 0,
  -0.98078528 0.19509032 0,-0.98078528 0.19509032 0,
  -0.98078528 0.19509032 0,-0.98078528 0.19509032 0,
  -0.83146961 0.55557023 0,-0.83146961 0.55557023 0,
  -0.83146961 0.55557023 0,-0.83146961 0.55557023 0,
  -0.83146961 0.55557023 0,-0.83146961 0.55557023 0,
  -0.55557023 0.83146961 0,-0.55557023 0.83146961 0,
  -0.55557023 0.83146961 0,-0.55557023 0.83146961 0,
  -0.55557023 0.83146961 0,-0.55557023 0.83146961 0,
  -0.19509032 0.98078528 0,-0.19509032 0.98078528 0,
  -0.19509032 0.98078528 0,-0.19509032 0.98078528 0,
  -0.19509032 0.98078528 0,-0.19509032 0.98078528 0,
  0.19509032 0.98078528 0,0.19509032 0.98078528 0,
  0.19509032 0.98078528 0,0.19509032 0.98078528 0,
  0.19509032 0.98078528 0,0.19509032 0.98078528 0,
  0.55557023 0.83146961 0,0.55557023 0.83146961 0,
  0.55557023 0.83146961 0,0.55557023 0.83146961 0,
  0.55557023 0.83146961 0,0.55557023 0.83146961 0,
  0.83146961 0.55557023 0,0.83146961 0.55557023 0,
  0.83146961 0.55557023 0,0.83146961 0.55557023 0,
  0.83146961 0.55557023 0,0.83146961 0.55557023 0,
  0.98078528 0.19509032 0,0.98078528 0.19509032 0,
  0.98078528 0.19509032 0,0.98078528 0.19509032 0,
  0.98078528 0.19509032 0,0.98078528 0.19509032 0,
  0.98078528 -0.19509032 0,0.98078528 -0.19509032 0,
  0.98078528 -0.19509032 0,0.98078528 -0.19509032 0,
  0.98078528 -0.19509032 0,0.98078528 -0.19509032 0,
  0.83146961 -0.55557023 0,0.83146961 -0.55557023 0,
  0.83146961 -0.55557023 0,0.83146961 -0.55557023 0,
  0.83146961 -0.55557023 0,0.83146961 -0.55557023 0,
  0.55557023 -0.83146961 0,0.55557023 -0.83146961 0,
  0.55557023 -0.83146961 0,0.55557023 -0.83146961 0,
  0.55557023 -0.83146961 0,0.55557023 -0.83146961 0,
  0.19509032 -0.98078528 0,0.19509032 -0.98078528 0,
  0.19509032 -0.98078528 0,0.19509032 -0.98078528 0,
  0.19509032 -0.98078528 0,0.19509032 -0.98078528 0,
  -0.19509032 -0.98078528 0,-0.19509032 -0.98078528 0,
  -0.19509032 -0.98078528 0,-0.19509032 -0.98078528 0,
  -0.19509032 -0.98078528 0,-0.19509032 -0.98078528 0,
  -0.55557023 -0.83146961 0,-0.55557023 -0.83146961 0,
  -0.55557023 -0.83146961 0,-0.55557023 -0.83146961 0,
  -0.55557023 -0.83146961 0,-0.55557023 -0.83146961 0,
  -0.83146961 -0.55557023 0,-0.83146961 -0.55557023 0,
  -0.83146961 -0.55557023 0,-0.83146961 -0.55557023 0,
  -0.83146961 -0.55557023 0,-0.83146961 -0.55557023 0,
  -0.98078528 -0.19509032 0,-0.98078528 -0.19509032 0,
  -0.98078528 -0.19509032 0,-0.98078528 -0.19509032 0,
  -0.98078528 -0.19509032 0,-0.98078528 -0.19509032 0,
  -0.98078528 0.19509032 0,-0.98078528 0.19509032 0,
  -0.98078528 0.19509032 0,-0.98078528 0.19509032 0,
  -0.98078528 0.19509032 0,-0.98078528 0.19509032 0,
  -0.83146961 0.55557023 0,-0.83146961 0.55557023 0,
  -0.83146961 0.55557023 0,-0.83146961 0.55557023 0,
  -0.83146961 0.55557023 0,-0.83146961 0.55557023 0,
  -0.55557023 0.83146961 0,-0.55557023 0.83146961 0,
  -0.55557023 0.83146961 0,-0.55557023 0.83146961 0,
  -0.55557023 0.83146961 0,-0.55557023 0.83146961 0,
  -0.19509032 0.98078528 0,-0.19509032 0.98078528 0,
  -0.19509032 0.98078528 0,-0.19509032 0.98078528 0,
  -0.19509032 0.98078528 0,-0.19509032 0.98078528 0,
  0.19509032 0.98078528 0,0.19509032 0.98078528 0,
  0.19509032 0.98078528 0,0.19509032 0.98078528 0,
  0.19509032 0.98078528 0,0.19509032 0.98078528 0,
  0.55557023 0.83146961 0,0.55557023 0.83146961 0,
  0.55557023 0.83146961 0,0.55557023 0.83146961 0,
  0.55557023 0.83146961 0,0.55557023 0.83146961 0,
  0.83146961 0.55557023 0,0.83146961 0.55557023 0,
  0.83146961 0.55557023 0,0.83146961 0.55557023 0,
  0.83146961 0.55557023 0,0.83146961 0.55557023 0,
  0.98078528 0.19509032 0,0.98078528 0.19509032 0,
  0.98078528 0.19509032 0,0.98078528 0.19509032 0,
  0.98078528 0.19509032 0,0.98078528 0.19509032 0,
  0.98078528 -0.19509032 0,0.98078528 -0.19509032 0,
  0.98078528 -0.19509032 0,0.98078528 -0.19509032 0,
  0.98078528 -0.19509032 0,0.98078528 -0.19509032 0,
  0.83146961 -0.55557023 0,0.83146961 -0.55557023 0,
  0.83146961 -0.55557023 0,0.83146961 -0.55557023 0,
  0.83146961 -0.55557023 0,0.83146961 -0.55557023 0,
  0.55557023 -0.83146961 0,0.55557023 -0.83146961 0,
  0.55557023 -0.83146961 0,0.55557023 -0.83146961 0,
  0.55557023 -0.83146961 0,0.55557023 -0.83146961 0,
  0.19509032 -0.98078528 0,0.19509032 -0.98078528 0,
  0.19509032 -0.98078528 0,0.19509032 -0.98078528 0,
  0.19509032 -0.98078528 0,0.19509032 -0.98078528 0,
  -0.19509032 -0.98078528 0,-0.19509032 -0.98078528 0,
  -0.19509032 -0.98078528 0,-0.19509032 -0.98078528 0,
  -0.19509032 -0.98078528 0,-0.19509032 -0.98078528 0,
  -0.55557023 -0.83146961 0,-0.55557023 -0.83146961 0,
  -0.55557023 -0.83146961 0,-0.55557023 -0.83146961 0,
  -0.55557023 -0.83146961 0,-0.55557023 -0.83146961 0,
  -0.83146961 -0.55557023 0,-0.83146961 -0.55557023 0,
  -0.83146961 -0.55557023 0,-0.83146961 -0.55557023 0,
  -0.83146961 -0.55557023 0,-0.83146961 -0.55557023 0,
  -0.98078528 -0.19509032 0,-0.98078528 -0.19509032 0,
  -0.98078528 -0.19509032 0,-0.98078528 -0.19509032 0,
  -0.98078528 -0.19509032 0,-0.98078528 -0.19509032 0,
  -0.98078528 0.19509032 0,-0.98078528 0.19509032 0,
  -0.98078528 0.19509032 0,-0.98078528 0.19509032 0,
  -0.98078528 0.19509032 0,-0.98078528 0.19509032 0,
  -0.83146961 0.55557023 0,-0.83146961 0.55557023 0,
  -0.83146961 0.55557023 0,-0.83146961 0.55557023 0,
  -0.83146961 0.55557023 0,-0.83146961 0.55557023 0,
  -0.55557023 0.83146961 0,-0.55557023 0.83146961 0,
  -0.55557023 0.83146961 0,-0.55557023 0.83146961 0,
  -0.55557023 0.83146961 0,-0.55557023 0.83146961 0,
  -0.19509032 0.98078528 0,-0.19509032 0.98078528 0,
  -0.19509032 0.98078528 0,-0.19509032 0.98078528 0,
  -0.19509032 0.98078528 0,-0.19509032 0.98078528 0,
  0.19509032 0.98078528 0,0.19509032 0.98078528 0,
  0.19509032 0.98078528 0,0.19509032 0.98078528 0,
  0.19509032 0.98078528 0,0.19509032 0.98078528 0,
  0.55557023 0.83146961 0,0.55557023 0.83146961 0,
  0.55557023 0.83146961 0,0.55557023 0.83146961 0,
  0.55557023 0.83146961 0,0.55557023 0.83146961 0,
  0.83146961 0.55557023 0,0.83146961 0.55557023 0,
  0.83146961 0.55557023 0,0.83146961 0.55557023 0,
  0.83146961 0.55557023 0,0.83146961 0.55557023 0,
  0.98078528 0.19509032 0,0.98078528 0.19509032 0,
  0.98078528 0.19509032 0,0.98078528 0.19509032 0,
  0.98078528 0.19509032 0,0.98078528 0.19509032 0,
  0.98078528 -0.19509032 0,0.98078528 -0.19509032 0,
  0.98078528 -0.19509032 0,0.98078528 -0.19509032 0,
  0.98078528 -0.19509032 0,0.98078528 -0.19509032 0,
  0.83146961 -0.55557023 0,0.83146961 -0.55557023 0,
  0.83146961 -0.55557023 0,0.83146961 -0.55557023 0,
  0.83146961 -0.55557023 0,0.83146961 -0.55557023 0,
  0.55557023 -0.83146961 0,0.55557023 -0.83146961 0,
  0.55557023 -0.83146961 0,0.55557023 -0.83146961 0,
  0.55557023 -0.83146961 0,0.55557023 -0.83146961 0,
  0.19509032 -0.98078528 0,0.19509032 -0.98078528 0,
  0.19509032 -0.98078528 0,0.19509032 -0.98078528 0,
  0.19509032 -0.98078528 0,0.19509032 -0.98078528 0,
  -0.19509032 -0.98078528 0,-0.19509032 -0.98078528 0,
  -0.19509032 -0.98078528 0,-0.19509032 -0.98078528 0,
  -0.19509032 -0.98078528 0,-0.19509032 -0.98078528 0,
  -0.55557023 -0.83146961 0,-0.55557023 -0.83146961 0,
  -0.55557023 -0.83146961 0,-0.55557023 -0.83146961 0,
  -0.55557023 -0.83146961 0,-0.55557023 -0.83146961 0,
  -0.83146961 -0.55557023 0,-0.83146961 -0.55557023 0,
  -0.83146961 -0.55557023 0,-0.83146961 -0.55557023 0,
  -0.83146961 -0.55557023 0,-0.83146961 -0.55557023 0,
  -0.98078528 -0.19509032 0,-0.98078528 -0.19509032 0,
  -0.98078528 -0.19509032 0,-0.98078528 -0.19509032 0,
  -0.98078528 -0.19509032 0,-0.98078528 -0.19509032 0,
  -0.98078528 0.19509032 0,-0.98078528 0.19509032 0,
  -0.98078528 0.19509032 0,-0.98078528 0.19509032 0,
  -0.98078528 0.19509032 0,-0.98078528 0.19509032 0,
  -0.83146961 0.55557023 0,-0.83146961 0.55557023 0,
  -0.83146961 0.55557023 0,-0.83146961 0.55557023 0,
  -0.83146961 0.55557023 0,-0.83146961 0.55557023 0,
  -0.55557023 0.83146961 0,-0.55557023 0.83146961 0,
  -0.55557023 0.83146961 0,-0.55557023 0.83146961 0,
  -0.55557023 0.83146961 0,-0.55557023 0.83146961 0,
  -0.19509032 0.98078528 0,-0.19509032 0.98078528 0,
  -0.19509032 0.98078528 0,-0.19509032 0.98078528 0,
  -0.19509032 0.98078528 0,-0.19509032 0.98078528 0,
  0.19509032 0.98078528 0,0.19509032 0.98078528 0,
  0.19509032 0.98078528 0,0.19509032 0.98078528 0,
  0.19509032 0.98078528 0,0.19509032 0.98078528 0,
  0.55557023 0.83146961 0,0.55557023 0.83146961 0,
  0.55557023 0.83146961 0,0.55557023 0.83146961 0,
  0.55557023 0.83146961 0,0.55557023 0.83146961 0,
  0.83146961 0.55557023 0,0.83146961 0.55557023 0,
  0.83146961 0.55557023 0,0.83146961 0.55557023 0,
  0.83146961 0.55557023 0,0.83146961 0.55557023 0,
  0.98078528 0.19509032 0,0.98078528 0.19509032 0,
  0.98078528 0.19509032 0,0.98078528 0.19509032 0,
  0.98078528 0.19509032 0,0.98078528 0.19509032 0,
  0.98078528 -0.19509032 0,0.98078528 -0.19509032 0,
  0.98078528 -0.19509032 0,0.98078528 -0.19509032 0,
  0.98078528 -0.19509032 0,0.98078528 -0.19509032 0,
  0.83146961 -0.55557023 0,0.83146961 -0.55557023 0,
  0.83146961 -0.55557023 0,0.83146961 -0.55557023 0,
  0.83146961 -0.55557023 0,0.83146961 -0.55557023 0,
  0.55557023 -0.83146961 0,0.55557023 -0.83146961 0,
  0.55557023 -0.83146961 0,0.55557023 -0.83146961 0,
  0.55557023 -0.83146961 0,0.55557023 -0.83146961 0,
  0.19509032 -0.98078528 0,0.19509032 -0.98078528 0,
  0.19509032 -0.98078528 0,0.19509032 -0.98078528 0,
  0.19509032 -0.98078528 0,0.19509032 -0.98078528 0,
  -0.19509032 -0.98078528 0,-0.19509032 -0.98078528 0,
  -0.19509032 -0.98078528 0,-0.19509032 -0.98078528 0,
  -0.19509032 -0.98078528 0,-0.19509032 -0.98078528 0,
  -0.55557023 -0.83146961 0,-0.55557023 -0.83146961 0,
  -0.55557023 -0.83146961 0,-0.55557023 -0.83146961 0,
  -0.55557023 -0.83146961 0,-0.55557023 -0.83146961 0,
  -0.83146961 -0.55557023 0,-0.83146961 -0.55557023 0,
  -0.83146961 -0.55557023 0,-0.83146961 -0.55557023 0,
  -0.83146961 -0.55557023 0,-0.83146961 -0.55557023 0,
  -0.98078528 -0.19509032 0,-0.98078528 -0.19509032 0,
  -0.98078528 -0.19509032 0,-0.98078528 -0.19509032 0,
  -0.98078528 -0.19509032 0,-0.98078528 -0.19509032 0,
  -0.98078528 0.19509032 0,-0.98078528 0.19509032 0,
  -0.98078528 0.19509032 0,-0.98078528 0.19509032 0,
  -0.98078528 0.19509032 0,-0.98078528 0.19509032 0,
  -0.83146961 0.55557023 0,-0.83146961 0.55557023 0,
  -0.83146961 0.55557023 0,-0.83146961 0.55557023 0,
  -0.83146961 0.55557023 0,-0.83146961 0.55557023 0,
  -0.55557023 0.83146961 0,-0.55557023 0.83146961 0,
  -0.55557023 0.83146961 0,-0.55557023 0.83146961 0,
  -0.55557023 0.83146961 0,-0.55557023 0.83146961 0,
  -0.19509032 0.98078528 0,-0.19509032 0.98078528 0,
  -0.19509032 0.98078528 0,-0.19509032 0.98078528 0,
  -0.19509032 0.98078528 0,-0.19509032 0.98078528 0,
  0.19509032 0.98078528 0,0.19509032 0.98078528 0,
  0.19509032 0.98078528 0,0.19509032 0.98078528 0,
  0.19509032 0.98078528 0,0.19509032 0.98078528 0,
  0.55557023 0.83146961 0,0.55557023 0.83146961 0,
  0.55557023 0.83146961 0,0.55557023 0.83146961 0,
  0.55557023 0.83146961 0,0.55557023 0.83146961 0,
  0.83146961 0.55557023 0,0.83146961 0.55557023 0,
  0.83146961 0.55557023 0,0.83146961 0.55557023 0,
  0.83146961 0.55557023 0,0.83146961 0.55557023 0,
  0.98078528 0.19509032 0,0.98078528 0.19509032 0,
  0.98078528 0.19509032 0,0.98078528 0.19509032 0,
  0.98078528 0.19509032 0,0.98078528 0.19509032 0,
  -1 0 0,-1 0 0,
  -1 0 0,-1 0 0,
  -1 0 0,-1 0 0,
  0 -1 0,0 -1 0,
  0 -1 0,0 -1 0,
  0 -1 0,0 -1 0,
  1 0 0,1 0 0,
  1 0 0,1 0 0,
  1 0 0,1 0 0,
  0.70710678 0.70710678 0,0.70710678 0.70710678 0,
  0.70710678 0.70710678 0,0.70710678 0.70710678 0,
  0.70710678 0.70710678 0,0.70710678 0.70710678 0,
  0 1 0,0 1 0,
  0 1 0,0 1 0,
  0 1 0,0 1 0,
  -0.70710678 0.70710678 0,-0.70710678 0.70710678 0,
  -0.70710678 0.70710678 0,-0.70710678 0.70710678 0,
  -0.70710678 0.70710678 0,-0.70710678 0.70710678 0,
  0.98078528 -0.19509032 0,0.98078528 -0.19509032 0,
  0.98078528 -0.19509032 0,0.98078528 -0.19509032 0,
  0.98078528 -0.19509032 0,0.98078528 -0.19509032 0,
  0.83146961 -0.55557023 0,0.83146961 -0.55557023 0,
  0.83146961 -0.55557023 0,0.83146961 -0.55557023 0,
  0.83146961 -0.55557023 0,0.83146961 -0.55557023 0,
  0.55557023 -0.83146961 0,0.55557023 -0.83146961 0,
  0.55557023 -0.83146961 0,0.55557023 -0.83146961 0,
  0.55557023 -0.83146961 0,0.55557023 -0.83146961 0,
  0.19509032 -0.98078528 0,0.19509032 -0.98078528 0,
  0.19509032 -0.98078528 0,0.19509032 -0.98078528 0,
  0.19509032 -0.98078528 0,0.19509032 -0.98078528 0,
  -0.19509032 -0.98078528 0,-0.19509032 -0.98078528 0,
  -0.19509032 -0.98078528 0,-0.19509032 -0.98078528 0,
  -0.19509032 -0.98078528 0,-0.19509032 -0.98078528 0,
  -0.55557023 -0.83146961 0,-0.55557023 -0.83146961 0,
  -0.55557023 -0.83146961 0,-0.55557023 -0.83146961 0,
  -0.55557023 -0.83146961 0,-0.55557023 -0.83146961 0,
  -0.83146961 -0.55557023 0,-0.83146961 -0.55557023 0,
  -0.83146961 -0.55557023 0,-0.83146961 -0.55557023 0,
  -0.83146961 -0.55557023 0,-0.83146961 -0.55557023 0,
  -0.98078528 -0.19509032 0,-0.98078528 -0.19509032 0,
  -0.98078528 -0.19509032 0,-0.98078528 -0.19509032 0,
  -0.98078528 -0.19509032 0,-0.98078528 -0.19509032 0,
  -0.98078528 0.19509032 0,-0.98078528 0.19509032 0,
  -0.98078528 0.19509032 0,-0.98078528 0.19509032 0,
  -0.98078528 0.19509032 0,-0.98078528 0.19509032 0,
  -0.83146961 0.55557023 0,-0.83146961 0.55557023 0,
  -0.83146961 0.55557023 0,-0.83146961 0.55557023 0,
  -0.83146961 0.55557023 0,-0.83146961 0.55557023 0,
  -0.55557023 0.83146961 0,-0.55557023 0.83146961 0,
  -0.55557023 0.83146961 0,-0.55557023 0.83146961 0,
  -0.55557023 0.83146961 0,-0.55557023 0.83146961 0,
  -0.19509032 0.98078528 0,-0.19509032 0.98078528 0,
  -0.19509032 0.98078528 0,-0.19509032 0.98078528 0,
  -0.19509032 0.98078528 0,-0.19509032 0.98078528 0,
  0.19509032 0.98078528 0,0.19509032 0.98078528 0,
  0.19509032 0.98078528 0,0.19509032 0.98078528 0,
  0.19509032 0.98078528 0,0.19509032 0.98078528 0,
  0.55557023 0.83146961 0,0.55557023 0.83146961 0,
  0.55557023 0.83146961 0,0.55557023 0.83146961 0,
  0.55557023 0.83146961 0,0.55557023 0.83146961 0,
  0.83146961 0.55557023 0,0.83146961 0.55557023 0,
  0.83146961 0.55557023 0,0.83146961 0.55557023 0,
  0.83146961 0.55557023 0,0.83146961 0.55557023 0,
  0.98078528 0.19509032 0,0.98078528 0.19509032 0,
  0.98078528 0.19509032 0,0.98078528 0.19509032 0,
  0.98078528 0.19509032 0,0.98078528 0.19509032 0,
  -0.98078528 0.19509032 0,-0.98078528 0.19509032 0,
  -0.98078528 0.19509032 0,-0.98078528 0.19509032 0,
  -0.98078528 0.19509032 0,-0.98078528 0.19509032 0,
  -0.83146961 0.55557023 0,-0.83146961 0.55557023 0,
  -0.83146961 0.55557023 0,-0.83146961 0.55557023 0,
  -0.83146961 0.55557023 0,-0.83146961 0.55557023 0,
  -0.55557023 0.83146961 0,-0.55557023 0.83146961 0,
  -0.55557023 0.83146961 0,-0.55557023 0.83146961 0,
  -0.55557023 0.83146961 0,-0.55557023 0.83146961 0,
  -0.19509032 0.98078528 0,-0.19509032 0.98078528 0,
  -0.19509032 0.98078528 0,-0.19509032 0.98078528 0,
  -0.19509032 0.98078528 0,-0.19509032 0.98078528 0,
  0.19509032 0.98078528 0,0.19509032 0.98078528 0,
  0.19509032 0.98078528 0,0.19509032 0.98078528 0,
  0.19509032 0.98078528 0,0.19509032 0.98078528 0,
  0.55557023 0.83146961 0,0.55557023 0.83146961 0,
  0.55557023 0.83146961 0,0.55557023 0.83146961 0,
  0.55557023 0.83146961 0,0.55557023 0.83146961 0,
  0.83146961 0.55557023 0,0.83146961 0.55557023 0,
  0.83146961 0.55557023 0,0.83146961 0.55557023 0,
  0.83146961 0.55557023 0,0.83146961 0.55557023 0,
  0.98078528 0.19509032 0,0.98078528 0.19509032 0,
  0.98078528 0.19509032 0,0.98078528 0.19509032 0,
  0.98078528 0.19509032 0,0.98078528 0.19509032 0,
  0.98078528 -0.19509032 0,0.98078528 -0.19509032 0,
  0.98078528 -0.19509032 0,0.98078528 -0.19509032 0,
  0.98078528 -0.19509032 0,0.98078528 -0.19509032 0,
  0.83146961 -0.55557023 0,0.83146961 -0.55557023 0,
  0.83146961 -0.55557023 0,0.83146961 -0.55557023 0,
  0.83146961 -0.55557023 0,0.83146961 -0.55557023 0,
  0.55557023 -0.83146961 0,0.55557023 -0.83146961 0,
  0.55557023 -0.83146961 0,0.55557023 -0.83146961 0,
  0.55557023 -0.83146961 0,0.55557023 -0.83146961 0,
  0.19509032 -0.98078528 0,0.19509032 -0.98078528 0,
  0.19509032 -0.98078528 0,0.19509032 -0.98078528 0,
  0.19509032 -0.98078528 0,0.19509032 -0.98078528 0,
  -0.19509032 -0.98078528 0,-0.19509032 -0.98078528 0,
  -0.19509032 -0.98078528 0,-0.19509032 -0.98078528 0,
  -0.19509032 -0.98078528 0,-0.19509032 -0.98078528 0,
  -0.55557023 -0.83146961 0,-0.55557023 -0.83146961 0,
  -0.55557023 -0.83146961 0,-0.55557023 -0.83146961 0,
  -0.55557023 -0.83146961 0,-0.55557023 -0.83146961 0,
  -0.83146961 -0.55557023 0,-0.83146961 -0.55557023 0,
  -0.83146961 -0.55557023 0,-0.83146961 -0.55557023 0,
  -0.83146961 -0.55557023 0,-0.83146961 -0.55557023 0,
  -0.98078528 -0.19509032 0,-0.98078528 -0.19509032 0,
  -0.98078528 -0.19509032 0,-0.98078528 -0.19509032 0,
  -0.98078528 -0.19509032 0,-0.98078528 -0.19509032 0,
  -0.98078528 0.19509032 0,-0.98078528 0.19509032 0,
  -0.98078528 0.19509032 0,-0.98078528 0.19509032 0,
  -0.98078528 0.19509032 0,-0.98078528 0.19509032 0,
  -0.83146961 0.55557023 0,-0.83146961 0.55557023 0,
  -0.83146961 0.55557023 0,-0.83146961 0.55557023 0,
  -0.83146961 0.55557023 0,-0.83146961 0.55557023 0,
  -0.55557023 0.83146961 0,-0.55557023 0.83146961 0,
  -0.55557023 0.83146961 0,-0.55557023 0.83146961 0,
  -0.55557023 0.83146961 0,-0.55557023 0.83146961 0,
  -0.19509032 0.98078528 0,-0.19509032 0.98078528 0,
  -0.19509032 0.98078528 0,-0.19509032 0.98078528 0,
  -0.19509032 0.98078528 0,-0.19509032 0.98078528 0,
  0.19509032 0.98078528 0,0.19509032 0.98078528 0,
  0.19509032 0.98078528 0,0.19509032 0.98078528 0,
  0.19509032 0.98078528 0,0.19509032 0.98078528 0,
  0.55557023 0.83146961 0,0.55557023 0.83146961 0,
  0.55557023 0.83146961 0,0.55557023 0.83146961 0,
  0.55557023 0.83146961 0,0.55557023 0.83146961 0,
  0.83146961 0.55557023 0,0.83146961 0.55557023 0,
  0.83146961 0.55557023 0,0.83146961 0.55557023 0,
  0.83146961 0.55557023 0,0.83146961 0.55557023 0,
  0.98078528 0.19509032 0,0.98078528 0.19509032 0,
  0.98078528 0.19509032 0,0.98078528 0.19509032 0,
  0.98078528 0.19509032 0,0.98078528 0.19509032 0,
  0.98078528 -0.19509032 0,0.98078528 -0.19509032 0,
  0.98078528 -0.19509032 0,0.98078528 -0.19509032 0,
  0.98078528 -0.19509032 0,0.98078528 -0.19509032 0,
  0.83146961 -0.55557023 0,0.83146961 -0.55557023 0,
  0.83146961 -0.55557023 0,0.83146961 -0.55557023 0,
  0.83146961 -0.55557023 0,0.83146961 -0.55557023 0,
  0.55557023 -0.83146961 0,0.55557023 -0.83146961 0,
  0.55557023 -0.83146961 0,0.55557023 -0.83146961 0,
  0.55557023 -0.83146961 0,0.55557023 -0.83146961 0,
  0.19509032 -0.98078528 0,0.19509032 -0.98078528 0,
  0.19509032 -0.98078528 0,0.19509032 -0.98078528 0,
  0.19509032 -0.98078528 0,0.19509032 -0.98078528 0,
  -0.19509032 -0.98078528 0,-0.19509032 -0.98078528 0,
  -0.19509032 -0.98078528 0,-0.19509032 -0.98078528 0,
  -0.19509032 -0.98078528 0,-0.19509032 -0.98078528 0,
  -0.55557023 -0.83146961 0,-0.55557023 -0.83146961 0,
  -0.55557023 -0.83146961 0,-0.55557023 -0.83146961 0,
  -0.55557023 -0.83146961 0,-0.55557023 -0.83146961 0,
  -0.83146961 -0.55557023 0,-0.83146961 -0.55557023 0,
  -0.83146961 -0.55557023 0,-0.83146961 -0.55557023 0,
  -0.83146961 -0.55557023 0,-0.83146961 -0.55557023 0,
  -0.98078528 -0.19509032 0,-0.98078528 -0.19509032 0,
  -0.98078528 -0.19509032 0,-0.98078528 -0.19509032 0,
  -0.98078528 -0.19509032 0,-0.98078528 -0.19509032 0,
  -0.98078528 0.19509032 0,-0.98078528 0.19509032 0,
  -0.98078528 0.19509032 0,-0.98078528 0.19509032 0,
  -0.98078528 0.19509032 0,-0.98078528 0.19509032 0,
  -0.83146961 0.55557023 0,-0.83146961 0.55557023 0,
  -0.83146961 0.55557023 0,-0.83146961 0.55557023 0,
  -0.83146961 0.55557023 0,-0.83146961 0.55557023 0,
  -0.55557023 0.83146961 0,-0.55557023 0.83146961 0,
  -0.55557023 0.83146961 0,-0.55557023 0.83146961 0,
  -0.55557023 0.83146961 0,-0.55557023 0.83146961 0,
  -0.19509032 0.98078528 0,-0.19509032 0.98078528 0,
  -0.19509032 0.98078528 0,-0.19509032 0.98078528 0,
  -0.19509032 0.98078528 0,-0.19509032 0.98078528 0,
  0.19509032 0.98078528 0,0.19509032 0.98078528 0,
  0.19509032 0.98078528 0,0.19509032 0.98078528 0,
  0.19509032 0.98078528 0,0.19509032 0.98078528 0,
  0.55557023 0.83146961 0,0.55557023 0.83146961 0,
  0.55557023 0.83146961 0,0.55557023 0.83146961 0,
  0.55557023 0.83146961 0,0.55557023 0.83146961 0,
  0.83146961 0.55557023 0,0.83146961 0.55557023 0,
  0.83146961 0.55557023 0,0.83146961 0.55557023 0,
  0.83146961 0.55557023 0,0.83146961 0.55557023 0,
  0.98078528 0.19509032 0,0.98078528 0.19509032 0,
  0.98078528 0.19509032 0,0.98078528 0.19509032 0,
  0.98078528 0.19509032 0,0.98078528 0.19509032 0,
  0.98078528 -0.19509032 0,0.98078528 -0.19509032 0,
  0.98078528 -0.19509032 0,0.98078528 -0.19509032 0,
  0.98078528 -0.19509032 0,0.98078528 -0.19509032 0,
  0.83146961 -0.55557023 0,0.83146961 -0.55557023 0,
  0.83146961 -0.55557023 0,0.83146961 -0.55557023 0,
  0.83146961 -0.55557023 0,0.83146961 -0.55557023 0,
  0.55557023 -0.83146961 0,0.55557023 -0.83146961 0,
  0.55557023 -0.83146961 0,0.55557023 -0.83146961 0,
  0.55557023 -0.83146961 0,0.55557023 -0.83146961 0,
  0.19509032 -0.98078528 0,0.19509032 -0.98078528 0,
  0.19509032 -0.98078528 0,0.19509032 -0.98078528 0,
  0.19509032 -0.98078528 0,0.19509032 -0.98078528 0,
  -0.19509032 -0.98078528 0,-0.19509032 -0.98078528 0,
  -0.19509032 -0.98078528 0,-0.19509032 -0.98078528 0,
  -0.19509032 -0.98078528 0,-0.19509032 -0.98078528 0,
  -0.55557023 -0.83146961 0,-0.55557023 -0.83146961 0,
  -0.55557023 -0.83146961 0,-0.55557023 -0.83146961 0,
  -0.55557023 -0.83146961 0,-0.55557023 -0.83146961 0,
  -0.83146961 -0.55557023 0,-0.83146961 -0.55557023 0,
  -0.83146961 -0.55557023 0,-0.83146961 -0.55557023 0,
  -0.83146961 -0.55557023 0,-0.83146961 -0.55557023 0,
  -0.98078528 -0.19509032 0,-0.98078528 -0.19509032 0,
  -0.98078528 -0.19509032 0,-0.98078528 -0.19509032 0,
  -0.98078528 -0.19509032 0,-0.98078528 -0.19509032 0,
  -0.98078528 0.19509032 0,-0.98078528 0.19509032 0,
  -0.98078528 0.19509032 0,-0.98078528 0.19509032 0,
  -0.98078528 0.19509032 0,-0.98078528 0.19509032 0,
  -0.83146961 0.55557023 0,-0.83146961 0.55557023 0,
  -0.83146961 0.55557023 0,-0.83146961 0.55557023 0,
  -0.83146961 0.55557023 0,-0.83146961 0.55557023 0,
  -0.55557023 0.83146961 0,-0.55557023 0.83146961 0,
  -0.55557023 0.83146961 0,-0.55557023 0.83146961 0,
  -0.55557023 0.83146961 0,-0.55557023 0.83146961 0,
  -0.19509032 0.98078528 0,-0.19509032 0.98078528 0,
  -0.19509032 0.98078528 0,-0.19509032 0.98078528 0,
  -0.19509032 0.98078528 0,-0.19509032 0.98078528 0,
  0.19509032 0.98078528 0,0.19509032 0.98078528 0,
  0.19509032 0.98078528 0,0.19509032 0.98078528 0,
  0.19509032 0.98078528 0,0.19509032 0.98078528 0,
  0.55557023 0.83146961 0,0.55557023 0.83146961 0,
  0.55557023 0.83146961 0,0.55557023 0.83146961 0,
  0.55557023 0.83146961 0,0.55557023 0.83146961 0,
  0.83146961 0.55557023 0,0.83146961 0.55557023 0,
  0.83146961 0.55557023 0,0.83146961 0.55557023 0,
  0.83146961 0.55557023 0,0.83146961 0.55557023 0,
  0.98078528 0.19509032 0,0.98078528 0.19509032 0,
  0.98078528 0.19509032 0,0.98078528 0.19509032 0,
  0.98078528 0.19509032 0,0.98078528 0.19509032 0,
  0.98078528 -0.19509032 0,0.98078528 -0.19509032 0,
  0.98078528 -0.19509032 0,0.98078528 -0.19509032 0,
  0.98078528 -0.19509032 0,0.98078528 -0.19509032 0,
  0.83146961 -0.55557023 0,0.83146961 -0.55557023 0,
  0.83146961 -0.55557023 0,0.83146961 -0.55557023 0,
  0.83146961 -0.55557023 0,0.83146961 -0.55557023 0,
  0.55557023 -0.83146961 0,0.55557023 -0.83146961 0,
  0.55557023 -0.83146961 0,0.55557023 -0.83146961 0,
  0.55557023 -0.83146961 0,0.55557023 -0.83146961 0,
  0.19509032 -0.98078528 0,0.19509032 -0.98078528 0,
  0.19509032 -0.98078528 0,0.19509032 -0.98078528 0,
  0.19509032 -0.98078528 0,0.19509032 -0.98078528 0,
  -0.19509032 -0.98078528 0,-0.19509032 -0.98078528 0,
  -0.19509032 -0.98078528 0,-0.19509032 -0.98078528 0,
  -0.19509032 -0.98078528 0,-0.19509032 -0.98078528 0,
  -0.55557023 -0.83146961 0,-0.55557023 -0.83146961 0,
  -0.55557023 -0.83146961 0,-0.55557023 -0.83146961 0,
  -0.55557023 -0.83146961 0,-0.55557023 -0.83146961 0,
  -0.83146961 -0.55557023 0,-0.83146961 -0.55557023 0,
  -0.83146961 -0.55557023 0,-0.83146961 -0.55557023 0,
  -0.83146961 -0.55557023 0,-0.83146961 -0.55557023 0,
  -0.98078528 -0.19509032 0,-0.98078528 -0.19509032 0,
  -0.98078528 -0.19509032 0,-0.98078528 -0.19509032 0,
  -0.98078528 -0.19509032 0,-0.98078528 -0.19509032 0,
  -0.98078528 0.19509032 0,-0.98078528 0.19509032 0,
  -0.98078528 0.19509032 0,-0.98078528 0.19509032 0,
  -0.98078528 0.19509032 0,-0.98078528 0.19509032 0,
  -0.83146961 0.55557023 0,-0.83146961 0.55557023 0,
  -0.83146961 0.55557023 0,-0.83146961 0.55557023 0,
  -0.83146961 0.55557023 0,-0.83146961 0.55557023 0,
  -0.55557023 0.83146961 0,-0.55557023 0.83146961 0,
  -0.55557023 0.83146961 0,-0.55557023 0.83146961 0,
  -0.55557023 0.83146961 0,-0.55557023 0.83146961 0,
  -0.19509032 0.98078528 0,-0.19509032 0.98078528 0,
  -0.19509032 0.98078528 0,-0.19509032 0.98078528 0,
  -0.19509032 0.98078528 0,-0.19509032 0.98078528 0,
  0.19509032 0.98078528 0,0.19509032 0.98078528 0,
  0.19509032 0.98078528 0,0.19509032 0.98078528 0,
  0.19509032 0.98078528 0,0.19509032 0.98078528 0,
  0.55557023 0.83146961 0,0.55557023 0.83146961 0,
  0.55557023 0.83146961 0,0.55557023 0.83146961 0,
  0.55557023 0.83146961 0,0.55557023 0.83146961 0,
  0.83146961 0.55557023 0,0.83146961 0.55557023 0,
  0.83146961 0.55557023 0,0.83146961 0.55557023 0,
  0.83146961 0.55557023 0,0.83146961 0.55557023 0,
  0.98078528 0.19509032 0,0.98078528 0.19509032 0,
  0.98078528 0.19509032 0,0.98078528 0.19509032 0,
  0.98078528 0.19509032 0,0.98078528 0.19509032 0,
  0.98078528 -0.19509032 0,0.98078528 -0.19509032 0,
  0.98078528 -0.19509032 0,0.98078528 -0.19509032 0,
  0.98078528 -0.19509032 0,0.98078528 -0.19509032 0,
  0.83146961 -0.55557023 0,0.83146961 -0.55557023 0,
  0.83146961 -0.55557023 0,0.83146961 -0.55557023 0,
  0.83146961 -0.55557023 0,0.83146961 -0.55557023 0,
  0.55557023 -0.83146961 0,0.55557023 -0.83146961 0,
  0.55557023 -0.83146961 0,0.55557023 -0.83146961 0,
  0.55557023 -0.83146961 0,0.55557023 -0.83146961 0,
  0.19509032 -0.98078528 0,0.19509032 -0.98078528 0,
  0.19509032 -0.98078528 0,0.19509032 -0.98078528 0,
  0.19509032 -0.98078528 0,0.19509032 -0.98078528 0,
  -0.19509032 -0.98078528 0,-0.19509032 -0.98078528 0,
  -0.19509032 -0.98078528 0,-0.19509032 -0.98078528 0,
  -0.19509032 -0.98078528 0,-0.19509032 -0.98078528 0,
  -0.55557023 -0.83146961 0,-0.55557023 -0.83146961 0,
  -0.55557023 -0.83146961 0,-0.55557023 -0.83146961 0,
  -0.55557023 -0.83146961 0,-0.55557023 -0.83146961 0,
  -0.83146961 -0.55557023 0,-0.83146961 -0.55557023 0,
  -0.83146961 -0.55557023 0,-0.83146961 -0.55557023 0,
  -0.83146961 -0.55557023 0,-0.83146961 -0.55557023 0,
  -0.98078528 -0.19509032 0,-0.98078528 -0.19509032 0,
  -0.98078528 -0.19509032 0,-0.98078528 -0.19509032 0,
  -0.98078528 -0.19509032 0,-0.98078528 -0.19509032 0,
  -0.98078528 0.19509032 0,-0.98078528 0.19509032 0,
  -0.98078528 0.19509032 0,-0.98078528 0.19509032 0,
  -0.98078528 0.19509032 0,-0.98078528 0.19509032 0,
  -0.83146961 0.55557023 0,-0.83146961 0.55557023 0,
  -0.83146961 0.55557023 0,-0.83146961 0.55557023 0,
  -0.83146961 0.55557023 0,-0.83146961 0.55557023 0,
  -0.55557023 0.83146961 0,-0.55557023 0.83146961 0,
  -0.55557023 0.83146961 0,-0.55557023 0.83146961 0,
  -0.55557023 0.83146961 0,-0.55557023 0.83146961 0,
  -0.19509032 0.98078528 0,-0.19509032 0.98078528 0,
  -0.19509032 0.98078528 0,-0.19509032 0.98078528 0,
  -0.19509032 0.98078528 0,-0.19509032 0.98078528 0,
  0.19509032 0.98078528 0,0.19509032 0.98078528 0,
  0.19509032 0.98078528 0,0.19509032 0.98078528 0,
  0.19509032 0.98078528 0,0.19509032 0.98078528 0,
  0.55557023 0.83146961 0,0.55557023 0.83146961 0,
  0.55557023 0.83146961 0,0.55557023 0.83146961 0,
  0.55557023 0.83146961 0,0.55557023 0.83146961 0,
  0.83146961 0.55557023 0,0.83146961 0.55557023 0,
  0.83146961 0.55557023 0,0.83146961 0.55557023 0,
  0.83146961 0.55557023 0,0.83146961 0.55557023 0,
  0.98078528 0.19509032 0,0.98078528 0.19509032 0,
  0.98078528 0.19509032 0,0.98078528 0.19509032 0,
  0.98078528 0.19509032 0,0.98078528 0.19509032 0,
  0.98078528 -0.19509032 0,0.98078528 -0.19509032 0,
  0.98078528 -0.19509032 0,0.98078528 -0.19509032 0,
  0.98078528 -0.19509032 0,0.98078528 -0.19509032 0,
  0.83146961 -0.55557023 0,0.83146961 -0.55557023 0,
  0.83146961 -0.55557023 0,0.83146961 -0.55557023 0,
  0.83146961 -0.55557023 0,0.83146961 -0.55557023 0,
  0.55557023 -0.83146961 0,0.55557023 -0.83146961 0,
  0.55557023 -0.83146961 0,0.55557023 -0.83146961 0,
  0.55557023 -0.83146961 0,0.55557023 -0.83146961 0,
  0.19509032 -0.98078528 0,0.19509032 -0.98078528 0,
  0.19509032 -0.98078528 0,0.19509032 -0.98078528 0,
  0.19509032 -0.98078528 0,0.19509032 -0.98078528 0,
  -0.19509032 -0.98078528 0,-0.19509032 -0.98078528 0,
  -0.19509032 -0.98078528 0,-0.19509032 -0.98078528 0,
  -0.19509032 -0.98078528 0,-0.19509032 -0.98078528 0,
  -0.55557023 -0.83146961 0,-0.55557023 -0.83146961 0,
  -0.55557023 -0.83146961 0,-0.55557023 -0.83146961 0,
  -0.55557023 -0.83146961 0,-0.55557023 -0.83146961 0,
  -0.83146961 -0.55557023 0,-0.83146961 -0.55557023 0,
  -0.83146961 -0.55557023 0,-0.83146961 -0.55557023 0,
  -0.83146961 -0.55557023 0,-0.83146961 -0.55557023 0,
  -0.98078528 -0.19509032 0,-0.98078528 -0.19509032 0,
  -0.98078528 -0.19509032 0,-0.98078528 -0.19509032 0,
  -0.98078528 -0.19509032 0,-0.98078528 -0.19509032 0,
  -0.98078528 0.19509032 0,-0.98078528 0.19509032 0,
  -0.98078528 0.19509032 0,-0.98078528 0.19509032 0,
  -0.98078528 0.19509032 0,-0.98078528 0.19509032 0,
  -0.83146961 0.55557023 0,-0.83146961 0.55557023 0,
  -0.83146961 0.55557023 0,-0.83146961 0.55557023 0,
  -0.83146961 0.55557023 0,-0.83146961 0.55557023 0,
  -0.55557023 0.83146961 0,-0.55557023 0.83146961 0,
  -0.55557023 0.83146961 0,-0.55557023 0.83146961 0,
  -0.55557023 0.83146961 0,-0.55557023 0.83146961 0,
  -0.19509032 0.98078528 0,-0.19509032 0.98078528 0,
  -0.19509032 0.98078528 0,-0.19509032 0.98078528 0,
  -0.19509032 0.98078528 0,-0.19509032 0.98078528 0,
  0.19509032 0.98078528 0,0.19509032 0.98078528 0,
  0.19509032 0.98078528 0,0.19509032 0.98078528 0,
  0.19509032 0.98078528 0,0.19509032 0.98078528 0,
  0.55557023 0.83146961 0,0.55557023 0.83146961 0,
  0.55557023 0.83146961 0,0.55557023 0.83146961 0,
  0.55557023 0.83146961 0,0.55557023 0.83146961 0,
  0.83146961 0.55557023 0,0.83146961 0.55557023 0,
  0.83146961 0.55557023 0,0.83146961 0.55557023 0,
  0.83146961 0.55557023 0,0.83146961 0.55557023 0,
  0.98078528 0.19509032 0,0.98078528 0.19509032 0,
  0.98078528 0.19509032 0,0.98078528 0.19509032 0,
  0.98078528 0.19509032 0,0.98078528 0.19509032 0,
  0.98078528 -0.19509032 0,0.98078528 -0.19509032 0,
  0.98078528 -0.19509032 0,0.98078528 -0.19509032 0,
  0.98078528 -0.19509032 0,0.98078528 -0.19509032 0,
  0.83146961 -0.55557023 0,0.83146961 -0.55557023 0,
  0.83146961 -0.55557023 0,0.83146961 -0.55557023 0,
  0.83146961 -0.55557023 0,0.83146961 -0.55557023 0,
  0.55557023 -0.83146961 0,0.55557023 -0.83146961 0,
  0.55557023 -0.83146961 0,0.55557023 -0.83146961 0,
  0.55557023 -0.83146961 0,0.55557023 -0.83146961 0,
  0.19509032 -0.98078528 0,0.19509032 -0.98078528 0,
  0.19509032 -0.98078528 0,0.19509032 -0.98078528 0,
  0.19509032 -0.98078528 0,0.19509032 -0.98078528 0,
  -0.19509032 -0.98078528 0,-0.19509032 -0.98078528 0,
  -0.19509032 -0.98078528 0,-0.19509032 -0.98078528 0,
  -0.19509032 -0.98078528 0,-0.19509032 -0.98078528 0,
  -0.55557023 -0.83146961 0,-0.55557023 -0.83146961 0,
  -0.55557023 -0.83146961 0,-0.55557023 -0.83146961 0,
  -0.55557023 -0.83146961 0,-0.55557023 -0.83146961 0,
  -0.83146961 -0.55557023 0,-0.83146961 -0.55557023 0,
  -0.83146961 -0.55557023 0,-0.83146961 -0.55557023 0,
  -0.83146961 -0.55557023 0,-0.83146961 -0.55557023 0,
  -0.98078528 -0.19509032 0,-0.98078528 -0.19509032 0,
  -0.98078528 -0.19509032 0,-0.98078528 -0.19509032 0,
  -0.98078528 -0.19509032 0,-0.98078528 -0.19509032 0,
  -0.98078528 0.19509032 0,-0.98078528 0.19509032 0,
  -0.98078528 0.19509032 0,-0.98078528 0.19509032 0,
  -0.98078528 0.19509032 0,-0.98078528 0.19509032 0,
  -0.83146961 0.55557023 0,-0.83146961 0.55557023 0,
  -0.83146961 0.55557023 0,-0.83146961 0.55557023 0,
  -0.83146961 0.55557023 0,-0.83146961 0.55557023 0,
  -0.55557023 0.83146961 0,-0.55557023 0.83146961 0,
  -0.55557023 0.83146961 0,-0.55557023 0.83146961 0,
  -0.55557023 0.83146961 0,-0.55557023 0.83146961 0,
  -0.19509032 0.98078528 0,-0.19509032 0.98078528 0,
  -0.19509032 0.98078528 0,-0.19509032 0.98078528 0,
  -0.19509032 0.98078528 0,-0.19509032 0.98078528 0,
  0.19509032 0.98078528 0,0.19509032 0.98078528 0,
  0.19509032 0.98078528 0,0.19509032 0.98078528 0,
  0.19509032 0.98078528 0,0.19509032 0.98078528 0,
  0.55557023 0.83146961 0,0.55557023 0.83146961 0,
  0.55557023 0.83146961 0,0.55557023 0.83146961 0,
  0.55557023 0.83146961 0,0.55557023 0.83146961 0,
  0.83146961 0.55557023 0,0.83146961 0.55557023 0,
  0.83146961 0.55557023 0,0.83146961 0.55557023 0,
  0.83146961 0.55557023 0,0.83146961 0.55557023 0,
  0.98078528 0.19509032 0,0.98078528 0.19509032 0,
  0.98078528 0.19509032 0,0.98078528 0.19509032 0,
  0.98078528 0.19509032 0,0.98078528 0.19509032 0,
  0.98078528 -0.19509032 0,0.98078528 -0.19509032 0,
  0.98078528 -0.19509032 0,0.98078528 -0.19509032 0,
  0.98078528 -0.19509032 0,0.98078528 -0.19509032 0,
  0.83146961 -0.55557023 0,0.83146961 -0.55557023 0,
  0.83146961 -0.55557023 0,0.83146961 -0.55557023 0,
  0.83146961 -0.55557023 0,0.83146961 -0.55557023 0,
  0.55557023 -0.83146961 0,0.55557023 -0.83146961 0,
  0.55557023 -0.83146961 0,0.55557023 -0.83146961 0,
  0.55557023 -0.83146961 0,0.55557023 -0.83146961 0,
  0.19509032 -0.98078528 0,0.19509032 -0.98078528 0,
  0.19509032 -0.98078528 0,0.19509032 -0.98078528 0,
  0.19509032 -0.98078528 0,0.19509032 -0.98078528 0,
  -0.19509032 -0.98078528 0,-0.19509032 -0.98078528 0,
  -0.19509032 -0.98078528 0,-0.19509032 -0.98078528 0,
  -0.19509032 -0.98078528 0,-0.19509032 -0.98078528 0,
  -0.55557023 -0.83146961 0,-0.55557023 -0.83146961 0,
  -0.55557023 -0.83146961 0,-0.55557023 -0.83146961 0,
  -0.55557023 -0.83146961 0,-0.55557023 -0.83146961 0,
  -0.83146961 -0.55557023 0,-0.83146961 -0.55557023 0,
  -0.83146961 -0.55557023 0,-0.83146961 -0.55557023 0,
  -0.83146961 -0.55557023 0,-0.83146961 -0.55557023 0,
  -0.98078528 -0.19509032 0,-0.98078528 -0.19509032 0,
  -0.98078528 -0.19509032 0,-0.98078528 -0.19509032 0,
  -0.98078528 -0.19509032 0,-0.98078528 -0.19509032 0,
  -0.98078528 0.19509032 0,-0.98078528 0.19509032 0,
  -0.98078528 0.19509032 0,-0.98078528 0.19509032 0,
  -0.98078528 0.19509032 0,-0.98078528 0.19509032 0,
  -0.83146961 0.55557023 0,-0.83146961 0.55557023 0,
  -0.83146961 0.55557023 0,-0.83146961 0.55557023 0,
  -0.83146961 0.55557023 0,-0.83146961 0.55557023 0,
  -0.55557023 0.83146961 0,-0.55557023 0.83146961 0,
  -0.55557023 0.83146961 0,-0.55557023 0.83146961 0,
  -0.55557023 0.83146961 0,-0.55557023 0.83146961 0,
  -0.19509032 0.98078528 0,-0.19509032 0.98078528 0,
  -0.19509032 0.98078528 0,-0.19509032 0.98078528 0,
  -0.19509032 0.98078528 0,-0.19509032 0.98078528 0,
  0.19509032 0.98078528 0,0.19509032 0.98078528 0,
  0.19509032 0.98078528 0,0.19509032 0.98078528 0,
  0.19509032 0.98078528 0,0.19509032 0.98078528 0,
  0.55557023 0.83146961 0,0.55557023 0.83146961 0,
  0.55557023 0.83146961 0,0.55557023 0.83146961 0,
  0.55557023 0.83146961 0,0.55557023 0.83146961 0,
  0.83146961 0.55557023 0,0.83146961 0.55557023 0,
  0.83146961 0.55557023 0,0.83146961 0.55557023 0,
  0.83146961 0.55557023 0,0.83146961 0.55557023 0,
  0.98078528 0.19509032 0,0.98078528 0.19509032 0,
  0.98078528 0.19509032 0,0.98078528 0.19509032 0,
  0.98078528 0.19509032 0,0.98078528 0.19509032 0,
  0.98078528 -0.19509032 0,0.98078528 -0.19509032 0,
  0.98078528 -0.19509032 0,0.98078528 -0.19509032 0,
  0.98078528 -0.19509032 0,0.98078528 -0.19509032 0,
  0.83146961 -0.55557023 0,0.83146961 -0.55557023 0,
  0.83146961 -0.55557023 0,0.83146961 -0.55557023 0,
  0.83146961 -0.55557023 0,0.83146961 -0.55557023 0,
  0.55557023 -0.83146961 0,0.55557023 -0.83146961 0,
  0.55557023 -0.83146961 0,0.55557023 -0.83146961 0,
  0.55557023 -0.83146961 0,0.55557023 -0.83146961 0,
  0.19509032 -0.98078528 0,0.19509032 -0.98078528 0,
  0.19509032 -0.98078528 0,0.19509032 -0.98078528 0,
  0.19509032 -0.98078528 0,0.19509032 -0.98078528 0,
  -0.19509032 -0.98078528 0,-0.19509032 -0.98078528 0,
  -0.19509032 -0.98078528 0,-0.19509032 -0.98078528 0,
  -0.19509032 -0.98078528 0,-0.19509032 -0.98078528 0,
  -0.55557023 -0.83146961 0,-0.55557023 -0.83146961 0,
  -0.55557023 -0.83146961 0,-0.55557023 -0.83146961 0,
  -0.55557023 -0.83146961 0,-0.55557023 -0.83146961 0,
  -0.83146961 -0.55557023 0,-0.83146961 -0.55557023 0,
  -0.83146961 -0.55557023 0,-0.83146961 -0.55557023 0,
  -0.83146961 -0.55557023 0,-0.83146961 -0.55557023 0,
  -0.98078528 -0.19509032 0,-0.98078528 -0.19509032 0,
  -0.98078528 -0.19509032 0,-0.98078528 -0.19509032 0,
  -0.98078528 -0.19509032 0,-0.98078528 -0.19509032 0,
  0.98078528 -0.19509032 0,0.98078528 -0.19509032 0,
  0.98078528 -0.19509032 0,0.98078528 -0.19509032 0,
  0.98078528 -0.19509032 0,0.98078528 -0.19509032 0,
  0.83146961 -0.55557023 0,0.83146961 -0.55557023 0,
  0.83146961 -0.55557023 0,0.83146961 -0.55557023 0,
  0.83146961 -0.55557023 0,0.83146961 -0.55557023 0,
  0.55557023 -0.83146961 0,0.55557023 -0.83146961 0,
  0.55557023 -0.83146961 0,0.55557023 -0.83146961 0,
  0.55557023 -0.83146961 0,0.55557023 -0.83146961 0,
  0.19509032 -0.98078528 0,0.19509032 -0.98078528 0,
  0.19509032 -0.98078528 0,0.19509032 -0.98078528 0,
  0.19509032 -0.98078528 0,0.19509032 -0.98078528 0,
  -0.19509032 -0.98078528 0,-0.19509032 -0.98078528 0,
  -0.19509032 -0.98078528 0,-0.19509032 -0.98078528 0,
  -0.19509032 -0.98078528 0,-0.19509032 -0.98078528 0,
  -0.55557023 -0.83146961 0,-0.55557023 -0.83146961 0,
  -0.55557023 -0.83146961 0,-0.55557023 -0.83146961 0,
  -0.55557023 -0.83146961 0,-0.55557023 -0.83146961 0,
  -0.83146961 -0.55557023 0,-0.83146961 -0.55557023 0,
  -0.83146961 -0.55557023 0,-0.83146961 -0.55557023 0,
  -0.83146961 -0.55557023 0,-0.83146961 -0.55557023 0,
  -0.98078528 -0.19509032 0,-0.98078528 -0.19509032 0,
  -0.98078528 -0.19509032 0,-0.98078528 -0.19509032 0,
  -0.98078528 -0.19509032 0,-0.98078528 -0.19509032 0,
  -0.98078528 0.19509032 0,-0.98078528 0.19509032 0,
  -0.98078528 0.19509032 0,-0.98078528 0.19509032 0,
  -0.98078528 0.19509032 0,-0.98078528 0.19509032 0,
  -0.83146961 0.55557023 0,-0.83146961 0.55557023 0,
  -0.83146961 0.55557023 0,-0.83146961 0.55557023 0,
  -0.83146961 0.55557023 0,-0.83146961 0.55557023 0,
  -0.55557023 0.83146961 0,-0.55557023 0.83146961 0,
  -0.55557023 0.83146961 0,-0.55557023 0.83146961 0,
  -0.55557023 0.83146961 0,-0.55557023 0.83146961 0,
  -0.19509032 0.98078528 0,-0.19509032 0.98078528 0,
  -0.19509032 0.98078528 0,-0.19509032 0.98078528 0,
  -0.19509032 0.98078528 0,-0.19509032 0.98078528 0,
  0.19509032 0.98078528 0,0.19509032 0.98078528 0,
  0.19509032 0.98078528 0,0.19509032 0.98078528 0,
  0.19509032 0.98078528 0,0.19509032 0.98078528 0,
  0.55557023 0.83146961 0,0.55557023 0.83146961 0,
  0.55557023 0.83146961 0,0.55557023 0.83146961 0,
  0.55557023 0.83146961 0,0.55557023 0.83146961 0,
  0.83146961 0.55557023 0,0.83146961 0.55557023 0,
  0.83146961 0.55557023 0,0.83146961 0.55557023 0,
  0.83146961 0.55557023 0,0.83146961 0.55557023 0,
  0.98078528 0.19509032 0,0.98078528 0.19509032 0,
  0.98078528 0.19509032 0,0.98078528 0.19509032 0,
  0.98078528 0.19509032 0,0.98078528 0.19509032 0] }
}
}
] }
DEF TXFM_3 Transform {
  center 0 0 0
  rotation 0 0 1 0
  scale 1 1 1
  scaleOrientation 0 0 1 0
  translation 0 0 0
 children [
DEF SHAPE_3 Shape {
 appearance DEF APP_2 Appearance {
  material Material {
   ambientIntensity 1
   diffuseColor 0.75 0.61000001 0.23
   emissiveColor 0 0 0
   shininess 0.89999998
   specularColor 0.89999998 0.84399998 0.69199997
   transparency 0
} }
 geometry DEF FACE_3 IndexedFaceSet {
  coord DEF COORD_3 Coordinate { point [
  45.411614 -26.92313 0.31496063,45.407426 -26.902075 0.31496063,
  45.395499 -26.884225 0.31496063,45.37765 -26.872298 0.31496063,
  45.356594 -26.86811 0.31496063,45.246555 -26.86811 0.31496063,
  45.2255 -26.872298 0.31496063,45.20765 -26.884225 0.31496063,
  45.195724 -26.902075 0.31496063,45.191535 -26.92313 0.31496063,
  45.191535 -27.053248 0.31496063,45.195724 -27.074303 0.31496063,
  45.20765 -27.092153 0.31496063,45.2255 -27.10408 0.31496063,
  45.246555 -27.108268 0.31496063,45.356594 -27.108268 0.31496063,
  45.37765 -27.10408 0.31496063,45.395499 -27.092153 0.31496063,
  45.407426 -27.074303 0.31496063,45.411614 -27.053248 0.31496063,
  45.031299 -26.92313 0.31496063,45.027111 -26.902075 0.31496063,
  45.015184 -26.884225 0.31496063,44.997335 -26.872298 0.31496063,
  44.97628 -26.86811 0.31496063,44.86624 -26.86811 0.31496063,
  44.845185 -26.872298 0.31496063,44.827335 -26.884225 0.31496063,
  44.815409 -26.902075 0.31496063,44.81122 -26.92313 0.31496063,
  44.81122 -27.053248 0.31496063,44.815409 -27.074303 0.31496063,
  44.827335 -27.092153 0.31496063,44.845185 -27.10408 0.31496063,
  44.86624 -27.108268 0.31496063,44.97628 -27.108268 0.31496063,
  44.997335 -27.10408 0.31496063,45.015184 -27.092153 0.31496063,
  45.027111 -27.074303 0.31496063,45.031299 -27.053248 0.31496063,
  46.931102 -21.657579 0.31496063,46.926914 -21.636524 0.31496063,
  46.914987 -21.618674 0.31496063,46.897138 -21.606747 0.31496063,
  46.876083 -21.602559 0.31496063,46.745965 -21.602559 0.31496063,
  46.724909 -21.606747 0.31496063,46.70706 -21.618674 0.31496063,
  46.695133 -21.636524 0.31496063,46.690945 -21.657579 0.31496063,
  46.690945 -21.767618 0.31496063,46.695133 -21.788673 0.31496063,
  46.70706 -21.806523 0.31496063,46.724909 -21.81845 0.31496063,
  46.745965 -21.822638 0.31496063,46.876083 -21.822638 0.31496063,
  46.897138 -21.81845 0.31496063,46.914987 -21.806523 0.31496063,
  46.926914 -21.788673 0.31496063,46.931102 -21.767618 0.31496063,
  46.476378 -26.856279 0.31496063,46.468886 -26.818613 0.31496063,
  46.44755 -26.786681 0.31496063,46.415619 -26.765346 0.31496063,
  46.377953 -26.757854 0.31496063,45.787402 -26.757854 0.31496063,
  45.749736 -26.765346 0.31496063,45.717804 -26.786681 0.31496063,
  45.696469 -26.818613 0.31496063,45.688976 -26.856279 0.31496063,
  45.696469 -26.893944 0.31496063,45.717804 -26.925876 0.31496063,
  45.749736 -26.947212 0.31496063,45.787402 -26.954704 0.31496063,
  46.377953 -26.954704 0.31496063,46.415619 -26.947212 0.31496063,
  46.44755 -26.925876 0.31496063,46.468886 -26.893944 0.31496063,
  49.586614 -26.856279 0.31496063,49.579122 -26.818613 0.31496063,
  49.557786 -26.786681 0.31496063,49.525855 -26.765346 0.31496063,
  49.488189 -26.757854 0.31496063,48.897638 -26.757854 0.31496063,
  48.859972 -26.765346 0.31496063,48.828041 -26.786681 0.31496063,
  48.806705 -26.818613 0.31496063,48.799213 -26.856279 0.31496063,
  48.806705 -26.893944 0.31496063,48.828041 -26.925876 0.31496063,
  48.859972 -26.947212 0.31496063,48.897638 -26.954704 0.31496063,
  49.488189 -26.954704 0.31496063,49.525855 -26.947212 0.31496063,
  49.557786 -26.925876 0.31496063,49.579122 -26.893944 0.31496063,
  46.476378 -26.356279 0.31496063,46.468886 -26.318613 0.31496063,
  46.44755 -26.286681 0.31496063,46.415619 -26.265346 0.31496063,
  46.377953 -26.257854 0.31496063,45.787402 -26.257854 0.31496063,
  45.749736 -26.265346 0.31496063,45.717804 -26.286681 0.31496063,
  45.696469 -26.318613 0.31496063,45.688976 -26.356279 0.31496063,
  45.696469 -26.393944 0.31496063,45.717804 -26.425876 0.31496063,
  45.749736 -26.447212 0.31496063,45.787402 -26.454704 0.31496063,
  46.377953 -26.454704 0.31496063,46.415619 -26.447212 0.31496063,
  46.44755 -26.425876 0.31496063,46.468886 -26.393944 0.31496063,
  49.586614 -26.356279 0.31496063,49.579122 -26.318613 0.31496063,
  49.557786 -26.286681 0.31496063,49.525855 -26.265346 0.31496063,
  49.488189 -26.257854 0.31496063,48.897638 -26.257854 0.31496063,
  48.859972 -26.265346 0.31496063,48.828041 -26.286681 0.31496063,
  48.806705 -26.318613 0.31496063,48.799213 -26.356279 0.31496063,
  48.806705 -26.393944 0.31496063,48.828041 -26.425876 0.31496063,
  48.859972 -26.447212 0.31496063,48.897638 -26.454704 0.31496063,
  49.488189 -26.454704 0.31496063,49.525855 -26.447212 0.31496063,
  49.557786 -26.425876 0.31496063,49.579122 -26.393944 0.31496063,
  46.476378 -25.856279 0.31496063,46.468886 -25.818613 0.31496063,
  46.44755 -25.786681 0.31496063,46.415619 -25.765346 0.31496063,
  46.377953 -25.757854 0.31496063,45.787402 -25.757854 0.31496063,
  45.749736 -25.765346 0.31496063,45.717804 -25.786681 0.31496063,
  45.696469 -25.818613 0.31496063,45.688976 -25.856279 0.31496063,
  45.696469 -25.893944 0.31496063,45.717804 -25.925876 0.31496063,
  45.749736 -25.947212 0.31496063,45.787402 -25.954704 0.31496063,
  46.377953 -25.954704 0.31496063,46.415619 -25.947212 0.31496063,
  46.44755 -25.925876 0.31496063,46.468886 -25.893944 0.31496063,
  49.586614 -25.856279 0.31496063,49.579122 -25.818613 0.31496063,
  49.557786 -25.786681 0.31496063,49.525855 -25.765346 0.31496063,
  49.488189 -25.757854 0.31496063,48.897638 -25.757854 0.31496063,
  48.859972 -25.765346 0.31496063,48.828041 -25.786681 0.31496063,
  48.806705 -25.818613 0.31496063,48.799213 -25.856279 0.31496063,
  48.806705 -25.893944 0.31496063,48.828041 -25.925876 0.31496063,
  48.859972 -25.947212 0.31496063,48.897638 -25.954704 0.31496063,
  49.488189 -25.954704 0.31496063,49.525855 -25.947212 0.31496063,
  49.557786 -25.925876 0.31496063,49.579122 -25.893944 0.31496063,
  46.476378 -25.356279 0.31496063,46.468886 -25.318613 0.31496063,
  46.44755 -25.286681 0.31496063,46.415619 -25.265346 0.31496063,
  46.377953 -25.257854 0.31496063,45.787402 -25.257854 0.31496063,
  45.749736 -25.265346 0.31496063,45.717804 -25.286681 0.31496063,
  45.696469 -25.318613 0.31496063,45.688976 -25.356279 0.31496063,
  45.696469 -25.393944 0.31496063,45.717804 -25.425876 0.31496063,
  45.749736 -25.447212 0.31496063,45.787402 -25.454704 0.31496063,
  46.377953 -25.454704 0.31496063,46.415619 -25.447212 0.31496063,
  46.44755 -25.425876 0.31496063,46.468886 -25.393944 0.31496063,
  49.586614 -25.356279 0.31496063,49.579122 -25.318613 0.31496063,
  49.557786 -25.286681 0.31496063,49.525855 -25.265346 0.31496063,
  49.488189 -25.257854 0.31496063,48.897638 -25.257854 0.31496063,
  48.859972 -25.265346 0.31496063,48.828041 -25.286681 0.31496063,
  48.806705 -25.318613 0.31496063,48.799213 -25.356279 0.31496063,
  48.806705 -25.393944 0.31496063,48.828041 -25.425876 0.31496063,
  48.859972 -25.447212 0.31496063,48.897638 -25.454704 0.31496063,
  49.488189 -25.454704 0.31496063,49.525855 -25.447212 0.31496063,
  49.557786 -25.425876 0.31496063,49.579122 -25.393944 0.31496063,
  49.358268 -24.738189 0.31496063,49.352724 -24.710317 0.31496063,
  49.336935 -24.686687 0.31496063,49.313306 -24.670898 0.31496063,
  49.285433 -24.665354 0.31496063,49.139764 -24.665354 0.31496063,
  49.111891 -24.670898 0.31496063,49.088262 -24.686687 0.31496063,
  49.072473 -24.710317 0.31496063,49.066929 -24.738189 0.31496063,
  49.066929 -24.98622 0.31496063,49.072473 -25.014093 0.31496063,
  49.088262 -25.037722 0.31496063,49.111891 -25.053511 0.31496063,
  49.139764 -25.059055 0.31496063,49.285433 -25.059055 0.31496063,
  49.313306 -25.053511 0.31496063,49.336935 -25.037722 0.31496063,
  49.352724 -25.014093 0.31496063,49.358268 -24.98622 0.31496063,
  49.893701 -24.738189 0.31496063,49.888157 -24.710317 0.31496063,
  49.872368 -24.686687 0.31496063,49.848739 -24.670898 0.31496063,
  49.820866 -24.665354 0.31496063,49.675197 -24.665354 0.31496063,
  49.647324 -24.670898 0.31496063,49.623695 -24.686687 0.31496063,
  49.607906 -24.710317 0.31496063,49.602362 -24.738189 0.31496063,
  49.602362 -24.98622 0.31496063,49.607906 -25.014093 0.31496063,
  49.623695 -25.037722 0.31496063,49.647324 -25.053511 0.31496063,
  49.675197 -25.059055 0.31496063,49.820866 -25.059055 0.31496063,
  49.848739 -25.053511 0.31496063,49.872368 -25.037722 0.31496063,
  49.888157 -25.014093 0.31496063,49.893701 -24.98622 0.31496063,
  46.825091 -24.600373 0.31496063,46.822094 -24.585307 0.31496063,
  46.81356 -24.572534 0.31496063,46.800787 -24.564 0.31496063,
  46.785721 -24.561003 0.31496063,46.770655 -24.564 0.31496063,
  46.757882 -24.572534 0.31496063,46.749348 -24.585307 0.31496063,
  46.746351 -24.600373 0.31496063,46.746351 -24.856279 0.31496063,
  46.749348 -24.871345 0.31496063,46.757882 -24.884118 0.31496063,
  46.770655 -24.892652 0.31496063,46.785721 -24.895649 0.31496063,
  46.800787 -24.892652 0.31496063,46.81356 -24.884118 0.31496063,
  46.822094 -24.871345 0.31496063,46.825091 -24.856279 0.31496063,
  46.982572 -24.600373 0.31496063,46.979575 -24.585307 0.31496063,
  46.971041 -24.572534 0.31496063,46.958268 -24.564 0.31496063,
  46.943202 -24.561003 0.31496063,46.928135 -24.564 0.31496063,
  46.915363 -24.572534 0.31496063,46.906828 -24.585307 0.31496063,
  46.903831 -24.600373 0.31496063,46.903831 -24.856279 0.31496063,
  46.906828 -24.871345 0.31496063,46.915363 -24.884118 0.31496063,
  46.928135 -24.892652 0.31496063,46.943202 -24.895649 0.31496063,
  46.958268 -24.892652 0.31496063,46.971041 -24.884118 0.31496063,
  46.979575 -24.871345 0.31496063,46.982572 -24.856279 0.31496063,
  47.140052 -24.600373 0.31496063,47.137055 -24.585307 0.31496063,
  47.128521 -24.572534 0.31496063,47.115748 -24.564 0.31496063,
  47.100682 -24.561003 0.31496063,47.085616 -24.564 0.31496063,
  47.072843 -24.572534 0.31496063,47.064309 -24.585307 0.31496063,
  47.061312 -24.600373 0.31496063,47.061312 -24.856279 0.31496063,
  47.064309 -24.871345 0.31496063,47.072843 -24.884118 0.31496063,
  47.085616 -24.892652 0.31496063,47.100682 -24.895649 0.31496063,
  47.115748 -24.892652 0.31496063,47.128521 -24.884118 0.31496063,
  47.137055 -24.871345 0.31496063,47.140052 -24.856279 0.31496063,
  47.297532 -24.600373 0.31496063,47.294535 -24.585307 0.31496063,
  47.286001 -24.572534 0.31496063,47.273228 -24.564 0.31496063,
  47.258162 -24.561003 0.31496063,47.243096 -24.564 0.31496063,
  47.230323 -24.572534 0.31496063,47.221789 -24.585307 0.31496063,
  47.218792 -24.600373 0.31496063,47.218792 -24.856279 0.31496063,
  47.221789 -24.871345 0.31496063,47.230323 -24.884118 0.31496063,
  47.243096 -24.892652 0.31496063,47.258162 -24.895649 0.31496063,
  47.273228 -24.892652 0.31496063,47.286001 -24.884118 0.31496063,
  47.294535 -24.871345 0.31496063,47.297532 -24.856279 0.31496063,
  47.455013 -24.600373 0.31496063,47.452016 -24.585307 0.31496063,
  47.443481 -24.572534 0.31496063,47.430709 -24.564 0.31496063,
  47.415643 -24.561003 0.31496063,47.400576 -24.564 0.31496063,
  47.387804 -24.572534 0.31496063,47.379269 -24.585307 0.31496063,
  47.376272 -24.600373 0.31496063,47.376272 -24.856279 0.31496063,
  47.379269 -24.871345 0.31496063,47.387804 -24.884118 0.31496063,
  47.400576 -24.892652 0.31496063,47.415643 -24.895649 0.31496063,
  47.430709 -24.892652 0.31496063,47.443481 -24.884118 0.31496063,
  47.452016 -24.871345 0.31496063,47.455013 -24.856279 0.31496063,
  47.612493 -24.600373 0.31496063,47.609496 -24.585307 0.31496063,
  47.600962 -24.572534 0.31496063,47.588189 -24.564 0.31496063,
  47.573123 -24.561003 0.31496063,47.558057 -24.564 0.31496063,
  47.545284 -24.572534 0.31496063,47.53675 -24.585307 0.31496063,
  47.533753 -24.600373 0.31496063,47.533753 -24.856279 0.31496063,
  47.53675 -24.871345 0.31496063,47.545284 -24.884118 0.31496063,
  47.558057 -24.892652 0.31496063,47.573123 -24.895649 0.31496063,
  47.588189 -24.892652 0.31496063,47.600962 -24.884118 0.31496063,
  47.609496 -24.871345 0.31496063,47.612493 -24.856279 0.31496063,
  47.769973 -24.600373 0.31496063,47.766976 -24.585307 0.31496063,
  47.758442 -24.572534 0.31496063,47.745669 -24.564 0.31496063,
  47.730603 -24.561003 0.31496063,47.715537 -24.564 0.31496063,
  47.702764 -24.572534 0.31496063,47.69423 -24.585307 0.31496063,
  47.691233 -24.600373 0.31496063,47.691233 -24.856279 0.31496063,
  47.69423 -24.871345 0.31496063,47.702764 -24.884118 0.31496063,
  47.715537 -24.892652 0.31496063,47.730603 -24.895649 0.31496063,
  47.745669 -24.892652 0.31496063,47.758442 -24.884118 0.31496063,
  47.766976 -24.871345 0.31496063,47.769973 -24.856279 0.31496063,
  47.927454 -24.600373 0.31496063,47.924457 -24.585307 0.31496063,
  47.915922 -24.572534 0.31496063,47.90315 -24.564 0.31496063,
  47.888083 -24.561003 0.31496063,47.873017 -24.564 0.31496063,
  47.860244 -24.572534 0.31496063,47.85171 -24.585307 0.31496063,
  47.848713 -24.600373 0.31496063,47.848713 -24.856279 0.31496063,
  47.85171 -24.871345 0.31496063,47.860244 -24.884118 0.31496063,
  47.873017 -24.892652 0.31496063,47.888083 -24.895649 0.31496063,
  47.90315 -24.892652 0.31496063,47.915922 -24.884118 0.31496063,
  47.924457 -24.871345 0.31496063,47.927454 -24.856279 0.31496063,
  48.084934 -24.600373 0.31496063,48.081937 -24.585307 0.31496063,
  48.073403 -24.572534 0.31496063,48.06063 -24.564 0.31496063,
  48.045564 -24.561003 0.31496063,48.030498 -24.564 0.31496063,
  48.017725 -24.572534 0.31496063,48.009191 -24.585307 0.31496063,
  48.006194 -24.600373 0.31496063,48.006194 -24.856279 0.31496063,
  48.009191 -24.871345 0.31496063,48.017725 -24.884118 0.31496063,
  48.030498 -24.892652 0.31496063,48.045564 -24.895649 0.31496063,
  48.06063 -24.892652 0.31496063,48.073403 -24.884118 0.31496063,
  48.081937 -24.871345 0.31496063,48.084934 -24.856279 0.31496063,
  48.242414 -24.600373 0.31496063,48.239417 -24.585307 0.31496063,
  48.230883 -24.572534 0.31496063,48.21811 -24.564 0.31496063,
  48.203044 -24.561003 0.31496063,48.187978 -24.564 0.31496063,
  48.175205 -24.572534 0.31496063,48.166671 -24.585307 0.31496063,
  48.163674 -24.600373 0.31496063,48.163674 -24.856279 0.31496063,
  48.166671 -24.871345 0.31496063,48.175205 -24.884118 0.31496063,
  48.187978 -24.892652 0.31496063,48.203044 -24.895649 0.31496063,
  48.21811 -24.892652 0.31496063,48.230883 -24.884118 0.31496063,
  48.239417 -24.871345 0.31496063,48.242414 -24.856279 0.31496063,
  48.399894 -24.600373 0.31496063,48.396898 -24.585307 0.31496063,
  48.388363 -24.572534 0.31496063,48.375591 -24.564 0.31496063,
  48.360524 -24.561003 0.31496063,48.345458 -24.564 0.31496063,
  48.332685 -24.572534 0.31496063,48.324151 -24.585307 0.31496063,
  48.321154 -24.600373 0.31496063,48.321154 -24.856279 0.31496063,
  48.324151 -24.871345 0.31496063,48.332685 -24.884118 0.31496063,
  48.345458 -24.892652 0.31496063,48.360524 -24.895649 0.31496063,
  48.375591 -24.892652 0.31496063,48.388363 -24.884118 0.31496063,
  48.396898 -24.871345 0.31496063,48.399894 -24.856279 0.31496063,
  48.838583 -21.589567 0.31496063,48.834162 -21.567344 0.31496063,
  48.821574 -21.548505 0.31496063,48.802735 -21.535917 0.31496063,
  48.780512 -21.531496 0.31496063,48.66437 -21.531496 0.31496063,
  48.642147 -21.535917 0.31496063,48.623308 -21.548505 0.31496063,
  48.61072 -21.567344 0.31496063,48.606299 -21.589567 0.31496063,
  48.606299 -21.71752 0.31496063,48.61072 -21.739743 0.31496063,
  48.623308 -21.758582 0.31496063,48.642147 -21.77117 0.31496063,
  48.66437 -21.775591 0.31496063,48.780512 -21.775591 0.31496063,
  48.802735 -21.77117 0.31496063,48.821574 -21.758582 0.31496063,
  48.834162 -21.739743 0.31496063,48.838583 -21.71752 0.31496063,
  48.557375 -24.600373 0.31496063,48.554378 -24.585307 0.31496063,
  48.545844 -24.572534 0.31496063,48.533071 -24.564 0.31496063,
  48.518005 -24.561003 0.31496063,48.502939 -24.564 0.31496063,
  48.490166 -24.572534 0.31496063,48.481631 -24.585307 0.31496063,
  48.478635 -24.600373 0.31496063,48.478635 -24.856279 0.31496063,
  48.481631 -24.871345 0.31496063,48.490166 -24.884118 0.31496063,
  48.502939 -24.892652 0.31496063,48.518005 -24.895649 0.31496063,
  48.533071 -24.892652 0.31496063,48.545844 -24.884118 0.31496063,
  48.554378 -24.871345 0.31496063,48.557375 -24.856279 0.31496063,
  46.677454 -24.452735 0.31496063,46.674457 -24.437669 0.31496063,
  46.665922 -24.424896 0.31496063,46.65315 -24.416362 0.31496063,
  46.638083 -24.413365 0.31496063,46.382178 -24.413365 0.31496063,
  46.367112 -24.416362 0.31496063,46.354339 -24.424896 0.31496063,
  46.345805 -24.437669 0.31496063,46.342808 -24.452735 0.31496063,
  46.345805 -24.467802 0.31496063,46.354339 -24.480574 0.31496063,
  46.367112 -24.489109 0.31496063,46.382178 -24.492106 0.31496063,
  46.638083 -24.492106 0.31496063,46.65315 -24.489109 0.31496063,
  46.665922 -24.480574 0.31496063,46.674457 -24.467802 0.31496063,
  48.960918 -24.452735 0.31496063,48.957921 -24.437669 0.31496063,
  48.949387 -24.424896 0.31496063,48.936614 -24.416362 0.31496063,
  48.921548 -24.413365 0.31496063,48.665643 -24.413365 0.31496063,
  48.650576 -24.416362 0.31496063,48.637804 -24.424896 0.31496063,
  48.629269 -24.437669 0.31496063,48.626272 -24.452735 0.31496063,
  48.629269 -24.467802 0.31496063,48.637804 -24.480574 0.31496063,
  48.650576 -24.489109 0.31496063,48.665643 -24.492106 0.31496063,
  48.921548 -24.492106 0.31496063,48.936614 -24.489109 0.31496063,
  48.949387 -24.480574 0.31496063,48.957921 -24.467802 0.31496063,
  50.018307 -24.26565 0.31496063,50.014119 -24.244594 0.31496063,
  50.002192 -24.226745 0.31496063,49.984343 -24.214818 0.31496063,
  49.963287 -24.21063 0.31496063,49.853248 -24.21063 0.31496063,
  49.832193 -24.214818 0.31496063,49.814343 -24.226745 0.31496063,
  49.802417 -24.244594 0.31496063,49.798228 -24.26565 0.31496063,
  49.798228 -24.395768 0.31496063,49.802417 -24.416823 0.31496063,
  49.814343 -24.434672 0.31496063,49.832193 -24.446599 0.31496063,
  49.853248 -24.450787 0.31496063,49.963287 -24.450787 0.31496063,
  49.984343 -24.446599 0.31496063,50.002192 -24.434672 0.31496063,
  50.014119 -24.416823 0.31496063,50.018307 -24.395768 0.31496063,
  50.398622 -24.26565 0.31496063,50.394434 -24.244594 0.31496063,
  50.382507 -24.226745 0.31496063,50.364657 -24.214818 0.31496063,
  50.343602 -24.21063 0.31496063,50.233563 -24.21063 0.31496063,
  50.212508 -24.214818 0.31496063,50.194658 -24.226745 0.31496063,
  50.182731 -24.244594 0.31496063,50.178543 -24.26565 0.31496063,
  50.178543 -24.395768 0.31496063,50.182731 -24.416823 0.31496063,
  50.194658 -24.434672 0.31496063,50.212508 -24.446599 0.31496063,
  50.233563 -24.450787 0.31496063,50.343602 -24.450787 0.31496063,
  50.364657 -24.446599 0.31496063,50.382507 -24.434672 0.31496063,
  50.394434 -24.416823 0.31496063,50.398622 -24.395768 0.31496063,
  48.49832 -22.740137 0.31496063,46.805406 -22.740137 0.31496063,
  46.805406 -24.43305 0.31496063,48.49832 -24.43305 0.31496063,
  46.677454 -24.295255 0.31496063,46.674457 -24.280189 0.31496063,
  46.665922 -24.267416 0.31496063,46.65315 -24.258882 0.31496063,
  46.638083 -24.255885 0.31496063,46.382178 -24.255885 0.31496063,
  46.367112 -24.258882 0.31496063,46.354339 -24.267416 0.31496063,
  46.345805 -24.280189 0.31496063,46.342808 -24.295255 0.31496063,
  46.345805 -24.310321 0.31496063,46.354339 -24.323094 0.31496063,
  46.367112 -24.331628 0.31496063,46.382178 -24.334625 0.31496063,
  46.638083 -24.334625 0.31496063,46.65315 -24.331628 0.31496063,
  46.665922 -24.323094 0.31496063,46.674457 -24.310321 0.31496063,
  48.960918 -24.295255 0.31496063,48.957921 -24.280189 0.31496063,
  48.949387 -24.267416 0.31496063,48.936614 -24.258882 0.31496063,
  48.921548 -24.255885 0.31496063,48.665643 -24.255885 0.31496063,
  48.650576 -24.258882 0.31496063,48.637804 -24.267416 0.31496063,
  48.629269 -24.280189 0.31496063,48.626272 -24.295255 0.31496063,
  48.629269 -24.310321 0.31496063,48.637804 -24.323094 0.31496063,
  48.650576 -24.331628 0.31496063,48.665643 -24.334625 0.31496063,
  48.921548 -24.334625 0.31496063,48.936614 -24.331628 0.31496063,
  48.949387 -24.323094 0.31496063,48.957921 -24.310321 0.31496063,
  46.677454 -24.137775 0.31496063,46.674457 -24.122709 0.31496063,
  46.665922 -24.109936 0.31496063,46.65315 -24.101402 0.31496063,
  46.638083 -24.098405 0.31496063,46.382178 -24.098405 0.31496063,
  46.367112 -24.101402 0.31496063,46.354339 -24.109936 0.31496063,
  46.345805 -24.122709 0.31496063,46.342808 -24.137775 0.31496063,
  46.345805 -24.152841 0.31496063,46.354339 -24.165614 0.31496063,
  46.367112 -24.174148 0.31496063,46.382178 -24.177145 0.31496063,
  46.638083 -24.177145 0.31496063,46.65315 -24.174148 0.31496063,
  46.665922 -24.165614 0.31496063,46.674457 -24.152841 0.31496063,
  48.960918 -24.137775 0.31496063,48.957921 -24.122709 0.31496063,
  48.949387 -24.109936 0.31496063,48.936614 -24.101402 0.31496063,
  48.921548 -24.098405 0.31496063,48.665643 -24.098405 0.31496063,
  48.650576 -24.101402 0.31496063,48.637804 -24.109936 0.31496063,
  48.629269 -24.122709 0.31496063,48.626272 -24.137775 0.31496063,
  48.629269 -24.152841 0.31496063,48.637804 -24.165614 0.31496063,
  48.650576 -24.174148 0.31496063,48.665643 -24.177145 0.31496063,
  48.921548 -24.177145 0.31496063,48.936614 -24.174148 0.31496063,
  48.949387 -24.165614 0.31496063,48.957921 -24.152841 0.31496063,
  50.049213 -23.690945 0.31496063,49.714567 -23.690945 0.31496063,
  49.714567 -24.064961 0.31496063,50.049213 -24.064961 0.31496063,
  50.501969 -23.690945 0.31496063,50.167323 -23.690945 0.31496063,
  50.167323 -24.064961 0.31496063,50.501969 -24.064961 0.31496063,
  46.677454 -23.980294 0.31496063,46.674457 -23.965228 0.31496063,
  46.665922 -23.952456 0.31496063,46.65315 -23.943921 0.31496063,
  46.638083 -23.940924 0.31496063,46.382178 -23.940924 0.31496063,
  46.367112 -23.943921 0.31496063,46.354339 -23.952456 0.31496063,
  46.345805 -23.965228 0.31496063,46.342808 -23.980294 0.31496063,
  46.345805 -23.995361 0.31496063,46.354339 -24.008133 0.31496063,
  46.367112 -24.016668 0.31496063,46.382178 -24.019665 0.31496063,
  46.638083 -24.019665 0.31496063,46.65315 -24.016668 0.31496063,
  46.665922 -24.008133 0.31496063,46.674457 -23.995361 0.31496063,
  48.960918 -23.980294 0.31496063,48.957921 -23.965228 0.31496063,
  48.949387 -23.952456 0.31496063,48.936614 -23.943921 0.31496063,
  48.921548 -23.940924 0.31496063,48.665643 -23.940924 0.31496063,
  48.650576 -23.943921 0.31496063,48.637804 -23.952456 0.31496063,
  48.629269 -23.965228 0.31496063,48.626272 -23.980294 0.31496063,
  48.629269 -23.995361 0.31496063,48.637804 -24.008133 0.31496063,
  48.650576 -24.016668 0.31496063,48.665643 -24.019665 0.31496063,
  48.921548 -24.019665 0.31496063,48.936614 -24.016668 0.31496063,
  48.949387 -24.008133 0.31496063,48.957921 -23.995361 0.31496063,
  46.677454 -23.822814 0.31496063,46.674457 -23.807748 0.31496063,
  46.665922 -23.794975 0.31496063,46.65315 -23.786441 0.31496063,
  46.638083 -23.783444 0.31496063,46.382178 -23.783444 0.31496063,
  46.367112 -23.786441 0.31496063,46.354339 -23.794975 0.31496063,
  46.345805 -23.807748 0.31496063,46.342808 -23.822814 0.31496063,
  46.345805 -23.83788 0.31496063,46.354339 -23.850653 0.31496063,
  46.367112 -23.859187 0.31496063,46.382178 -23.862184 0.31496063,
  46.638083 -23.862184 0.31496063,46.65315 -23.859187 0.31496063,
  46.665922 -23.850653 0.31496063,46.674457 -23.83788 0.31496063,
  48.960918 -23.822814 0.31496063,48.957921 -23.807748 0.31496063,
  48.949387 -23.794975 0.31496063,48.936614 -23.786441 0.31496063,
  48.921548 -23.783444 0.31496063,48.665643 -23.783444 0.31496063,
  48.650576 -23.786441 0.31496063,48.637804 -23.794975 0.31496063,
  48.629269 -23.807748 0.31496063,48.626272 -23.822814 0.31496063,
  48.629269 -23.83788 0.31496063,48.637804 -23.850653 0.31496063,
  48.650576 -23.859187 0.31496063,48.665643 -23.862184 0.31496063,
  48.921548 -23.862184 0.31496063,48.936614 -23.859187 0.31496063,
  48.949387 -23.850653 0.31496063,48.957921 -23.83788 0.31496063,
  46.677454 -23.665334 0.31496063,46.674457 -23.650268 0.31496063,
  46.665922 -23.637495 0.31496063,46.65315 -23.628961 0.31496063,
  46.638083 -23.625964 0.31496063,46.382178 -23.625964 0.31496063,
  46.367112 -23.628961 0.31496063,46.354339 -23.637495 0.31496063,
  46.345805 -23.650268 0.31496063,46.342808 -23.665334 0.31496063,
  46.345805 -23.6804 0.31496063,46.354339 -23.693173 0.31496063,
  46.367112 -23.701707 0.31496063,46.382178 -23.704704 0.31496063,
  46.638083 -23.704704 0.31496063,46.65315 -23.701707 0.31496063,
  46.665922 -23.693173 0.31496063,46.674457 -23.6804 0.31496063,
  48.960918 -23.665334 0.31496063,48.957921 -23.650268 0.31496063,
  48.949387 -23.637495 0.31496063,48.936614 -23.628961 0.31496063,
  48.921548 -23.625964 0.31496063,48.665643 -23.625964 0.31496063,
  48.650576 -23.628961 0.31496063,48.637804 -23.637495 0.31496063,
  48.629269 -23.650268 0.31496063,48.626272 -23.665334 0.31496063,
  48.629269 -23.6804 0.31496063,48.637804 -23.693173 0.31496063,
  48.650576 -23.701707 0.31496063,48.665643 -23.704704 0.31496063,
  48.921548 -23.704704 0.31496063,48.936614 -23.701707 0.31496063,
  48.949387 -23.693173 0.31496063,48.957921 -23.6804 0.31496063,
  45.510433 -23.517618 0.31496063,45.506245 -23.496563 0.31496063,
  45.494318 -23.478713 0.31496063,45.476469 -23.466787 0.31496063,
  45.455413 -23.462598 0.31496063,45.345374 -23.462598 0.31496063,
  45.324319 -23.466787 0.31496063,45.306469 -23.478713 0.31496063,
  45.294543 -23.496563 0.31496063,45.290354 -23.517618 0.31496063,
  45.290354 -23.647736 0.31496063,45.294543 -23.668791 0.31496063,
  45.306469 -23.686641 0.31496063,45.324319 -23.698568 0.31496063,
  45.345374 -23.702756 0.31496063,45.455413 -23.702756 0.31496063,
  45.476469 -23.698568 0.31496063,45.494318 -23.686641 0.31496063,
  45.506245 -23.668791 0.31496063,45.510433 -23.647736 0.31496063,
  45.890748 -23.517618 0.31496063,45.88656 -23.496563 0.31496063,
  45.874633 -23.478713 0.31496063,45.856783 -23.466787 0.31496063,
  45.835728 -23.462598 0.31496063,45.725689 -23.462598 0.31496063,
  45.704634 -23.466787 0.31496063,45.686784 -23.478713 0.31496063,
  45.674857 -23.496563 0.31496063,45.670669 -23.517618 0.31496063,
  45.670669 -23.647736 0.31496063,45.674857 -23.668791 0.31496063,
  45.686784 -23.686641 0.31496063,45.704634 -23.698568 0.31496063,
  45.725689 -23.702756 0.31496063,45.835728 -23.702756 0.31496063,
  45.856783 -23.698568 0.31496063,45.874633 -23.686641 0.31496063,
  45.88656 -23.668791 0.31496063,45.890748 -23.647736 0.31496063,
  46.677454 -23.507854 0.31496063,46.674457 -23.492787 0.31496063,
  46.665922 -23.480015 0.31496063,46.65315 -23.47148 0.31496063,
  46.638083 -23.468483 0.31496063,46.382178 -23.468483 0.31496063,
  46.367112 -23.47148 0.31496063,46.354339 -23.480015 0.31496063,
  46.345805 -23.492787 0.31496063,46.342808 -23.507854 0.31496063,
  46.345805 -23.52292 0.31496063,46.354339 -23.535693 0.31496063,
  46.367112 -23.544227 0.31496063,46.382178 -23.547224 0.31496063,
  46.638083 -23.547224 0.31496063,46.65315 -23.544227 0.31496063,
  46.665922 -23.535693 0.31496063,46.674457 -23.52292 0.31496063,
  48.960918 -23.507854 0.31496063,48.957921 -23.492787 0.31496063,
  48.949387 -23.480015 0.31496063,48.936614 -23.47148 0.31496063,
  48.921548 -23.468483 0.31496063,48.665643 -23.468483 0.31496063,
  48.650576 -23.47148 0.31496063,48.637804 -23.480015 0.31496063,
  48.629269 -23.492787 0.31496063,48.626272 -23.507854 0.31496063,
  48.629269 -23.52292 0.31496063,48.637804 -23.535693 0.31496063,
  48.650576 -23.544227 0.31496063,48.665643 -23.547224 0.31496063,
  48.921548 -23.547224 0.31496063,48.936614 -23.544227 0.31496063,
  48.949387 -23.535693 0.31496063,48.957921 -23.52292 0.31496063,
  50.049213 -23.120079 0.31496063,49.714567 -23.120079 0.31496063,
  49.714567 -23.494094 0.31496063,50.049213 -23.494094 0.31496063,
  50.501969 -23.120079 0.31496063,50.167323 -23.120079 0.31496063,
  50.167323 -23.494094 0.31496063,50.501969 -23.494094 0.31496063,
  46.677454 -23.350373 0.31496063,46.674457 -23.335307 0.31496063,
  46.665922 -23.322534 0.31496063,46.65315 -23.314 0.31496063,
  46.638083 -23.311003 0.31496063,46.382178 -23.311003 0.31496063,
  46.367112 -23.314 0.31496063,46.354339 -23.322534 0.31496063,
  46.345805 -23.335307 0.31496063,46.342808 -23.350373 0.31496063,
  46.345805 -23.365439 0.31496063,46.354339 -23.378212 0.31496063,
  46.367112 -23.386746 0.31496063,46.382178 -23.389743 0.31496063,
  46.638083 -23.389743 0.31496063,46.65315 -23.386746 0.31496063,
  46.665922 -23.378212 0.31496063,46.674457 -23.365439 0.31496063,
  48.960918 -23.350373 0.31496063,48.957921 -23.335307 0.31496063,
  48.949387 -23.322534 0.31496063,48.936614 -23.314 0.31496063,
  48.921548 -23.311003 0.31496063,48.665643 -23.311003 0.31496063,
  48.650576 -23.314 0.31496063,48.637804 -23.322534 0.31496063,
  48.629269 -23.335307 0.31496063,48.626272 -23.350373 0.31496063,
  48.629269 -23.365439 0.31496063,48.637804 -23.378212 0.31496063,
  48.650576 -23.386746 0.31496063,48.665643 -23.389743 0.31496063,
  48.921548 -23.389743 0.31496063,48.936614 -23.386746 0.31496063,
  48.949387 -23.378212 0.31496063,48.957921 -23.365439 0.31496063,
  46.677454 -23.192893 0.31496063,46.674457 -23.177827 0.31496063,
  46.665922 -23.165054 0.31496063,46.65315 -23.15652 0.31496063,
  46.638083 -23.153523 0.31496063,46.382178 -23.153523 0.31496063,
  46.367112 -23.15652 0.31496063,46.354339 -23.165054 0.31496063,
  46.345805 -23.177827 0.31496063,46.342808 -23.192893 0.31496063,
  46.345805 -23.207959 0.31496063,46.354339 -23.220732 0.31496063,
  46.367112 -23.229266 0.31496063,46.382178 -23.232263 0.31496063,
  46.638083 -23.232263 0.31496063,46.65315 -23.229266 0.31496063,
  46.665922 -23.220732 0.31496063,46.674457 -23.207959 0.31496063,
  48.960918 -23.192893 0.31496063,48.957921 -23.177827 0.31496063,
  48.949387 -23.165054 0.31496063,48.936614 -23.15652 0.31496063,
  48.921548 -23.153523 0.31496063,48.665643 -23.153523 0.31496063,
  48.650576 -23.15652 0.31496063,48.637804 -23.165054 0.31496063,
  48.629269 -23.177827 0.31496063,48.626272 -23.192893 0.31496063,
  48.629269 -23.207959 0.31496063,48.637804 -23.220732 0.31496063,
  48.650576 -23.229266 0.31496063,48.665643 -23.232263 0.31496063,
  48.921548 -23.232263 0.31496063,48.936614 -23.229266 0.31496063,
  48.949387 -23.220732 0.31496063,48.957921 -23.207959 0.31496063,
  46.677454 -23.035413 0.31496063,46.674457 -23.020346 0.31496063,
  46.665922 -23.007574 0.31496063,46.65315 -22.999039 0.31496063,
  46.638083 -22.996043 0.31496063,46.382178 -22.996043 0.31496063,
  46.367112 -22.999039 0.31496063,46.354339 -23.007574 0.31496063,
  46.345805 -23.020346 0.31496063,46.342808 -23.035413 0.31496063,
  46.345805 -23.050479 0.31496063,46.354339 -23.063252 0.31496063,
  46.367112 -23.071786 0.31496063,46.382178 -23.074783 0.31496063,
  46.638083 -23.074783 0.31496063,46.65315 -23.071786 0.31496063,
  46.665922 -23.063252 0.31496063,46.674457 -23.050479 0.31496063,
  48.960918 -23.035413 0.31496063,48.957921 -23.020346 0.31496063,
  48.949387 -23.007574 0.31496063,48.936614 -22.999039 0.31496063,
  48.921548 -22.996043 0.31496063,48.665643 -22.996043 0.31496063,
  48.650576 -22.999039 0.31496063,48.637804 -23.007574 0.31496063,
  48.629269 -23.020346 0.31496063,48.626272 -23.035413 0.31496063,
  48.629269 -23.050479 0.31496063,48.637804 -23.063252 0.31496063,
  48.650576 -23.071786 0.31496063,48.665643 -23.074783 0.31496063,
  48.921548 -23.074783 0.31496063,48.936614 -23.071786 0.31496063,
  48.949387 -23.063252 0.31496063,48.957921 -23.050479 0.31496063,
  50.005315 -22.789272 0.31496063,50.001127 -22.768217 0.31496063,
  49.9892 -22.750367 0.31496063,49.97135 -22.73844 0.31496063,
  49.950295 -22.734252 0.31496063,49.840256 -22.734252 0.31496063,
  49.819201 -22.73844 0.31496063,49.801351 -22.750367 0.31496063,
  49.789424 -22.768217 0.31496063,49.785236 -22.789272 0.31496063,
  49.785236 -22.91939 0.31496063,49.789424 -22.940445 0.31496063,
  49.801351 -22.958294 0.31496063,49.819201 -22.970221 0.31496063,
  49.840256 -22.974409 0.31496063,49.950295 -22.974409 0.31496063,
  49.97135 -22.970221 0.31496063,49.9892 -22.958294 0.31496063,
  50.001127 -22.940445 0.31496063,50.005315 -22.91939 0.31496063,
  50.38563 -22.789272 0.31496063,50.381442 -22.768217 0.31496063,
  50.369515 -22.750367 0.31496063,50.351665 -22.73844 0.31496063,
  50.33061 -22.734252 0.31496063,50.220571 -22.734252 0.31496063,
  50.199516 -22.73844 0.31496063,50.181666 -22.750367 0.31496063,
  50.169739 -22.768217 0.31496063,50.165551 -22.789272 0.31496063,
  50.165551 -22.91939 0.31496063,50.169739 -22.940445 0.31496063,
  50.181666 -22.958294 0.31496063,50.199516 -22.970221 0.31496063,
  50.220571 -22.974409 0.31496063,50.33061 -22.974409 0.31496063,
  50.351665 -22.970221 0.31496063,50.369515 -22.958294 0.31496063,
  50.381442 -22.940445 0.31496063,50.38563 -22.91939 0.31496063,
  46.478346 -21.650886 0.31496063,46.474158 -21.629831 0.31496063,
  46.462231 -21.611981 0.31496063,46.444382 -21.600054 0.31496063,
  46.423327 -21.595866 0.31496063,46.293209 -21.595866 0.31496063,
  46.272154 -21.600054 0.31496063,46.254304 -21.611981 0.31496063,
  46.242377 -21.629831 0.31496063,46.238189 -21.650886 0.31496063,
  46.238189 -21.760925 0.31496063,46.242377 -21.78198 0.31496063,
  46.254304 -21.79983 0.31496063,46.272154 -21.811757 0.31496063,
  46.293209 -21.815945 0.31496063,46.423327 -21.815945 0.31496063,
  46.444382 -21.811757 0.31496063,46.462231 -21.79983 0.31496063,
  46.474158 -21.78198 0.31496063,46.478346 -21.760925 0.31496063,
  45.871063 -22.749902 0.31496063,45.866875 -22.728846 0.31496063,
  45.854948 -22.710997 0.31496063,45.837098 -22.69907 0.31496063,
  45.816043 -22.694882 0.31496063,45.706004 -22.694882 0.31496063,
  45.684949 -22.69907 0.31496063,45.667099 -22.710997 0.31496063,
  45.655172 -22.728846 0.31496063,45.650984 -22.749902 0.31496063,
  45.650984 -22.88002 0.31496063,45.655172 -22.901075 0.31496063,
  45.667099 -22.918924 0.31496063,45.684949 -22.930851 0.31496063,
  45.706004 -22.935039 0.31496063,45.816043 -22.935039 0.31496063,
  45.837098 -22.930851 0.31496063,45.854948 -22.918924 0.31496063,
  45.866875 -22.901075 0.31496063,45.871063 -22.88002 0.31496063,
  45.490748 -22.749902 0.31496063,45.48656 -22.728846 0.31496063,
  45.474633 -22.710997 0.31496063,45.456783 -22.69907 0.31496063,
  45.435728 -22.694882 0.31496063,45.325689 -22.694882 0.31496063,
  45.304634 -22.69907 0.31496063,45.286784 -22.710997 0.31496063,
  45.274857 -22.728846 0.31496063,45.270669 -22.749902 0.31496063,
  45.270669 -22.88002 0.31496063,45.274857 -22.901075 0.31496063,
  45.286784 -22.918924 0.31496063,45.304634 -22.930851 0.31496063,
  45.325689 -22.935039 0.31496063,45.435728 -22.935039 0.31496063,
  45.456783 -22.930851 0.31496063,45.474633 -22.918924 0.31496063,
  45.48656 -22.901075 0.31496063,45.490748 -22.88002 0.31496063,
  46.677454 -22.877932 0.31496063,46.674457 -22.862866 0.31496063,
  46.665922 -22.850093 0.31496063,46.65315 -22.841559 0.31496063,
  46.638083 -22.838562 0.31496063,46.382178 -22.838562 0.31496063,
  46.367112 -22.841559 0.31496063,46.354339 -22.850093 0.31496063,
  46.345805 -22.862866 0.31496063,46.342808 -22.877932 0.31496063,
  46.345805 -22.892998 0.31496063,46.354339 -22.905771 0.31496063,
  46.367112 -22.914306 0.31496063,46.382178 -22.917302 0.31496063,
  46.638083 -22.917302 0.31496063,46.65315 -22.914306 0.31496063,
  46.665922 -22.905771 0.31496063,46.674457 -22.892998 0.31496063,
  48.960918 -22.877932 0.31496063,48.957921 -22.862866 0.31496063,
  48.949387 -22.850093 0.31496063,48.936614 -22.841559 0.31496063,
  48.921548 -22.838562 0.31496063,48.665643 -22.838562 0.31496063,
  48.650576 -22.841559 0.31496063,48.637804 -22.850093 0.31496063,
  48.629269 -22.862866 0.31496063,48.626272 -22.877932 0.31496063,
  48.629269 -22.892998 0.31496063,48.637804 -22.905771 0.31496063,
  48.650576 -22.914306 0.31496063,48.665643 -22.917302 0.31496063,
  48.921548 -22.917302 0.31496063,48.936614 -22.914306 0.31496063,
  48.949387 -22.905771 0.31496063,48.957921 -22.892998 0.31496063,
  46.677454 -22.720452 0.31496063,46.674457 -22.705386 0.31496063,
  46.665922 -22.692613 0.31496063,46.65315 -22.684079 0.31496063,
  46.638083 -22.681082 0.31496063,46.382178 -22.681082 0.31496063,
  46.367112 -22.684079 0.31496063,46.354339 -22.692613 0.31496063,
  46.345805 -22.705386 0.31496063,46.342808 -22.720452 0.31496063,
  46.345805 -22.735518 0.31496063,46.354339 -22.748291 0.31496063,
  46.367112 -22.756825 0.31496063,46.382178 -22.759822 0.31496063,
  46.638083 -22.759822 0.31496063,46.65315 -22.756825 0.31496063,
  46.665922 -22.748291 0.31496063,46.674457 -22.735518 0.31496063,
  48.960918 -22.720452 0.31496063,48.957921 -22.705386 0.31496063,
  48.949387 -22.692613 0.31496063,48.936614 -22.684079 0.31496063,
  48.921548 -22.681082 0.31496063,48.665643 -22.681082 0.31496063,
  48.650576 -22.684079 0.31496063,48.637804 -22.692613 0.31496063,
  48.629269 -22.705386 0.31496063,48.626272 -22.720452 0.31496063,
  48.629269 -22.735518 0.31496063,48.637804 -22.748291 0.31496063,
  48.650576 -22.756825 0.31496063,48.665643 -22.759822 0.31496063,
  48.921548 -22.759822 0.31496063,48.936614 -22.756825 0.31496063,
  48.949387 -22.748291 0.31496063,48.957921 -22.735518 0.31496063,
  46.825091 -22.316909 0.31496063,46.822094 -22.301843 0.31496063,
  46.81356 -22.28907 0.31496063,46.800787 -22.280535 0.31496063,
  46.785721 -22.277539 0.31496063,46.770655 -22.280535 0.31496063,
  46.757882 -22.28907 0.31496063,46.749348 -22.301843 0.31496063,
  46.746351 -22.316909 0.31496063,46.746351 -22.572814 0.31496063,
  46.749348 -22.58788 0.31496063,46.757882 -22.600653 0.31496063,
  46.770655 -22.609187 0.31496063,46.785721 -22.612184 0.31496063,
  46.800787 -22.609187 0.31496063,46.81356 -22.600653 0.31496063,
  46.822094 -22.58788 0.31496063,46.825091 -22.572814 0.31496063,
  46.982572 -22.316909 0.31496063,46.979575 -22.301843 0.31496063,
  46.971041 -22.28907 0.31496063,46.958268 -22.280535 0.31496063,
  46.943202 -22.277539 0.31496063,46.928135 -22.280535 0.31496063,
  46.915363 -22.28907 0.31496063,46.906828 -22.301843 0.31496063,
  46.903831 -22.316909 0.31496063,46.903831 -22.572814 0.31496063,
  46.906828 -22.58788 0.31496063,46.915363 -22.600653 0.31496063,
  46.928135 -22.609187 0.31496063,46.943202 -22.612184 0.31496063,
  46.958268 -22.609187 0.31496063,46.971041 -22.600653 0.31496063,
  46.979575 -22.58788 0.31496063,46.982572 -22.572814 0.31496063,
  47.140052 -22.316909 0.31496063,47.137055 -22.301843 0.31496063,
  47.128521 -22.28907 0.31496063,47.115748 -22.280535 0.31496063,
  47.100682 -22.277539 0.31496063,47.085616 -22.280535 0.31496063,
  47.072843 -22.28907 0.31496063,47.064309 -22.301843 0.31496063,
  47.061312 -22.316909 0.31496063,47.061312 -22.572814 0.31496063,
  47.064309 -22.58788 0.31496063,47.072843 -22.600653 0.31496063,
  47.085616 -22.609187 0.31496063,47.100682 -22.612184 0.31496063,
  47.115748 -22.609187 0.31496063,47.128521 -22.600653 0.31496063,
  47.137055 -22.58788 0.31496063,47.140052 -22.572814 0.31496063,
  47.297532 -22.316909 0.31496063,47.294535 -22.301843 0.31496063,
  47.286001 -22.28907 0.31496063,47.273228 -22.280535 0.31496063,
  47.258162 -22.277539 0.31496063,47.243096 -22.280535 0.31496063,
  47.230323 -22.28907 0.31496063,47.221789 -22.301843 0.31496063,
  47.218792 -22.316909 0.31496063,47.218792 -22.572814 0.31496063,
  47.221789 -22.58788 0.31496063,47.230323 -22.600653 0.31496063,
  47.243096 -22.609187 0.31496063,47.258162 -22.612184 0.31496063,
  47.273228 -22.609187 0.31496063,47.286001 -22.600653 0.31496063,
  47.294535 -22.58788 0.31496063,47.297532 -22.572814 0.31496063,
  47.455013 -22.316909 0.31496063,47.452016 -22.301843 0.31496063,
  47.443481 -22.28907 0.31496063,47.430709 -22.280535 0.31496063,
  47.415643 -22.277539 0.31496063,47.400576 -22.280535 0.31496063,
  47.387804 -22.28907 0.31496063,47.379269 -22.301843 0.31496063,
  47.376272 -22.316909 0.31496063,47.376272 -22.572814 0.31496063,
  47.379269 -22.58788 0.31496063,47.387804 -22.600653 0.31496063,
  47.400576 -22.609187 0.31496063,47.415643 -22.612184 0.31496063,
  47.430709 -22.609187 0.31496063,47.443481 -22.600653 0.31496063,
  47.452016 -22.58788 0.31496063,47.455013 -22.572814 0.31496063,
  47.612493 -22.316909 0.31496063,47.609496 -22.301843 0.31496063,
  47.600962 -22.28907 0.31496063,47.588189 -22.280535 0.31496063,
  47.573123 -22.277539 0.31496063,47.558057 -22.280535 0.31496063,
  47.545284 -22.28907 0.31496063,47.53675 -22.301843 0.31496063,
  47.533753 -22.316909 0.31496063,47.533753 -22.572814 0.31496063,
  47.53675 -22.58788 0.31496063,47.545284 -22.600653 0.31496063,
  47.558057 -22.609187 0.31496063,47.573123 -22.612184 0.31496063,
  47.588189 -22.609187 0.31496063,47.600962 -22.600653 0.31496063,
  47.609496 -22.58788 0.31496063,47.612493 -22.572814 0.31496063,
  47.769973 -22.316909 0.31496063,47.766976 -22.301843 0.31496063,
  47.758442 -22.28907 0.31496063,47.745669 -22.280535 0.31496063,
  47.730603 -22.277539 0.31496063,47.715537 -22.280535 0.31496063,
  47.702764 -22.28907 0.31496063,47.69423 -22.301843 0.31496063,
  47.691233 -22.316909 0.31496063,47.691233 -22.572814 0.31496063,
  47.69423 -22.58788 0.31496063,47.702764 -22.600653 0.31496063,
  47.715537 -22.609187 0.31496063,47.730603 -22.612184 0.31496063,
  47.745669 -22.609187 0.31496063,47.758442 -22.600653 0.31496063,
  47.766976 -22.58788 0.31496063,47.769973 -22.572814 0.31496063,
  47.927454 -22.316909 0.31496063,47.924457 -22.301843 0.31496063,
  47.915922 -22.28907 0.31496063,47.90315 -22.280535 0.31496063,
  47.888083 -22.277539 0.31496063,47.873017 -22.280535 0.31496063,
  47.860244 -22.28907 0.31496063,47.85171 -22.301843 0.31496063,
  47.848713 -22.316909 0.31496063,47.848713 -22.572814 0.31496063,
  47.85171 -22.58788 0.31496063,47.860244 -22.600653 0.31496063,
  47.873017 -22.609187 0.31496063,47.888083 -22.612184 0.31496063,
  47.90315 -22.609187 0.31496063,47.915922 -22.600653 0.31496063,
  47.924457 -22.58788 0.31496063,47.927454 -22.572814 0.31496063,
  48.084934 -22.316909 0.31496063,48.081937 -22.301843 0.31496063,
  48.073403 -22.28907 0.31496063,48.06063 -22.280535 0.31496063,
  48.045564 -22.277539 0.31496063,48.030498 -22.280535 0.31496063,
  48.017725 -22.28907 0.31496063,48.009191 -22.301843 0.31496063,
  48.006194 -22.316909 0.31496063,48.006194 -22.572814 0.31496063,
  48.009191 -22.58788 0.31496063,48.017725 -22.600653 0.31496063,
  48.030498 -22.609187 0.31496063,48.045564 -22.612184 0.31496063,
  48.06063 -22.609187 0.31496063,48.073403 -22.600653 0.31496063,
  48.081937 -22.58788 0.31496063,48.084934 -22.572814 0.31496063,
  48.480315 -21.589567 0.31496063,48.475894 -21.567344 0.31496063,
  48.463306 -21.548505 0.31496063,48.444467 -21.535917 0.31496063,
  48.422244 -21.531496 0.31496063,48.306102 -21.531496 0.31496063,
  48.28388 -21.535917 0.31496063,48.26504 -21.548505 0.31496063,
  48.252452 -21.567344 0.31496063,48.248031 -21.589567 0.31496063,
  48.248031 -21.71752 0.31496063,48.252452 -21.739743 0.31496063,
  48.26504 -21.758582 0.31496063,48.28388 -21.77117 0.31496063,
  48.306102 -21.775591 0.31496063,48.422244 -21.775591 0.31496063,
  48.444467 -21.77117 0.31496063,48.463306 -21.758582 0.31496063,
  48.475894 -21.739743 0.31496063,48.480315 -21.71752 0.31496063,
  48.242414 -22.316909 0.31496063,48.239417 -22.301843 0.31496063,
  48.230883 -22.28907 0.31496063,48.21811 -22.280535 0.31496063,
  48.203044 -22.277539 0.31496063,48.187978 -22.280535 0.31496063,
  48.175205 -22.28907 0.31496063,48.166671 -22.301843 0.31496063,
  48.163674 -22.316909 0.31496063,48.163674 -22.572814 0.31496063,
  48.166671 -22.58788 0.31496063,48.175205 -22.600653 0.31496063,
  48.187978 -22.609187 0.31496063,48.203044 -22.612184 0.31496063,
  48.21811 -22.609187 0.31496063,48.230883 -22.600653 0.31496063,
  48.239417 -22.58788 0.31496063,48.242414 -22.572814 0.31496063,
  48.399894 -22.316909 0.31496063,48.396898 -22.301843 0.31496063,
  48.388363 -22.28907 0.31496063,48.375591 -22.280535 0.31496063,
  48.360524 -22.277539 0.31496063,48.345458 -22.280535 0.31496063,
  48.332685 -22.28907 0.31496063,48.324151 -22.301843 0.31496063,
  48.321154 -22.316909 0.31496063,48.321154 -22.572814 0.31496063,
  48.324151 -22.58788 0.31496063,48.332685 -22.600653 0.31496063,
  48.345458 -22.609187 0.31496063,48.360524 -22.612184 0.31496063,
  48.375591 -22.609187 0.31496063,48.388363 -22.600653 0.31496063,
  48.396898 -22.58788 0.31496063,48.399894 -22.572814 0.31496063,
  48.557375 -22.316909 0.31496063,48.554378 -22.301843 0.31496063,
  48.545844 -22.28907 0.31496063,48.533071 -22.280535 0.31496063,
  48.518005 -22.277539 0.31496063,48.502939 -22.280535 0.31496063,
  48.490166 -22.28907 0.31496063,48.481631 -22.301843 0.31496063,
  48.478635 -22.316909 0.31496063,48.478635 -22.572814 0.31496063,
  48.481631 -22.58788 0.31496063,48.490166 -22.600653 0.31496063,
  48.502939 -22.609187 0.31496063,48.518005 -22.612184 0.31496063,
  48.533071 -22.609187 0.31496063,48.545844 -22.600653 0.31496063,
  48.554378 -22.58788 0.31496063,48.557375 -22.572814 0.31496063,
  50.175787 -22.415256 0.31496063,50.171599 -22.394201 0.31496063,
  50.159672 -22.376351 0.31496063,50.141823 -22.364424 0.31496063,
  50.120768 -22.360236 0.31496063,50.010728 -22.360236 0.31496063,
  49.989673 -22.364424 0.31496063,49.971824 -22.376351 0.31496063,
  49.959897 -22.394201 0.31496063,49.955709 -22.415256 0.31496063,
  49.955709 -22.545374 0.31496063,49.959897 -22.566429 0.31496063,
  49.971824 -22.584279 0.31496063,49.989673 -22.596206 0.31496063,
  50.010728 -22.600394 0.31496063,50.120768 -22.600394 0.31496063,
  50.141823 -22.596206 0.31496063,50.159672 -22.584279 0.31496063,
  50.171599 -22.566429 0.31496063,50.175787 -22.545374 0.31496063,
  50.556102 -22.415256 0.31496063,50.551914 -22.394201 0.31496063,
  50.539987 -22.376351 0.31496063,50.522138 -22.364424 0.31496063,
  50.501083 -22.360236 0.31496063,50.391043 -22.360236 0.31496063,
  50.369988 -22.364424 0.31496063,50.352139 -22.376351 0.31496063,
  50.340212 -22.394201 0.31496063,50.336024 -22.415256 0.31496063,
  50.336024 -22.545374 0.31496063,50.340212 -22.566429 0.31496063,
  50.352139 -22.584279 0.31496063,50.369988 -22.596206 0.31496063,
  50.391043 -22.600394 0.31496063,50.501083 -22.600394 0.31496063,
  50.522138 -22.596206 0.31496063,50.539987 -22.584279 0.31496063,
  50.551914 -22.566429 0.31496063,50.556102 -22.545374 0.31496063,
  49.805118 -22.425295 0.31496063,49.80093 -22.40424 0.31496063,
  49.789003 -22.386391 0.31496063,49.771154 -22.374464 0.31496063,
  49.750098 -22.370276 0.31496063,49.61998 -22.370276 0.31496063,
  49.598925 -22.374464 0.31496063,49.581076 -22.386391 0.31496063,
  49.569149 -22.40424 0.31496063,49.564961 -22.425295 0.31496063,
  49.564961 -22.535335 0.31496063,49.569149 -22.55639 0.31496063,
  49.581076 -22.574239 0.31496063,49.598925 -22.586166 0.31496063,
  49.61998 -22.590354 0.31496063,49.750098 -22.590354 0.31496063,
  49.771154 -22.586166 0.31496063,49.789003 -22.574239 0.31496063,
  49.80093 -22.55639 0.31496063,49.805118 -22.535335 0.31496063,
  49.450787 -22.418602 0.31496063,49.446599 -22.397547 0.31496063,
  49.434672 -22.379698 0.31496063,49.416823 -22.367771 0.31496063,
  49.395768 -22.363583 0.31496063,49.26565 -22.363583 0.31496063,
  49.244594 -22.367771 0.31496063,49.226745 -22.379698 0.31496063,
  49.214818 -22.397547 0.31496063,49.21063 -22.418602 0.31496063,
  49.21063 -22.528642 0.31496063,49.214818 -22.549697 0.31496063,
  49.226745 -22.567546 0.31496063,49.244594 -22.579473 0.31496063,
  49.26565 -22.583661 0.31496063,49.395768 -22.583661 0.31496063,
  49.416823 -22.579473 0.31496063,49.434672 -22.567546 0.31496063,
  49.446599 -22.549697 0.31496063,49.450787 -22.528642 0.31496063,
  49.805118 -22.04498 0.31496063,49.80093 -22.023925 0.31496063,
  49.789003 -22.006076 0.31496063,49.771154 -21.994149 0.31496063,
  49.750098 -21.989961 0.31496063,49.61998 -21.989961 0.31496063,
  49.598925 -21.994149 0.31496063,49.581076 -22.006076 0.31496063,
  49.569149 -22.023925 0.31496063,49.564961 -22.04498 0.31496063,
  49.564961 -22.15502 0.31496063,49.569149 -22.176075 0.31496063,
  49.581076 -22.193924 0.31496063,49.598925 -22.205851 0.31496063,
  49.61998 -22.210039 0.31496063,49.750098 -22.210039 0.31496063,
  49.771154 -22.205851 0.31496063,49.789003 -22.193924 0.31496063,
  49.80093 -22.176075 0.31496063,49.805118 -22.15502 0.31496063,
  50.271654 -21.883858 0.31496063,50.266109 -21.855986 0.31496063,
  50.250321 -21.832356 0.31496063,50.226691 -21.816568 0.31496063,
  50.198819 -21.811024 0.31496063,50.05315 -21.811024 0.31496063,
  50.025277 -21.816568 0.31496063,50.001648 -21.832356 0.31496063,
  49.985859 -21.855986 0.31496063,49.980315 -21.883858 0.31496063,
  49.980315 -22.13189 0.31496063,49.985859 -22.159762 0.31496063,
  50.001648 -22.183392 0.31496063,50.025277 -22.19918 0.31496063,
  50.05315 -22.204724 0.31496063,50.198819 -22.204724 0.31496063,
  50.226691 -22.19918 0.31496063,50.250321 -22.183392 0.31496063,
  50.266109 -22.159762 0.31496063,50.271654 -22.13189 0.31496063,
  50.807087 -21.883858 0.31496063,50.801543 -21.855986 0.31496063,
  50.785754 -21.832356 0.31496063,50.762124 -21.816568 0.31496063,
  50.734252 -21.811024 0.31496063,50.588583 -21.811024 0.31496063,
  50.56071 -21.816568 0.31496063,50.537081 -21.832356 0.31496063,
  50.521292 -21.855986 0.31496063,50.515748 -21.883858 0.31496063,
  50.515748 -22.13189 0.31496063,50.521292 -22.159762 0.31496063,
  50.537081 -22.183392 0.31496063,50.56071 -22.19918 0.31496063,
  50.588583 -22.204724 0.31496063,50.734252 -22.204724 0.31496063,
  50.762124 -22.19918 0.31496063,50.785754 -22.183392 0.31496063,
  50.801543 -22.159762 0.31496063,50.807087 -22.13189 0.31496063,
  49.450787 -22.038287 0.31496063,49.446599 -22.017232 0.31496063,
  49.434672 -21.999383 0.31496063,49.416823 -21.987456 0.31496063,
  49.395768 -21.983268 0.31496063,49.26565 -21.983268 0.31496063,
  49.244594 -21.987456 0.31496063,49.226745 -21.999383 0.31496063,
  49.214818 -22.017232 0.31496063,49.21063 -22.038287 0.31496063,
  49.21063 -22.148327 0.31496063,49.214818 -22.169382 0.31496063,
  49.226745 -22.187231 0.31496063,49.244594 -22.199158 0.31496063,
  49.26565 -22.203346 0.31496063,49.395768 -22.203346 0.31496063,
  49.416823 -22.199158 0.31496063,49.434672 -22.187231 0.31496063,
  49.446599 -22.169382 0.31496063,49.450787 -22.148327 0.31496063,
  47.519685 -21.59252 0.31496063,47.514141 -21.564647 0.31496063,
  47.498352 -21.541018 0.31496063,47.474723 -21.525229 0.31496063,
  47.44685 -21.519685 0.31496063,47.198819 -21.519685 0.31496063,
  47.170946 -21.525229 0.31496063,47.147317 -21.541018 0.31496063,
  47.131528 -21.564647 0.31496063,47.125984 -21.59252 0.31496063,
  47.125984 -21.738189 0.31496063,47.131528 -21.766061 0.31496063,
  47.147317 -21.789691 0.31496063,47.170946 -21.80548 0.31496063,
  47.198819 -21.811024 0.31496063,47.44685 -21.811024 0.31496063,
  47.474723 -21.80548 0.31496063,47.498352 -21.789691 0.31496063,
  47.514141 -21.766061 0.31496063,47.519685 -21.738189 0.31496063,
  49.427756 -21.352264 0.31496063,49.423568 -21.331209 0.31496063,
  49.411641 -21.313359 0.31496063,49.393791 -21.301432 0.31496063,
  49.372736 -21.297244 0.31496063,49.262697 -21.297244 0.31496063,
  49.241642 -21.301432 0.31496063,49.223792 -21.313359 0.31496063,
  49.211865 -21.331209 0.31496063,49.207677 -21.352264 0.31496063,
  49.207677 -21.482382 0.31496063,49.211865 -21.503437 0.31496063,
  49.223792 -21.521287 0.31496063,49.241642 -21.533213 0.31496063,
  49.262697 -21.537402 0.31496063,49.372736 -21.537402 0.31496063,
  49.393791 -21.533213 0.31496063,49.411641 -21.521287 0.31496063,
  49.423568 -21.503437 0.31496063,49.427756 -21.482382 0.31496063,
  49.808071 -21.352264 0.31496063,49.803883 -21.331209 0.31496063,
  49.791956 -21.313359 0.31496063,49.774106 -21.301432 0.31496063,
  49.753051 -21.297244 0.31496063,49.643012 -21.297244 0.31496063,
  49.621957 -21.301432 0.31496063,49.604107 -21.313359 0.31496063,
  49.59218 -21.331209 0.31496063,49.587992 -21.352264 0.31496063,
  49.587992 -21.482382 0.31496063,49.59218 -21.503437 0.31496063,
  49.604107 -21.521287 0.31496063,49.621957 -21.533213 0.31496063,
  49.643012 -21.537402 0.31496063,49.753051 -21.537402 0.31496063,
  49.774106 -21.533213 0.31496063,49.791956 -21.521287 0.31496063,
  49.803883 -21.503437 0.31496063,49.808071 -21.482382 0.31496063,
  46.931102 -21.277264 0.31496063,46.926914 -21.256209 0.31496063,
  46.914987 -21.238359 0.31496063,46.897138 -21.226432 0.31496063,
  46.876083 -21.222244 0.31496063,46.745965 -21.222244 0.31496063,
  46.724909 -21.226432 0.31496063,46.70706 -21.238359 0.31496063,
  46.695133 -21.256209 0.31496063,46.690945 -21.277264 0.31496063,
  46.690945 -21.387303 0.31496063,46.695133 -21.408358 0.31496063,
  46.70706 -21.426208 0.31496063,46.724909 -21.438135 0.31496063,
  46.745965 -21.442323 0.31496063,46.876083 -21.442323 0.31496063,
  46.897138 -21.438135 0.31496063,46.914987 -21.426208 0.31496063,
  46.926914 -21.408358 0.31496063,46.931102 -21.387303 0.31496063,
  46.478346 -21.270571 0.31496063,46.474158 -21.249516 0.31496063,
  46.462231 -21.231666 0.31496063,46.444382 -21.219739 0.31496063,
  46.423327 -21.215551 0.31496063,46.293209 -21.215551 0.31496063,
  46.272154 -21.219739 0.31496063,46.254304 -21.231666 0.31496063,
  46.242377 -21.249516 0.31496063,46.238189 -21.270571 0.31496063,
  46.238189 -21.38061 0.31496063,46.242377 -21.401665 0.31496063,
  46.254304 -21.419515 0.31496063,46.272154 -21.431442 0.31496063,
  46.293209 -21.43563 0.31496063,46.423327 -21.43563 0.31496063,
  46.444382 -21.431442 0.31496063,46.462231 -21.419515 0.31496063,
  46.474158 -21.401665 0.31496063,46.478346 -21.38061 0.31496063,
  48.505906 -21.178445 0.31496063,48.501717 -21.15739 0.31496063,
  48.489791 -21.13954 0.31496063,48.471941 -21.127613 0.31496063,
  48.450886 -21.123425 0.31496063,48.320768 -21.123425 0.31496063,
  48.299713 -21.127613 0.31496063,48.281863 -21.13954 0.31496063,
  48.269936 -21.15739 0.31496063,48.265748 -21.178445 0.31496063,
  48.265748 -21.288484 0.31496063,48.269936 -21.309539 0.31496063,
  48.281863 -21.327389 0.31496063,48.299713 -21.339316 0.31496063,
  48.320768 -21.343504 0.31496063,48.450886 -21.343504 0.31496063,
  48.471941 -21.339316 0.31496063,48.489791 -21.327389 0.31496063,
  48.501717 -21.309539 0.31496063,48.505906 -21.288484 0.31496063,
  47.519685 -21.057087 0.31496063,47.514141 -21.029214 0.31496063,
  47.498352 -21.005585 0.31496063,47.474723 -20.989796 0.31496063,
  47.44685 -20.984252 0.31496063,47.198819 -20.984252 0.31496063,
  47.170946 -20.989796 0.31496063,47.147317 -21.005585 0.31496063,
  47.131528 -21.029214 0.31496063,47.125984 -21.057087 0.31496063,
  47.125984 -21.202756 0.31496063,47.131528 -21.230628 0.31496063,
  47.147317 -21.254258 0.31496063,47.170946 -21.270046 0.31496063,
  47.198819 -21.275591 0.31496063,47.44685 -21.275591 0.31496063,
  47.474723 -21.270046 0.31496063,47.498352 -21.254258 0.31496063,
  47.514141 -21.230628 0.31496063,47.519685 -21.202756 0.31496063,
  48.505906 -20.79813 0.31496063,48.501717 -20.777075 0.31496063,
  48.489791 -20.759225 0.31496063,48.471941 -20.747298 0.31496063,
  48.450886 -20.74311 0.31496063,48.320768 -20.74311 0.31496063,
  48.299713 -20.747298 0.31496063,48.281863 -20.759225 0.31496063,
  48.269936 -20.777075 0.31496063,48.265748 -20.79813 0.31496063,
  48.265748 -20.908169 0.31496063,48.269936 -20.929224 0.31496063,
  48.281863 -20.947074 0.31496063,48.299713 -20.959001 0.31496063,
  48.320768 -20.963189 0.31496063,48.450886 -20.963189 0.31496063,
  48.471941 -20.959001 0.31496063,48.489791 -20.947074 0.31496063,
  48.501717 -20.929224 0.31496063,48.505906 -20.908169 0.31496063,
  48.482874 -20.368012 0.31496063,48.478686 -20.346957 0.31496063,
  48.466759 -20.329107 0.31496063,48.448909 -20.31718 0.31496063,
  48.427854 -20.312992 0.31496063,48.317815 -20.312992 0.31496063,
  48.29676 -20.31718 0.31496063,48.27891 -20.329107 0.31496063,
  48.266983 -20.346957 0.31496063,48.262795 -20.368012 0.31496063,
  48.262795 -20.49813 0.31496063,48.266983 -20.519185 0.31496063,
  48.27891 -20.537035 0.31496063,48.29676 -20.548961 0.31496063,
  48.317815 -20.55315 0.31496063,48.427854 -20.55315 0.31496063,
  48.448909 -20.548961 0.31496063,48.466759 -20.537035 0.31496063,
  48.478686 -20.519185 0.31496063,48.482874 -20.49813 0.31496063,
  48.863189 -20.368012 0.31496063,48.859001 -20.346957 0.31496063,
  48.847074 -20.329107 0.31496063,48.829224 -20.31718 0.31496063,
  48.808169 -20.312992 0.31496063,48.69813 -20.312992 0.31496063,
  48.677075 -20.31718 0.31496063,48.659225 -20.329107 0.31496063,
  48.647298 -20.346957 0.31496063,48.64311 -20.368012 0.31496063,
  48.64311 -20.49813 0.31496063,48.647298 -20.519185 0.31496063,
  48.659225 -20.537035 0.31496063,48.677075 -20.548961 0.31496063,
  48.69813 -20.55315 0.31496063,48.808169 -20.55315 0.31496063,
  48.829224 -20.548961 0.31496063,48.847074 -20.537035 0.31496063,
  48.859001 -20.519185 0.31496063,48.863189 -20.49813 0.31496063,
  51.784403 -26.934498 0.31496063,51.737648 -26.981253 0.31496063,
  51.70247 -27.037239 0.31496063,51.680631 -27.099649 0.31496063,
  51.673228 -27.165354 0.31496063,51.680631 -27.231059 0.31496063,
  51.70247 -27.29347 0.31496063,51.737648 -27.349456 0.31496063,
  51.784403 -27.39621 0.31496063,51.840389 -27.431389 0.31496063,
  51.902799 -27.453227 0.31496063,51.968504 -27.46063 0.31496063,
  52.034209 -27.453227 0.31496063,52.096619 -27.431389 0.31496063,
  52.152605 -27.39621 0.31496063,52.19936 -27.349456 0.31496063,
  52.234538 -27.29347 0.31496063,52.256376 -27.231059 0.31496063,
  52.26378 -27.165354 0.31496063,52.256376 -27.099649 0.31496063,
  52.234538 -27.037239 0.31496063,52.19936 -26.981253 0.31496063,
  52.152605 -26.934498 0.31496063,52.096619 -26.89932 0.31496063,
  52.034209 -26.877482 0.31496063,51.968504 -26.870079 0.31496063,
  51.902799 -26.877482 0.31496063,51.840389 -26.89932 0.31496063,
  51.799213 -27.165354 0.31496063,51.812099 -27.100569 0.31496063,
  51.848797 -27.045647 0.31496063,51.903719 -27.00895 0.31496063,
  51.968504 -26.996063 0.31496063,52.033289 -27.00895 0.31496063,
  52.088211 -27.045647 0.31496063,52.124909 -27.100569 0.31496063,
  52.137795 -27.165354 0.31496063,52.124909 -27.230139 0.31496063,
  52.088211 -27.285061 0.31496063,52.033289 -27.321759 0.31496063,
  51.968504 -27.334646 0.31496063,51.903719 -27.321759 0.31496063,
  51.848797 -27.285061 0.31496063,51.812099 -27.230139 0.31496063,
  51.784403 -26.147097 0.31496063,51.737648 -26.193852 0.31496063,
  51.70247 -26.249837 0.31496063,51.680631 -26.312248 0.31496063,
  51.673228 -26.377953 0.31496063,51.680631 -26.443658 0.31496063,
  51.70247 -26.506068 0.31496063,51.737648 -26.562054 0.31496063,
  51.784403 -26.608809 0.31496063,51.840389 -26.643987 0.31496063,
  51.902799 -26.665825 0.31496063,51.968504 -26.673228 0.31496063,
  52.034209 -26.665825 0.31496063,52.096619 -26.643987 0.31496063,
  52.152605 -26.608809 0.31496063,52.19936 -26.562054 0.31496063,
  52.234538 -26.506068 0.31496063,52.256376 -26.443658 0.31496063,
  52.26378 -26.377953 0.31496063,52.256376 -26.312248 0.31496063,
  52.234538 -26.249837 0.31496063,52.19936 -26.193852 0.31496063,
  52.152605 -26.147097 0.31496063,52.096619 -26.111919 0.31496063,
  52.034209 -26.09008 0.31496063,51.968504 -26.082677 0.31496063,
  51.902799 -26.09008 0.31496063,51.840389 -26.111919 0.31496063,
  51.799213 -26.377953 0.31496063,51.812099 -26.313168 0.31496063,
  51.848797 -26.258246 0.31496063,51.903719 -26.221548 0.31496063,
  51.968504 -26.208661 0.31496063,52.033289 -26.221548 0.31496063,
  52.088211 -26.258246 0.31496063,52.124909 -26.313168 0.31496063,
  52.137795 -26.377953 0.31496063,52.124909 -26.442738 0.31496063,
  52.088211 -26.49766 0.31496063,52.033289 -26.534358 0.31496063,
  51.968504 -26.547244 0.31496063,51.903719 -26.534358 0.31496063,
  51.848797 -26.49766 0.31496063,51.812099 -26.442738 0.31496063,
  51.784403 -24.572294 0.31496063,51.737648 -24.619048 0.31496063,
  51.70247 -24.675034 0.31496063,51.680631 -24.737444 0.31496063,
  51.673228 -24.80315 0.31496063,51.680631 -24.868855 0.31496063,
  51.70247 -24.931265 0.31496063,51.737648 -24.987251 0.31496063,
  51.784403 -25.034006 0.31496063,51.840389 -25.069184 0.31496063,
  51.902799 -25.091022 0.31496063,51.968504 -25.098425 0.31496063,
  52.034209 -25.091022 0.31496063,52.096619 -25.069184 0.31496063,
  52.152605 -25.034006 0.31496063,52.19936 -24.987251 0.31496063,
  52.234538 -24.931265 0.31496063,52.256376 -24.868855 0.31496063,
  52.26378 -24.80315 0.31496063,52.256376 -24.737444 0.31496063,
  52.234538 -24.675034 0.31496063,52.19936 -24.619048 0.31496063,
  52.152605 -24.572294 0.31496063,52.096619 -24.537115 0.31496063,
  52.034209 -24.515277 0.31496063,51.968504 -24.507874 0.31496063,
  51.902799 -24.515277 0.31496063,51.840389 -24.537115 0.31496063,
  51.799213 -24.80315 0.31496063,51.812099 -24.738365 0.31496063,
  51.848797 -24.683443 0.31496063,51.903719 -24.646745 0.31496063,
  51.968504 -24.633858 0.31496063,52.033289 -24.646745 0.31496063,
  52.088211 -24.683443 0.31496063,52.124909 -24.738365 0.31496063,
  52.137795 -24.80315 0.31496063,52.124909 -24.867935 0.31496063,
  52.088211 -24.922857 0.31496063,52.033289 -24.959554 0.31496063,
  51.968504 -24.972441 0.31496063,51.903719 -24.959554 0.31496063,
  51.848797 -24.922857 0.31496063,51.812099 -24.867935 0.31496063,
  51.784403 -25.359695 0.31496063,51.737648 -25.40645 0.31496063,
  51.70247 -25.462436 0.31496063,51.680631 -25.524846 0.31496063,
  51.673228 -25.590551 0.31496063,51.680631 -25.656256 0.31496063,
  51.70247 -25.718667 0.31496063,51.737648 -25.774652 0.31496063,
  51.784403 -25.821407 0.31496063,51.840389 -25.856585 0.31496063,
  51.902799 -25.878424 0.31496063,51.968504 -25.885827 0.31496063,
  52.034209 -25.878424 0.31496063,52.096619 -25.856585 0.31496063,
  52.152605 -25.821407 0.31496063,52.19936 -25.774652 0.31496063,
  52.234538 -25.718667 0.31496063,52.256376 -25.656256 0.31496063,
  52.26378 -25.590551 0.31496063,52.256376 -25.524846 0.31496063,
  52.234538 -25.462436 0.31496063,52.19936 -25.40645 0.31496063,
  52.152605 -25.359695 0.31496063,52.096619 -25.324517 0.31496063,
  52.034209 -25.302679 0.31496063,51.968504 -25.295276 0.31496063,
  51.902799 -25.302679 0.31496063,51.840389 -25.324517 0.31496063,
  51.799213 -25.590551 0.31496063,51.812099 -25.525766 0.31496063,
  51.848797 -25.470844 0.31496063,51.903719 -25.434146 0.31496063,
  51.968504 -25.42126 0.31496063,52.033289 -25.434146 0.31496063,
  52.088211 -25.470844 0.31496063,52.124909 -25.525766 0.31496063,
  52.137795 -25.590551 0.31496063,52.124909 -25.655336 0.31496063,
  52.088211 -25.710258 0.31496063,52.033289 -25.746956 0.31496063,
  51.968504 -25.759843 0.31496063,51.903719 -25.746956 0.31496063,
  51.848797 -25.710258 0.31496063,51.812099 -25.655336 0.31496063,
  51.784403 -19.847884 0.31496063,51.737648 -19.894639 0.31496063,
  51.70247 -19.950625 0.31496063,51.680631 -20.013035 0.31496063,
  51.673228 -20.07874 0.31496063,51.680631 -20.144445 0.31496063,
  51.70247 -20.206856 0.31496063,51.737648 -20.262841 0.31496063,
  51.784403 -20.309596 0.31496063,51.840389 -20.344774 0.31496063,
  51.902799 -20.366613 0.31496063,51.968504 -20.374016 0.31496063,
  52.034209 -20.366613 0.31496063,52.096619 -20.344774 0.31496063,
  52.152605 -20.309596 0.31496063,52.19936 -20.262841 0.31496063,
  52.234538 -20.206856 0.31496063,52.256376 -20.144445 0.31496063,
  52.26378 -20.07874 0.31496063,52.256376 -20.013035 0.31496063,
  52.234538 -19.950625 0.31496063,52.19936 -19.894639 0.31496063,
  52.152605 -19.847884 0.31496063,52.096619 -19.812706 0.31496063,
  52.034209 -19.790868 0.31496063,51.968504 -19.783465 0.31496063,
  51.902799 -19.790868 0.31496063,51.840389 -19.812706 0.31496063,
  51.799213 -20.07874 0.31496063,51.812099 -20.013955 0.31496063,
  51.848797 -19.959033 0.31496063,51.903719 -19.922335 0.31496063,
  51.968504 -19.909449 0.31496063,52.033289 -19.922335 0.31496063,
  52.088211 -19.959033 0.31496063,52.124909 -20.013955 0.31496063,
  52.137795 -20.07874 0.31496063,52.124909 -20.143525 0.31496063,
  52.088211 -20.198447 0.31496063,52.033289 -20.235145 0.31496063,
  51.968504 -20.248031 0.31496063,51.903719 -20.235145 0.31496063,
  51.848797 -20.198447 0.31496063,51.812099 -20.143525 0.31496063,
  51.784403 -20.635286 0.31496063,51.737648 -20.682041 0.31496063,
  51.70247 -20.738026 0.31496063,51.680631 -20.800437 0.31496063,
  51.673228 -20.866142 0.31496063,51.680631 -20.931847 0.31496063,
  51.70247 -20.994257 0.31496063,51.737648 -21.050243 0.31496063,
  51.784403 -21.096998 0.31496063,51.840389 -21.132176 0.31496063,
  51.902799 -21.154014 0.31496063,51.968504 -21.161417 0.31496063,
  52.034209 -21.154014 0.31496063,52.096619 -21.132176 0.31496063,
  52.152605 -21.096998 0.31496063,52.19936 -21.050243 0.31496063,
  52.234538 -20.994257 0.31496063,52.256376 -20.931847 0.31496063,
  52.26378 -20.866142 0.31496063,52.256376 -20.800437 0.31496063,
  52.234538 -20.738026 0.31496063,52.19936 -20.682041 0.31496063,
  52.152605 -20.635286 0.31496063,52.096619 -20.600107 0.31496063,
  52.034209 -20.578269 0.31496063,51.968504 -20.570866 0.31496063,
  51.902799 -20.578269 0.31496063,51.840389 -20.600107 0.31496063,
  51.799213 -20.866142 0.31496063,51.812099 -20.801357 0.31496063,
  51.848797 -20.746435 0.31496063,51.903719 -20.709737 0.31496063,
  51.968504 -20.69685 0.31496063,52.033289 -20.709737 0.31496063,
  52.088211 -20.746435 0.31496063,52.124909 -20.801357 0.31496063,
  52.137795 -20.866142 0.31496063,52.124909 -20.930927 0.31496063,
  52.088211 -20.985849 0.31496063,52.033289 -21.022547 0.31496063,
  51.968504 -21.035433 0.31496063,51.903719 -21.022547 0.31496063,
  51.848797 -20.985849 0.31496063,51.812099 -20.930927 0.31496063,
  51.784403 -21.422687 0.31496063,51.737648 -21.469442 0.31496063,
  51.70247 -21.525428 0.31496063,51.680631 -21.587838 0.31496063,
  51.673228 -21.653543 0.31496063,51.680631 -21.719248 0.31496063,
  51.70247 -21.781659 0.31496063,51.737648 -21.837644 0.31496063,
  51.784403 -21.884399 0.31496063,51.840389 -21.919578 0.31496063,
  51.902799 -21.941416 0.31496063,51.968504 -21.948819 0.31496063,
  52.034209 -21.941416 0.31496063,52.096619 -21.919578 0.31496063,
  52.152605 -21.884399 0.31496063,52.19936 -21.837644 0.31496063,
  52.234538 -21.781659 0.31496063,52.256376 -21.719248 0.31496063,
  52.26378 -21.653543 0.31496063,52.256376 -21.587838 0.31496063,
  52.234538 -21.525428 0.31496063,52.19936 -21.469442 0.31496063,
  52.152605 -21.422687 0.31496063,52.096619 -21.387509 0.31496063,
  52.034209 -21.365671 0.31496063,51.968504 -21.358268 0.31496063,
  51.902799 -21.365671 0.31496063,51.840389 -21.387509 0.31496063,
  51.799213 -21.653543 0.31496063,51.812099 -21.588758 0.31496063,
  51.848797 -21.533836 0.31496063,51.903719 -21.497139 0.31496063,
  51.968504 -21.484252 0.31496063,52.033289 -21.497139 0.31496063,
  52.088211 -21.533836 0.31496063,52.124909 -21.588758 0.31496063,
  52.137795 -21.653543 0.31496063,52.124909 -21.718328 0.31496063,
  52.088211 -21.77325 0.31496063,52.033289 -21.809948 0.31496063,
  51.968504 -21.822835 0.31496063,51.903719 -21.809948 0.31496063,
  51.848797 -21.77325 0.31496063,51.812099 -21.718328 0.31496063,
  51.784403 -22.210089 0.31496063,51.737648 -22.256844 0.31496063,
  51.70247 -22.31283 0.31496063,51.680631 -22.37524 0.31496063,
  51.673228 -22.440945 0.31496063,51.680631 -22.50665 0.31496063,
  51.70247 -22.56906 0.31496063,51.737648 -22.625046 0.31496063,
  51.784403 -22.671801 0.31496063,51.840389 -22.706979 0.31496063,
  51.902799 -22.728817 0.31496063,51.968504 -22.73622 0.31496063,
  52.034209 -22.728817 0.31496063,52.096619 -22.706979 0.31496063,
  52.152605 -22.671801 0.31496063,52.19936 -22.625046 0.31496063,
  52.234538 -22.56906 0.31496063,52.256376 -22.50665 0.31496063,
  52.26378 -22.440945 0.31496063,52.256376 -22.37524 0.31496063,
  52.234538 -22.31283 0.31496063,52.19936 -22.256844 0.31496063,
  52.152605 -22.210089 0.31496063,52.096619 -22.174911 0.31496063,
  52.034209 -22.153072 0.31496063,51.968504 -22.145669 0.31496063,
  51.902799 -22.153072 0.31496063,51.840389 -22.174911 0.31496063,
  51.799213 -22.440945 0.31496063,51.812099 -22.37616 0.31496063,
  51.848797 -22.321238 0.31496063,51.903719 -22.28454 0.31496063,
  51.968504 -22.271654 0.31496063,52.033289 -22.28454 0.31496063,
  52.088211 -22.321238 0.31496063,52.124909 -22.37616 0.31496063,
  52.137795 -22.440945 0.31496063,52.124909 -22.50573 0.31496063,
  52.088211 -22.560652 0.31496063,52.033289 -22.59735 0.31496063,
  51.968504 -22.610236 0.31496063,51.903719 -22.59735 0.31496063,
  51.848797 -22.560652 0.31496063,51.812099 -22.50573 0.31496063,
  51.784403 -22.997491 0.31496063,51.737648 -23.044245 0.31496063,
  51.70247 -23.100231 0.31496063,51.680631 -23.162641 0.31496063,
  51.673228 -23.228346 0.31496063,51.680631 -23.294052 0.31496063,
  51.70247 -23.356462 0.31496063,51.737648 -23.412448 0.31496063,
  51.784403 -23.459202 0.31496063,51.840389 -23.494381 0.31496063,
  51.902799 -23.516219 0.31496063,51.968504 -23.523622 0.31496063,
  52.034209 -23.516219 0.31496063,52.096619 -23.494381 0.31496063,
  52.152605 -23.459202 0.31496063,52.19936 -23.412448 0.31496063,
  52.234538 -23.356462 0.31496063,52.256376 -23.294052 0.31496063,
  52.26378 -23.228346 0.31496063,52.256376 -23.162641 0.31496063,
  52.234538 -23.100231 0.31496063,52.19936 -23.044245 0.31496063,
  52.152605 -22.997491 0.31496063,52.096619 -22.962312 0.31496063,
  52.034209 -22.940474 0.31496063,51.968504 -22.933071 0.31496063,
  51.902799 -22.940474 0.31496063,51.840389 -22.962312 0.31496063,
  51.799213 -23.228346 0.31496063,51.812099 -23.163561 0.31496063,
  51.848797 -23.108639 0.31496063,51.903719 -23.071942 0.31496063,
  51.968504 -23.059055 0.31496063,52.033289 -23.071942 0.31496063,
  52.088211 -23.108639 0.31496063,52.124909 -23.163561 0.31496063,
  52.137795 -23.228346 0.31496063,52.124909 -23.293131 0.31496063,
  52.088211 -23.348054 0.31496063,52.033289 -23.384751 0.31496063,
  51.968504 -23.397638 0.31496063,51.903719 -23.384751 0.31496063,
  51.848797 -23.348054 0.31496063,51.812099 -23.293131 0.31496063,
  51.784403 -23.784892 0.31496063,51.737648 -23.831647 0.31496063,
  51.70247 -23.887633 0.31496063,51.680631 -23.950043 0.31496063,
  51.673228 -24.015748 0.31496063,51.680631 -24.081453 0.31496063,
  51.70247 -24.143863 0.31496063,51.737648 -24.199849 0.31496063,
  51.784403 -24.246604 0.31496063,51.840389 -24.281782 0.31496063,
  51.902799 -24.30362 0.31496063,51.968504 -24.311024 0.31496063,
  52.034209 -24.30362 0.31496063,52.096619 -24.281782 0.31496063,
  52.152605 -24.246604 0.31496063,52.19936 -24.199849 0.31496063,
  52.234538 -24.143863 0.31496063,52.256376 -24.081453 0.31496063,
  52.26378 -24.015748 0.31496063,52.256376 -23.950043 0.31496063,
  52.234538 -23.887633 0.31496063,52.19936 -23.831647 0.31496063,
  52.152605 -23.784892 0.31496063,52.096619 -23.749714 0.31496063,
  52.034209 -23.727876 0.31496063,51.968504 -23.720472 0.31496063,
  51.902799 -23.727876 0.31496063,51.840389 -23.749714 0.31496063,
  51.799213 -24.015748 0.31496063,51.812099 -23.950963 0.31496063,
  51.848797 -23.896041 0.31496063,51.903719 -23.859343 0.31496063,
  51.968504 -23.846457 0.31496063,52.033289 -23.859343 0.31496063,
  52.088211 -23.896041 0.31496063,52.124909 -23.950963 0.31496063,
  52.137795 -24.015748 0.31496063,52.124909 -24.080533 0.31496063,
  52.088211 -24.135455 0.31496063,52.033289 -24.172153 0.31496063,
  51.968504 -24.185039 0.31496063,51.903719 -24.172153 0.31496063,
  51.848797 -24.135455 0.31496063,51.812099 -24.080533 0.31496063,
  43.122985 -23.784892 0.31496063,43.076231 -23.831647 0.31496063,
  43.041052 -23.887633 0.31496063,43.019214 -23.950043 0.31496063,
  43.011811 -24.015748 0.31496063,43.019214 -24.081453 0.31496063,
  43.041052 -24.143863 0.31496063,43.076231 -24.199849 0.31496063,
  43.122985 -24.246604 0.31496063,43.178971 -24.281782 0.31496063,
  43.241381 -24.30362 0.31496063,43.307087 -24.311024 0.31496063,
  43.372792 -24.30362 0.31496063,43.435202 -24.281782 0.31496063,
  43.491188 -24.246604 0.31496063,43.537943 -24.199849 0.31496063,
  43.573121 -24.143863 0.31496063,43.594959 -24.081453 0.31496063,
  43.602362 -24.015748 0.31496063,43.594959 -23.950043 0.31496063,
  43.573121 -23.887633 0.31496063,43.537943 -23.831647 0.31496063,
  43.491188 -23.784892 0.31496063,43.435202 -23.749714 0.31496063,
  43.372792 -23.727876 0.31496063,43.307087 -23.720472 0.31496063,
  43.241381 -23.727876 0.31496063,43.178971 -23.749714 0.31496063,
  43.137795 -24.015748 0.31496063,43.150682 -23.950963 0.31496063,
  43.18738 -23.896041 0.31496063,43.242302 -23.859343 0.31496063,
  43.307087 -23.846457 0.31496063,43.371872 -23.859343 0.31496063,
  43.426794 -23.896041 0.31496063,43.463491 -23.950963 0.31496063,
  43.476378 -24.015748 0.31496063,43.463491 -24.080533 0.31496063,
  43.426794 -24.135455 0.31496063,43.371872 -24.172153 0.31496063,
  43.307087 -24.185039 0.31496063,43.242302 -24.172153 0.31496063,
  43.18738 -24.135455 0.31496063,43.150682 -24.080533 0.31496063,
  43.122985 -22.997491 0.31496063,43.076231 -23.044245 0.31496063,
  43.041052 -23.100231 0.31496063,43.019214 -23.162641 0.31496063,
  43.011811 -23.228346 0.31496063,43.019214 -23.294052 0.31496063,
  43.041052 -23.356462 0.31496063,43.076231 -23.412448 0.31496063,
  43.122985 -23.459202 0.31496063,43.178971 -23.494381 0.31496063,
  43.241381 -23.516219 0.31496063,43.307087 -23.523622 0.31496063,
  43.372792 -23.516219 0.31496063,43.435202 -23.494381 0.31496063,
  43.491188 -23.459202 0.31496063,43.537943 -23.412448 0.31496063,
  43.573121 -23.356462 0.31496063,43.594959 -23.294052 0.31496063,
  43.602362 -23.228346 0.31496063,43.594959 -23.162641 0.31496063,
  43.573121 -23.100231 0.31496063,43.537943 -23.044245 0.31496063,
  43.491188 -22.997491 0.31496063,43.435202 -22.962312 0.31496063,
  43.372792 -22.940474 0.31496063,43.307087 -22.933071 0.31496063,
  43.241381 -22.940474 0.31496063,43.178971 -22.962312 0.31496063,
  43.137795 -23.228346 0.31496063,43.150682 -23.163561 0.31496063,
  43.18738 -23.108639 0.31496063,43.242302 -23.071942 0.31496063,
  43.307087 -23.059055 0.31496063,43.371872 -23.071942 0.31496063,
  43.426794 -23.108639 0.31496063,43.463491 -23.163561 0.31496063,
  43.476378 -23.228346 0.31496063,43.463491 -23.293131 0.31496063,
  43.426794 -23.348054 0.31496063,43.371872 -23.384751 0.31496063,
  43.307087 -23.397638 0.31496063,43.242302 -23.384751 0.31496063,
  43.18738 -23.348054 0.31496063,43.150682 -23.293131 0.31496063,
  43.122985 -22.210089 0.31496063,43.076231 -22.256844 0.31496063,
  43.041052 -22.31283 0.31496063,43.019214 -22.37524 0.31496063,
  43.011811 -22.440945 0.31496063,43.019214 -22.50665 0.31496063,
  43.041052 -22.56906 0.31496063,43.076231 -22.625046 0.31496063,
  43.122985 -22.671801 0.31496063,43.178971 -22.706979 0.31496063,
  43.241381 -22.728817 0.31496063,43.307087 -22.73622 0.31496063,
  43.372792 -22.728817 0.31496063,43.435202 -22.706979 0.31496063,
  43.491188 -22.671801 0.31496063,43.537943 -22.625046 0.31496063,
  43.573121 -22.56906 0.31496063,43.594959 -22.50665 0.31496063,
  43.602362 -22.440945 0.31496063,43.594959 -22.37524 0.31496063,
  43.573121 -22.31283 0.31496063,43.537943 -22.256844 0.31496063,
  43.491188 -22.210089 0.31496063,43.435202 -22.174911 0.31496063,
  43.372792 -22.153072 0.31496063,43.307087 -22.145669 0.31496063,
  43.241381 -22.153072 0.31496063,43.178971 -22.174911 0.31496063,
  43.137795 -22.440945 0.31496063,43.150682 -22.37616 0.31496063,
  43.18738 -22.321238 0.31496063,43.242302 -22.28454 0.31496063,
  43.307087 -22.271654 0.31496063,43.371872 -22.28454 0.31496063,
  43.426794 -22.321238 0.31496063,43.463491 -22.37616 0.31496063,
  43.476378 -22.440945 0.31496063,43.463491 -22.50573 0.31496063,
  43.426794 -22.560652 0.31496063,43.371872 -22.59735 0.31496063,
  43.307087 -22.610236 0.31496063,43.242302 -22.59735 0.31496063,
  43.18738 -22.560652 0.31496063,43.150682 -22.50573 0.31496063,
  43.122985 -21.422687 0.31496063,43.076231 -21.469442 0.31496063,
  43.041052 -21.525428 0.31496063,43.019214 -21.587838 0.31496063,
  43.011811 -21.653543 0.31496063,43.019214 -21.719248 0.31496063,
  43.041052 -21.781659 0.31496063,43.076231 -21.837644 0.31496063,
  43.122985 -21.884399 0.31496063,43.178971 -21.919578 0.31496063,
  43.241381 -21.941416 0.31496063,43.307087 -21.948819 0.31496063,
  43.372792 -21.941416 0.31496063,43.435202 -21.919578 0.31496063,
  43.491188 -21.884399 0.31496063,43.537943 -21.837644 0.31496063,
  43.573121 -21.781659 0.31496063,43.594959 -21.719248 0.31496063,
  43.602362 -21.653543 0.31496063,43.594959 -21.587838 0.31496063,
  43.573121 -21.525428 0.31496063,43.537943 -21.469442 0.31496063,
  43.491188 -21.422687 0.31496063,43.435202 -21.387509 0.31496063,
  43.372792 -21.365671 0.31496063,43.307087 -21.358268 0.31496063,
  43.241381 -21.365671 0.31496063,43.178971 -21.387509 0.31496063,
  43.137795 -21.653543 0.31496063,43.150682 -21.588758 0.31496063,
  43.18738 -21.533836 0.31496063,43.242302 -21.497139 0.31496063,
  43.307087 -21.484252 0.31496063,43.371872 -21.497139 0.31496063,
  43.426794 -21.533836 0.31496063,43.463491 -21.588758 0.31496063,
  43.476378 -21.653543 0.31496063,43.463491 -21.718328 0.31496063,
  43.426794 -21.77325 0.31496063,43.371872 -21.809948 0.31496063,
  43.307087 -21.822835 0.31496063,43.242302 -21.809948 0.31496063,
  43.18738 -21.77325 0.31496063,43.150682 -21.718328 0.31496063,
  43.122985 -20.635286 0.31496063,43.076231 -20.682041 0.31496063,
  43.041052 -20.738026 0.31496063,43.019214 -20.800437 0.31496063,
  43.011811 -20.866142 0.31496063,43.019214 -20.931847 0.31496063,
  43.041052 -20.994257 0.31496063,43.076231 -21.050243 0.31496063,
  43.122985 -21.096998 0.31496063,43.178971 -21.132176 0.31496063,
  43.241381 -21.154014 0.31496063,43.307087 -21.161417 0.31496063,
  43.372792 -21.154014 0.31496063,43.435202 -21.132176 0.31496063,
  43.491188 -21.096998 0.31496063,43.537943 -21.050243 0.31496063,
  43.573121 -20.994257 0.31496063,43.594959 -20.931847 0.31496063,
  43.602362 -20.866142 0.31496063,43.594959 -20.800437 0.31496063,
  43.573121 -20.738026 0.31496063,43.537943 -20.682041 0.31496063,
  43.491188 -20.635286 0.31496063,43.435202 -20.600107 0.31496063,
  43.372792 -20.578269 0.31496063,43.307087 -20.570866 0.31496063,
  43.241381 -20.578269 0.31496063,43.178971 -20.600107 0.31496063,
  43.137795 -20.866142 0.31496063,43.150682 -20.801357 0.31496063,
  43.18738 -20.746435 0.31496063,43.242302 -20.709737 0.31496063,
  43.307087 -20.69685 0.31496063,43.371872 -20.709737 0.31496063,
  43.426794 -20.746435 0.31496063,43.463491 -20.801357 0.31496063,
  43.476378 -20.866142 0.31496063,43.463491 -20.930927 0.31496063,
  43.426794 -20.985849 0.31496063,43.371872 -21.022547 0.31496063,
  43.307087 -21.035433 0.31496063,43.242302 -21.022547 0.31496063,
  43.18738 -20.985849 0.31496063,43.150682 -20.930927 0.31496063,
  43.122985 -19.847884 0.31496063,43.076231 -19.894639 0.31496063,
  43.041052 -19.950625 0.31496063,43.019214 -20.013035 0.31496063,
  43.011811 -20.07874 0.31496063,43.019214 -20.144445 0.31496063,
  43.041052 -20.206856 0.31496063,43.076231 -20.262841 0.31496063,
  43.122985 -20.309596 0.31496063,43.178971 -20.344774 0.31496063,
  43.241381 -20.366613 0.31496063,43.307087 -20.374016 0.31496063,
  43.372792 -20.366613 0.31496063,43.435202 -20.344774 0.31496063,
  43.491188 -20.309596 0.31496063,43.537943 -20.262841 0.31496063,
  43.573121 -20.206856 0.31496063,43.594959 -20.144445 0.31496063,
  43.602362 -20.07874 0.31496063,43.594959 -20.013035 0.31496063,
  43.573121 -19.950625 0.31496063,43.537943 -19.894639 0.31496063,
  43.491188 -19.847884 0.31496063,43.435202 -19.812706 0.31496063,
  43.372792 -19.790868 0.31496063,43.307087 -19.783465 0.31496063,
  43.241381 -19.790868 0.31496063,43.178971 -19.812706 0.31496063,
  43.137795 -20.07874 0.31496063,43.150682 -20.013955 0.31496063,
  43.18738 -19.959033 0.31496063,43.242302 -19.922335 0.31496063,
  43.307087 -19.909449 0.31496063,43.371872 -19.922335 0.31496063,
  43.426794 -19.959033 0.31496063,43.463491 -20.013955 0.31496063,
  43.476378 -20.07874 0.31496063,43.463491 -20.143525 0.31496063,
  43.426794 -20.198447 0.31496063,43.371872 -20.235145 0.31496063,
  43.307087 -20.248031 0.31496063,43.242302 -20.235145 0.31496063,
  43.18738 -20.198447 0.31496063,43.150682 -20.143525 0.31496063,
  43.122985 -25.359695 0.31496063,43.076231 -25.40645 0.31496063,
  43.041052 -25.462436 0.31496063,43.019214 -25.524846 0.31496063,
  43.011811 -25.590551 0.31496063,43.019214 -25.656256 0.31496063,
  43.041052 -25.718667 0.31496063,43.076231 -25.774652 0.31496063,
  43.122985 -25.821407 0.31496063,43.178971 -25.856585 0.31496063,
  43.241381 -25.878424 0.31496063,43.307087 -25.885827 0.31496063,
  43.372792 -25.878424 0.31496063,43.435202 -25.856585 0.31496063,
  43.491188 -25.821407 0.31496063,43.537943 -25.774652 0.31496063,
  43.573121 -25.718667 0.31496063,43.594959 -25.656256 0.31496063,
  43.602362 -25.590551 0.31496063,43.594959 -25.524846 0.31496063,
  43.573121 -25.462436 0.31496063,43.537943 -25.40645 0.31496063,
  43.491188 -25.359695 0.31496063,43.435202 -25.324517 0.31496063,
  43.372792 -25.302679 0.31496063,43.307087 -25.295276 0.31496063,
  43.241381 -25.302679 0.31496063,43.178971 -25.324517 0.31496063,
  43.137795 -25.590551 0.31496063,43.150682 -25.525766 0.31496063,
  43.18738 -25.470844 0.31496063,43.242302 -25.434146 0.31496063,
  43.307087 -25.42126 0.31496063,43.371872 -25.434146 0.31496063,
  43.426794 -25.470844 0.31496063,43.463491 -25.525766 0.31496063,
  43.476378 -25.590551 0.31496063,43.463491 -25.655336 0.31496063,
  43.426794 -25.710258 0.31496063,43.371872 -25.746956 0.31496063,
  43.307087 -25.759843 0.31496063,43.242302 -25.746956 0.31496063,
  43.18738 -25.710258 0.31496063,43.150682 -25.655336 0.31496063,
  43.122985 -24.572294 0.31496063,43.076231 -24.619048 0.31496063,
  43.041052 -24.675034 0.31496063,43.019214 -24.737444 0.31496063,
  43.011811 -24.80315 0.31496063,43.019214 -24.868855 0.31496063,
  43.041052 -24.931265 0.31496063,43.076231 -24.987251 0.31496063,
  43.122985 -25.034006 0.31496063,43.178971 -25.069184 0.31496063,
  43.241381 -25.091022 0.31496063,43.307087 -25.098425 0.31496063,
  43.372792 -25.091022 0.31496063,43.435202 -25.069184 0.31496063,
  43.491188 -25.034006 0.31496063,43.537943 -24.987251 0.31496063,
  43.573121 -24.931265 0.31496063,43.594959 -24.868855 0.31496063,
  43.602362 -24.80315 0.31496063,43.594959 -24.737444 0.31496063,
  43.573121 -24.675034 0.31496063,43.537943 -24.619048 0.31496063,
  43.491188 -24.572294 0.31496063,43.435202 -24.537115 0.31496063,
  43.372792 -24.515277 0.31496063,43.307087 -24.507874 0.31496063,
  43.241381 -24.515277 0.31496063,43.178971 -24.537115 0.31496063,
  43.137795 -24.80315 0.31496063,43.150682 -24.738365 0.31496063,
  43.18738 -24.683443 0.31496063,43.242302 -24.646745 0.31496063,
  43.307087 -24.633858 0.31496063,43.371872 -24.646745 0.31496063,
  43.426794 -24.683443 0.31496063,43.463491 -24.738365 0.31496063,
  43.476378 -24.80315 0.31496063,43.463491 -24.867935 0.31496063,
  43.426794 -24.922857 0.31496063,43.371872 -24.959554 0.31496063,
  43.307087 -24.972441 0.31496063,43.242302 -24.959554 0.31496063,
  43.18738 -24.922857 0.31496063,43.150682 -24.867935 0.31496063,
  43.122985 -26.147097 0.31496063,43.076231 -26.193852 0.31496063,
  43.041052 -26.249837 0.31496063,43.019214 -26.312248 0.31496063,
  43.011811 -26.377953 0.31496063,43.019214 -26.443658 0.31496063,
  43.041052 -26.506068 0.31496063,43.076231 -26.562054 0.31496063,
  43.122985 -26.608809 0.31496063,43.178971 -26.643987 0.31496063,
  43.241381 -26.665825 0.31496063,43.307087 -26.673228 0.31496063,
  43.372792 -26.665825 0.31496063,43.435202 -26.643987 0.31496063,
  43.491188 -26.608809 0.31496063,43.537943 -26.562054 0.31496063,
  43.573121 -26.506068 0.31496063,43.594959 -26.443658 0.31496063,
  43.602362 -26.377953 0.31496063,43.594959 -26.312248 0.31496063,
  43.573121 -26.249837 0.31496063,43.537943 -26.193852 0.31496063,
  43.491188 -26.147097 0.31496063,43.435202 -26.111919 0.31496063,
  43.372792 -26.09008 0.31496063,43.307087 -26.082677 0.31496063,
  43.241381 -26.09008 0.31496063,43.178971 -26.111919 0.31496063,
  43.137795 -26.377953 0.31496063,43.150682 -26.313168 0.31496063,
  43.18738 -26.258246 0.31496063,43.242302 -26.221548 0.31496063,
  43.307087 -26.208661 0.31496063,43.371872 -26.221548 0.31496063,
  43.426794 -26.258246 0.31496063,43.463491 -26.313168 0.31496063,
  43.476378 -26.377953 0.31496063,43.463491 -26.442738 0.31496063,
  43.426794 -26.49766 0.31496063,43.371872 -26.534358 0.31496063,
  43.307087 -26.547244 0.31496063,43.242302 -26.534358 0.31496063,
  43.18738 -26.49766 0.31496063,43.150682 -26.442738 0.31496063,
  43.122985 -26.934498 0.31496063,43.076231 -26.981253 0.31496063,
  43.041052 -27.037239 0.31496063,43.019214 -27.099649 0.31496063,
  43.011811 -27.165354 0.31496063,43.019214 -27.231059 0.31496063,
  43.041052 -27.29347 0.31496063,43.076231 -27.349456 0.31496063,
  43.122985 -27.39621 0.31496063,43.178971 -27.431389 0.31496063,
  43.241381 -27.453227 0.31496063,43.307087 -27.46063 0.31496063,
  43.372792 -27.453227 0.31496063,43.435202 -27.431389 0.31496063,
  43.491188 -27.39621 0.31496063,43.537943 -27.349456 0.31496063,
  43.573121 -27.29347 0.31496063,43.594959 -27.231059 0.31496063,
  43.602362 -27.165354 0.31496063,43.594959 -27.099649 0.31496063,
  43.573121 -27.037239 0.31496063,43.537943 -26.981253 0.31496063,
  43.491188 -26.934498 0.31496063,43.435202 -26.89932 0.31496063,
  43.372792 -26.877482 0.31496063,43.307087 -26.870079 0.31496063,
  43.241381 -26.877482 0.31496063,43.178971 -26.89932 0.31496063,
  43.137795 -27.165354 0.31496063,43.150682 -27.100569 0.31496063,
  43.18738 -27.045647 0.31496063,43.242302 -27.00895 0.31496063,
  43.307087 -26.996063 0.31496063,43.371872 -27.00895 0.31496063,
  43.426794 -27.045647 0.31496063,43.463491 -27.100569 0.31496063,
  43.476378 -27.165354 0.31496063,43.463491 -27.230139 0.31496063,
  43.426794 -27.285061 0.31496063,43.371872 -27.321759 0.31496063,
  43.307087 -27.334646 0.31496063,43.242302 -27.321759 0.31496063,
  43.18738 -27.285061 0.31496063,43.150682 -27.230139 0.31496063] }
 coordIndex [
  9,11,8,-1,8,11,12,-1,8,12,7,-1,7,12,13,-1,7,13,6,-1,6,13,14,-1,6,14,5,-1,5,14,15,-1,
  5,15,4,-1,4,15,16,-1,4,16,3,-1,3,16,17,-1,3,17,2,-1,2,17,18,-1,2,18,1,-1,1,18,19,-1,
  1,19,0,-1,29,31,28,-1,28,31,32,-1,28,32,27,-1,27,32,33,-1,27,33,26,-1,26,33,34,-1,26,34,25,-1,
  25,34,35,-1,25,35,24,-1,24,35,36,-1,24,36,23,-1,23,36,37,-1,23,37,22,-1,22,37,38,-1,22,38,21,-1,
  21,38,39,-1,21,39,20,-1,49,51,48,-1,48,51,52,-1,48,52,47,-1,47,52,53,-1,47,53,46,-1,46,53,54,-1,
  46,54,45,-1,45,54,55,-1,45,55,44,-1,44,55,56,-1,44,56,43,-1,43,56,57,-1,43,57,42,-1,42,57,58,-1,
  42,58,41,-1,41,58,59,-1,41,59,40,-1,69,70,68,-1,68,70,71,-1,68,71,67,-1,67,71,72,-1,67,72,66,-1,
  66,72,73,-1,66,73,65,-1,65,73,74,-1,65,74,64,-1,64,74,75,-1,64,75,63,-1,63,75,76,-1,63,76,62,-1,
  62,76,77,-1,62,77,61,-1,61,77,60,-1,87,88,86,-1,86,88,89,-1,86,89,85,-1,85,89,90,-1,85,90,84,-1,
  84,90,91,-1,84,91,83,-1,83,91,92,-1,83,92,82,-1,82,92,93,-1,82,93,81,-1,81,93,94,-1,81,94,80,-1,
  80,94,95,-1,80,95,79,-1,79,95,78,-1,105,106,104,-1,104,106,107,-1,104,107,103,-1,103,107,108,-1,103,108,102,-1,
  102,108,109,-1,102,109,101,-1,101,109,110,-1,101,110,100,-1,100,110,111,-1,100,111,99,-1,99,111,112,-1,99,112,98,-1,
  98,112,113,-1,98,113,97,-1,97,113,96,-1,123,124,122,-1,122,124,125,-1,122,125,121,-1,121,125,126,-1,121,126,120,-1,
  120,126,127,-1,120,127,119,-1,119,127,128,-1,119,128,118,-1,118,128,129,-1,118,129,117,-1,117,129,130,-1,117,130,116,-1,
  116,130,131,-1,116,131,115,-1,115,131,114,-1,141,142,140,-1,140,142,143,-1,140,143,139,-1,139,143,144,-1,139,144,138,-1,
  138,144,145,-1,138,145,137,-1,137,145,146,-1,137,146,136,-1,136,146,147,-1,136,147,135,-1,135,147,148,-1,135,148,134,-1,
  134,148,149,-1,134,149,133,-1,133,149,132,-1,159,160,158,-1,158,160,161,-1,158,161,157,-1,157,161,162,-1,157,162,156,-1,
  156,162,163,-1,156,163,155,-1,155,163,164,-1,155,164,154,-1,154,164,165,-1,154,165,153,-1,153,165,166,-1,153,166,152,-1,
  152,166,167,-1,152,167,151,-1,151,167,150,-1,177,178,176,-1,176,178,179,-1,176,179,175,-1,175,179,180,-1,175,180,174,-1,
  174,180,181,-1,174,181,173,-1,173,181,182,-1,173,182,172,-1,172,182,183,-1,172,183,171,-1,171,183,184,-1,171,184,170,-1,
  170,184,185,-1,170,185,169,-1,169,185,168,-1,195,196,194,-1,194,196,197,-1,194,197,193,-1,193,197,198,-1,193,198,192,-1,
  192,198,199,-1,192,199,191,-1,191,199,200,-1,191,200,190,-1,190,200,201,-1,190,201,189,-1,189,201,202,-1,189,202,188,-1,
  188,202,203,-1,188,203,187,-1,187,203,186,-1,213,215,212,-1,212,215,216,-1,212,216,211,-1,211,216,217,-1,211,217,210,-1,
  210,217,218,-1,210,218,209,-1,209,218,219,-1,209,219,208,-1,208,219,220,-1,208,220,207,-1,207,220,221,-1,207,221,206,-1,
  206,221,222,-1,206,222,205,-1,205,222,223,-1,205,223,204,-1,233,235,232,-1,232,235,236,-1,232,236,231,-1,231,236,237,-1,
  231,237,230,-1,230,237,238,-1,230,238,229,-1,229,238,239,-1,229,239,228,-1,228,239,240,-1,228,240,227,-1,227,240,241,-1,
  227,241,226,-1,226,241,242,-1,226,242,225,-1,225,242,243,-1,225,243,224,-1,252,254,251,-1,251,254,255,-1,251,255,250,-1,
  250,255,256,-1,250,256,249,-1,249,256,257,-1,249,257,248,-1,248,257,258,-1,248,258,247,-1,247,258,259,-1,247,259,246,-1,
  246,259,260,-1,246,260,245,-1,245,260,261,-1,245,261,244,-1,270,272,269,-1,269,272,273,-1,269,273,268,-1,268,273,274,-1,
  268,274,267,-1,267,274,275,-1,267,275,266,-1,266,275,276,-1,266,276,265,-1,265,276,277,-1,265,277,264,-1,264,277,278,-1,
  264,278,263,-1,263,278,279,-1,263,279,262,-1,288,290,287,-1,287,290,291,-1,287,291,286,-1,286,291,292,-1,286,292,285,-1,
  285,292,293,-1,285,293,284,-1,284,293,294,-1,284,294,283,-1,283,294,295,-1,283,295,282,-1,282,295,296,-1,282,296,281,-1,
  281,296,297,-1,281,297,280,-1,306,308,305,-1,305,308,309,-1,305,309,304,-1,304,309,310,-1,304,310,303,-1,303,310,311,-1,
  303,311,302,-1,302,311,312,-1,302,312,301,-1,301,312,313,-1,301,313,300,-1,300,313,314,-1,300,314,299,-1,299,314,315,-1,
  299,315,298,-1,324,326,323,-1,323,326,327,-1,323,327,322,-1,322,327,328,-1,322,328,321,-1,321,328,329,-1,321,329,320,-1,
  320,329,330,-1,320,330,319,-1,319,330,331,-1,319,331,318,-1,318,331,332,-1,318,332,317,-1,317,332,333,-1,317,333,316,-1,
  342,344,341,-1,341,344,345,-1,341,345,340,-1,340,345,346,-1,340,346,339,-1,339,346,347,-1,339,347,338,-1,338,347,348,-1,
  338,348,337,-1,337,348,349,-1,337,349,336,-1,336,349,350,-1,336,350,335,-1,335,350,351,-1,335,351,334,-1,360,362,359,-1,
  359,362,363,-1,359,363,358,-1,358,363,364,-1,358,364,357,-1,357,364,365,-1,357,365,356,-1,356,365,366,-1,356,366,355,-1,
  355,366,367,-1,355,367,354,-1,354,367,368,-1,354,368,353,-1,353,368,369,-1,353,369,352,-1,378,380,377,-1,377,380,381,-1,
  377,381,376,-1,376,381,382,-1,376,382,375,-1,375,382,383,-1,375,383,374,-1,374,383,384,-1,374,384,373,-1,373,384,385,-1,
  373,385,372,-1,372,385,386,-1,372,386,371,-1,371,386,387,-1,371,387,370,-1,396,398,395,-1,395,398,399,-1,395,399,394,-1,
  394,399,400,-1,394,400,393,-1,393,400,401,-1,393,401,392,-1,392,401,402,-1,392,402,391,-1,391,402,403,-1,391,403,390,-1,
  390,403,404,-1,390,404,389,-1,389,404,405,-1,389,405,388,-1,414,416,413,-1,413,416,417,-1,413,417,412,-1,412,417,418,-1,
  412,418,411,-1,411,418,419,-1,411,419,410,-1,410,419,420,-1,410,420,409,-1,409,420,421,-1,409,421,408,-1,408,421,422,-1,
  408,422,407,-1,407,422,423,-1,407,423,406,-1,432,434,431,-1,431,434,435,-1,431,435,430,-1,430,435,436,-1,430,436,429,-1,
  429,436,437,-1,429,437,428,-1,428,437,438,-1,428,438,427,-1,427,438,439,-1,427,439,426,-1,426,439,440,-1,426,440,425,-1,
  425,440,441,-1,425,441,424,-1,451,453,450,-1,450,453,454,-1,450,454,449,-1,449,454,455,-1,449,455,448,-1,448,455,456,-1,
  448,456,447,-1,447,456,457,-1,447,457,446,-1,446,457,458,-1,446,458,445,-1,445,458,459,-1,445,459,444,-1,444,459,460,-1,
  444,460,443,-1,443,460,461,-1,443,461,442,-1,470,472,469,-1,469,472,473,-1,469,473,468,-1,468,473,474,-1,468,474,467,-1,
  467,474,475,-1,467,475,466,-1,466,475,476,-1,466,476,465,-1,465,476,477,-1,465,477,464,-1,464,477,478,-1,464,478,463,-1,
  463,478,479,-1,463,479,462,-1,489,490,488,-1,488,490,491,-1,488,491,487,-1,487,491,492,-1,487,492,486,-1,486,492,493,-1,
  486,493,485,-1,485,493,494,-1,485,494,484,-1,484,494,495,-1,484,495,483,-1,483,495,496,-1,483,496,482,-1,482,496,497,-1,
  482,497,481,-1,481,497,480,-1,507,508,506,-1,506,508,509,-1,506,509,505,-1,505,509,510,-1,505,510,504,-1,504,510,511,-1,
  504,511,503,-1,503,511,512,-1,503,512,502,-1,502,512,513,-1,502,513,501,-1,501,513,514,-1,501,514,500,-1,500,514,515,-1,
  500,515,499,-1,499,515,498,-1,525,527,524,-1,524,527,528,-1,524,528,523,-1,523,528,529,-1,523,529,522,-1,522,529,530,-1,
  522,530,521,-1,521,530,531,-1,521,531,520,-1,520,531,532,-1,520,532,519,-1,519,532,533,-1,519,533,518,-1,518,533,534,-1,
  518,534,517,-1,517,534,535,-1,517,535,516,-1,545,547,544,-1,544,547,548,-1,544,548,543,-1,543,548,549,-1,543,549,542,-1,
  542,549,550,-1,542,550,541,-1,541,550,551,-1,541,551,540,-1,540,551,552,-1,540,552,539,-1,539,552,553,-1,539,553,538,-1,
  538,553,554,-1,538,554,537,-1,537,554,555,-1,537,555,536,-1,557,558,559,-1,557,559,556,-1,569,570,568,-1,568,570,571,-1,
  568,571,567,-1,567,571,572,-1,567,572,566,-1,566,572,573,-1,566,573,565,-1,565,573,574,-1,565,574,564,-1,564,574,575,-1,
  564,575,563,-1,563,575,576,-1,563,576,562,-1,562,576,577,-1,562,577,561,-1,561,577,560,-1,587,588,586,-1,586,588,589,-1,
  586,589,585,-1,585,589,590,-1,585,590,584,-1,584,590,591,-1,584,591,583,-1,583,591,592,-1,583,592,582,-1,582,592,593,-1,
  582,593,581,-1,581,593,594,-1,581,594,580,-1,580,594,595,-1,580,595,579,-1,579,595,578,-1,605,606,604,-1,604,606,607,-1,
  604,607,603,-1,603,607,608,-1,603,608,602,-1,602,608,609,-1,602,609,601,-1,601,609,610,-1,601,610,600,-1,600,610,611,-1,
  600,611,599,-1,599,611,612,-1,599,612,598,-1,598,612,613,-1,598,613,597,-1,597,613,596,-1,623,624,622,-1,622,624,625,-1,
  622,625,621,-1,621,625,626,-1,621,626,620,-1,620,626,627,-1,620,627,619,-1,619,627,628,-1,619,628,618,-1,618,628,629,-1,
  618,629,617,-1,617,629,630,-1,617,630,616,-1,616,630,631,-1,616,631,615,-1,615,631,614,-1,633,634,635,-1,633,635,632,-1,
  637,638,639,-1,637,639,636,-1,649,650,648,-1,648,650,651,-1,648,651,647,-1,647,651,652,-1,647,652,646,-1,646,652,653,-1,
  646,653,645,-1,645,653,654,-1,645,654,644,-1,644,654,655,-1,644,655,643,-1,643,655,656,-1,643,656,642,-1,642,656,657,-1,
  642,657,641,-1,641,657,640,-1,667,668,666,-1,666,668,669,-1,666,669,665,-1,665,669,670,-1,665,670,664,-1,664,670,671,-1,
  664,671,663,-1,663,671,672,-1,663,672,662,-1,662,672,673,-1,662,673,661,-1,661,673,674,-1,661,674,660,-1,660,674,675,-1,
  660,675,659,-1,659,675,658,-1,685,686,684,-1,684,686,687,-1,684,687,683,-1,683,687,688,-1,683,688,682,-1,682,688,689,-1,
  682,689,681,-1,681,689,690,-1,681,690,680,-1,680,690,691,-1,680,691,679,-1,679,691,692,-1,679,692,678,-1,678,692,693,-1,
  678,693,677,-1,677,693,676,-1,703,704,702,-1,702,704,705,-1,702,705,701,-1,701,705,706,-1,701,706,700,-1,700,706,707,-1,
  700,707,699,-1,699,707,708,-1,699,708,698,-1,698,708,709,-1,698,709,697,-1,697,709,710,-1,697,710,696,-1,696,710,711,-1,
  696,711,695,-1,695,711,694,-1,721,722,720,-1,720,722,723,-1,720,723,719,-1,719,723,724,-1,719,724,718,-1,718,724,725,-1,
  718,725,717,-1,717,725,726,-1,717,726,716,-1,716,726,727,-1,716,727,715,-1,715,727,728,-1,715,728,714,-1,714,728,729,-1,
  714,729,713,-1,713,729,712,-1,739,740,738,-1,738,740,741,-1,738,741,737,-1,737,741,742,-1,737,742,736,-1,736,742,743,-1,
  736,743,735,-1,735,743,744,-1,735,744,734,-1,734,744,745,-1,734,745,733,-1,733,745,746,-1,733,746,732,-1,732,746,747,-1,
  732,747,731,-1,731,747,730,-1,757,759,756,-1,756,759,760,-1,756,760,755,-1,755,760,761,-1,755,761,754,-1,754,761,762,-1,
  754,762,753,-1,753,762,763,-1,753,763,752,-1,752,763,764,-1,752,764,751,-1,751,764,765,-1,751,765,750,-1,750,765,766,-1,
  750,766,749,-1,749,766,767,-1,749,767,748,-1,777,779,776,-1,776,779,780,-1,776,780,775,-1,775,780,781,-1,775,781,774,-1,
  774,781,782,-1,774,782,773,-1,773,782,783,-1,773,783,772,-1,772,783,784,-1,772,784,771,-1,771,784,785,-1,771,785,770,-1,
  770,785,786,-1,770,786,769,-1,769,786,787,-1,769,787,768,-1,797,798,796,-1,796,798,799,-1,796,799,795,-1,795,799,800,-1,
  795,800,794,-1,794,800,801,-1,794,801,793,-1,793,801,802,-1,793,802,792,-1,792,802,803,-1,792,803,791,-1,791,803,804,-1,
  791,804,790,-1,790,804,805,-1,790,805,789,-1,789,805,788,-1,815,816,814,-1,814,816,817,-1,814,817,813,-1,813,817,818,-1,
  813,818,812,-1,812,818,819,-1,812,819,811,-1,811,819,820,-1,811,820,810,-1,810,820,821,-1,810,821,809,-1,809,821,822,-1,
  809,822,808,-1,808,822,823,-1,808,823,807,-1,807,823,806,-1,825,826,827,-1,825,827,824,-1,829,830,831,-1,829,831,828,-1,
  841,842,840,-1,840,842,843,-1,840,843,839,-1,839,843,844,-1,839,844,838,-1,838,844,845,-1,838,845,837,-1,837,845,846,-1,
  837,846,836,-1,836,846,847,-1,836,847,835,-1,835,847,848,-1,835,848,834,-1,834,848,849,-1,834,849,833,-1,833,849,832,-1,
  859,860,858,-1,858,860,861,-1,858,861,857,-1,857,861,862,-1,857,862,856,-1,856,862,863,-1,856,863,855,-1,855,863,864,-1,
  855,864,854,-1,854,864,865,-1,854,865,853,-1,853,865,866,-1,853,866,852,-1,852,866,867,-1,852,867,851,-1,851,867,850,-1,
  877,878,876,-1,876,878,879,-1,876,879,875,-1,875,879,880,-1,875,880,874,-1,874,880,881,-1,874,881,873,-1,873,881,882,-1,
  873,882,872,-1,872,882,883,-1,872,883,871,-1,871,883,884,-1,871,884,870,-1,870,884,885,-1,870,885,869,-1,869,885,868,-1,
  895,896,894,-1,894,896,897,-1,894,897,893,-1,893,897,898,-1,893,898,892,-1,892,898,899,-1,892,899,891,-1,891,899,900,-1,
  891,900,890,-1,890,900,901,-1,890,901,889,-1,889,901,902,-1,889,902,888,-1,888,902,903,-1,888,903,887,-1,887,903,886,-1,
  913,914,912,-1,912,914,915,-1,912,915,911,-1,911,915,916,-1,911,916,910,-1,910,916,917,-1,910,917,909,-1,909,917,918,-1,
  909,918,908,-1,908,918,919,-1,908,919,907,-1,907,919,920,-1,907,920,906,-1,906,920,921,-1,906,921,905,-1,905,921,904,-1,
  931,932,930,-1,930,932,933,-1,930,933,929,-1,929,933,934,-1,929,934,928,-1,928,934,935,-1,928,935,927,-1,927,935,936,-1,
  927,936,926,-1,926,936,937,-1,926,937,925,-1,925,937,938,-1,925,938,924,-1,924,938,939,-1,924,939,923,-1,923,939,922,-1,
  949,951,948,-1,948,951,952,-1,948,952,947,-1,947,952,953,-1,947,953,946,-1,946,953,954,-1,946,954,945,-1,945,954,955,-1,
  945,955,944,-1,944,955,956,-1,944,956,943,-1,943,956,957,-1,943,957,942,-1,942,957,958,-1,942,958,941,-1,941,958,959,-1,
  941,959,940,-1,969,971,968,-1,968,971,972,-1,968,972,967,-1,967,972,973,-1,967,973,966,-1,966,973,974,-1,966,974,965,-1,
  965,974,975,-1,965,975,964,-1,964,975,976,-1,964,976,963,-1,963,976,977,-1,963,977,962,-1,962,977,978,-1,962,978,961,-1,
  961,978,979,-1,961,979,960,-1,989,991,988,-1,988,991,992,-1,988,992,987,-1,987,992,993,-1,987,993,986,-1,986,993,994,-1,
  986,994,985,-1,985,994,995,-1,985,995,984,-1,984,995,996,-1,984,996,983,-1,983,996,997,-1,983,997,982,-1,982,997,998,-1,
  982,998,981,-1,981,998,999,-1,981,999,980,-1,1009,1011,1008,-1,1008,1011,1012,-1,1008,1012,1007,-1,1007,1012,1013,-1,1007,1013,1006,-1,
  1006,1013,1014,-1,1006,1014,1005,-1,1005,1014,1015,-1,1005,1015,1004,-1,1004,1015,1016,-1,1004,1016,1003,-1,1003,1016,1017,-1,1003,1017,1002,-1,
  1002,1017,1018,-1,1002,1018,1001,-1,1001,1018,1019,-1,1001,1019,1000,-1,1029,1031,1028,-1,1028,1031,1032,-1,1028,1032,1027,-1,1027,1032,1033,-1,
  1027,1033,1026,-1,1026,1033,1034,-1,1026,1034,1025,-1,1025,1034,1035,-1,1025,1035,1024,-1,1024,1035,1036,-1,1024,1036,1023,-1,1023,1036,1037,-1,
  1023,1037,1022,-1,1022,1037,1038,-1,1022,1038,1021,-1,1021,1038,1039,-1,1021,1039,1020,-1,1049,1050,1048,-1,1048,1050,1051,-1,1048,1051,1047,-1,
  1047,1051,1052,-1,1047,1052,1046,-1,1046,1052,1053,-1,1046,1053,1045,-1,1045,1053,1054,-1,1045,1054,1044,-1,1044,1054,1055,-1,1044,1055,1043,-1,
  1043,1055,1056,-1,1043,1056,1042,-1,1042,1056,1057,-1,1042,1057,1041,-1,1041,1057,1040,-1,1067,1068,1066,-1,1066,1068,1069,-1,1066,1069,1065,-1,
  1065,1069,1070,-1,1065,1070,1064,-1,1064,1070,1071,-1,1064,1071,1063,-1,1063,1071,1072,-1,1063,1072,1062,-1,1062,1072,1073,-1,1062,1073,1061,-1,
  1061,1073,1074,-1,1061,1074,1060,-1,1060,1074,1075,-1,1060,1075,1059,-1,1059,1075,1058,-1,1085,1086,1084,-1,1084,1086,1087,-1,1084,1087,1083,-1,
  1083,1087,1088,-1,1083,1088,1082,-1,1082,1088,1089,-1,1082,1089,1081,-1,1081,1089,1090,-1,1081,1090,1080,-1,1080,1090,1091,-1,1080,1091,1079,-1,
  1079,1091,1092,-1,1079,1092,1078,-1,1078,1092,1093,-1,1078,1093,1077,-1,1077,1093,1076,-1,1103,1104,1102,-1,1102,1104,1105,-1,1102,1105,1101,-1,
  1101,1105,1106,-1,1101,1106,1100,-1,1100,1106,1107,-1,1100,1107,1099,-1,1099,1107,1108,-1,1099,1108,1098,-1,1098,1108,1109,-1,1098,1109,1097,-1,
  1097,1109,1110,-1,1097,1110,1096,-1,1096,1110,1111,-1,1096,1111,1095,-1,1095,1111,1094,-1,1120,1122,1119,-1,1119,1122,1123,-1,1119,1123,1118,-1,
  1118,1123,1124,-1,1118,1124,1117,-1,1117,1124,1125,-1,1117,1125,1116,-1,1116,1125,1126,-1,1116,1126,1115,-1,1115,1126,1127,-1,1115,1127,1114,-1,
  1114,1127,1128,-1,1114,1128,1113,-1,1113,1128,1129,-1,1113,1129,1112,-1,1138,1140,1137,-1,1137,1140,1141,-1,1137,1141,1136,-1,1136,1141,1142,-1,
  1136,1142,1135,-1,1135,1142,1143,-1,1135,1143,1134,-1,1134,1143,1144,-1,1134,1144,1133,-1,1133,1144,1145,-1,1133,1145,1132,-1,1132,1145,1146,-1,
  1132,1146,1131,-1,1131,1146,1147,-1,1131,1147,1130,-1,1156,1158,1155,-1,1155,1158,1159,-1,1155,1159,1154,-1,1154,1159,1160,-1,1154,1160,1153,-1,
  1153,1160,1161,-1,1153,1161,1152,-1,1152,1161,1162,-1,1152,1162,1151,-1,1151,1162,1163,-1,1151,1163,1150,-1,1150,1163,1164,-1,1150,1164,1149,-1,
  1149,1164,1165,-1,1149,1165,1148,-1,1174,1176,1173,-1,1173,1176,1177,-1,1173,1177,1172,-1,1172,1177,1178,-1,1172,1178,1171,-1,1171,1178,1179,-1,
  1171,1179,1170,-1,1170,1179,1180,-1,1170,1180,1169,-1,1169,1180,1181,-1,1169,1181,1168,-1,1168,1181,1182,-1,1168,1182,1167,-1,1167,1182,1183,-1,
  1167,1183,1166,-1,1192,1194,1191,-1,1191,1194,1195,-1,1191,1195,1190,-1,1190,1195,1196,-1,1190,1196,1189,-1,1189,1196,1197,-1,1189,1197,1188,-1,
  1188,1197,1198,-1,1188,1198,1187,-1,1187,1198,1199,-1,1187,1199,1186,-1,1186,1199,1200,-1,1186,1200,1185,-1,1185,1200,1201,-1,1185,1201,1184,-1,
  1210,1212,1209,-1,1209,1212,1213,-1,1209,1213,1208,-1,1208,1213,1214,-1,1208,1214,1207,-1,1207,1214,1215,-1,1207,1215,1206,-1,1206,1215,1216,-1,
  1206,1216,1205,-1,1205,1216,1217,-1,1205,1217,1204,-1,1204,1217,1218,-1,1204,1218,1203,-1,1203,1218,1219,-1,1203,1219,1202,-1,1228,1230,1227,-1,
  1227,1230,1231,-1,1227,1231,1226,-1,1226,1231,1232,-1,1226,1232,1225,-1,1225,1232,1233,-1,1225,1233,1224,-1,1224,1233,1234,-1,1224,1234,1223,-1,
  1223,1234,1235,-1,1223,1235,1222,-1,1222,1235,1236,-1,1222,1236,1221,-1,1221,1236,1237,-1,1221,1237,1220,-1,1246,1248,1245,-1,1245,1248,1249,-1,
  1245,1249,1244,-1,1244,1249,1250,-1,1244,1250,1243,-1,1243,1250,1251,-1,1243,1251,1242,-1,1242,1251,1252,-1,1242,1252,1241,-1,1241,1252,1253,-1,
  1241,1253,1240,-1,1240,1253,1254,-1,1240,1254,1239,-1,1239,1254,1255,-1,1239,1255,1238,-1,1264,1266,1263,-1,1263,1266,1267,-1,1263,1267,1262,-1,
  1262,1267,1268,-1,1262,1268,1261,-1,1261,1268,1269,-1,1261,1269,1260,-1,1260,1269,1270,-1,1260,1270,1259,-1,1259,1270,1271,-1,1259,1271,1258,-1,
  1258,1271,1272,-1,1258,1272,1257,-1,1257,1272,1273,-1,1257,1273,1256,-1,1283,1285,1282,-1,1282,1285,1286,-1,1282,1286,1281,-1,1281,1286,1287,-1,
  1281,1287,1280,-1,1280,1287,1288,-1,1280,1288,1279,-1,1279,1288,1289,-1,1279,1289,1278,-1,1278,1289,1290,-1,1278,1290,1277,-1,1277,1290,1291,-1,
  1277,1291,1276,-1,1276,1291,1292,-1,1276,1292,1275,-1,1275,1292,1293,-1,1275,1293,1274,-1,1302,1304,1301,-1,1301,1304,1305,-1,1301,1305,1300,-1,
  1300,1305,1306,-1,1300,1306,1299,-1,1299,1306,1307,-1,1299,1307,1298,-1,1298,1307,1308,-1,1298,1308,1297,-1,1297,1308,1309,-1,1297,1309,1296,-1,
  1296,1309,1310,-1,1296,1310,1295,-1,1295,1310,1311,-1,1295,1311,1294,-1,1320,1322,1319,-1,1319,1322,1323,-1,1319,1323,1318,-1,1318,1323,1324,-1,
  1318,1324,1317,-1,1317,1324,1325,-1,1317,1325,1316,-1,1316,1325,1326,-1,1316,1326,1315,-1,1315,1326,1327,-1,1315,1327,1314,-1,1314,1327,1328,-1,
  1314,1328,1313,-1,1313,1328,1329,-1,1313,1329,1312,-1,1338,1340,1337,-1,1337,1340,1341,-1,1337,1341,1336,-1,1336,1341,1342,-1,1336,1342,1335,-1,
  1335,1342,1343,-1,1335,1343,1334,-1,1334,1343,1344,-1,1334,1344,1333,-1,1333,1344,1345,-1,1333,1345,1332,-1,1332,1345,1346,-1,1332,1346,1331,-1,
  1331,1346,1347,-1,1331,1347,1330,-1,1357,1359,1356,-1,1356,1359,1360,-1,1356,1360,1355,-1,1355,1360,1361,-1,1355,1361,1354,-1,1354,1361,1362,-1,
  1354,1362,1353,-1,1353,1362,1363,-1,1353,1363,1352,-1,1352,1363,1364,-1,1352,1364,1351,-1,1351,1364,1365,-1,1351,1365,1350,-1,1350,1365,1366,-1,
  1350,1366,1349,-1,1349,1366,1367,-1,1349,1367,1348,-1,1377,1379,1376,-1,1376,1379,1380,-1,1376,1380,1375,-1,1375,1380,1381,-1,1375,1381,1374,-1,
  1374,1381,1382,-1,1374,1382,1373,-1,1373,1382,1383,-1,1373,1383,1372,-1,1372,1383,1384,-1,1372,1384,1371,-1,1371,1384,1385,-1,1371,1385,1370,-1,
  1370,1385,1386,-1,1370,1386,1369,-1,1369,1386,1387,-1,1369,1387,1368,-1,1397,1399,1396,-1,1396,1399,1400,-1,1396,1400,1395,-1,1395,1400,1401,-1,
  1395,1401,1394,-1,1394,1401,1402,-1,1394,1402,1393,-1,1393,1402,1403,-1,1393,1403,1392,-1,1392,1403,1404,-1,1392,1404,1391,-1,1391,1404,1405,-1,
  1391,1405,1390,-1,1390,1405,1406,-1,1390,1406,1389,-1,1389,1406,1407,-1,1389,1407,1388,-1,1417,1419,1416,-1,1416,1419,1420,-1,1416,1420,1415,-1,
  1415,1420,1421,-1,1415,1421,1414,-1,1414,1421,1422,-1,1414,1422,1413,-1,1413,1422,1423,-1,1413,1423,1412,-1,1412,1423,1424,-1,1412,1424,1411,-1,
  1411,1424,1425,-1,1411,1425,1410,-1,1410,1425,1426,-1,1410,1426,1409,-1,1409,1426,1427,-1,1409,1427,1408,-1,1437,1439,1436,-1,1436,1439,1440,-1,
  1436,1440,1435,-1,1435,1440,1441,-1,1435,1441,1434,-1,1434,1441,1442,-1,1434,1442,1433,-1,1433,1442,1443,-1,1433,1443,1432,-1,1432,1443,1444,-1,
  1432,1444,1431,-1,1431,1444,1445,-1,1431,1445,1430,-1,1430,1445,1446,-1,1430,1446,1429,-1,1429,1446,1447,-1,1429,1447,1428,-1,1457,1459,1456,-1,
  1456,1459,1460,-1,1456,1460,1455,-1,1455,1460,1461,-1,1455,1461,1454,-1,1454,1461,1462,-1,1454,1462,1453,-1,1453,1462,1463,-1,1453,1463,1452,-1,
  1452,1463,1464,-1,1452,1464,1451,-1,1451,1464,1465,-1,1451,1465,1450,-1,1450,1465,1466,-1,1450,1466,1449,-1,1449,1466,1467,-1,1449,1467,1448,-1,
  1477,1479,1476,-1,1476,1479,1480,-1,1476,1480,1475,-1,1475,1480,1481,-1,1475,1481,1474,-1,1474,1481,1482,-1,1474,1482,1473,-1,1473,1482,1483,-1,
  1473,1483,1472,-1,1472,1483,1484,-1,1472,1484,1471,-1,1471,1484,1485,-1,1471,1485,1470,-1,1470,1485,1486,-1,1470,1486,1469,-1,1469,1486,1487,-1,
  1469,1487,1468,-1,1497,1499,1496,-1,1496,1499,1500,-1,1496,1500,1495,-1,1495,1500,1501,-1,1495,1501,1494,-1,1494,1501,1502,-1,1494,1502,1493,-1,
  1493,1502,1503,-1,1493,1503,1492,-1,1492,1503,1504,-1,1492,1504,1491,-1,1491,1504,1505,-1,1491,1505,1490,-1,1490,1505,1506,-1,1490,1506,1489,-1,
  1489,1506,1507,-1,1489,1507,1488,-1,1517,1519,1516,-1,1516,1519,1520,-1,1516,1520,1515,-1,1515,1520,1521,-1,1515,1521,1514,-1,1514,1521,1522,-1,
  1514,1522,1513,-1,1513,1522,1523,-1,1513,1523,1512,-1,1512,1523,1524,-1,1512,1524,1511,-1,1511,1524,1525,-1,1511,1525,1510,-1,1510,1525,1526,-1,
  1510,1526,1509,-1,1509,1526,1527,-1,1509,1527,1508,-1,1537,1539,1536,-1,1536,1539,1540,-1,1536,1540,1535,-1,1535,1540,1541,-1,1535,1541,1534,-1,
  1534,1541,1542,-1,1534,1542,1533,-1,1533,1542,1543,-1,1533,1543,1532,-1,1532,1543,1544,-1,1532,1544,1531,-1,1531,1544,1545,-1,1531,1545,1530,-1,
  1530,1545,1546,-1,1530,1546,1529,-1,1529,1546,1547,-1,1529,1547,1528,-1,1557,1559,1556,-1,1556,1559,1560,-1,1556,1560,1555,-1,1555,1560,1561,-1,
  1555,1561,1554,-1,1554,1561,1562,-1,1554,1562,1553,-1,1553,1562,1563,-1,1553,1563,1552,-1,1552,1563,1564,-1,1552,1564,1551,-1,1551,1564,1565,-1,
  1551,1565,1550,-1,1550,1565,1566,-1,1550,1566,1549,-1,1549,1566,1567,-1,1549,1567,1548,-1,1577,1579,1576,-1,1576,1579,1580,-1,1576,1580,1575,-1,
  1575,1580,1581,-1,1575,1581,1574,-1,1574,1581,1582,-1,1574,1582,1573,-1,1573,1582,1583,-1,1573,1583,1572,-1,1572,1583,1584,-1,1572,1584,1571,-1,
  1571,1584,1585,-1,1571,1585,1570,-1,1570,1585,1586,-1,1570,1586,1569,-1,1569,1586,1587,-1,1569,1587,1568,-1,1597,1599,1596,-1,1596,1599,1600,-1,
  1596,1600,1595,-1,1595,1600,1601,-1,1595,1601,1594,-1,1594,1601,1602,-1,1594,1602,1593,-1,1593,1602,1603,-1,1593,1603,1592,-1,1592,1603,1604,-1,
  1592,1604,1591,-1,1591,1604,1605,-1,1591,1605,1590,-1,1590,1605,1606,-1,1590,1606,1589,-1,1589,1606,1607,-1,1589,1607,1588,-1,1617,1619,1616,-1,
  1616,1619,1620,-1,1616,1620,1615,-1,1615,1620,1621,-1,1615,1621,1614,-1,1614,1621,1622,-1,1614,1622,1613,-1,1613,1622,1623,-1,1613,1623,1612,-1,
  1612,1623,1624,-1,1612,1624,1611,-1,1611,1624,1625,-1,1611,1625,1610,-1,1610,1625,1626,-1,1610,1626,1609,-1,1609,1626,1627,-1,1609,1627,1608,-1,
  1637,1639,1636,-1,1636,1639,1640,-1,1636,1640,1635,-1,1635,1640,1641,-1,1635,1641,1634,-1,1634,1641,1642,-1,1634,1642,1633,-1,1633,1642,1643,-1,
  1633,1643,1632,-1,1632,1643,1644,-1,1632,1644,1631,-1,1631,1644,1645,-1,1631,1645,1630,-1,1630,1645,1646,-1,1630,1646,1629,-1,1629,1646,1647,-1,
  1629,1647,1628,-1,1657,1659,1656,-1,1656,1659,1660,-1,1656,1660,1655,-1,1655,1660,1661,-1,1655,1661,1654,-1,1654,1661,1662,-1,1654,1662,1653,-1,
  1653,1662,1663,-1,1653,1663,1652,-1,1652,1663,1664,-1,1652,1664,1651,-1,1651,1664,1665,-1,1651,1665,1650,-1,1650,1665,1666,-1,1650,1666,1649,-1,
  1649,1666,1667,-1,1649,1667,1648,-1,1677,1679,1676,-1,1676,1679,1680,-1,1676,1680,1675,-1,1675,1680,1681,-1,1675,1681,1674,-1,1674,1681,1682,-1,
  1674,1682,1673,-1,1673,1682,1683,-1,1673,1683,1672,-1,1672,1683,1684,-1,1672,1684,1671,-1,1671,1684,1685,-1,1671,1685,1670,-1,1670,1685,1686,-1,
  1670,1686,1669,-1,1669,1686,1687,-1,1669,1687,1668,-1,1697,1699,1696,-1,1696,1699,1700,-1,1696,1700,1695,-1,1695,1700,1701,-1,1695,1701,1694,-1,
  1694,1701,1702,-1,1694,1702,1693,-1,1693,1702,1703,-1,1693,1703,1692,-1,1692,1703,1704,-1,1692,1704,1691,-1,1691,1704,1705,-1,1691,1705,1690,-1,
  1690,1705,1706,-1,1690,1706,1689,-1,1689,1706,1707,-1,1689,1707,1688,-1,1726,1727,1725,-1,1725,1727,1728,-1,1725,1728,1724,-1,1724,1728,1729,-1,
  1724,1729,1723,-1,1723,1729,1730,-1,1723,1730,1722,-1,1722,1730,1744,-1,1722,1744,1745,-1,1739,1740,1733,-1,1733,1740,1741,-1,1733,1741,1732,-1,
  1732,1741,1742,-1,1732,1742,1731,-1,1731,1742,1743,-1,1731,1743,1730,-1,1730,1743,1744,-1,1736,1737,1735,-1,1735,1737,1738,-1,1735,1738,1734,-1,
  1734,1738,1739,-1,1734,1739,1733,-1,1712,1713,1711,-1,1711,1713,1714,-1,1711,1714,1710,-1,1710,1714,1715,-1,1710,1715,1709,-1,1709,1715,1716,-1,
  1709,1716,1708,-1,1708,1716,1736,-1,1708,1736,1735,-1,1722,1745,1721,-1,1721,1745,1746,-1,1721,1746,1720,-1,1720,1746,1747,-1,1720,1747,1748,-1,
  1720,1748,1719,-1,1719,1748,1749,-1,1719,1749,1718,-1,1718,1749,1750,-1,1718,1750,1717,-1,1717,1750,1751,-1,1717,1751,1736,-1,1770,1771,1769,-1,
  1769,1771,1772,-1,1769,1772,1768,-1,1768,1772,1773,-1,1768,1773,1767,-1,1767,1773,1774,-1,1767,1774,1766,-1,1766,1774,1788,-1,1766,1788,1789,-1,
  1783,1784,1777,-1,1777,1784,1785,-1,1777,1785,1776,-1,1776,1785,1786,-1,1776,1786,1775,-1,1775,1786,1787,-1,1775,1787,1774,-1,1774,1787,1788,-1,
  1780,1781,1779,-1,1779,1781,1782,-1,1779,1782,1778,-1,1778,1782,1783,-1,1778,1783,1777,-1,1756,1757,1755,-1,1755,1757,1758,-1,1755,1758,1754,-1,
  1754,1758,1759,-1,1754,1759,1753,-1,1753,1759,1760,-1,1753,1760,1752,-1,1752,1760,1780,-1,1752,1780,1779,-1,1766,1789,1765,-1,1765,1789,1790,-1,
  1765,1790,1764,-1,1764,1790,1791,-1,1764,1791,1792,-1,1764,1792,1763,-1,1763,1792,1793,-1,1763,1793,1762,-1,1762,1793,1794,-1,1762,1794,1761,-1,
  1761,1794,1795,-1,1761,1795,1780,-1,1814,1815,1813,-1,1813,1815,1816,-1,1813,1816,1812,-1,1812,1816,1817,-1,1812,1817,1811,-1,1811,1817,1818,-1,
  1811,1818,1810,-1,1810,1818,1832,-1,1810,1832,1833,-1,1827,1828,1821,-1,1821,1828,1829,-1,1821,1829,1820,-1,1820,1829,1830,-1,1820,1830,1819,-1,
  1819,1830,1831,-1,1819,1831,1818,-1,1818,1831,1832,-1,1824,1825,1823,-1,1823,1825,1826,-1,1823,1826,1822,-1,1822,1826,1827,-1,1822,1827,1821,-1,
  1800,1801,1799,-1,1799,1801,1802,-1,1799,1802,1798,-1,1798,1802,1803,-1,1798,1803,1797,-1,1797,1803,1804,-1,1797,1804,1796,-1,1796,1804,1824,-1,
  1796,1824,1823,-1,1810,1833,1809,-1,1809,1833,1834,-1,1809,1834,1808,-1,1808,1834,1835,-1,1808,1835,1836,-1,1808,1836,1807,-1,1807,1836,1837,-1,
  1807,1837,1806,-1,1806,1837,1838,-1,1806,1838,1805,-1,1805,1838,1839,-1,1805,1839,1824,-1,1858,1859,1857,-1,1857,1859,1860,-1,1857,1860,1856,-1,
  1856,1860,1861,-1,1856,1861,1855,-1,1855,1861,1862,-1,1855,1862,1854,-1,1854,1862,1876,-1,1854,1876,1877,-1,1871,1872,1865,-1,1865,1872,1873,-1,
  1865,1873,1864,-1,1864,1873,1874,-1,1864,1874,1863,-1,1863,1874,1875,-1,1863,1875,1862,-1,1862,1875,1876,-1,1868,1869,1867,-1,1867,1869,1870,-1,
  1867,1870,1866,-1,1866,1870,1871,-1,1866,1871,1865,-1,1844,1845,1843,-1,1843,1845,1846,-1,1843,1846,1842,-1,1842,1846,1847,-1,1842,1847,1841,-1,
  1841,1847,1848,-1,1841,1848,1840,-1,1840,1848,1868,-1,1840,1868,1867,-1,1854,1877,1853,-1,1853,1877,1878,-1,1853,1878,1852,-1,1852,1878,1879,-1,
  1852,1879,1880,-1,1852,1880,1851,-1,1851,1880,1881,-1,1851,1881,1850,-1,1850,1881,1882,-1,1850,1882,1849,-1,1849,1882,1883,-1,1849,1883,1868,-1,
  1902,1903,1901,-1,1901,1903,1904,-1,1901,1904,1900,-1,1900,1904,1905,-1,1900,1905,1899,-1,1899,1905,1906,-1,1899,1906,1898,-1,1898,1906,1920,-1,
  1898,1920,1921,-1,1915,1916,1909,-1,1909,1916,1917,-1,1909,1917,1908,-1,1908,1917,1918,-1,1908,1918,1907,-1,1907,1918,1919,-1,1907,1919,1906,-1,
  1906,1919,1920,-1,1912,1913,1911,-1,1911,1913,1914,-1,1911,1914,1910,-1,1910,1914,1915,-1,1910,1915,1909,-1,1888,1889,1887,-1,1887,1889,1890,-1,
  1887,1890,1886,-1,1886,1890,1891,-1,1886,1891,1885,-1,1885,1891,1892,-1,1885,1892,1884,-1,1884,1892,1912,-1,1884,1912,1911,-1,1898,1921,1897,-1,
  1897,1921,1922,-1,1897,1922,1896,-1,1896,1922,1923,-1,1896,1923,1924,-1,1896,1924,1895,-1,1895,1924,1925,-1,1895,1925,1894,-1,1894,1925,1926,-1,
  1894,1926,1893,-1,1893,1926,1927,-1,1893,1927,1912,-1,1946,1947,1945,-1,1945,1947,1948,-1,1945,1948,1944,-1,1944,1948,1949,-1,1944,1949,1943,-1,
  1943,1949,1950,-1,1943,1950,1942,-1,1942,1950,1964,-1,1942,1964,1965,-1,1959,1960,1953,-1,1953,1960,1961,-1,1953,1961,1952,-1,1952,1961,1962,-1,
  1952,1962,1951,-1,1951,1962,1963,-1,1951,1963,1950,-1,1950,1963,1964,-1,1956,1957,1955,-1,1955,1957,1958,-1,1955,1958,1954,-1,1954,1958,1959,-1,
  1954,1959,1953,-1,1932,1933,1931,-1,1931,1933,1934,-1,1931,1934,1930,-1,1930,1934,1935,-1,1930,1935,1929,-1,1929,1935,1936,-1,1929,1936,1928,-1,
  1928,1936,1956,-1,1928,1956,1955,-1,1942,1965,1941,-1,1941,1965,1966,-1,1941,1966,1940,-1,1940,1966,1967,-1,1940,1967,1968,-1,1940,1968,1939,-1,
  1939,1968,1969,-1,1939,1969,1938,-1,1938,1969,1970,-1,1938,1970,1937,-1,1937,1970,1971,-1,1937,1971,1956,-1,1990,1991,1989,-1,1989,1991,1992,-1,
  1989,1992,1988,-1,1988,1992,1993,-1,1988,1993,1987,-1,1987,1993,1994,-1,1987,1994,1986,-1,1986,1994,2008,-1,1986,2008,2009,-1,2003,2004,1997,-1,
  1997,2004,2005,-1,1997,2005,1996,-1,1996,2005,2006,-1,1996,2006,1995,-1,1995,2006,2007,-1,1995,2007,1994,-1,1994,2007,2008,-1,2000,2001,1999,-1,
  1999,2001,2002,-1,1999,2002,1998,-1,1998,2002,2003,-1,1998,2003,1997,-1,1976,1977,1975,-1,1975,1977,1978,-1,1975,1978,1974,-1,1974,1978,1979,-1,
  1974,1979,1973,-1,1973,1979,1980,-1,1973,1980,1972,-1,1972,1980,2000,-1,1972,2000,1999,-1,1986,2009,1985,-1,1985,2009,2010,-1,1985,2010,1984,-1,
  1984,2010,2011,-1,1984,2011,2012,-1,1984,2012,1983,-1,1983,2012,2013,-1,1983,2013,1982,-1,1982,2013,2014,-1,1982,2014,1981,-1,1981,2014,2015,-1,
  1981,2015,2000,-1,2034,2035,2033,-1,2033,2035,2036,-1,2033,2036,2032,-1,2032,2036,2037,-1,2032,2037,2031,-1,2031,2037,2038,-1,2031,2038,2030,-1,
  2030,2038,2052,-1,2030,2052,2053,-1,2047,2048,2041,-1,2041,2048,2049,-1,2041,2049,2040,-1,2040,2049,2050,-1,2040,2050,2039,-1,2039,2050,2051,-1,
  2039,2051,2038,-1,2038,2051,2052,-1,2044,2045,2043,-1,2043,2045,2046,-1,2043,2046,2042,-1,2042,2046,2047,-1,2042,2047,2041,-1,2020,2021,2019,-1,
  2019,2021,2022,-1,2019,2022,2018,-1,2018,2022,2023,-1,2018,2023,2017,-1,2017,2023,2024,-1,2017,2024,2016,-1,2016,2024,2044,-1,2016,2044,2043,-1,
  2030,2053,2029,-1,2029,2053,2054,-1,2029,2054,2028,-1,2028,2054,2055,-1,2028,2055,2056,-1,2028,2056,2027,-1,2027,2056,2057,-1,2027,2057,2026,-1,
  2026,2057,2058,-1,2026,2058,2025,-1,2025,2058,2059,-1,2025,2059,2044,-1,2078,2079,2077,-1,2077,2079,2080,-1,2077,2080,2076,-1,2076,2080,2081,-1,
  2076,2081,2075,-1,2075,2081,2082,-1,2075,2082,2074,-1,2074,2082,2096,-1,2074,2096,2097,-1,2091,2092,2085,-1,2085,2092,2093,-1,2085,2093,2084,-1,
  2084,2093,2094,-1,2084,2094,2083,-1,2083,2094,2095,-1,2083,2095,2082,-1,2082,2095,2096,-1,2088,2089,2087,-1,2087,2089,2090,-1,2087,2090,2086,-1,
  2086,2090,2091,-1,2086,2091,2085,-1,2064,2065,2063,-1,2063,2065,2066,-1,2063,2066,2062,-1,2062,2066,2067,-1,2062,2067,2061,-1,2061,2067,2068,-1,
  2061,2068,2060,-1,2060,2068,2088,-1,2060,2088,2087,-1,2074,2097,2073,-1,2073,2097,2098,-1,2073,2098,2072,-1,2072,2098,2099,-1,2072,2099,2100,-1,
  2072,2100,2071,-1,2071,2100,2101,-1,2071,2101,2070,-1,2070,2101,2102,-1,2070,2102,2069,-1,2069,2102,2103,-1,2069,2103,2088,-1,2122,2123,2121,-1,
  2121,2123,2124,-1,2121,2124,2120,-1,2120,2124,2125,-1,2120,2125,2119,-1,2119,2125,2126,-1,2119,2126,2118,-1,2118,2126,2140,-1,2118,2140,2141,-1,
  2135,2136,2129,-1,2129,2136,2137,-1,2129,2137,2128,-1,2128,2137,2138,-1,2128,2138,2127,-1,2127,2138,2139,-1,2127,2139,2126,-1,2126,2139,2140,-1,
  2132,2133,2131,-1,2131,2133,2134,-1,2131,2134,2130,-1,2130,2134,2135,-1,2130,2135,2129,-1,2108,2109,2107,-1,2107,2109,2110,-1,2107,2110,2106,-1,
  2106,2110,2111,-1,2106,2111,2105,-1,2105,2111,2112,-1,2105,2112,2104,-1,2104,2112,2132,-1,2104,2132,2131,-1,2118,2141,2117,-1,2117,2141,2142,-1,
  2117,2142,2116,-1,2116,2142,2143,-1,2116,2143,2144,-1,2116,2144,2115,-1,2115,2144,2145,-1,2115,2145,2114,-1,2114,2145,2146,-1,2114,2146,2113,-1,
  2113,2146,2147,-1,2113,2147,2132,-1,2166,2167,2165,-1,2165,2167,2168,-1,2165,2168,2164,-1,2164,2168,2169,-1,2164,2169,2163,-1,2163,2169,2170,-1,
  2163,2170,2162,-1,2162,2170,2184,-1,2162,2184,2185,-1,2179,2180,2173,-1,2173,2180,2181,-1,2173,2181,2172,-1,2172,2181,2182,-1,2172,2182,2171,-1,
  2171,2182,2183,-1,2171,2183,2170,-1,2170,2183,2184,-1,2176,2177,2175,-1,2175,2177,2178,-1,2175,2178,2174,-1,2174,2178,2179,-1,2174,2179,2173,-1,
  2152,2153,2151,-1,2151,2153,2154,-1,2151,2154,2150,-1,2150,2154,2155,-1,2150,2155,2149,-1,2149,2155,2156,-1,2149,2156,2148,-1,2148,2156,2176,-1,
  2148,2176,2175,-1,2162,2185,2161,-1,2161,2185,2186,-1,2161,2186,2160,-1,2160,2186,2187,-1,2160,2187,2188,-1,2160,2188,2159,-1,2159,2188,2189,-1,
  2159,2189,2158,-1,2158,2189,2190,-1,2158,2190,2157,-1,2157,2190,2191,-1,2157,2191,2176,-1,2210,2211,2209,-1,2209,2211,2212,-1,2209,2212,2208,-1,
  2208,2212,2213,-1,2208,2213,2207,-1,2207,2213,2214,-1,2207,2214,2206,-1,2206,2214,2228,-1,2206,2228,2229,-1,2223,2224,2217,-1,2217,2224,2225,-1,
  2217,2225,2216,-1,2216,2225,2226,-1,2216,2226,2215,-1,2215,2226,2227,-1,2215,2227,2214,-1,2214,2227,2228,-1,2220,2221,2219,-1,2219,2221,2222,-1,
  2219,2222,2218,-1,2218,2222,2223,-1,2218,2223,2217,-1,2196,2197,2195,-1,2195,2197,2198,-1,2195,2198,2194,-1,2194,2198,2199,-1,2194,2199,2193,-1,
  2193,2199,2200,-1,2193,2200,2192,-1,2192,2200,2220,-1,2192,2220,2219,-1,2206,2229,2205,-1,2205,2229,2230,-1,2205,2230,2204,-1,2204,2230,2231,-1,
  2204,2231,2232,-1,2204,2232,2203,-1,2203,2232,2233,-1,2203,2233,2202,-1,2202,2233,2234,-1,2202,2234,2201,-1,2201,2234,2235,-1,2201,2235,2220,-1,
  2254,2255,2253,-1,2253,2255,2256,-1,2253,2256,2252,-1,2252,2256,2257,-1,2252,2257,2251,-1,2251,2257,2258,-1,2251,2258,2250,-1,2250,2258,2272,-1,
  2250,2272,2273,-1,2267,2268,2261,-1,2261,2268,2269,-1,2261,2269,2260,-1,2260,2269,2270,-1,2260,2270,2259,-1,2259,2270,2271,-1,2259,2271,2258,-1,
  2258,2271,2272,-1,2264,2265,2263,-1,2263,2265,2266,-1,2263,2266,2262,-1,2262,2266,2267,-1,2262,2267,2261,-1,2240,2241,2239,-1,2239,2241,2242,-1,
  2239,2242,2238,-1,2238,2242,2243,-1,2238,2243,2237,-1,2237,2243,2244,-1,2237,2244,2236,-1,2236,2244,2264,-1,2236,2264,2263,-1,2250,2273,2249,-1,
  2249,2273,2274,-1,2249,2274,2248,-1,2248,2274,2275,-1,2248,2275,2276,-1,2248,2276,2247,-1,2247,2276,2277,-1,2247,2277,2246,-1,2246,2277,2278,-1,
  2246,2278,2245,-1,2245,2278,2279,-1,2245,2279,2264,-1,2298,2299,2297,-1,2297,2299,2300,-1,2297,2300,2296,-1,2296,2300,2301,-1,2296,2301,2295,-1,
  2295,2301,2302,-1,2295,2302,2294,-1,2294,2302,2316,-1,2294,2316,2317,-1,2311,2312,2305,-1,2305,2312,2313,-1,2305,2313,2304,-1,2304,2313,2314,-1,
  2304,2314,2303,-1,2303,2314,2315,-1,2303,2315,2302,-1,2302,2315,2316,-1,2308,2309,2307,-1,2307,2309,2310,-1,2307,2310,2306,-1,2306,2310,2311,-1,
  2306,2311,2305,-1,2284,2285,2283,-1,2283,2285,2286,-1,2283,2286,2282,-1,2282,2286,2287,-1,2282,2287,2281,-1,2281,2287,2288,-1,2281,2288,2280,-1,
  2280,2288,2308,-1,2280,2308,2307,-1,2294,2317,2293,-1,2293,2317,2318,-1,2293,2318,2292,-1,2292,2318,2319,-1,2292,2319,2320,-1,2292,2320,2291,-1,
  2291,2320,2321,-1,2291,2321,2290,-1,2290,2321,2322,-1,2290,2322,2289,-1,2289,2322,2323,-1,2289,2323,2308,-1,2342,2343,2341,-1,2341,2343,2344,-1,
  2341,2344,2340,-1,2340,2344,2345,-1,2340,2345,2339,-1,2339,2345,2346,-1,2339,2346,2338,-1,2338,2346,2360,-1,2338,2360,2361,-1,2355,2356,2349,-1,
  2349,2356,2357,-1,2349,2357,2348,-1,2348,2357,2358,-1,2348,2358,2347,-1,2347,2358,2359,-1,2347,2359,2346,-1,2346,2359,2360,-1,2352,2353,2351,-1,
  2351,2353,2354,-1,2351,2354,2350,-1,2350,2354,2355,-1,2350,2355,2349,-1,2328,2329,2327,-1,2327,2329,2330,-1,2327,2330,2326,-1,2326,2330,2331,-1,
  2326,2331,2325,-1,2325,2331,2332,-1,2325,2332,2324,-1,2324,2332,2352,-1,2324,2352,2351,-1,2338,2361,2337,-1,2337,2361,2362,-1,2337,2362,2336,-1,
  2336,2362,2363,-1,2336,2363,2364,-1,2336,2364,2335,-1,2335,2364,2365,-1,2335,2365,2334,-1,2334,2365,2366,-1,2334,2366,2333,-1,2333,2366,2367,-1,
  2333,2367,2352,-1,2386,2387,2385,-1,2385,2387,2388,-1,2385,2388,2384,-1,2384,2388,2389,-1,2384,2389,2383,-1,2383,2389,2390,-1,2383,2390,2382,-1,
  2382,2390,2404,-1,2382,2404,2405,-1,2399,2400,2393,-1,2393,2400,2401,-1,2393,2401,2392,-1,2392,2401,2402,-1,2392,2402,2391,-1,2391,2402,2403,-1,
  2391,2403,2390,-1,2390,2403,2404,-1,2396,2397,2395,-1,2395,2397,2398,-1,2395,2398,2394,-1,2394,2398,2399,-1,2394,2399,2393,-1,2372,2373,2371,-1,
  2371,2373,2374,-1,2371,2374,2370,-1,2370,2374,2375,-1,2370,2375,2369,-1,2369,2375,2376,-1,2369,2376,2368,-1,2368,2376,2396,-1,2368,2396,2395,-1,
  2382,2405,2381,-1,2381,2405,2406,-1,2381,2406,2380,-1,2380,2406,2407,-1,2380,2407,2408,-1,2380,2408,2379,-1,2379,2408,2409,-1,2379,2409,2378,-1,
  2378,2409,2410,-1,2378,2410,2377,-1,2377,2410,2411,-1,2377,2411,2396,-1,2430,2431,2429,-1,2429,2431,2432,-1,2429,2432,2428,-1,2428,2432,2433,-1,
  2428,2433,2427,-1,2427,2433,2434,-1,2427,2434,2426,-1,2426,2434,2448,-1,2426,2448,2449,-1,2443,2444,2437,-1,2437,2444,2445,-1,2437,2445,2436,-1,
  2436,2445,2446,-1,2436,2446,2435,-1,2435,2446,2447,-1,2435,2447,2434,-1,2434,2447,2448,-1,2440,2441,2439,-1,2439,2441,2442,-1,2439,2442,2438,-1,
  2438,2442,2443,-1,2438,2443,2437,-1,2416,2417,2415,-1,2415,2417,2418,-1,2415,2418,2414,-1,2414,2418,2419,-1,2414,2419,2413,-1,2413,2419,2420,-1,
  2413,2420,2412,-1,2412,2420,2440,-1,2412,2440,2439,-1,2426,2449,2425,-1,2425,2449,2450,-1,2425,2450,2424,-1,2424,2450,2451,-1,2424,2451,2452,-1,
  2424,2452,2423,-1,2423,2452,2453,-1,2423,2453,2422,-1,2422,2453,2454,-1,2422,2454,2421,-1,2421,2454,2455,-1,2421,2455,2440,-1,2474,2475,2473,-1,
  2473,2475,2476,-1,2473,2476,2472,-1,2472,2476,2477,-1,2472,2477,2471,-1,2471,2477,2478,-1,2471,2478,2470,-1,2470,2478,2492,-1,2470,2492,2493,-1,
  2487,2488,2481,-1,2481,2488,2489,-1,2481,2489,2480,-1,2480,2489,2490,-1,2480,2490,2479,-1,2479,2490,2491,-1,2479,2491,2478,-1,2478,2491,2492,-1,
  2484,2485,2483,-1,2483,2485,2486,-1,2483,2486,2482,-1,2482,2486,2487,-1,2482,2487,2481,-1,2460,2461,2459,-1,2459,2461,2462,-1,2459,2462,2458,-1,
  2458,2462,2463,-1,2458,2463,2457,-1,2457,2463,2464,-1,2457,2464,2456,-1,2456,2464,2484,-1,2456,2484,2483,-1,2470,2493,2469,-1,2469,2493,2494,-1,
  2469,2494,2468,-1,2468,2494,2495,-1,2468,2495,2496,-1,2468,2496,2467,-1,2467,2496,2497,-1,2467,2497,2466,-1,2466,2497,2498,-1,2466,2498,2465,-1,
  2465,2498,2499,-1,2465,2499,2484,-1,2518,2519,2517,-1,2517,2519,2520,-1,2517,2520,2516,-1,2516,2520,2521,-1,2516,2521,2515,-1,2515,2521,2522,-1,
  2515,2522,2514,-1,2514,2522,2536,-1,2514,2536,2537,-1,2531,2532,2525,-1,2525,2532,2533,-1,2525,2533,2524,-1,2524,2533,2534,-1,2524,2534,2523,-1,
  2523,2534,2535,-1,2523,2535,2522,-1,2522,2535,2536,-1,2528,2529,2527,-1,2527,2529,2530,-1,2527,2530,2526,-1,2526,2530,2531,-1,2526,2531,2525,-1,
  2504,2505,2503,-1,2503,2505,2506,-1,2503,2506,2502,-1,2502,2506,2507,-1,2502,2507,2501,-1,2501,2507,2508,-1,2501,2508,2500,-1,2500,2508,2528,-1,
  2500,2528,2527,-1,2514,2537,2513,-1,2513,2537,2538,-1,2513,2538,2512,-1,2512,2538,2539,-1,2512,2539,2540,-1,2512,2540,2511,-1,2511,2540,2541,-1,
  2511,2541,2510,-1,2510,2541,2542,-1,2510,2542,2509,-1,2509,2542,2543,-1,2509,2543,2528,-1,2562,2563,2561,-1,2561,2563,2564,-1,2561,2564,2560,-1,
  2560,2564,2565,-1,2560,2565,2559,-1,2559,2565,2566,-1,2559,2566,2558,-1,2558,2566,2580,-1,2558,2580,2581,-1,2575,2576,2569,-1,2569,2576,2577,-1,
  2569,2577,2568,-1,2568,2577,2578,-1,2568,2578,2567,-1,2567,2578,2579,-1,2567,2579,2566,-1,2566,2579,2580,-1,2572,2573,2571,-1,2571,2573,2574,-1,
  2571,2574,2570,-1,2570,2574,2575,-1,2570,2575,2569,-1,2548,2549,2547,-1,2547,2549,2550,-1,2547,2550,2546,-1,2546,2550,2551,-1,2546,2551,2545,-1,
  2545,2551,2552,-1,2545,2552,2544,-1,2544,2552,2572,-1,2544,2572,2571,-1,2558,2581,2557,-1,2557,2581,2582,-1,2557,2582,2556,-1,2556,2582,2583,-1,
  2556,2583,2584,-1,2556,2584,2555,-1,2555,2584,2585,-1,2555,2585,2554,-1,2554,2585,2586,-1,2554,2586,2553,-1,2553,2586,2587,-1,2553,2587,2572,-1,
  2572,2552,2553,-1,2528,2508,2509,-1,2484,2464,2465,-1,2440,2420,2421,-1,2396,2376,2377,-1,2352,2332,2333,-1,2308,2288,2289,-1,2264,2244,2245,-1,
  2220,2200,2201,-1,2176,2156,2157,-1,2132,2112,2113,-1,2088,2068,2069,-1,2044,2024,2025,-1,2000,1980,1981,-1,1956,1936,1937,-1,1912,1892,1893,-1,
  1868,1848,1849,-1,1824,1804,1805,-1,1780,1760,1761,-1,1736,1716,1717,-1,1699,1697,1698,-1,1679,1677,1678,-1,1659,1657,1658,-1,1639,1637,1638,-1,
  1619,1617,1618,-1,1599,1597,1598,-1,1579,1577,1578,-1,1559,1557,1558,-1,1539,1537,1538,-1,1519,1517,1518,-1,1499,1497,1498,-1,1479,1477,1478,-1,
  1459,1457,1458,-1,1439,1437,1438,-1,1419,1417,1418,-1,1399,1397,1398,-1,1379,1377,1378,-1,1359,1357,1358,-1,1340,1338,1339,-1,1322,1320,1321,-1,
  1304,1302,1303,-1,1285,1283,1284,-1,1266,1264,1265,-1,1248,1246,1247,-1,1230,1228,1229,-1,1212,1210,1211,-1,1194,1192,1193,-1,1176,1174,1175,-1,
  1158,1156,1157,-1,1140,1138,1139,-1,1122,1120,1121,-1,1031,1029,1030,-1,1011,1009,1010,-1,991,989,990,-1,971,969,970,-1,951,949,950,-1,
  779,777,778,-1,759,757,758,-1,547,545,546,-1,527,525,526,-1,472,470,471,-1,453,451,452,-1,434,432,433,-1,416,414,415,-1,
  398,396,397,-1,380,378,379,-1,362,360,361,-1,344,342,343,-1,326,324,325,-1,308,306,307,-1,290,288,289,-1,272,270,271,-1,
  254,252,253,-1,235,233,234,-1,215,213,214,-1,51,49,50,-1,31,29,30,-1,11,9,10,-1]
  normalPerVertex TRUE
  normal DEF NORM_3 Normal { vector [
  0 0 1,0 0 1,
  0 0 1,0 0 1,
  0 0 1,0 0 1,
  0 0 1,0 0 1,
  0 0 1,0 0 1,
  0 0 1,0 0 1,
  0 0 1,0 0 1,
  0 0 1,0 0 1,
  0 0 1,0 0 1,
  0 0 1,0 0 1,
  0 0 1,0 0 1,
  0 0 1,0 0 1,
  0 0 1,0 0 1,
  0 0 1,0 0 1,
  0 0 1,0 0 1,
  0 0 1,0 0 1,
  0 0 1,0 0 1,
  0 0 1,0 0 1,
  0 0 1,0 0 1,
  0 0 1,0 0 1,
  0 0 1,0 0 1,
  0 0 1,0 0 1,
  0 0 1,0 0 1,
  0 0 1,0 0 1,
  0 0 1,0 0 1,
  0 0 1,0 0 1,
  0 0 1,0 0 1,
  0 0 1,0 0 1,
  0 0 1,0 0 1,
  0 0 1,0 0 1,
  0 0 1,0 0 1,
  0 0 1,0 0 1,
  0 0 1,0 0 1,
  0 0 1,0 0 1,
  0 0 1,0 0 1,
  0 0 1,0 0 1,
  0 0 1,0 0 1,
  0 0 1,0 0 1,
  0 0 1,0 0 1,
  0 0 1,0 0 1,
  0 0 1,0 0 1,
  0 0 1,0 0 1,
  0 0 1,0 0 1,
  0 0 1,0 0 1,
  0 0 1,0 0 1,
  0 0 1,0 0 1,
  0 0 1,0 0 1,
  0 0 1,0 0 1,
  0 0 1,0 0 1,
  0 0 1,0 0 1,
  0 0 1,0 0 1,
  0 0 1,0 0 1,
  0 0 1,0 0 1,
  0 0 1,0 0 1,
  0 0 1,0 0 1,
  0 0 1,0 0 1,
  0 0 1,0 0 1,
  0 0 1,0 0 1,
  0 0 1,0 0 1,
  0 0 1,0 0 1,
  0 0 1,0 0 1,
  0 0 1,0 0 1,
  0 0 1,0 0 1,
  0 0 1,0 0 1,
  0 0 1,0 0 1,
  0 0 1,0 0 1,
  0 0 1,0 0 1,
  0 0 1,0 0 1,
  0 0 1,0 0 1,
  0 0 1,0 0 1,
  0 0 1,0 0 1,
  0 0 1,0 0 1,
  0 0 1,0 0 1,
  0 0 1,0 0 1,
  0 0 1,0 0 1,
  0 0 1,0 0 1,
  0 0 1,0 0 1,
  0 0 1,0 0 1,
  0 0 1,0 0 1,
  0 0 1,0 0 1,
  0 0 1,0 0 1,
  0 0 1,0 0 1,
  0 0 1,0 0 1,
  0 0 1,0 0 1,
  0 0 1,0 0 1,
  0 0 1,0 0 1,
  0 0 1,0 0 1,
  0 0 1,0 0 1,
  0 0 1,0 0 1,
  0 0 1,0 0 1,
  0 0 1,0 0 1,
  0 0 1,0 0 1,
  0 0 1,0 0 1,
  0 0 1,0 0 1,
  0 0 1,0 0 1,
  0 0 1,0 0 1,
  0 0 1,0 0 1,
  0 0 1,0 0 1,
  0 0 1,0 0 1,
  0 0 1,0 0 1,
  0 0 1,0 0 1,
  0 0 1,0 0 1,
  0 0 1,0 0 1,
  0 0 1,0 0 1,
  0 0 1,0 0 1,
  0 0 1,0 0 1,
  0 0 1,0 0 1,
  0 0 1,0 0 1,
  0 0 1,0 0 1,
  0 0 1,0 0 1,
  0 0 1,0 0 1,
  0 0 1,0 0 1,
  0 0 1,0 0 1,
  0 0 1,0 0 1,
  0 0 1,0 0 1,
  0 0 1,0 0 1,
  0 0 1,0 0 1,
  0 0 1,0 0 1,
  0 0 1,0 0 1,
  0 0 1,0 0 1,
  0 0 1,0 0 1,
  0 0 1,0 0 1,
  0 0 1,0 0 1,
  0 0 1,0 0 1,
  0 0 1,0 0 1,
  0 0 1,0 0 1,
  0 0 1,0 0 1,
  0 0 1,0 0 1,
  0 0 1,0 0 1,
  0 0 1,0 0 1,
  0 0 1,0 0 1,
  0 0 1,0 0 1,
  0 0 1,0 0 1,
  0 0 1,0 0 1,
  0 0 1,0 0 1,
  0 0 1,0 0 1,
  0 0 1,0 0 1,
  0 0 1,0 0 1,
  0 0 1,0 0 1,
  0 0 1,0 0 1,
  0 0 1,0 0 1,
  0 0 1,0 0 1,
  0 0 1,0 0 1,
  0 0 1,0 0 1,
  0 0 1,0 0 1,
  0 0 1,0 0 1,
  0 0 1,0 0 1,
  0 0 1,0 0 1,
  0 0 1,0 0 1,
  0 0 1,0 0 1,
  0 0 1,0 0 1,
  0 0 1,0 0 1,
  0 0 1,0 0 1,
  0 0 1,0 0 1,
  0 0 1,0 0 1,
  0 0 1,0 0 1,
  0 0 1,0 0 1,
  0 0 1,0 0 1,
  0 0 1,0 0 1,
  0 0 1,0 0 1,
  0 0 1,0 0 1,
  0 0 1,0 0 1,
  0 0 1,0 0 1,
  0 0 1,0 0 1,
  0 0 1,0 0 1,
  0 0 1,0 0 1,
  0 0 1,0 0 1,
  0 0 1,0 0 1,
  0 0 1,0 0 1,
  0 0 1,0 0 1,
  0 0 1,0 0 1,
  0 0 1,0 0 1,
  0 0 1,0 0 1,
  0 0 1,0 0 1,
  0 0 1,0 0 1,
  0 0 1,0 0 1,
  0 0 1,0 0 1,
  0 0 1,0 0 1,
  0 0 1,0 0 1,
  0 0 1,0 0 1,
  0 0 1,0 0 1,
  0 0 1,0 0 1,
  0 0 1,0 0 1,
  0 0 1,0 0 1,
  0 0 1,0 0 1,
  0 0 1,0 0 1,
  0 0 1,0 0 1,
  0 0 1,0 0 1,
  0 0 1,0 0 1,
  0 0 1,0 0 1,
  0 0 1,0 0 1,
  0 0 1,0 0 1,
  0 0 1,0 0 1,
  0 0 1,0 0 1,
  0 0 1,0 0 1,
  0 0 1,0 0 1,
  0 0 1,0 0 1,
  0 0 1,0 0 1,
  0 0 1,0 0 1,
  0 0 1,0 0 1,
  0 0 1,0 0 1,
  0 0 1,0 0 1,
  0 0 1,0 0 1,
  0 0 1,0 0 1,
  0 0 1,0 0 1,
  0 0 1,0 0 1,
  0 0 1,0 0 1,
  0 0 1,0 0 1,
  0 0 1,0 0 1,
  0 0 1,0 0 1,
  0 0 1,0 0 1,
  0 0 1,0 0 1,
  0 0 1,0 0 1,
  0 0 1,0 0 1,
  0 0 1,0 0 1,
  0 0 1,0 0 1,
  0 0 1,0 0 1,
  0 0 1,0 0 1,
  0 0 1,0 0 1,
  0 0 1,0 0 1,
  0 0 1,0 0 1,
  0 0 1,0 0 1,
  0 0 1,0 0 1,
  0 0 1,0 0 1,
  0 0 1,0 0 1,
  0 0 1,0 0 1,
  0 0 1,0 0 1,
  0 0 1,0 0 1,
  0 0 1,0 0 1,
  0 0 1,0 0 1,
  0 0 1,0 0 1,
  0 0 1,0 0 1,
  0 0 1,0 0 1,
  0 0 1,0 0 1,
  0 0 1,0 0 1,
  0 0 1,0 0 1,
  0 0 1,0 0 1,
  0 0 1,0 0 1,
  0 0 1,0 0 1,
  0 0 1,0 0 1,
  0 0 1,0 0 1,
  0 0 1,0 0 1,
  0 0 1,0 0 1,
  0 0 1,0 0 1,
  0 0 1,0 0 1,
  0 0 1,0 0 1,
  0 0 1,0 0 1,
  0 0 1,0 0 1,
  0 0 1,0 0 1,
  0 0 1,0 0 1,
  0 0 1,0 0 1,
  0 0 1,0 0 1,
  0 0 1,0 0 1,
  0 0 1,0 0 1,
  0 0 1,0 0 1,
  0 0 1,0 0 1,
  0 0 1,0 0 1,
  0 0 1,0 0 1,
  0 0 1,0 0 1,
  0 0 1,0 0 1,
  0 0 1,0 0 1,
  0 0 1,0 0 1,
  0 0 1,0 0 1,
  0 0 1,0 0 1,
  0 0 1,0 0 1,
  0 0 1,0 0 1,
  0 0 1,0 0 1,
  0 0 1,0 0 1,
  0 0 1,0 0 1,
  0 0 1,0 0 1,
  0 0 1,0 0 1,
  0 0 1,0 0 1,
  0 0 1,0 0 1,
  0 0 1,0 0 1,
  0 0 1,0 0 1,
  0 0 1,0 0 1,
  0 0 1,0 0 1,
  0 0 1,0 0 1,
  0 0 1,0 0 1,
  0 0 1,0 0 1,
  0 0 1,0 0 1,
  0 0 1,0 0 1,
  0 0 1,0 0 1,
  0 0 1,0 0 1,
  0 0 1,0 0 1,
  0 0 1,0 0 1,
  0 0 1,0 0 1,
  0 0 1,0 0 1,
  0 0 1,0 0 1,
  0 0 1,0 0 1,
  0 0 1,0 0 1,
  0 0 1,0 0 1,
  0 0 1,0 0 1,
  0 0 1,0 0 1,
  0 0 1,0 0 1,
  0 0 1,0 0 1,
  0 0 1,0 0 1,
  0 0 1,0 0 1,
  0 0 1,0 0 1,
  0 0 1,0 0 1,
  0 0 1,0 0 1,
  0 0 1,0 0 1,
  0 0 1,0 0 1,
  0 0 1,0 0 1,
  0 0 1,0 0 1,
  0 0 1,0 0 1,
  0 0 1,0 0 1,
  0 0 1,0 0 1,
  0 0 1,0 0 1,
  0 0 1,0 0 1,
  0 0 1,0 0 1,
  0 0 1,0 0 1,
  0 0 1,0 0 1,
  0 0 1,0 0 1,
  0 0 1,0 0 1,
  0 0 1,0 0 1,
  0 0 1,0 0 1,
  0 0 1,0 0 1,
  0 0 1,0 0 1,
  0 0 1,0 0 1,
  0 0 1,0 0 1,
  0 0 1,0 0 1,
  0 0 1,0 0 1,
  0 0 1,0 0 1,
  0 0 1,0 0 1,
  0 0 1,0 0 1,
  0 0 1,0 0 1,
  0 0 1,0 0 1,
  0 0 1,0 0 1,
  0 0 1,0 0 1,
  0 0 1,0 0 1,
  0 0 1,0 0 1,
  0 0 1,0 0 1,
  0 0 1,0 0 1,
  0 0 1,0 0 1,
  0 0 1,0 0 1,
  0 0 1,0 0 1,
  0 0 1,0 0 1,
  0 0 1,0 0 1,
  0 0 1,0 0 1,
  0 0 1,0 0 1,
  0 0 1,0 0 1,
  0 0 1,0 0 1,
  0 0 1,0 0 1,
  0 0 1,0 0 1,
  0 0 1,0 0 1,
  0 0 1,0 0 1,
  0 0 1,0 0 1,
  0 0 1,0 0 1,
  0 0 1,0 0 1,
  0 0 1,0 0 1,
  0 0 1,0 0 1,
  0 0 1,0 0 1,
  0 0 1,0 0 1,
  0 0 1,0 0 1,
  0 0 1,0 0 1,
  0 0 1,0 0 1,
  0 0 1,0 0 1,
  0 0 1,0 0 1,
  0 0 1,0 0 1,
  0 0 1,0 0 1,
  0 0 1,0 0 1,
  0 0 1,0 0 1,
  0 0 1,0 0 1,
  0 0 1,0 0 1,
  0 0 1,0 0 1,
  0 0 1,0 0 1,
  0 0 1,0 0 1,
  0 0 1,0 0 1,
  0 0 1,0 0 1,
  0 0 1,0 0 1,
  0 0 1,0 0 1,
  0 0 1,0 0 1,
  0 0 1,0 0 1,
  0 0 1,0 0 1,
  0 0 1,0 0 1,
  0 0 1,0 0 1,
  0 0 1,0 0 1,
  0 0 1,0 0 1,
  0 0 1,0 0 1,
  0 0 1,0 0 1,
  0 0 1,0 0 1,
  0 0 1,0 0 1,
  0 0 1,0 0 1,
  0 0 1,0 0 1,
  0 0 1,0 0 1,
  0 0 1,0 0 1,
  0 0 1,0 0 1,
  0 0 1,0 0 1,
  0 0 1,0 0 1,
  0 0 1,0 0 1,
  0 0 1,0 0 1,
  0 0 1,0 0 1,
  0 0 1,0 0 1,
  0 0 1,0 0 1,
  0 0 1,0 0 1,
  0 0 1,0 0 1,
  0 0 1,0 0 1,
  0 0 1,0 0 1,
  0 0 1,0 0 1,
  0 0 1,0 0 1,
  0 0 1,0 0 1,
  0 0 1,0 0 1,
  0 0 1,0 0 1,
  0 0 1,0 0 1,
  0 0 1,0 0 1,
  0 0 1,0 0 1,
  0 0 1,0 0 1,
  0 0 1,0 0 1,
  0 0 1,0 0 1,
  0 0 1,0 0 1,
  0 0 1,0 0 1,
  0 0 1,0 0 1,
  0 0 1,0 0 1,
  0 0 1,0 0 1,
  0 0 1,0 0 1,
  0 0 1,0 0 1,
  0 0 1,0 0 1,
  0 0 1,0 0 1,
  0 0 1,0 0 1,
  0 0 1,0 0 1,
  0 0 1,0 0 1,
  0 0 1,0 0 1,
  0 0 1,0 0 1,
  0 0 1,0 0 1,
  0 0 1,0 0 1,
  0 0 1,0 0 1,
  0 0 1,0 0 1,
  0 0 1,0 0 1,
  0 0 1,0 0 1,
  0 0 1,0 0 1,
  0 0 1,0 0 1,
  0 0 1,0 0 1,
  0 0 1,0 0 1,
  0 0 1,0 0 1,
  0 0 1,0 0 1,
  0 0 1,0 0 1,
  0 0 1,0 0 1,
  0 0 1,0 0 1,
  0 0 1,0 0 1,
  0 0 1,0 0 1,
  0 0 1,0 0 1,
  0 0 1,0 0 1,
  0 0 1,0 0 1,
  0 0 1,0 0 1,
  0 0 1,0 0 1,
  0 0 1,0 0 1,
  0 0 1,0 0 1,
  0 0 1,0 0 1,
  0 0 1,0 0 1,
  0 0 1,0 0 1,
  0 0 1,0 0 1,
  0 0 1,0 0 1,
  0 0 1,0 0 1,
  0 0 1,0 0 1,
  0 0 1,0 0 1,
  0 0 1,0 0 1,
  0 0 1,0 0 1,
  0 0 1,0 0 1,
  0 0 1,0 0 1,
  0 0 1,0 0 1,
  0 0 1,0 0 1,
  0 0 1,0 0 1,
  0 0 1,0 0 1,
  0 0 1,0 0 1,
  0 0 1,0 0 1,
  0 0 1,0 0 1,
  0 0 1,0 0 1,
  0 0 1,0 0 1,
  0 0 1,0 0 1,
  0 0 1,0 0 1,
  0 0 1,0 0 1,
  0 0 1,0 0 1,
  0 0 1,0 0 1,
  0 0 1,0 0 1,
  0 0 1,0 0 1,
  0 0 1,0 0 1,
  0 0 1,0 0 1,
  0 0 1,0 0 1,
  0 0 1,0 0 1,
  0 0 1,0 0 1,
  0 0 1,0 0 1,
  0 0 1,0 0 1,
  0 0 1,0 0 1,
  0 0 1,0 0 1,
  0 0 1,0 0 1,
  0 0 1,0 0 1,
  0 0 1,0 0 1,
  0 0 1,0 0 1,
  0 0 1,0 0 1,
  0 0 1,0 0 1,
  0 0 1,0 0 1,
  0 0 1,0 0 1,
  0 0 1,0 0 1,
  0 0 1,0 0 1,
  0 0 1,0 0 1,
  0 0 1,0 0 1,
  0 0 1,0 0 1,
  0 0 1,0 0 1,
  0 0 1,0 0 1,
  0 0 1,0 0 1,
  0 0 1,0 0 1,
  0 0 1,0 0 1,
  0 0 1,0 0 1,
  0 0 1,0 0 1,
  0 0 1,0 0 1,
  0 0 1,0 0 1,
  0 0 1,0 0 1,
  0 0 1,0 0 1,
  0 0 1,0 0 1,
  0 0 1,0 0 1,
  0 0 1,0 0 1,
  0 0 1,0 0 1,
  0 0 1,0 0 1,
  0 0 1,0 0 1,
  0 0 1,0 0 1,
  0 0 1,0 0 1,
  0 0 1,0 0 1,
  0 0 1,0 0 1,
  0 0 1,0 0 1,
  0 0 1,0 0 1,
  0 0 1,0 0 1,
  0 0 1,0 0 1,
  0 0 1,0 0 1,
  0 0 1,0 0 1,
  0 0 1,0 0 1,
  0 0 1,0 0 1,
  0 0 1,0 0 1,
  0 0 1,0 0 1,
  0 0 1,0 0 1,
  0 0 1,0 0 1,
  0 0 1,0 0 1,
  0 0 1,0 0 1,
  0 0 1,0 0 1,
  0 0 1,0 0 1,
  0 0 1,0 0 1,
  0 0 1,0 0 1,
  0 0 1,0 0 1,
  0 0 1,0 0 1,
  0 0 1,0 0 1,
  0 0 1,0 0 1,
  0 0 1,0 0 1,
  0 0 1,0 0 1,
  0 0 1,0 0 1,
  0 0 1,0 0 1,
  0 0 1,0 0 1,
  0 0 1,0 0 1,
  0 0 1,0 0 1,
  0 0 1,0 0 1,
  0 0 1,0 0 1,
  0 0 1,0 0 1,
  0 0 1,0 0 1,
  0 0 1,0 0 1,
  0 0 1,0 0 1,
  0 0 1,0 0 1,
  0 0 1,0 0 1,
  0 0 1,0 0 1,
  0 0 1,0 0 1,
  0 0 1,0 0 1,
  0 0 1,0 0 1,
  0 0 1,0 0 1,
  0 0 1,0 0 1,
  0 0 1,0 0 1,
  0 0 1,0 0 1,
  0 0 1,0 0 1,
  0 0 1,0 0 1,
  0 0 1,0 0 1,
  0 0 1,0 0 1,
  0 0 1,0 0 1,
  0 0 1,0 0 1,
  0 0 1,0 0 1,
  0 0 1,0 0 1,
  0 0 1,0 0 1,
  0 0 1,0 0 1,
  0 0 1,0 0 1,
  0 0 1,0 0 1,
  0 0 1,0 0 1,
  0 0 1,0 0 1,
  0 0 1,0 0 1,
  0 0 1,0 0 1,
  0 0 1,0 0 1,
  0 0 1,0 0 1,
  0 0 1,0 0 1,
  0 0 1,0 0 1,
  0 0 1,0 0 1,
  0 0 1,0 0 1,
  0 0 1,0 0 1,
  0 0 1,0 0 1,
  0 0 1,0 0 1,
  0 0 1,0 0 1,
  0 0 1,0 0 1,
  0 0 1,0 0 1,
  0 0 1,0 0 1,
  0 0 1,0 0 1,
  0 0 1,0 0 1,
  0 0 1,0 0 1,
  0 0 1,0 0 1,
  0 0 1,0 0 1,
  0 0 1,0 0 1,
  0 0 1,0 0 1,
  0 0 1,0 0 1,
  0 0 1,0 0 1,
  0 0 1,0 0 1,
  0 0 1,0 0 1,
  0 0 1,0 0 1,
  0 0 1,0 0 1,
  0 0 1,0 0 1,
  0 0 1,0 0 1,
  0 0 1,0 0 1,
  0 0 1,0 0 1,
  0 0 1,0 0 1,
  0 0 1,0 0 1,
  0 0 1,0 0 1,
  0 0 1,0 0 1,
  0 0 1,0 0 1,
  0 0 1,0 0 1,
  0 0 1,0 0 1,
  0 0 1,0 0 1,
  0 0 1,0 0 1,
  0 0 1,0 0 1,
  0 0 1,0 0 1,
  0 0 1,0 0 1,
  0 0 1,0 0 1,
  0 0 1,0 0 1,
  0 0 1,0 0 1,
  0 0 1,0 0 1,
  0 0 1,0 0 1,
  0 0 1,0 0 1,
  0 0 1,0 0 1,
  0 0 1,0 0 1,
  0 0 1,0 0 1,
  0 0 1,0 0 1,
  0 0 1,0 0 1,
  0 0 1,0 0 1,
  0 0 1,0 0 1,
  0 0 1,0 0 1,
  0 0 1,0 0 1,
  0 0 1,0 0 1,
  0 0 1,0 0 1,
  0 0 1,0 0 1,
  0 0 1,0 0 1,
  0 0 1,0 0 1,
  0 0 1,0 0 1,
  0 0 1,0 0 1,
  0 0 1,0 0 1,
  0 0 1,0 0 1,
  0 0 1,0 0 1,
  0 0 1,0 0 1,
  0 0 1,0 0 1,
  0 0 1,0 0 1,
  0 0 1,0 0 1,
  0 0 1,0 0 1,
  0 0 1,0 0 1,
  0 0 1,0 0 1,
  0 0 1,0 0 1,
  0 0 1,0 0 1,
  0 0 1,0 0 1,
  0 0 1,0 0 1,
  0 0 1,0 0 1,
  0 0 1,0 0 1,
  0 0 1,0 0 1,
  0 0 1,0 0 1,
  0 0 1,0 0 1,
  0 0 1,0 0 1,
  0 0 1,0 0 1,
  0 0 1,0 0 1,
  0 0 1,0 0 1,
  0 0 1,0 0 1,
  0 0 1,0 0 1,
  0 0 1,0 0 1,
  0 0 1,0 0 1,
  0 0 1,0 0 1,
  0 0 1,0 0 1,
  0 0 1,0 0 1,
  0 0 1,0 0 1,
  0 0 1,0 0 1,
  0 0 1,0 0 1,
  0 0 1,0 0 1,
  0 0 1,0 0 1,
  0 0 1,0 0 1,
  0 0 1,0 0 1,
  0 0 1,0 0 1,
  0 0 1,0 0 1,
  0 0 1,0 0 1,
  0 0 1,0 0 1,
  0 0 1,0 0 1,
  0 0 1,0 0 1,
  0 0 1,0 0 1,
  0 0 1,0 0 1,
  0 0 1,0 0 1,
  0 0 1,0 0 1,
  0 0 1,0 0 1,
  0 0 1,0 0 1,
  0 0 1,0 0 1,
  0 0 1,0 0 1,
  0 0 1,0 0 1,
  0 0 1,0 0 1,
  0 0 1,0 0 1,
  0 0 1,0 0 1,
  0 0 1,0 0 1,
  0 0 1,0 0 1,
  0 0 1,0 0 1,
  0 0 1,0 0 1,
  0 0 1,0 0 1,
  0 0 1,0 0 1,
  0 0 1,0 0 1,
  0 0 1,0 0 1,
  0 0 1,0 0 1,
  0 0 1,0 0 1,
  0 0 1,0 0 1,
  0 0 1,0 0 1,
  0 0 1,0 0 1,
  0 0 1,0 0 1,
  0 0 1,0 0 1,
  0 0 1,0 0 1,
  0 0 1,0 0 1,
  0 0 1,0 0 1,
  0 0 1,0 0 1,
  0 0 1,0 0 1,
  0 0 1,0 0 1,
  0 0 1,0 0 1,
  0 0 1,0 0 1,
  0 0 1,0 0 1,
  0 0 1,0 0 1,
  0 0 1,0 0 1,
  0 0 1,0 0 1,
  0 0 1,0 0 1,
  0 0 1,0 0 1,
  0 0 1,0 0 1,
  0 0 1,0 0 1,
  0 0 1,0 0 1,
  0 0 1,0 0 1,
  0 0 1,0 0 1,
  0 0 1,0 0 1,
  0 0 1,0 0 1,
  0 0 1,0 0 1,
  0 0 1,0 0 1,
  0 0 1,0 0 1,
  0 0 1,0 0 1,
  0 0 1,0 0 1,
  0 0 1,0 0 1,
  0 0 1,0 0 1,
  0 0 1,0 0 1,
  0 0 1,0 0 1,
  0 0 1,0 0 1,
  0 0 1,0 0 1,
  0 0 1,0 0 1,
  0 0 1,0 0 1,
  0 0 1,0 0 1,
  0 0 1,0 0 1,
  0 0 1,0 0 1,
  0 0 1,0 0 1,
  0 0 1,0 0 1,
  0 0 1,0 0 1,
  0 0 1,0 0 1,
  0 0 1,0 0 1,
  0 0 1,0 0 1,
  0 0 1,0 0 1,
  0 0 1,0 0 1,
  0 0 1,0 0 1,
  0 0 1,0 0 1,
  0 0 1,0 0 1,
  0 0 1,0 0 1,
  0 0 1,0 0 1,
  0 0 1,0 0 1,
  0 0 1,0 0 1,
  0 0 1,0 0 1,
  0 0 1,0 0 1,
  0 0 1,0 0 1,
  0 0 1,0 0 1,
  0 0 1,0 0 1,
  0 0 1,0 0 1,
  0 0 1,0 0 1,
  0 0 1,0 0 1,
  0 0 1,0 0 1,
  0 0 1,0 0 1,
  0 0 1,0 0 1,
  0 0 1,0 0 1,
  0 0 1,0 0 1,
  0 0 1,0 0 1,
  0 0 1,0 0 1,
  0 0 1,0 0 1,
  0 0 1,0 0 1,
  0 0 1,0 0 1,
  0 0 1,0 0 1,
  0 0 1,0 0 1,
  0 0 1,0 0 1,
  0 0 1,0 0 1,
  0 0 1,0 0 1,
  0 0 1,0 0 1,
  0 0 1,0 0 1,
  0 0 1,0 0 1,
  0 0 1,0 0 1,
  0 0 1,0 0 1,
  0 0 1,0 0 1,
  0 0 1,0 0 1,
  0 0 1,0 0 1,
  0 0 1,0 0 1,
  0 0 1,0 0 1,
  0 0 1,0 0 1,
  0 0 1,0 0 1,
  0 0 1,0 0 1,
  0 0 1,0 0 1,
  0 0 1,0 0 1,
  0 0 1,0 0 1,
  0 0 1,0 0 1,
  0 0 1,0 0 1,
  0 0 1,0 0 1,
  0 0 1,0 0 1,
  0 0 1,0 0 1,
  0 0 1,0 0 1,
  0 0 1,0 0 1,
  0 0 1,0 0 1,
  0 0 1,0 0 1,
  0 0 1,0 0 1,
  0 0 1,0 0 1,
  0 0 1,0 0 1,
  0 0 1,0 0 1,
  0 0 1,0 0 1,
  0 0 1,0 0 1,
  0 0 1,0 0 1,
  0 0 1,0 0 1,
  0 0 1,0 0 1,
  0 0 1,0 0 1,
  0 0 1,0 0 1,
  0 0 1,0 0 1,
  0 0 1,0 0 1,
  0 0 1,0 0 1,
  0 0 1,0 0 1,
  0 0 1,0 0 1,
  0 0 1,0 0 1,
  0 0 1,0 0 1,
  0 0 1,0 0 1,
  0 0 1,0 0 1,
  0 0 1,0 0 1,
  0 0 1,0 0 1,
  0 0 1,0 0 1,
  0 0 1,0 0 1,
  0 0 1,0 0 1,
  0 0 1,0 0 1,
  0 0 1,0 0 1,
  0 0 1,0 0 1,
  0 0 1,0 0 1,
  0 0 1,0 0 1,
  0 0 1,0 0 1,
  0 0 1,0 0 1,
  0 0 1,0 0 1,
  0 0 1,0 0 1,
  0 0 1,0 0 1,
  0 0 1,0 0 1,
  0 0 1,0 0 1,
  0 0 1,0 0 1,
  0 0 1,0 0 1,
  0 0 1,0 0 1,
  0 0 1,0 0 1,
  0 0 1,0 0 1,
  0 0 1,0 0 1,
  0 0 1,0 0 1,
  0 0 1,0 0 1,
  0 0 1,0 0 1,
  0 0 1,0 0 1,
  0 0 1,0 0 1,
  0 0 1,0 0 1,
  0 0 1,0 0 1,
  0 0 1,0 0 1,
  0 0 1,0 0 1,
  0 0 1,0 0 1,
  0 0 1,0 0 1,
  0 0 1,0 0 1,
  0 0 1,0 0 1,
  0 0 1,0 0 1,
  0 0 1,0 0 1,
  0 0 1,0 0 1,
  0 0 1,0 0 1,
  0 0 1,0 0 1,
  0 0 1,0 0 1,
  0 0 1,0 0 1,
  0 0 1,0 0 1,
  0 0 1,0 0 1,
  0 0 1,0 0 1,
  0 0 1,0 0 1,
  0 0 1,0 0 1,
  0 0 1,0 0 1,
  0 0 1,0 0 1,
  0 0 1,0 0 1,
  0 0 1,0 0 1,
  0 0 1,0 0 1,
  0 0 1,0 0 1,
  0 0 1,0 0 1,
  0 0 1,0 0 1,
  0 0 1,0 0 1,
  0 0 1,0 0 1,
  0 0 1,0 0 1,
  0 0 1,0 0 1,
  0 0 1,0 0 1,
  0 0 1,0 0 1,
  0 0 1,0 0 1,
  0 0 1,0 0 1,
  0 0 1,0 0 1,
  0 0 1,0 0 1,
  0 0 1,0 0 1,
  0 0 1,0 0 1,
  0 0 1,0 0 1,
  0 0 1,0 0 1,
  0 0 1,0 0 1,
  0 0 1,0 0 1,
  0 0 1,0 0 1,
  0 0 1,0 0 1,
  0 0 1,0 0 1,
  0 0 1,0 0 1,
  0 0 1,0 0 1,
  0 0 1,0 0 1,
  0 0 1,0 0 1,
  0 0 1,0 0 1,
  0 0 1,0 0 1,
  0 0 1,0 0 1,
  0 0 1,0 0 1,
  0 0 1,0 0 1,
  0 0 1,0 0 1,
  0 0 1,0 0 1,
  0 0 1,0 0 1,
  0 0 1,0 0 1,
  0 0 1,0 0 1,
  0 0 1,0 0 1,
  0 0 1,0 0 1,
  0 0 1,0 0 1,
  0 0 1,0 0 1,
  0 0 1,0 0 1,
  0 0 1,0 0 1,
  0 0 1,0 0 1,
  0 0 1,0 0 1,
  0 0 1,0 0 1,
  0 0 1,0 0 1,
  0 0 1,0 0 1,
  0 0 1,0 0 1,
  0 0 1,0 0 1,
  0 0 1,0 0 1,
  0 0 1,0 0 1,
  0 0 1,0 0 1,
  0 0 1,0 0 1,
  0 0 1,0 0 1,
  0 0 1,0 0 1,
  0 0 1,0 0 1,
  0 0 1,0 0 1,
  0 0 1,0 0 1,
  0 0 1,0 0 1,
  0 0 1,0 0 1,
  0 0 1,0 0 1,
  0 0 1,0 0 1,
  0 0 1,0 0 1,
  0 0 1,0 0 1,
  0 0 1,0 0 1,
  0 0 1,0 0 1,
  0 0 1,0 0 1,
  0 0 1,0 0 1,
  0 0 1,0 0 1,
  0 0 1,0 0 1,
  0 0 1,0 0 1,
  0 0 1,0 0 1,
  0 0 1,0 0 1,
  0 0 1,0 0 1,
  0 0 1,0 0 1,
  0 0 1,0 0 1,
  0 0 1,0 0 1,
  0 0 1,0 0 1,
  0 0 1,0 0 1,
  0 0 1,0 0 1,
  0 0 1,0 0 1,
  0 0 1,0 0 1,
  0 0 1,0 0 1,
  0 0 1,0 0 1,
  0 0 1,0 0 1,
  0 0 1,0 0 1,
  0 0 1,0 0 1,
  0 0 1,0 0 1,
  0 0 1,0 0 1,
  0 0 1,0 0 1,
  0 0 1,0 0 1,
  0 0 1,0 0 1,
  0 0 1,0 0 1,
  0 0 1,0 0 1,
  0 0 1,0 0 1,
  0 0 1,0 0 1,
  0 0 1,0 0 1,
  0 0 1,0 0 1,
  0 0 1,0 0 1,
  0 0 1,0 0 1,
  0 0 1,0 0 1,
  0 0 1,0 0 1,
  0 0 1,0 0 1,
  0 0 1,0 0 1,
  0 0 1,0 0 1,
  0 0 1,0 0 1,
  0 0 1,0 0 1,
  0 0 1,0 0 1,
  0 0 1,0 0 1,
  0 0 1,0 0 1,
  0 0 1,0 0 1,
  0 0 1,0 0 1,
  0 0 1,0 0 1,
  0 0 1,0 0 1,
  0 0 1,0 0 1,
  0 0 1,0 0 1,
  0 0 1,0 0 1,
  0 0 1,0 0 1,
  0 0 1,0 0 1,
  0 0 1,0 0 1,
  0 0 1,0 0 1,
  0 0 1,0 0 1,
  0 0 1,0 0 1,
  0 0 1,0 0 1,
  0 0 1,0 0 1,
  0 0 1,0 0 1,
  0 0 1,0 0 1,
  0 0 1,0 0 1,
  0 0 1,0 0 1,
  0 0 1,0 0 1,
  0 0 1,0 0 1,
  0 0 1,0 0 1,
  0 0 1,0 0 1,
  0 0 1,0 0 1,
  0 0 1,0 0 1,
  0 0 1,0 0 1,
  0 0 1,0 0 1,
  0 0 1,0 0 1,
  0 0 1,0 0 1,
  0 0 1,0 0 1,
  0 0 1,0 0 1,
  0 0 1,0 0 1,
  0 0 1,0 0 1,
  0 0 1,0 0 1,
  0 0 1,0 0 1,
  0 0 1,0 0 1,
  0 0 1,0 0 1,
  0 0 1,0 0 1,
  0 0 1,0 0 1,
  0 0 1,0 0 1,
  0 0 1,0 0 1,
  0 0 1,0 0 1,
  0 0 1,0 0 1,
  0 0 1,0 0 1,
  0 0 1,0 0 1,
  0 0 1,0 0 1,
  0 0 1,0 0 1,
  0 0 1,0 0 1,
  0 0 1,0 0 1,
  0 0 1,0 0 1,
  0 0 1,0 0 1,
  0 0 1,0 0 1,
  0 0 1,0 0 1,
  0 0 1,0 0 1,
  0 0 1,0 0 1,
  0 0 1,0 0 1,
  0 0 1,0 0 1,
  0 0 1,0 0 1,
  0 0 1,0 0 1,
  0 0 1,0 0 1,
  0 0 1,0 0 1,
  0 0 1,0 0 1,
  0 0 1,0 0 1,
  0 0 1,0 0 1,
  0 0 1,0 0 1,
  0 0 1,0 0 1,
  0 0 1,0 0 1,
  0 0 1,0 0 1,
  0 0 1,0 0 1,
  0 0 1,0 0 1,
  0 0 1,0 0 1,
  0 0 1,0 0 1,
  0 0 1,0 0 1,
  0 0 1,0 0 1,
  0 0 1,0 0 1,
  0 0 1,0 0 1,
  0 0 1,0 0 1,
  0 0 1,0 0 1,
  0 0 1,0 0 1,
  0 0 1,0 0 1,
  0 0 1,0 0 1,
  0 0 1,0 0 1,
  0 0 1,0 0 1,
  0 0 1,0 0 1,
  0 0 1,0 0 1,
  0 0 1,0 0 1,
  0 0 1,0 0 1,
  0 0 1,0 0 1,
  0 0 1,0 0 1,
  0 0 1,0 0 1,
  0 0 1,0 0 1,
  0 0 1,0 0 1,
  0 0 1,0 0 1,
  0 0 1,0 0 1,
  0 0 1,0 0 1,
  0 0 1,0 0 1,
  0 0 1,0 0 1,
  0 0 1,0 0 1,
  0 0 1,0 0 1,
  0 0 1,0 0 1,
  0 0 1,0 0 1,
  0 0 1,0 0 1,
  0 0 1,0 0 1,
  0 0 1,0 0 1,
  0 0 1,0 0 1,
  0 0 1,0 0 1,
  0 0 1,0 0 1,
  0 0 1,0 0 1,
  0 0 1,0 0 1,
  0 0 1,0 0 1,
  0 0 1,0 0 1,
  0 0 1,0 0 1,
  0 0 1,0 0 1,
  0 0 1,0 0 1,
  0 0 1,0 0 1,
  0 0 1,0 0 1,
  0 0 1,0 0 1,
  0 0 1,0 0 1,
  0 0 1,0 0 1,
  0 0 1,0 0 1,
  0 0 1,0 0 1,
  0 0 1,0 0 1,
  0 0 1,0 0 1,
  0 0 1,0 0 1,
  0 0 1,0 0 1,
  0 0 1,0 0 1,
  0 0 1,0 0 1,
  0 0 1,0 0 1,
  0 0 1,0 0 1,
  0 0 1,0 0 1,
  0 0 1,0 0 1,
  0 0 1,0 0 1,
  0 0 1,0 0 1,
  0 0 1,0 0 1,
  0 0 1,0 0 1,
  0 0 1,0 0 1,
  0 0 1,0 0 1,
  0 0 1,0 0 1,
  0 0 1,0 0 1,
  0 0 1,0 0 1,
  0 0 1,0 0 1,
  0 0 1,0 0 1,
  0 0 1,0 0 1,
  0 0 1,0 0 1,
  0 0 1,0 0 1,
  0 0 1,0 0 1,
  0 0 1,0 0 1,
  0 0 1,0 0 1,
  0 0 1,0 0 1,
  0 0 1,0 0 1,
  0 0 1,0 0 1,
  0 0 1,0 0 1,
  0 0 1,0 0 1,
  0 0 1,0 0 1,
  0 0 1,0 0 1,
  0 0 1,0 0 1,
  0 0 1,0 0 1,
  0 0 1,0 0 1,
  0 0 1,0 0 1,
  0 0 1,0 0 1,
  0 0 1,0 0 1,
  0 0 1,0 0 1,
  0 0 1,0 0 1,
  0 0 1,0 0 1,
  0 0 1,0 0 1,
  0 0 1,0 0 1,
  0 0 1,0 0 1,
  0 0 1,0 0 1,
  0 0 1,0 0 1,
  0 0 1,0 0 1,
  0 0 1,0 0 1,
  0 0 1,0 0 1,
  0 0 1,0 0 1,
  0 0 1,0 0 1,
  0 0 1,0 0 1,
  0 0 1,0 0 1,
  0 0 1,0 0 1,
  0 0 1,0 0 1,
  0 0 1,0 0 1,
  0 0 1,0 0 1,
  0 0 1,0 0 1,
  0 0 1,0 0 1,
  0 0 1,0 0 1,
  0 0 1,0 0 1,
  0 0 1,0 0 1,
  0 0 1,0 0 1,
  0 0 1,0 0 1,
  0 0 1,0 0 1,
  0 0 1,0 0 1,
  0 0 1,0 0 1,
  0 0 1,0 0 1,
  0 0 1,0 0 1,
  0 0 1,0 0 1,
  0 0 1,0 0 1,
  0 0 1,0 0 1,
  0 0 1,0 0 1,
  0 0 1,0 0 1,
  0 0 1,0 0 1,
  0 0 1,0 0 1,
  0 0 1,0 0 1,
  0 0 1,0 0 1,
  0 0 1,0 0 1,
  0 0 1,0 0 1,
  0 0 1,0 0 1,
  0 0 1,0 0 1,
  0 0 1,0 0 1,
  0 0 1,0 0 1,
  0 0 1,0 0 1,
  0 0 1,0 0 1,
  0 0 1,0 0 1,
  0 0 1,0 0 1,
  0 0 1,0 0 1,
  0 0 1,0 0 1,
  0 0 1,0 0 1,
  0 0 1,0 0 1,
  0 0 1,0 0 1,
  0 0 1,0 0 1,
  0 0 1,0 0 1,
  0 0 1,0 0 1,
  0 0 1,0 0 1,
  0 0 1,0 0 1,
  0 0 1,0 0 1,
  0 0 1,0 0 1,
  0 0 1,0 0 1,
  0 0 1,0 0 1,
  0 0 1,0 0 1,
  0 0 1,0 0 1,
  0 0 1,0 0 1,
  0 0 1,0 0 1,
  0 0 1,0 0 1,
  0 0 1,0 0 1,
  0 0 1,0 0 1,
  0 0 1,0 0 1,
  0 0 1,0 0 1,
  0 0 1,0 0 1,
  0 0 1,0 0 1,
  0 0 1,0 0 1,
  0 0 1,0 0 1,
  0 0 1,0 0 1,
  0 0 1,0 0 1,
  0 0 1,0 0 1,
  0 0 1,0 0 1,
  0 0 1,0 0 1,
  0 0 1,0 0 1,
  0 0 1,0 0 1,
  0 0 1,0 0 1,
  0 0 1,0 0 1,
  0 0 1,0 0 1,
  0 0 1,0 0 1,
  0 0 1,0 0 1,
  0 0 1,0 0 1,
  0 0 1,0 0 1,
  0 0 1,0 0 1,
  0 0 1,0 0 1,
  0 0 1,0 0 1,
  0 0 1,0 0 1,
  0 0 1,0 0 1,
  0 0 1,0 0 1,
  0 0 1,0 0 1,
  0 0 1,0 0 1,
  0 0 1,0 0 1,
  0 0 1,0 0 1,
  0 0 1,0 0 1,
  0 0 1,0 0 1,
  0 0 1,0 0 1,
  0 0 1,0 0 1,
  0 0 1,0 0 1,
  0 0 1,0 0 1,
  0 0 1,0 0 1,
  0 0 1,0 0 1,
  0 0 1,0 0 1,
  0 0 1,0 0 1,
  0 0 1,0 0 1,
  0 0 1,0 0 1,
  0 0 1,0 0 1,
  0 0 1,0 0 1,
  0 0 1,0 0 1,
  0 0 1,0 0 1,
  0 0 1,0 0 1,
  0 0 1,0 0 1,
  0 0 1,0 0 1,
  0 0 1,0 0 1,
  0 0 1,0 0 1,
  0 0 1,0 0 1,
  0 0 1,0 0 1,
  0 0 1,0 0 1,
  0 0 1,0 0 1,
  0 0 1,0 0 1,
  0 0 1,0 0 1,
  0 0 1,0 0 1,
  0 0 1,0 0 1,
  0 0 1,0 0 1,
  0 0 1,0 0 1,
  0 0 1,0 0 1,
  0 0 1,0 0 1,
  0 0 1,0 0 1,
  0 0 1,0 0 1] }
}
}
] }
DEF TXFM_4 Transform {
  center 0 0 0
  rotation 0 0 1 0
  scale 1 1 1
  scaleOrientation 0 0 1 0
  translation 0 0 0
 children [
DEF SHAPE_4 Shape {
 appearance DEF APP_3 Appearance {
  material Material {
   ambientIntensity 1
   diffuseColor 0.5 0.5 0.5
   emissiveColor 0 0 0
   shininess 0.69999999
   specularColor 0.80000001 0.80000001 0.80000001
   transparency 0
} }
 geometry DEF FACE_4 IndexedFaceSet {
  coord DEF COORD_4 Coordinate { point [
  45.411614 -26.92313 0.31988189,45.407426 -26.902075 0.31988189,
  45.395499 -26.884225 0.31988189,45.37765 -26.872298 0.31988189,
  45.356594 -26.86811 0.31988189,45.246555 -26.86811 0.31988189,
  45.2255 -26.872298 0.31988189,45.20765 -26.884225 0.31988189,
  45.195724 -26.902075 0.31988189,45.191535 -26.92313 0.31988189,
  45.191535 -27.053248 0.31988189,45.195724 -27.074303 0.31988189,
  45.20765 -27.092153 0.31988189,45.2255 -27.10408 0.31988189,
  45.246555 -27.108268 0.31988189,45.356594 -27.108268 0.31988189,
  45.37765 -27.10408 0.31988189,45.395499 -27.092153 0.31988189,
  45.407426 -27.074303 0.31988189,45.411614 -27.053248 0.31988189,
  45.031299 -26.92313 0.31988189,45.027111 -26.902075 0.31988189,
  45.015184 -26.884225 0.31988189,44.997335 -26.872298 0.31988189,
  44.97628 -26.86811 0.31988189,44.86624 -26.86811 0.31988189,
  44.845185 -26.872298 0.31988189,44.827335 -26.884225 0.31988189,
  44.815409 -26.902075 0.31988189,44.81122 -26.92313 0.31988189,
  44.81122 -27.053248 0.31988189,44.815409 -27.074303 0.31988189,
  44.827335 -27.092153 0.31988189,44.845185 -27.10408 0.31988189,
  44.86624 -27.108268 0.31988189,44.97628 -27.108268 0.31988189,
  44.997335 -27.10408 0.31988189,45.015184 -27.092153 0.31988189,
  45.027111 -27.074303 0.31988189,45.031299 -27.053248 0.31988189,
  46.931102 -21.657579 0.31988189,46.926914 -21.636524 0.31988189,
  46.914987 -21.618674 0.31988189,46.897138 -21.606747 0.31988189,
  46.876083 -21.602559 0.31988189,46.745965 -21.602559 0.31988189,
  46.724909 -21.606747 0.31988189,46.70706 -21.618674 0.31988189,
  46.695133 -21.636524 0.31988189,46.690945 -21.657579 0.31988189,
  46.690945 -21.767618 0.31988189,46.695133 -21.788673 0.31988189,
  46.70706 -21.806523 0.31988189,46.724909 -21.81845 0.31988189,
  46.745965 -21.822638 0.31988189,46.876083 -21.822638 0.31988189,
  46.897138 -21.81845 0.31988189,46.914987 -21.806523 0.31988189,
  46.926914 -21.788673 0.31988189,46.931102 -21.767618 0.31988189,
  46.476378 -26.856279 0.31988189,46.468886 -26.818613 0.31988189,
  46.44755 -26.786681 0.31988189,46.415619 -26.765346 0.31988189,
  46.377953 -26.757854 0.31988189,45.787402 -26.757854 0.31988189,
  45.749736 -26.765346 0.31988189,45.717804 -26.786681 0.31988189,
  45.696469 -26.818613 0.31988189,45.688976 -26.856279 0.31988189,
  45.696469 -26.893944 0.31988189,45.717804 -26.925876 0.31988189,
  45.749736 -26.947212 0.31988189,45.787402 -26.954704 0.31988189,
  46.377953 -26.954704 0.31988189,46.415619 -26.947212 0.31988189,
  46.44755 -26.925876 0.31988189,46.468886 -26.893944 0.31988189,
  49.586614 -26.856279 0.31988189,49.579122 -26.818613 0.31988189,
  49.557786 -26.786681 0.31988189,49.525855 -26.765346 0.31988189,
  49.488189 -26.757854 0.31988189,48.897638 -26.757854 0.31988189,
  48.859972 -26.765346 0.31988189,48.828041 -26.786681 0.31988189,
  48.806705 -26.818613 0.31988189,48.799213 -26.856279 0.31988189,
  48.806705 -26.893944 0.31988189,48.828041 -26.925876 0.31988189,
  48.859972 -26.947212 0.31988189,48.897638 -26.954704 0.31988189,
  49.488189 -26.954704 0.31988189,49.525855 -26.947212 0.31988189,
  49.557786 -26.925876 0.31988189,49.579122 -26.893944 0.31988189,
  46.476378 -26.356279 0.31988189,46.468886 -26.318613 0.31988189,
  46.44755 -26.286681 0.31988189,46.415619 -26.265346 0.31988189,
  46.377953 -26.257854 0.31988189,45.787402 -26.257854 0.31988189,
  45.749736 -26.265346 0.31988189,45.717804 -26.286681 0.31988189,
  45.696469 -26.318613 0.31988189,45.688976 -26.356279 0.31988189,
  45.696469 -26.393944 0.31988189,45.717804 -26.425876 0.31988189,
  45.749736 -26.447212 0.31988189,45.787402 -26.454704 0.31988189,
  46.377953 -26.454704 0.31988189,46.415619 -26.447212 0.31988189,
  46.44755 -26.425876 0.31988189,46.468886 -26.393944 0.31988189,
  49.586614 -26.356279 0.31988189,49.579122 -26.318613 0.31988189,
  49.557786 -26.286681 0.31988189,49.525855 -26.265346 0.31988189,
  49.488189 -26.257854 0.31988189,48.897638 -26.257854 0.31988189,
  48.859972 -26.265346 0.31988189,48.828041 -26.286681 0.31988189,
  48.806705 -26.318613 0.31988189,48.799213 -26.356279 0.31988189,
  48.806705 -26.393944 0.31988189,48.828041 -26.425876 0.31988189,
  48.859972 -26.447212 0.31988189,48.897638 -26.454704 0.31988189,
  49.488189 -26.454704 0.31988189,49.525855 -26.447212 0.31988189,
  49.557786 -26.425876 0.31988189,49.579122 -26.393944 0.31988189,
  46.476378 -25.856279 0.31988189,46.468886 -25.818613 0.31988189,
  46.44755 -25.786681 0.31988189,46.415619 -25.765346 0.31988189,
  46.377953 -25.757854 0.31988189,45.787402 -25.757854 0.31988189,
  45.749736 -25.765346 0.31988189,45.717804 -25.786681 0.31988189,
  45.696469 -25.818613 0.31988189,45.688976 -25.856279 0.31988189,
  45.696469 -25.893944 0.31988189,45.717804 -25.925876 0.31988189,
  45.749736 -25.947212 0.31988189,45.787402 -25.954704 0.31988189,
  46.377953 -25.954704 0.31988189,46.415619 -25.947212 0.31988189,
  46.44755 -25.925876 0.31988189,46.468886 -25.893944 0.31988189,
  49.586614 -25.856279 0.31988189,49.579122 -25.818613 0.31988189,
  49.557786 -25.786681 0.31988189,49.525855 -25.765346 0.31988189,
  49.488189 -25.757854 0.31988189,48.897638 -25.757854 0.31988189,
  48.859972 -25.765346 0.31988189,48.828041 -25.786681 0.31988189,
  48.806705 -25.818613 0.31988189,48.799213 -25.856279 0.31988189,
  48.806705 -25.893944 0.31988189,48.828041 -25.925876 0.31988189,
  48.859972 -25.947212 0.31988189,48.897638 -25.954704 0.31988189,
  49.488189 -25.954704 0.31988189,49.525855 -25.947212 0.31988189,
  49.557786 -25.925876 0.31988189,49.579122 -25.893944 0.31988189,
  46.476378 -25.356279 0.31988189,46.468886 -25.318613 0.31988189,
  46.44755 -25.286681 0.31988189,46.415619 -25.265346 0.31988189,
  46.377953 -25.257854 0.31988189,45.787402 -25.257854 0.31988189,
  45.749736 -25.265346 0.31988189,45.717804 -25.286681 0.31988189,
  45.696469 -25.318613 0.31988189,45.688976 -25.356279 0.31988189,
  45.696469 -25.393944 0.31988189,45.717804 -25.425876 0.31988189,
  45.749736 -25.447212 0.31988189,45.787402 -25.454704 0.31988189,
  46.377953 -25.454704 0.31988189,46.415619 -25.447212 0.31988189,
  46.44755 -25.425876 0.31988189,46.468886 -25.393944 0.31988189,
  49.586614 -25.356279 0.31988189,49.579122 -25.318613 0.31988189,
  49.557786 -25.286681 0.31988189,49.525855 -25.265346 0.31988189,
  49.488189 -25.257854 0.31988189,48.897638 -25.257854 0.31988189,
  48.859972 -25.265346 0.31988189,48.828041 -25.286681 0.31988189,
  48.806705 -25.318613 0.31988189,48.799213 -25.356279 0.31988189,
  48.806705 -25.393944 0.31988189,48.828041 -25.425876 0.31988189,
  48.859972 -25.447212 0.31988189,48.897638 -25.454704 0.31988189,
  49.488189 -25.454704 0.31988189,49.525855 -25.447212 0.31988189,
  49.557786 -25.425876 0.31988189,49.579122 -25.393944 0.31988189,
  49.358268 -24.738189 0.31988189,49.352724 -24.710317 0.31988189,
  49.336935 -24.686687 0.31988189,49.313306 -24.670898 0.31988189,
  49.285433 -24.665354 0.31988189,49.139764 -24.665354 0.31988189,
  49.111891 -24.670898 0.31988189,49.088262 -24.686687 0.31988189,
  49.072473 -24.710317 0.31988189,49.066929 -24.738189 0.31988189,
  49.066929 -24.98622 0.31988189,49.072473 -25.014093 0.31988189,
  49.088262 -25.037722 0.31988189,49.111891 -25.053511 0.31988189,
  49.139764 -25.059055 0.31988189,49.285433 -25.059055 0.31988189,
  49.313306 -25.053511 0.31988189,49.336935 -25.037722 0.31988189,
  49.352724 -25.014093 0.31988189,49.358268 -24.98622 0.31988189,
  49.893701 -24.738189 0.31988189,49.888157 -24.710317 0.31988189,
  49.872368 -24.686687 0.31988189,49.848739 -24.670898 0.31988189,
  49.820866 -24.665354 0.31988189,49.675197 -24.665354 0.31988189,
  49.647324 -24.670898 0.31988189,49.623695 -24.686687 0.31988189,
  49.607906 -24.710317 0.31988189,49.602362 -24.738189 0.31988189,
  49.602362 -24.98622 0.31988189,49.607906 -25.014093 0.31988189,
  49.623695 -25.037722 0.31988189,49.647324 -25.053511 0.31988189,
  49.675197 -25.059055 0.31988189,49.820866 -25.059055 0.31988189,
  49.848739 -25.053511 0.31988189,49.872368 -25.037722 0.31988189,
  49.888157 -25.014093 0.31988189,49.893701 -24.98622 0.31988189,
  46.825091 -24.600373 0.31988189,46.822094 -24.585307 0.31988189,
  46.81356 -24.572534 0.31988189,46.800787 -24.564 0.31988189,
  46.785721 -24.561003 0.31988189,46.770655 -24.564 0.31988189,
  46.757882 -24.572534 0.31988189,46.749348 -24.585307 0.31988189,
  46.746351 -24.600373 0.31988189,46.746351 -24.856279 0.31988189,
  46.749348 -24.871345 0.31988189,46.757882 -24.884118 0.31988189,
  46.770655 -24.892652 0.31988189,46.785721 -24.895649 0.31988189,
  46.800787 -24.892652 0.31988189,46.81356 -24.884118 0.31988189,
  46.822094 -24.871345 0.31988189,46.825091 -24.856279 0.31988189,
  46.982572 -24.600373 0.31988189,46.979575 -24.585307 0.31988189,
  46.971041 -24.572534 0.31988189,46.958268 -24.564 0.31988189,
  46.943202 -24.561003 0.31988189,46.928135 -24.564 0.31988189,
  46.915363 -24.572534 0.31988189,46.906828 -24.585307 0.31988189,
  46.903831 -24.600373 0.31988189,46.903831 -24.856279 0.31988189,
  46.906828 -24.871345 0.31988189,46.915363 -24.884118 0.31988189,
  46.928135 -24.892652 0.31988189,46.943202 -24.895649 0.31988189,
  46.958268 -24.892652 0.31988189,46.971041 -24.884118 0.31988189,
  46.979575 -24.871345 0.31988189,46.982572 -24.856279 0.31988189,
  47.140052 -24.600373 0.31988189,47.137055 -24.585307 0.31988189,
  47.128521 -24.572534 0.31988189,47.115748 -24.564 0.31988189,
  47.100682 -24.561003 0.31988189,47.085616 -24.564 0.31988189,
  47.072843 -24.572534 0.31988189,47.064309 -24.585307 0.31988189,
  47.061312 -24.600373 0.31988189,47.061312 -24.856279 0.31988189,
  47.064309 -24.871345 0.31988189,47.072843 -24.884118 0.31988189,
  47.085616 -24.892652 0.31988189,47.100682 -24.895649 0.31988189,
  47.115748 -24.892652 0.31988189,47.128521 -24.884118 0.31988189,
  47.137055 -24.871345 0.31988189,47.140052 -24.856279 0.31988189,
  47.297532 -24.600373 0.31988189,47.294535 -24.585307 0.31988189,
  47.286001 -24.572534 0.31988189,47.273228 -24.564 0.31988189,
  47.258162 -24.561003 0.31988189,47.243096 -24.564 0.31988189,
  47.230323 -24.572534 0.31988189,47.221789 -24.585307 0.31988189,
  47.218792 -24.600373 0.31988189,47.218792 -24.856279 0.31988189,
  47.221789 -24.871345 0.31988189,47.230323 -24.884118 0.31988189,
  47.243096 -24.892652 0.31988189,47.258162 -24.895649 0.31988189,
  47.273228 -24.892652 0.31988189,47.286001 -24.884118 0.31988189,
  47.294535 -24.871345 0.31988189,47.297532 -24.856279 0.31988189,
  47.455013 -24.600373 0.31988189,47.452016 -24.585307 0.31988189,
  47.443481 -24.572534 0.31988189,47.430709 -24.564 0.31988189,
  47.415643 -24.561003 0.31988189,47.400576 -24.564 0.31988189,
  47.387804 -24.572534 0.31988189,47.379269 -24.585307 0.31988189,
  47.376272 -24.600373 0.31988189,47.376272 -24.856279 0.31988189,
  47.379269 -24.871345 0.31988189,47.387804 -24.884118 0.31988189,
  47.400576 -24.892652 0.31988189,47.415643 -24.895649 0.31988189,
  47.430709 -24.892652 0.31988189,47.443481 -24.884118 0.31988189,
  47.452016 -24.871345 0.31988189,47.455013 -24.856279 0.31988189,
  47.612493 -24.600373 0.31988189,47.609496 -24.585307 0.31988189,
  47.600962 -24.572534 0.31988189,47.588189 -24.564 0.31988189,
  47.573123 -24.561003 0.31988189,47.558057 -24.564 0.31988189,
  47.545284 -24.572534 0.31988189,47.53675 -24.585307 0.31988189,
  47.533753 -24.600373 0.31988189,47.533753 -24.856279 0.31988189,
  47.53675 -24.871345 0.31988189,47.545284 -24.884118 0.31988189,
  47.558057 -24.892652 0.31988189,47.573123 -24.895649 0.31988189,
  47.588189 -24.892652 0.31988189,47.600962 -24.884118 0.31988189,
  47.609496 -24.871345 0.31988189,47.612493 -24.856279 0.31988189,
  47.769973 -24.600373 0.31988189,47.766976 -24.585307 0.31988189,
  47.758442 -24.572534 0.31988189,47.745669 -24.564 0.31988189,
  47.730603 -24.561003 0.31988189,47.715537 -24.564 0.31988189,
  47.702764 -24.572534 0.31988189,47.69423 -24.585307 0.31988189,
  47.691233 -24.600373 0.31988189,47.691233 -24.856279 0.31988189,
  47.69423 -24.871345 0.31988189,47.702764 -24.884118 0.31988189,
  47.715537 -24.892652 0.31988189,47.730603 -24.895649 0.31988189,
  47.745669 -24.892652 0.31988189,47.758442 -24.884118 0.31988189,
  47.766976 -24.871345 0.31988189,47.769973 -24.856279 0.31988189,
  47.927454 -24.600373 0.31988189,47.924457 -24.585307 0.31988189,
  47.915922 -24.572534 0.31988189,47.90315 -24.564 0.31988189,
  47.888083 -24.561003 0.31988189,47.873017 -24.564 0.31988189,
  47.860244 -24.572534 0.31988189,47.85171 -24.585307 0.31988189,
  47.848713 -24.600373 0.31988189,47.848713 -24.856279 0.31988189,
  47.85171 -24.871345 0.31988189,47.860244 -24.884118 0.31988189,
  47.873017 -24.892652 0.31988189,47.888083 -24.895649 0.31988189,
  47.90315 -24.892652 0.31988189,47.915922 -24.884118 0.31988189,
  47.924457 -24.871345 0.31988189,47.927454 -24.856279 0.31988189,
  48.084934 -24.600373 0.31988189,48.081937 -24.585307 0.31988189,
  48.073403 -24.572534 0.31988189,48.06063 -24.564 0.31988189,
  48.045564 -24.561003 0.31988189,48.030498 -24.564 0.31988189,
  48.017725 -24.572534 0.31988189,48.009191 -24.585307 0.31988189,
  48.006194 -24.600373 0.31988189,48.006194 -24.856279 0.31988189,
  48.009191 -24.871345 0.31988189,48.017725 -24.884118 0.31988189,
  48.030498 -24.892652 0.31988189,48.045564 -24.895649 0.31988189,
  48.06063 -24.892652 0.31988189,48.073403 -24.884118 0.31988189,
  48.081937 -24.871345 0.31988189,48.084934 -24.856279 0.31988189,
  48.242414 -24.600373 0.31988189,48.239417 -24.585307 0.31988189,
  48.230883 -24.572534 0.31988189,48.21811 -24.564 0.31988189,
  48.203044 -24.561003 0.31988189,48.187978 -24.564 0.31988189,
  48.175205 -24.572534 0.31988189,48.166671 -24.585307 0.31988189,
  48.163674 -24.600373 0.31988189,48.163674 -24.856279 0.31988189,
  48.166671 -24.871345 0.31988189,48.175205 -24.884118 0.31988189,
  48.187978 -24.892652 0.31988189,48.203044 -24.895649 0.31988189,
  48.21811 -24.892652 0.31988189,48.230883 -24.884118 0.31988189,
  48.239417 -24.871345 0.31988189,48.242414 -24.856279 0.31988189,
  48.399894 -24.600373 0.31988189,48.396898 -24.585307 0.31988189,
  48.388363 -24.572534 0.31988189,48.375591 -24.564 0.31988189,
  48.360524 -24.561003 0.31988189,48.345458 -24.564 0.31988189,
  48.332685 -24.572534 0.31988189,48.324151 -24.585307 0.31988189,
  48.321154 -24.600373 0.31988189,48.321154 -24.856279 0.31988189,
  48.324151 -24.871345 0.31988189,48.332685 -24.884118 0.31988189,
  48.345458 -24.892652 0.31988189,48.360524 -24.895649 0.31988189,
  48.375591 -24.892652 0.31988189,48.388363 -24.884118 0.31988189,
  48.396898 -24.871345 0.31988189,48.399894 -24.856279 0.31988189,
  48.838583 -21.589567 0.31988189,48.834162 -21.567344 0.31988189,
  48.821574 -21.548505 0.31988189,48.802735 -21.535917 0.31988189,
  48.780512 -21.531496 0.31988189,48.66437 -21.531496 0.31988189,
  48.642147 -21.535917 0.31988189,48.623308 -21.548505 0.31988189,
  48.61072 -21.567344 0.31988189,48.606299 -21.589567 0.31988189,
  48.606299 -21.71752 0.31988189,48.61072 -21.739743 0.31988189,
  48.623308 -21.758582 0.31988189,48.642147 -21.77117 0.31988189,
  48.66437 -21.775591 0.31988189,48.780512 -21.775591 0.31988189,
  48.802735 -21.77117 0.31988189,48.821574 -21.758582 0.31988189,
  48.834162 -21.739743 0.31988189,48.838583 -21.71752 0.31988189,
  48.557375 -24.600373 0.31988189,48.554378 -24.585307 0.31988189,
  48.545844 -24.572534 0.31988189,48.533071 -24.564 0.31988189,
  48.518005 -24.561003 0.31988189,48.502939 -24.564 0.31988189,
  48.490166 -24.572534 0.31988189,48.481631 -24.585307 0.31988189,
  48.478635 -24.600373 0.31988189,48.478635 -24.856279 0.31988189,
  48.481631 -24.871345 0.31988189,48.490166 -24.884118 0.31988189,
  48.502939 -24.892652 0.31988189,48.518005 -24.895649 0.31988189,
  48.533071 -24.892652 0.31988189,48.545844 -24.884118 0.31988189,
  48.554378 -24.871345 0.31988189,48.557375 -24.856279 0.31988189,
  46.677454 -24.452735 0.31988189,46.674457 -24.437669 0.31988189,
  46.665922 -24.424896 0.31988189,46.65315 -24.416362 0.31988189,
  46.638083 -24.413365 0.31988189,46.382178 -24.413365 0.31988189,
  46.367112 -24.416362 0.31988189,46.354339 -24.424896 0.31988189,
  46.345805 -24.437669 0.31988189,46.342808 -24.452735 0.31988189,
  46.345805 -24.467802 0.31988189,46.354339 -24.480574 0.31988189,
  46.367112 -24.489109 0.31988189,46.382178 -24.492106 0.31988189,
  46.638083 -24.492106 0.31988189,46.65315 -24.489109 0.31988189,
  46.665922 -24.480574 0.31988189,46.674457 -24.467802 0.31988189,
  48.960918 -24.452735 0.31988189,48.957921 -24.437669 0.31988189,
  48.949387 -24.424896 0.31988189,48.936614 -24.416362 0.31988189,
  48.921548 -24.413365 0.31988189,48.665643 -24.413365 0.31988189,
  48.650576 -24.416362 0.31988189,48.637804 -24.424896 0.31988189,
  48.629269 -24.437669 0.31988189,48.626272 -24.452735 0.31988189,
  48.629269 -24.467802 0.31988189,48.637804 -24.480574 0.31988189,
  48.650576 -24.489109 0.31988189,48.665643 -24.492106 0.31988189,
  48.921548 -24.492106 0.31988189,48.936614 -24.489109 0.31988189,
  48.949387 -24.480574 0.31988189,48.957921 -24.467802 0.31988189,
  50.018307 -24.26565 0.31988189,50.014119 -24.244594 0.31988189,
  50.002192 -24.226745 0.31988189,49.984343 -24.214818 0.31988189,
  49.963287 -24.21063 0.31988189,49.853248 -24.21063 0.31988189,
  49.832193 -24.214818 0.31988189,49.814343 -24.226745 0.31988189,
  49.802417 -24.244594 0.31988189,49.798228 -24.26565 0.31988189,
  49.798228 -24.395768 0.31988189,49.802417 -24.416823 0.31988189,
  49.814343 -24.434672 0.31988189,49.832193 -24.446599 0.31988189,
  49.853248 -24.450787 0.31988189,49.963287 -24.450787 0.31988189,
  49.984343 -24.446599 0.31988189,50.002192 -24.434672 0.31988189,
  50.014119 -24.416823 0.31988189,50.018307 -24.395768 0.31988189,
  50.398622 -24.26565 0.31988189,50.394434 -24.244594 0.31988189,
  50.382507 -24.226745 0.31988189,50.364657 -24.214818 0.31988189,
  50.343602 -24.21063 0.31988189,50.233563 -24.21063 0.31988189,
  50.212508 -24.214818 0.31988189,50.194658 -24.226745 0.31988189,
  50.182731 -24.244594 0.31988189,50.178543 -24.26565 0.31988189,
  50.178543 -24.395768 0.31988189,50.182731 -24.416823 0.31988189,
  50.194658 -24.434672 0.31988189,50.212508 -24.446599 0.31988189,
  50.233563 -24.450787 0.31988189,50.343602 -24.450787 0.31988189,
  50.364657 -24.446599 0.31988189,50.382507 -24.434672 0.31988189,
  50.394434 -24.416823 0.31988189,50.398622 -24.395768 0.31988189,
  48.49832 -22.740137 0.31988189,46.805406 -22.740137 0.31988189,
  46.805406 -24.43305 0.31988189,48.49832 -24.43305 0.31988189,
  46.677454 -24.295255 0.31988189,46.674457 -24.280189 0.31988189,
  46.665922 -24.267416 0.31988189,46.65315 -24.258882 0.31988189,
  46.638083 -24.255885 0.31988189,46.382178 -24.255885 0.31988189,
  46.367112 -24.258882 0.31988189,46.354339 -24.267416 0.31988189,
  46.345805 -24.280189 0.31988189,46.342808 -24.295255 0.31988189,
  46.345805 -24.310321 0.31988189,46.354339 -24.323094 0.31988189,
  46.367112 -24.331628 0.31988189,46.382178 -24.334625 0.31988189,
  46.638083 -24.334625 0.31988189,46.65315 -24.331628 0.31988189,
  46.665922 -24.323094 0.31988189,46.674457 -24.310321 0.31988189,
  48.960918 -24.295255 0.31988189,48.957921 -24.280189 0.31988189,
  48.949387 -24.267416 0.31988189,48.936614 -24.258882 0.31988189,
  48.921548 -24.255885 0.31988189,48.665643 -24.255885 0.31988189,
  48.650576 -24.258882 0.31988189,48.637804 -24.267416 0.31988189,
  48.629269 -24.280189 0.31988189,48.626272 -24.295255 0.31988189,
  48.629269 -24.310321 0.31988189,48.637804 -24.323094 0.31988189,
  48.650576 -24.331628 0.31988189,48.665643 -24.334625 0.31988189,
  48.921548 -24.334625 0.31988189,48.936614 -24.331628 0.31988189,
  48.949387 -24.323094 0.31988189,48.957921 -24.310321 0.31988189,
  46.677454 -24.137775 0.31988189,46.674457 -24.122709 0.31988189,
  46.665922 -24.109936 0.31988189,46.65315 -24.101402 0.31988189,
  46.638083 -24.098405 0.31988189,46.382178 -24.098405 0.31988189,
  46.367112 -24.101402 0.31988189,46.354339 -24.109936 0.31988189,
  46.345805 -24.122709 0.31988189,46.342808 -24.137775 0.31988189,
  46.345805 -24.152841 0.31988189,46.354339 -24.165614 0.31988189,
  46.367112 -24.174148 0.31988189,46.382178 -24.177145 0.31988189,
  46.638083 -24.177145 0.31988189,46.65315 -24.174148 0.31988189,
  46.665922 -24.165614 0.31988189,46.674457 -24.152841 0.31988189,
  48.960918 -24.137775 0.31988189,48.957921 -24.122709 0.31988189,
  48.949387 -24.109936 0.31988189,48.936614 -24.101402 0.31988189,
  48.921548 -24.098405 0.31988189,48.665643 -24.098405 0.31988189,
  48.650576 -24.101402 0.31988189,48.637804 -24.109936 0.31988189,
  48.629269 -24.122709 0.31988189,48.626272 -24.137775 0.31988189,
  48.629269 -24.152841 0.31988189,48.637804 -24.165614 0.31988189,
  48.650576 -24.174148 0.31988189,48.665643 -24.177145 0.31988189,
  48.921548 -24.177145 0.31988189,48.936614 -24.174148 0.31988189,
  48.949387 -24.165614 0.31988189,48.957921 -24.152841 0.31988189,
  50.049213 -23.690945 0.31988189,49.714567 -23.690945 0.31988189,
  49.714567 -24.064961 0.31988189,50.049213 -24.064961 0.31988189,
  50.501969 -23.690945 0.31988189,50.167323 -23.690945 0.31988189,
  50.167323 -24.064961 0.31988189,50.501969 -24.064961 0.31988189,
  46.677454 -23.980294 0.31988189,46.674457 -23.965228 0.31988189,
  46.665922 -23.952456 0.31988189,46.65315 -23.943921 0.31988189,
  46.638083 -23.940924 0.31988189,46.382178 -23.940924 0.31988189,
  46.367112 -23.943921 0.31988189,46.354339 -23.952456 0.31988189,
  46.345805 -23.965228 0.31988189,46.342808 -23.980294 0.31988189,
  46.345805 -23.995361 0.31988189,46.354339 -24.008133 0.31988189,
  46.367112 -24.016668 0.31988189,46.382178 -24.019665 0.31988189,
  46.638083 -24.019665 0.31988189,46.65315 -24.016668 0.31988189,
  46.665922 -24.008133 0.31988189,46.674457 -23.995361 0.31988189,
  48.960918 -23.980294 0.31988189,48.957921 -23.965228 0.31988189,
  48.949387 -23.952456 0.31988189,48.936614 -23.943921 0.31988189,
  48.921548 -23.940924 0.31988189,48.665643 -23.940924 0.31988189,
  48.650576 -23.943921 0.31988189,48.637804 -23.952456 0.31988189,
  48.629269 -23.965228 0.31988189,48.626272 -23.980294 0.31988189,
  48.629269 -23.995361 0.31988189,48.637804 -24.008133 0.31988189,
  48.650576 -24.016668 0.31988189,48.665643 -24.019665 0.31988189,
  48.921548 -24.019665 0.31988189,48.936614 -24.016668 0.31988189,
  48.949387 -24.008133 0.31988189,48.957921 -23.995361 0.31988189,
  46.677454 -23.822814 0.31988189,46.674457 -23.807748 0.31988189,
  46.665922 -23.794975 0.31988189,46.65315 -23.786441 0.31988189,
  46.638083 -23.783444 0.31988189,46.382178 -23.783444 0.31988189,
  46.367112 -23.786441 0.31988189,46.354339 -23.794975 0.31988189,
  46.345805 -23.807748 0.31988189,46.342808 -23.822814 0.31988189,
  46.345805 -23.83788 0.31988189,46.354339 -23.850653 0.31988189,
  46.367112 -23.859187 0.31988189,46.382178 -23.862184 0.31988189,
  46.638083 -23.862184 0.31988189,46.65315 -23.859187 0.31988189,
  46.665922 -23.850653 0.31988189,46.674457 -23.83788 0.31988189,
  48.960918 -23.822814 0.31988189,48.957921 -23.807748 0.31988189,
  48.949387 -23.794975 0.31988189,48.936614 -23.786441 0.31988189,
  48.921548 -23.783444 0.31988189,48.665643 -23.783444 0.31988189,
  48.650576 -23.786441 0.31988189,48.637804 -23.794975 0.31988189,
  48.629269 -23.807748 0.31988189,48.626272 -23.822814 0.31988189,
  48.629269 -23.83788 0.31988189,48.637804 -23.850653 0.31988189,
  48.650576 -23.859187 0.31988189,48.665643 -23.862184 0.31988189,
  48.921548 -23.862184 0.31988189,48.936614 -23.859187 0.31988189,
  48.949387 -23.850653 0.31988189,48.957921 -23.83788 0.31988189,
  46.677454 -23.665334 0.31988189,46.674457 -23.650268 0.31988189,
  46.665922 -23.637495 0.31988189,46.65315 -23.628961 0.31988189,
  46.638083 -23.625964 0.31988189,46.382178 -23.625964 0.31988189,
  46.367112 -23.628961 0.31988189,46.354339 -23.637495 0.31988189,
  46.345805 -23.650268 0.31988189,46.342808 -23.665334 0.31988189,
  46.345805 -23.6804 0.31988189,46.354339 -23.693173 0.31988189,
  46.367112 -23.701707 0.31988189,46.382178 -23.704704 0.31988189,
  46.638083 -23.704704 0.31988189,46.65315 -23.701707 0.31988189,
  46.665922 -23.693173 0.31988189,46.674457 -23.6804 0.31988189,
  48.960918 -23.665334 0.31988189,48.957921 -23.650268 0.31988189,
  48.949387 -23.637495 0.31988189,48.936614 -23.628961 0.31988189,
  48.921548 -23.625964 0.31988189,48.665643 -23.625964 0.31988189,
  48.650576 -23.628961 0.31988189,48.637804 -23.637495 0.31988189,
  48.629269 -23.650268 0.31988189,48.626272 -23.665334 0.31988189,
  48.629269 -23.6804 0.31988189,48.637804 -23.693173 0.31988189,
  48.650576 -23.701707 0.31988189,48.665643 -23.704704 0.31988189,
  48.921548 -23.704704 0.31988189,48.936614 -23.701707 0.31988189,
  48.949387 -23.693173 0.31988189,48.957921 -23.6804 0.31988189,
  45.510433 -23.517618 0.31988189,45.506245 -23.496563 0.31988189,
  45.494318 -23.478713 0.31988189,45.476469 -23.466787 0.31988189,
  45.455413 -23.462598 0.31988189,45.345374 -23.462598 0.31988189,
  45.324319 -23.466787 0.31988189,45.306469 -23.478713 0.31988189,
  45.294543 -23.496563 0.31988189,45.290354 -23.517618 0.31988189,
  45.290354 -23.647736 0.31988189,45.294543 -23.668791 0.31988189,
  45.306469 -23.686641 0.31988189,45.324319 -23.698568 0.31988189,
  45.345374 -23.702756 0.31988189,45.455413 -23.702756 0.31988189,
  45.476469 -23.698568 0.31988189,45.494318 -23.686641 0.31988189,
  45.506245 -23.668791 0.31988189,45.510433 -23.647736 0.31988189,
  45.890748 -23.517618 0.31988189,45.88656 -23.496563 0.31988189,
  45.874633 -23.478713 0.31988189,45.856783 -23.466787 0.31988189,
  45.835728 -23.462598 0.31988189,45.725689 -23.462598 0.31988189,
  45.704634 -23.466787 0.31988189,45.686784 -23.478713 0.31988189,
  45.674857 -23.496563 0.31988189,45.670669 -23.517618 0.31988189,
  45.670669 -23.647736 0.31988189,45.674857 -23.668791 0.31988189,
  45.686784 -23.686641 0.31988189,45.704634 -23.698568 0.31988189,
  45.725689 -23.702756 0.31988189,45.835728 -23.702756 0.31988189,
  45.856783 -23.698568 0.31988189,45.874633 -23.686641 0.31988189,
  45.88656 -23.668791 0.31988189,45.890748 -23.647736 0.31988189,
  46.677454 -23.507854 0.31988189,46.674457 -23.492787 0.31988189,
  46.665922 -23.480015 0.31988189,46.65315 -23.47148 0.31988189,
  46.638083 -23.468483 0.31988189,46.382178 -23.468483 0.31988189,
  46.367112 -23.47148 0.31988189,46.354339 -23.480015 0.31988189,
  46.345805 -23.492787 0.31988189,46.342808 -23.507854 0.31988189,
  46.345805 -23.52292 0.31988189,46.354339 -23.535693 0.31988189,
  46.367112 -23.544227 0.31988189,46.382178 -23.547224 0.31988189,
  46.638083 -23.547224 0.31988189,46.65315 -23.544227 0.31988189,
  46.665922 -23.535693 0.31988189,46.674457 -23.52292 0.31988189,
  48.960918 -23.507854 0.31988189,48.957921 -23.492787 0.31988189,
  48.949387 -23.480015 0.31988189,48.936614 -23.47148 0.31988189,
  48.921548 -23.468483 0.31988189,48.665643 -23.468483 0.31988189,
  48.650576 -23.47148 0.31988189,48.637804 -23.480015 0.31988189,
  48.629269 -23.492787 0.31988189,48.626272 -23.507854 0.31988189,
  48.629269 -23.52292 0.31988189,48.637804 -23.535693 0.31988189,
  48.650576 -23.544227 0.31988189,48.665643 -23.547224 0.31988189,
  48.921548 -23.547224 0.31988189,48.936614 -23.544227 0.31988189,
  48.949387 -23.535693 0.31988189,48.957921 -23.52292 0.31988189,
  50.049213 -23.120079 0.31988189,49.714567 -23.120079 0.31988189,
  49.714567 -23.494094 0.31988189,50.049213 -23.494094 0.31988189,
  50.501969 -23.120079 0.31988189,50.167323 -23.120079 0.31988189,
  50.167323 -23.494094 0.31988189,50.501969 -23.494094 0.31988189,
  46.677454 -23.350373 0.31988189,46.674457 -23.335307 0.31988189,
  46.665922 -23.322534 0.31988189,46.65315 -23.314 0.31988189,
  46.638083 -23.311003 0.31988189,46.382178 -23.311003 0.31988189,
  46.367112 -23.314 0.31988189,46.354339 -23.322534 0.31988189,
  46.345805 -23.335307 0.31988189,46.342808 -23.350373 0.31988189,
  46.345805 -23.365439 0.31988189,46.354339 -23.378212 0.31988189,
  46.367112 -23.386746 0.31988189,46.382178 -23.389743 0.31988189,
  46.638083 -23.389743 0.31988189,46.65315 -23.386746 0.31988189,
  46.665922 -23.378212 0.31988189,46.674457 -23.365439 0.31988189,
  48.960918 -23.350373 0.31988189,48.957921 -23.335307 0.31988189,
  48.949387 -23.322534 0.31988189,48.936614 -23.314 0.31988189,
  48.921548 -23.311003 0.31988189,48.665643 -23.311003 0.31988189,
  48.650576 -23.314 0.31988189,48.637804 -23.322534 0.31988189,
  48.629269 -23.335307 0.31988189,48.626272 -23.350373 0.31988189,
  48.629269 -23.365439 0.31988189,48.637804 -23.378212 0.31988189,
  48.650576 -23.386746 0.31988189,48.665643 -23.389743 0.31988189,
  48.921548 -23.389743 0.31988189,48.936614 -23.386746 0.31988189,
  48.949387 -23.378212 0.31988189,48.957921 -23.365439 0.31988189,
  46.677454 -23.192893 0.31988189,46.674457 -23.177827 0.31988189,
  46.665922 -23.165054 0.31988189,46.65315 -23.15652 0.31988189,
  46.638083 -23.153523 0.31988189,46.382178 -23.153523 0.31988189,
  46.367112 -23.15652 0.31988189,46.354339 -23.165054 0.31988189,
  46.345805 -23.177827 0.31988189,46.342808 -23.192893 0.31988189,
  46.345805 -23.207959 0.31988189,46.354339 -23.220732 0.31988189,
  46.367112 -23.229266 0.31988189,46.382178 -23.232263 0.31988189,
  46.638083 -23.232263 0.31988189,46.65315 -23.229266 0.31988189,
  46.665922 -23.220732 0.31988189,46.674457 -23.207959 0.31988189,
  48.960918 -23.192893 0.31988189,48.957921 -23.177827 0.31988189,
  48.949387 -23.165054 0.31988189,48.936614 -23.15652 0.31988189,
  48.921548 -23.153523 0.31988189,48.665643 -23.153523 0.31988189,
  48.650576 -23.15652 0.31988189,48.637804 -23.165054 0.31988189,
  48.629269 -23.177827 0.31988189,48.626272 -23.192893 0.31988189,
  48.629269 -23.207959 0.31988189,48.637804 -23.220732 0.31988189,
  48.650576 -23.229266 0.31988189,48.665643 -23.232263 0.31988189,
  48.921548 -23.232263 0.31988189,48.936614 -23.229266 0.31988189,
  48.949387 -23.220732 0.31988189,48.957921 -23.207959 0.31988189,
  46.677454 -23.035413 0.31988189,46.674457 -23.020346 0.31988189,
  46.665922 -23.007574 0.31988189,46.65315 -22.999039 0.31988189,
  46.638083 -22.996043 0.31988189,46.382178 -22.996043 0.31988189,
  46.367112 -22.999039 0.31988189,46.354339 -23.007574 0.31988189,
  46.345805 -23.020346 0.31988189,46.342808 -23.035413 0.31988189,
  46.345805 -23.050479 0.31988189,46.354339 -23.063252 0.31988189,
  46.367112 -23.071786 0.31988189,46.382178 -23.074783 0.31988189,
  46.638083 -23.074783 0.31988189,46.65315 -23.071786 0.31988189,
  46.665922 -23.063252 0.31988189,46.674457 -23.050479 0.31988189,
  48.960918 -23.035413 0.31988189,48.957921 -23.020346 0.31988189,
  48.949387 -23.007574 0.31988189,48.936614 -22.999039 0.31988189,
  48.921548 -22.996043 0.31988189,48.665643 -22.996043 0.31988189,
  48.650576 -22.999039 0.31988189,48.637804 -23.007574 0.31988189,
  48.629269 -23.020346 0.31988189,48.626272 -23.035413 0.31988189,
  48.629269 -23.050479 0.31988189,48.637804 -23.063252 0.31988189,
  48.650576 -23.071786 0.31988189,48.665643 -23.074783 0.31988189,
  48.921548 -23.074783 0.31988189,48.936614 -23.071786 0.31988189,
  48.949387 -23.063252 0.31988189,48.957921 -23.050479 0.31988189,
  50.005315 -22.789272 0.31988189,50.001127 -22.768217 0.31988189,
  49.9892 -22.750367 0.31988189,49.97135 -22.73844 0.31988189,
  49.950295 -22.734252 0.31988189,49.840256 -22.734252 0.31988189,
  49.819201 -22.73844 0.31988189,49.801351 -22.750367 0.31988189,
  49.789424 -22.768217 0.31988189,49.785236 -22.789272 0.31988189,
  49.785236 -22.91939 0.31988189,49.789424 -22.940445 0.31988189,
  49.801351 -22.958294 0.31988189,49.819201 -22.970221 0.31988189,
  49.840256 -22.974409 0.31988189,49.950295 -22.974409 0.31988189,
  49.97135 -22.970221 0.31988189,49.9892 -22.958294 0.31988189,
  50.001127 -22.940445 0.31988189,50.005315 -22.91939 0.31988189,
  50.38563 -22.789272 0.31988189,50.381442 -22.768217 0.31988189,
  50.369515 -22.750367 0.31988189,50.351665 -22.73844 0.31988189,
  50.33061 -22.734252 0.31988189,50.220571 -22.734252 0.31988189,
  50.199516 -22.73844 0.31988189,50.181666 -22.750367 0.31988189,
  50.169739 -22.768217 0.31988189,50.165551 -22.789272 0.31988189,
  50.165551 -22.91939 0.31988189,50.169739 -22.940445 0.31988189,
  50.181666 -22.958294 0.31988189,50.199516 -22.970221 0.31988189,
  50.220571 -22.974409 0.31988189,50.33061 -22.974409 0.31988189,
  50.351665 -22.970221 0.31988189,50.369515 -22.958294 0.31988189,
  50.381442 -22.940445 0.31988189,50.38563 -22.91939 0.31988189,
  46.478346 -21.650886 0.31988189,46.474158 -21.629831 0.31988189,
  46.462231 -21.611981 0.31988189,46.444382 -21.600054 0.31988189,
  46.423327 -21.595866 0.31988189,46.293209 -21.595866 0.31988189,
  46.272154 -21.600054 0.31988189,46.254304 -21.611981 0.31988189,
  46.242377 -21.629831 0.31988189,46.238189 -21.650886 0.31988189,
  46.238189 -21.760925 0.31988189,46.242377 -21.78198 0.31988189,
  46.254304 -21.79983 0.31988189,46.272154 -21.811757 0.31988189,
  46.293209 -21.815945 0.31988189,46.423327 -21.815945 0.31988189,
  46.444382 -21.811757 0.31988189,46.462231 -21.79983 0.31988189,
  46.474158 -21.78198 0.31988189,46.478346 -21.760925 0.31988189,
  45.871063 -22.749902 0.31988189,45.866875 -22.728846 0.31988189,
  45.854948 -22.710997 0.31988189,45.837098 -22.69907 0.31988189,
  45.816043 -22.694882 0.31988189,45.706004 -22.694882 0.31988189,
  45.684949 -22.69907 0.31988189,45.667099 -22.710997 0.31988189,
  45.655172 -22.728846 0.31988189,45.650984 -22.749902 0.31988189,
  45.650984 -22.88002 0.31988189,45.655172 -22.901075 0.31988189,
  45.667099 -22.918924 0.31988189,45.684949 -22.930851 0.31988189,
  45.706004 -22.935039 0.31988189,45.816043 -22.935039 0.31988189,
  45.837098 -22.930851 0.31988189,45.854948 -22.918924 0.31988189,
  45.866875 -22.901075 0.31988189,45.871063 -22.88002 0.31988189,
  45.490748 -22.749902 0.31988189,45.48656 -22.728846 0.31988189,
  45.474633 -22.710997 0.31988189,45.456783 -22.69907 0.31988189,
  45.435728 -22.694882 0.31988189,45.325689 -22.694882 0.31988189,
  45.304634 -22.69907 0.31988189,45.286784 -22.710997 0.31988189,
  45.274857 -22.728846 0.31988189,45.270669 -22.749902 0.31988189,
  45.270669 -22.88002 0.31988189,45.274857 -22.901075 0.31988189,
  45.286784 -22.918924 0.31988189,45.304634 -22.930851 0.31988189,
  45.325689 -22.935039 0.31988189,45.435728 -22.935039 0.31988189,
  45.456783 -22.930851 0.31988189,45.474633 -22.918924 0.31988189,
  45.48656 -22.901075 0.31988189,45.490748 -22.88002 0.31988189,
  46.677454 -22.877932 0.31988189,46.674457 -22.862866 0.31988189,
  46.665922 -22.850093 0.31988189,46.65315 -22.841559 0.31988189,
  46.638083 -22.838562 0.31988189,46.382178 -22.838562 0.31988189,
  46.367112 -22.841559 0.31988189,46.354339 -22.850093 0.31988189,
  46.345805 -22.862866 0.31988189,46.342808 -22.877932 0.31988189,
  46.345805 -22.892998 0.31988189,46.354339 -22.905771 0.31988189,
  46.367112 -22.914306 0.31988189,46.382178 -22.917302 0.31988189,
  46.638083 -22.917302 0.31988189,46.65315 -22.914306 0.31988189,
  46.665922 -22.905771 0.31988189,46.674457 -22.892998 0.31988189,
  48.960918 -22.877932 0.31988189,48.957921 -22.862866 0.31988189,
  48.949387 -22.850093 0.31988189,48.936614 -22.841559 0.31988189,
  48.921548 -22.838562 0.31988189,48.665643 -22.838562 0.31988189,
  48.650576 -22.841559 0.31988189,48.637804 -22.850093 0.31988189,
  48.629269 -22.862866 0.31988189,48.626272 -22.877932 0.31988189,
  48.629269 -22.892998 0.31988189,48.637804 -22.905771 0.31988189,
  48.650576 -22.914306 0.31988189,48.665643 -22.917302 0.31988189,
  48.921548 -22.917302 0.31988189,48.936614 -22.914306 0.31988189,
  48.949387 -22.905771 0.31988189,48.957921 -22.892998 0.31988189,
  46.677454 -22.720452 0.31988189,46.674457 -22.705386 0.31988189,
  46.665922 -22.692613 0.31988189,46.65315 -22.684079 0.31988189,
  46.638083 -22.681082 0.31988189,46.382178 -22.681082 0.31988189,
  46.367112 -22.684079 0.31988189,46.354339 -22.692613 0.31988189,
  46.345805 -22.705386 0.31988189,46.342808 -22.720452 0.31988189,
  46.345805 -22.735518 0.31988189,46.354339 -22.748291 0.31988189,
  46.367112 -22.756825 0.31988189,46.382178 -22.759822 0.31988189,
  46.638083 -22.759822 0.31988189,46.65315 -22.756825 0.31988189,
  46.665922 -22.748291 0.31988189,46.674457 -22.735518 0.31988189,
  48.960918 -22.720452 0.31988189,48.957921 -22.705386 0.31988189,
  48.949387 -22.692613 0.31988189,48.936614 -22.684079 0.31988189,
  48.921548 -22.681082 0.31988189,48.665643 -22.681082 0.31988189,
  48.650576 -22.684079 0.31988189,48.637804 -22.692613 0.31988189,
  48.629269 -22.705386 0.31988189,48.626272 -22.720452 0.31988189,
  48.629269 -22.735518 0.31988189,48.637804 -22.748291 0.31988189,
  48.650576 -22.756825 0.31988189,48.665643 -22.759822 0.31988189,
  48.921548 -22.759822 0.31988189,48.936614 -22.756825 0.31988189,
  48.949387 -22.748291 0.31988189,48.957921 -22.735518 0.31988189,
  46.825091 -22.316909 0.31988189,46.822094 -22.301843 0.31988189,
  46.81356 -22.28907 0.31988189,46.800787 -22.280535 0.31988189,
  46.785721 -22.277539 0.31988189,46.770655 -22.280535 0.31988189,
  46.757882 -22.28907 0.31988189,46.749348 -22.301843 0.31988189,
  46.746351 -22.316909 0.31988189,46.746351 -22.572814 0.31988189,
  46.749348 -22.58788 0.31988189,46.757882 -22.600653 0.31988189,
  46.770655 -22.609187 0.31988189,46.785721 -22.612184 0.31988189,
  46.800787 -22.609187 0.31988189,46.81356 -22.600653 0.31988189,
  46.822094 -22.58788 0.31988189,46.825091 -22.572814 0.31988189,
  46.982572 -22.316909 0.31988189,46.979575 -22.301843 0.31988189,
  46.971041 -22.28907 0.31988189,46.958268 -22.280535 0.31988189,
  46.943202 -22.277539 0.31988189,46.928135 -22.280535 0.31988189,
  46.915363 -22.28907 0.31988189,46.906828 -22.301843 0.31988189,
  46.903831 -22.316909 0.31988189,46.903831 -22.572814 0.31988189,
  46.906828 -22.58788 0.31988189,46.915363 -22.600653 0.31988189,
  46.928135 -22.609187 0.31988189,46.943202 -22.612184 0.31988189,
  46.958268 -22.609187 0.31988189,46.971041 -22.600653 0.31988189,
  46.979575 -22.58788 0.31988189,46.982572 -22.572814 0.31988189,
  47.140052 -22.316909 0.31988189,47.137055 -22.301843 0.31988189,
  47.128521 -22.28907 0.31988189,47.115748 -22.280535 0.31988189,
  47.100682 -22.277539 0.31988189,47.085616 -22.280535 0.31988189,
  47.072843 -22.28907 0.31988189,47.064309 -22.301843 0.31988189,
  47.061312 -22.316909 0.31988189,47.061312 -22.572814 0.31988189,
  47.064309 -22.58788 0.31988189,47.072843 -22.600653 0.31988189,
  47.085616 -22.609187 0.31988189,47.100682 -22.612184 0.31988189,
  47.115748 -22.609187 0.31988189,47.128521 -22.600653 0.31988189,
  47.137055 -22.58788 0.31988189,47.140052 -22.572814 0.31988189,
  47.297532 -22.316909 0.31988189,47.294535 -22.301843 0.31988189,
  47.286001 -22.28907 0.31988189,47.273228 -22.280535 0.31988189,
  47.258162 -22.277539 0.31988189,47.243096 -22.280535 0.31988189,
  47.230323 -22.28907 0.31988189,47.221789 -22.301843 0.31988189,
  47.218792 -22.316909 0.31988189,47.218792 -22.572814 0.31988189,
  47.221789 -22.58788 0.31988189,47.230323 -22.600653 0.31988189,
  47.243096 -22.609187 0.31988189,47.258162 -22.612184 0.31988189,
  47.273228 -22.609187 0.31988189,47.286001 -22.600653 0.31988189,
  47.294535 -22.58788 0.31988189,47.297532 -22.572814 0.31988189,
  47.455013 -22.316909 0.31988189,47.452016 -22.301843 0.31988189,
  47.443481 -22.28907 0.31988189,47.430709 -22.280535 0.31988189,
  47.415643 -22.277539 0.31988189,47.400576 -22.280535 0.31988189,
  47.387804 -22.28907 0.31988189,47.379269 -22.301843 0.31988189,
  47.376272 -22.316909 0.31988189,47.376272 -22.572814 0.31988189,
  47.379269 -22.58788 0.31988189,47.387804 -22.600653 0.31988189,
  47.400576 -22.609187 0.31988189,47.415643 -22.612184 0.31988189,
  47.430709 -22.609187 0.31988189,47.443481 -22.600653 0.31988189,
  47.452016 -22.58788 0.31988189,47.455013 -22.572814 0.31988189,
  47.612493 -22.316909 0.31988189,47.609496 -22.301843 0.31988189,
  47.600962 -22.28907 0.31988189,47.588189 -22.280535 0.31988189,
  47.573123 -22.277539 0.31988189,47.558057 -22.280535 0.31988189,
  47.545284 -22.28907 0.31988189,47.53675 -22.301843 0.31988189,
  47.533753 -22.316909 0.31988189,47.533753 -22.572814 0.31988189,
  47.53675 -22.58788 0.31988189,47.545284 -22.600653 0.31988189,
  47.558057 -22.609187 0.31988189,47.573123 -22.612184 0.31988189,
  47.588189 -22.609187 0.31988189,47.600962 -22.600653 0.31988189,
  47.609496 -22.58788 0.31988189,47.612493 -22.572814 0.31988189,
  47.769973 -22.316909 0.31988189,47.766976 -22.301843 0.31988189,
  47.758442 -22.28907 0.31988189,47.745669 -22.280535 0.31988189,
  47.730603 -22.277539 0.31988189,47.715537 -22.280535 0.31988189,
  47.702764 -22.28907 0.31988189,47.69423 -22.301843 0.31988189,
  47.691233 -22.316909 0.31988189,47.691233 -22.572814 0.31988189,
  47.69423 -22.58788 0.31988189,47.702764 -22.600653 0.31988189,
  47.715537 -22.609187 0.31988189,47.730603 -22.612184 0.31988189,
  47.745669 -22.609187 0.31988189,47.758442 -22.600653 0.31988189,
  47.766976 -22.58788 0.31988189,47.769973 -22.572814 0.31988189,
  47.927454 -22.316909 0.31988189,47.924457 -22.301843 0.31988189,
  47.915922 -22.28907 0.31988189,47.90315 -22.280535 0.31988189,
  47.888083 -22.277539 0.31988189,47.873017 -22.280535 0.31988189,
  47.860244 -22.28907 0.31988189,47.85171 -22.301843 0.31988189,
  47.848713 -22.316909 0.31988189,47.848713 -22.572814 0.31988189,
  47.85171 -22.58788 0.31988189,47.860244 -22.600653 0.31988189,
  47.873017 -22.609187 0.31988189,47.888083 -22.612184 0.31988189,
  47.90315 -22.609187 0.31988189,47.915922 -22.600653 0.31988189,
  47.924457 -22.58788 0.31988189,47.927454 -22.572814 0.31988189,
  48.084934 -22.316909 0.31988189,48.081937 -22.301843 0.31988189,
  48.073403 -22.28907 0.31988189,48.06063 -22.280535 0.31988189,
  48.045564 -22.277539 0.31988189,48.030498 -22.280535 0.31988189,
  48.017725 -22.28907 0.31988189,48.009191 -22.301843 0.31988189,
  48.006194 -22.316909 0.31988189,48.006194 -22.572814 0.31988189,
  48.009191 -22.58788 0.31988189,48.017725 -22.600653 0.31988189,
  48.030498 -22.609187 0.31988189,48.045564 -22.612184 0.31988189,
  48.06063 -22.609187 0.31988189,48.073403 -22.600653 0.31988189,
  48.081937 -22.58788 0.31988189,48.084934 -22.572814 0.31988189,
  48.480315 -21.589567 0.31988189,48.475894 -21.567344 0.31988189,
  48.463306 -21.548505 0.31988189,48.444467 -21.535917 0.31988189,
  48.422244 -21.531496 0.31988189,48.306102 -21.531496 0.31988189,
  48.28388 -21.535917 0.31988189,48.26504 -21.548505 0.31988189,
  48.252452 -21.567344 0.31988189,48.248031 -21.589567 0.31988189,
  48.248031 -21.71752 0.31988189,48.252452 -21.739743 0.31988189,
  48.26504 -21.758582 0.31988189,48.28388 -21.77117 0.31988189,
  48.306102 -21.775591 0.31988189,48.422244 -21.775591 0.31988189,
  48.444467 -21.77117 0.31988189,48.463306 -21.758582 0.31988189,
  48.475894 -21.739743 0.31988189,48.480315 -21.71752 0.31988189,
  48.242414 -22.316909 0.31988189,48.239417 -22.301843 0.31988189,
  48.230883 -22.28907 0.31988189,48.21811 -22.280535 0.31988189,
  48.203044 -22.277539 0.31988189,48.187978 -22.280535 0.31988189,
  48.175205 -22.28907 0.31988189,48.166671 -22.301843 0.31988189,
  48.163674 -22.316909 0.31988189,48.163674 -22.572814 0.31988189,
  48.166671 -22.58788 0.31988189,48.175205 -22.600653 0.31988189,
  48.187978 -22.609187 0.31988189,48.203044 -22.612184 0.31988189,
  48.21811 -22.609187 0.31988189,48.230883 -22.600653 0.31988189,
  48.239417 -22.58788 0.31988189,48.242414 -22.572814 0.31988189,
  48.399894 -22.316909 0.31988189,48.396898 -22.301843 0.31988189,
  48.388363 -22.28907 0.31988189,48.375591 -22.280535 0.31988189,
  48.360524 -22.277539 0.31988189,48.345458 -22.280535 0.31988189,
  48.332685 -22.28907 0.31988189,48.324151 -22.301843 0.31988189,
  48.321154 -22.316909 0.31988189,48.321154 -22.572814 0.31988189,
  48.324151 -22.58788 0.31988189,48.332685 -22.600653 0.31988189,
  48.345458 -22.609187 0.31988189,48.360524 -22.612184 0.31988189,
  48.375591 -22.609187 0.31988189,48.388363 -22.600653 0.31988189,
  48.396898 -22.58788 0.31988189,48.399894 -22.572814 0.31988189,
  48.557375 -22.316909 0.31988189,48.554378 -22.301843 0.31988189,
  48.545844 -22.28907 0.31988189,48.533071 -22.280535 0.31988189,
  48.518005 -22.277539 0.31988189,48.502939 -22.280535 0.31988189,
  48.490166 -22.28907 0.31988189,48.481631 -22.301843 0.31988189,
  48.478635 -22.316909 0.31988189,48.478635 -22.572814 0.31988189,
  48.481631 -22.58788 0.31988189,48.490166 -22.600653 0.31988189,
  48.502939 -22.609187 0.31988189,48.518005 -22.612184 0.31988189,
  48.533071 -22.609187 0.31988189,48.545844 -22.600653 0.31988189,
  48.554378 -22.58788 0.31988189,48.557375 -22.572814 0.31988189,
  50.175787 -22.415256 0.31988189,50.171599 -22.394201 0.31988189,
  50.159672 -22.376351 0.31988189,50.141823 -22.364424 0.31988189,
  50.120768 -22.360236 0.31988189,50.010728 -22.360236 0.31988189,
  49.989673 -22.364424 0.31988189,49.971824 -22.376351 0.31988189,
  49.959897 -22.394201 0.31988189,49.955709 -22.415256 0.31988189,
  49.955709 -22.545374 0.31988189,49.959897 -22.566429 0.31988189,
  49.971824 -22.584279 0.31988189,49.989673 -22.596206 0.31988189,
  50.010728 -22.600394 0.31988189,50.120768 -22.600394 0.31988189,
  50.141823 -22.596206 0.31988189,50.159672 -22.584279 0.31988189,
  50.171599 -22.566429 0.31988189,50.175787 -22.545374 0.31988189,
  50.556102 -22.415256 0.31988189,50.551914 -22.394201 0.31988189,
  50.539987 -22.376351 0.31988189,50.522138 -22.364424 0.31988189,
  50.501083 -22.360236 0.31988189,50.391043 -22.360236 0.31988189,
  50.369988 -22.364424 0.31988189,50.352139 -22.376351 0.31988189,
  50.340212 -22.394201 0.31988189,50.336024 -22.415256 0.31988189,
  50.336024 -22.545374 0.31988189,50.340212 -22.566429 0.31988189,
  50.352139 -22.584279 0.31988189,50.369988 -22.596206 0.31988189,
  50.391043 -22.600394 0.31988189,50.501083 -22.600394 0.31988189,
  50.522138 -22.596206 0.31988189,50.539987 -22.584279 0.31988189,
  50.551914 -22.566429 0.31988189,50.556102 -22.545374 0.31988189,
  49.805118 -22.425295 0.31988189,49.80093 -22.40424 0.31988189,
  49.789003 -22.386391 0.31988189,49.771154 -22.374464 0.31988189,
  49.750098 -22.370276 0.31988189,49.61998 -22.370276 0.31988189,
  49.598925 -22.374464 0.31988189,49.581076 -22.386391 0.31988189,
  49.569149 -22.40424 0.31988189,49.564961 -22.425295 0.31988189,
  49.564961 -22.535335 0.31988189,49.569149 -22.55639 0.31988189,
  49.581076 -22.574239 0.31988189,49.598925 -22.586166 0.31988189,
  49.61998 -22.590354 0.31988189,49.750098 -22.590354 0.31988189,
  49.771154 -22.586166 0.31988189,49.789003 -22.574239 0.31988189,
  49.80093 -22.55639 0.31988189,49.805118 -22.535335 0.31988189,
  49.450787 -22.418602 0.31988189,49.446599 -22.397547 0.31988189,
  49.434672 -22.379698 0.31988189,49.416823 -22.367771 0.31988189,
  49.395768 -22.363583 0.31988189,49.26565 -22.363583 0.31988189,
  49.244594 -22.367771 0.31988189,49.226745 -22.379698 0.31988189,
  49.214818 -22.397547 0.31988189,49.21063 -22.418602 0.31988189,
  49.21063 -22.528642 0.31988189,49.214818 -22.549697 0.31988189,
  49.226745 -22.567546 0.31988189,49.244594 -22.579473 0.31988189,
  49.26565 -22.583661 0.31988189,49.395768 -22.583661 0.31988189,
  49.416823 -22.579473 0.31988189,49.434672 -22.567546 0.31988189,
  49.446599 -22.549697 0.31988189,49.450787 -22.528642 0.31988189,
  49.805118 -22.04498 0.31988189,49.80093 -22.023925 0.31988189,
  49.789003 -22.006076 0.31988189,49.771154 -21.994149 0.31988189,
  49.750098 -21.989961 0.31988189,49.61998 -21.989961 0.31988189,
  49.598925 -21.994149 0.31988189,49.581076 -22.006076 0.31988189,
  49.569149 -22.023925 0.31988189,49.564961 -22.04498 0.31988189,
  49.564961 -22.15502 0.31988189,49.569149 -22.176075 0.31988189,
  49.581076 -22.193924 0.31988189,49.598925 -22.205851 0.31988189,
  49.61998 -22.210039 0.31988189,49.750098 -22.210039 0.31988189,
  49.771154 -22.205851 0.31988189,49.789003 -22.193924 0.31988189,
  49.80093 -22.176075 0.31988189,49.805118 -22.15502 0.31988189,
  50.271654 -21.883858 0.31988189,50.266109 -21.855986 0.31988189,
  50.250321 -21.832356 0.31988189,50.226691 -21.816568 0.31988189,
  50.198819 -21.811024 0.31988189,50.05315 -21.811024 0.31988189,
  50.025277 -21.816568 0.31988189,50.001648 -21.832356 0.31988189,
  49.985859 -21.855986 0.31988189,49.980315 -21.883858 0.31988189,
  49.980315 -22.13189 0.31988189,49.985859 -22.159762 0.31988189,
  50.001648 -22.183392 0.31988189,50.025277 -22.19918 0.31988189,
  50.05315 -22.204724 0.31988189,50.198819 -22.204724 0.31988189,
  50.226691 -22.19918 0.31988189,50.250321 -22.183392 0.31988189,
  50.266109 -22.159762 0.31988189,50.271654 -22.13189 0.31988189,
  50.807087 -21.883858 0.31988189,50.801543 -21.855986 0.31988189,
  50.785754 -21.832356 0.31988189,50.762124 -21.816568 0.31988189,
  50.734252 -21.811024 0.31988189,50.588583 -21.811024 0.31988189,
  50.56071 -21.816568 0.31988189,50.537081 -21.832356 0.31988189,
  50.521292 -21.855986 0.31988189,50.515748 -21.883858 0.31988189,
  50.515748 -22.13189 0.31988189,50.521292 -22.159762 0.31988189,
  50.537081 -22.183392 0.31988189,50.56071 -22.19918 0.31988189,
  50.588583 -22.204724 0.31988189,50.734252 -22.204724 0.31988189,
  50.762124 -22.19918 0.31988189,50.785754 -22.183392 0.31988189,
  50.801543 -22.159762 0.31988189,50.807087 -22.13189 0.31988189,
  49.450787 -22.038287 0.31988189,49.446599 -22.017232 0.31988189,
  49.434672 -21.999383 0.31988189,49.416823 -21.987456 0.31988189,
  49.395768 -21.983268 0.31988189,49.26565 -21.983268 0.31988189,
  49.244594 -21.987456 0.31988189,49.226745 -21.999383 0.31988189,
  49.214818 -22.017232 0.31988189,49.21063 -22.038287 0.31988189,
  49.21063 -22.148327 0.31988189,49.214818 -22.169382 0.31988189,
  49.226745 -22.187231 0.31988189,49.244594 -22.199158 0.31988189,
  49.26565 -22.203346 0.31988189,49.395768 -22.203346 0.31988189,
  49.416823 -22.199158 0.31988189,49.434672 -22.187231 0.31988189,
  49.446599 -22.169382 0.31988189,49.450787 -22.148327 0.31988189,
  47.519685 -21.59252 0.31988189,47.514141 -21.564647 0.31988189,
  47.498352 -21.541018 0.31988189,47.474723 -21.525229 0.31988189,
  47.44685 -21.519685 0.31988189,47.198819 -21.519685 0.31988189,
  47.170946 -21.525229 0.31988189,47.147317 -21.541018 0.31988189,
  47.131528 -21.564647 0.31988189,47.125984 -21.59252 0.31988189,
  47.125984 -21.738189 0.31988189,47.131528 -21.766061 0.31988189,
  47.147317 -21.789691 0.31988189,47.170946 -21.80548 0.31988189,
  47.198819 -21.811024 0.31988189,47.44685 -21.811024 0.31988189,
  47.474723 -21.80548 0.31988189,47.498352 -21.789691 0.31988189,
  47.514141 -21.766061 0.31988189,47.519685 -21.738189 0.31988189,
  49.427756 -21.352264 0.31988189,49.423568 -21.331209 0.31988189,
  49.411641 -21.313359 0.31988189,49.393791 -21.301432 0.31988189,
  49.372736 -21.297244 0.31988189,49.262697 -21.297244 0.31988189,
  49.241642 -21.301432 0.31988189,49.223792 -21.313359 0.31988189,
  49.211865 -21.331209 0.31988189,49.207677 -21.352264 0.31988189,
  49.207677 -21.482382 0.31988189,49.211865 -21.503437 0.31988189,
  49.223792 -21.521287 0.31988189,49.241642 -21.533213 0.31988189,
  49.262697 -21.537402 0.31988189,49.372736 -21.537402 0.31988189,
  49.393791 -21.533213 0.31988189,49.411641 -21.521287 0.31988189,
  49.423568 -21.503437 0.31988189,49.427756 -21.482382 0.31988189,
  49.808071 -21.352264 0.31988189,49.803883 -21.331209 0.31988189,
  49.791956 -21.313359 0.31988189,49.774106 -21.301432 0.31988189,
  49.753051 -21.297244 0.31988189,49.643012 -21.297244 0.31988189,
  49.621957 -21.301432 0.31988189,49.604107 -21.313359 0.31988189,
  49.59218 -21.331209 0.31988189,49.587992 -21.352264 0.31988189,
  49.587992 -21.482382 0.31988189,49.59218 -21.503437 0.31988189,
  49.604107 -21.521287 0.31988189,49.621957 -21.533213 0.31988189,
  49.643012 -21.537402 0.31988189,49.753051 -21.537402 0.31988189,
  49.774106 -21.533213 0.31988189,49.791956 -21.521287 0.31988189,
  49.803883 -21.503437 0.31988189,49.808071 -21.482382 0.31988189,
  46.931102 -21.277264 0.31988189,46.926914 -21.256209 0.31988189,
  46.914987 -21.238359 0.31988189,46.897138 -21.226432 0.31988189,
  46.876083 -21.222244 0.31988189,46.745965 -21.222244 0.31988189,
  46.724909 -21.226432 0.31988189,46.70706 -21.238359 0.31988189,
  46.695133 -21.256209 0.31988189,46.690945 -21.277264 0.31988189,
  46.690945 -21.387303 0.31988189,46.695133 -21.408358 0.31988189,
  46.70706 -21.426208 0.31988189,46.724909 -21.438135 0.31988189,
  46.745965 -21.442323 0.31988189,46.876083 -21.442323 0.31988189,
  46.897138 -21.438135 0.31988189,46.914987 -21.426208 0.31988189,
  46.926914 -21.408358 0.31988189,46.931102 -21.387303 0.31988189,
  46.478346 -21.270571 0.31988189,46.474158 -21.249516 0.31988189,
  46.462231 -21.231666 0.31988189,46.444382 -21.219739 0.31988189,
  46.423327 -21.215551 0.31988189,46.293209 -21.215551 0.31988189,
  46.272154 -21.219739 0.31988189,46.254304 -21.231666 0.31988189,
  46.242377 -21.249516 0.31988189,46.238189 -21.270571 0.31988189,
  46.238189 -21.38061 0.31988189,46.242377 -21.401665 0.31988189,
  46.254304 -21.419515 0.31988189,46.272154 -21.431442 0.31988189,
  46.293209 -21.43563 0.31988189,46.423327 -21.43563 0.31988189,
  46.444382 -21.431442 0.31988189,46.462231 -21.419515 0.31988189,
  46.474158 -21.401665 0.31988189,46.478346 -21.38061 0.31988189,
  48.505906 -21.178445 0.31988189,48.501717 -21.15739 0.31988189,
  48.489791 -21.13954 0.31988189,48.471941 -21.127613 0.31988189,
  48.450886 -21.123425 0.31988189,48.320768 -21.123425 0.31988189,
  48.299713 -21.127613 0.31988189,48.281863 -21.13954 0.31988189,
  48.269936 -21.15739 0.31988189,48.265748 -21.178445 0.31988189,
  48.265748 -21.288484 0.31988189,48.269936 -21.309539 0.31988189,
  48.281863 -21.327389 0.31988189,48.299713 -21.339316 0.31988189,
  48.320768 -21.343504 0.31988189,48.450886 -21.343504 0.31988189,
  48.471941 -21.339316 0.31988189,48.489791 -21.327389 0.31988189,
  48.501717 -21.309539 0.31988189,48.505906 -21.288484 0.31988189,
  47.519685 -21.057087 0.31988189,47.514141 -21.029214 0.31988189,
  47.498352 -21.005585 0.31988189,47.474723 -20.989796 0.31988189,
  47.44685 -20.984252 0.31988189,47.198819 -20.984252 0.31988189,
  47.170946 -20.989796 0.31988189,47.147317 -21.005585 0.31988189,
  47.131528 -21.029214 0.31988189,47.125984 -21.057087 0.31988189,
  47.125984 -21.202756 0.31988189,47.131528 -21.230628 0.31988189,
  47.147317 -21.254258 0.31988189,47.170946 -21.270046 0.31988189,
  47.198819 -21.275591 0.31988189,47.44685 -21.275591 0.31988189,
  47.474723 -21.270046 0.31988189,47.498352 -21.254258 0.31988189,
  47.514141 -21.230628 0.31988189,47.519685 -21.202756 0.31988189,
  48.505906 -20.79813 0.31988189,48.501717 -20.777075 0.31988189,
  48.489791 -20.759225 0.31988189,48.471941 -20.747298 0.31988189,
  48.450886 -20.74311 0.31988189,48.320768 -20.74311 0.31988189,
  48.299713 -20.747298 0.31988189,48.281863 -20.759225 0.31988189,
  48.269936 -20.777075 0.31988189,48.265748 -20.79813 0.31988189,
  48.265748 -20.908169 0.31988189,48.269936 -20.929224 0.31988189,
  48.281863 -20.947074 0.31988189,48.299713 -20.959001 0.31988189,
  48.320768 -20.963189 0.31988189,48.450886 -20.963189 0.31988189,
  48.471941 -20.959001 0.31988189,48.489791 -20.947074 0.31988189,
  48.501717 -20.929224 0.31988189,48.505906 -20.908169 0.31988189,
  48.482874 -20.368012 0.31988189,48.478686 -20.346957 0.31988189,
  48.466759 -20.329107 0.31988189,48.448909 -20.31718 0.31988189,
  48.427854 -20.312992 0.31988189,48.317815 -20.312992 0.31988189,
  48.29676 -20.31718 0.31988189,48.27891 -20.329107 0.31988189,
  48.266983 -20.346957 0.31988189,48.262795 -20.368012 0.31988189,
  48.262795 -20.49813 0.31988189,48.266983 -20.519185 0.31988189,
  48.27891 -20.537035 0.31988189,48.29676 -20.548961 0.31988189,
  48.317815 -20.55315 0.31988189,48.427854 -20.55315 0.31988189,
  48.448909 -20.548961 0.31988189,48.466759 -20.537035 0.31988189,
  48.478686 -20.519185 0.31988189,48.482874 -20.49813 0.31988189,
  48.863189 -20.368012 0.31988189,48.859001 -20.346957 0.31988189,
  48.847074 -20.329107 0.31988189,48.829224 -20.31718 0.31988189,
  48.808169 -20.312992 0.31988189,48.69813 -20.312992 0.31988189,
  48.677075 -20.31718 0.31988189,48.659225 -20.329107 0.31988189,
  48.647298 -20.346957 0.31988189,48.64311 -20.368012 0.31988189,
  48.64311 -20.49813 0.31988189,48.647298 -20.519185 0.31988189,
  48.659225 -20.537035 0.31988189,48.677075 -20.548961 0.31988189,
  48.69813 -20.55315 0.31988189,48.808169 -20.55315 0.31988189,
  48.829224 -20.548961 0.31988189,48.847074 -20.537035 0.31988189,
  48.859001 -20.519185 0.31988189,48.863189 -20.49813 0.31988189] }
 coordIndex [
  9,11,8,-1,8,11,12,-1,8,12,7,-1,7,12,13,-1,7,13,6,-1,6,13,14,-1,6,14,5,-1,5,14,15,-1,
  5,15,4,-1,4,15,16,-1,4,16,3,-1,3,16,17,-1,3,17,2,-1,2,17,18,-1,2,18,1,-1,1,18,19,-1,
  1,19,0,-1,29,31,28,-1,28,31,32,-1,28,32,27,-1,27,32,33,-1,27,33,26,-1,26,33,34,-1,26,34,25,-1,
  25,34,35,-1,25,35,24,-1,24,35,36,-1,24,36,23,-1,23,36,37,-1,23,37,22,-1,22,37,38,-1,22,38,21,-1,
  21,38,39,-1,21,39,20,-1,49,51,48,-1,48,51,52,-1,48,52,47,-1,47,52,53,-1,47,53,46,-1,46,53,54,-1,
  46,54,45,-1,45,54,55,-1,45,55,44,-1,44,55,56,-1,44,56,43,-1,43,56,57,-1,43,57,42,-1,42,57,58,-1,
  42,58,41,-1,41,58,59,-1,41,59,40,-1,69,70,68,-1,68,70,71,-1,68,71,67,-1,67,71,72,-1,67,72,66,-1,
  66,72,73,-1,66,73,65,-1,65,73,74,-1,65,74,64,-1,64,74,75,-1,64,75,63,-1,63,75,76,-1,63,76,62,-1,
  62,76,77,-1,62,77,61,-1,61,77,60,-1,87,88,86,-1,86,88,89,-1,86,89,85,-1,85,89,90,-1,85,90,84,-1,
  84,90,91,-1,84,91,83,-1,83,91,92,-1,83,92,82,-1,82,92,93,-1,82,93,81,-1,81,93,94,-1,81,94,80,-1,
  80,94,95,-1,80,95,79,-1,79,95,78,-1,105,106,104,-1,104,106,107,-1,104,107,103,-1,103,107,108,-1,103,108,102,-1,
  102,108,109,-1,102,109,101,-1,101,109,110,-1,101,110,100,-1,100,110,111,-1,100,111,99,-1,99,111,112,-1,99,112,98,-1,
  98,112,113,-1,98,113,97,-1,97,113,96,-1,123,124,122,-1,122,124,125,-1,122,125,121,-1,121,125,126,-1,121,126,120,-1,
  120,126,127,-1,120,127,119,-1,119,127,128,-1,119,128,118,-1,118,128,129,-1,118,129,117,-1,117,129,130,-1,117,130,116,-1,
  116,130,131,-1,116,131,115,-1,115,131,114,-1,141,142,140,-1,140,142,143,-1,140,143,139,-1,139,143,144,-1,139,144,138,-1,
  138,144,145,-1,138,145,137,-1,137,145,146,-1,137,146,136,-1,136,146,147,-1,136,147,135,-1,135,147,148,-1,135,148,134,-1,
  134,148,149,-1,134,149,133,-1,133,149,132,-1,159,160,158,-1,158,160,161,-1,158,161,157,-1,157,161,162,-1,157,162,156,-1,
  156,162,163,-1,156,163,155,-1,155,163,164,-1,155,164,154,-1,154,164,165,-1,154,165,153,-1,153,165,166,-1,153,166,152,-1,
  152,166,167,-1,152,167,151,-1,151,167,150,-1,177,178,176,-1,176,178,179,-1,176,179,175,-1,175,179,180,-1,175,180,174,-1,
  174,180,181,-1,174,181,173,-1,173,181,182,-1,173,182,172,-1,172,182,183,-1,172,183,171,-1,171,183,184,-1,171,184,170,-1,
  170,184,185,-1,170,185,169,-1,169,185,168,-1,195,196,194,-1,194,196,197,-1,194,197,193,-1,193,197,198,-1,193,198,192,-1,
  192,198,199,-1,192,199,191,-1,191,199,200,-1,191,200,190,-1,190,200,201,-1,190,201,189,-1,189,201,202,-1,189,202,188,-1,
  188,202,203,-1,188,203,187,-1,187,203,186,-1,213,215,212,-1,212,215,216,-1,212,216,211,-1,211,216,217,-1,211,217,210,-1,
  210,217,218,-1,210,218,209,-1,209,218,219,-1,209,219,208,-1,208,219,220,-1,208,220,207,-1,207,220,221,-1,207,221,206,-1,
  206,221,222,-1,206,222,205,-1,205,222,223,-1,205,223,204,-1,233,235,232,-1,232,235,236,-1,232,236,231,-1,231,236,237,-1,
  231,237,230,-1,230,237,238,-1,230,238,229,-1,229,238,239,-1,229,239,228,-1,228,239,240,-1,228,240,227,-1,227,240,241,-1,
  227,241,226,-1,226,241,242,-1,226,242,225,-1,225,242,243,-1,225,243,224,-1,252,254,251,-1,251,254,255,-1,251,255,250,-1,
  250,255,256,-1,250,256,249,-1,249,256,257,-1,249,257,248,-1,248,257,258,-1,248,258,247,-1,247,258,259,-1,247,259,246,-1,
  246,259,260,-1,246,260,245,-1,245,260,261,-1,245,261,244,-1,270,272,269,-1,269,272,273,-1,269,273,268,-1,268,273,274,-1,
  268,274,267,-1,267,274,275,-1,267,275,266,-1,266,275,276,-1,266,276,265,-1,265,276,277,-1,265,277,264,-1,264,277,278,-1,
  264,278,263,-1,263,278,279,-1,263,279,262,-1,288,290,287,-1,287,290,291,-1,287,291,286,-1,286,291,292,-1,286,292,285,-1,
  285,292,293,-1,285,293,284,-1,284,293,294,-1,284,294,283,-1,283,294,295,-1,283,295,282,-1,282,295,296,-1,282,296,281,-1,
  281,296,297,-1,281,297,280,-1,306,308,305,-1,305,308,309,-1,305,309,304,-1,304,309,310,-1,304,310,303,-1,303,310,311,-1,
  303,311,302,-1,302,311,312,-1,302,312,301,-1,301,312,313,-1,301,313,300,-1,300,313,314,-1,300,314,299,-1,299,314,315,-1,
  299,315,298,-1,324,326,323,-1,323,326,327,-1,323,327,322,-1,322,327,328,-1,322,328,321,-1,321,328,329,-1,321,329,320,-1,
  320,329,330,-1,320,330,319,-1,319,330,331,-1,319,331,318,-1,318,331,332,-1,318,332,317,-1,317,332,333,-1,317,333,316,-1,
  342,344,341,-1,341,344,345,-1,341,345,340,-1,340,345,346,-1,340,346,339,-1,339,346,347,-1,339,347,338,-1,338,347,348,-1,
  338,348,337,-1,337,348,349,-1,337,349,336,-1,336,349,350,-1,336,350,335,-1,335,350,351,-1,335,351,334,-1,360,362,359,-1,
  359,362,363,-1,359,363,358,-1,358,363,364,-1,358,364,357,-1,357,364,365,-1,357,365,356,-1,356,365,366,-1,356,366,355,-1,
  355,366,367,-1,355,367,354,-1,354,367,368,-1,354,368,353,-1,353,368,369,-1,353,369,352,-1,378,380,377,-1,377,380,381,-1,
  377,381,376,-1,376,381,382,-1,376,382,375,-1,375,382,383,-1,375,383,374,-1,374,383,384,-1,374,384,373,-1,373,384,385,-1,
  373,385,372,-1,372,385,386,-1,372,386,371,-1,371,386,387,-1,371,387,370,-1,396,398,395,-1,395,398,399,-1,395,399,394,-1,
  394,399,400,-1,394,400,393,-1,393,400,401,-1,393,401,392,-1,392,401,402,-1,392,402,391,-1,391,402,403,-1,391,403,390,-1,
  390,403,404,-1,390,404,389,-1,389,404,405,-1,389,405,388,-1,414,416,413,-1,413,416,417,-1,413,417,412,-1,412,417,418,-1,
  412,418,411,-1,411,418,419,-1,411,419,410,-1,410,419,420,-1,410,420,409,-1,409,420,421,-1,409,421,408,-1,408,421,422,-1,
  408,422,407,-1,407,422,423,-1,407,423,406,-1,432,434,431,-1,431,434,435,-1,431,435,430,-1,430,435,436,-1,430,436,429,-1,
  429,436,437,-1,429,437,428,-1,428,437,438,-1,428,438,427,-1,427,438,439,-1,427,439,426,-1,426,439,440,-1,426,440,425,-1,
  425,440,441,-1,425,441,424,-1,451,453,450,-1,450,453,454,-1,450,454,449,-1,449,454,455,-1,449,455,448,-1,448,455,456,-1,
  448,456,447,-1,447,456,457,-1,447,457,446,-1,446,457,458,-1,446,458,445,-1,445,458,459,-1,445,459,444,-1,444,459,460,-1,
  444,460,443,-1,443,460,461,-1,443,461,442,-1,470,472,469,-1,469,472,473,-1,469,473,468,-1,468,473,474,-1,468,474,467,-1,
  467,474,475,-1,467,475,466,-1,466,475,476,-1,466,476,465,-1,465,476,477,-1,465,477,464,-1,464,477,478,-1,464,478,463,-1,
  463,478,479,-1,463,479,462,-1,489,490,488,-1,488,490,491,-1,488,491,487,-1,487,491,492,-1,487,492,486,-1,486,492,493,-1,
  486,493,485,-1,485,493,494,-1,485,494,484,-1,484,494,495,-1,484,495,483,-1,483,495,496,-1,483,496,482,-1,482,496,497,-1,
  482,497,481,-1,481,497,480,-1,507,508,506,-1,506,508,509,-1,506,509,505,-1,505,509,510,-1,505,510,504,-1,504,510,511,-1,
  504,511,503,-1,503,511,512,-1,503,512,502,-1,502,512,513,-1,502,513,501,-1,501,513,514,-1,501,514,500,-1,500,514,515,-1,
  500,515,499,-1,499,515,498,-1,525,527,524,-1,524,527,528,-1,524,528,523,-1,523,528,529,-1,523,529,522,-1,522,529,530,-1,
  522,530,521,-1,521,530,531,-1,521,531,520,-1,520,531,532,-1,520,532,519,-1,519,532,533,-1,519,533,518,-1,518,533,534,-1,
  518,534,517,-1,517,534,535,-1,517,535,516,-1,545,547,544,-1,544,547,548,-1,544,548,543,-1,543,548,549,-1,543,549,542,-1,
  542,549,550,-1,542,550,541,-1,541,550,551,-1,541,551,540,-1,540,551,552,-1,540,552,539,-1,539,552,553,-1,539,553,538,-1,
  538,553,554,-1,538,554,537,-1,537,554,555,-1,537,555,536,-1,557,558,559,-1,557,559,556,-1,569,570,568,-1,568,570,571,-1,
  568,571,567,-1,567,571,572,-1,567,572,566,-1,566,572,573,-1,566,573,565,-1,565,573,574,-1,565,574,564,-1,564,574,575,-1,
  564,575,563,-1,563,575,576,-1,563,576,562,-1,562,576,577,-1,562,577,561,-1,561,577,560,-1,587,588,586,-1,586,588,589,-1,
  586,589,585,-1,585,589,590,-1,585,590,584,-1,584,590,591,-1,584,591,583,-1,583,591,592,-1,583,592,582,-1,582,592,593,-1,
  582,593,581,-1,581,593,594,-1,581,594,580,-1,580,594,595,-1,580,595,579,-1,579,595,578,-1,605,606,604,-1,604,606,607,-1,
  604,607,603,-1,603,607,608,-1,603,608,602,-1,602,608,609,-1,602,609,601,-1,601,609,610,-1,601,610,600,-1,600,610,611,-1,
  600,611,599,-1,599,611,612,-1,599,612,598,-1,598,612,613,-1,598,613,597,-1,597,613,596,-1,623,624,622,-1,622,624,625,-1,
  622,625,621,-1,621,625,626,-1,621,626,620,-1,620,626,627,-1,620,627,619,-1,619,627,628,-1,619,628,618,-1,618,628,629,-1,
  618,629,617,-1,617,629,630,-1,617,630,616,-1,616,630,631,-1,616,631,615,-1,615,631,614,-1,633,634,635,-1,633,635,632,-1,
  637,638,639,-1,637,639,636,-1,649,650,648,-1,648,650,651,-1,648,651,647,-1,647,651,652,-1,647,652,646,-1,646,652,653,-1,
  646,653,645,-1,645,653,654,-1,645,654,644,-1,644,654,655,-1,644,655,643,-1,643,655,656,-1,643,656,642,-1,642,656,657,-1,
  642,657,641,-1,641,657,640,-1,667,668,666,-1,666,668,669,-1,666,669,665,-1,665,669,670,-1,665,670,664,-1,664,670,671,-1,
  664,671,663,-1,663,671,672,-1,663,672,662,-1,662,672,673,-1,662,673,661,-1,661,673,674,-1,661,674,660,-1,660,674,675,-1,
  660,675,659,-1,659,675,658,-1,685,686,684,-1,684,686,687,-1,684,687,683,-1,683,687,688,-1,683,688,682,-1,682,688,689,-1,
  682,689,681,-1,681,689,690,-1,681,690,680,-1,680,690,691,-1,680,691,679,-1,679,691,692,-1,679,692,678,-1,678,692,693,-1,
  678,693,677,-1,677,693,676,-1,703,704,702,-1,702,704,705,-1,702,705,701,-1,701,705,706,-1,701,706,700,-1,700,706,707,-1,
  700,707,699,-1,699,707,708,-1,699,708,698,-1,698,708,709,-1,698,709,697,-1,697,709,710,-1,697,710,696,-1,696,710,711,-1,
  696,711,695,-1,695,711,694,-1,721,722,720,-1,720,722,723,-1,720,723,719,-1,719,723,724,-1,719,724,718,-1,718,724,725,-1,
  718,725,717,-1,717,725,726,-1,717,726,716,-1,716,726,727,-1,716,727,715,-1,715,727,728,-1,715,728,714,-1,714,728,729,-1,
  714,729,713,-1,713,729,712,-1,739,740,738,-1,738,740,741,-1,738,741,737,-1,737,741,742,-1,737,742,736,-1,736,742,743,-1,
  736,743,735,-1,735,743,744,-1,735,744,734,-1,734,744,745,-1,734,745,733,-1,733,745,746,-1,733,746,732,-1,732,746,747,-1,
  732,747,731,-1,731,747,730,-1,757,759,756,-1,756,759,760,-1,756,760,755,-1,755,760,761,-1,755,761,754,-1,754,761,762,-1,
  754,762,753,-1,753,762,763,-1,753,763,752,-1,752,763,764,-1,752,764,751,-1,751,764,765,-1,751,765,750,-1,750,765,766,-1,
  750,766,749,-1,749,766,767,-1,749,767,748,-1,777,779,776,-1,776,779,780,-1,776,780,775,-1,775,780,781,-1,775,781,774,-1,
  774,781,782,-1,774,782,773,-1,773,782,783,-1,773,783,772,-1,772,783,784,-1,772,784,771,-1,771,784,785,-1,771,785,770,-1,
  770,785,786,-1,770,786,769,-1,769,786,787,-1,769,787,768,-1,797,798,796,-1,796,798,799,-1,796,799,795,-1,795,799,800,-1,
  795,800,794,-1,794,800,801,-1,794,801,793,-1,793,801,802,-1,793,802,792,-1,792,802,803,-1,792,803,791,-1,791,803,804,-1,
  791,804,790,-1,790,804,805,-1,790,805,789,-1,789,805,788,-1,815,816,814,-1,814,816,817,-1,814,817,813,-1,813,817,818,-1,
  813,818,812,-1,812,818,819,-1,812,819,811,-1,811,819,820,-1,811,820,810,-1,810,820,821,-1,810,821,809,-1,809,821,822,-1,
  809,822,808,-1,808,822,823,-1,808,823,807,-1,807,823,806,-1,825,826,827,-1,825,827,824,-1,829,830,831,-1,829,831,828,-1,
  841,842,840,-1,840,842,843,-1,840,843,839,-1,839,843,844,-1,839,844,838,-1,838,844,845,-1,838,845,837,-1,837,845,846,-1,
  837,846,836,-1,836,846,847,-1,836,847,835,-1,835,847,848,-1,835,848,834,-1,834,848,849,-1,834,849,833,-1,833,849,832,-1,
  859,860,858,-1,858,860,861,-1,858,861,857,-1,857,861,862,-1,857,862,856,-1,856,862,863,-1,856,863,855,-1,855,863,864,-1,
  855,864,854,-1,854,864,865,-1,854,865,853,-1,853,865,866,-1,853,866,852,-1,852,866,867,-1,852,867,851,-1,851,867,850,-1,
  877,878,876,-1,876,878,879,-1,876,879,875,-1,875,879,880,-1,875,880,874,-1,874,880,881,-1,874,881,873,-1,873,881,882,-1,
  873,882,872,-1,872,882,883,-1,872,883,871,-1,871,883,884,-1,871,884,870,-1,870,884,885,-1,870,885,869,-1,869,885,868,-1,
  895,896,894,-1,894,896,897,-1,894,897,893,-1,893,897,898,-1,893,898,892,-1,892,898,899,-1,892,899,891,-1,891,899,900,-1,
  891,900,890,-1,890,900,901,-1,890,901,889,-1,889,901,902,-1,889,902,888,-1,888,902,903,-1,888,903,887,-1,887,903,886,-1,
  913,914,912,-1,912,914,915,-1,912,915,911,-1,911,915,916,-1,911,916,910,-1,910,916,917,-1,910,917,909,-1,909,917,918,-1,
  909,918,908,-1,908,918,919,-1,908,919,907,-1,907,919,920,-1,907,920,906,-1,906,920,921,-1,906,921,905,-1,905,921,904,-1,
  931,932,930,-1,930,932,933,-1,930,933,929,-1,929,933,934,-1,929,934,928,-1,928,934,935,-1,928,935,927,-1,927,935,936,-1,
  927,936,926,-1,926,936,937,-1,926,937,925,-1,925,937,938,-1,925,938,924,-1,924,938,939,-1,924,939,923,-1,923,939,922,-1,
  949,951,948,-1,948,951,952,-1,948,952,947,-1,947,952,953,-1,947,953,946,-1,946,953,954,-1,946,954,945,-1,945,954,955,-1,
  945,955,944,-1,944,955,956,-1,944,956,943,-1,943,956,957,-1,943,957,942,-1,942,957,958,-1,942,958,941,-1,941,958,959,-1,
  941,959,940,-1,969,971,968,-1,968,971,972,-1,968,972,967,-1,967,972,973,-1,967,973,966,-1,966,973,974,-1,966,974,965,-1,
  965,974,975,-1,965,975,964,-1,964,975,976,-1,964,976,963,-1,963,976,977,-1,963,977,962,-1,962,977,978,-1,962,978,961,-1,
  961,978,979,-1,961,979,960,-1,989,991,988,-1,988,991,992,-1,988,992,987,-1,987,992,993,-1,987,993,986,-1,986,993,994,-1,
  986,994,985,-1,985,994,995,-1,985,995,984,-1,984,995,996,-1,984,996,983,-1,983,996,997,-1,983,997,982,-1,982,997,998,-1,
  982,998,981,-1,981,998,999,-1,981,999,980,-1,1009,1011,1008,-1,1008,1011,1012,-1,1008,1012,1007,-1,1007,1012,1013,-1,1007,1013,1006,-1,
  1006,1013,1014,-1,1006,1014,1005,-1,1005,1014,1015,-1,1005,1015,1004,-1,1004,1015,1016,-1,1004,1016,1003,-1,1003,1016,1017,-1,1003,1017,1002,-1,
  1002,1017,1018,-1,1002,1018,1001,-1,1001,1018,1019,-1,1001,1019,1000,-1,1029,1031,1028,-1,1028,1031,1032,-1,1028,1032,1027,-1,1027,1032,1033,-1,
  1027,1033,1026,-1,1026,1033,1034,-1,1026,1034,1025,-1,1025,1034,1035,-1,1025,1035,1024,-1,1024,1035,1036,-1,1024,1036,1023,-1,1023,1036,1037,-1,
  1023,1037,1022,-1,1022,1037,1038,-1,1022,1038,1021,-1,1021,1038,1039,-1,1021,1039,1020,-1,1049,1050,1048,-1,1048,1050,1051,-1,1048,1051,1047,-1,
  1047,1051,1052,-1,1047,1052,1046,-1,1046,1052,1053,-1,1046,1053,1045,-1,1045,1053,1054,-1,1045,1054,1044,-1,1044,1054,1055,-1,1044,1055,1043,-1,
  1043,1055,1056,-1,1043,1056,1042,-1,1042,1056,1057,-1,1042,1057,1041,-1,1041,1057,1040,-1,1067,1068,1066,-1,1066,1068,1069,-1,1066,1069,1065,-1,
  1065,1069,1070,-1,1065,1070,1064,-1,1064,1070,1071,-1,1064,1071,1063,-1,1063,1071,1072,-1,1063,1072,1062,-1,1062,1072,1073,-1,1062,1073,1061,-1,
  1061,1073,1074,-1,1061,1074,1060,-1,1060,1074,1075,-1,1060,1075,1059,-1,1059,1075,1058,-1,1085,1086,1084,-1,1084,1086,1087,-1,1084,1087,1083,-1,
  1083,1087,1088,-1,1083,1088,1082,-1,1082,1088,1089,-1,1082,1089,1081,-1,1081,1089,1090,-1,1081,1090,1080,-1,1080,1090,1091,-1,1080,1091,1079,-1,
  1079,1091,1092,-1,1079,1092,1078,-1,1078,1092,1093,-1,1078,1093,1077,-1,1077,1093,1076,-1,1103,1104,1102,-1,1102,1104,1105,-1,1102,1105,1101,-1,
  1101,1105,1106,-1,1101,1106,1100,-1,1100,1106,1107,-1,1100,1107,1099,-1,1099,1107,1108,-1,1099,1108,1098,-1,1098,1108,1109,-1,1098,1109,1097,-1,
  1097,1109,1110,-1,1097,1110,1096,-1,1096,1110,1111,-1,1096,1111,1095,-1,1095,1111,1094,-1,1120,1122,1119,-1,1119,1122,1123,-1,1119,1123,1118,-1,
  1118,1123,1124,-1,1118,1124,1117,-1,1117,1124,1125,-1,1117,1125,1116,-1,1116,1125,1126,-1,1116,1126,1115,-1,1115,1126,1127,-1,1115,1127,1114,-1,
  1114,1127,1128,-1,1114,1128,1113,-1,1113,1128,1129,-1,1113,1129,1112,-1,1138,1140,1137,-1,1137,1140,1141,-1,1137,1141,1136,-1,1136,1141,1142,-1,
  1136,1142,1135,-1,1135,1142,1143,-1,1135,1143,1134,-1,1134,1143,1144,-1,1134,1144,1133,-1,1133,1144,1145,-1,1133,1145,1132,-1,1132,1145,1146,-1,
  1132,1146,1131,-1,1131,1146,1147,-1,1131,1147,1130,-1,1156,1158,1155,-1,1155,1158,1159,-1,1155,1159,1154,-1,1154,1159,1160,-1,1154,1160,1153,-1,
  1153,1160,1161,-1,1153,1161,1152,-1,1152,1161,1162,-1,1152,1162,1151,-1,1151,1162,1163,-1,1151,1163,1150,-1,1150,1163,1164,-1,1150,1164,1149,-1,
  1149,1164,1165,-1,1149,1165,1148,-1,1174,1176,1173,-1,1173,1176,1177,-1,1173,1177,1172,-1,1172,1177,1178,-1,1172,1178,1171,-1,1171,1178,1179,-1,
  1171,1179,1170,-1,1170,1179,1180,-1,1170,1180,1169,-1,1169,1180,1181,-1,1169,1181,1168,-1,1168,1181,1182,-1,1168,1182,1167,-1,1167,1182,1183,-1,
  1167,1183,1166,-1,1192,1194,1191,-1,1191,1194,1195,-1,1191,1195,1190,-1,1190,1195,1196,-1,1190,1196,1189,-1,1189,1196,1197,-1,1189,1197,1188,-1,
  1188,1197,1198,-1,1188,1198,1187,-1,1187,1198,1199,-1,1187,1199,1186,-1,1186,1199,1200,-1,1186,1200,1185,-1,1185,1200,1201,-1,1185,1201,1184,-1,
  1210,1212,1209,-1,1209,1212,1213,-1,1209,1213,1208,-1,1208,1213,1214,-1,1208,1214,1207,-1,1207,1214,1215,-1,1207,1215,1206,-1,1206,1215,1216,-1,
  1206,1216,1205,-1,1205,1216,1217,-1,1205,1217,1204,-1,1204,1217,1218,-1,1204,1218,1203,-1,1203,1218,1219,-1,1203,1219,1202,-1,1228,1230,1227,-1,
  1227,1230,1231,-1,1227,1231,1226,-1,1226,1231,1232,-1,1226,1232,1225,-1,1225,1232,1233,-1,1225,1233,1224,-1,1224,1233,1234,-1,1224,1234,1223,-1,
  1223,1234,1235,-1,1223,1235,1222,-1,1222,1235,1236,-1,1222,1236,1221,-1,1221,1236,1237,-1,1221,1237,1220,-1,1246,1248,1245,-1,1245,1248,1249,-1,
  1245,1249,1244,-1,1244,1249,1250,-1,1244,1250,1243,-1,1243,1250,1251,-1,1243,1251,1242,-1,1242,1251,1252,-1,1242,1252,1241,-1,1241,1252,1253,-1,
  1241,1253,1240,-1,1240,1253,1254,-1,1240,1254,1239,-1,1239,1254,1255,-1,1239,1255,1238,-1,1264,1266,1263,-1,1263,1266,1267,-1,1263,1267,1262,-1,
  1262,1267,1268,-1,1262,1268,1261,-1,1261,1268,1269,-1,1261,1269,1260,-1,1260,1269,1270,-1,1260,1270,1259,-1,1259,1270,1271,-1,1259,1271,1258,-1,
  1258,1271,1272,-1,1258,1272,1257,-1,1257,1272,1273,-1,1257,1273,1256,-1,1283,1285,1282,-1,1282,1285,1286,-1,1282,1286,1281,-1,1281,1286,1287,-1,
  1281,1287,1280,-1,1280,1287,1288,-1,1280,1288,1279,-1,1279,1288,1289,-1,1279,1289,1278,-1,1278,1289,1290,-1,1278,1290,1277,-1,1277,1290,1291,-1,
  1277,1291,1276,-1,1276,1291,1292,-1,1276,1292,1275,-1,1275,1292,1293,-1,1275,1293,1274,-1,1302,1304,1301,-1,1301,1304,1305,-1,1301,1305,1300,-1,
  1300,1305,1306,-1,1300,1306,1299,-1,1299,1306,1307,-1,1299,1307,1298,-1,1298,1307,1308,-1,1298,1308,1297,-1,1297,1308,1309,-1,1297,1309,1296,-1,
  1296,1309,1310,-1,1296,1310,1295,-1,1295,1310,1311,-1,1295,1311,1294,-1,1320,1322,1319,-1,1319,1322,1323,-1,1319,1323,1318,-1,1318,1323,1324,-1,
  1318,1324,1317,-1,1317,1324,1325,-1,1317,1325,1316,-1,1316,1325,1326,-1,1316,1326,1315,-1,1315,1326,1327,-1,1315,1327,1314,-1,1314,1327,1328,-1,
  1314,1328,1313,-1,1313,1328,1329,-1,1313,1329,1312,-1,1338,1340,1337,-1,1337,1340,1341,-1,1337,1341,1336,-1,1336,1341,1342,-1,1336,1342,1335,-1,
  1335,1342,1343,-1,1335,1343,1334,-1,1334,1343,1344,-1,1334,1344,1333,-1,1333,1344,1345,-1,1333,1345,1332,-1,1332,1345,1346,-1,1332,1346,1331,-1,
  1331,1346,1347,-1,1331,1347,1330,-1,1357,1359,1356,-1,1356,1359,1360,-1,1356,1360,1355,-1,1355,1360,1361,-1,1355,1361,1354,-1,1354,1361,1362,-1,
  1354,1362,1353,-1,1353,1362,1363,-1,1353,1363,1352,-1,1352,1363,1364,-1,1352,1364,1351,-1,1351,1364,1365,-1,1351,1365,1350,-1,1350,1365,1366,-1,
  1350,1366,1349,-1,1349,1366,1367,-1,1349,1367,1348,-1,1377,1379,1376,-1,1376,1379,1380,-1,1376,1380,1375,-1,1375,1380,1381,-1,1375,1381,1374,-1,
  1374,1381,1382,-1,1374,1382,1373,-1,1373,1382,1383,-1,1373,1383,1372,-1,1372,1383,1384,-1,1372,1384,1371,-1,1371,1384,1385,-1,1371,1385,1370,-1,
  1370,1385,1386,-1,1370,1386,1369,-1,1369,1386,1387,-1,1369,1387,1368,-1,1397,1399,1396,-1,1396,1399,1400,-1,1396,1400,1395,-1,1395,1400,1401,-1,
  1395,1401,1394,-1,1394,1401,1402,-1,1394,1402,1393,-1,1393,1402,1403,-1,1393,1403,1392,-1,1392,1403,1404,-1,1392,1404,1391,-1,1391,1404,1405,-1,
  1391,1405,1390,-1,1390,1405,1406,-1,1390,1406,1389,-1,1389,1406,1407,-1,1389,1407,1388,-1,1417,1419,1416,-1,1416,1419,1420,-1,1416,1420,1415,-1,
  1415,1420,1421,-1,1415,1421,1414,-1,1414,1421,1422,-1,1414,1422,1413,-1,1413,1422,1423,-1,1413,1423,1412,-1,1412,1423,1424,-1,1412,1424,1411,-1,
  1411,1424,1425,-1,1411,1425,1410,-1,1410,1425,1426,-1,1410,1426,1409,-1,1409,1426,1427,-1,1409,1427,1408,-1,1437,1439,1436,-1,1436,1439,1440,-1,
  1436,1440,1435,-1,1435,1440,1441,-1,1435,1441,1434,-1,1434,1441,1442,-1,1434,1442,1433,-1,1433,1442,1443,-1,1433,1443,1432,-1,1432,1443,1444,-1,
  1432,1444,1431,-1,1431,1444,1445,-1,1431,1445,1430,-1,1430,1445,1446,-1,1430,1446,1429,-1,1429,1446,1447,-1,1429,1447,1428,-1,1457,1459,1456,-1,
  1456,1459,1460,-1,1456,1460,1455,-1,1455,1460,1461,-1,1455,1461,1454,-1,1454,1461,1462,-1,1454,1462,1453,-1,1453,1462,1463,-1,1453,1463,1452,-1,
  1452,1463,1464,-1,1452,1464,1451,-1,1451,1464,1465,-1,1451,1465,1450,-1,1450,1465,1466,-1,1450,1466,1449,-1,1449,1466,1467,-1,1449,1467,1448,-1,
  1477,1479,1476,-1,1476,1479,1480,-1,1476,1480,1475,-1,1475,1480,1481,-1,1475,1481,1474,-1,1474,1481,1482,-1,1474,1482,1473,-1,1473,1482,1483,-1,
  1473,1483,1472,-1,1472,1483,1484,-1,1472,1484,1471,-1,1471,1484,1485,-1,1471,1485,1470,-1,1470,1485,1486,-1,1470,1486,1469,-1,1469,1486,1487,-1,
  1469,1487,1468,-1,1497,1499,1496,-1,1496,1499,1500,-1,1496,1500,1495,-1,1495,1500,1501,-1,1495,1501,1494,-1,1494,1501,1502,-1,1494,1502,1493,-1,
  1493,1502,1503,-1,1493,1503,1492,-1,1492,1503,1504,-1,1492,1504,1491,-1,1491,1504,1505,-1,1491,1505,1490,-1,1490,1505,1506,-1,1490,1506,1489,-1,
  1489,1506,1507,-1,1489,1507,1488,-1,1517,1519,1516,-1,1516,1519,1520,-1,1516,1520,1515,-1,1515,1520,1521,-1,1515,1521,1514,-1,1514,1521,1522,-1,
  1514,1522,1513,-1,1513,1522,1523,-1,1513,1523,1512,-1,1512,1523,1524,-1,1512,1524,1511,-1,1511,1524,1525,-1,1511,1525,1510,-1,1510,1525,1526,-1,
  1510,1526,1509,-1,1509,1526,1527,-1,1509,1527,1508,-1,1537,1539,1536,-1,1536,1539,1540,-1,1536,1540,1535,-1,1535,1540,1541,-1,1535,1541,1534,-1,
  1534,1541,1542,-1,1534,1542,1533,-1,1533,1542,1543,-1,1533,1543,1532,-1,1532,1543,1544,-1,1532,1544,1531,-1,1531,1544,1545,-1,1531,1545,1530,-1,
  1530,1545,1546,-1,1530,1546,1529,-1,1529,1546,1547,-1,1529,1547,1528,-1,1557,1559,1556,-1,1556,1559,1560,-1,1556,1560,1555,-1,1555,1560,1561,-1,
  1555,1561,1554,-1,1554,1561,1562,-1,1554,1562,1553,-1,1553,1562,1563,-1,1553,1563,1552,-1,1552,1563,1564,-1,1552,1564,1551,-1,1551,1564,1565,-1,
  1551,1565,1550,-1,1550,1565,1566,-1,1550,1566,1549,-1,1549,1566,1567,-1,1549,1567,1548,-1,1577,1579,1576,-1,1576,1579,1580,-1,1576,1580,1575,-1,
  1575,1580,1581,-1,1575,1581,1574,-1,1574,1581,1582,-1,1574,1582,1573,-1,1573,1582,1583,-1,1573,1583,1572,-1,1572,1583,1584,-1,1572,1584,1571,-1,
  1571,1584,1585,-1,1571,1585,1570,-1,1570,1585,1586,-1,1570,1586,1569,-1,1569,1586,1587,-1,1569,1587,1568,-1,1597,1599,1596,-1,1596,1599,1600,-1,
  1596,1600,1595,-1,1595,1600,1601,-1,1595,1601,1594,-1,1594,1601,1602,-1,1594,1602,1593,-1,1593,1602,1603,-1,1593,1603,1592,-1,1592,1603,1604,-1,
  1592,1604,1591,-1,1591,1604,1605,-1,1591,1605,1590,-1,1590,1605,1606,-1,1590,1606,1589,-1,1589,1606,1607,-1,1589,1607,1588,-1,1617,1619,1616,-1,
  1616,1619,1620,-1,1616,1620,1615,-1,1615,1620,1621,-1,1615,1621,1614,-1,1614,1621,1622,-1,1614,1622,1613,-1,1613,1622,1623,-1,1613,1623,1612,-1,
  1612,1623,1624,-1,1612,1624,1611,-1,1611,1624,1625,-1,1611,1625,1610,-1,1610,1625,1626,-1,1610,1626,1609,-1,1609,1626,1627,-1,1609,1627,1608,-1,
  1637,1639,1636,-1,1636,1639,1640,-1,1636,1640,1635,-1,1635,1640,1641,-1,1635,1641,1634,-1,1634,1641,1642,-1,1634,1642,1633,-1,1633,1642,1643,-1,
  1633,1643,1632,-1,1632,1643,1644,-1,1632,1644,1631,-1,1631,1644,1645,-1,1631,1645,1630,-1,1630,1645,1646,-1,1630,1646,1629,-1,1629,1646,1647,-1,
  1629,1647,1628,-1,1657,1659,1656,-1,1656,1659,1660,-1,1656,1660,1655,-1,1655,1660,1661,-1,1655,1661,1654,-1,1654,1661,1662,-1,1654,1662,1653,-1,
  1653,1662,1663,-1,1653,1663,1652,-1,1652,1663,1664,-1,1652,1664,1651,-1,1651,1664,1665,-1,1651,1665,1650,-1,1650,1665,1666,-1,1650,1666,1649,-1,
  1649,1666,1667,-1,1649,1667,1648,-1,1677,1679,1676,-1,1676,1679,1680,-1,1676,1680,1675,-1,1675,1680,1681,-1,1675,1681,1674,-1,1674,1681,1682,-1,
  1674,1682,1673,-1,1673,1682,1683,-1,1673,1683,1672,-1,1672,1683,1684,-1,1672,1684,1671,-1,1671,1684,1685,-1,1671,1685,1670,-1,1670,1685,1686,-1,
  1670,1686,1669,-1,1669,1686,1687,-1,1669,1687,1668,-1,1697,1699,1696,-1,1696,1699,1700,-1,1696,1700,1695,-1,1695,1700,1701,-1,1695,1701,1694,-1,
  1694,1701,1702,-1,1694,1702,1693,-1,1693,1702,1703,-1,1693,1703,1692,-1,1692,1703,1704,-1,1692,1704,1691,-1,1691,1704,1705,-1,1691,1705,1690,-1,
  1690,1705,1706,-1,1690,1706,1689,-1,1689,1706,1707,-1,1689,1707,1688,-1,1699,1697,1698,-1,1679,1677,1678,-1,1659,1657,1658,-1,1639,1637,1638,-1,
  1619,1617,1618,-1,1599,1597,1598,-1,1579,1577,1578,-1,1559,1557,1558,-1,1539,1537,1538,-1,1519,1517,1518,-1,1499,1497,1498,-1,1479,1477,1478,-1,
  1459,1457,1458,-1,1439,1437,1438,-1,1419,1417,1418,-1,1399,1397,1398,-1,1379,1377,1378,-1,1359,1357,1358,-1,1340,1338,1339,-1,1322,1320,1321,-1,
  1304,1302,1303,-1,1285,1283,1284,-1,1266,1264,1265,-1,1248,1246,1247,-1,1230,1228,1229,-1,1212,1210,1211,-1,1194,1192,1193,-1,1176,1174,1175,-1,
  1158,1156,1157,-1,1140,1138,1139,-1,1122,1120,1121,-1,1031,1029,1030,-1,1011,1009,1010,-1,991,989,990,-1,971,969,970,-1,951,949,950,-1,
  779,777,778,-1,759,757,758,-1,547,545,546,-1,527,525,526,-1,472,470,471,-1,453,451,452,-1,434,432,433,-1,416,414,415,-1,
  398,396,397,-1,380,378,379,-1,362,360,361,-1,344,342,343,-1,326,324,325,-1,308,306,307,-1,290,288,289,-1,272,270,271,-1,
  254,252,253,-1,235,233,234,-1,215,213,214,-1,51,49,50,-1,31,29,30,-1,11,9,10,-1]
  normalPerVertex TRUE
  normal DEF NORM_4 Normal { vector [
  0 0 1,0 0 1,
  0 0 1,0 0 1,
  0 0 1,0 0 1,
  0 0 1,0 0 1,
  0 0 1,0 0 1,
  0 0 1,0 0 1,
  0 0 1,0 0 1,
  0 0 1,0 0 1,
  0 0 1,0 0 1,
  0 0 1,0 0 1,
  0 0 1,0 0 1,
  0 0 1,0 0 1,
  0 0 1,0 0 1,
  0 0 1,0 0 1,
  0 0 1,0 0 1,
  0 0 1,0 0 1,
  0 0 1,0 0 1,
  0 0 1,0 0 1,
  0 0 1,0 0 1,
  0 0 1,0 0 1,
  0 0 1,0 0 1,
  0 0 1,0 0 1,
  0 0 1,0 0 1,
  0 0 1,0 0 1,
  0 0 1,0 0 1,
  0 0 1,0 0 1,
  0 0 1,0 0 1,
  0 0 1,0 0 1,
  0 0 1,0 0 1,
  0 0 1,0 0 1,
  0 0 1,0 0 1,
  0 0 1,0 0 1,
  0 0 1,0 0 1,
  0 0 1,0 0 1,
  0 0 1,0 0 1,
  0 0 1,0 0 1,
  0 0 1,0 0 1,
  0 0 1,0 0 1,
  0 0 1,0 0 1,
  0 0 1,0 0 1,
  0 0 1,0 0 1,
  0 0 1,0 0 1,
  0 0 1,0 0 1,
  0 0 1,0 0 1,
  0 0 1,0 0 1,
  0 0 1,0 0 1,
  0 0 1,0 0 1,
  0 0 1,0 0 1,
  0 0 1,0 0 1,
  0 0 1,0 0 1,
  0 0 1,0 0 1,
  0 0 1,0 0 1,
  0 0 1,0 0 1,
  0 0 1,0 0 1,
  0 0 1,0 0 1,
  0 0 1,0 0 1,
  0 0 1,0 0 1,
  0 0 1,0 0 1,
  0 0 1,0 0 1,
  0 0 1,0 0 1,
  0 0 1,0 0 1,
  0 0 1,0 0 1,
  0 0 1,0 0 1,
  0 0 1,0 0 1,
  0 0 1,0 0 1,
  0 0 1,0 0 1,
  0 0 1,0 0 1,
  0 0 1,0 0 1,
  0 0 1,0 0 1,
  0 0 1,0 0 1,
  0 0 1,0 0 1,
  0 0 1,0 0 1,
  0 0 1,0 0 1,
  0 0 1,0 0 1,
  0 0 1,0 0 1,
  0 0 1,0 0 1,
  0 0 1,0 0 1,
  0 0 1,0 0 1,
  0 0 1,0 0 1,
  0 0 1,0 0 1,
  0 0 1,0 0 1,
  0 0 1,0 0 1,
  0 0 1,0 0 1,
  0 0 1,0 0 1,
  0 0 1,0 0 1,
  0 0 1,0 0 1,
  0 0 1,0 0 1,
  0 0 1,0 0 1,
  0 0 1,0 0 1,
  0 0 1,0 0 1,
  0 0 1,0 0 1,
  0 0 1,0 0 1,
  0 0 1,0 0 1,
  0 0 1,0 0 1,
  0 0 1,0 0 1,
  0 0 1,0 0 1,
  0 0 1,0 0 1,
  0 0 1,0 0 1,
  0 0 1,0 0 1,
  0 0 1,0 0 1,
  0 0 1,0 0 1,
  0 0 1,0 0 1,
  0 0 1,0 0 1,
  0 0 1,0 0 1,
  0 0 1,0 0 1,
  0 0 1,0 0 1,
  0 0 1,0 0 1,
  0 0 1,0 0 1,
  0 0 1,0 0 1,
  0 0 1,0 0 1,
  0 0 1,0 0 1,
  0 0 1,0 0 1,
  0 0 1,0 0 1,
  0 0 1,0 0 1,
  0 0 1,0 0 1,
  0 0 1,0 0 1,
  0 0 1,0 0 1,
  0 0 1,0 0 1,
  0 0 1,0 0 1,
  0 0 1,0 0 1,
  0 0 1,0 0 1,
  0 0 1,0 0 1,
  0 0 1,0 0 1,
  0 0 1,0 0 1,
  0 0 1,0 0 1,
  0 0 1,0 0 1,
  0 0 1,0 0 1,
  0 0 1,0 0 1,
  0 0 1,0 0 1,
  0 0 1,0 0 1,
  0 0 1,0 0 1,
  0 0 1,0 0 1,
  0 0 1,0 0 1,
  0 0 1,0 0 1,
  0 0 1,0 0 1,
  0 0 1,0 0 1,
  0 0 1,0 0 1,
  0 0 1,0 0 1,
  0 0 1,0 0 1,
  0 0 1,0 0 1,
  0 0 1,0 0 1,
  0 0 1,0 0 1,
  0 0 1,0 0 1,
  0 0 1,0 0 1,
  0 0 1,0 0 1,
  0 0 1,0 0 1,
  0 0 1,0 0 1,
  0 0 1,0 0 1,
  0 0 1,0 0 1,
  0 0 1,0 0 1,
  0 0 1,0 0 1,
  0 0 1,0 0 1,
  0 0 1,0 0 1,
  0 0 1,0 0 1,
  0 0 1,0 0 1,
  0 0 1,0 0 1,
  0 0 1,0 0 1,
  0 0 1,0 0 1,
  0 0 1,0 0 1,
  0 0 1,0 0 1,
  0 0 1,0 0 1,
  0 0 1,0 0 1,
  0 0 1,0 0 1,
  0 0 1,0 0 1,
  0 0 1,0 0 1,
  0 0 1,0 0 1,
  0 0 1,0 0 1,
  0 0 1,0 0 1,
  0 0 1,0 0 1,
  0 0 1,0 0 1,
  0 0 1,0 0 1,
  0 0 1,0 0 1,
  0 0 1,0 0 1,
  0 0 1,0 0 1,
  0 0 1,0 0 1,
  0 0 1,0 0 1,
  0 0 1,0 0 1,
  0 0 1,0 0 1,
  0 0 1,0 0 1,
  0 0 1,0 0 1,
  0 0 1,0 0 1,
  0 0 1,0 0 1,
  0 0 1,0 0 1,
  0 0 1,0 0 1,
  0 0 1,0 0 1,
  0 0 1,0 0 1,
  0 0 1,0 0 1,
  0 0 1,0 0 1,
  0 0 1,0 0 1,
  0 0 1,0 0 1,
  0 0 1,0 0 1,
  0 0 1,0 0 1,
  0 0 1,0 0 1,
  0 0 1,0 0 1,
  0 0 1,0 0 1,
  0 0 1,0 0 1,
  0 0 1,0 0 1,
  0 0 1,0 0 1,
  0 0 1,0 0 1,
  0 0 1,0 0 1,
  0 0 1,0 0 1,
  0 0 1,0 0 1,
  0 0 1,0 0 1,
  0 0 1,0 0 1,
  0 0 1,0 0 1,
  0 0 1,0 0 1,
  0 0 1,0 0 1,
  0 0 1,0 0 1,
  0 0 1,0 0 1,
  0 0 1,0 0 1,
  0 0 1,0 0 1,
  0 0 1,0 0 1,
  0 0 1,0 0 1,
  0 0 1,0 0 1,
  0 0 1,0 0 1,
  0 0 1,0 0 1,
  0 0 1,0 0 1,
  0 0 1,0 0 1,
  0 0 1,0 0 1,
  0 0 1,0 0 1,
  0 0 1,0 0 1,
  0 0 1,0 0 1,
  0 0 1,0 0 1,
  0 0 1,0 0 1,
  0 0 1,0 0 1,
  0 0 1,0 0 1,
  0 0 1,0 0 1,
  0 0 1,0 0 1,
  0 0 1,0 0 1,
  0 0 1,0 0 1,
  0 0 1,0 0 1,
  0 0 1,0 0 1,
  0 0 1,0 0 1,
  0 0 1,0 0 1,
  0 0 1,0 0 1,
  0 0 1,0 0 1,
  0 0 1,0 0 1,
  0 0 1,0 0 1,
  0 0 1,0 0 1,
  0 0 1,0 0 1,
  0 0 1,0 0 1,
  0 0 1,0 0 1,
  0 0 1,0 0 1,
  0 0 1,0 0 1,
  0 0 1,0 0 1,
  0 0 1,0 0 1,
  0 0 1,0 0 1,
  0 0 1,0 0 1,
  0 0 1,0 0 1,
  0 0 1,0 0 1,
  0 0 1,0 0 1,
  0 0 1,0 0 1,
  0 0 1,0 0 1,
  0 0 1,0 0 1,
  0 0 1,0 0 1,
  0 0 1,0 0 1,
  0 0 1,0 0 1,
  0 0 1,0 0 1,
  0 0 1,0 0 1,
  0 0 1,0 0 1,
  0 0 1,0 0 1,
  0 0 1,0 0 1,
  0 0 1,0 0 1,
  0 0 1,0 0 1,
  0 0 1,0 0 1,
  0 0 1,0 0 1,
  0 0 1,0 0 1,
  0 0 1,0 0 1,
  0 0 1,0 0 1,
  0 0 1,0 0 1,
  0 0 1,0 0 1,
  0 0 1,0 0 1,
  0 0 1,0 0 1,
  0 0 1,0 0 1,
  0 0 1,0 0 1,
  0 0 1,0 0 1,
  0 0 1,0 0 1,
  0 0 1,0 0 1,
  0 0 1,0 0 1,
  0 0 1,0 0 1,
  0 0 1,0 0 1,
  0 0 1,0 0 1,
  0 0 1,0 0 1,
  0 0 1,0 0 1,
  0 0 1,0 0 1,
  0 0 1,0 0 1,
  0 0 1,0 0 1,
  0 0 1,0 0 1,
  0 0 1,0 0 1,
  0 0 1,0 0 1,
  0 0 1,0 0 1,
  0 0 1,0 0 1,
  0 0 1,0 0 1,
  0 0 1,0 0 1,
  0 0 1,0 0 1,
  0 0 1,0 0 1,
  0 0 1,0 0 1,
  0 0 1,0 0 1,
  0 0 1,0 0 1,
  0 0 1,0 0 1,
  0 0 1,0 0 1,
  0 0 1,0 0 1,
  0 0 1,0 0 1,
  0 0 1,0 0 1,
  0 0 1,0 0 1,
  0 0 1,0 0 1,
  0 0 1,0 0 1,
  0 0 1,0 0 1,
  0 0 1,0 0 1,
  0 0 1,0 0 1,
  0 0 1,0 0 1,
  0 0 1,0 0 1,
  0 0 1,0 0 1,
  0 0 1,0 0 1,
  0 0 1,0 0 1,
  0 0 1,0 0 1,
  0 0 1,0 0 1,
  0 0 1,0 0 1,
  0 0 1,0 0 1,
  0 0 1,0 0 1,
  0 0 1,0 0 1,
  0 0 1,0 0 1,
  0 0 1,0 0 1,
  0 0 1,0 0 1,
  0 0 1,0 0 1,
  0 0 1,0 0 1,
  0 0 1,0 0 1,
  0 0 1,0 0 1,
  0 0 1,0 0 1,
  0 0 1,0 0 1,
  0 0 1,0 0 1,
  0 0 1,0 0 1,
  0 0 1,0 0 1,
  0 0 1,0 0 1,
  0 0 1,0 0 1,
  0 0 1,0 0 1,
  0 0 1,0 0 1,
  0 0 1,0 0 1,
  0 0 1,0 0 1,
  0 0 1,0 0 1,
  0 0 1,0 0 1,
  0 0 1,0 0 1,
  0 0 1,0 0 1,
  0 0 1,0 0 1,
  0 0 1,0 0 1,
  0 0 1,0 0 1,
  0 0 1,0 0 1,
  0 0 1,0 0 1,
  0 0 1,0 0 1,
  0 0 1,0 0 1,
  0 0 1,0 0 1,
  0 0 1,0 0 1,
  0 0 1,0 0 1,
  0 0 1,0 0 1,
  0 0 1,0 0 1,
  0 0 1,0 0 1,
  0 0 1,0 0 1,
  0 0 1,0 0 1,
  0 0 1,0 0 1,
  0 0 1,0 0 1,
  0 0 1,0 0 1,
  0 0 1,0 0 1,
  0 0 1,0 0 1,
  0 0 1,0 0 1,
  0 0 1,0 0 1,
  0 0 1,0 0 1,
  0 0 1,0 0 1,
  0 0 1,0 0 1,
  0 0 1,0 0 1,
  0 0 1,0 0 1,
  0 0 1,0 0 1,
  0 0 1,0 0 1,
  0 0 1,0 0 1,
  0 0 1,0 0 1,
  0 0 1,0 0 1,
  0 0 1,0 0 1,
  0 0 1,0 0 1,
  0 0 1,0 0 1,
  0 0 1,0 0 1,
  0 0 1,0 0 1,
  0 0 1,0 0 1,
  0 0 1,0 0 1,
  0 0 1,0 0 1,
  0 0 1,0 0 1,
  0 0 1,0 0 1,
  0 0 1,0 0 1,
  0 0 1,0 0 1,
  0 0 1,0 0 1,
  0 0 1,0 0 1,
  0 0 1,0 0 1,
  0 0 1,0 0 1,
  0 0 1,0 0 1,
  0 0 1,0 0 1,
  0 0 1,0 0 1,
  0 0 1,0 0 1,
  0 0 1,0 0 1,
  0 0 1,0 0 1,
  0 0 1,0 0 1,
  0 0 1,0 0 1,
  0 0 1,0 0 1,
  0 0 1,0 0 1,
  0 0 1,0 0 1,
  0 0 1,0 0 1,
  0 0 1,0 0 1,
  0 0 1,0 0 1,
  0 0 1,0 0 1,
  0 0 1,0 0 1,
  0 0 1,0 0 1,
  0 0 1,0 0 1,
  0 0 1,0 0 1,
  0 0 1,0 0 1,
  0 0 1,0 0 1,
  0 0 1,0 0 1,
  0 0 1,0 0 1,
  0 0 1,0 0 1,
  0 0 1,0 0 1,
  0 0 1,0 0 1,
  0 0 1,0 0 1,
  0 0 1,0 0 1,
  0 0 1,0 0 1,
  0 0 1,0 0 1,
  0 0 1,0 0 1,
  0 0 1,0 0 1,
  0 0 1,0 0 1,
  0 0 1,0 0 1,
  0 0 1,0 0 1,
  0 0 1,0 0 1,
  0 0 1,0 0 1,
  0 0 1,0 0 1,
  0 0 1,0 0 1,
  0 0 1,0 0 1,
  0 0 1,0 0 1,
  0 0 1,0 0 1,
  0 0 1,0 0 1,
  0 0 1,0 0 1,
  0 0 1,0 0 1,
  0 0 1,0 0 1,
  0 0 1,0 0 1,
  0 0 1,0 0 1,
  0 0 1,0 0 1,
  0 0 1,0 0 1,
  0 0 1,0 0 1,
  0 0 1,0 0 1,
  0 0 1,0 0 1,
  0 0 1,0 0 1,
  0 0 1,0 0 1,
  0 0 1,0 0 1,
  0 0 1,0 0 1,
  0 0 1,0 0 1,
  0 0 1,0 0 1,
  0 0 1,0 0 1,
  0 0 1,0 0 1,
  0 0 1,0 0 1,
  0 0 1,0 0 1,
  0 0 1,0 0 1,
  0 0 1,0 0 1,
  0 0 1,0 0 1,
  0 0 1,0 0 1,
  0 0 1,0 0 1,
  0 0 1,0 0 1,
  0 0 1,0 0 1,
  0 0 1,0 0 1,
  0 0 1,0 0 1,
  0 0 1,0 0 1,
  0 0 1,0 0 1,
  0 0 1,0 0 1,
  0 0 1,0 0 1,
  0 0 1,0 0 1,
  0 0 1,0 0 1,
  0 0 1,0 0 1,
  0 0 1,0 0 1,
  0 0 1,0 0 1,
  0 0 1,0 0 1,
  0 0 1,0 0 1,
  0 0 1,0 0 1,
  0 0 1,0 0 1,
  0 0 1,0 0 1,
  0 0 1,0 0 1,
  0 0 1,0 0 1,
  0 0 1,0 0 1,
  0 0 1,0 0 1,
  0 0 1,0 0 1,
  0 0 1,0 0 1,
  0 0 1,0 0 1,
  0 0 1,0 0 1,
  0 0 1,0 0 1,
  0 0 1,0 0 1,
  0 0 1,0 0 1,
  0 0 1,0 0 1,
  0 0 1,0 0 1,
  0 0 1,0 0 1,
  0 0 1,0 0 1,
  0 0 1,0 0 1,
  0 0 1,0 0 1,
  0 0 1,0 0 1,
  0 0 1,0 0 1,
  0 0 1,0 0 1,
  0 0 1,0 0 1,
  0 0 1,0 0 1,
  0 0 1,0 0 1,
  0 0 1,0 0 1,
  0 0 1,0 0 1,
  0 0 1,0 0 1,
  0 0 1,0 0 1,
  0 0 1,0 0 1,
  0 0 1,0 0 1,
  0 0 1,0 0 1,
  0 0 1,0 0 1,
  0 0 1,0 0 1,
  0 0 1,0 0 1,
  0 0 1,0 0 1,
  0 0 1,0 0 1,
  0 0 1,0 0 1,
  0 0 1,0 0 1,
  0 0 1,0 0 1,
  0 0 1,0 0 1,
  0 0 1,0 0 1,
  0 0 1,0 0 1,
  0 0 1,0 0 1,
  0 0 1,0 0 1,
  0 0 1,0 0 1,
  0 0 1,0 0 1,
  0 0 1,0 0 1,
  0 0 1,0 0 1,
  0 0 1,0 0 1,
  0 0 1,0 0 1,
  0 0 1,0 0 1,
  0 0 1,0 0 1,
  0 0 1,0 0 1,
  0 0 1,0 0 1,
  0 0 1,0 0 1,
  0 0 1,0 0 1,
  0 0 1,0 0 1,
  0 0 1,0 0 1,
  0 0 1,0 0 1,
  0 0 1,0 0 1,
  0 0 1,0 0 1,
  0 0 1,0 0 1,
  0 0 1,0 0 1,
  0 0 1,0 0 1,
  0 0 1,0 0 1,
  0 0 1,0 0 1,
  0 0 1,0 0 1,
  0 0 1,0 0 1,
  0 0 1,0 0 1,
  0 0 1,0 0 1,
  0 0 1,0 0 1,
  0 0 1,0 0 1,
  0 0 1,0 0 1,
  0 0 1,0 0 1,
  0 0 1,0 0 1,
  0 0 1,0 0 1,
  0 0 1,0 0 1,
  0 0 1,0 0 1,
  0 0 1,0 0 1,
  0 0 1,0 0 1,
  0 0 1,0 0 1,
  0 0 1,0 0 1,
  0 0 1,0 0 1,
  0 0 1,0 0 1,
  0 0 1,0 0 1,
  0 0 1,0 0 1,
  0 0 1,0 0 1,
  0 0 1,0 0 1,
  0 0 1,0 0 1,
  0 0 1,0 0 1,
  0 0 1,0 0 1,
  0 0 1,0 0 1,
  0 0 1,0 0 1,
  0 0 1,0 0 1,
  0 0 1,0 0 1,
  0 0 1,0 0 1,
  0 0 1,0 0 1,
  0 0 1,0 0 1,
  0 0 1,0 0 1,
  0 0 1,0 0 1,
  0 0 1,0 0 1,
  0 0 1,0 0 1,
  0 0 1,0 0 1,
  0 0 1,0 0 1,
  0 0 1,0 0 1,
  0 0 1,0 0 1,
  0 0 1,0 0 1,
  0 0 1,0 0 1,
  0 0 1,0 0 1,
  0 0 1,0 0 1,
  0 0 1,0 0 1,
  0 0 1,0 0 1,
  0 0 1,0 0 1,
  0 0 1,0 0 1,
  0 0 1,0 0 1,
  0 0 1,0 0 1,
  0 0 1,0 0 1,
  0 0 1,0 0 1,
  0 0 1,0 0 1,
  0 0 1,0 0 1,
  0 0 1,0 0 1,
  0 0 1,0 0 1,
  0 0 1,0 0 1,
  0 0 1,0 0 1,
  0 0 1,0 0 1,
  0 0 1,0 0 1,
  0 0 1,0 0 1,
  0 0 1,0 0 1,
  0 0 1,0 0 1,
  0 0 1,0 0 1,
  0 0 1,0 0 1,
  0 0 1,0 0 1,
  0 0 1,0 0 1,
  0 0 1,0 0 1,
  0 0 1,0 0 1,
  0 0 1,0 0 1,
  0 0 1,0 0 1,
  0 0 1,0 0 1,
  0 0 1,0 0 1,
  0 0 1,0 0 1,
  0 0 1,0 0 1,
  0 0 1,0 0 1,
  0 0 1,0 0 1,
  0 0 1,0 0 1,
  0 0 1,0 0 1,
  0 0 1,0 0 1,
  0 0 1,0 0 1,
  0 0 1,0 0 1,
  0 0 1,0 0 1,
  0 0 1,0 0 1,
  0 0 1,0 0 1,
  0 0 1,0 0 1,
  0 0 1,0 0 1,
  0 0 1,0 0 1,
  0 0 1,0 0 1,
  0 0 1,0 0 1,
  0 0 1,0 0 1,
  0 0 1,0 0 1,
  0 0 1,0 0 1,
  0 0 1,0 0 1,
  0 0 1,0 0 1,
  0 0 1,0 0 1,
  0 0 1,0 0 1,
  0 0 1,0 0 1,
  0 0 1,0 0 1,
  0 0 1,0 0 1,
  0 0 1,0 0 1,
  0 0 1,0 0 1,
  0 0 1,0 0 1,
  0 0 1,0 0 1,
  0 0 1,0 0 1,
  0 0 1,0 0 1,
  0 0 1,0 0 1,
  0 0 1,0 0 1,
  0 0 1,0 0 1,
  0 0 1,0 0 1,
  0 0 1,0 0 1,
  0 0 1,0 0 1,
  0 0 1,0 0 1,
  0 0 1,0 0 1,
  0 0 1,0 0 1,
  0 0 1,0 0 1,
  0 0 1,0 0 1,
  0 0 1,0 0 1,
  0 0 1,0 0 1,
  0 0 1,0 0 1,
  0 0 1,0 0 1,
  0 0 1,0 0 1,
  0 0 1,0 0 1,
  0 0 1,0 0 1,
  0 0 1,0 0 1,
  0 0 1,0 0 1,
  0 0 1,0 0 1,
  0 0 1,0 0 1,
  0 0 1,0 0 1,
  0 0 1,0 0 1,
  0 0 1,0 0 1,
  0 0 1,0 0 1,
  0 0 1,0 0 1,
  0 0 1,0 0 1,
  0 0 1,0 0 1,
  0 0 1,0 0 1,
  0 0 1,0 0 1,
  0 0 1,0 0 1,
  0 0 1,0 0 1,
  0 0 1,0 0 1,
  0 0 1,0 0 1,
  0 0 1,0 0 1,
  0 0 1,0 0 1,
  0 0 1,0 0 1,
  0 0 1,0 0 1,
  0 0 1,0 0 1,
  0 0 1,0 0 1,
  0 0 1,0 0 1,
  0 0 1,0 0 1,
  0 0 1,0 0 1,
  0 0 1,0 0 1,
  0 0 1,0 0 1,
  0 0 1,0 0 1,
  0 0 1,0 0 1,
  0 0 1,0 0 1,
  0 0 1,0 0 1,
  0 0 1,0 0 1,
  0 0 1,0 0 1,
  0 0 1,0 0 1,
  0 0 1,0 0 1,
  0 0 1,0 0 1,
  0 0 1,0 0 1,
  0 0 1,0 0 1,
  0 0 1,0 0 1,
  0 0 1,0 0 1,
  0 0 1,0 0 1,
  0 0 1,0 0 1,
  0 0 1,0 0 1,
  0 0 1,0 0 1,
  0 0 1,0 0 1,
  0 0 1,0 0 1,
  0 0 1,0 0 1,
  0 0 1,0 0 1,
  0 0 1,0 0 1,
  0 0 1,0 0 1,
  0 0 1,0 0 1,
  0 0 1,0 0 1,
  0 0 1,0 0 1,
  0 0 1,0 0 1,
  0 0 1,0 0 1,
  0 0 1,0 0 1,
  0 0 1,0 0 1,
  0 0 1,0 0 1,
  0 0 1,0 0 1,
  0 0 1,0 0 1,
  0 0 1,0 0 1,
  0 0 1,0 0 1,
  0 0 1,0 0 1,
  0 0 1,0 0 1,
  0 0 1,0 0 1,
  0 0 1,0 0 1,
  0 0 1,0 0 1,
  0 0 1,0 0 1,
  0 0 1,0 0 1,
  0 0 1,0 0 1,
  0 0 1,0 0 1,
  0 0 1,0 0 1,
  0 0 1,0 0 1,
  0 0 1,0 0 1,
  0 0 1,0 0 1,
  0 0 1,0 0 1,
  0 0 1,0 0 1,
  0 0 1,0 0 1,
  0 0 1,0 0 1,
  0 0 1,0 0 1,
  0 0 1,0 0 1,
  0 0 1,0 0 1,
  0 0 1,0 0 1,
  0 0 1,0 0 1,
  0 0 1,0 0 1,
  0 0 1,0 0 1,
  0 0 1,0 0 1,
  0 0 1,0 0 1,
  0 0 1,0 0 1,
  0 0 1,0 0 1,
  0 0 1,0 0 1,
  0 0 1,0 0 1,
  0 0 1,0 0 1,
  0 0 1,0 0 1,
  0 0 1,0 0 1,
  0 0 1,0 0 1,
  0 0 1,0 0 1,
  0 0 1,0 0 1,
  0 0 1,0 0 1,
  0 0 1,0 0 1,
  0 0 1,0 0 1,
  0 0 1,0 0 1,
  0 0 1,0 0 1,
  0 0 1,0 0 1,
  0 0 1,0 0 1,
  0 0 1,0 0 1,
  0 0 1,0 0 1,
  0 0 1,0 0 1,
  0 0 1,0 0 1,
  0 0 1,0 0 1,
  0 0 1,0 0 1,
  0 0 1,0 0 1,
  0 0 1,0 0 1,
  0 0 1,0 0 1,
  0 0 1,0 0 1,
  0 0 1,0 0 1,
  0 0 1,0 0 1,
  0 0 1,0 0 1,
  0 0 1,0 0 1,
  0 0 1,0 0 1,
  0 0 1,0 0 1,
  0 0 1,0 0 1,
  0 0 1,0 0 1,
  0 0 1,0 0 1,
  0 0 1,0 0 1,
  0 0 1,0 0 1,
  0 0 1,0 0 1,
  0 0 1,0 0 1,
  0 0 1,0 0 1,
  0 0 1,0 0 1,
  0 0 1,0 0 1,
  0 0 1,0 0 1,
  0 0 1,0 0 1,
  0 0 1,0 0 1,
  0 0 1,0 0 1,
  0 0 1,0 0 1,
  0 0 1,0 0 1,
  0 0 1,0 0 1,
  0 0 1,0 0 1,
  0 0 1,0 0 1,
  0 0 1,0 0 1,
  0 0 1,0 0 1,
  0 0 1,0 0 1,
  0 0 1,0 0 1,
  0 0 1,0 0 1,
  0 0 1,0 0 1,
  0 0 1,0 0 1,
  0 0 1,0 0 1,
  0 0 1,0 0 1,
  0 0 1,0 0 1,
  0 0 1,0 0 1,
  0 0 1,0 0 1,
  0 0 1,0 0 1,
  0 0 1,0 0 1,
  0 0 1,0 0 1,
  0 0 1,0 0 1,
  0 0 1,0 0 1,
  0 0 1,0 0 1,
  0 0 1,0 0 1,
  0 0 1,0 0 1,
  0 0 1,0 0 1,
  0 0 1,0 0 1,
  0 0 1,0 0 1,
  0 0 1,0 0 1,
  0 0 1,0 0 1,
  0 0 1,0 0 1,
  0 0 1,0 0 1,
  0 0 1,0 0 1,
  0 0 1,0 0 1,
  0 0 1,0 0 1,
  0 0 1,0 0 1,
  0 0 1,0 0 1,
  0 0 1,0 0 1,
  0 0 1,0 0 1,
  0 0 1,0 0 1,
  0 0 1,0 0 1,
  0 0 1,0 0 1,
  0 0 1,0 0 1,
  0 0 1,0 0 1,
  0 0 1,0 0 1,
  0 0 1,0 0 1,
  0 0 1,0 0 1,
  0 0 1,0 0 1,
  0 0 1,0 0 1,
  0 0 1,0 0 1,
  0 0 1,0 0 1,
  0 0 1,0 0 1] }
}
}
] }
DEF TXFM_5 Transform {
  center 0 0 0
  rotation 0 0 1 0
  scale 1 1 1
  scaleOrientation 0 0 1 0
  translation 0 0 0
 children [
DEF SHAPE_5 Shape {
 appearance DEF APP_4 Appearance {
  material Material {
   ambientIntensity 1
   diffuseColor 0.079999998 0.2 0.14
   emissiveColor 0 0 0
   shininess 0.30000001
   specularColor 0.35600001 0.44 0.398
   transparency 0.17
} }
 geometry DEF FACE_5 IndexedFaceSet {
  coord DEF COORD_5 Coordinate { point [
  49.520472 -24.772047 0.31988189,49.440157 -24.772047 0.31988189,
  49.440157 -24.952362 0.31988189,49.520472 -24.952362 0.31988189,
  50.433858 -21.917717 0.31988189,50.353543 -21.917717 0.31988189,
  50.353543 -22.098031 0.31988189,50.433858 -22.098031 0.31988189,
  47.412992 -21.35748 0.31988189,47.232677 -21.35748 0.31988189,
  47.232677 -21.437795 0.31988189,47.412992 -21.437795 0.31988189,
  43.64252 -20.07874 0.31988189,43.63519 -20.148481 0.31988189,
  43.61352 -20.215173 0.31988189,43.578457 -20.275903 0.31988189,
  43.531535 -20.328015 0.31988189,43.474803 -20.369234 0.31988189,
  43.410741 -20.397756 0.31988189,43.342149 -20.412336 0.31988189,
  43.272024 -20.412336 0.31988189,43.203432 -20.397756 0.31988189,
  43.13937 -20.369234 0.31988189,43.082638 -20.328015 0.31988189,
  43.035716 -20.275903 0.31988189,43.000653 -20.215173 0.31988189,
  42.978983 -20.148481 0.31988189,42.971654 -20.07874 0.31988189,
  42.978983 -20.009 0.31988189,43.000653 -19.942307 0.31988189,
  43.035716 -19.881578 0.31988189,43.082638 -19.829465 0.31988189,
  43.13937 -19.788246 0.31988189,43.203432 -19.759724 0.31988189,
  43.272024 -19.745144 0.31988189,43.342149 -19.745144 0.31988189,
  43.410741 -19.759724 0.31988189,43.474803 -19.788246 0.31988189,
  43.531535 -19.829465 0.31988189,43.578457 -19.881578 0.31988189,
  43.61352 -19.942307 0.31988189,43.63519 -20.009 0.31988189,
  43.64252 -20.866142 0.31988189,43.638102 -20.908169 0.31988189,
  43.63519 -20.935882 0.31988189,43.61352 -21.002575 0.31988189,
  43.578457 -21.063304 0.31988189,43.531535 -21.115417 0.31988189,
  43.474803 -21.156635 0.31988189,43.410741 -21.185157 0.31988189,
  43.342149 -21.199737 0.31988189,43.272024 -21.199737 0.31988189,
  43.203432 -21.185157 0.31988189,43.13937 -21.156635 0.31988189,
  43.082638 -21.115417 0.31988189,43.035716 -21.063304 0.31988189,
  43.000653 -21.002575 0.31988189,42.978983 -20.935882 0.31988189,
  42.971654 -20.866142 0.31988189,42.978983 -20.796401 0.31988189,
  43.000653 -20.729709 0.31988189,43.035716 -20.668979 0.31988189,
  43.082638 -20.616867 0.31988189,43.13937 -20.575648 0.31988189,
  43.203432 -20.547126 0.31988189,43.272024 -20.532546 0.31988189,
  43.342149 -20.532546 0.31988189,43.410741 -20.547126 0.31988189,
  43.474803 -20.575648 0.31988189,43.531535 -20.616867 0.31988189,
  43.578457 -20.668979 0.31988189,43.61352 -20.729709 0.31988189,
  43.63519 -20.796401 0.31988189,43.64252 -21.653543 0.31988189,
  43.63519 -21.723284 0.31988189,43.622959 -21.760925 0.31988189,
  43.61352 -21.789976 0.31988189,43.578457 -21.850706 0.31988189,
  43.531535 -21.902819 0.31988189,43.474803 -21.944037 0.31988189,
  43.410741 -21.972559 0.31988189,43.342149 -21.987139 0.31988189,
  43.272024 -21.987139 0.31988189,43.203432 -21.972559 0.31988189,
  43.13937 -21.944037 0.31988189,43.082638 -21.902819 0.31988189,
  43.035716 -21.850706 0.31988189,43.000653 -21.789976 0.31988189,
  42.978983 -21.723284 0.31988189,42.971654 -21.653543 0.31988189,
  42.978983 -21.583803 0.31988189,43.000653 -21.51711 0.31988189,
  43.035716 -21.456381 0.31988189,43.082638 -21.404268 0.31988189,
  43.13937 -21.36305 0.31988189,43.203432 -21.334528 0.31988189,
  43.272024 -21.319948 0.31988189,43.342149 -21.319948 0.31988189,
  43.410741 -21.334528 0.31988189,43.474803 -21.36305 0.31988189,
  43.498973 -21.38061 0.31988189,43.531535 -21.404268 0.31988189,
  43.578457 -21.456381 0.31988189,43.61352 -21.51711 0.31988189,
  43.63519 -21.583803 0.31988189,43.64252 -22.440945 0.31988189,
  43.63519 -22.510685 0.31988189,43.615003 -22.572814 0.31988189,
  43.61352 -22.577378 0.31988189,43.578457 -22.638107 0.31988189,
  43.531535 -22.69022 0.31988189,43.474803 -22.731439 0.31988189,
  43.410741 -22.759961 0.31988189,43.342149 -22.774541 0.31988189,
  43.272024 -22.774541 0.31988189,43.203432 -22.759961 0.31988189,
  43.13937 -22.731439 0.31988189,43.082638 -22.69022 0.31988189,
  43.035716 -22.638107 0.31988189,43.000653 -22.577378 0.31988189,
  42.978983 -22.510685 0.31988189,42.971654 -22.440945 0.31988189,
  42.978983 -22.371204 0.31988189,43.000653 -22.304512 0.31988189,
  43.035716 -22.243782 0.31988189,43.082638 -22.19167 0.31988189,
  43.13937 -22.150451 0.31988189,43.203432 -22.121929 0.31988189,
  43.272024 -22.107349 0.31988189,43.342149 -22.107349 0.31988189,
  43.410741 -22.121929 0.31988189,43.470031 -22.148327 0.31988189,
  43.474803 -22.150451 0.31988189,43.531535 -22.19167 0.31988189,
  43.578457 -22.243782 0.31988189,43.61352 -22.304512 0.31988189,
  43.63519 -22.371204 0.31988189,43.64252 -23.228346 0.31988189,
  43.63519 -23.298087 0.31988189,43.61352 -23.36478 0.31988189,
  43.578457 -23.425509 0.31988189,43.531535 -23.477622 0.31988189,
  43.474803 -23.51884 0.31988189,43.410741 -23.547362 0.31988189,
  43.342149 -23.561942 0.31988189,43.272024 -23.561942 0.31988189,
  43.203432 -23.547362 0.31988189,43.13937 -23.51884 0.31988189,
  43.082638 -23.477622 0.31988189,43.035716 -23.425509 0.31988189,
  43.000653 -23.36478 0.31988189,42.978983 -23.298087 0.31988189,
  42.971654 -23.228346 0.31988189,42.978983 -23.158606 0.31988189,
  43.000653 -23.091913 0.31988189,43.035716 -23.031184 0.31988189,
  43.082638 -22.979071 0.31988189,43.13937 -22.937853 0.31988189,
  43.203432 -22.909331 0.31988189,43.272024 -22.894751 0.31988189,
  43.342149 -22.894751 0.31988189,43.410741 -22.909331 0.31988189,
  43.474803 -22.937853 0.31988189,43.531535 -22.979071 0.31988189,
  43.578457 -23.031184 0.31988189,43.61352 -23.091913 0.31988189,
  43.63519 -23.158606 0.31988189,43.64252 -24.015748 0.31988189,
  43.63519 -24.085489 0.31988189,43.61352 -24.152181 0.31988189,
  43.578457 -24.212911 0.31988189,43.531535 -24.265023 0.31988189,
  43.474803 -24.306242 0.31988189,43.410741 -24.334764 0.31988189,
  43.342149 -24.349344 0.31988189,43.272024 -24.349344 0.31988189,
  43.203432 -24.334764 0.31988189,43.13937 -24.306242 0.31988189,
  43.082638 -24.265023 0.31988189,43.035716 -24.212911 0.31988189,
  43.000653 -24.152181 0.31988189,42.978983 -24.085489 0.31988189,
  42.971654 -24.015748 0.31988189,42.978983 -23.946007 0.31988189,
  43.000653 -23.879315 0.31988189,43.035716 -23.818585 0.31988189,
  43.082638 -23.766473 0.31988189,43.13937 -23.725254 0.31988189,
  43.203432 -23.696732 0.31988189,43.272024 -23.682152 0.31988189,
  43.342149 -23.682152 0.31988189,43.410741 -23.696732 0.31988189,
  43.474803 -23.725254 0.31988189,43.531535 -23.766473 0.31988189,
  43.578457 -23.818585 0.31988189,43.61352 -23.879315 0.31988189,
  43.63519 -23.946007 0.31988189,43.64252 -24.80315 0.31988189,
  43.636936 -24.856279 0.31988189,43.63519 -24.87289 0.31988189,
  43.61352 -24.939583 0.31988189,43.586593 -24.98622 0.31988189,
  43.578457 -25.000312 0.31988189,43.531535 -25.052425 0.31988189,
  43.474803 -25.093643 0.31988189,43.410741 -25.122165 0.31988189,
  43.342149 -25.136745 0.31988189,43.272024 -25.136745 0.31988189,
  43.203432 -25.122165 0.31988189,43.13937 -25.093643 0.31988189,
  43.082638 -25.052425 0.31988189,43.035716 -25.000312 0.31988189,
  43.000653 -24.939583 0.31988189,42.978983 -24.87289 0.31988189,
  42.971654 -24.80315 0.31988189,42.978983 -24.733409 0.31988189,
  43.000653 -24.666717 0.31988189,43.035716 -24.605987 0.31988189,
  43.082638 -24.553874 0.31988189,43.13937 -24.512656 0.31988189,
  43.203432 -24.484134 0.31988189,43.272024 -24.469554 0.31988189,
  43.342149 -24.469554 0.31988189,43.410741 -24.484134 0.31988189,
  43.474803 -24.512656 0.31988189,43.531535 -24.553874 0.31988189,
  43.578457 -24.605987 0.31988189,43.61352 -24.666717 0.31988189,
  43.63519 -24.733409 0.31988189,43.64252 -25.590551 0.31988189,
  43.63519 -25.660292 0.31988189,43.61352 -25.726984 0.31988189,
  43.578457 -25.787714 0.31988189,43.531535 -25.839826 0.31988189,
  43.493139 -25.867723 0.31988189,43.474803 -25.881045 0.31988189,
  43.410741 -25.909567 0.31988189,43.342149 -25.924147 0.31988189,
  43.272024 -25.924147 0.31988189,43.203432 -25.909567 0.31988189,
  43.13937 -25.881045 0.31988189,43.082638 -25.839826 0.31988189,
  43.035716 -25.787714 0.31988189,43.000653 -25.726984 0.31988189,
  42.978983 -25.660292 0.31988189,42.971654 -25.590551 0.31988189,
  42.978983 -25.520811 0.31988189,43.000653 -25.454118 0.31988189,
  43.035716 -25.393389 0.31988189,43.082638 -25.341276 0.31988189,
  43.13937 -25.300057 0.31988189,43.203432 -25.271535 0.31988189,
  43.272024 -25.256956 0.31988189,43.342149 -25.256956 0.31988189,
  43.410741 -25.271535 0.31988189,43.474803 -25.300057 0.31988189,
  43.531535 -25.341276 0.31988189,43.555348 -25.367723 0.31988189,
  43.578457 -25.393389 0.31988189,43.61352 -25.454118 0.31988189,
  43.63519 -25.520811 0.31988189,43.64252 -26.377953 0.31988189,
  43.63519 -26.447693 0.31988189,43.61352 -26.514386 0.31988189,
  43.578457 -26.575115 0.31988189,43.531535 -26.627228 0.31988189,
  43.474803 -26.668446 0.31988189,43.410741 -26.696969 0.31988189,
  43.342149 -26.711548 0.31988189,43.272024 -26.711548 0.31988189,
  43.203432 -26.696969 0.31988189,43.13937 -26.668446 0.31988189,
  43.082638 -26.627228 0.31988189,43.035716 -26.575115 0.31988189,
  43.000653 -26.514386 0.31988189,42.978983 -26.447693 0.31988189,
  42.971654 -26.377953 0.31988189,42.978983 -26.308212 0.31988189,
  43.000653 -26.24152 0.31988189,43.035716 -26.18079 0.31988189,
  43.082638 -26.128678 0.31988189,43.13937 -26.087459 0.31988189,
  43.203432 -26.058937 0.31988189,43.272024 -26.044357 0.31988189,
  43.342149 -26.044357 0.31988189,43.410741 -26.058937 0.31988189,
  43.474803 -26.087459 0.31988189,43.531535 -26.128678 0.31988189,
  43.578457 -26.18079 0.31988189,43.61352 -26.24152 0.31988189,
  43.63519 -26.308212 0.31988189,43.641444 -26.367723 0.31988189,
  43.64252 -27.165354 0.31988189,43.63519 -27.235095 0.31988189,
  43.61352 -27.301787 0.31988189,43.578457 -27.362517 0.31988189,
  43.531535 -27.41463 0.31988189,43.474803 -27.455848 0.31988189,
  43.410741 -27.48437 0.31988189,43.342149 -27.49895 0.31988189,
  43.272024 -27.49895 0.31988189,43.203432 -27.48437 0.31988189,
  43.13937 -27.455848 0.31988189,43.082638 -27.41463 0.31988189,
  43.035716 -27.362517 0.31988189,43.000653 -27.301787 0.31988189,
  42.978983 -27.235095 0.31988189,42.971654 -27.165354 0.31988189,
  42.978983 -27.095614 0.31988189,43.000653 -27.028921 0.31988189,
  43.035716 -26.968192 0.31988189,43.082638 -26.916079 0.31988189,
  43.13937 -26.874861 0.31988189,43.203432 -26.846339 0.31988189,
  43.272024 -26.831759 0.31988189,43.342149 -26.831759 0.31988189,
  43.410741 -26.846339 0.31988189,43.474803 -26.874861 0.31988189,
  43.531535 -26.916079 0.31988189,43.578457 -26.968192 0.31988189,
  43.61352 -27.028921 0.31988189,43.621424 -27.053248 0.31988189,
  43.63519 -27.095614 0.31988189,45.071457 -26.92313 0.31988189,
  45.071457 -27.053248 0.31988189,45.064212 -27.089671 0.31988189,
  45.04358 -27.120548 0.31988189,45.012702 -27.14118 0.31988189,
  44.97628 -27.148425 0.31988189,44.86624 -27.148425 0.31988189,
  44.829817 -27.14118 0.31988189,44.79894 -27.120548 0.31988189,
  44.778308 -27.089671 0.31988189,44.771063 -27.053248 0.31988189,
  44.771063 -26.92313 0.31988189,44.778308 -26.886707 0.31988189,
  44.79894 -26.85583 0.31988189,44.829817 -26.835198 0.31988189,
  44.86624 -26.827953 0.31988189,44.97628 -26.827953 0.31988189,
  45.012702 -26.835198 0.31988189,45.04358 -26.85583 0.31988189,
  45.064212 -26.886707 0.31988189,45.250197 -23.647736 0.31988189,
  45.250197 -23.517618 0.31988189,45.257442 -23.481195 0.31988189,
  45.278074 -23.450318 0.31988189,45.308951 -23.429686 0.31988189,
  45.345374 -23.422441 0.31988189,45.455413 -23.422441 0.31988189,
  45.491836 -23.429686 0.31988189,45.522714 -23.450318 0.31988189,
  45.543346 -23.481195 0.31988189,45.550591 -23.517618 0.31988189,
  45.550591 -23.647736 0.31988189,45.543346 -23.684159 0.31988189,
  45.522714 -23.715037 0.31988189,45.491836 -23.735669 0.31988189,
  45.455413 -23.742913 0.31988189,45.345374 -23.742913 0.31988189,
  45.308951 -23.735669 0.31988189,45.278074 -23.715037 0.31988189,
  45.257442 -23.684159 0.31988189,45.230512 -22.88002 0.31988189,
  45.230512 -22.749902 0.31988189,45.237757 -22.713479 0.31988189,
  45.258389 -22.682601 0.31988189,45.289266 -22.661969 0.31988189,
  45.325689 -22.654724 0.31988189,45.435728 -22.654724 0.31988189,
  45.472151 -22.661969 0.31988189,45.503029 -22.682601 0.31988189,
  45.523661 -22.713479 0.31988189,45.530906 -22.749902 0.31988189,
  45.530906 -22.88002 0.31988189,45.523661 -22.916443 0.31988189,
  45.503029 -22.94732 0.31988189,45.472151 -22.967952 0.31988189,
  45.435728 -22.975197 0.31988189,45.325689 -22.975197 0.31988189,
  45.289266 -22.967952 0.31988189,45.258389 -22.94732 0.31988189,
  45.237757 -22.916443 0.31988189,45.210132 -26.835198 0.31988189,
  45.246555 -26.827953 0.31988189,45.356594 -26.827953 0.31988189,
  45.393017 -26.835198 0.31988189,45.423895 -26.85583 0.31988189,
  45.431842 -26.867723 0.31988189,45.444527 -26.886707 0.31988189,
  45.451772 -26.92313 0.31988189,45.451772 -27.053248 0.31988189,
  45.444527 -27.089671 0.31988189,45.423895 -27.120548 0.31988189,
  45.393017 -27.14118 0.31988189,45.356594 -27.148425 0.31988189,
  45.246555 -27.148425 0.31988189,45.210132 -27.14118 0.31988189,
  45.179255 -27.120548 0.31988189,45.158623 -27.089671 0.31988189,
  45.151378 -27.053248 0.31988189,45.151378 -26.92313 0.31988189,
  45.158623 -26.886707 0.31988189,45.179255 -26.85583 0.31988189,
  47.432677 -21.347638 0.31988189,47.432677 -21.447638 0.31988189,
  47.429794 -21.454598 0.31988189,47.422835 -21.45748 0.31988189,
  47.222835 -21.45748 0.31988189,47.215875 -21.454598 0.31988189,
  47.212992 -21.447638 0.31988189,47.212992 -21.347638 0.31988189,
  47.215875 -21.340678 0.31988189,47.222835 -21.337795 0.31988189,
  47.422835 -21.337795 0.31988189,47.429794 -21.340678 0.31988189,
  50.501969 -24.105118 0.31988189,50.167323 -24.105118 0.31988189,
  50.151955 -24.102061 0.31988189,50.138927 -24.093356 0.31988189,
  50.130222 -24.080328 0.31988189,50.127165 -24.064961 0.31988189,
  50.127165 -23.690945 0.31988189,50.130222 -23.675577 0.31988189,
  50.138927 -23.662549 0.31988189,50.151955 -23.653844 0.31988189,
  50.167323 -23.650787 0.31988189,50.501969 -23.650787 0.31988189,
  50.517336 -23.653844 0.31988189,50.530364 -23.662549 0.31988189,
  50.539069 -23.675577 0.31988189,50.542126 -23.690945 0.31988189,
  50.542126 -24.015748 0.31988189,50.542126 -24.064961 0.31988189,
  50.539069 -24.080328 0.31988189,50.530364 -24.093356 0.31988189,
  50.517336 -24.102061 0.31988189,50.43878 -24.26565 0.31988189,
  50.43878 -24.395768 0.31988189,50.431535 -24.432191 0.31988189,
  50.410903 -24.463068 0.31988189,50.380025 -24.4837 0.31988189,
  50.343602 -24.490945 0.31988189,50.233563 -24.490945 0.31988189,
  50.19714 -24.4837 0.31988189,50.166263 -24.463068 0.31988189,
  50.145631 -24.432191 0.31988189,50.138386 -24.395768 0.31988189,
  50.138386 -24.26565 0.31988189,50.145631 -24.229227 0.31988189,
  50.166263 -24.198349 0.31988189,50.19714 -24.177717 0.31988189,
  50.233563 -24.170472 0.31988189,50.343602 -24.170472 0.31988189,
  50.380025 -24.177717 0.31988189,50.410903 -24.198349 0.31988189,
  50.431535 -24.229227 0.31988189,50.568383 -22.612674 0.31988189,
  50.537506 -22.633306 0.31988189,50.501083 -22.640551 0.31988189,
  50.391043 -22.640551 0.31988189,50.35462 -22.633306 0.31988189,
  50.323743 -22.612674 0.31988189,50.303111 -22.581797 0.31988189,
  50.295866 -22.545374 0.31988189,50.295866 -22.415256 0.31988189,
  50.303111 -22.378833 0.31988189,50.323743 -22.347956 0.31988189,
  50.35462 -22.327324 0.31988189,50.391043 -22.320079 0.31988189,
  50.501083 -22.320079 0.31988189,50.537506 -22.327324 0.31988189,
  50.568383 -22.347956 0.31988189,50.589015 -22.378833 0.31988189,
  50.59626 -22.415256 0.31988189,50.59626 -22.440945 0.31988189,
  50.59626 -22.545374 0.31988189,50.589015 -22.581797 0.31988189,
  50.125394 -22.91939 0.31988189,50.125394 -22.789272 0.31988189,
  50.132639 -22.752849 0.31988189,50.15327 -22.721971 0.31988189,
  50.184148 -22.701339 0.31988189,50.220571 -22.694094 0.31988189,
  50.33061 -22.694094 0.31988189,50.367033 -22.701339 0.31988189,
  50.397911 -22.721971 0.31988189,50.418543 -22.752849 0.31988189,
  50.425787 -22.789272 0.31988189,50.425787 -22.91939 0.31988189,
  50.418543 -22.955813 0.31988189,50.397911 -22.98669 0.31988189,
  50.367033 -23.007322 0.31988189,50.33061 -23.014567 0.31988189,
  50.220571 -23.014567 0.31988189,50.184148 -23.007322 0.31988189,
  50.15327 -22.98669 0.31988189,50.132639 -22.955813 0.31988189,
  50.127165 -23.494094 0.31988189,50.127165 -23.120079 0.31988189,
  50.130222 -23.104711 0.31988189,50.138927 -23.091683 0.31988189,
  50.151955 -23.082978 0.31988189,50.167323 -23.079921 0.31988189,
  50.501969 -23.079921 0.31988189,50.517336 -23.082978 0.31988189,
  50.530364 -23.091683 0.31988189,50.539069 -23.104711 0.31988189,
  50.542126 -23.120079 0.31988189,50.542126 -23.228346 0.31988189,
  50.542126 -23.494094 0.31988189,50.539069 -23.509462 0.31988189,
  50.530364 -23.52249 0.31988189,50.517336 -23.531195 0.31988189,
  50.501969 -23.534252 0.31988189,50.167323 -23.534252 0.31988189,
  50.151955 -23.531195 0.31988189,50.138927 -23.52249 0.31988189,
  50.130222 -23.509462 0.31988189,52.303937 -22.440945 0.31988189,
  52.296607 -22.510685 0.31988189,52.274937 -22.577378 0.31988189,
  52.239875 -22.638107 0.31988189,52.192952 -22.69022 0.31988189,
  52.13622 -22.731439 0.31988189,52.072158 -22.759961 0.31988189,
  52.003566 -22.774541 0.31988189,51.933442 -22.774541 0.31988189,
  51.86485 -22.759961 0.31988189,51.800787 -22.731439 0.31988189,
  51.744056 -22.69022 0.31988189,51.697133 -22.638107 0.31988189,
  51.66207 -22.577378 0.31988189,51.640401 -22.510685 0.31988189,
  51.633071 -22.440945 0.31988189,51.640401 -22.371204 0.31988189,
  51.66207 -22.304512 0.31988189,51.697133 -22.243782 0.31988189,
  51.744056 -22.19167 0.31988189,51.800787 -22.150451 0.31988189,
  51.86485 -22.121929 0.31988189,51.933442 -22.107349 0.31988189,
  52.003566 -22.107349 0.31988189,52.072158 -22.121929 0.31988189,
  52.13622 -22.150451 0.31988189,52.192952 -22.19167 0.31988189,
  52.239875 -22.243782 0.31988189,52.274937 -22.304512 0.31988189,
  52.296607 -22.371204 0.31988189,52.303937 -23.228346 0.31988189,
  52.296607 -23.298087 0.31988189,52.274937 -23.36478 0.31988189,
  52.239875 -23.425509 0.31988189,52.192952 -23.477622 0.31988189,
  52.13622 -23.51884 0.31988189,52.072158 -23.547362 0.31988189,
  52.003566 -23.561942 0.31988189,51.933442 -23.561942 0.31988189,
  51.86485 -23.547362 0.31988189,51.800787 -23.51884 0.31988189,
  51.744056 -23.477622 0.31988189,51.697133 -23.425509 0.31988189,
  51.66207 -23.36478 0.31988189,51.640401 -23.298087 0.31988189,
  51.633071 -23.228346 0.31988189,51.640401 -23.158606 0.31988189,
  51.66207 -23.091913 0.31988189,51.697133 -23.031184 0.31988189,
  51.744056 -22.979071 0.31988189,51.800787 -22.937853 0.31988189,
  51.86485 -22.909331 0.31988189,51.933442 -22.894751 0.31988189,
  52.003566 -22.894751 0.31988189,52.072158 -22.909331 0.31988189,
  52.13622 -22.937853 0.31988189,52.192952 -22.979071 0.31988189,
  52.239875 -23.031184 0.31988189,52.274937 -23.091913 0.31988189,
  52.296607 -23.158606 0.31988189,52.303937 -24.015748 0.31988189,
  52.296607 -24.085489 0.31988189,52.274937 -24.152181 0.31988189,
  52.239875 -24.212911 0.31988189,52.192952 -24.265023 0.31988189,
  52.13622 -24.306242 0.31988189,52.072158 -24.334764 0.31988189,
  52.003566 -24.349344 0.31988189,51.933442 -24.349344 0.31988189,
  51.86485 -24.334764 0.31988189,51.800787 -24.306242 0.31988189,
  51.744056 -24.265023 0.31988189,51.697133 -24.212911 0.31988189,
  51.66207 -24.152181 0.31988189,51.640401 -24.085489 0.31988189,
  51.633071 -24.015748 0.31988189,51.640401 -23.946007 0.31988189,
  51.66207 -23.879315 0.31988189,51.697133 -23.818585 0.31988189,
  51.744056 -23.766473 0.31988189,51.800787 -23.725254 0.31988189,
  51.86485 -23.696732 0.31988189,51.933442 -23.682152 0.31988189,
  52.003566 -23.682152 0.31988189,52.072158 -23.696732 0.31988189,
  52.13622 -23.725254 0.31988189,52.192952 -23.766473 0.31988189,
  52.239875 -23.818585 0.31988189,52.274937 -23.879315 0.31988189,
  52.296607 -23.946007 0.31988189,52.303937 -24.80315 0.31988189,
  52.296607 -24.87289 0.31988189,52.274937 -24.939583 0.31988189,
  52.239875 -25.000312 0.31988189,52.192952 -25.052425 0.31988189,
  52.13622 -25.093643 0.31988189,52.072158 -25.122165 0.31988189,
  52.003566 -25.136745 0.31988189,51.933442 -25.136745 0.31988189,
  51.86485 -25.122165 0.31988189,51.800787 -25.093643 0.31988189,
  51.744056 -25.052425 0.31988189,51.697133 -25.000312 0.31988189,
  51.66207 -24.939583 0.31988189,51.640401 -24.87289 0.31988189,
  51.633071 -24.80315 0.31988189,51.640401 -24.733409 0.31988189,
  51.66207 -24.666717 0.31988189,51.697133 -24.605987 0.31988189,
  51.744056 -24.553874 0.31988189,51.800787 -24.512656 0.31988189,
  51.86485 -24.484134 0.31988189,51.933442 -24.469554 0.31988189,
  52.003566 -24.469554 0.31988189,52.072158 -24.484134 0.31988189,
  52.13622 -24.512656 0.31988189,52.192952 -24.553874 0.31988189,
  52.239875 -24.605987 0.31988189,52.274937 -24.666717 0.31988189,
  52.296607 -24.733409 0.31988189,52.303937 -25.590551 0.31988189,
  52.296607 -25.660292 0.31988189,52.274937 -25.726984 0.31988189,
  52.239875 -25.787714 0.31988189,52.192952 -25.839826 0.31988189,
  52.13622 -25.881045 0.31988189,52.072158 -25.909567 0.31988189,
  52.003566 -25.924147 0.31988189,51.933442 -25.924147 0.31988189,
  51.86485 -25.909567 0.31988189,51.800787 -25.881045 0.31988189,
  51.744056 -25.839826 0.31988189,51.697133 -25.787714 0.31988189,
  51.66207 -25.726984 0.31988189,51.640401 -25.660292 0.31988189,
  51.633071 -25.590551 0.31988189,51.640401 -25.520811 0.31988189,
  51.66207 -25.454118 0.31988189,51.697133 -25.393389 0.31988189,
  51.744056 -25.341276 0.31988189,51.800787 -25.300057 0.31988189,
  51.86485 -25.271535 0.31988189,51.933442 -25.256956 0.31988189,
  52.003566 -25.256956 0.31988189,52.072158 -25.271535 0.31988189,
  52.13622 -25.300057 0.31988189,52.192952 -25.341276 0.31988189,
  52.239875 -25.393389 0.31988189,52.274937 -25.454118 0.31988189,
  52.296607 -25.520811 0.31988189,52.303937 -26.377953 0.31988189,
  52.296607 -26.447693 0.31988189,52.274937 -26.514386 0.31988189,
  52.239875 -26.575115 0.31988189,52.192952 -26.627228 0.31988189,
  52.13622 -26.668446 0.31988189,52.072158 -26.696969 0.31988189,
  52.003566 -26.711548 0.31988189,51.933442 -26.711548 0.31988189,
  51.86485 -26.696969 0.31988189,51.800787 -26.668446 0.31988189,
  51.744056 -26.627228 0.31988189,51.697133 -26.575115 0.31988189,
  51.66207 -26.514386 0.31988189,51.640401 -26.447693 0.31988189,
  51.633071 -26.377953 0.31988189,51.640401 -26.308212 0.31988189,
  51.66207 -26.24152 0.31988189,51.697133 -26.18079 0.31988189,
  51.744056 -26.128678 0.31988189,51.800787 -26.087459 0.31988189,
  51.86485 -26.058937 0.31988189,51.933442 -26.044357 0.31988189,
  52.003566 -26.044357 0.31988189,52.072158 -26.058937 0.31988189,
  52.13622 -26.087459 0.31988189,52.192952 -26.128678 0.31988189,
  52.239875 -26.18079 0.31988189,52.274937 -26.24152 0.31988189,
  52.296607 -26.308212 0.31988189,52.303937 -27.165354 0.31988189,
  52.296607 -27.235095 0.31988189,52.274937 -27.301787 0.31988189,
  52.239875 -27.362517 0.31988189,52.192952 -27.41463 0.31988189,
  52.13622 -27.455848 0.31988189,52.072158 -27.48437 0.31988189,
  52.003566 -27.49895 0.31988189,51.933442 -27.49895 0.31988189,
  51.86485 -27.48437 0.31988189,51.800787 -27.455848 0.31988189,
  51.744056 -27.41463 0.31988189,51.697133 -27.362517 0.31988189,
  51.66207 -27.301787 0.31988189,51.640401 -27.235095 0.31988189,
  51.633071 -27.165354 0.31988189,51.640401 -27.095614 0.31988189,
  51.66207 -27.028921 0.31988189,51.697133 -26.968192 0.31988189,
  51.744056 -26.916079 0.31988189,51.800787 -26.874861 0.31988189,
  51.86485 -26.846339 0.31988189,51.933442 -26.831759 0.31988189,
  52.003566 -26.831759 0.31988189,52.072158 -26.846339 0.31988189,
  52.13622 -26.874861 0.31988189,52.192952 -26.916079 0.31988189,
  52.239875 -26.968192 0.31988189,52.274937 -27.028921 0.31988189,
  52.296607 -27.095614 0.31988189,52.755906 -30.314961 0.31988189,
  52.755906 -19.685039 0.31988189,49.606299 -16.535433 0.31988189,
  45.669291 -16.535433 0.31988189,42.519685 -19.685039 0.31988189,
  42.519685 -20.07874 0.31988189,42.519685 -20.49813 0.31988189,
  42.519685 -20.866142 0.31988189,42.519685 -21.653543 0.31988189,
  42.519685 -22.440945 0.31988189,42.519685 -22.88002 0.31988189,
  42.519685 -23.228346 0.31988189,42.519685 -23.647736 0.31988189,
  42.519685 -24.015748 0.31988189,42.519685 -24.452735 0.31988189,
  42.519685 -24.80315 0.31988189,42.519685 -25.590551 0.31988189,
  42.519685 -26.377953 0.31988189,42.519685 -27.165354 0.31988189,
  42.519685 -30.314961 0.31988189,52.303937 -20.07874 0.31988189,
  52.296607 -20.148481 0.31988189,52.274937 -20.215173 0.31988189,
  52.239875 -20.275903 0.31988189,52.192952 -20.328015 0.31988189,
  52.13622 -20.369234 0.31988189,52.072158 -20.397756 0.31988189,
  52.003566 -20.412336 0.31988189,51.933442 -20.412336 0.31988189,
  51.86485 -20.397756 0.31988189,51.800787 -20.369234 0.31988189,
  51.744056 -20.328015 0.31988189,51.697133 -20.275903 0.31988189,
  51.66207 -20.215173 0.31988189,51.640401 -20.148481 0.31988189,
  51.633071 -20.07874 0.31988189,51.640401 -20.009 0.31988189,
  51.66207 -19.942307 0.31988189,51.697133 -19.881578 0.31988189,
  51.744056 -19.829465 0.31988189,51.800787 -19.788246 0.31988189,
  51.86485 -19.759724 0.31988189,51.933442 -19.745144 0.31988189,
  52.003566 -19.745144 0.31988189,52.072158 -19.759724 0.31988189,
  52.13622 -19.788246 0.31988189,52.192952 -19.829465 0.31988189,
  52.239875 -19.881578 0.31988189,52.274937 -19.942307 0.31988189,
  52.296607 -20.009 0.31988189,52.303937 -20.866142 0.31988189,
  52.296607 -20.935882 0.31988189,52.274937 -21.002575 0.31988189,
  52.239875 -21.063304 0.31988189,52.192952 -21.115417 0.31988189,
  52.13622 -21.156635 0.31988189,52.072158 -21.185157 0.31988189,
  52.003566 -21.199737 0.31988189,51.933442 -21.199737 0.31988189,
  51.86485 -21.185157 0.31988189,51.800787 -21.156635 0.31988189,
  51.744056 -21.115417 0.31988189,51.697133 -21.063304 0.31988189,
  51.66207 -21.002575 0.31988189,51.640401 -20.935882 0.31988189,
  51.633071 -20.866142 0.31988189,51.640401 -20.796401 0.31988189,
  51.66207 -20.729709 0.31988189,51.697133 -20.668979 0.31988189,
  51.744056 -20.616867 0.31988189,51.800787 -20.575648 0.31988189,
  51.86485 -20.547126 0.31988189,51.933442 -20.532546 0.31988189,
  52.003566 -20.532546 0.31988189,52.072158 -20.547126 0.31988189,
  52.13622 -20.575648 0.31988189,52.192952 -20.616867 0.31988189,
  52.239875 -20.668979 0.31988189,52.274937 -20.729709 0.31988189,
  52.296607 -20.796401 0.31988189,52.303937 -21.653543 0.31988189,
  52.296607 -21.723284 0.31988189,52.274937 -21.789976 0.31988189,
  52.239875 -21.850706 0.31988189,52.192952 -21.902819 0.31988189,
  52.13622 -21.944037 0.31988189,52.072158 -21.972559 0.31988189,
  52.003566 -21.987139 0.31988189,51.933442 -21.987139 0.31988189,
  51.86485 -21.972559 0.31988189,51.800787 -21.944037 0.31988189,
  51.744056 -21.902819 0.31988189,51.697133 -21.850706 0.31988189,
  51.66207 -21.789976 0.31988189,51.640401 -21.723284 0.31988189,
  51.633071 -21.653543 0.31988189,51.640401 -21.583803 0.31988189,
  51.66207 -21.51711 0.31988189,51.697133 -21.456381 0.31988189,
  51.744056 -21.404268 0.31988189,51.800787 -21.36305 0.31988189,
  51.86485 -21.334528 0.31988189,51.933442 -21.319948 0.31988189,
  52.003566 -21.319948 0.31988189,52.072158 -21.334528 0.31988189,
  52.13622 -21.36305 0.31988189,52.192952 -21.404268 0.31988189,
  52.239875 -21.456381 0.31988189,52.274937 -21.51711 0.31988189,
  52.296607 -21.583803 0.31988189,50.333858 -22.107874 0.31988189,
  50.333858 -21.907874 0.31988189,50.336741 -21.900914 0.31988189,
  50.343701 -21.898031 0.31988189,50.443701 -21.898031 0.31988189,
  50.450661 -21.900914 0.31988189,50.453543 -21.907874 0.31988189,
  50.453543 -22.107874 0.31988189,50.450661 -22.114834 0.31988189,
  50.443701 -22.117717 0.31988189,50.343701 -22.117717 0.31988189,
  50.336741 -22.114834 0.31988189,50.120768 -22.640551 0.31988189,
  50.010728 -22.640551 0.31988189,49.974306 -22.633306 0.31988189,
  49.943428 -22.612674 0.31988189,49.922796 -22.581797 0.31988189,
  49.915551 -22.545374 0.31988189,49.915551 -22.415256 0.31988189,
  49.922796 -22.378833 0.31988189,49.943428 -22.347956 0.31988189,
  49.974306 -22.327324 0.31988189,50.010728 -22.320079 0.31988189,
  50.120768 -22.320079 0.31988189,50.157191 -22.327324 0.31988189,
  50.188068 -22.347956 0.31988189,50.2087 -22.378833 0.31988189,
  50.215945 -22.415256 0.31988189,50.215945 -22.545374 0.31988189,
  50.2087 -22.581797 0.31988189,50.188068 -22.612674 0.31988189,
  50.157191 -22.633306 0.31988189,49.547835 -21.482382 0.31988189,
  49.547835 -21.352264 0.31988189,49.55508 -21.315841 0.31988189,
  49.575711 -21.284963 0.31988189,49.606589 -21.264331 0.31988189,
  49.643012 -21.257087 0.31988189,49.753051 -21.257087 0.31988189,
  49.789474 -21.264331 0.31988189,49.820352 -21.284963 0.31988189,
  49.840983 -21.315841 0.31988189,49.848228 -21.352264 0.31988189,
  49.848228 -21.482382 0.31988189,49.840983 -21.518805 0.31988189,
  49.820352 -21.549682 0.31988189,49.789474 -21.570314 0.31988189,
  49.753051 -21.577559 0.31988189,49.643012 -21.577559 0.31988189,
  49.606589 -21.570314 0.31988189,49.575711 -21.549682 0.31988189,
  49.55508 -21.518805 0.31988189,50.311811 -21.883858 0.31988189,
  50.311811 -22.107874 0.31988189,50.311811 -22.13189 0.31988189,
  50.30881 -22.157759 0.31988189,50.292037 -22.195746 0.31988189,
  50.262675 -22.225108 0.31988189,50.224689 -22.241881 0.31988189,
  50.198819 -22.244882 0.31988189,50.05315 -22.244882 0.31988189,
  50.02728 -22.241881 0.31988189,49.989294 -22.225108 0.31988189,
  49.959931 -22.195746 0.31988189,49.943159 -22.157759 0.31988189,
  49.940157 -22.13189 0.31988189,49.940157 -21.883858 0.31988189,
  49.943159 -21.857989 0.31988189,49.959931 -21.820002 0.31988189,
  49.989294 -21.79064 0.31988189,50.02728 -21.773867 0.31988189,
  50.05315 -21.770866 0.31988189,50.198819 -21.770866 0.31988189,
  50.224689 -21.773867 0.31988189,50.262675 -21.79064 0.31988189,
  50.292037 -21.820002 0.31988189,50.30881 -21.857989 0.31988189,
  50.475591 -22.13189 0.31988189,50.475591 -21.883858 0.31988189,
  50.478592 -21.857989 0.31988189,50.495365 -21.820002 0.31988189,
  50.524727 -21.79064 0.31988189,50.562713 -21.773867 0.31988189,
  50.588583 -21.770866 0.31988189,50.734252 -21.770866 0.31988189,
  50.760122 -21.773867 0.31988189,50.798108 -21.79064 0.31988189,
  50.82747 -21.820002 0.31988189,50.844243 -21.857989 0.31988189,
  50.847244 -21.883858 0.31988189,50.847244 -22.13189 0.31988189,
  50.844243 -22.157759 0.31988189,50.82747 -22.195746 0.31988189,
  50.798108 -22.225108 0.31988189,50.760122 -22.241881 0.31988189,
  50.734252 -22.244882 0.31988189,50.588583 -22.244882 0.31988189,
  50.562713 -22.241881 0.31988189,50.524727 -22.225108 0.31988189,
  50.495365 -22.195746 0.31988189,50.478592 -22.157759 0.31988189,
  49.524803 -22.15502 0.31988189,49.524803 -22.04498 0.31988189,
  49.532048 -22.008557 0.31988189,49.55268 -21.97768 0.31988189,
  49.583557 -21.957048 0.31988189,49.61998 -21.949803 0.31988189,
  49.750098 -21.949803 0.31988189,49.786521 -21.957048 0.31988189,
  49.817399 -21.97768 0.31988189,49.838031 -22.008557 0.31988189,
  49.845276 -22.04498 0.31988189,49.845276 -22.13189 0.31988189,
  49.845276 -22.15502 0.31988189,49.838031 -22.191443 0.31988189,
  49.817399 -22.22232 0.31988189,49.786521 -22.242952 0.31988189,
  49.750098 -22.250197 0.31988189,49.61998 -22.250197 0.31988189,
  49.583557 -22.242952 0.31988189,49.55268 -22.22232 0.31988189,
  49.532048 -22.191443 0.31988189,48.665643 -24.532263 0.31988189,
  48.635209 -24.526209 0.31988189,48.609408 -24.50897 0.31988189,
  48.592169 -24.483169 0.31988189,48.586115 -24.452735 0.31988189,
  48.592169 -24.422302 0.31988189,48.609408 -24.396501 0.31988189,
  48.635209 -24.379261 0.31988189,48.661684 -24.373995 0.31988189,
  48.635209 -24.368729 0.31988189,48.609408 -24.35149 0.31988189,
  48.592169 -24.325689 0.31988189,48.586115 -24.295255 0.31988189,
  48.592169 -24.264821 0.31988189,48.609408 -24.23902 0.31988189,
  48.635209 -24.221781 0.31988189,48.661684 -24.216515 0.31988189,
  48.635209 -24.211249 0.31988189,48.609408 -24.194009 0.31988189,
  48.592169 -24.168209 0.31988189,48.586115 -24.137775 0.31988189,
  48.592169 -24.107341 0.31988189,48.609408 -24.08154 0.31988189,
  48.635209 -24.064301 0.31988189,48.661684 -24.059035 0.31988189,
  48.635209 -24.053769 0.31988189,48.609408 -24.036529 0.31988189,
  48.592169 -24.010728 0.31988189,48.586115 -23.980294 0.31988189,
  48.592169 -23.949861 0.31988189,48.609408 -23.92406 0.31988189,
  48.635209 -23.90682 0.31988189,48.661684 -23.901554 0.31988189,
  48.635209 -23.896288 0.31988189,48.609408 -23.879049 0.31988189,
  48.592169 -23.853248 0.31988189,48.586115 -23.822814 0.31988189,
  48.592169 -23.79238 0.31988189,48.609408 -23.76658 0.31988189,
  48.635209 -23.74934 0.31988189,48.661684 -23.744074 0.31988189,
  48.635209 -23.738808 0.31988189,48.609408 -23.721569 0.31988189,
  48.592169 -23.695768 0.31988189,48.586115 -23.665334 0.31988189,
  48.592169 -23.6349 0.31988189,48.609408 -23.609099 0.31988189,
  48.635209 -23.59186 0.31988189,48.661684 -23.586594 0.31988189,
  48.635209 -23.581328 0.31988189,48.609408 -23.564088 0.31988189,
  48.592169 -23.538287 0.31988189,48.586115 -23.507854 0.31988189,
  48.592169 -23.47742 0.31988189,48.609408 -23.451619 0.31988189,
  48.635209 -23.43438 0.31988189,48.661684 -23.429113 0.31988189,
  48.635209 -23.423847 0.31988189,48.609408 -23.406608 0.31988189,
  48.592169 -23.380807 0.31988189,48.586115 -23.350373 0.31988189,
  48.592169 -23.319939 0.31988189,48.609408 -23.294139 0.31988189,
  48.635209 -23.276899 0.31988189,48.661684 -23.271633 0.31988189,
  48.635209 -23.266367 0.31988189,48.609408 -23.249128 0.31988189,
  48.592169 -23.223327 0.31988189,48.586115 -23.192893 0.31988189,
  48.592169 -23.162459 0.31988189,48.609408 -23.136658 0.31988189,
  48.635209 -23.119419 0.31988189,48.661684 -23.114153 0.31988189,
  48.635209 -23.108887 0.31988189,48.609408 -23.091647 0.31988189,
  48.592169 -23.065846 0.31988189,48.586115 -23.035413 0.31988189,
  48.592169 -23.004979 0.31988189,48.609408 -22.979178 0.31988189,
  48.635209 -22.961939 0.31988189,48.661684 -22.956672 0.31988189,
  48.635209 -22.951406 0.31988189,48.609408 -22.934167 0.31988189,
  48.592169 -22.908366 0.31988189,48.586115 -22.877932 0.31988189,
  48.592169 -22.847498 0.31988189,48.609408 -22.821698 0.31988189,
  48.635209 -22.804458 0.31988189,48.661684 -22.799192 0.31988189,
  48.635209 -22.793926 0.31988189,48.609408 -22.776687 0.31988189,
  48.592169 -22.750886 0.31988189,48.586115 -22.720452 0.31988189,
  48.592169 -22.690018 0.31988189,48.609408 -22.664217 0.31988189,
  48.635209 -22.646978 0.31988189,48.665643 -22.640924 0.31988189,
  48.921548 -22.640924 0.31988189,48.951982 -22.646978 0.31988189,
  48.977783 -22.664217 0.31988189,48.995022 -22.690018 0.31988189,
  49.001076 -22.720452 0.31988189,48.995022 -22.750886 0.31988189,
  48.977783 -22.776687 0.31988189,48.951982 -22.793926 0.31988189,
  48.925506 -22.799192 0.31988189,48.951982 -22.804458 0.31988189,
  48.977783 -22.821698 0.31988189,48.995022 -22.847498 0.31988189,
  49.001076 -22.877932 0.31988189,48.995022 -22.908366 0.31988189,
  48.987656 -22.91939 0.31988189,48.977783 -22.934167 0.31988189,
  48.951982 -22.951406 0.31988189,48.925506 -22.956672 0.31988189,
  48.951982 -22.961939 0.31988189,48.977783 -22.979178 0.31988189,
  48.995022 -23.004979 0.31988189,49.001076 -23.035413 0.31988189,
  48.995022 -23.065846 0.31988189,48.977783 -23.091647 0.31988189,
  48.951982 -23.108887 0.31988189,48.925506 -23.114153 0.31988189,
  48.951982 -23.119419 0.31988189,48.977783 -23.136658 0.31988189,
  48.995022 -23.162459 0.31988189,49.001076 -23.192893 0.31988189,
  48.995022 -23.223327 0.31988189,48.977783 -23.249128 0.31988189,
  48.951982 -23.266367 0.31988189,48.925506 -23.271633 0.31988189,
  48.951982 -23.276899 0.31988189,48.977783 -23.294139 0.31988189,
  48.995022 -23.319939 0.31988189,49.001076 -23.350373 0.31988189,
  48.995022 -23.380807 0.31988189,48.977783 -23.406608 0.31988189,
  48.951982 -23.423847 0.31988189,48.925506 -23.429113 0.31988189,
  48.951982 -23.43438 0.31988189,48.977783 -23.451619 0.31988189,
  48.995022 -23.47742 0.31988189,48.998339 -23.494094 0.31988189,
  49.001076 -23.507854 0.31988189,48.995022 -23.538287 0.31988189,
  48.977783 -23.564088 0.31988189,48.951982 -23.581328 0.31988189,
  48.925506 -23.586594 0.31988189,48.951982 -23.59186 0.31988189,
  48.977783 -23.609099 0.31988189,48.995022 -23.6349 0.31988189,
  49.001076 -23.665334 0.31988189,48.995022 -23.695768 0.31988189,
  48.977783 -23.721569 0.31988189,48.951982 -23.738808 0.31988189,
  48.925506 -23.744074 0.31988189,48.951982 -23.74934 0.31988189,
  48.977783 -23.76658 0.31988189,48.995022 -23.79238 0.31988189,
  49.001076 -23.822814 0.31988189,48.995022 -23.853248 0.31988189,
  48.977783 -23.879049 0.31988189,48.951982 -23.896288 0.31988189,
  48.925506 -23.901554 0.31988189,48.951982 -23.90682 0.31988189,
  48.977783 -23.92406 0.31988189,48.995022 -23.949861 0.31988189,
  49.001076 -23.980294 0.31988189,48.995022 -24.010728 0.31988189,
  48.977783 -24.036529 0.31988189,48.951982 -24.053769 0.31988189,
  48.925506 -24.059035 0.31988189,48.951982 -24.064301 0.31988189,
  48.952969 -24.064961 0.31988189,48.977783 -24.08154 0.31988189,
  48.995022 -24.107341 0.31988189,49.001076 -24.137775 0.31988189,
  48.995022 -24.168209 0.31988189,48.977783 -24.194009 0.31988189,
  48.951982 -24.211249 0.31988189,48.925506 -24.216515 0.31988189,
  48.951982 -24.221781 0.31988189,48.977783 -24.23902 0.31988189,
  48.995022 -24.264821 0.31988189,49.001076 -24.295255 0.31988189,
  48.995022 -24.325689 0.31988189,48.977783 -24.35149 0.31988189,
  48.951982 -24.368729 0.31988189,48.925506 -24.373995 0.31988189,
  48.951982 -24.379261 0.31988189,48.976685 -24.395768 0.31988189,
  48.977783 -24.396501 0.31988189,48.995022 -24.422302 0.31988189,
  49.001076 -24.452735 0.31988189,48.995022 -24.483169 0.31988189,
  48.977783 -24.50897 0.31988189,48.951982 -24.526209 0.31988189,
  48.921548 -24.532263 0.31988189,49.626298 -26.344835 0.31988189,
  49.623554 -26.377953 0.31988189,49.622531 -26.390299 0.31988189,
  49.604206 -26.432076 0.31988189,49.573308 -26.46564 0.31988189,
  49.533187 -26.487353 0.31988189,49.488189 -26.494861 0.31988189,
  48.897638 -26.494861 0.31988189,48.874828 -26.492971 0.31988189,
  48.83168 -26.478159 0.31988189,48.795679 -26.450138 0.31988189,
  48.770728 -26.411947 0.31988189,48.759528 -26.367723 0.31988189,
  48.763296 -26.322259 0.31988189,48.781621 -26.280481 0.31988189,
  48.812519 -26.246918 0.31988189,48.85264 -26.225205 0.31988189,
  48.897638 -26.217696 0.31988189,49.488189 -26.217696 0.31988189,
  49.510999 -26.219586 0.31988189,49.554147 -26.234399 0.31988189,
  49.590148 -26.262419 0.31988189,49.615099 -26.300611 0.31988189,
  49.626298 -26.844835 0.31988189,49.622531 -26.890299 0.31988189,
  49.604206 -26.932076 0.31988189,49.573308 -26.96564 0.31988189,
  49.533187 -26.987353 0.31988189,49.488189 -26.994861 0.31988189,
  48.897638 -26.994861 0.31988189,48.874828 -26.992971 0.31988189,
  48.83168 -26.978159 0.31988189,48.795679 -26.950138 0.31988189,
  48.770728 -26.911947 0.31988189,48.759528 -26.867723 0.31988189,
  48.763296 -26.822259 0.31988189,48.781621 -26.780481 0.31988189,
  48.812519 -26.746918 0.31988189,48.85264 -26.725205 0.31988189,
  48.897638 -26.717696 0.31988189,49.488189 -26.717696 0.31988189,
  49.510999 -26.719586 0.31988189,49.554147 -26.734399 0.31988189,
  49.590148 -26.762419 0.31988189,49.615099 -26.800611 0.31988189,
  49.55268 -22.602635 0.31988189,49.532048 -22.571757 0.31988189,
  49.524803 -22.535335 0.31988189,49.524803 -22.425295 0.31988189,
  49.532048 -22.388872 0.31988189,49.55268 -22.357995 0.31988189,
  49.583557 -22.337363 0.31988189,49.61998 -22.330118 0.31988189,
  49.750098 -22.330118 0.31988189,49.786521 -22.337363 0.31988189,
  49.817399 -22.357995 0.31988189,49.838031 -22.388872 0.31988189,
  49.845276 -22.425295 0.31988189,49.845276 -22.535335 0.31988189,
  49.843279 -22.545374 0.31988189,49.838031 -22.571757 0.31988189,
  49.817399 -22.602635 0.31988189,49.786521 -22.623267 0.31988189,
  49.750098 -22.630512 0.31988189,49.61998 -22.630512 0.31988189,
  49.583557 -22.623267 0.31988189,49.540157 -24.762205 0.31988189,
  49.540157 -24.962205 0.31988189,49.537275 -24.969165 0.31988189,
  49.530315 -24.972047 0.31988189,49.430315 -24.972047 0.31988189,
  49.423355 -24.969165 0.31988189,49.420472 -24.962205 0.31988189,
  49.420472 -24.762205 0.31988189,49.423355 -24.755245 0.31988189,
  49.430315 -24.752362 0.31988189,49.530315 -24.752362 0.31988189,
  49.537275 -24.755245 0.31988189,46.650787 -21.387303 0.31988189,
  46.650787 -21.277264 0.31988189,46.658032 -21.240841 0.31988189,
  46.678664 -21.209963 0.31988189,46.709542 -21.189331 0.31988189,
  46.745965 -21.182087 0.31988189,46.876083 -21.182087 0.31988189,
  46.912506 -21.189331 0.31988189,46.932596 -21.202756 0.31988189,
  46.943383 -21.209963 0.31988189,46.964015 -21.240841 0.31988189,
  46.97126 -21.277264 0.31988189,46.97126 -21.387303 0.31988189,
  46.964015 -21.423726 0.31988189,46.948037 -21.447638 0.31988189,
  46.943383 -21.454604 0.31988189,46.912506 -21.475235 0.31988189,
  46.876083 -21.48248 0.31988189,46.745965 -21.48248 0.31988189,
  46.709542 -21.475235 0.31988189,46.678664 -21.454604 0.31988189,
  46.658032 -21.423726 0.31988189,46.650787 -21.657579 0.31988189,
  46.658032 -21.621156 0.31988189,46.678664 -21.590278 0.31988189,
  46.709542 -21.569646 0.31988189,46.745965 -21.562402 0.31988189,
  46.876083 -21.562402 0.31988189,46.912506 -21.569646 0.31988189,
  46.943383 -21.590278 0.31988189,46.964015 -21.621156 0.31988189,
  46.97126 -21.657579 0.31988189,46.97126 -21.738189 0.31988189,
  46.97126 -21.767618 0.31988189,46.964015 -21.804041 0.31988189,
  46.943383 -21.834919 0.31988189,46.912506 -21.85555 0.31988189,
  46.876083 -21.862795 0.31988189,46.745965 -21.862795 0.31988189,
  46.709542 -21.85555 0.31988189,46.678664 -21.834919 0.31988189,
  46.658032 -21.804041 0.31988189,46.650787 -21.767618 0.31988189,
  45.649292 -25.367723 0.31988189,45.653059 -25.322259 0.31988189,
  45.671385 -25.280481 0.31988189,45.702282 -25.246918 0.31988189,
  45.742404 -25.225205 0.31988189,45.787402 -25.217696 0.31988189,
  46.377953 -25.217696 0.31988189,46.400763 -25.219586 0.31988189,
  46.443911 -25.234399 0.31988189,46.479911 -25.262419 0.31988189,
  46.504863 -25.300611 0.31988189,46.516062 -25.344835 0.31988189,
  46.514166 -25.367723 0.31988189,46.512295 -25.390299 0.31988189,
  46.49397 -25.432076 0.31988189,46.463072 -25.46564 0.31988189,
  46.42295 -25.487353 0.31988189,46.377953 -25.494861 0.31988189,
  45.787402 -25.494861 0.31988189,45.764592 -25.492971 0.31988189,
  45.721444 -25.478159 0.31988189,45.685443 -25.450138 0.31988189,
  45.660491 -25.411947 0.31988189,45.649292 -25.867723 0.31988189,
  45.653059 -25.822259 0.31988189,45.671385 -25.780481 0.31988189,
  45.702282 -25.746918 0.31988189,45.742404 -25.725205 0.31988189,
  45.787402 -25.717696 0.31988189,46.377953 -25.717696 0.31988189,
  46.400763 -25.719586 0.31988189,46.443911 -25.734399 0.31988189,
  46.479911 -25.762419 0.31988189,46.504863 -25.800611 0.31988189,
  46.516062 -25.844835 0.31988189,46.514166 -25.867723 0.31988189,
  46.512295 -25.890299 0.31988189,46.49397 -25.932076 0.31988189,
  46.463072 -25.96564 0.31988189,46.42295 -25.987353 0.31988189,
  46.377953 -25.994861 0.31988189,45.787402 -25.994861 0.31988189,
  45.764592 -25.992971 0.31988189,45.721444 -25.978159 0.31988189,
  45.685443 -25.950138 0.31988189,45.660491 -25.911947 0.31988189,
  46.518504 -21.270571 0.31988189,46.518504 -21.38061 0.31988189,
  46.517173 -21.387303 0.31988189,46.511259 -21.417033 0.31988189,
  46.490627 -21.447911 0.31988189,46.45975 -21.468543 0.31988189,
  46.423327 -21.475787 0.31988189,46.293209 -21.475787 0.31988189,
  46.256786 -21.468543 0.31988189,46.225908 -21.447911 0.31988189,
  46.205276 -21.417033 0.31988189,46.198031 -21.38061 0.31988189,
  46.198031 -21.270571 0.31988189,46.205276 -21.234148 0.31988189,
  46.225908 -21.20327 0.31988189,46.256786 -21.182639 0.31988189,
  46.293209 -21.175394 0.31988189,46.423327 -21.175394 0.31988189,
  46.45975 -21.182639 0.31988189,46.490627 -21.20327 0.31988189,
  46.511259 -21.234148 0.31988189,48.538477 -22.740137 0.31988189,
  48.538477 -24.43305 0.31988189,48.53542 -24.448418 0.31988189,
  48.532536 -24.452735 0.31988189,48.526715 -24.461446 0.31988189,
  48.513687 -24.470151 0.31988189,48.49832 -24.473208 0.31988189,
  46.805406 -24.473208 0.31988189,46.790039 -24.470151 0.31988189,
  46.777011 -24.461446 0.31988189,46.768306 -24.448418 0.31988189,
  46.765249 -24.43305 0.31988189,46.765249 -22.740137 0.31988189,
  46.768306 -22.724769 0.31988189,46.777011 -22.711741 0.31988189,
  46.790039 -22.703036 0.31988189,46.805406 -22.69998 0.31988189,
  48.49832 -22.69998 0.31988189,48.513687 -22.703036 0.31988189,
  48.526715 -22.711741 0.31988189,48.53542 -22.724769 0.31988189,
  49.170472 -22.148327 0.31988189,49.170472 -22.038287 0.31988189,
  49.177717 -22.001865 0.31988189,49.198349 -21.970987 0.31988189,
  49.229227 -21.950355 0.31988189,49.26565 -21.94311 0.31988189,
  49.395768 -21.94311 0.31988189,49.432191 -21.950355 0.31988189,
  49.463068 -21.970987 0.31988189,49.4837 -22.001865 0.31988189,
  49.490945 -22.038287 0.31988189,49.490945 -22.148327 0.31988189,
  49.489614 -22.15502 0.31988189,49.4837 -22.18475 0.31988189,
  49.463068 -22.215627 0.31988189,49.432191 -22.236259 0.31988189,
  49.395768 -22.243504 0.31988189,49.26565 -22.243504 0.31988189,
  49.229227 -22.236259 0.31988189,49.198349 -22.215627 0.31988189,
  49.177717 -22.18475 0.31988189,49.170472 -22.418602 0.31988189,
  49.177717 -22.38218 0.31988189,49.198349 -22.351302 0.31988189,
  49.229227 -22.33067 0.31988189,49.26565 -22.323425 0.31988189,
  49.395768 -22.323425 0.31988189,49.432191 -22.33067 0.31988189,
  49.463068 -22.351302 0.31988189,49.4837 -22.38218 0.31988189,
  49.490945 -22.418602 0.31988189,49.490945 -22.528642 0.31988189,
  49.489614 -22.535335 0.31988189,49.4837 -22.565065 0.31988189,
  49.463068 -22.595942 0.31988189,49.432191 -22.616574 0.31988189,
  49.395768 -22.623819 0.31988189,49.26565 -22.623819 0.31988189,
  49.229227 -22.616574 0.31988189,49.198349 -22.595942 0.31988189,
  49.177717 -22.565065 0.31988189,49.170472 -22.528642 0.31988189,
  47.559843 -21.057087 0.31988189,47.559843 -21.202756 0.31988189,
  47.556841 -21.228626 0.31988189,47.540069 -21.266612 0.31988189,
  47.518196 -21.288484 0.31988189,47.510706 -21.295974 0.31988189,
  47.47272 -21.312747 0.31988189,47.44685 -21.315748 0.31988189,
  47.198819 -21.315748 0.31988189,47.172949 -21.312747 0.31988189,
  47.134963 -21.295974 0.31988189,47.105601 -21.266612 0.31988189,
  47.088828 -21.228626 0.31988189,47.085827 -21.202756 0.31988189,
  47.085827 -21.057087 0.31988189,47.088828 -21.031217 0.31988189,
  47.105601 -20.993231 0.31988189,47.134963 -20.963869 0.31988189,
  47.172949 -20.947096 0.31988189,47.198819 -20.944094 0.31988189,
  47.44685 -20.944094 0.31988189,47.47272 -20.947096 0.31988189,
  47.510706 -20.963869 0.31988189,47.540069 -20.993231 0.31988189,
  47.556841 -21.031217 0.31988189,48.602953 -20.49813 0.31988189,
  48.602953 -20.368012 0.31988189,48.610198 -20.331589 0.31988189,
  48.63083 -20.300711 0.31988189,48.661707 -20.28008 0.31988189,
  48.69813 -20.272835 0.31988189,48.808169 -20.272835 0.31988189,
  48.844592 -20.28008 0.31988189,48.87547 -20.300711 0.31988189,
  48.896102 -20.331589 0.31988189,48.903346 -20.368012 0.31988189,
  48.903346 -20.49813 0.31988189,48.896102 -20.534553 0.31988189,
  48.87547 -20.56543 0.31988189,48.844592 -20.586062 0.31988189,
  48.808169 -20.593307 0.31988189,48.69813 -20.593307 0.31988189,
  48.661707 -20.586062 0.31988189,48.63083 -20.56543 0.31988189,
  48.610198 -20.534553 0.31988189,48.594912 -21.520109 0.31988189,
  48.62678 -21.498816 0.31988189,48.66437 -21.491339 0.31988189,
  48.780512 -21.491339 0.31988189,48.818102 -21.498816 0.31988189,
  48.84997 -21.520109 0.31988189,48.871263 -21.551976 0.31988189,
  48.87874 -21.589567 0.31988189,48.87874 -21.653543 0.31988189,
  48.87874 -21.71752 0.31988189,48.871263 -21.75511 0.31988189,
  48.84997 -21.786978 0.31988189,48.818102 -21.808271 0.31988189,
  48.780512 -21.815748 0.31988189,48.66437 -21.815748 0.31988189,
  48.62678 -21.808271 0.31988189,48.594912 -21.786978 0.31988189,
  48.573619 -21.75511 0.31988189,48.566142 -21.71752 0.31988189,
  48.566142 -21.589567 0.31988189,48.573619 -21.551976 0.31988189,
  47.085827 -21.738189 0.31988189,47.085827 -21.59252 0.31988189,
  47.088828 -21.56665 0.31988189,47.105601 -21.528664 0.31988189,
  47.134963 -21.499302 0.31988189,47.172949 -21.482529 0.31988189,
  47.198819 -21.479528 0.31988189,47.44685 -21.479528 0.31988189,
  47.471454 -21.482382 0.31988189,47.47272 -21.482529 0.31988189,
  47.510706 -21.499302 0.31988189,47.540069 -21.528664 0.31988189,
  47.556841 -21.56665 0.31988189,47.559843 -21.59252 0.31988189,
  47.559843 -21.71752 0.31988189,47.559843 -21.738189 0.31988189,
  47.556841 -21.764059 0.31988189,47.540069 -21.802045 0.31988189,
  47.510706 -21.831407 0.31988189,47.47272 -21.84818 0.31988189,
  47.44685 -21.851181 0.31988189,47.198819 -21.851181 0.31988189,
  47.172949 -21.84818 0.31988189,47.134963 -21.831407 0.31988189,
  47.105601 -21.802045 0.31988189,47.088828 -21.764059 0.31988189,
  48.225591 -20.908169 0.31988189,48.225591 -20.79813 0.31988189,
  48.232835 -20.761707 0.31988189,48.253467 -20.73083 0.31988189,
  48.284345 -20.710198 0.31988189,48.320768 -20.702953 0.31988189,
  48.450886 -20.702953 0.31988189,48.487309 -20.710198 0.31988189,
  48.518186 -20.73083 0.31988189,48.538818 -20.761707 0.31988189,
  48.546063 -20.79813 0.31988189,48.546063 -20.866142 0.31988189,
  48.546063 -20.908169 0.31988189,48.538818 -20.944592 0.31988189,
  48.518186 -20.97547 0.31988189,48.487309 -20.996102 0.31988189,
  48.450886 -21.003346 0.31988189,48.320768 -21.003346 0.31988189,
  48.284345 -20.996102 0.31988189,48.253467 -20.97547 0.31988189,
  48.232835 -20.944592 0.31988189,48.538818 -21.324907 0.31988189,
  48.518186 -21.355785 0.31988189,48.487309 -21.376417 0.31988189,
  48.450886 -21.383661 0.31988189,48.320768 -21.383661 0.31988189,
  48.284345 -21.376417 0.31988189,48.253467 -21.355785 0.31988189,
  48.232835 -21.324907 0.31988189,48.225591 -21.288484 0.31988189,
  48.225591 -21.178445 0.31988189,48.232835 -21.142022 0.31988189,
  48.253467 -21.111144 0.31988189,48.284345 -21.090513 0.31988189,
  48.320768 -21.083268 0.31988189,48.450886 -21.083268 0.31988189,
  48.487309 -21.090513 0.31988189,48.518186 -21.111144 0.31988189,
  48.538818 -21.142022 0.31988189,48.546063 -21.178445 0.31988189,
  48.546063 -21.288484 0.31988189,48.222638 -20.49813 0.31988189,
  48.222638 -20.368012 0.31988189,48.229883 -20.331589 0.31988189,
  48.250515 -20.300711 0.31988189,48.281392 -20.28008 0.31988189,
  48.317815 -20.272835 0.31988189,48.427854 -20.272835 0.31988189,
  48.464277 -20.28008 0.31988189,48.495155 -20.300711 0.31988189,
  48.515787 -20.331589 0.31988189,48.523031 -20.368012 0.31988189,
  48.523031 -20.49813 0.31988189,48.515787 -20.534553 0.31988189,
  48.495155 -20.56543 0.31988189,48.464277 -20.586062 0.31988189,
  48.427854 -20.593307 0.31988189,48.317815 -20.593307 0.31988189,
  48.281392 -20.586062 0.31988189,48.250515 -20.56543 0.31988189,
  48.229883 -20.534553 0.31988189,48.215351 -21.551976 0.31988189,
  48.236644 -21.520109 0.31988189,48.268512 -21.498816 0.31988189,
  48.306102 -21.491339 0.31988189,48.422244 -21.491339 0.31988189,
  48.459835 -21.498816 0.31988189,48.491702 -21.520109 0.31988189,
  48.512995 -21.551976 0.31988189,48.520472 -21.589567 0.31988189,
  48.520472 -21.71752 0.31988189,48.512995 -21.75511 0.31988189,
  48.491702 -21.786978 0.31988189,48.459835 -21.808271 0.31988189,
  48.422244 -21.815748 0.31988189,48.306102 -21.815748 0.31988189,
  48.268512 -21.808271 0.31988189,48.236644 -21.786978 0.31988189,
  48.215351 -21.75511 0.31988189,48.207874 -21.71752 0.31988189,
  48.207874 -21.589567 0.31988189,49.562205 -24.98622 0.31988189,
  49.562205 -24.738189 0.31988189,49.565206 -24.712319 0.31988189,
  49.581979 -24.674333 0.31988189,49.611341 -24.644971 0.31988189,
  49.649327 -24.628198 0.31988189,49.675197 -24.625197 0.31988189,
  49.820866 -24.625197 0.31988189,49.846736 -24.628198 0.31988189,
  49.884722 -24.644971 0.31988189,49.914084 -24.674333 0.31988189,
  49.930857 -24.712319 0.31988189,49.933858 -24.738189 0.31988189,
  49.933858 -24.80315 0.31988189,49.933858 -24.98622 0.31988189,
  49.930857 -25.01209 0.31988189,49.914084 -25.050076 0.31988189,
  49.884722 -25.079439 0.31988189,49.846736 -25.096211 0.31988189,
  49.820866 -25.099213 0.31988189,49.675197 -25.099213 0.31988189,
  49.649327 -25.096211 0.31988189,49.611341 -25.079439 0.31988189,
  49.581979 -25.050076 0.31988189,49.565206 -25.01209 0.31988189,
  48.759528 -25.367723 0.31988189,48.763296 -25.322259 0.31988189,
  48.781621 -25.280481 0.31988189,48.812519 -25.246918 0.31988189,
  48.85264 -25.225205 0.31988189,48.897638 -25.217696 0.31988189,
  49.488189 -25.217696 0.31988189,49.510999 -25.219586 0.31988189,
  49.554147 -25.234399 0.31988189,49.590148 -25.262419 0.31988189,
  49.615099 -25.300611 0.31988189,49.626298 -25.344835 0.31988189,
  49.622531 -25.390299 0.31988189,49.604206 -25.432076 0.31988189,
  49.573308 -25.46564 0.31988189,49.533187 -25.487353 0.31988189,
  49.488189 -25.494861 0.31988189,48.897638 -25.494861 0.31988189,
  48.874828 -25.492971 0.31988189,48.83168 -25.478159 0.31988189,
  48.795679 -25.450138 0.31988189,48.770728 -25.411947 0.31988189,
  48.759528 -25.867723 0.31988189,48.763296 -25.822259 0.31988189,
  48.781621 -25.780481 0.31988189,48.812519 -25.746918 0.31988189,
  48.85264 -25.725205 0.31988189,48.897638 -25.717696 0.31988189,
  49.488189 -25.717696 0.31988189,49.510999 -25.719586 0.31988189,
  49.554147 -25.734399 0.31988189,49.590148 -25.762419 0.31988189,
  49.615099 -25.800611 0.31988189,49.626298 -25.844835 0.31988189,
  49.622531 -25.890299 0.31988189,49.604206 -25.932076 0.31988189,
  49.573308 -25.96564 0.31988189,49.533187 -25.987353 0.31988189,
  49.488189 -25.994861 0.31988189,48.897638 -25.994861 0.31988189,
  48.874828 -25.992971 0.31988189,48.83168 -25.978159 0.31988189,
  48.795679 -25.950138 0.31988189,48.770728 -25.911947 0.31988189,
  49.16752 -21.482382 0.31988189,49.16752 -21.352264 0.31988189,
  49.174765 -21.315841 0.31988189,49.195396 -21.284963 0.31988189,
  49.226274 -21.264331 0.31988189,49.262697 -21.257087 0.31988189,
  49.372736 -21.257087 0.31988189,49.409159 -21.264331 0.31988189,
  49.440037 -21.284963 0.31988189,49.460669 -21.315841 0.31988189,
  49.467913 -21.352264 0.31988189,49.467913 -21.482382 0.31988189,
  49.460669 -21.518805 0.31988189,49.440037 -21.549682 0.31988189,
  49.409159 -21.570314 0.31988189,49.372736 -21.577559 0.31988189,
  49.262697 -21.577559 0.31988189,49.226274 -21.570314 0.31988189,
  49.195396 -21.549682 0.31988189,49.174765 -21.518805 0.31988189,
  49.139764 -24.625197 0.31988189,49.285433 -24.625197 0.31988189,
  49.311303 -24.628198 0.31988189,49.349289 -24.644971 0.31988189,
  49.378651 -24.674333 0.31988189,49.395424 -24.712319 0.31988189,
  49.398425 -24.738189 0.31988189,49.398425 -24.962205 0.31988189,
  49.398425 -24.98622 0.31988189,49.395424 -25.01209 0.31988189,
  49.378651 -25.050076 0.31988189,49.349289 -25.079439 0.31988189,
  49.311303 -25.096211 0.31988189,49.285433 -25.099213 0.31988189,
  49.139764 -25.099213 0.31988189,49.113894 -25.096211 0.31988189,
  49.075908 -25.079439 0.31988189,49.046546 -25.050076 0.31988189,
  49.029773 -25.01209 0.31988189,49.026772 -24.98622 0.31988189,
  49.026772 -24.738189 0.31988189,49.029773 -24.712319 0.31988189,
  49.046546 -24.674333 0.31988189,49.075908 -24.644971 0.31988189,
  49.113894 -24.628198 0.31988189,50.06458 -24.102061 0.31988189,
  50.049213 -24.105118 0.31988189,49.714567 -24.105118 0.31988189,
  49.699199 -24.102061 0.31988189,49.686171 -24.093356 0.31988189,
  49.677466 -24.080328 0.31988189,49.674409 -24.064961 0.31988189,
  49.674409 -23.690945 0.31988189,49.677466 -23.675577 0.31988189,
  49.686171 -23.662549 0.31988189,49.699199 -23.653844 0.31988189,
  49.714567 -23.650787 0.31988189,50.049213 -23.650787 0.31988189,
  50.06458 -23.653844 0.31988189,50.077608 -23.662549 0.31988189,
  50.086313 -23.675577 0.31988189,50.08937 -23.690945 0.31988189,
  50.08937 -24.064961 0.31988189,50.086313 -24.080328 0.31988189,
  50.077608 -24.093356 0.31988189,50.058465 -24.26565 0.31988189,
  50.058465 -24.395768 0.31988189,50.05122 -24.432191 0.31988189,
  50.030588 -24.463068 0.31988189,49.99971 -24.4837 0.31988189,
  49.963287 -24.490945 0.31988189,49.853248 -24.490945 0.31988189,
  49.816825 -24.4837 0.31988189,49.785948 -24.463068 0.31988189,
  49.765316 -24.432191 0.31988189,49.758071 -24.395768 0.31988189,
  49.758071 -24.26565 0.31988189,49.765316 -24.229227 0.31988189,
  49.785948 -24.198349 0.31988189,49.816825 -24.177717 0.31988189,
  49.853248 -24.170472 0.31988189,49.963287 -24.170472 0.31988189,
  49.99971 -24.177717 0.31988189,50.030588 -24.198349 0.31988189,
  50.05122 -24.229227 0.31988189,49.674409 -23.494094 0.31988189,
  49.674409 -23.120079 0.31988189,49.677466 -23.104711 0.31988189,
  49.686171 -23.091683 0.31988189,49.699199 -23.082978 0.31988189,
  49.714567 -23.079921 0.31988189,50.049213 -23.079921 0.31988189,
  50.06458 -23.082978 0.31988189,50.077608 -23.091683 0.31988189,
  50.086313 -23.104711 0.31988189,50.08937 -23.120079 0.31988189,
  50.08937 -23.494094 0.31988189,50.086313 -23.509462 0.31988189,
  50.077608 -23.52249 0.31988189,50.06458 -23.531195 0.31988189,
  50.049213 -23.534252 0.31988189,49.714567 -23.534252 0.31988189,
  49.699199 -23.531195 0.31988189,49.686171 -23.52249 0.31988189,
  49.677466 -23.509462 0.31988189,50.045472 -22.789272 0.31988189,
  50.045472 -22.91939 0.31988189,50.038228 -22.955813 0.31988189,
  50.017596 -22.98669 0.31988189,49.986718 -23.007322 0.31988189,
  49.950295 -23.014567 0.31988189,49.840256 -23.014567 0.31988189,
  49.803833 -23.007322 0.31988189,49.772956 -22.98669 0.31988189,
  49.752324 -22.955813 0.31988189,49.745079 -22.91939 0.31988189,
  49.745079 -22.789272 0.31988189,49.752324 -22.752849 0.31988189,
  49.772956 -22.721971 0.31988189,49.803833 -22.701339 0.31988189,
  49.840256 -22.694094 0.31988189,49.950295 -22.694094 0.31988189,
  49.986718 -22.701339 0.31988189,50.017596 -22.721971 0.31988189,
  50.038228 -22.752849 0.31988189,46.198031 -21.760925 0.31988189,
  46.198031 -21.650886 0.31988189,46.205276 -21.614463 0.31988189,
  46.225908 -21.583585 0.31988189,46.256786 -21.562954 0.31988189,
  46.293209 -21.555709 0.31988189,46.423327 -21.555709 0.31988189,
  46.45975 -21.562954 0.31988189,46.490627 -21.583585 0.31988189,
  46.511259 -21.614463 0.31988189,46.518504 -21.650886 0.31988189,
  46.518504 -21.760925 0.31988189,46.517173 -21.767618 0.31988189,
  46.511259 -21.797348 0.31988189,46.490627 -21.828226 0.31988189,
  46.45975 -21.848857 0.31988189,46.423327 -21.856102 0.31988189,
  46.293209 -21.856102 0.31988189,46.256786 -21.848857 0.31988189,
  46.225908 -21.828226 0.31988189,46.205276 -21.797348 0.31988189,
  45.923661 -23.481195 0.31988189,45.930906 -23.517618 0.31988189,
  45.930906 -23.647736 0.31988189,45.923661 -23.684159 0.31988189,
  45.903029 -23.715037 0.31988189,45.872151 -23.735669 0.31988189,
  45.835728 -23.742913 0.31988189,45.725689 -23.742913 0.31988189,
  45.689266 -23.735669 0.31988189,45.658389 -23.715037 0.31988189,
  45.637757 -23.684159 0.31988189,45.630512 -23.647736 0.31988189,
  45.630512 -23.517618 0.31988189,45.637757 -23.481195 0.31988189,
  45.658389 -23.450318 0.31988189,45.689266 -23.429686 0.31988189,
  45.725689 -23.422441 0.31988189,45.835728 -23.422441 0.31988189,
  45.872151 -23.429686 0.31988189,45.903029 -23.450318 0.31988189,
  45.91122 -22.749902 0.31988189,45.91122 -22.88002 0.31988189,
  45.903976 -22.916443 0.31988189,45.883344 -22.94732 0.31988189,
  45.852466 -22.967952 0.31988189,45.816043 -22.975197 0.31988189,
  45.706004 -22.975197 0.31988189,45.669581 -22.967952 0.31988189,
  45.638704 -22.94732 0.31988189,45.618072 -22.916443 0.31988189,
  45.610827 -22.88002 0.31988189,45.610827 -22.749902 0.31988189,
  45.618072 -22.713479 0.31988189,45.638704 -22.682601 0.31988189,
  45.669581 -22.661969 0.31988189,45.706004 -22.654724 0.31988189,
  45.816043 -22.654724 0.31988189,45.852466 -22.661969 0.31988189,
  45.883344 -22.682601 0.31988189,45.903976 -22.713479 0.31988189,
  46.516062 -26.344835 0.31988189,46.514166 -26.367723 0.31988189,
  46.512295 -26.390299 0.31988189,46.49397 -26.432076 0.31988189,
  46.463072 -26.46564 0.31988189,46.42295 -26.487353 0.31988189,
  46.377953 -26.494861 0.31988189,45.787402 -26.494861 0.31988189,
  45.764592 -26.492971 0.31988189,45.721444 -26.478159 0.31988189,
  45.685443 -26.450138 0.31988189,45.660491 -26.411947 0.31988189,
  45.649292 -26.367723 0.31988189,45.653059 -26.322259 0.31988189,
  45.671385 -26.280481 0.31988189,45.702282 -26.246918 0.31988189,
  45.742404 -26.225205 0.31988189,45.787402 -26.217696 0.31988189,
  46.377953 -26.217696 0.31988189,46.400763 -26.219586 0.31988189,
  46.443911 -26.234399 0.31988189,46.479911 -26.262419 0.31988189,
  46.504863 -26.300611 0.31988189,46.516062 -26.844835 0.31988189,
  46.514166 -26.867723 0.31988189,46.512295 -26.890299 0.31988189,
  46.49397 -26.932076 0.31988189,46.463072 -26.96564 0.31988189,
  46.42295 -26.987353 0.31988189,46.377953 -26.994861 0.31988189,
  45.787402 -26.994861 0.31988189,45.764592 -26.992971 0.31988189,
  45.721444 -26.978159 0.31988189,45.685443 -26.950138 0.31988189,
  45.660491 -26.911947 0.31988189,45.649292 -26.867723 0.31988189,
  45.653059 -26.822259 0.31988189,45.671385 -26.780481 0.31988189,
  45.702282 -26.746918 0.31988189,45.742404 -26.725205 0.31988189,
  45.787402 -26.717696 0.31988189,46.377953 -26.717696 0.31988189,
  46.400763 -26.719586 0.31988189,46.443911 -26.734399 0.31988189,
  46.479911 -26.762419 0.31988189,46.504863 -26.800611 0.31988189,
  46.729487 -24.544139 0.31988189,46.755287 -24.526899 0.31988189,
  46.785721 -24.520846 0.31988189,46.816155 -24.526899 0.31988189,
  46.841956 -24.544139 0.31988189,46.859195 -24.569939 0.31988189,
  46.864461 -24.596415 0.31988189,46.869728 -24.569939 0.31988189,
  46.886967 -24.544139 0.31988189,46.912768 -24.526899 0.31988189,
  46.943202 -24.520846 0.31988189,46.973635 -24.526899 0.31988189,
  46.999436 -24.544139 0.31988189,47.016676 -24.569939 0.31988189,
  47.021942 -24.596415 0.31988189,47.027208 -24.569939 0.31988189,
  47.044447 -24.544139 0.31988189,47.070248 -24.526899 0.31988189,
  47.100682 -24.520846 0.31988189,47.131116 -24.526899 0.31988189,
  47.156917 -24.544139 0.31988189,47.174156 -24.569939 0.31988189,
  47.179422 -24.596415 0.31988189,47.184688 -24.569939 0.31988189,
  47.201928 -24.544139 0.31988189,47.227728 -24.526899 0.31988189,
  47.258162 -24.520846 0.31988189,47.288596 -24.526899 0.31988189,
  47.314397 -24.544139 0.31988189,47.331636 -24.569939 0.31988189,
  47.336902 -24.596415 0.31988189,47.342169 -24.569939 0.31988189,
  47.359408 -24.544139 0.31988189,47.385209 -24.526899 0.31988189,
  47.415643 -24.520846 0.31988189,47.446076 -24.526899 0.31988189,
  47.471877 -24.544139 0.31988189,47.489117 -24.569939 0.31988189,
  47.494383 -24.596415 0.31988189,47.499649 -24.569939 0.31988189,
  47.516888 -24.544139 0.31988189,47.542689 -24.526899 0.31988189,
  47.573123 -24.520846 0.31988189,47.603557 -24.526899 0.31988189,
  47.629357 -24.544139 0.31988189,47.646597 -24.569939 0.31988189,
  47.651863 -24.596415 0.31988189,47.657129 -24.569939 0.31988189,
  47.674369 -24.544139 0.31988189,47.700169 -24.526899 0.31988189,
  47.730603 -24.520846 0.31988189,47.761037 -24.526899 0.31988189,
  47.786838 -24.544139 0.31988189,47.804077 -24.569939 0.31988189,
  47.809343 -24.596415 0.31988189,47.814609 -24.569939 0.31988189,
  47.831849 -24.544139 0.31988189,47.85765 -24.526899 0.31988189,
  47.888083 -24.520846 0.31988189,47.918517 -24.526899 0.31988189,
  47.944318 -24.544139 0.31988189,47.961557 -24.569939 0.31988189,
  47.966824 -24.596415 0.31988189,47.97209 -24.569939 0.31988189,
  47.989329 -24.544139 0.31988189,48.01513 -24.526899 0.31988189,
  48.045564 -24.520846 0.31988189,48.075998 -24.526899 0.31988189,
  48.101798 -24.544139 0.31988189,48.119038 -24.569939 0.31988189,
  48.124304 -24.596415 0.31988189,48.12957 -24.569939 0.31988189,
  48.146809 -24.544139 0.31988189,48.17261 -24.526899 0.31988189,
  48.203044 -24.520846 0.31988189,48.233478 -24.526899 0.31988189,
  48.259279 -24.544139 0.31988189,48.276518 -24.569939 0.31988189,
  48.281784 -24.596415 0.31988189,48.28705 -24.569939 0.31988189,
  48.30429 -24.544139 0.31988189,48.330091 -24.526899 0.31988189,
  48.360524 -24.520846 0.31988189,48.390958 -24.526899 0.31988189,
  48.416759 -24.544139 0.31988189,48.433998 -24.569939 0.31988189,
  48.439265 -24.596415 0.31988189,48.444531 -24.569939 0.31988189,
  48.46177 -24.544139 0.31988189,48.487571 -24.526899 0.31988189,
  48.518005 -24.520846 0.31988189,48.548439 -24.526899 0.31988189,
  48.574239 -24.544139 0.31988189,48.591479 -24.569939 0.31988189,
  48.597532 -24.600373 0.31988189,48.597532 -24.856279 0.31988189,
  48.591479 -24.886713 0.31988189,48.574239 -24.912513 0.31988189,
  48.548439 -24.929753 0.31988189,48.518005 -24.935806 0.31988189,
  48.487571 -24.929753 0.31988189,48.46177 -24.912513 0.31988189,
  48.444531 -24.886713 0.31988189,48.439265 -24.860237 0.31988189,
  48.433998 -24.886713 0.31988189,48.416759 -24.912513 0.31988189,
  48.390958 -24.929753 0.31988189,48.360524 -24.935806 0.31988189,
  48.330091 -24.929753 0.31988189,48.30429 -24.912513 0.31988189,
  48.28705 -24.886713 0.31988189,48.281784 -24.860237 0.31988189,
  48.276518 -24.886713 0.31988189,48.259279 -24.912513 0.31988189,
  48.233478 -24.929753 0.31988189,48.203044 -24.935806 0.31988189,
  48.17261 -24.929753 0.31988189,48.146809 -24.912513 0.31988189,
  48.12957 -24.886713 0.31988189,48.124304 -24.860237 0.31988189,
  48.119038 -24.886713 0.31988189,48.101798 -24.912513 0.31988189,
  48.075998 -24.929753 0.31988189,48.045564 -24.935806 0.31988189,
  48.01513 -24.929753 0.31988189,47.989329 -24.912513 0.31988189,
  47.97209 -24.886713 0.31988189,47.966824 -24.860237 0.31988189,
  47.961557 -24.886713 0.31988189,47.944318 -24.912513 0.31988189,
  47.918517 -24.929753 0.31988189,47.888083 -24.935806 0.31988189,
  47.85765 -24.929753 0.31988189,47.831849 -24.912513 0.31988189,
  47.814609 -24.886713 0.31988189,47.809343 -24.860237 0.31988189,
  47.804077 -24.886713 0.31988189,47.786838 -24.912513 0.31988189,
  47.761037 -24.929753 0.31988189,47.730603 -24.935806 0.31988189,
  47.700169 -24.929753 0.31988189,47.674369 -24.912513 0.31988189,
  47.657129 -24.886713 0.31988189,47.651863 -24.860237 0.31988189,
  47.646597 -24.886713 0.31988189,47.629357 -24.912513 0.31988189,
  47.603557 -24.929753 0.31988189,47.573123 -24.935806 0.31988189,
  47.542689 -24.929753 0.31988189,47.516888 -24.912513 0.31988189,
  47.499649 -24.886713 0.31988189,47.494383 -24.860237 0.31988189,
  47.489117 -24.886713 0.31988189,47.471877 -24.912513 0.31988189,
  47.446076 -24.929753 0.31988189,47.415643 -24.935806 0.31988189,
  47.385209 -24.929753 0.31988189,47.359408 -24.912513 0.31988189,
  47.342169 -24.886713 0.31988189,47.336902 -24.860237 0.31988189,
  47.331636 -24.886713 0.31988189,47.314397 -24.912513 0.31988189,
  47.288596 -24.929753 0.31988189,47.258162 -24.935806 0.31988189,
  47.227728 -24.929753 0.31988189,47.201928 -24.912513 0.31988189,
  47.184688 -24.886713 0.31988189,47.179422 -24.860237 0.31988189,
  47.174156 -24.886713 0.31988189,47.156917 -24.912513 0.31988189,
  47.131116 -24.929753 0.31988189,47.100682 -24.935806 0.31988189,
  47.070248 -24.929753 0.31988189,47.044447 -24.912513 0.31988189,
  47.027208 -24.886713 0.31988189,47.021942 -24.860237 0.31988189,
  47.016676 -24.886713 0.31988189,46.999436 -24.912513 0.31988189,
  46.973635 -24.929753 0.31988189,46.943202 -24.935806 0.31988189,
  46.912768 -24.929753 0.31988189,46.886967 -24.912513 0.31988189,
  46.869728 -24.886713 0.31988189,46.864461 -24.860237 0.31988189,
  46.859195 -24.886713 0.31988189,46.841956 -24.912513 0.31988189,
  46.816155 -24.929753 0.31988189,46.785721 -24.935806 0.31988189,
  46.755287 -24.929753 0.31988189,46.729487 -24.912513 0.31988189,
  46.712247 -24.886713 0.31988189,46.706194 -24.856279 0.31988189,
  46.706194 -24.600373 0.31988189,46.712247 -24.569939 0.31988189,
  46.706194 -22.572814 0.31988189,46.706194 -22.316909 0.31988189,
  46.712247 -22.286475 0.31988189,46.729487 -22.260674 0.31988189,
  46.755287 -22.243435 0.31988189,46.785721 -22.237381 0.31988189,
  46.816155 -22.243435 0.31988189,46.841956 -22.260674 0.31988189,
  46.859195 -22.286475 0.31988189,46.864461 -22.31295 0.31988189,
  46.869728 -22.286475 0.31988189,46.886967 -22.260674 0.31988189,
  46.912768 -22.243435 0.31988189,46.943202 -22.237381 0.31988189,
  46.973635 -22.243435 0.31988189,46.999436 -22.260674 0.31988189,
  47.016676 -22.286475 0.31988189,47.021942 -22.31295 0.31988189,
  47.027208 -22.286475 0.31988189,47.044447 -22.260674 0.31988189,
  47.070248 -22.243435 0.31988189,47.100682 -22.237381 0.31988189,
  47.131116 -22.243435 0.31988189,47.156917 -22.260674 0.31988189,
  47.174156 -22.286475 0.31988189,47.179422 -22.31295 0.31988189,
  47.184688 -22.286475 0.31988189,47.201928 -22.260674 0.31988189,
  47.227728 -22.243435 0.31988189,47.258162 -22.237381 0.31988189,
  47.288596 -22.243435 0.31988189,47.314397 -22.260674 0.31988189,
  47.331636 -22.286475 0.31988189,47.336902 -22.31295 0.31988189,
  47.342169 -22.286475 0.31988189,47.359408 -22.260674 0.31988189,
  47.385209 -22.243435 0.31988189,47.415643 -22.237381 0.31988189,
  47.446076 -22.243435 0.31988189,47.471877 -22.260674 0.31988189,
  47.489117 -22.286475 0.31988189,47.494383 -22.31295 0.31988189,
  47.499649 -22.286475 0.31988189,47.516888 -22.260674 0.31988189,
  47.542689 -22.243435 0.31988189,47.573123 -22.237381 0.31988189,
  47.603557 -22.243435 0.31988189,47.629357 -22.260674 0.31988189,
  47.646597 -22.286475 0.31988189,47.651863 -22.31295 0.31988189,
  47.657129 -22.286475 0.31988189,47.674369 -22.260674 0.31988189,
  47.700169 -22.243435 0.31988189,47.730603 -22.237381 0.31988189,
  47.761037 -22.243435 0.31988189,47.786838 -22.260674 0.31988189,
  47.804077 -22.286475 0.31988189,47.809343 -22.31295 0.31988189,
  47.814609 -22.286475 0.31988189,47.831849 -22.260674 0.31988189,
  47.85765 -22.243435 0.31988189,47.888083 -22.237381 0.31988189,
  47.918517 -22.243435 0.31988189,47.944318 -22.260674 0.31988189,
  47.961557 -22.286475 0.31988189,47.966824 -22.31295 0.31988189,
  47.97209 -22.286475 0.31988189,47.989329 -22.260674 0.31988189,
  48.01513 -22.243435 0.31988189,48.045564 -22.237381 0.31988189,
  48.075998 -22.243435 0.31988189,48.101798 -22.260674 0.31988189,
  48.119038 -22.286475 0.31988189,48.124304 -22.31295 0.31988189,
  48.12957 -22.286475 0.31988189,48.146809 -22.260674 0.31988189,
  48.17261 -22.243435 0.31988189,48.203044 -22.237381 0.31988189,
  48.233478 -22.243435 0.31988189,48.259279 -22.260674 0.31988189,
  48.276518 -22.286475 0.31988189,48.281784 -22.31295 0.31988189,
  48.28705 -22.286475 0.31988189,48.30429 -22.260674 0.31988189,
  48.330091 -22.243435 0.31988189,48.360524 -22.237381 0.31988189,
  48.390958 -22.243435 0.31988189,48.416759 -22.260674 0.31988189,
  48.433998 -22.286475 0.31988189,48.439265 -22.31295 0.31988189,
  48.444531 -22.286475 0.31988189,48.46177 -22.260674 0.31988189,
  48.487571 -22.243435 0.31988189,48.518005 -22.237381 0.31988189,
  48.548439 -22.243435 0.31988189,48.574239 -22.260674 0.31988189,
  48.591479 -22.286475 0.31988189,48.597532 -22.316909 0.31988189,
  48.597532 -22.528642 0.31988189,48.597532 -22.572814 0.31988189,
  48.591479 -22.603248 0.31988189,48.574239 -22.629049 0.31988189,
  48.548439 -22.646288 0.31988189,48.518005 -22.652342 0.31988189,
  48.487571 -22.646288 0.31988189,48.46177 -22.629049 0.31988189,
  48.444531 -22.603248 0.31988189,48.439265 -22.576772 0.31988189,
  48.433998 -22.603248 0.31988189,48.416759 -22.629049 0.31988189,
  48.390958 -22.646288 0.31988189,48.360524 -22.652342 0.31988189,
  48.330091 -22.646288 0.31988189,48.30429 -22.629049 0.31988189,
  48.28705 -22.603248 0.31988189,48.281784 -22.576772 0.31988189,
  48.276518 -22.603248 0.31988189,48.259279 -22.629049 0.31988189,
  48.233478 -22.646288 0.31988189,48.203044 -22.652342 0.31988189,
  48.17261 -22.646288 0.31988189,48.146809 -22.629049 0.31988189,
  48.12957 -22.603248 0.31988189,48.124304 -22.576772 0.31988189,
  48.119038 -22.603248 0.31988189,48.101798 -22.629049 0.31988189,
  48.075998 -22.646288 0.31988189,48.045564 -22.652342 0.31988189,
  48.01513 -22.646288 0.31988189,47.989329 -22.629049 0.31988189,
  47.97209 -22.603248 0.31988189,47.966824 -22.576772 0.31988189,
  47.961557 -22.603248 0.31988189,47.944318 -22.629049 0.31988189,
  47.918517 -22.646288 0.31988189,47.888083 -22.652342 0.31988189,
  47.85765 -22.646288 0.31988189,47.831849 -22.629049 0.31988189,
  47.814609 -22.603248 0.31988189,47.809343 -22.576772 0.31988189,
  47.804077 -22.603248 0.31988189,47.786838 -22.629049 0.31988189,
  47.761037 -22.646288 0.31988189,47.730603 -22.652342 0.31988189,
  47.700169 -22.646288 0.31988189,47.674369 -22.629049 0.31988189,
  47.657129 -22.603248 0.31988189,47.651863 -22.576772 0.31988189,
  47.646597 -22.603248 0.31988189,47.629357 -22.629049 0.31988189,
  47.603557 -22.646288 0.31988189,47.573123 -22.652342 0.31988189,
  47.542689 -22.646288 0.31988189,47.516888 -22.629049 0.31988189,
  47.499649 -22.603248 0.31988189,47.494383 -22.576772 0.31988189,
  47.489117 -22.603248 0.31988189,47.471877 -22.629049 0.31988189,
  47.446076 -22.646288 0.31988189,47.415643 -22.652342 0.31988189,
  47.385209 -22.646288 0.31988189,47.359408 -22.629049 0.31988189,
  47.342169 -22.603248 0.31988189,47.336902 -22.576772 0.31988189,
  47.331636 -22.603248 0.31988189,47.314397 -22.629049 0.31988189,
  47.288596 -22.646288 0.31988189,47.258162 -22.652342 0.31988189,
  47.227728 -22.646288 0.31988189,47.201928 -22.629049 0.31988189,
  47.184688 -22.603248 0.31988189,47.179422 -22.576772 0.31988189,
  47.174156 -22.603248 0.31988189,47.156917 -22.629049 0.31988189,
  47.131116 -22.646288 0.31988189,47.100682 -22.652342 0.31988189,
  47.070248 -22.646288 0.31988189,47.044447 -22.629049 0.31988189,
  47.027208 -22.603248 0.31988189,47.021942 -22.576772 0.31988189,
  47.016676 -22.603248 0.31988189,46.999436 -22.629049 0.31988189,
  46.973635 -22.646288 0.31988189,46.943202 -22.652342 0.31988189,
  46.912768 -22.646288 0.31988189,46.886967 -22.629049 0.31988189,
  46.869728 -22.603248 0.31988189,46.864461 -22.576772 0.31988189,
  46.859195 -22.603248 0.31988189,46.841956 -22.629049 0.31988189,
  46.816155 -22.646288 0.31988189,46.785721 -22.652342 0.31988189,
  46.755287 -22.646288 0.31988189,46.729487 -22.629049 0.31988189,
  46.712247 -22.603248 0.31988189,46.694318 -22.664217 0.31988189,
  46.711557 -22.690018 0.31988189,46.717611 -22.720452 0.31988189,
  46.711557 -22.750886 0.31988189,46.694318 -22.776687 0.31988189,
  46.668517 -22.793926 0.31988189,46.642042 -22.799192 0.31988189,
  46.668517 -22.804458 0.31988189,46.694318 -22.821698 0.31988189,
  46.711557 -22.847498 0.31988189,46.717611 -22.877932 0.31988189,
  46.711557 -22.908366 0.31988189,46.694318 -22.934167 0.31988189,
  46.668517 -22.951406 0.31988189,46.642042 -22.956672 0.31988189,
  46.668517 -22.961939 0.31988189,46.694318 -22.979178 0.31988189,
  46.711557 -23.004979 0.31988189,46.717611 -23.035413 0.31988189,
  46.711557 -23.065846 0.31988189,46.694318 -23.091647 0.31988189,
  46.668517 -23.108887 0.31988189,46.642042 -23.114153 0.31988189,
  46.668517 -23.119419 0.31988189,46.694318 -23.136658 0.31988189,
  46.711557 -23.162459 0.31988189,46.717611 -23.192893 0.31988189,
  46.711557 -23.223327 0.31988189,46.694318 -23.249128 0.31988189,
  46.668517 -23.266367 0.31988189,46.642042 -23.271633 0.31988189,
  46.668517 -23.276899 0.31988189,46.694318 -23.294139 0.31988189,
  46.711557 -23.319939 0.31988189,46.717611 -23.350373 0.31988189,
  46.711557 -23.380807 0.31988189,46.694318 -23.406608 0.31988189,
  46.668517 -23.423847 0.31988189,46.642042 -23.429113 0.31988189,
  46.668517 -23.43438 0.31988189,46.694318 -23.451619 0.31988189,
  46.711557 -23.47742 0.31988189,46.717611 -23.507854 0.31988189,
  46.711557 -23.538287 0.31988189,46.694318 -23.564088 0.31988189,
  46.668517 -23.581328 0.31988189,46.642042 -23.586594 0.31988189,
  46.668517 -23.59186 0.31988189,46.694318 -23.609099 0.31988189,
  46.711557 -23.6349 0.31988189,46.717611 -23.665334 0.31988189,
  46.711557 -23.695768 0.31988189,46.694318 -23.721569 0.31988189,
  46.668517 -23.738808 0.31988189,46.642042 -23.744074 0.31988189,
  46.668517 -23.74934 0.31988189,46.694318 -23.76658 0.31988189,
  46.711557 -23.79238 0.31988189,46.717611 -23.822814 0.31988189,
  46.711557 -23.853248 0.31988189,46.694318 -23.879049 0.31988189,
  46.668517 -23.896288 0.31988189,46.642042 -23.901554 0.31988189,
  46.668517 -23.90682 0.31988189,46.694318 -23.92406 0.31988189,
  46.711557 -23.949861 0.31988189,46.717611 -23.980294 0.31988189,
  46.711557 -24.010728 0.31988189,46.694318 -24.036529 0.31988189,
  46.668517 -24.053769 0.31988189,46.642042 -24.059035 0.31988189,
  46.668517 -24.064301 0.31988189,46.694318 -24.08154 0.31988189,
  46.711557 -24.107341 0.31988189,46.717611 -24.137775 0.31988189,
  46.711557 -24.168209 0.31988189,46.694318 -24.194009 0.31988189,
  46.668517 -24.211249 0.31988189,46.642042 -24.216515 0.31988189,
  46.668517 -24.221781 0.31988189,46.694318 -24.23902 0.31988189,
  46.711557 -24.264821 0.31988189,46.717611 -24.295255 0.31988189,
  46.711557 -24.325689 0.31988189,46.694318 -24.35149 0.31988189,
  46.668517 -24.368729 0.31988189,46.642042 -24.373995 0.31988189,
  46.668517 -24.379261 0.31988189,46.694318 -24.396501 0.31988189,
  46.711557 -24.422302 0.31988189,46.713696 -24.43305 0.31988189,
  46.717611 -24.452735 0.31988189,46.711557 -24.483169 0.31988189,
  46.694318 -24.50897 0.31988189,46.668517 -24.526209 0.31988189,
  46.638083 -24.532263 0.31988189,46.382178 -24.532263 0.31988189,
  46.351744 -24.526209 0.31988189,46.325943 -24.50897 0.31988189,
  46.308704 -24.483169 0.31988189,46.30265 -24.452735 0.31988189,
  46.308704 -24.422302 0.31988189,46.325943 -24.396501 0.31988189,
  46.351744 -24.379261 0.31988189,46.378219 -24.373995 0.31988189,
  46.351744 -24.368729 0.31988189,46.325943 -24.35149 0.31988189,
  46.308704 -24.325689 0.31988189,46.30265 -24.295255 0.31988189,
  46.308704 -24.264821 0.31988189,46.325943 -24.23902 0.31988189,
  46.351744 -24.221781 0.31988189,46.378219 -24.216515 0.31988189,
  46.351744 -24.211249 0.31988189,46.325943 -24.194009 0.31988189,
  46.308704 -24.168209 0.31988189,46.30265 -24.137775 0.31988189,
  46.308704 -24.107341 0.31988189,46.325943 -24.08154 0.31988189,
  46.351744 -24.064301 0.31988189,46.378219 -24.059035 0.31988189,
  46.351744 -24.053769 0.31988189,46.325943 -24.036529 0.31988189,
  46.308704 -24.010728 0.31988189,46.30265 -23.980294 0.31988189,
  46.308704 -23.949861 0.31988189,46.325943 -23.92406 0.31988189,
  46.351744 -23.90682 0.31988189,46.378219 -23.901554 0.31988189,
  46.351744 -23.896288 0.31988189,46.325943 -23.879049 0.31988189,
  46.308704 -23.853248 0.31988189,46.30265 -23.822814 0.31988189,
  46.308704 -23.79238 0.31988189,46.325943 -23.76658 0.31988189,
  46.351744 -23.74934 0.31988189,46.378219 -23.744074 0.31988189,
  46.351744 -23.738808 0.31988189,46.325943 -23.721569 0.31988189,
  46.308704 -23.695768 0.31988189,46.30265 -23.665334 0.31988189,
  46.308704 -23.6349 0.31988189,46.325943 -23.609099 0.31988189,
  46.351744 -23.59186 0.31988189,46.378219 -23.586594 0.31988189,
  46.351744 -23.581328 0.31988189,46.325943 -23.564088 0.31988189,
  46.308704 -23.538287 0.31988189,46.30265 -23.507854 0.31988189,
  46.308704 -23.47742 0.31988189,46.325943 -23.451619 0.31988189,
  46.351744 -23.43438 0.31988189,46.378219 -23.429113 0.31988189,
  46.351744 -23.423847 0.31988189,46.325943 -23.406608 0.31988189,
  46.308704 -23.380807 0.31988189,46.30265 -23.350373 0.31988189,
  46.308704 -23.319939 0.31988189,46.325943 -23.294139 0.31988189,
  46.351744 -23.276899 0.31988189,46.378219 -23.271633 0.31988189,
  46.351744 -23.266367 0.31988189,46.325943 -23.249128 0.31988189,
  46.308704 -23.223327 0.31988189,46.30265 -23.192893 0.31988189,
  46.308704 -23.162459 0.31988189,46.325943 -23.136658 0.31988189,
  46.351744 -23.119419 0.31988189,46.378219 -23.114153 0.31988189,
  46.351744 -23.108887 0.31988189,46.325943 -23.091647 0.31988189,
  46.308704 -23.065846 0.31988189,46.30265 -23.035413 0.31988189,
  46.308704 -23.004979 0.31988189,46.325943 -22.979178 0.31988189,
  46.351744 -22.961939 0.31988189,46.378219 -22.956672 0.31988189,
  46.351744 -22.951406 0.31988189,46.325943 -22.934167 0.31988189,
  46.308704 -22.908366 0.31988189,46.30265 -22.877932 0.31988189,
  46.308704 -22.847498 0.31988189,46.325943 -22.821698 0.31988189,
  46.351744 -22.804458 0.31988189,46.378219 -22.799192 0.31988189,
  46.351744 -22.793926 0.31988189,46.325943 -22.776687 0.31988189,
  46.308704 -22.750886 0.31988189,46.30265 -22.720452 0.31988189,
  46.308704 -22.690018 0.31988189,46.325943 -22.664217 0.31988189,
  46.351744 -22.646978 0.31988189,46.382178 -22.640924 0.31988189,
  46.638083 -22.640924 0.31988189,46.668517 -22.646978 0.31988189] }
 coordIndex [
  1,2,3,-1,1,3,0,-1,5,6,7,-1,5,7,4,-1,9,10,11,-1,9,11,8,-1,292,293,729,-1,292,729,330,-1,
  292,330,261,-1,292,261,262,-1,292,262,322,-1,322,262,321,-1,321,262,263,-1,321,263,320,-1,320,263,264,-1,320,264,319,-1,
  319,264,265,-1,319,265,318,-1,318,265,266,-1,318,266,317,-1,317,266,267,-1,317,267,316,-1,316,267,268,-1,316,268,315,-1,
  315,268,269,-1,315,269,314,-1,314,269,270,-1,314,270,313,-1,313,270,271,-1,313,271,312,-1,312,271,272,-1,312,272,311,-1,
  311,272,273,-1,311,273,310,-1,310,273,274,-1,310,274,309,-1,309,274,275,-1,309,275,308,-1,308,275,276,-1,308,276,307,-1,
  307,276,27,-1,307,27,733,-1,733,27,28,-1,733,28,29,-1,330,331,261,-1,261,331,229,-1,261,229,291,-1,291,229,230,-1,
  291,230,290,-1,290,230,231,-1,290,231,289,-1,289,231,232,-1,289,232,288,-1,288,232,233,-1,288,233,287,-1,287,233,234,-1,
  287,234,235,-1,27,276,245,-1,245,276,277,-1,245,277,244,-1,244,277,278,-1,244,278,243,-1,243,278,279,-1,243,279,242,-1,
  242,279,280,-1,242,280,241,-1,241,280,281,-1,241,281,240,-1,240,281,282,-1,240,282,239,-1,239,282,283,-1,239,283,238,-1,
  238,283,284,-1,238,284,237,-1,237,284,285,-1,237,285,236,-1,236,285,286,-1,236,286,235,-1,235,286,287,-1,197,198,229,-1,
  229,198,199,-1,229,199,260,-1,260,199,200,-1,260,200,259,-1,259,200,201,-1,259,201,202,-1,27,245,214,-1,214,245,246,-1,
  214,246,213,-1,213,246,247,-1,213,247,212,-1,212,247,248,-1,212,248,211,-1,211,248,249,-1,211,249,210,-1,210,249,250,-1,
  210,250,209,-1,209,250,251,-1,209,251,208,-1,208,251,252,-1,208,252,207,-1,207,252,253,-1,207,253,206,-1,206,253,254,-1,
  206,254,205,-1,205,254,255,-1,205,255,204,-1,204,255,256,-1,204,256,203,-1,203,256,257,-1,203,257,202,-1,202,257,258,-1,
  202,258,259,-1,27,214,182,-1,182,214,215,-1,182,215,181,-1,181,215,216,-1,181,216,180,-1,180,216,217,-1,180,217,179,-1,
  179,217,218,-1,179,218,178,-1,178,218,219,-1,178,219,177,-1,177,219,220,-1,177,220,176,-1,176,220,221,-1,176,221,175,-1,
  175,221,222,-1,175,222,174,-1,174,222,223,-1,174,223,173,-1,173,223,224,-1,173,224,172,-1,172,224,225,-1,172,225,171,-1,
  171,225,226,-1,171,226,170,-1,170,226,227,-1,170,227,169,-1,169,227,228,-1,169,228,168,-1,168,228,197,-1,168,197,167,-1,
  167,197,332,-1,167,332,137,-1,137,332,105,-1,137,105,106,-1,27,182,152,-1,152,182,183,-1,152,183,151,-1,151,183,184,-1,
  151,184,150,-1,150,184,185,-1,150,185,149,-1,149,185,186,-1,149,186,148,-1,148,186,187,-1,148,187,147,-1,147,187,188,-1,
  147,188,146,-1,146,188,189,-1,146,189,145,-1,145,189,190,-1,145,190,144,-1,144,190,191,-1,144,191,143,-1,143,191,192,-1,
  143,192,142,-1,142,192,193,-1,142,193,141,-1,141,193,194,-1,141,194,140,-1,140,194,195,-1,140,195,139,-1,139,195,196,-1,
  139,196,138,-1,138,196,167,-1,138,167,137,-1,166,137,106,-1,166,106,107,-1,166,107,108,-1,166,108,165,-1,27,152,121,-1,
  121,152,153,-1,121,153,120,-1,120,153,154,-1,120,154,119,-1,119,154,155,-1,119,155,118,-1,118,155,156,-1,118,156,117,-1,
  117,156,157,-1,117,157,116,-1,116,157,158,-1,116,158,115,-1,115,158,159,-1,115,159,114,-1,114,159,160,-1,114,160,113,-1,
  113,160,161,-1,113,161,112,-1,112,161,162,-1,112,162,111,-1,111,162,163,-1,111,163,110,-1,110,163,164,-1,110,164,109,-1,
  109,164,165,-1,109,165,108,-1,73,74,105,-1,73,105,332,-1,73,332,333,-1,73,333,42,-1,73,42,43,-1,73,43,44,-1,
  73,44,104,-1,136,105,74,-1,136,74,75,-1,136,75,76,-1,136,76,135,-1,131,132,79,-1,79,132,133,-1,79,133,78,-1,
  78,133,134,-1,78,134,77,-1,77,134,135,-1,77,135,76,-1,27,121,89,-1,89,121,122,-1,89,122,88,-1,88,122,123,-1,
  88,123,87,-1,87,123,124,-1,87,124,86,-1,86,124,125,-1,86,125,85,-1,85,125,126,-1,85,126,84,-1,84,126,127,-1,
  84,127,83,-1,83,127,128,-1,83,128,82,-1,82,128,129,-1,82,129,81,-1,81,129,130,-1,81,130,80,-1,80,130,131,-1,
  80,131,79,-1,100,101,47,-1,47,101,102,-1,47,102,46,-1,46,102,103,-1,46,103,45,-1,45,103,104,-1,45,104,44,-1,
  27,89,58,-1,58,89,90,-1,58,90,57,-1,57,90,91,-1,57,91,56,-1,56,91,92,-1,56,92,55,-1,55,92,93,-1,
  55,93,54,-1,54,93,94,-1,54,94,53,-1,53,94,95,-1,53,95,52,-1,52,95,96,-1,52,96,51,-1,51,96,97,-1,
  51,97,50,-1,50,97,98,-1,50,98,49,-1,49,98,99,-1,49,99,48,-1,48,99,100,-1,48,100,47,-1,27,59,26,-1,
  26,59,60,-1,26,60,25,-1,25,60,61,-1,25,61,24,-1,24,61,62,-1,24,62,23,-1,23,62,63,-1,23,63,22,-1,
  22,63,64,-1,22,64,21,-1,21,64,65,-1,21,65,20,-1,20,65,66,-1,20,66,19,-1,19,66,67,-1,19,67,18,-1,
  18,67,68,-1,18,68,17,-1,17,68,69,-1,17,69,16,-1,16,69,70,-1,16,70,15,-1,15,70,71,-1,15,71,14,-1,
  14,71,72,-1,14,72,13,-1,13,72,42,-1,13,42,12,-1,12,42,333,-1,12,333,334,-1,358,359,385,-1,358,385,386,-1,
  358,386,387,-1,358,387,388,-1,358,388,389,-1,358,389,390,-1,358,390,1873,-1,358,1873,357,-1,385,359,360,-1,385,360,361,-1,
  385,361,362,-1,385,362,343,-1,385,343,384,-1,344,345,381,-1,381,345,346,-1,381,346,380,-1,380,346,347,-1,380,347,379,-1,
  379,347,348,-1,379,348,378,-1,378,348,349,-1,378,349,377,-1,377,349,350,-1,377,350,376,-1,376,350,351,-1,376,351,375,-1,
  375,351,352,-1,375,352,374,-1,374,352,373,-1,384,343,344,-1,384,344,382,-1,384,382,363,-1,384,363,383,-1,1414,1487,1413,-1,
  1413,1487,1488,-1,1413,1488,1412,-1,1412,1488,1489,-1,1412,1489,1411,-1,1411,1489,2123,-1,1411,2123,1410,-1,1410,2123,1545,-1,1410,1545,731,-1,
  731,1545,1546,-1,731,1546,1547,-1,1484,1485,1416,-1,1416,1485,1486,-1,1416,1486,1415,-1,1415,1486,1487,-1,1415,1487,1414,-1,1417,1418,413,-1,
  1417,413,414,-1,1417,414,415,-1,1417,415,404,-1,1417,404,1483,-1,1417,1483,1484,-1,1417,1484,1416,-1,2098,1476,1424,-1,1424,1476,1477,-1,
  1424,1477,1423,-1,1423,1477,1478,-1,1423,1478,1422,-1,1422,1478,1479,-1,1422,1479,1421,-1,1421,1479,1480,-1,1421,1480,1420,-1,1420,1480,1481,-1,
  1420,1481,1419,-1,1419,1481,1482,-1,1419,1482,1418,-1,1418,1482,410,-1,1418,410,411,-1,412,413,1418,-1,412,1418,411,-1,2123,1489,1490,-1,
  2123,1490,1491,-1,2123,1491,1492,-1,2123,1492,2122,-1,2119,2120,1494,-1,1494,2120,2121,-1,1494,2121,1493,-1,1493,2121,2122,-1,1493,2122,1492,-1,
  2115,2116,1496,-1,1496,2116,2117,-1,1496,2117,1495,-1,1495,2117,2118,-1,1495,2118,1494,-1,1494,2118,2119,-1,1496,1497,2105,-1,1496,2105,2106,-1,
  1496,2106,2107,-1,1496,2107,2108,-1,1496,2108,2109,-1,1496,2109,2110,-1,1496,2110,2112,-1,1496,2112,2113,-1,1496,2113,2114,-1,1496,2114,2115,-1,
  1497,1498,2102,-1,1497,2102,2103,-1,1497,2103,2104,-1,1497,2104,2105,-1,2102,1498,2101,-1,2101,1498,1499,-1,2101,1499,2100,-1,2100,1499,1500,-1,
  2100,1500,2099,-1,2099,1500,1501,-1,2099,1501,1476,-1,1483,404,405,-1,1483,405,406,-1,1483,406,407,-1,1483,407,408,-1,1483,408,1482,-1,
  409,410,1482,-1,409,1482,408,-1,483,484,463,-1,483,463,897,-1,483,897,866,-1,483,866,867,-1,483,867,868,-1,483,868,869,-1,
  483,869,482,-1,870,851,480,-1,870,480,481,-1,870,481,482,-1,870,482,869,-1,508,509,713,-1,713,509,510,-1,713,510,431,-1,
  431,510,511,-1,431,511,430,-1,430,511,512,-1,430,512,429,-1,429,512,513,-1,429,513,428,-1,428,513,514,-1,428,514,427,-1,
  427,514,515,-1,427,515,426,-1,426,515,516,-1,426,516,425,-1,425,516,517,-1,425,517,424,-1,424,517,518,-1,424,518,423,-1,
  423,518,498,-1,423,498,422,-1,422,498,499,-1,422,499,421,-1,421,499,478,-1,421,478,851,-1,851,478,479,-1,851,479,480,-1,
  462,484,461,-1,461,484,485,-1,461,485,460,-1,460,485,486,-1,460,486,459,-1,459,486,487,-1,459,487,488,-1,896,464,895,-1,
  895,464,465,-1,895,465,894,-1,894,465,466,-1,894,466,467,-1,897,463,464,-1,897,464,896,-1,863,864,898,-1,898,864,865,-1,
  898,865,897,-1,897,865,866,-1,862,863,898,-1,862,898,899,-1,862,899,900,-1,862,900,861,-1,903,859,902,-1,902,859,860,-1,
  902,860,901,-1,901,860,861,-1,901,861,900,-1,889,944,888,-1,888,944,945,-1,888,945,887,-1,887,945,946,-1,887,946,886,-1,
  886,946,947,-1,886,947,885,-1,885,947,948,-1,885,948,884,-1,884,948,949,-1,884,949,883,-1,883,949,950,-1,883,950,882,-1,
  882,950,856,-1,882,856,881,-1,881,856,857,-1,881,857,905,-1,905,857,858,-1,905,858,904,-1,904,858,859,-1,904,859,903,-1,
  416,417,451,-1,416,451,452,-1,416,452,453,-1,416,453,454,-1,416,454,455,-1,416,455,456,-1,416,456,437,-1,416,437,712,-1,
  416,712,436,-1,1745,1746,851,-1,851,1746,1747,-1,851,1747,421,-1,421,1747,447,-1,421,447,420,-1,420,447,448,-1,420,448,419,-1,
  419,448,449,-1,419,449,418,-1,418,449,450,-1,418,450,417,-1,417,450,451,-1,505,506,458,-1,458,506,507,-1,458,507,457,-1,
  457,507,508,-1,457,508,713,-1,504,505,458,-1,504,458,459,-1,504,459,488,-1,504,488,489,-1,504,489,490,-1,504,490,491,-1,
  504,491,492,-1,504,492,493,-1,504,493,494,-1,504,494,495,-1,504,495,503,-1,496,497,501,-1,496,501,502,-1,496,502,503,-1,
  496,503,495,-1,497,478,499,-1,497,499,500,-1,497,500,501,-1,475,713,474,-1,474,713,934,-1,474,934,473,-1,473,934,935,-1,
  473,935,472,-1,472,935,936,-1,472,936,471,-1,471,936,937,-1,471,937,470,-1,470,937,938,-1,470,938,939,-1,845,846,916,-1,
  845,916,917,-1,845,917,918,-1,845,918,919,-1,845,919,844,-1,846,847,470,-1,846,470,939,-1,846,939,916,-1,848,849,468,-1,
  848,468,469,-1,848,469,470,-1,848,470,847,-1,849,850,468,-1,468,850,839,-1,468,839,467,-1,467,839,840,-1,467,840,891,-1,
  891,840,841,-1,891,841,767,-1,767,841,842,-1,767,842,843,-1,765,928,764,-1,764,928,714,-1,764,714,684,-1,684,714,715,-1,
  684,715,683,-1,683,715,716,-1,683,716,682,-1,682,716,717,-1,682,717,681,-1,681,717,718,-1,681,718,680,-1,680,718,719,-1,
  680,719,679,-1,679,719,720,-1,679,720,678,-1,678,720,721,-1,678,721,677,-1,677,721,722,-1,677,722,676,-1,676,722,723,-1,
  676,723,675,-1,675,723,724,-1,675,724,674,-1,674,724,725,-1,674,725,673,-1,673,725,726,-1,673,726,672,-1,672,726,727,-1,
  672,727,671,-1,671,727,728,-1,671,728,670,-1,670,728,699,-1,670,699,669,-1,669,699,729,-1,669,729,639,-1,639,729,609,-1,
  639,609,610,-1,764,684,654,-1,654,684,685,-1,654,685,653,-1,653,685,686,-1,653,686,652,-1,652,686,687,-1,652,687,651,-1,
  651,687,688,-1,651,688,650,-1,650,688,689,-1,650,689,649,-1,649,689,690,-1,649,690,648,-1,648,690,691,-1,648,691,647,-1,
  647,691,692,-1,647,692,646,-1,646,692,693,-1,646,693,645,-1,645,693,694,-1,645,694,644,-1,644,694,695,-1,644,695,643,-1,
  643,695,696,-1,643,696,642,-1,642,696,697,-1,642,697,641,-1,641,697,698,-1,641,698,640,-1,640,698,669,-1,640,669,639,-1,
  764,654,624,-1,624,654,655,-1,624,655,623,-1,623,655,656,-1,623,656,622,-1,622,656,657,-1,622,657,621,-1,621,657,658,-1,
  621,658,620,-1,620,658,659,-1,620,659,619,-1,619,659,660,-1,619,660,618,-1,618,660,661,-1,618,661,617,-1,617,661,662,-1,
  617,662,616,-1,616,662,663,-1,616,663,615,-1,615,663,664,-1,615,664,614,-1,614,664,665,-1,614,665,613,-1,613,665,666,-1,
  613,666,612,-1,612,666,667,-1,612,667,611,-1,611,667,668,-1,611,668,610,-1,610,668,639,-1,764,624,594,-1,594,624,625,-1,
  594,625,593,-1,593,625,626,-1,593,626,592,-1,592,626,627,-1,592,627,591,-1,591,627,628,-1,591,628,590,-1,590,628,629,-1,
  590,629,589,-1,589,629,630,-1,589,630,588,-1,588,630,631,-1,588,631,587,-1,587,631,632,-1,587,632,586,-1,586,632,633,-1,
  586,633,585,-1,585,633,634,-1,585,634,584,-1,584,634,635,-1,584,635,583,-1,583,635,636,-1,583,636,582,-1,582,636,637,-1,
  582,637,581,-1,581,637,638,-1,581,638,580,-1,580,638,609,-1,580,609,579,-1,579,609,729,-1,579,729,549,-1,549,729,519,-1,
  549,519,520,-1,764,594,564,-1,564,594,595,-1,564,595,563,-1,563,595,596,-1,563,596,562,-1,562,596,597,-1,562,597,561,-1,
  561,597,598,-1,561,598,560,-1,560,598,599,-1,560,599,559,-1,559,599,600,-1,559,600,558,-1,558,600,601,-1,558,601,557,-1,
  557,601,602,-1,557,602,556,-1,556,602,603,-1,556,603,555,-1,555,603,604,-1,555,604,554,-1,554,604,605,-1,554,605,553,-1,
  553,605,606,-1,553,606,552,-1,552,606,607,-1,552,607,551,-1,551,607,608,-1,551,608,550,-1,550,608,579,-1,550,579,549,-1,
  764,564,534,-1,534,564,565,-1,534,565,533,-1,533,565,566,-1,533,566,532,-1,532,566,567,-1,532,567,531,-1,531,567,568,-1,
  531,568,530,-1,530,568,569,-1,530,569,529,-1,529,569,570,-1,529,570,528,-1,528,570,571,-1,528,571,527,-1,527,571,572,-1,
  527,572,526,-1,526,572,573,-1,526,573,525,-1,525,573,574,-1,525,574,524,-1,524,574,575,-1,524,575,523,-1,523,575,576,-1,
  523,576,522,-1,522,576,577,-1,522,577,521,-1,521,577,578,-1,521,578,520,-1,520,578,549,-1,764,534,824,-1,824,534,535,-1,
  824,535,823,-1,823,535,536,-1,823,536,822,-1,822,536,537,-1,822,537,821,-1,821,537,538,-1,821,538,820,-1,820,538,539,-1,
  820,539,819,-1,819,539,540,-1,819,540,818,-1,818,540,541,-1,818,541,817,-1,817,541,542,-1,817,542,816,-1,816,542,543,-1,
  816,543,815,-1,815,543,544,-1,815,544,814,-1,814,544,545,-1,814,545,813,-1,813,545,546,-1,813,546,812,-1,812,546,547,-1,
  812,547,811,-1,811,547,548,-1,811,548,810,-1,810,548,519,-1,810,519,809,-1,809,519,729,-1,809,729,779,-1,779,729,749,-1,
  779,749,750,-1,764,824,794,-1,794,824,825,-1,794,825,793,-1,793,825,826,-1,793,826,792,-1,792,826,827,-1,792,827,791,-1,
  791,827,828,-1,791,828,790,-1,790,828,829,-1,790,829,789,-1,789,829,830,-1,789,830,788,-1,788,830,831,-1,788,831,787,-1,
  787,831,832,-1,787,832,786,-1,786,832,833,-1,786,833,785,-1,785,833,834,-1,785,834,784,-1,784,834,835,-1,784,835,783,-1,
  783,835,836,-1,783,836,782,-1,782,836,837,-1,782,837,781,-1,781,837,838,-1,781,838,780,-1,780,838,809,-1,780,809,779,-1,
  779,750,808,-1,808,750,751,-1,808,751,807,-1,807,751,752,-1,807,752,806,-1,806,752,753,-1,806,753,805,-1,805,753,754,-1,
  805,754,804,-1,804,754,755,-1,804,755,803,-1,803,755,756,-1,803,756,802,-1,802,756,757,-1,802,757,801,-1,801,757,758,-1,
  801,758,800,-1,800,758,759,-1,800,759,799,-1,799,759,760,-1,799,760,798,-1,798,760,761,-1,798,761,797,-1,797,761,762,-1,
  797,762,796,-1,796,762,763,-1,796,763,795,-1,795,763,764,-1,795,764,794,-1,730,731,771,-1,730,771,772,-1,730,772,773,-1,
  730,773,774,-1,730,774,775,-1,730,775,776,-1,730,776,777,-1,730,777,778,-1,730,778,749,-1,730,749,729,-1,766,767,922,-1,
  766,922,923,-1,766,923,924,-1,766,924,925,-1,766,925,926,-1,766,926,927,-1,766,927,928,-1,766,928,765,-1,767,843,919,-1,
  767,919,920,-1,767,920,921,-1,767,921,922,-1,767,768,881,-1,767,881,907,-1,767,907,908,-1,767,908,909,-1,767,909,910,-1,
  767,910,911,-1,767,911,912,-1,767,912,913,-1,767,913,914,-1,767,914,915,-1,767,915,891,-1,906,907,881,-1,906,881,905,-1,
  768,769,877,-1,768,877,878,-1,768,878,879,-1,768,879,880,-1,768,880,881,-1,873,874,731,-1,731,874,875,-1,731,875,769,-1,
  769,875,876,-1,769,876,877,-1,731,769,770,-1,731,770,771,-1,731,1547,1548,-1,731,1548,1549,-1,731,1549,1550,-1,731,1550,1551,-1,
  731,1551,1552,-1,731,1552,1553,-1,731,1553,1437,-1,731,1437,1438,-1,731,1438,1439,-1,731,1439,1440,-1,731,1440,1441,-1,731,1441,1442,-1,
  731,1442,1443,-1,731,1443,1444,-1,731,1444,1445,-1,731,1445,1058,-1,731,1058,1059,-1,731,1059,1060,-1,731,1060,1061,-1,731,1061,1062,-1,
  731,1062,1653,-1,731,1653,1654,-1,731,1654,1655,-1,731,1655,1656,-1,731,1656,1657,-1,731,1657,1658,-1,731,1658,1659,-1,731,1659,1660,-1,
  731,1660,1661,-1,731,1661,1662,-1,731,1662,1377,-1,731,1377,1378,-1,731,1378,941,-1,731,941,942,-1,731,942,872,-1,731,872,873,-1,
  872,942,871,-1,871,942,943,-1,871,943,890,-1,890,943,944,-1,890,944,889,-1,950,951,856,-1,856,951,952,-1,856,952,1216,-1,
  1216,952,953,-1,1216,953,1215,-1,1215,953,954,-1,1215,954,1214,-1,1214,954,955,-1,1214,955,1213,-1,1213,955,956,-1,1213,956,1212,-1,
  1212,956,957,-1,1212,957,1211,-1,1211,957,958,-1,1211,958,1210,-1,1210,958,959,-1,1210,959,1209,-1,1209,959,960,-1,1209,960,1208,-1,
  1208,960,940,-1,1208,940,1207,-1,1207,940,941,-1,1207,941,1206,-1,1206,941,1378,-1,1206,1378,1235,-1,1235,1378,1379,-1,1235,1379,1398,-1,
  1398,1379,1380,-1,1398,1380,1381,-1,1398,1381,1397,-1,1397,1381,1382,-1,1397,1382,1396,-1,1396,1382,1383,-1,1396,1383,1395,-1,1395,1383,1384,-1,
  1395,1384,1394,-1,1394,1384,1385,-1,1394,1385,1393,-1,1393,1385,1386,-1,1393,1386,1392,-1,1392,1386,1387,-1,1392,1387,1391,-1,1391,1387,1388,-1,
  1391,1388,1390,-1,1390,1388,1368,-1,1390,1368,1389,-1,1389,1368,1369,-1,1389,1369,1409,-1,1409,1369,1652,-1,1409,1652,1672,-1,1672,1652,1653,-1,
  1672,1653,1696,-1,1696,1653,1695,-1,1653,1062,1692,-1,1653,1692,1693,-1,1653,1693,1694,-1,1653,1694,1695,-1,1691,1692,1062,-1,1691,1062,1070,-1,
  1691,1070,1079,-1,1691,1079,1087,-1,1691,1087,1095,-1,1691,1095,1104,-1,1691,1104,1112,-1,1691,1112,1120,-1,1691,1120,1128,-1,1691,1128,1137,-1,
  1691,1137,1145,-1,1691,1145,1154,-1,1691,1154,1155,-1,1691,1155,1156,-1,1691,1156,1157,-1,1691,1157,1690,-1,1436,1437,1553,-1,1436,1553,1511,-1,
  1436,1511,1512,-1,1436,1512,1474,-1,1436,1474,1475,-1,1436,1475,1455,-1,1436,1455,1435,-1,2172,2173,1473,-1,2172,1473,1474,-1,2172,1474,1512,-1,
  2172,1512,1513,-1,2172,1513,1514,-1,2172,1514,1541,-1,2172,1541,1542,-1,2172,1542,1523,-1,2172,1523,1571,-1,2172,1571,1572,-1,2172,1572,2171,-1,
  2154,1582,1544,-1,1544,1582,1563,-1,1544,1563,1543,-1,1543,1563,1531,-1,1543,1531,1503,-1,1503,1531,1532,-1,1503,1532,1502,-1,1502,1532,1533,-1,
  1502,1533,1522,-1,1522,1533,1534,-1,1522,1534,1521,-1,1521,1534,1535,-1,1521,1535,1520,-1,1520,1535,1536,-1,1520,1536,1519,-1,1519,1536,1537,-1,
  1519,1537,1518,-1,1518,1537,1538,-1,1518,1538,1517,-1,1517,1538,1539,-1,1517,1539,1516,-1,1516,1539,1540,-1,1516,1540,1515,-1,1515,1540,1541,-1,
  1515,1541,1514,-1,1579,1580,2156,-1,2156,1580,1581,-1,2156,1581,2155,-1,2155,1581,1582,-1,2155,1582,2154,-1,1544,1545,2137,-1,1544,2137,2138,-1,
  1544,2138,2139,-1,1544,2139,2140,-1,1544,2140,2141,-1,1544,2141,2142,-1,1544,2142,2143,-1,1544,2143,2144,-1,1544,2144,2145,-1,1544,2145,2146,-1,
  1544,2146,2147,-1,1544,2147,2148,-1,1544,2148,2149,-1,1544,2149,2150,-1,1544,2150,2151,-1,1544,2151,2152,-1,1544,2152,2153,-1,1544,2153,2154,-1,
  1545,2123,2124,-1,1545,2124,2125,-1,1545,2125,2126,-1,1545,2126,2128,-1,1545,2128,2129,-1,1545,2129,2130,-1,1545,2130,2131,-1,1545,2131,2132,-1,
  1545,2132,2133,-1,1545,2133,2134,-1,1545,2134,2136,-1,1545,2136,2137,-1,731,732,1340,-1,731,1340,1341,-1,731,1341,1342,-1,731,1342,1343,-1,
  731,1343,1344,-1,731,1344,1345,-1,731,1345,1346,-1,731,1346,1326,-1,731,1326,1239,-1,731,1239,1240,-1,731,1240,1241,-1,731,1241,1242,-1,
  731,1242,1243,-1,731,1243,1244,-1,731,1244,1245,-1,731,1245,1246,-1,731,1246,1247,-1,731,1247,1426,-1,731,1426,1427,-1,731,1427,1428,-1,
  731,1428,1429,-1,731,1429,1430,-1,731,1430,1431,-1,731,1431,1432,-1,731,1432,1433,-1,731,1433,1434,-1,731,1434,1410,-1,1424,1425,1248,-1,
  1424,1248,2092,-1,1424,2092,2093,-1,1424,2093,2094,-1,1424,2094,2095,-1,1424,2095,2096,-1,1424,2096,2097,-1,1424,2097,2098,-1,1426,1247,1248,-1,
  1426,1248,1425,-1,1250,1251,1267,-1,1267,1251,1252,-1,1267,1252,1266,-1,1266,1252,1253,-1,1266,1253,1265,-1,1265,1253,1254,-1,1265,1254,1264,-1,
  1264,1254,1255,-1,1264,1255,1263,-1,1263,1255,1256,-1,1263,1256,1262,-1,1262,1256,1257,-1,1262,1257,1261,-1,1261,1257,1258,-1,1261,1258,1260,-1,
  1260,1258,1237,-1,1260,1237,1259,-1,1259,1237,1238,-1,1259,1238,1279,-1,1279,1238,2466,-1,1279,2466,2467,-1,2466,1238,1326,-1,2466,1326,1327,-1,
  2466,1327,1787,-1,2466,1787,1788,-1,2466,1788,1789,-1,2466,1789,1790,-1,2466,1790,1791,-1,2466,1791,1792,-1,2466,1792,1793,-1,2466,1793,2465,-1,
  1327,1328,1787,-1,1787,1328,1329,-1,1787,1329,1786,-1,1786,1329,1330,-1,1786,1330,1785,-1,1785,1330,1331,-1,1785,1331,1784,-1,1784,1331,1332,-1,
  1784,1332,1783,-1,1783,1332,1333,-1,1783,1333,1782,-1,1782,1333,1334,-1,1782,1334,1781,-1,1781,1334,1335,-1,1781,1335,1780,-1,1780,1335,1336,-1,
  1780,1336,1779,-1,1779,1336,1337,-1,1779,1337,1778,-1,1778,1337,1338,-1,1778,1338,1777,-1,1777,1338,1799,-1,1777,1799,2373,-1,2373,1799,1286,-1,
  2373,1286,2372,-1,2372,1286,2371,-1,1798,1799,1338,-1,1798,1338,1818,-1,1798,1818,1819,-1,1798,1819,1820,-1,1798,1820,1817,-1,1835,1836,1339,-1,
  1339,1836,1837,-1,1339,1837,1338,-1,1338,1837,1818,-1,1339,1340,732,-1,1339,732,1832,-1,1339,1832,1833,-1,1339,1833,1834,-1,1339,1834,1835,-1,
  732,733,30,-1,732,30,31,-1,732,31,32,-1,732,32,33,-1,732,33,34,-1,732,34,35,-1,732,35,36,-1,732,36,37,-1,
  732,37,38,-1,732,38,39,-1,732,39,40,-1,732,40,41,-1,732,41,12,-1,732,12,334,-1,732,334,335,-1,732,335,336,-1,
  732,336,337,-1,732,337,338,-1,732,338,364,-1,732,364,365,-1,732,365,366,-1,732,366,367,-1,732,367,368,-1,732,368,369,-1,
  732,369,370,-1,732,370,371,-1,732,371,372,-1,732,372,373,-1,732,373,352,-1,732,352,353,-1,732,353,1829,-1,732,1829,1830,-1,
  732,1830,1831,-1,732,1831,1832,-1,1829,353,1828,-1,1828,353,1873,-1,1828,1873,1827,-1,1827,1873,1809,-1,1827,1809,1810,-1,364,338,339,-1,
  364,339,340,-1,364,340,341,-1,364,341,342,-1,364,342,323,-1,364,323,401,-1,364,401,402,-1,364,402,403,-1,364,403,383,-1,
  364,383,363,-1,397,398,324,-1,324,398,399,-1,324,399,323,-1,323,399,400,-1,323,400,401,-1,729,699,700,-1,729,700,701,-1,
  729,701,702,-1,729,702,703,-1,729,703,704,-1,729,704,705,-1,729,705,706,-1,729,706,707,-1,729,707,708,-1,729,708,709,-1,
  729,709,710,-1,729,710,711,-1,729,711,712,-1,729,712,437,-1,729,437,438,-1,729,438,439,-1,729,439,440,-1,729,440,441,-1,
  729,441,442,-1,729,442,443,-1,729,443,444,-1,729,444,445,-1,729,445,446,-1,729,446,1717,-1,729,1717,1718,-1,729,1718,1719,-1,
  729,1719,1720,-1,729,1720,1721,-1,729,1721,1722,-1,729,1722,1595,-1,729,1595,1596,-1,729,1596,1597,-1,729,1597,1598,-1,729,1598,1599,-1,
  729,1599,1600,-1,729,1600,1601,-1,729,1601,1602,-1,729,1602,1603,-1,729,1603,1604,-1,729,1604,1619,-1,729,1619,1641,-1,729,1641,1159,-1,
  729,1159,1182,-1,729,1182,1183,-1,729,1183,1184,-1,729,1184,1185,-1,729,1185,1186,-1,729,1186,1187,-1,729,1187,1188,-1,729,1188,1189,-1,
  729,1189,1190,-1,729,1190,1191,-1,729,1191,1291,-1,729,1291,1314,-1,729,1314,1838,-1,729,1838,1861,-1,729,1861,1862,-1,729,1862,1863,-1,
  729,1863,1864,-1,729,1864,1865,-1,729,1865,1866,-1,729,1866,1867,-1,729,1867,1868,-1,729,1868,1869,-1,729,1869,1870,-1,729,1870,390,-1,
  729,390,391,-1,729,391,392,-1,729,392,393,-1,729,393,394,-1,729,394,395,-1,729,395,396,-1,729,396,397,-1,729,397,325,-1,
  729,325,326,-1,729,326,327,-1,729,327,328,-1,729,328,329,-1,729,329,330,-1,713,714,928,-1,713,928,929,-1,713,929,930,-1,
  713,930,931,-1,713,931,932,-1,713,932,933,-1,713,933,934,-1,713,475,476,-1,713,476,477,-1,713,477,457,-1,432,433,712,-1,
  432,712,713,-1,432,713,431,-1,712,433,434,-1,712,434,435,-1,712,435,436,-1,1588,1703,1738,-1,1738,1703,1704,-1,1738,1704,1737,-1,
  1737,1704,1705,-1,1737,1705,1756,-1,1756,1705,1706,-1,1756,1706,1755,-1,1755,1706,1707,-1,1755,1707,1754,-1,1754,1707,1708,-1,1754,1708,1753,-1,
  1753,1708,1709,-1,1753,1709,1752,-1,1752,1709,1710,-1,1752,1710,1751,-1,1751,1710,1711,-1,1751,1711,1750,-1,1750,1711,1712,-1,1750,1712,1749,-1,
  1749,1712,1713,-1,1749,1713,1748,-1,1748,1713,447,-1,1748,447,1747,-1,447,1713,1714,-1,447,1714,1715,-1,447,1715,1716,-1,447,1716,446,-1,
  1697,1698,1736,-1,1697,1736,1717,-1,1697,1717,446,-1,1697,446,1716,-1,1193,1194,1171,-1,1193,1171,1608,-1,1193,1608,961,-1,1193,961,962,-1,
  1193,962,963,-1,1193,963,1978,-1,1193,1978,1979,-1,1193,1979,1980,-1,1193,1980,1981,-1,1193,1981,1982,-1,1193,1982,1983,-1,1193,1983,1984,-1,
  1193,1984,1985,-1,1193,1985,1986,-1,1193,1986,1987,-1,1193,1987,1988,-1,1193,1988,1989,-1,1193,1989,1990,-1,1193,1990,1991,-1,1193,1991,1992,-1,
  1193,1992,1993,-1,1193,1993,1994,-1,1193,1994,1996,-1,1193,1996,1997,-1,1193,1997,1192,-1,1192,1997,1998,-1,1192,1998,1999,-1,1192,1999,2000,-1,
  1192,2000,2001,-1,1192,2001,2002,-1,1192,2002,2004,-1,1192,2004,2005,-1,1192,2005,2006,-1,1192,2006,2007,-1,1192,2007,2008,-1,1192,2008,2009,-1,
  1192,2009,2010,-1,1192,2010,2012,-1,1192,2012,2013,-1,1192,2013,2014,-1,1192,2014,2015,-1,1192,2015,2016,-1,1192,2016,2017,-1,1192,2017,2018,-1,
  1192,2018,2020,-1,1192,2020,2021,-1,1192,2021,2022,-1,1192,2022,2023,-1,1192,2023,2024,-1,1192,2024,2025,-1,1192,2025,2026,-1,1192,2026,2028,-1,
  1192,2028,2029,-1,1192,2029,2030,-1,1192,2030,2031,-1,1192,2031,2032,-1,1192,2032,2033,-1,1192,2033,2034,-1,1192,2034,2036,-1,1192,2036,2037,-1,
  1192,2037,2038,-1,1192,2038,1191,-1,1191,2038,2039,-1,1191,2039,2040,-1,1191,2040,2041,-1,1191,2041,2044,-1,1191,2044,2045,-1,1191,2045,2046,-1,
  1191,2046,2047,-1,1191,2047,2048,-1,1191,2048,2049,-1,1191,2049,2052,-1,1191,2052,2053,-1,1191,2053,2054,-1,1191,2054,2055,-1,1191,2055,2056,-1,
  1191,2056,2057,-1,1191,2057,2060,-1,1191,2060,2061,-1,1191,2061,2062,-1,1191,2062,2063,-1,1191,2063,2064,-1,1191,2064,2065,-1,1191,2065,2068,-1,
  1191,2068,2069,-1,1191,2069,2070,-1,1191,2070,2071,-1,1191,2071,2072,-1,1191,2072,2073,-1,1191,2073,1291,-1,2044,2041,2042,-1,2044,2042,2043,-1,
  2052,2049,2050,-1,2052,2050,2051,-1,2060,2057,2058,-1,2060,2058,2059,-1,2068,2065,2066,-1,2068,2066,2067,-1,2367,2075,2366,-1,2366,2075,2076,-1,
  2366,2076,2365,-1,2365,2076,2077,-1,2365,2077,2364,-1,2364,2077,1884,-1,2364,1884,2355,-1,2355,1884,2347,-1,2355,2347,2348,-1,2368,2369,1287,-1,
  2368,1287,1288,-1,2368,1288,1289,-1,2368,1289,1290,-1,2368,1290,1291,-1,2368,1291,2074,-1,2368,2074,2075,-1,2368,2075,2367,-1,1314,1315,1838,-1,
  1838,1315,1316,-1,1838,1316,1860,-1,1860,1316,1317,-1,1860,1317,1859,-1,1859,1317,1318,-1,1859,1318,1858,-1,1858,1318,1319,-1,1858,1319,1857,-1,
  1857,1319,1320,-1,1857,1320,1856,-1,1856,1320,1321,-1,1856,1321,1855,-1,1855,1321,1322,-1,1855,1322,1854,-1,1854,1322,1323,-1,1854,1323,1853,-1,
  1853,1323,1324,-1,1853,1324,1852,-1,1852,1324,1325,-1,1852,1325,1851,-1,1851,1325,1303,-1,1851,1303,1850,-1,1850,1303,1280,-1,1850,1280,1873,-1,
  1873,1280,1808,-1,1873,1808,1809,-1,1873,353,354,-1,1873,354,355,-1,1873,355,356,-1,1873,356,357,-1,390,1870,1871,-1,390,1871,1872,-1,
  390,1872,1873,-1,229,331,332,-1,229,332,197,-1,729,293,294,-1,729,294,295,-1,729,295,296,-1,729,296,297,-1,729,297,298,-1,
  729,298,299,-1,729,299,300,-1,729,300,301,-1,729,301,748,-1,307,733,734,-1,307,734,735,-1,307,735,736,-1,307,736,737,-1,
  307,737,738,-1,307,738,739,-1,307,739,306,-1,306,739,740,-1,306,740,741,-1,306,741,742,-1,306,742,743,-1,306,743,744,-1,
  306,744,745,-1,306,745,746,-1,306,746,305,-1,747,748,302,-1,747,302,303,-1,747,303,304,-1,747,304,305,-1,747,305,746,-1,
  467,891,892,-1,467,892,893,-1,467,893,894,-1,2179,1976,965,-1,965,1976,1977,-1,965,1977,964,-1,964,1977,1978,-1,964,1978,963,-1,
  2180,2181,1366,-1,2180,1366,1367,-1,2180,1367,1347,-1,2180,1347,1975,-1,2180,1975,1976,-1,2180,1976,2179,-1,2181,2182,1364,-1,2181,1364,1365,-1,
  2181,1365,1366,-1,1364,2182,2183,-1,1364,2183,2184,-1,1364,2184,2186,-1,1364,2186,2187,-1,1364,2187,2188,-1,1364,2188,2189,-1,1364,2189,2190,-1,
  1364,2190,2195,-1,1364,2195,2196,-1,1364,2196,2197,-1,1364,2197,2204,-1,1364,2204,2205,-1,1364,2205,2212,-1,1364,2212,2213,-1,1364,2213,2220,-1,
  1364,2220,2221,-1,1364,2221,2228,-1,1364,2228,2229,-1,1364,2229,2236,-1,1364,2236,2237,-1,1364,2237,2245,-1,1364,2245,2253,-1,1364,2253,2261,-1,
  1364,2261,1363,-1,2194,2195,2191,-1,2194,2191,2192,-1,2194,2192,2193,-1,2204,2198,2203,-1,2203,2198,2199,-1,2203,2199,2202,-1,2202,2199,2200,-1,
  2202,2200,2201,-1,2212,2206,2211,-1,2211,2206,2207,-1,2211,2207,2210,-1,2210,2207,2208,-1,2210,2208,2209,-1,2220,2214,2219,-1,2219,2214,2215,-1,
  2219,2215,2218,-1,2218,2215,2216,-1,2218,2216,2217,-1,2228,2222,2227,-1,2227,2222,2223,-1,2227,2223,2226,-1,2226,2223,2224,-1,2226,2224,2225,-1,
  2236,2230,2235,-1,2235,2230,2231,-1,2235,2231,2234,-1,2234,2231,2232,-1,2234,2232,2233,-1,2245,2237,2244,-1,2244,2237,2238,-1,2244,2238,2243,-1,
  2243,2238,2239,-1,2243,2239,2242,-1,2242,2239,2240,-1,2242,2240,2241,-1,2253,2245,2252,-1,2252,2245,2246,-1,2252,2246,2251,-1,2251,2246,2247,-1,
  2251,2247,2250,-1,2250,2247,2248,-1,2250,2248,2249,-1,2261,2253,2260,-1,2260,2253,2254,-1,2260,2254,2259,-1,2259,2254,2255,-1,2259,2255,2258,-1,
  2258,2255,2256,-1,2258,2256,2257,-1,1363,2261,2268,-1,2268,2261,2262,-1,2268,2262,2267,-1,2267,2262,2263,-1,2267,2263,2266,-1,2266,2263,2264,-1,
  2266,2264,2265,-1,1360,1361,2269,-1,2269,1361,1362,-1,2269,1362,2268,-1,2268,1362,1363,-1,2279,2280,2278,-1,2278,2280,2281,-1,2278,2281,2277,-1,
  2277,2281,2282,-1,2277,2282,2276,-1,2276,2282,2283,-1,2276,2283,2275,-1,2275,2283,1884,-1,2275,1884,2271,-1,2271,1884,1885,-1,2271,1885,2270,-1,
  2270,1885,1358,-1,2270,1358,1359,-1,1360,2269,2270,-1,1360,2270,1359,-1,1466,1467,1058,-1,1058,1467,1468,-1,1058,1468,1057,-1,1057,1468,1469,-1,
  1057,1469,1056,-1,1056,1469,1470,-1,1056,1470,1055,-1,1055,1470,2175,-1,1055,2175,2176,-1,2179,1053,2178,-1,2178,1053,1054,-1,2178,1054,2177,-1,
  2177,1054,1055,-1,2177,1055,2176,-1,1053,2179,965,-1,1053,965,973,-1,1053,973,981,-1,1053,981,989,-1,1053,989,997,-1,1053,997,1005,-1,
  1053,1005,1013,-1,1053,1013,1021,-1,1053,1021,1029,-1,1053,1029,1037,-1,1053,1037,1045,-1,1053,1045,1046,-1,1053,1046,1052,-1,1049,1050,1048,-1,
  1048,1050,1051,-1,1048,1051,1047,-1,1047,1051,1052,-1,1047,1052,1046,-1,1041,1042,1040,-1,1040,1042,1043,-1,1040,1043,1039,-1,1039,1043,1044,-1,
  1039,1044,1038,-1,1038,1044,1045,-1,1038,1045,1037,-1,1033,1034,1032,-1,1032,1034,1035,-1,1032,1035,1031,-1,1031,1035,1036,-1,1031,1036,1030,-1,
  1030,1036,1037,-1,1030,1037,1029,-1,1025,1026,1024,-1,1024,1026,1027,-1,1024,1027,1023,-1,1023,1027,1028,-1,1023,1028,1022,-1,1022,1028,1029,-1,
  1022,1029,1021,-1,1017,1018,1016,-1,1016,1018,1019,-1,1016,1019,1015,-1,1015,1019,1020,-1,1015,1020,1014,-1,1014,1020,1021,-1,1014,1021,1013,-1,
  1009,1010,1008,-1,1008,1010,1011,-1,1008,1011,1007,-1,1007,1011,1012,-1,1007,1012,1006,-1,1006,1012,1013,-1,1006,1013,1005,-1,1001,1002,1000,-1,
  1000,1002,1003,-1,1000,1003,999,-1,999,1003,1004,-1,999,1004,998,-1,998,1004,1005,-1,998,1005,997,-1,993,994,992,-1,992,994,995,-1,
  992,995,991,-1,991,995,996,-1,991,996,990,-1,990,996,997,-1,990,997,989,-1,985,986,984,-1,984,986,987,-1,984,987,983,-1,
  983,987,988,-1,983,988,982,-1,982,988,989,-1,982,989,981,-1,977,978,976,-1,976,978,979,-1,976,979,975,-1,975,979,980,-1,
  975,980,974,-1,974,980,981,-1,974,981,973,-1,969,970,968,-1,968,970,971,-1,968,971,967,-1,967,971,972,-1,967,972,966,-1,
  966,972,973,-1,966,973,965,-1,1445,1446,1058,-1,1058,1446,1447,-1,1058,1447,1462,-1,1462,1447,1448,-1,1462,1448,1461,-1,1461,1448,1460,-1,
  1452,1457,1451,-1,1451,1457,1458,-1,1451,1458,1450,-1,1450,1458,1459,-1,1450,1459,1449,-1,1449,1459,1460,-1,1449,1460,1448,-1,1453,1454,1456,-1,
  1453,1456,1457,-1,1453,1457,1452,-1,1435,1455,1456,-1,1435,1456,1454,-1,1151,1152,1147,-1,1147,1152,1153,-1,1147,1153,1146,-1,1146,1153,1154,-1,
  1146,1154,1145,-1,1148,1149,1150,-1,1148,1150,1151,-1,1148,1151,1147,-1,1141,1142,1140,-1,1140,1142,1143,-1,1140,1143,1139,-1,1139,1143,1144,-1,
  1139,1144,1138,-1,1138,1144,1145,-1,1138,1145,1137,-1,1134,1135,1130,-1,1130,1135,1136,-1,1130,1136,1129,-1,1129,1136,1137,-1,1129,1137,1128,-1,
  1131,1132,1133,-1,1131,1133,1134,-1,1131,1134,1130,-1,1124,1125,1123,-1,1123,1125,1126,-1,1123,1126,1122,-1,1122,1126,1127,-1,1122,1127,1121,-1,
  1121,1127,1128,-1,1121,1128,1120,-1,1116,1117,1115,-1,1115,1117,1118,-1,1115,1118,1114,-1,1114,1118,1119,-1,1114,1119,1113,-1,1113,1119,1120,-1,
  1113,1120,1112,-1,1108,1109,1107,-1,1107,1109,1110,-1,1107,1110,1106,-1,1106,1110,1111,-1,1106,1111,1105,-1,1105,1111,1112,-1,1105,1112,1104,-1,
  1099,1100,1098,-1,1098,1100,1101,-1,1098,1101,1097,-1,1097,1101,1102,-1,1097,1102,1096,-1,1096,1102,1103,-1,1096,1103,1095,-1,1095,1103,1104,-1,
  1091,1092,1090,-1,1090,1092,1093,-1,1090,1093,1089,-1,1089,1093,1094,-1,1089,1094,1088,-1,1088,1094,1095,-1,1088,1095,1087,-1,1083,1084,1082,-1,
  1082,1084,1085,-1,1082,1085,1081,-1,1081,1085,1086,-1,1081,1086,1080,-1,1080,1086,1087,-1,1080,1087,1079,-1,1071,1072,1078,-1,1071,1078,1079,-1,
  1071,1079,1070,-1,1075,1076,1074,-1,1074,1076,1077,-1,1074,1077,1073,-1,1073,1077,1078,-1,1073,1078,1072,-1,1066,1067,1065,-1,1065,1067,1068,-1,
  1065,1068,1064,-1,1064,1068,1069,-1,1064,1069,1063,-1,1063,1069,1070,-1,1063,1070,1062,-1,1058,1462,1463,-1,1058,1463,1464,-1,1058,1464,1465,-1,
  1058,1465,1466,-1,1471,1472,2173,-1,1471,2173,2174,-1,1471,2174,2175,-1,1471,2175,1470,-1,1268,1269,2092,-1,1268,2092,1249,-1,1268,1249,1250,-1,
  1268,1250,1267,-1,2092,1269,1270,-1,2092,1270,1271,-1,2092,1271,1272,-1,2092,1272,2091,-1,2087,2088,1274,-1,1274,2088,2089,-1,1274,2089,1273,-1,
  1273,2089,2090,-1,1273,2090,1272,-1,1272,2090,2091,-1,1274,1275,2082,-1,1274,2082,2083,-1,1274,2083,2084,-1,1274,2084,2085,-1,1274,2085,2086,-1,
  1274,2086,2087,-1,2275,2272,2274,-1,2274,2272,2078,-1,2274,2078,2273,-1,2273,2078,2079,-1,2273,2079,1276,-1,1276,2079,2080,-1,1276,2080,1275,-1,
  1275,2080,2081,-1,1275,2081,2082,-1,1277,1278,2467,-1,1277,2467,2273,-1,1277,2273,1276,-1,1206,1235,1205,-1,1205,1235,1236,-1,1205,1236,1204,-1,
  1204,1236,1225,-1,1204,1225,1616,-1,1616,1225,1226,-1,1616,1226,1227,-1,1235,1398,1399,-1,1235,1399,1400,-1,1235,1400,1401,-1,1235,1401,1402,-1,
  1235,1402,1403,-1,1235,1403,1234,-1,1680,1614,1679,-1,1679,1614,1231,-1,1679,1231,1678,-1,1678,1231,1232,-1,1678,1232,1403,-1,1403,1232,1233,-1,
  1403,1233,1234,-1,1404,1405,1673,-1,1404,1673,1674,-1,1404,1674,1675,-1,1404,1675,1676,-1,1404,1676,1677,-1,1404,1677,1678,-1,1404,1678,1403,-1,
  1673,1405,1406,-1,1673,1406,1407,-1,1673,1407,1408,-1,1673,1408,1409,-1,1673,1409,1672,-1,1171,1194,1170,-1,1170,1194,1195,-1,1170,1195,1169,-1,
  1169,1195,1196,-1,1169,1196,1168,-1,1168,1196,1197,-1,1168,1197,1167,-1,1167,1197,1198,-1,1167,1198,1166,-1,1166,1198,1199,-1,1166,1199,1165,-1,
  1165,1199,1200,-1,1165,1200,1164,-1,1164,1200,1201,-1,1164,1201,1163,-1,1163,1201,1202,-1,1163,1202,1162,-1,1162,1202,1203,-1,1162,1203,1161,-1,
  1161,1203,1182,-1,1161,1182,1160,-1,1160,1182,1159,-1,1608,1171,1630,-1,1630,1171,1172,-1,1630,1172,1651,-1,1651,1172,1173,-1,1651,1173,1650,-1,
  1650,1173,1174,-1,1650,1174,1649,-1,1649,1174,1175,-1,1649,1175,1648,-1,1648,1175,1176,-1,1648,1176,1647,-1,1647,1176,1177,-1,1647,1177,1646,-1,
  1646,1177,1178,-1,1646,1178,1645,-1,1645,1178,1179,-1,1645,1179,1644,-1,1644,1179,1180,-1,1644,1180,1643,-1,1643,1180,1181,-1,1643,1181,1642,-1,
  1642,1181,1159,-1,1642,1159,1641,-1,1608,1631,1629,-1,1629,1631,1632,-1,1629,1632,1628,-1,1628,1632,1633,-1,1628,1633,1627,-1,1627,1633,1634,-1,
  1627,1634,1626,-1,1626,1634,1635,-1,1626,1635,1625,-1,1625,1635,1636,-1,1625,1636,1624,-1,1624,1636,1637,-1,1624,1637,1623,-1,1623,1637,1638,-1,
  1623,1638,1622,-1,1622,1638,1639,-1,1622,1639,1621,-1,1621,1639,1640,-1,1621,1640,1620,-1,1620,1640,1641,-1,1620,1641,1619,-1,1619,1604,1618,-1,
  1618,1604,1605,-1,1618,1605,1617,-1,1617,1605,1606,-1,1617,1606,1607,-1,1585,1224,1584,-1,1584,1224,1616,-1,1584,1616,1583,-1,1583,1616,1617,-1,
  1583,1617,1607,-1,1663,1664,1376,-1,1663,1376,1377,-1,1663,1377,1662,-1,1652,1369,1671,-1,1671,1369,1370,-1,1671,1370,1670,-1,1670,1370,1371,-1,
  1670,1371,1669,-1,1669,1371,1372,-1,1669,1372,1668,-1,1668,1372,1373,-1,1668,1373,1667,-1,1667,1373,1374,-1,1667,1374,1666,-1,1666,1374,1375,-1,
  1666,1375,1665,-1,1665,1375,1376,-1,1665,1376,1664,-1,1524,1525,1569,-1,1524,1569,1570,-1,1524,1570,1571,-1,1524,1571,1523,-1,1569,1525,1568,-1,
  1568,1525,1526,-1,1568,1526,1567,-1,1567,1526,1527,-1,1567,1527,1566,-1,1566,1527,1528,-1,1566,1528,1565,-1,1565,1528,1529,-1,1565,1529,1564,-1,
  1564,1529,1530,-1,1564,1530,1531,-1,2169,2170,1574,-1,1574,2170,2171,-1,1574,2171,1573,-1,1573,2171,1572,-1,1575,1576,2166,-1,1575,2166,2167,-1,
  1575,2167,2168,-1,1575,2168,2169,-1,1575,2169,1574,-1,1576,1577,2162,-1,1576,2162,2163,-1,1576,2163,2164,-1,1576,2164,2165,-1,1576,2165,2166,-1,
  1577,1578,2158,-1,1577,2158,2159,-1,1577,2159,2160,-1,1577,2160,2161,-1,1577,2161,2162,-1,2157,2158,1578,-1,2157,1578,1579,-1,2157,1579,2156,-1,
  1975,1347,1348,-1,1975,1348,1349,-1,1975,1349,1350,-1,1975,1350,1351,-1,1975,1351,1974,-1,1972,1973,1353,-1,1353,1973,1974,-1,1353,1974,1352,-1,
  1352,1974,1351,-1,1353,1354,1894,-1,1353,1894,1902,-1,1353,1902,1910,-1,1353,1910,1918,-1,1353,1918,1919,-1,1353,1919,1926,-1,1353,1926,1927,-1,
  1353,1927,1934,-1,1353,1934,1935,-1,1353,1935,1942,-1,1353,1942,1943,-1,1353,1943,1950,-1,1353,1950,1951,-1,1353,1951,1958,-1,1353,1958,1959,-1,
  1353,1959,1960,-1,1353,1960,1965,-1,1353,1965,1966,-1,1353,1966,1967,-1,1353,1967,1968,-1,1353,1968,1969,-1,1353,1969,1971,-1,1353,1971,1972,-1,
  1965,1960,1964,-1,1964,1960,1961,-1,1964,1961,1963,-1,1963,1961,1962,-1,1958,1951,1957,-1,1957,1951,1952,-1,1957,1952,1956,-1,1956,1952,1953,-1,
  1956,1953,1955,-1,1955,1953,1954,-1,1950,1943,1949,-1,1949,1943,1944,-1,1949,1944,1948,-1,1948,1944,1945,-1,1948,1945,1947,-1,1947,1945,1946,-1,
  1942,1935,1941,-1,1941,1935,1936,-1,1941,1936,1940,-1,1940,1936,1937,-1,1940,1937,1939,-1,1939,1937,1938,-1,1934,1927,1933,-1,1933,1927,1928,-1,
  1933,1928,1932,-1,1932,1928,1929,-1,1932,1929,1931,-1,1931,1929,1930,-1,1926,1919,1925,-1,1925,1919,1920,-1,1925,1920,1924,-1,1924,1920,1921,-1,
  1924,1921,1923,-1,1923,1921,1922,-1,1914,1915,1913,-1,1913,1915,1916,-1,1913,1916,1912,-1,1912,1916,1917,-1,1912,1917,1911,-1,1911,1917,1918,-1,
  1911,1918,1910,-1,1906,1907,1905,-1,1905,1907,1908,-1,1905,1908,1904,-1,1904,1908,1909,-1,1904,1909,1903,-1,1903,1909,1910,-1,1903,1910,1902,-1,
  1898,1899,1897,-1,1897,1899,1900,-1,1897,1900,1896,-1,1896,1900,1901,-1,1896,1901,1895,-1,1895,1901,1902,-1,1895,1902,1894,-1,1890,1891,1889,-1,
  1889,1891,1892,-1,1889,1892,1888,-1,1888,1892,1893,-1,1888,1893,1887,-1,1887,1893,1894,-1,1887,1894,1354,-1,1355,1356,1886,-1,1355,1886,1887,-1,
  1355,1887,1354,-1,1357,1358,1885,-1,1357,1885,1886,-1,1357,1886,1356,-1,1554,1555,1510,-1,1554,1510,1511,-1,1554,1511,1553,-1,1543,1503,1562,-1,
  1562,1503,1504,-1,1562,1504,1561,-1,1561,1504,1505,-1,1561,1505,1560,-1,1560,1505,1506,-1,1560,1506,1559,-1,1559,1506,1507,-1,1559,1507,1558,-1,
  1558,1507,1508,-1,1558,1508,1557,-1,1557,1508,1509,-1,1557,1509,1556,-1,1556,1509,1510,-1,1556,1510,1555,-1,1722,1723,1592,-1,1722,1592,1593,-1,
  1722,1593,1594,-1,1722,1594,1595,-1,1723,1724,1590,-1,1723,1590,1591,-1,1723,1591,1592,-1,1724,1725,1590,-1,1590,1725,1726,-1,1590,1726,1589,-1,
  1589,1726,1702,-1,1589,1702,1703,-1,1699,1700,1727,-1,1699,1727,1728,-1,1699,1728,1729,-1,1699,1729,1730,-1,1699,1730,1731,-1,1699,1731,1698,-1,
  1726,1727,1700,-1,1726,1700,1701,-1,1726,1701,1702,-1,1698,1731,1732,-1,1698,1732,1733,-1,1698,1733,1734,-1,1698,1734,1735,-1,1698,1735,1736,-1,
  851,852,1775,-1,851,1775,1776,-1,851,1776,1757,-1,851,1757,1743,-1,851,1743,1744,-1,851,1744,1745,-1,1775,852,1774,-1,1774,852,853,-1,
  1774,853,1773,-1,1773,853,854,-1,1773,854,855,-1,1216,1217,1773,-1,1216,1773,855,-1,1216,855,856,-1,1218,1219,1772,-1,1218,1772,1773,-1,
  1218,1773,1217,-1,1769,1770,1221,-1,1221,1770,1771,-1,1221,1771,1220,-1,1220,1771,1772,-1,1220,1772,1219,-1,1222,1223,1738,-1,1222,1738,1739,-1,
  1222,1739,1740,-1,1222,1740,1741,-1,1222,1741,1742,-1,1222,1742,1768,-1,1222,1768,1769,-1,1222,1769,1221,-1,1742,1743,1764,-1,1742,1764,1765,-1,
  1742,1765,1766,-1,1742,1766,1767,-1,1742,1767,1768,-1,1585,1586,1224,-1,1224,1586,1587,-1,1224,1587,1223,-1,1223,1587,1588,-1,1223,1588,1738,-1,
  1228,1229,1614,-1,1228,1614,1615,-1,1228,1615,1616,-1,1228,1616,1227,-1,1230,1231,1614,-1,1230,1614,1229,-1,1614,1680,1681,-1,1614,1681,1682,-1,
  1614,1682,1683,-1,1614,1683,1684,-1,1614,1684,1685,-1,1614,1685,1686,-1,1614,1686,1687,-1,1614,1687,1613,-1,1158,961,1609,-1,1158,1609,1610,-1,
  1158,1610,1611,-1,1158,1611,1612,-1,1158,1612,1613,-1,1158,1613,1690,-1,1158,1690,1157,-1,1613,1687,1688,-1,1613,1688,1689,-1,1613,1689,1690,-1,
  1743,1757,1758,-1,1743,1758,1759,-1,1743,1759,1760,-1,1743,1760,1761,-1,1743,1761,1762,-1,1743,1762,1763,-1,1743,1763,1764,-1,1810,1811,1826,-1,
  1826,1811,1812,-1,1826,1812,1825,-1,1825,1812,1813,-1,1825,1813,1824,-1,1824,1813,1814,-1,1824,1814,1823,-1,1823,1814,1815,-1,1823,1815,1822,-1,
  1822,1815,1816,-1,1822,1816,1821,-1,1821,1816,1817,-1,1821,1817,1820,-1,2359,2360,2358,-1,2358,2360,2361,-1,2358,2361,2357,-1,2357,2361,2362,-1,
  2357,2362,2356,-1,2356,2362,2363,-1,2356,2363,2355,-1,2355,2363,2364,-1,2351,2352,2350,-1,2350,2352,2353,-1,2350,2353,2349,-1,2349,2353,2354,-1,
  2349,2354,2348,-1,2348,2354,2355,-1,2343,2344,2342,-1,2342,2344,2345,-1,2342,2345,2341,-1,2341,2345,2346,-1,2341,2346,2340,-1,2340,2346,2347,-1,
  2340,2347,2339,-1,2339,2347,1884,-1,2339,1884,2331,-1,2331,1884,2323,-1,2331,2323,2324,-1,2335,2336,2334,-1,2334,2336,2337,-1,2334,2337,2333,-1,
  2333,2337,2338,-1,2333,2338,2332,-1,2332,2338,2339,-1,2332,2339,2331,-1,2327,2328,2326,-1,2326,2328,2329,-1,2326,2329,2325,-1,2325,2329,2330,-1,
  2325,2330,2324,-1,2324,2330,2331,-1,2319,2320,2318,-1,2318,2320,2321,-1,2318,2321,2317,-1,2317,2321,2322,-1,2317,2322,2316,-1,2316,2322,2323,-1,
  2316,2323,2315,-1,2315,2323,1884,-1,2315,1884,2307,-1,2307,1884,2299,-1,2307,2299,2300,-1,2311,2312,2310,-1,2310,2312,2313,-1,2310,2313,2309,-1,
  2309,2313,2314,-1,2309,2314,2308,-1,2308,2314,2315,-1,2308,2315,2307,-1,2303,2304,2302,-1,2302,2304,2305,-1,2302,2305,2301,-1,2301,2305,2306,-1,
  2301,2306,2300,-1,2300,2306,2307,-1,2295,2296,2294,-1,2294,2296,2297,-1,2294,2297,2293,-1,2293,2297,2298,-1,2293,2298,2292,-1,2292,2298,2299,-1,
  2292,2299,2291,-1,2291,2299,1884,-1,2291,1884,2283,-1,2287,2288,2286,-1,2286,2288,2289,-1,2286,2289,2285,-1,2285,2289,2290,-1,2285,2290,2284,-1,
  2284,2290,2291,-1,2284,2291,2283,-1,1838,1839,1861,-1,1861,1839,1840,-1,1861,1840,1883,-1,1883,1840,1841,-1,1883,1841,1882,-1,1882,1841,1842,-1,
  1882,1842,1881,-1,1881,1842,1843,-1,1881,1843,1880,-1,1880,1843,1844,-1,1880,1844,1879,-1,1879,1844,1845,-1,1879,1845,1878,-1,1878,1845,1846,-1,
  1878,1846,1877,-1,1877,1846,1847,-1,1877,1847,1876,-1,1876,1847,1848,-1,1876,1848,1875,-1,1875,1848,1849,-1,1875,1849,1874,-1,1874,1849,1850,-1,
  1874,1850,1873,-1,1291,1292,1314,-1,1314,1292,1293,-1,1314,1293,1313,-1,1313,1293,1294,-1,1313,1294,1312,-1,1312,1294,1295,-1,1312,1295,1311,-1,
  1311,1295,1296,-1,1311,1296,1310,-1,1310,1296,1297,-1,1310,1297,1309,-1,1309,1297,1298,-1,1309,1298,1308,-1,1308,1298,1299,-1,1308,1299,1307,-1,
  1307,1299,1300,-1,1307,1300,1306,-1,1306,1300,1301,-1,1306,1301,1305,-1,1305,1301,1302,-1,1305,1302,1304,-1,1304,1302,1280,-1,1304,1280,1303,-1,
  1286,1287,2369,-1,1286,2369,2370,-1,1286,2370,2371,-1,2385,2386,2384,-1,2384,2386,2387,-1,2384,2387,2383,-1,2383,2387,2388,-1,2383,2388,2382,-1,
  2382,2388,2389,-1,2382,2389,2381,-1,2381,2389,2461,-1,2381,2461,2373,-1,2373,2461,1794,-1,2373,1794,1795,-1,2373,1795,1796,-1,2373,1796,1797,-1,
  2373,1797,1777,-1,1286,1799,1800,-1,1286,1800,1801,-1,1286,1801,1802,-1,1286,1802,1803,-1,1286,1803,1804,-1,1286,1804,1285,-1,1280,1281,1807,-1,
  1807,1281,1282,-1,1807,1282,1806,-1,1806,1282,1283,-1,1806,1283,1805,-1,1805,1283,1284,-1,1805,1284,1804,-1,1804,1284,1285,-1,1793,1794,2461,-1,
  1793,2461,2462,-1,1793,2462,2463,-1,1793,2463,2464,-1,1793,2464,2465,-1,2449,2450,2448,-1,2448,2450,2451,-1,2448,2451,2447,-1,2447,2451,2452,-1,
  2447,2452,2446,-1,2446,2452,2453,-1,2446,2453,2445,-1,2445,2453,2461,-1,2445,2461,2437,-1,2437,2461,2429,-1,2437,2429,2430,-1,2425,2426,2424,-1,
  2424,2426,2427,-1,2424,2427,2423,-1,2423,2427,2428,-1,2423,2428,2422,-1,2422,2428,2429,-1,2422,2429,2421,-1,2421,2429,2461,-1,2421,2461,2413,-1,
  2413,2461,2405,-1,2413,2405,2406,-1,2401,2402,2400,-1,2400,2402,2403,-1,2400,2403,2399,-1,2399,2403,2404,-1,2399,2404,2398,-1,2398,2404,2405,-1,
  2398,2405,2397,-1,2397,2405,2461,-1,2397,2461,2389,-1,2457,2458,2456,-1,2456,2458,2459,-1,2456,2459,2455,-1,2455,2459,2460,-1,2455,2460,2454,-1,
  2454,2460,2461,-1,2454,2461,2453,-1,2441,2442,2440,-1,2440,2442,2443,-1,2440,2443,2439,-1,2439,2443,2444,-1,2439,2444,2438,-1,2438,2444,2445,-1,
  2438,2445,2437,-1,2437,2430,2436,-1,2436,2430,2431,-1,2436,2431,2435,-1,2435,2431,2432,-1,2435,2432,2434,-1,2434,2432,2433,-1,2417,2418,2416,-1,
  2416,2418,2419,-1,2416,2419,2415,-1,2415,2419,2420,-1,2415,2420,2414,-1,2414,2420,2421,-1,2414,2421,2413,-1,2413,2406,2412,-1,2412,2406,2407,-1,
  2412,2407,2411,-1,2411,2407,2408,-1,2411,2408,2410,-1,2410,2408,2409,-1,2393,2394,2392,-1,2392,2394,2395,-1,2392,2395,2391,-1,2391,2395,2396,-1,
  2391,2396,2390,-1,2390,2396,2397,-1,2390,2397,2389,-1,2377,2378,2376,-1,2376,2378,2379,-1,2376,2379,2375,-1,2375,2379,2380,-1,2375,2380,2374,-1,
  2374,2380,2381,-1,2374,2381,2373,-1,1808,1280,1807,-1,1827,1810,1826,-1,1609,961,1608,-1,1204,1616,1224,-1,1589,1703,1588,-1,2272,2275,2271,-1,
  1971,1969,1970,-1,1531,1563,1564,-1,1631,1608,1630,-1,1279,2467,1278,-1,1249,2092,1248,-1,1473,2173,1472,-1,2236,2229,2230,-1,2228,2221,2222,-1,
  2220,2213,2214,-1,2212,2205,2206,-1,2204,2197,2198,-1,2195,2190,2191,-1,2186,2184,2185,-1,302,748,301,-1,325,397,324,-1,1291,2073,2074,-1,
  2036,2034,2035,-1,2028,2026,2027,-1,2020,2018,2019,-1,2012,2010,2011,-1,2004,2002,2003,-1,1996,1994,1995,-1,30,733,29,-1,1239,1326,1238,-1,
  2128,2126,2127,-1,2136,2134,2135,-1,919,843,844,-1,463,484,462,-1,2099,1476,2098,-1,2112,2110,2111,-1,382,344,381,-1,59,27,58,-1]
  normalPerVertex TRUE
  normal DEF NORM_5 Normal { vector [
  0 0 1,0 0 1,
  0 0 1,0 0 1,
  0 0 1,0 0 1,
  0 0 1,0 0 1,
  0 0 1,0 0 1,
  0 0 1,0 0 1,
  0 0 1,0 0 1,
  0 0 1,0 0 1,
  0 0 1,0 0 1,
  0 0 1,0 0 1,
  0 0 1,0 0 1,
  0 0 1,0 0 1,
  0 0 1,0 0 1,
  0 0 1,0 0 1,
  0 0 1,0 0 1,
  0 0 1,0 0 1,
  0 0 1,0 0 1,
  0 0 1,0 0 1,
  0 0 1,0 0 1,
  0 0 1,0 0 1,
  0 0 1,0 0 1,
  0 0 1,0 0 1,
  0 0 1,0 0 1,
  0 0 1,0 0 1,
  0 0 1,0 0 1,
  0 0 1,0 0 1,
  0 0 1,0 0 1,
  0 0 1,0 0 1,
  0 0 1,0 0 1,
  0 0 1,0 0 1,
  0 0 1,0 0 1,
  0 0 1,0 0 1,
  0 0 1,0 0 1,
  0 0 1,0 0 1,
  0 0 1,0 0 1,
  0 0 1,0 0 1,
  0 0 1,0 0 1,
  0 0 1,0 0 1,
  0 0 1,0 0 1,
  0 0 1,0 0 1,
  0 0 1,0 0 1,
  0 0 1,0 0 1,
  0 0 1,0 0 1,
  0 0 1,0 0 1,
  0 0 1,0 0 1,
  0 0 1,0 0 1,
  0 0 1,0 0 1,
  0 0 1,0 0 1,
  0 0 1,0 0 1,
  0 0 1,0 0 1,
  0 0 1,0 0 1,
  0 0 1,0 0 1,
  0 0 1,0 0 1,
  0 0 1,0 0 1,
  0 0 1,0 0 1,
  0 0 1,0 0 1,
  0 0 1,0 0 1,
  0 0 1,0 0 1,
  0 0 1,0 0 1,
  0 0 1,0 0 1,
  0 0 1,0 0 1,
  0 0 1,0 0 1,
  0 0 1,0 0 1,
  0 0 1,0 0 1,
  0 0 1,0 0 1,
  0 0 1,0 0 1,
  0 0 1,0 0 1,
  0 0 1,0 0 1,
  0 0 1,0 0 1,
  0 0 1,0 0 1,
  0 0 1,0 0 1,
  0 0 1,0 0 1,
  0 0 1,0 0 1,
  0 0 1,0 0 1,
  0 0 1,0 0 1,
  0 0 1,0 0 1,
  0 0 1,0 0 1,
  0 0 1,0 0 1,
  0 0 1,0 0 1,
  0 0 1,0 0 1,
  0 0 1,0 0 1,
  0 0 1,0 0 1,
  0 0 1,0 0 1,
  0 0 1,0 0 1,
  0 0 1,0 0 1,
  0 0 1,0 0 1,
  0 0 1,0 0 1,
  0 0 1,0 0 1,
  0 0 1,0 0 1,
  0 0 1,0 0 1,
  0 0 1,0 0 1,
  0 0 1,0 0 1,
  0 0 1,0 0 1,
  0 0 1,0 0 1,
  0 0 1,0 0 1,
  0 0 1,0 0 1,
  0 0 1,0 0 1,
  0 0 1,0 0 1,
  0 0 1,0 0 1,
  0 0 1,0 0 1,
  0 0 1,0 0 1,
  0 0 1,0 0 1,
  0 0 1,0 0 1,
  0 0 1,0 0 1,
  0 0 1,0 0 1,
  0 0 1,0 0 1,
  0 0 1,0 0 1,
  0 0 1,0 0 1,
  0 0 1,0 0 1,
  0 0 1,0 0 1,
  0 0 1,0 0 1,
  0 0 1,0 0 1,
  0 0 1,0 0 1,
  0 0 1,0 0 1,
  0 0 1,0 0 1,
  0 0 1,0 0 1,
  0 0 1,0 0 1,
  0 0 1,0 0 1,
  0 0 1,0 0 1,
  0 0 1,0 0 1,
  0 0 1,0 0 1,
  0 0 1,0 0 1,
  0 0 1,0 0 1,
  0 0 1,0 0 1,
  0 0 1,0 0 1,
  0 0 1,0 0 1,
  0 0 1,0 0 1,
  0 0 1,0 0 1,
  0 0 1,0 0 1,
  0 0 1,0 0 1,
  0 0 1,0 0 1,
  0 0 1,0 0 1,
  0 0 1,0 0 1,
  0 0 1,0 0 1,
  0 0 1,0 0 1,
  0 0 1,0 0 1,
  0 0 1,0 0 1,
  0 0 1,0 0 1,
  0 0 1,0 0 1,
  0 0 1,0 0 1,
  0 0 1,0 0 1,
  0 0 1,0 0 1,
  0 0 1,0 0 1,
  0 0 1,0 0 1,
  0 0 1,0 0 1,
  0 0 1,0 0 1,
  0 0 1,0 0 1,
  0 0 1,0 0 1,
  0 0 1,0 0 1,
  0 0 1,0 0 1,
  0 0 1,0 0 1,
  0 0 1,0 0 1,
  0 0 1,0 0 1,
  0 0 1,0 0 1,
  0 0 1,0 0 1,
  0 0 1,0 0 1,
  0 0 1,0 0 1,
  0 0 1,0 0 1,
  0 0 1,0 0 1,
  0 0 1,0 0 1,
  0 0 1,0 0 1,
  0 0 1,0 0 1,
  0 0 1,0 0 1,
  0 0 1,0 0 1,
  0 0 1,0 0 1,
  0 0 1,0 0 1,
  0 0 1,0 0 1,
  0 0 1,0 0 1,
  0 0 1,0 0 1,
  0 0 1,0 0 1,
  0 0 1,0 0 1,
  0 0 1,0 0 1,
  0 0 1,0 0 1,
  0 0 1,0 0 1,
  0 0 1,0 0 1,
  0 0 1,0 0 1,
  0 0 1,0 0 1,
  0 0 1,0 0 1,
  0 0 1,0 0 1,
  0 0 1,0 0 1,
  0 0 1,0 0 1,
  0 0 1,0 0 1,
  0 0 1,0 0 1,
  0 0 1,0 0 1,
  0 0 1,0 0 1,
  0 0 1,0 0 1,
  0 0 1,0 0 1,
  0 0 1,0 0 1,
  0 0 1,0 0 1,
  0 0 1,0 0 1,
  0 0 1,0 0 1,
  0 0 1,0 0 1,
  0 0 1,0 0 1,
  0 0 1,0 0 1,
  0 0 1,0 0 1,
  0 0 1,0 0 1,
  0 0 1,0 0 1,
  0 0 1,0 0 1,
  0 0 1,0 0 1,
  0 0 1,0 0 1,
  0 0 1,0 0 1,
  0 0 1,0 0 1,
  0 0 1,0 0 1,
  0 0 1,0 0 1,
  0 0 1,0 0 1,
  0 0 1,0 0 1,
  0 0 1,0 0 1,
  0 0 1,0 0 1,
  0 0 1,0 0 1,
  0 0 1,0 0 1,
  0 0 1,0 0 1,
  0 0 1,0 0 1,
  0 0 1,0 0 1,
  0 0 1,0 0 1,
  0 0 1,0 0 1,
  0 0 1,0 0 1,
  0 0 1,0 0 1,
  0 0 1,0 0 1,
  0 0 1,0 0 1,
  0 0 1,0 0 1,
  0 0 1,0 0 1,
  0 0 1,0 0 1,
  0 0 1,0 0 1,
  0 0 1,0 0 1,
  0 0 1,0 0 1,
  0 0 1,0 0 1,
  0 0 1,0 0 1,
  0 0 1,0 0 1,
  0 0 1,0 0 1,
  0 0 1,0 0 1,
  0 0 1,0 0 1,
  0 0 1,0 0 1,
  0 0 1,0 0 1,
  0 0 1,0 0 1,
  0 0 1,0 0 1,
  0 0 1,0 0 1,
  0 0 1,0 0 1,
  0 0 1,0 0 1,
  0 0 1,0 0 1,
  0 0 1,0 0 1,
  0 0 1,0 0 1,
  0 0 1,0 0 1,
  0 0 1,0 0 1,
  0 0 1,0 0 1,
  0 0 1,0 0 1,
  0 0 1,0 0 1,
  0 0 1,0 0 1,
  0 0 1,0 0 1,
  0 0 1,0 0 1,
  0 0 1,0 0 1,
  0 0 1,0 0 1,
  0 0 1,0 0 1,
  0 0 1,0 0 1,
  0 0 1,0 0 1,
  0 0 1,0 0 1,
  0 0 1,0 0 1,
  0 0 1,0 0 1,
  0 0 1,0 0 1,
  0 0 1,0 0 1,
  0 0 1,0 0 1,
  0 0 1,0 0 1,
  0 0 1,0 0 1,
  0 0 1,0 0 1,
  0 0 1,0 0 1,
  0 0 1,0 0 1,
  0 0 1,0 0 1,
  0 0 1,0 0 1,
  0 0 1,0 0 1,
  0 0 1,0 0 1,
  0 0 1,0 0 1,
  0 0 1,0 0 1,
  0 0 1,0 0 1,
  0 0 1,0 0 1,
  0 0 1,0 0 1,
  0 0 1,0 0 1,
  0 0 1,0 0 1,
  0 0 1,0 0 1,
  0 0 1,0 0 1,
  0 0 1,0 0 1,
  0 0 1,0 0 1,
  0 0 1,0 0 1,
  0 0 1,0 0 1,
  0 0 1,0 0 1,
  0 0 1,0 0 1,
  0 0 1,0 0 1,
  0 0 1,0 0 1,
  0 0 1,0 0 1,
  0 0 1,0 0 1,
  0 0 1,0 0 1,
  0 0 1,0 0 1,
  0 0 1,0 0 1,
  0 0 1,0 0 1,
  0 0 1,0 0 1,
  0 0 1,0 0 1,
  0 0 1,0 0 1,
  0 0 1,0 0 1,
  0 0 1,0 0 1,
  0 0 1,0 0 1,
  0 0 1,0 0 1,
  0 0 1,0 0 1,
  0 0 1,0 0 1,
  0 0 1,0 0 1,
  0 0 1,0 0 1,
  0 0 1,0 0 1,
  0 0 1,0 0 1,
  0 0 1,0 0 1,
  0 0 1,0 0 1,
  0 0 1,0 0 1,
  0 0 1,0 0 1,
  0 0 1,0 0 1,
  0 0 1,0 0 1,
  0 0 1,0 0 1,
  0 0 1,0 0 1,
  0 0 1,0 0 1,
  0 0 1,0 0 1,
  0 0 1,0 0 1,
  0 0 1,0 0 1,
  0 0 1,0 0 1,
  0 0 1,0 0 1,
  0 0 1,0 0 1,
  0 0 1,0 0 1,
  0 0 1,0 0 1,
  0 0 1,0 0 1,
  0 0 1,0 0 1,
  0 0 1,0 0 1,
  0 0 1,0 0 1,
  0 0 1,0 0 1,
  0 0 1,0 0 1,
  0 0 1,0 0 1,
  0 0 1,0 0 1,
  0 0 1,0 0 1,
  0 0 1,0 0 1,
  0 0 1,0 0 1,
  0 0 1,0 0 1,
  0 0 1,0 0 1,
  0 0 1,0 0 1,
  0 0 1,0 0 1,
  0 0 1,0 0 1,
  0 0 1,0 0 1,
  0 0 1,0 0 1,
  0 0 1,0 0 1,
  0 0 1,0 0 1,
  0 0 1,0 0 1,
  0 0 1,0 0 1,
  0 0 1,0 0 1,
  0 0 1,0 0 1,
  0 0 1,0 0 1,
  0 0 1,0 0 1,
  0 0 1,0 0 1,
  0 0 1,0 0 1,
  0 0 1,0 0 1,
  0 0 1,0 0 1,
  0 0 1,0 0 1,
  0 0 1,0 0 1,
  0 0 1,0 0 1,
  0 0 1,0 0 1,
  0 0 1,0 0 1,
  0 0 1,0 0 1,
  0 0 1,0 0 1,
  0 0 1,0 0 1,
  0 0 1,0 0 1,
  0 0 1,0 0 1,
  0 0 1,0 0 1,
  0 0 1,0 0 1,
  0 0 1,0 0 1,
  0 0 1,0 0 1,
  0 0 1,0 0 1,
  0 0 1,0 0 1,
  0 0 1,0 0 1,
  0 0 1,0 0 1,
  0 0 1,0 0 1,
  0 0 1,0 0 1,
  0 0 1,0 0 1,
  0 0 1,0 0 1,
  0 0 1,0 0 1,
  0 0 1,0 0 1,
  0 0 1,0 0 1,
  0 0 1,0 0 1,
  0 0 1,0 0 1,
  0 0 1,0 0 1,
  0 0 1,0 0 1,
  0 0 1,0 0 1,
  0 0 1,0 0 1,
  0 0 1,0 0 1,
  0 0 1,0 0 1,
  0 0 1,0 0 1,
  0 0 1,0 0 1,
  0 0 1,0 0 1,
  0 0 1,0 0 1,
  0 0 1,0 0 1,
  0 0 1,0 0 1,
  0 0 1,0 0 1,
  0 0 1,0 0 1,
  0 0 1,0 0 1,
  0 0 1,0 0 1,
  0 0 1,0 0 1,
  0 0 1,0 0 1,
  0 0 1,0 0 1,
  0 0 1,0 0 1,
  0 0 1,0 0 1,
  0 0 1,0 0 1,
  0 0 1,0 0 1,
  0 0 1,0 0 1,
  0 0 1,0 0 1,
  0 0 1,0 0 1,
  0 0 1,0 0 1,
  0 0 1,0 0 1,
  0 0 1,0 0 1,
  0 0 1,0 0 1,
  0 0 1,0 0 1,
  0 0 1,0 0 1,
  0 0 1,0 0 1,
  0 0 1,0 0 1,
  0 0 1,0 0 1,
  0 0 1,0 0 1,
  0 0 1,0 0 1,
  0 0 1,0 0 1,
  0 0 1,0 0 1,
  0 0 1,0 0 1,
  0 0 1,0 0 1,
  0 0 1,0 0 1,
  0 0 1,0 0 1,
  0 0 1,0 0 1,
  0 0 1,0 0 1,
  0 0 1,0 0 1,
  0 0 1,0 0 1,
  0 0 1,0 0 1,
  0 0 1,0 0 1,
  0 0 1,0 0 1,
  0 0 1,0 0 1,
  0 0 1,0 0 1,
  0 0 1,0 0 1,
  0 0 1,0 0 1,
  0 0 1,0 0 1,
  0 0 1,0 0 1,
  0 0 1,0 0 1,
  0 0 1,0 0 1,
  0 0 1,0 0 1,
  0 0 1,0 0 1,
  0 0 1,0 0 1,
  0 0 1,0 0 1,
  0 0 1,0 0 1,
  0 0 1,0 0 1,
  0 0 1,0 0 1,
  0 0 1,0 0 1,
  0 0 1,0 0 1,
  0 0 1,0 0 1,
  0 0 1,0 0 1,
  0 0 1,0 0 1,
  0 0 1,0 0 1,
  0 0 1,0 0 1,
  0 0 1,0 0 1,
  0 0 1,0 0 1,
  0 0 1,0 0 1,
  0 0 1,0 0 1,
  0 0 1,0 0 1,
  0 0 1,0 0 1,
  0 0 1,0 0 1,
  0 0 1,0 0 1,
  0 0 1,0 0 1,
  0 0 1,0 0 1,
  0 0 1,0 0 1,
  0 0 1,0 0 1,
  0 0 1,0 0 1,
  0 0 1,0 0 1,
  0 0 1,0 0 1,
  0 0 1,0 0 1,
  0 0 1,0 0 1,
  0 0 1,0 0 1,
  0 0 1,0 0 1,
  0 0 1,0 0 1,
  0 0 1,0 0 1,
  0 0 1,0 0 1,
  0 0 1,0 0 1,
  0 0 1,0 0 1,
  0 0 1,0 0 1,
  0 0 1,0 0 1,
  0 0 1,0 0 1,
  0 0 1,0 0 1,
  0 0 1,0 0 1,
  0 0 1,0 0 1,
  0 0 1,0 0 1,
  0 0 1,0 0 1,
  0 0 1,0 0 1,
  0 0 1,0 0 1,
  0 0 1,0 0 1,
  0 0 1,0 0 1,
  0 0 1,0 0 1,
  0 0 1,0 0 1,
  0 0 1,0 0 1,
  0 0 1,0 0 1,
  0 0 1,0 0 1,
  0 0 1,0 0 1,
  0 0 1,0 0 1,
  0 0 1,0 0 1,
  0 0 1,0 0 1,
  0 0 1,0 0 1,
  0 0 1,0 0 1,
  0 0 1,0 0 1,
  0 0 1,0 0 1,
  0 0 1,0 0 1,
  0 0 1,0 0 1,
  0 0 1,0 0 1,
  0 0 1,0 0 1,
  0 0 1,0 0 1,
  0 0 1,0 0 1,
  0 0 1,0 0 1,
  0 0 1,0 0 1,
  0 0 1,0 0 1,
  0 0 1,0 0 1,
  0 0 1,0 0 1,
  0 0 1,0 0 1,
  0 0 1,0 0 1,
  0 0 1,0 0 1,
  0 0 1,0 0 1,
  0 0 1,0 0 1,
  0 0 1,0 0 1,
  0 0 1,0 0 1,
  0 0 1,0 0 1,
  0 0 1,0 0 1,
  0 0 1,0 0 1,
  0 0 1,0 0 1,
  0 0 1,0 0 1,
  0 0 1,0 0 1,
  0 0 1,0 0 1,
  0 0 1,0 0 1,
  0 0 1,0 0 1,
  0 0 1,0 0 1,
  0 0 1,0 0 1,
  0 0 1,0 0 1,
  0 0 1,0 0 1,
  0 0 1,0 0 1,
  0 0 1,0 0 1,
  0 0 1,0 0 1,
  0 0 1,0 0 1,
  0 0 1,0 0 1,
  0 0 1,0 0 1,
  0 0 1,0 0 1,
  0 0 1,0 0 1,
  0 0 1,0 0 1,
  0 0 1,0 0 1,
  0 0 1,0 0 1,
  0 0 1,0 0 1,
  0 0 1,0 0 1,
  0 0 1,0 0 1,
  0 0 1,0 0 1,
  0 0 1,0 0 1,
  0 0 1,0 0 1,
  0 0 1,0 0 1,
  0 0 1,0 0 1,
  0 0 1,0 0 1,
  0 0 1,0 0 1,
  0 0 1,0 0 1,
  0 0 1,0 0 1,
  0 0 1,0 0 1,
  0 0 1,0 0 1,
  0 0 1,0 0 1,
  0 0 1,0 0 1,
  0 0 1,0 0 1,
  0 0 1,0 0 1,
  0 0 1,0 0 1,
  0 0 1,0 0 1,
  0 0 1,0 0 1,
  0 0 1,0 0 1,
  0 0 1,0 0 1,
  0 0 1,0 0 1,
  0 0 1,0 0 1,
  0 0 1,0 0 1,
  0 0 1,0 0 1,
  0 0 1,0 0 1,
  0 0 1,0 0 1,
  0 0 1,0 0 1,
  0 0 1,0 0 1,
  0 0 1,0 0 1,
  0 0 1,0 0 1,
  0 0 1,0 0 1,
  0 0 1,0 0 1,
  0 0 1,0 0 1,
  0 0 1,0 0 1,
  0 0 1,0 0 1,
  0 0 1,0 0 1,
  0 0 1,0 0 1,
  0 0 1,0 0 1,
  0 0 1,0 0 1,
  0 0 1,0 0 1,
  0 0 1,0 0 1,
  0 0 1,0 0 1,
  0 0 1,0 0 1,
  0 0 1,0 0 1,
  0 0 1,0 0 1,
  0 0 1,0 0 1,
  0 0 1,0 0 1,
  0 0 1,0 0 1,
  0 0 1,0 0 1,
  0 0 1,0 0 1,
  0 0 1,0 0 1,
  0 0 1,0 0 1,
  0 0 1,0 0 1,
  0 0 1,0 0 1,
  0 0 1,0 0 1,
  0 0 1,0 0 1,
  0 0 1,0 0 1,
  0 0 1,0 0 1,
  0 0 1,0 0 1,
  0 0 1,0 0 1,
  0 0 1,0 0 1,
  0 0 1,0 0 1,
  0 0 1,0 0 1,
  0 0 1,0 0 1,
  0 0 1,0 0 1,
  0 0 1,0 0 1,
  0 0 1,0 0 1,
  0 0 1,0 0 1,
  0 0 1,0 0 1,
  0 0 1,0 0 1,
  0 0 1,0 0 1,
  0 0 1,0 0 1,
  0 0 1,0 0 1,
  0 0 1,0 0 1,
  0 0 1,0 0 1,
  0 0 1,0 0 1,
  0 0 1,0 0 1,
  0 0 1,0 0 1,
  0 0 1,0 0 1,
  0 0 1,0 0 1,
  0 0 1,0 0 1,
  0 0 1,0 0 1,
  0 0 1,0 0 1,
  0 0 1,0 0 1,
  0 0 1,0 0 1,
  0 0 1,0 0 1,
  0 0 1,0 0 1,
  0 0 1,0 0 1,
  0 0 1,0 0 1,
  0 0 1,0 0 1,
  0 0 1,0 0 1,
  0 0 1,0 0 1,
  0 0 1,0 0 1,
  0 0 1,0 0 1,
  0 0 1,0 0 1,
  0 0 1,0 0 1,
  0 0 1,0 0 1,
  0 0 1,0 0 1,
  0 0 1,0 0 1,
  0 0 1,0 0 1,
  0 0 1,0 0 1,
  0 0 1,0 0 1,
  0 0 1,0 0 1,
  0 0 1,0 0 1,
  0 0 1,0 0 1,
  0 0 1,0 0 1,
  0 0 1,0 0 1,
  0 0 1,0 0 1,
  0 0 1,0 0 1,
  0 0 1,0 0 1,
  0 0 1,0 0 1,
  0 0 1,0 0 1,
  0 0 1,0 0 1,
  0 0 1,0 0 1,
  0 0 1,0 0 1,
  0 0 1,0 0 1,
  0 0 1,0 0 1,
  0 0 1,0 0 1,
  0 0 1,0 0 1,
  0 0 1,0 0 1,
  0 0 1,0 0 1,
  0 0 1,0 0 1,
  0 0 1,0 0 1,
  0 0 1,0 0 1,
  0 0 1,0 0 1,
  0 0 1,0 0 1,
  0 0 1,0 0 1,
  0 0 1,0 0 1,
  0 0 1,0 0 1,
  0 0 1,0 0 1,
  0 0 1,0 0 1,
  0 0 1,0 0 1,
  0 0 1,0 0 1,
  0 0 1,0 0 1,
  0 0 1,0 0 1,
  0 0 1,0 0 1,
  0 0 1,0 0 1,
  0 0 1,0 0 1,
  0 0 1,0 0 1,
  0 0 1,0 0 1,
  0 0 1,0 0 1,
  0 0 1,0 0 1,
  0 0 1,0 0 1,
  0 0 1,0 0 1,
  0 0 1,0 0 1,
  0 0 1,0 0 1,
  0 0 1,0 0 1,
  0 0 1,0 0 1,
  0 0 1,0 0 1,
  0 0 1,0 0 1,
  0 0 1,0 0 1,
  0 0 1,0 0 1,
  0 0 1,0 0 1,
  0 0 1,0 0 1,
  0 0 1,0 0 1,
  0 0 1,0 0 1,
  0 0 1,0 0 1,
  0 0 1,0 0 1,
  0 0 1,0 0 1,
  0 0 1,0 0 1,
  0 0 1,0 0 1,
  0 0 1,0 0 1,
  0 0 1,0 0 1,
  0 0 1,0 0 1,
  0 0 1,0 0 1,
  0 0 1,0 0 1,
  0 0 1,0 0 1,
  0 0 1,0 0 1,
  0 0 1,0 0 1,
  0 0 1,0 0 1,
  0 0 1,0 0 1,
  0 0 1,0 0 1,
  0 0 1,0 0 1,
  0 0 1,0 0 1,
  0 0 1,0 0 1,
  0 0 1,0 0 1,
  0 0 1,0 0 1,
  0 0 1,0 0 1,
  0 0 1,0 0 1,
  0 0 1,0 0 1,
  0 0 1,0 0 1,
  0 0 1,0 0 1,
  0 0 1,0 0 1,
  0 0 1,0 0 1,
  0 0 1,0 0 1,
  0 0 1,0 0 1,
  0 0 1,0 0 1,
  0 0 1,0 0 1,
  0 0 1,0 0 1,
  0 0 1,0 0 1,
  0 0 1,0 0 1,
  0 0 1,0 0 1,
  0 0 1,0 0 1,
  0 0 1,0 0 1,
  0 0 1,0 0 1,
  0 0 1,0 0 1,
  0 0 1,0 0 1,
  0 0 1,0 0 1,
  0 0 1,0 0 1,
  0 0 1,0 0 1,
  0 0 1,0 0 1,
  0 0 1,0 0 1,
  0 0 1,0 0 1,
  0 0 1,0 0 1,
  0 0 1,0 0 1,
  0 0 1,0 0 1,
  0 0 1,0 0 1,
  0 0 1,0 0 1,
  0 0 1,0 0 1,
  0 0 1,0 0 1,
  0 0 1,0 0 1,
  0 0 1,0 0 1,
  0 0 1,0 0 1,
  0 0 1,0 0 1,
  0 0 1,0 0 1,
  0 0 1,0 0 1,
  0 0 1,0 0 1,
  0 0 1,0 0 1,
  0 0 1,0 0 1,
  0 0 1,0 0 1,
  0 0 1,0 0 1,
  0 0 1,0 0 1,
  0 0 1,0 0 1,
  0 0 1,0 0 1,
  0 0 1,0 0 1,
  0 0 1,0 0 1,
  0 0 1,0 0 1,
  0 0 1,0 0 1,
  0 0 1,0 0 1,
  0 0 1,0 0 1,
  0 0 1,0 0 1,
  0 0 1,0 0 1,
  0 0 1,0 0 1,
  0 0 1,0 0 1,
  0 0 1,0 0 1,
  0 0 1,0 0 1,
  0 0 1,0 0 1,
  0 0 1,0 0 1,
  0 0 1,0 0 1,
  0 0 1,0 0 1,
  0 0 1,0 0 1,
  0 0 1,0 0 1,
  0 0 1,0 0 1,
  0 0 1,0 0 1,
  0 0 1,0 0 1,
  0 0 1,0 0 1,
  0 0 1,0 0 1,
  0 0 1,0 0 1,
  0 0 1,0 0 1,
  0 0 1,0 0 1,
  0 0 1,0 0 1,
  0 0 1,0 0 1,
  0 0 1,0 0 1,
  0 0 1,0 0 1,
  0 0 1,0 0 1,
  0 0 1,0 0 1,
  0 0 1,0 0 1,
  0 0 1,0 0 1,
  0 0 1,0 0 1,
  0 0 1,0 0 1,
  0 0 1,0 0 1,
  0 0 1,0 0 1,
  0 0 1,0 0 1,
  0 0 1,0 0 1,
  0 0 1,0 0 1,
  0 0 1,0 0 1,
  0 0 1,0 0 1,
  0 0 1,0 0 1,
  0 0 1,0 0 1,
  0 0 1,0 0 1,
  0 0 1,0 0 1,
  0 0 1,0 0 1,
  0 0 1,0 0 1,
  0 0 1,0 0 1,
  0 0 1,0 0 1,
  0 0 1,0 0 1,
  0 0 1,0 0 1,
  0 0 1,0 0 1,
  0 0 1,0 0 1,
  0 0 1,0 0 1,
  0 0 1,0 0 1,
  0 0 1,0 0 1,
  0 0 1,0 0 1,
  0 0 1,0 0 1,
  0 0 1,0 0 1,
  0 0 1,0 0 1,
  0 0 1,0 0 1,
  0 0 1,0 0 1,
  0 0 1,0 0 1,
  0 0 1,0 0 1,
  0 0 1,0 0 1,
  0 0 1,0 0 1,
  0 0 1,0 0 1,
  0 0 1,0 0 1,
  0 0 1,0 0 1,
  0 0 1,0 0 1,
  0 0 1,0 0 1,
  0 0 1,0 0 1,
  0 0 1,0 0 1,
  0 0 1,0 0 1,
  0 0 1,0 0 1,
  0 0 1,0 0 1,
  0 0 1,0 0 1,
  0 0 1,0 0 1,
  0 0 1,0 0 1,
  0 0 1,0 0 1,
  0 0 1,0 0 1,
  0 0 1,0 0 1,
  0 0 1,0 0 1,
  0 0 1,0 0 1,
  0 0 1,0 0 1,
  0 0 1,0 0 1,
  0 0 1,0 0 1,
  0 0 1,0 0 1,
  0 0 1,0 0 1,
  0 0 1,0 0 1,
  0 0 1,0 0 1,
  0 0 1,0 0 1,
  0 0 1,0 0 1,
  0 0 1,0 0 1,
  0 0 1,0 0 1,
  0 0 1,0 0 1,
  0 0 1,0 0 1,
  0 0 1,0 0 1,
  0 0 1,0 0 1,
  0 0 1,0 0 1,
  0 0 1,0 0 1,
  0 0 1,0 0 1,
  0 0 1,0 0 1,
  0 0 1,0 0 1,
  0 0 1,0 0 1,
  0 0 1,0 0 1,
  0 0 1,0 0 1,
  0 0 1,0 0 1,
  0 0 1,0 0 1,
  0 0 1,0 0 1,
  0 0 1,0 0 1,
  0 0 1,0 0 1,
  0 0 1,0 0 1,
  0 0 1,0 0 1,
  0 0 1,0 0 1,
  0 0 1,0 0 1,
  0 0 1,0 0 1,
  0 0 1,0 0 1,
  0 0 1,0 0 1,
  0 0 1,0 0 1,
  0 0 1,0 0 1,
  0 0 1,0 0 1,
  0 0 1,0 0 1,
  0 0 1,0 0 1,
  0 0 1,0 0 1,
  0 0 1,0 0 1,
  0 0 1,0 0 1,
  0 0 1,0 0 1,
  0 0 1,0 0 1,
  0 0 1,0 0 1,
  0 0 1,0 0 1,
  0 0 1,0 0 1,
  0 0 1,0 0 1,
  0 0 1,0 0 1,
  0 0 1,0 0 1,
  0 0 1,0 0 1,
  0 0 1,0 0 1,
  0 0 1,0 0 1,
  0 0 1,0 0 1,
  0 0 1,0 0 1,
  0 0 1,0 0 1,
  0 0 1,0 0 1,
  0 0 1,0 0 1,
  0 0 1,0 0 1,
  0 0 1,0 0 1,
  0 0 1,0 0 1,
  0 0 1,0 0 1,
  0 0 1,0 0 1,
  0 0 1,0 0 1,
  0 0 1,0 0 1,
  0 0 1,0 0 1,
  0 0 1,0 0 1,
  0 0 1,0 0 1,
  0 0 1,0 0 1,
  0 0 1,0 0 1,
  0 0 1,0 0 1,
  0 0 1,0 0 1,
  0 0 1,0 0 1,
  0 0 1,0 0 1,
  0 0 1,0 0 1,
  0 0 1,0 0 1,
  0 0 1,0 0 1,
  0 0 1,0 0 1,
  0 0 1,0 0 1,
  0 0 1,0 0 1,
  0 0 1,0 0 1,
  0 0 1,0 0 1,
  0 0 1,0 0 1,
  0 0 1,0 0 1,
  0 0 1,0 0 1,
  0 0 1,0 0 1,
  0 0 1,0 0 1,
  0 0 1,0 0 1,
  0 0 1,0 0 1,
  0 0 1,0 0 1,
  0 0 1,0 0 1,
  0 0 1,0 0 1,
  0 0 1,0 0 1,
  0 0 1,0 0 1,
  0 0 1,0 0 1,
  0 0 1,0 0 1,
  0 0 1,0 0 1,
  0 0 1,0 0 1,
  0 0 1,0 0 1,
  0 0 1,0 0 1,
  0 0 1,0 0 1,
  0 0 1,0 0 1,
  0 0 1,0 0 1,
  0 0 1,0 0 1,
  0 0 1,0 0 1,
  0 0 1,0 0 1,
  0 0 1,0 0 1,
  0 0 1,0 0 1,
  0 0 1,0 0 1,
  0 0 1,0 0 1,
  0 0 1,0 0 1,
  0 0 1,0 0 1,
  0 0 1,0 0 1,
  0 0 1,0 0 1,
  0 0 1,0 0 1,
  0 0 1,0 0 1,
  0 0 1,0 0 1,
  0 0 1,0 0 1,
  0 0 1,0 0 1,
  0 0 1,0 0 1,
  0 0 1,0 0 1,
  0 0 1,0 0 1,
  0 0 1,0 0 1,
  0 0 1,0 0 1,
  0 0 1,0 0 1,
  0 0 1,0 0 1,
  0 0 1,0 0 1,
  0 0 1,0 0 1,
  0 0 1,0 0 1,
  0 0 1,0 0 1,
  0 0 1,0 0 1,
  0 0 1,0 0 1,
  0 0 1,0 0 1,
  0 0 1,0 0 1,
  0 0 1,0 0 1,
  0 0 1,0 0 1,
  0 0 1,0 0 1,
  0 0 1,0 0 1,
  0 0 1,0 0 1,
  0 0 1,0 0 1,
  0 0 1,0 0 1,
  0 0 1,0 0 1,
  0 0 1,0 0 1,
  0 0 1,0 0 1,
  0 0 1,0 0 1,
  0 0 1,0 0 1,
  0 0 1,0 0 1,
  0 0 1,0 0 1,
  0 0 1,0 0 1,
  0 0 1,0 0 1,
  0 0 1,0 0 1,
  0 0 1,0 0 1,
  0 0 1,0 0 1,
  0 0 1,0 0 1,
  0 0 1,0 0 1,
  0 0 1,0 0 1,
  0 0 1,0 0 1,
  0 0 1,0 0 1,
  0 0 1,0 0 1,
  0 0 1,0 0 1,
  0 0 1,0 0 1,
  0 0 1,0 0 1,
  0 0 1,0 0 1,
  0 0 1,0 0 1,
  0 0 1,0 0 1,
  0 0 1,0 0 1,
  0 0 1,0 0 1,
  0 0 1,0 0 1,
  0 0 1,0 0 1,
  0 0 1,0 0 1,
  0 0 1,0 0 1,
  0 0 1,0 0 1,
  0 0 1,0 0 1,
  0 0 1,0 0 1,
  0 0 1,0 0 1,
  0 0 1,0 0 1,
  0 0 1,0 0 1,
  0 0 1,0 0 1,
  0 0 1,0 0 1,
  0 0 1,0 0 1,
  0 0 1,0 0 1,
  0 0 1,0 0 1,
  0 0 1,0 0 1,
  0 0 1,0 0 1,
  0 0 1,0 0 1,
  0 0 1,0 0 1,
  0 0 1,0 0 1,
  0 0 1,0 0 1,
  0 0 1,0 0 1,
  0 0 1,0 0 1,
  0 0 1,0 0 1,
  0 0 1,0 0 1,
  0 0 1,0 0 1,
  0 0 1,0 0 1,
  0 0 1,0 0 1,
  0 0 1,0 0 1,
  0 0 1,0 0 1,
  0 0 1,0 0 1,
  0 0 1,0 0 1,
  0 0 1,0 0 1,
  0 0 1,0 0 1,
  0 0 1,0 0 1,
  0 0 1,0 0 1,
  0 0 1,0 0 1,
  0 0 1,0 0 1,
  0 0 1,0 0 1,
  0 0 1,0 0 1,
  0 0 1,0 0 1,
  0 0 1,0 0 1,
  0 0 1,0 0 1,
  0 0 1,0 0 1,
  0 0 1,0 0 1,
  0 0 1,0 0 1,
  0 0 1,0 0 1,
  0 0 1,0 0 1,
  0 0 1,0 0 1,
  0 0 1,0 0 1,
  0 0 1,0 0 1,
  0 0 1,0 0 1,
  0 0 1,0 0 1,
  0 0 1,0 0 1,
  0 0 1,0 0 1,
  0 0 1,0 0 1,
  0 0 1,0 0 1,
  0 0 1,0 0 1,
  0 0 1,0 0 1,
  0 0 1,0 0 1,
  0 0 1,0 0 1,
  0 0 1,0 0 1,
  0 0 1,0 0 1,
  0 0 1,0 0 1,
  0 0 1,0 0 1,
  0 0 1,0 0 1,
  0 0 1,0 0 1,
  0 0 1,0 0 1,
  0 0 1,0 0 1,
  0 0 1,0 0 1,
  0 0 1,0 0 1,
  0 0 1,0 0 1,
  0 0 1,0 0 1,
  0 0 1,0 0 1,
  0 0 1,0 0 1,
  0 0 1,0 0 1,
  0 0 1,0 0 1,
  0 0 1,0 0 1,
  0 0 1,0 0 1,
  0 0 1,0 0 1,
  0 0 1,0 0 1,
  0 0 1,0 0 1,
  0 0 1,0 0 1,
  0 0 1,0 0 1,
  0 0 1,0 0 1,
  0 0 1,0 0 1,
  0 0 1,0 0 1,
  0 0 1,0 0 1,
  0 0 1,0 0 1,
  0 0 1,0 0 1,
  0 0 1,0 0 1,
  0 0 1,0 0 1,
  0 0 1,0 0 1,
  0 0 1,0 0 1,
  0 0 1,0 0 1,
  0 0 1,0 0 1,
  0 0 1,0 0 1,
  0 0 1,0 0 1,
  0 0 1,0 0 1,
  0 0 1,0 0 1,
  0 0 1,0 0 1,
  0 0 1,0 0 1,
  0 0 1,0 0 1,
  0 0 1,0 0 1,
  0 0 1,0 0 1,
  0 0 1,0 0 1,
  0 0 1,0 0 1,
  0 0 1,0 0 1,
  0 0 1,0 0 1,
  0 0 1,0 0 1,
  0 0 1,0 0 1,
  0 0 1,0 0 1,
  0 0 1,0 0 1,
  0 0 1,0 0 1,
  0 0 1,0 0 1,
  0 0 1,0 0 1,
  0 0 1,0 0 1,
  0 0 1,0 0 1,
  0 0 1,0 0 1,
  0 0 1,0 0 1,
  0 0 1,0 0 1,
  0 0 1,0 0 1,
  0 0 1,0 0 1,
  0 0 1,0 0 1,
  0 0 1,0 0 1,
  0 0 1,0 0 1,
  0 0 1,0 0 1,
  0 0 1,0 0 1,
  0 0 1,0 0 1,
  0 0 1,0 0 1,
  0 0 1,0 0 1,
  0 0 1,0 0 1,
  0 0 1,0 0 1,
  0 0 1,0 0 1,
  0 0 1,0 0 1,
  0 0 1,0 0 1,
  0 0 1,0 0 1,
  0 0 1,0 0 1,
  0 0 1,0 0 1,
  0 0 1,0 0 1,
  0 0 1,0 0 1,
  0 0 1,0 0 1,
  0 0 1,0 0 1,
  0 0 1,0 0 1,
  0 0 1,0 0 1,
  0 0 1,0 0 1,
  0 0 1,0 0 1,
  0 0 1,0 0 1,
  0 0 1,0 0 1,
  0 0 1,0 0 1,
  0 0 1,0 0 1,
  0 0 1,0 0 1,
  0 0 1,0 0 1,
  0 0 1,0 0 1,
  0 0 1,0 0 1,
  0 0 1,0 0 1,
  0 0 1,0 0 1,
  0 0 1,0 0 1,
  0 0 1,0 0 1,
  0 0 1,0 0 1,
  0 0 1,0 0 1,
  0 0 1,0 0 1,
  0 0 1,0 0 1,
  0 0 1,0 0 1,
  0 0 1,0 0 1,
  0 0 1,0 0 1,
  0 0 1,0 0 1,
  0 0 1,0 0 1,
  0 0 1,0 0 1,
  0 0 1,0 0 1,
  0 0 1,0 0 1,
  0 0 1,0 0 1,
  0 0 1,0 0 1,
  0 0 1,0 0 1,
  0 0 1,0 0 1,
  0 0 1,0 0 1,
  0 0 1,0 0 1,
  0 0 1,0 0 1,
  0 0 1,0 0 1,
  0 0 1,0 0 1,
  0 0 1,0 0 1,
  0 0 1,0 0 1,
  0 0 1,0 0 1,
  0 0 1,0 0 1,
  0 0 1,0 0 1,
  0 0 1,0 0 1,
  0 0 1,0 0 1,
  0 0 1,0 0 1,
  0 0 1,0 0 1,
  0 0 1,0 0 1,
  0 0 1,0 0 1,
  0 0 1,0 0 1,
  0 0 1,0 0 1,
  0 0 1,0 0 1,
  0 0 1,0 0 1,
  0 0 1,0 0 1,
  0 0 1,0 0 1,
  0 0 1,0 0 1,
  0 0 1,0 0 1,
  0 0 1,0 0 1,
  0 0 1,0 0 1,
  0 0 1,0 0 1,
  0 0 1,0 0 1,
  0 0 1,0 0 1,
  0 0 1,0 0 1,
  0 0 1,0 0 1,
  0 0 1,0 0 1,
  0 0 1,0 0 1,
  0 0 1,0 0 1,
  0 0 1,0 0 1,
  0 0 1,0 0 1] }
}
}
] }
DEF TXFM_6 Transform {
  center 0 0 0
  rotation 0 0 1 0
  scale 1 1 1
  scaleOrientation 0 0 1 0
  translation 0 0 0
 children [
DEF SHAPE_6 Shape {
 appearance USE APP_2
 geometry DEF FACE_6 IndexedFaceSet {
  coord DEF COORD_6 Coordinate { point [
  51.784403 -26.934498 -0.31496063,51.737648 -26.981253 -0.31496063,
  51.70247 -27.037239 -0.31496063,51.680631 -27.099649 -0.31496063,
  51.673228 -27.165354 -0.31496063,51.680631 -27.231059 -0.31496063,
  51.70247 -27.29347 -0.31496063,51.737648 -27.349456 -0.31496063,
  51.784403 -27.39621 -0.31496063,51.840389 -27.431389 -0.31496063,
  51.902799 -27.453227 -0.31496063,51.968504 -27.46063 -0.31496063,
  52.034209 -27.453227 -0.31496063,52.096619 -27.431389 -0.31496063,
  52.152605 -27.39621 -0.31496063,52.19936 -27.349456 -0.31496063,
  52.234538 -27.29347 -0.31496063,52.256376 -27.231059 -0.31496063,
  52.26378 -27.165354 -0.31496063,52.256376 -27.099649 -0.31496063,
  52.234538 -27.037239 -0.31496063,52.19936 -26.981253 -0.31496063,
  52.152605 -26.934498 -0.31496063,52.096619 -26.89932 -0.31496063,
  52.034209 -26.877482 -0.31496063,51.968504 -26.870079 -0.31496063,
  51.902799 -26.877482 -0.31496063,51.840389 -26.89932 -0.31496063,
  51.799213 -27.165354 -0.31496063,51.812099 -27.100569 -0.31496063,
  51.848797 -27.045647 -0.31496063,51.903719 -27.00895 -0.31496063,
  51.968504 -26.996063 -0.31496063,52.033289 -27.00895 -0.31496063,
  52.088211 -27.045647 -0.31496063,52.124909 -27.100569 -0.31496063,
  52.137795 -27.165354 -0.31496063,52.124909 -27.230139 -0.31496063,
  52.088211 -27.285061 -0.31496063,52.033289 -27.321759 -0.31496063,
  51.968504 -27.334646 -0.31496063,51.903719 -27.321759 -0.31496063,
  51.848797 -27.285061 -0.31496063,51.812099 -27.230139 -0.31496063,
  51.784403 -26.147097 -0.31496063,51.737648 -26.193852 -0.31496063,
  51.70247 -26.249837 -0.31496063,51.680631 -26.312248 -0.31496063,
  51.673228 -26.377953 -0.31496063,51.680631 -26.443658 -0.31496063,
  51.70247 -26.506068 -0.31496063,51.737648 -26.562054 -0.31496063,
  51.784403 -26.608809 -0.31496063,51.840389 -26.643987 -0.31496063,
  51.902799 -26.665825 -0.31496063,51.968504 -26.673228 -0.31496063,
  52.034209 -26.665825 -0.31496063,52.096619 -26.643987 -0.31496063,
  52.152605 -26.608809 -0.31496063,52.19936 -26.562054 -0.31496063,
  52.234538 -26.506068 -0.31496063,52.256376 -26.443658 -0.31496063,
  52.26378 -26.377953 -0.31496063,52.256376 -26.312248 -0.31496063,
  52.234538 -26.249837 -0.31496063,52.19936 -26.193852 -0.31496063,
  52.152605 -26.147097 -0.31496063,52.096619 -26.111919 -0.31496063,
  52.034209 -26.09008 -0.31496063,51.968504 -26.082677 -0.31496063,
  51.902799 -26.09008 -0.31496063,51.840389 -26.111919 -0.31496063,
  51.799213 -26.377953 -0.31496063,51.812099 -26.313168 -0.31496063,
  51.848797 -26.258246 -0.31496063,51.903719 -26.221548 -0.31496063,
  51.968504 -26.208661 -0.31496063,52.033289 -26.221548 -0.31496063,
  52.088211 -26.258246 -0.31496063,52.124909 -26.313168 -0.31496063,
  52.137795 -26.377953 -0.31496063,52.124909 -26.442738 -0.31496063,
  52.088211 -26.49766 -0.31496063,52.033289 -26.534358 -0.31496063,
  51.968504 -26.547244 -0.31496063,51.903719 -26.534358 -0.31496063,
  51.848797 -26.49766 -0.31496063,51.812099 -26.442738 -0.31496063,
  51.784403 -24.572294 -0.31496063,51.737648 -24.619048 -0.31496063,
  51.70247 -24.675034 -0.31496063,51.680631 -24.737444 -0.31496063,
  51.673228 -24.80315 -0.31496063,51.680631 -24.868855 -0.31496063,
  51.70247 -24.931265 -0.31496063,51.737648 -24.987251 -0.31496063,
  51.784403 -25.034006 -0.31496063,51.840389 -25.069184 -0.31496063,
  51.902799 -25.091022 -0.31496063,51.968504 -25.098425 -0.31496063,
  52.034209 -25.091022 -0.31496063,52.096619 -25.069184 -0.31496063,
  52.152605 -25.034006 -0.31496063,52.19936 -24.987251 -0.31496063,
  52.234538 -24.931265 -0.31496063,52.256376 -24.868855 -0.31496063,
  52.26378 -24.80315 -0.31496063,52.256376 -24.737444 -0.31496063,
  52.234538 -24.675034 -0.31496063,52.19936 -24.619048 -0.31496063,
  52.152605 -24.572294 -0.31496063,52.096619 -24.537115 -0.31496063,
  52.034209 -24.515277 -0.31496063,51.968504 -24.507874 -0.31496063,
  51.902799 -24.515277 -0.31496063,51.840389 -24.537115 -0.31496063,
  51.799213 -24.80315 -0.31496063,51.812099 -24.738365 -0.31496063,
  51.848797 -24.683443 -0.31496063,51.903719 -24.646745 -0.31496063,
  51.968504 -24.633858 -0.31496063,52.033289 -24.646745 -0.31496063,
  52.088211 -24.683443 -0.31496063,52.124909 -24.738365 -0.31496063,
  52.137795 -24.80315 -0.31496063,52.124909 -24.867935 -0.31496063,
  52.088211 -24.922857 -0.31496063,52.033289 -24.959554 -0.31496063,
  51.968504 -24.972441 -0.31496063,51.903719 -24.959554 -0.31496063,
  51.848797 -24.922857 -0.31496063,51.812099 -24.867935 -0.31496063,
  51.784403 -25.359695 -0.31496063,51.737648 -25.40645 -0.31496063,
  51.70247 -25.462436 -0.31496063,51.680631 -25.524846 -0.31496063,
  51.673228 -25.590551 -0.31496063,51.680631 -25.656256 -0.31496063,
  51.70247 -25.718667 -0.31496063,51.737648 -25.774652 -0.31496063,
  51.784403 -25.821407 -0.31496063,51.840389 -25.856585 -0.31496063,
  51.902799 -25.878424 -0.31496063,51.968504 -25.885827 -0.31496063,
  52.034209 -25.878424 -0.31496063,52.096619 -25.856585 -0.31496063,
  52.152605 -25.821407 -0.31496063,52.19936 -25.774652 -0.31496063,
  52.234538 -25.718667 -0.31496063,52.256376 -25.656256 -0.31496063,
  52.26378 -25.590551 -0.31496063,52.256376 -25.524846 -0.31496063,
  52.234538 -25.462436 -0.31496063,52.19936 -25.40645 -0.31496063,
  52.152605 -25.359695 -0.31496063,52.096619 -25.324517 -0.31496063,
  52.034209 -25.302679 -0.31496063,51.968504 -25.295276 -0.31496063,
  51.902799 -25.302679 -0.31496063,51.840389 -25.324517 -0.31496063,
  51.799213 -25.590551 -0.31496063,51.812099 -25.525766 -0.31496063,
  51.848797 -25.470844 -0.31496063,51.903719 -25.434146 -0.31496063,
  51.968504 -25.42126 -0.31496063,52.033289 -25.434146 -0.31496063,
  52.088211 -25.470844 -0.31496063,52.124909 -25.525766 -0.31496063,
  52.137795 -25.590551 -0.31496063,52.124909 -25.655336 -0.31496063,
  52.088211 -25.710258 -0.31496063,52.033289 -25.746956 -0.31496063,
  51.968504 -25.759843 -0.31496063,51.903719 -25.746956 -0.31496063,
  51.848797 -25.710258 -0.31496063,51.812099 -25.655336 -0.31496063,
  51.784403 -19.847884 -0.31496063,51.737648 -19.894639 -0.31496063,
  51.70247 -19.950625 -0.31496063,51.680631 -20.013035 -0.31496063,
  51.673228 -20.07874 -0.31496063,51.680631 -20.144445 -0.31496063,
  51.70247 -20.206856 -0.31496063,51.737648 -20.262841 -0.31496063,
  51.784403 -20.309596 -0.31496063,51.840389 -20.344774 -0.31496063,
  51.902799 -20.366613 -0.31496063,51.968504 -20.374016 -0.31496063,
  52.034209 -20.366613 -0.31496063,52.096619 -20.344774 -0.31496063,
  52.152605 -20.309596 -0.31496063,52.19936 -20.262841 -0.31496063,
  52.234538 -20.206856 -0.31496063,52.256376 -20.144445 -0.31496063,
  52.26378 -20.07874 -0.31496063,52.256376 -20.013035 -0.31496063,
  52.234538 -19.950625 -0.31496063,52.19936 -19.894639 -0.31496063,
  52.152605 -19.847884 -0.31496063,52.096619 -19.812706 -0.31496063,
  52.034209 -19.790868 -0.31496063,51.968504 -19.783465 -0.31496063,
  51.902799 -19.790868 -0.31496063,51.840389 -19.812706 -0.31496063,
  51.799213 -20.07874 -0.31496063,51.812099 -20.013955 -0.31496063,
  51.848797 -19.959033 -0.31496063,51.903719 -19.922335 -0.31496063,
  51.968504 -19.909449 -0.31496063,52.033289 -19.922335 -0.31496063,
  52.088211 -19.959033 -0.31496063,52.124909 -20.013955 -0.31496063,
  52.137795 -20.07874 -0.31496063,52.124909 -20.143525 -0.31496063,
  52.088211 -20.198447 -0.31496063,52.033289 -20.235145 -0.31496063,
  51.968504 -20.248031 -0.31496063,51.903719 -20.235145 -0.31496063,
  51.848797 -20.198447 -0.31496063,51.812099 -20.143525 -0.31496063,
  51.784403 -20.635286 -0.31496063,51.737648 -20.682041 -0.31496063,
  51.70247 -20.738026 -0.31496063,51.680631 -20.800437 -0.31496063,
  51.673228 -20.866142 -0.31496063,51.680631 -20.931847 -0.31496063,
  51.70247 -20.994257 -0.31496063,51.737648 -21.050243 -0.31496063,
  51.784403 -21.096998 -0.31496063,51.840389 -21.132176 -0.31496063,
  51.902799 -21.154014 -0.31496063,51.968504 -21.161417 -0.31496063,
  52.034209 -21.154014 -0.31496063,52.096619 -21.132176 -0.31496063,
  52.152605 -21.096998 -0.31496063,52.19936 -21.050243 -0.31496063,
  52.234538 -20.994257 -0.31496063,52.256376 -20.931847 -0.31496063,
  52.26378 -20.866142 -0.31496063,52.256376 -20.800437 -0.31496063,
  52.234538 -20.738026 -0.31496063,52.19936 -20.682041 -0.31496063,
  52.152605 -20.635286 -0.31496063,52.096619 -20.600107 -0.31496063,
  52.034209 -20.578269 -0.31496063,51.968504 -20.570866 -0.31496063,
  51.902799 -20.578269 -0.31496063,51.840389 -20.600107 -0.31496063,
  51.799213 -20.866142 -0.31496063,51.812099 -20.801357 -0.31496063,
  51.848797 -20.746435 -0.31496063,51.903719 -20.709737 -0.31496063,
  51.968504 -20.69685 -0.31496063,52.033289 -20.709737 -0.31496063,
  52.088211 -20.746435 -0.31496063,52.124909 -20.801357 -0.31496063,
  52.137795 -20.866142 -0.31496063,52.124909 -20.930927 -0.31496063,
  52.088211 -20.985849 -0.31496063,52.033289 -21.022547 -0.31496063,
  51.968504 -21.035433 -0.31496063,51.903719 -21.022547 -0.31496063,
  51.848797 -20.985849 -0.31496063,51.812099 -20.930927 -0.31496063,
  51.784403 -21.422687 -0.31496063,51.737648 -21.469442 -0.31496063,
  51.70247 -21.525428 -0.31496063,51.680631 -21.587838 -0.31496063,
  51.673228 -21.653543 -0.31496063,51.680631 -21.719248 -0.31496063,
  51.70247 -21.781659 -0.31496063,51.737648 -21.837644 -0.31496063,
  51.784403 -21.884399 -0.31496063,51.840389 -21.919578 -0.31496063,
  51.902799 -21.941416 -0.31496063,51.968504 -21.948819 -0.31496063,
  52.034209 -21.941416 -0.31496063,52.096619 -21.919578 -0.31496063,
  52.152605 -21.884399 -0.31496063,52.19936 -21.837644 -0.31496063,
  52.234538 -21.781659 -0.31496063,52.256376 -21.719248 -0.31496063,
  52.26378 -21.653543 -0.31496063,52.256376 -21.587838 -0.31496063,
  52.234538 -21.525428 -0.31496063,52.19936 -21.469442 -0.31496063,
  52.152605 -21.422687 -0.31496063,52.096619 -21.387509 -0.31496063,
  52.034209 -21.365671 -0.31496063,51.968504 -21.358268 -0.31496063,
  51.902799 -21.365671 -0.31496063,51.840389 -21.387509 -0.31496063,
  51.799213 -21.653543 -0.31496063,51.812099 -21.588758 -0.31496063,
  51.848797 -21.533836 -0.31496063,51.903719 -21.497139 -0.31496063,
  51.968504 -21.484252 -0.31496063,52.033289 -21.497139 -0.31496063,
  52.088211 -21.533836 -0.31496063,52.124909 -21.588758 -0.31496063,
  52.137795 -21.653543 -0.31496063,52.124909 -21.718328 -0.31496063,
  52.088211 -21.77325 -0.31496063,52.033289 -21.809948 -0.31496063,
  51.968504 -21.822835 -0.31496063,51.903719 -21.809948 -0.31496063,
  51.848797 -21.77325 -0.31496063,51.812099 -21.718328 -0.31496063,
  51.784403 -22.210089 -0.31496063,51.737648 -22.256844 -0.31496063,
  51.70247 -22.31283 -0.31496063,51.680631 -22.37524 -0.31496063,
  51.673228 -22.440945 -0.31496063,51.680631 -22.50665 -0.31496063,
  51.70247 -22.56906 -0.31496063,51.737648 -22.625046 -0.31496063,
  51.784403 -22.671801 -0.31496063,51.840389 -22.706979 -0.31496063,
  51.902799 -22.728817 -0.31496063,51.968504 -22.73622 -0.31496063,
  52.034209 -22.728817 -0.31496063,52.096619 -22.706979 -0.31496063,
  52.152605 -22.671801 -0.31496063,52.19936 -22.625046 -0.31496063,
  52.234538 -22.56906 -0.31496063,52.256376 -22.50665 -0.31496063,
  52.26378 -22.440945 -0.31496063,52.256376 -22.37524 -0.31496063,
  52.234538 -22.31283 -0.31496063,52.19936 -22.256844 -0.31496063,
  52.152605 -22.210089 -0.31496063,52.096619 -22.174911 -0.31496063,
  52.034209 -22.153072 -0.31496063,51.968504 -22.145669 -0.31496063,
  51.902799 -22.153072 -0.31496063,51.840389 -22.174911 -0.31496063,
  51.799213 -22.440945 -0.31496063,51.812099 -22.37616 -0.31496063,
  51.848797 -22.321238 -0.31496063,51.903719 -22.28454 -0.31496063,
  51.968504 -22.271654 -0.31496063,52.033289 -22.28454 -0.31496063,
  52.088211 -22.321238 -0.31496063,52.124909 -22.37616 -0.31496063,
  52.137795 -22.440945 -0.31496063,52.124909 -22.50573 -0.31496063,
  52.088211 -22.560652 -0.31496063,52.033289 -22.59735 -0.31496063,
  51.968504 -22.610236 -0.31496063,51.903719 -22.59735 -0.31496063,
  51.848797 -22.560652 -0.31496063,51.812099 -22.50573 -0.31496063,
  51.784403 -22.997491 -0.31496063,51.737648 -23.044245 -0.31496063,
  51.70247 -23.100231 -0.31496063,51.680631 -23.162641 -0.31496063,
  51.673228 -23.228346 -0.31496063,51.680631 -23.294052 -0.31496063,
  51.70247 -23.356462 -0.31496063,51.737648 -23.412448 -0.31496063,
  51.784403 -23.459202 -0.31496063,51.840389 -23.494381 -0.31496063,
  51.902799 -23.516219 -0.31496063,51.968504 -23.523622 -0.31496063,
  52.034209 -23.516219 -0.31496063,52.096619 -23.494381 -0.31496063,
  52.152605 -23.459202 -0.31496063,52.19936 -23.412448 -0.31496063,
  52.234538 -23.356462 -0.31496063,52.256376 -23.294052 -0.31496063,
  52.26378 -23.228346 -0.31496063,52.256376 -23.162641 -0.31496063,
  52.234538 -23.100231 -0.31496063,52.19936 -23.044245 -0.31496063,
  52.152605 -22.997491 -0.31496063,52.096619 -22.962312 -0.31496063,
  52.034209 -22.940474 -0.31496063,51.968504 -22.933071 -0.31496063,
  51.902799 -22.940474 -0.31496063,51.840389 -22.962312 -0.31496063,
  51.799213 -23.228346 -0.31496063,51.812099 -23.163561 -0.31496063,
  51.848797 -23.108639 -0.31496063,51.903719 -23.071942 -0.31496063,
  51.968504 -23.059055 -0.31496063,52.033289 -23.071942 -0.31496063,
  52.088211 -23.108639 -0.31496063,52.124909 -23.163561 -0.31496063,
  52.137795 -23.228346 -0.31496063,52.124909 -23.293131 -0.31496063,
  52.088211 -23.348054 -0.31496063,52.033289 -23.384751 -0.31496063,
  51.968504 -23.397638 -0.31496063,51.903719 -23.384751 -0.31496063,
  51.848797 -23.348054 -0.31496063,51.812099 -23.293131 -0.31496063,
  51.784403 -23.784892 -0.31496063,51.737648 -23.831647 -0.31496063,
  51.70247 -23.887633 -0.31496063,51.680631 -23.950043 -0.31496063,
  51.673228 -24.015748 -0.31496063,51.680631 -24.081453 -0.31496063,
  51.70247 -24.143863 -0.31496063,51.737648 -24.199849 -0.31496063,
  51.784403 -24.246604 -0.31496063,51.840389 -24.281782 -0.31496063,
  51.902799 -24.30362 -0.31496063,51.968504 -24.311024 -0.31496063,
  52.034209 -24.30362 -0.31496063,52.096619 -24.281782 -0.31496063,
  52.152605 -24.246604 -0.31496063,52.19936 -24.199849 -0.31496063,
  52.234538 -24.143863 -0.31496063,52.256376 -24.081453 -0.31496063,
  52.26378 -24.015748 -0.31496063,52.256376 -23.950043 -0.31496063,
  52.234538 -23.887633 -0.31496063,52.19936 -23.831647 -0.31496063,
  52.152605 -23.784892 -0.31496063,52.096619 -23.749714 -0.31496063,
  52.034209 -23.727876 -0.31496063,51.968504 -23.720472 -0.31496063,
  51.902799 -23.727876 -0.31496063,51.840389 -23.749714 -0.31496063,
  51.799213 -24.015748 -0.31496063,51.812099 -23.950963 -0.31496063,
  51.848797 -23.896041 -0.31496063,51.903719 -23.859343 -0.31496063,
  51.968504 -23.846457 -0.31496063,52.033289 -23.859343 -0.31496063,
  52.088211 -23.896041 -0.31496063,52.124909 -23.950963 -0.31496063,
  52.137795 -24.015748 -0.31496063,52.124909 -24.080533 -0.31496063,
  52.088211 -24.135455 -0.31496063,52.033289 -24.172153 -0.31496063,
  51.968504 -24.185039 -0.31496063,51.903719 -24.172153 -0.31496063,
  51.848797 -24.135455 -0.31496063,51.812099 -24.080533 -0.31496063,
  43.122985 -23.784892 -0.31496063,43.076231 -23.831647 -0.31496063,
  43.041052 -23.887633 -0.31496063,43.019214 -23.950043 -0.31496063,
  43.011811 -24.015748 -0.31496063,43.019214 -24.081453 -0.31496063,
  43.041052 -24.143863 -0.31496063,43.076231 -24.199849 -0.31496063,
  43.122985 -24.246604 -0.31496063,43.178971 -24.281782 -0.31496063,
  43.241381 -24.30362 -0.31496063,43.307087 -24.311024 -0.31496063,
  43.372792 -24.30362 -0.31496063,43.435202 -24.281782 -0.31496063,
  43.491188 -24.246604 -0.31496063,43.537943 -24.199849 -0.31496063,
  43.573121 -24.143863 -0.31496063,43.594959 -24.081453 -0.31496063,
  43.602362 -24.015748 -0.31496063,43.594959 -23.950043 -0.31496063,
  43.573121 -23.887633 -0.31496063,43.537943 -23.831647 -0.31496063,
  43.491188 -23.784892 -0.31496063,43.435202 -23.749714 -0.31496063,
  43.372792 -23.727876 -0.31496063,43.307087 -23.720472 -0.31496063,
  43.241381 -23.727876 -0.31496063,43.178971 -23.749714 -0.31496063,
  43.137795 -24.015748 -0.31496063,43.150682 -23.950963 -0.31496063,
  43.18738 -23.896041 -0.31496063,43.242302 -23.859343 -0.31496063,
  43.307087 -23.846457 -0.31496063,43.371872 -23.859343 -0.31496063,
  43.426794 -23.896041 -0.31496063,43.463491 -23.950963 -0.31496063,
  43.476378 -24.015748 -0.31496063,43.463491 -24.080533 -0.31496063,
  43.426794 -24.135455 -0.31496063,43.371872 -24.172153 -0.31496063,
  43.307087 -24.185039 -0.31496063,43.242302 -24.172153 -0.31496063,
  43.18738 -24.135455 -0.31496063,43.150682 -24.080533 -0.31496063,
  43.122985 -22.997491 -0.31496063,43.076231 -23.044245 -0.31496063,
  43.041052 -23.100231 -0.31496063,43.019214 -23.162641 -0.31496063,
  43.011811 -23.228346 -0.31496063,43.019214 -23.294052 -0.31496063,
  43.041052 -23.356462 -0.31496063,43.076231 -23.412448 -0.31496063,
  43.122985 -23.459202 -0.31496063,43.178971 -23.494381 -0.31496063,
  43.241381 -23.516219 -0.31496063,43.307087 -23.523622 -0.31496063,
  43.372792 -23.516219 -0.31496063,43.435202 -23.494381 -0.31496063,
  43.491188 -23.459202 -0.31496063,43.537943 -23.412448 -0.31496063,
  43.573121 -23.356462 -0.31496063,43.594959 -23.294052 -0.31496063,
  43.602362 -23.228346 -0.31496063,43.594959 -23.162641 -0.31496063,
  43.573121 -23.100231 -0.31496063,43.537943 -23.044245 -0.31496063,
  43.491188 -22.997491 -0.31496063,43.435202 -22.962312 -0.31496063,
  43.372792 -22.940474 -0.31496063,43.307087 -22.933071 -0.31496063,
  43.241381 -22.940474 -0.31496063,43.178971 -22.962312 -0.31496063,
  43.137795 -23.228346 -0.31496063,43.150682 -23.163561 -0.31496063,
  43.18738 -23.108639 -0.31496063,43.242302 -23.071942 -0.31496063,
  43.307087 -23.059055 -0.31496063,43.371872 -23.071942 -0.31496063,
  43.426794 -23.108639 -0.31496063,43.463491 -23.163561 -0.31496063,
  43.476378 -23.228346 -0.31496063,43.463491 -23.293131 -0.31496063,
  43.426794 -23.348054 -0.31496063,43.371872 -23.384751 -0.31496063,
  43.307087 -23.397638 -0.31496063,43.242302 -23.384751 -0.31496063,
  43.18738 -23.348054 -0.31496063,43.150682 -23.293131 -0.31496063,
  43.122985 -22.210089 -0.31496063,43.076231 -22.256844 -0.31496063,
  43.041052 -22.31283 -0.31496063,43.019214 -22.37524 -0.31496063,
  43.011811 -22.440945 -0.31496063,43.019214 -22.50665 -0.31496063,
  43.041052 -22.56906 -0.31496063,43.076231 -22.625046 -0.31496063,
  43.122985 -22.671801 -0.31496063,43.178971 -22.706979 -0.31496063,
  43.241381 -22.728817 -0.31496063,43.307087 -22.73622 -0.31496063,
  43.372792 -22.728817 -0.31496063,43.435202 -22.706979 -0.31496063,
  43.491188 -22.671801 -0.31496063,43.537943 -22.625046 -0.31496063,
  43.573121 -22.56906 -0.31496063,43.594959 -22.50665 -0.31496063,
  43.602362 -22.440945 -0.31496063,43.594959 -22.37524 -0.31496063,
  43.573121 -22.31283 -0.31496063,43.537943 -22.256844 -0.31496063,
  43.491188 -22.210089 -0.31496063,43.435202 -22.174911 -0.31496063,
  43.372792 -22.153072 -0.31496063,43.307087 -22.145669 -0.31496063,
  43.241381 -22.153072 -0.31496063,43.178971 -22.174911 -0.31496063,
  43.137795 -22.440945 -0.31496063,43.150682 -22.37616 -0.31496063,
  43.18738 -22.321238 -0.31496063,43.242302 -22.28454 -0.31496063,
  43.307087 -22.271654 -0.31496063,43.371872 -22.28454 -0.31496063,
  43.426794 -22.321238 -0.31496063,43.463491 -22.37616 -0.31496063,
  43.476378 -22.440945 -0.31496063,43.463491 -22.50573 -0.31496063,
  43.426794 -22.560652 -0.31496063,43.371872 -22.59735 -0.31496063,
  43.307087 -22.610236 -0.31496063,43.242302 -22.59735 -0.31496063,
  43.18738 -22.560652 -0.31496063,43.150682 -22.50573 -0.31496063,
  43.122985 -21.422687 -0.31496063,43.076231 -21.469442 -0.31496063,
  43.041052 -21.525428 -0.31496063,43.019214 -21.587838 -0.31496063,
  43.011811 -21.653543 -0.31496063,43.019214 -21.719248 -0.31496063,
  43.041052 -21.781659 -0.31496063,43.076231 -21.837644 -0.31496063,
  43.122985 -21.884399 -0.31496063,43.178971 -21.919578 -0.31496063,
  43.241381 -21.941416 -0.31496063,43.307087 -21.948819 -0.31496063,
  43.372792 -21.941416 -0.31496063,43.435202 -21.919578 -0.31496063,
  43.491188 -21.884399 -0.31496063,43.537943 -21.837644 -0.31496063,
  43.573121 -21.781659 -0.31496063,43.594959 -21.719248 -0.31496063,
  43.602362 -21.653543 -0.31496063,43.594959 -21.587838 -0.31496063,
  43.573121 -21.525428 -0.31496063,43.537943 -21.469442 -0.31496063,
  43.491188 -21.422687 -0.31496063,43.435202 -21.387509 -0.31496063,
  43.372792 -21.365671 -0.31496063,43.307087 -21.358268 -0.31496063,
  43.241381 -21.365671 -0.31496063,43.178971 -21.387509 -0.31496063,
  43.137795 -21.653543 -0.31496063,43.150682 -21.588758 -0.31496063,
  43.18738 -21.533836 -0.31496063,43.242302 -21.497139 -0.31496063,
  43.307087 -21.484252 -0.31496063,43.371872 -21.497139 -0.31496063,
  43.426794 -21.533836 -0.31496063,43.463491 -21.588758 -0.31496063,
  43.476378 -21.653543 -0.31496063,43.463491 -21.718328 -0.31496063,
  43.426794 -21.77325 -0.31496063,43.371872 -21.809948 -0.31496063,
  43.307087 -21.822835 -0.31496063,43.242302 -21.809948 -0.31496063,
  43.18738 -21.77325 -0.31496063,43.150682 -21.718328 -0.31496063,
  43.122985 -20.635286 -0.31496063,43.076231 -20.682041 -0.31496063,
  43.041052 -20.738026 -0.31496063,43.019214 -20.800437 -0.31496063,
  43.011811 -20.866142 -0.31496063,43.019214 -20.931847 -0.31496063,
  43.041052 -20.994257 -0.31496063,43.076231 -21.050243 -0.31496063,
  43.122985 -21.096998 -0.31496063,43.178971 -21.132176 -0.31496063,
  43.241381 -21.154014 -0.31496063,43.307087 -21.161417 -0.31496063,
  43.372792 -21.154014 -0.31496063,43.435202 -21.132176 -0.31496063,
  43.491188 -21.096998 -0.31496063,43.537943 -21.050243 -0.31496063,
  43.573121 -20.994257 -0.31496063,43.594959 -20.931847 -0.31496063,
  43.602362 -20.866142 -0.31496063,43.594959 -20.800437 -0.31496063,
  43.573121 -20.738026 -0.31496063,43.537943 -20.682041 -0.31496063,
  43.491188 -20.635286 -0.31496063,43.435202 -20.600107 -0.31496063,
  43.372792 -20.578269 -0.31496063,43.307087 -20.570866 -0.31496063,
  43.241381 -20.578269 -0.31496063,43.178971 -20.600107 -0.31496063,
  43.137795 -20.866142 -0.31496063,43.150682 -20.801357 -0.31496063,
  43.18738 -20.746435 -0.31496063,43.242302 -20.709737 -0.31496063,
  43.307087 -20.69685 -0.31496063,43.371872 -20.709737 -0.31496063,
  43.426794 -20.746435 -0.31496063,43.463491 -20.801357 -0.31496063,
  43.476378 -20.866142 -0.31496063,43.463491 -20.930927 -0.31496063,
  43.426794 -20.985849 -0.31496063,43.371872 -21.022547 -0.31496063,
  43.307087 -21.035433 -0.31496063,43.242302 -21.022547 -0.31496063,
  43.18738 -20.985849 -0.31496063,43.150682 -20.930927 -0.31496063,
  43.122985 -19.847884 -0.31496063,43.076231 -19.894639 -0.31496063,
  43.041052 -19.950625 -0.31496063,43.019214 -20.013035 -0.31496063,
  43.011811 -20.07874 -0.31496063,43.019214 -20.144445 -0.31496063,
  43.041052 -20.206856 -0.31496063,43.076231 -20.262841 -0.31496063,
  43.122985 -20.309596 -0.31496063,43.178971 -20.344774 -0.31496063,
  43.241381 -20.366613 -0.31496063,43.307087 -20.374016 -0.31496063,
  43.372792 -20.366613 -0.31496063,43.435202 -20.344774 -0.31496063,
  43.491188 -20.309596 -0.31496063,43.537943 -20.262841 -0.31496063,
  43.573121 -20.206856 -0.31496063,43.594959 -20.144445 -0.31496063,
  43.602362 -20.07874 -0.31496063,43.594959 -20.013035 -0.31496063,
  43.573121 -19.950625 -0.31496063,43.537943 -19.894639 -0.31496063,
  43.491188 -19.847884 -0.31496063,43.435202 -19.812706 -0.31496063,
  43.372792 -19.790868 -0.31496063,43.307087 -19.783465 -0.31496063,
  43.241381 -19.790868 -0.31496063,43.178971 -19.812706 -0.31496063,
  43.137795 -20.07874 -0.31496063,43.150682 -20.013955 -0.31496063,
  43.18738 -19.959033 -0.31496063,43.242302 -19.922335 -0.31496063,
  43.307087 -19.909449 -0.31496063,43.371872 -19.922335 -0.31496063,
  43.426794 -19.959033 -0.31496063,43.463491 -20.013955 -0.31496063,
  43.476378 -20.07874 -0.31496063,43.463491 -20.143525 -0.31496063,
  43.426794 -20.198447 -0.31496063,43.371872 -20.235145 -0.31496063,
  43.307087 -20.248031 -0.31496063,43.242302 -20.235145 -0.31496063,
  43.18738 -20.198447 -0.31496063,43.150682 -20.143525 -0.31496063,
  43.122985 -25.359695 -0.31496063,43.076231 -25.40645 -0.31496063,
  43.041052 -25.462436 -0.31496063,43.019214 -25.524846 -0.31496063,
  43.011811 -25.590551 -0.31496063,43.019214 -25.656256 -0.31496063,
  43.041052 -25.718667 -0.31496063,43.076231 -25.774652 -0.31496063,
  43.122985 -25.821407 -0.31496063,43.178971 -25.856585 -0.31496063,
  43.241381 -25.878424 -0.31496063,43.307087 -25.885827 -0.31496063,
  43.372792 -25.878424 -0.31496063,43.435202 -25.856585 -0.31496063,
  43.491188 -25.821407 -0.31496063,43.537943 -25.774652 -0.31496063,
  43.573121 -25.718667 -0.31496063,43.594959 -25.656256 -0.31496063,
  43.602362 -25.590551 -0.31496063,43.594959 -25.524846 -0.31496063,
  43.573121 -25.462436 -0.31496063,43.537943 -25.40645 -0.31496063,
  43.491188 -25.359695 -0.31496063,43.435202 -25.324517 -0.31496063,
  43.372792 -25.302679 -0.31496063,43.307087 -25.295276 -0.31496063,
  43.241381 -25.302679 -0.31496063,43.178971 -25.324517 -0.31496063,
  43.137795 -25.590551 -0.31496063,43.150682 -25.525766 -0.31496063,
  43.18738 -25.470844 -0.31496063,43.242302 -25.434146 -0.31496063,
  43.307087 -25.42126 -0.31496063,43.371872 -25.434146 -0.31496063,
  43.426794 -25.470844 -0.31496063,43.463491 -25.525766 -0.31496063,
  43.476378 -25.590551 -0.31496063,43.463491 -25.655336 -0.31496063,
  43.426794 -25.710258 -0.31496063,43.371872 -25.746956 -0.31496063,
  43.307087 -25.759843 -0.31496063,43.242302 -25.746956 -0.31496063,
  43.18738 -25.710258 -0.31496063,43.150682 -25.655336 -0.31496063,
  43.122985 -24.572294 -0.31496063,43.076231 -24.619048 -0.31496063,
  43.041052 -24.675034 -0.31496063,43.019214 -24.737444 -0.31496063,
  43.011811 -24.80315 -0.31496063,43.019214 -24.868855 -0.31496063,
  43.041052 -24.931265 -0.31496063,43.076231 -24.987251 -0.31496063,
  43.122985 -25.034006 -0.31496063,43.178971 -25.069184 -0.31496063,
  43.241381 -25.091022 -0.31496063,43.307087 -25.098425 -0.31496063,
  43.372792 -25.091022 -0.31496063,43.435202 -25.069184 -0.31496063,
  43.491188 -25.034006 -0.31496063,43.537943 -24.987251 -0.31496063,
  43.573121 -24.931265 -0.31496063,43.594959 -24.868855 -0.31496063,
  43.602362 -24.80315 -0.31496063,43.594959 -24.737444 -0.31496063,
  43.573121 -24.675034 -0.31496063,43.537943 -24.619048 -0.31496063,
  43.491188 -24.572294 -0.31496063,43.435202 -24.537115 -0.31496063,
  43.372792 -24.515277 -0.31496063,43.307087 -24.507874 -0.31496063,
  43.241381 -24.515277 -0.31496063,43.178971 -24.537115 -0.31496063,
  43.137795 -24.80315 -0.31496063,43.150682 -24.738365 -0.31496063,
  43.18738 -24.683443 -0.31496063,43.242302 -24.646745 -0.31496063,
  43.307087 -24.633858 -0.31496063,43.371872 -24.646745 -0.31496063,
  43.426794 -24.683443 -0.31496063,43.463491 -24.738365 -0.31496063,
  43.476378 -24.80315 -0.31496063,43.463491 -24.867935 -0.31496063,
  43.426794 -24.922857 -0.31496063,43.371872 -24.959554 -0.31496063,
  43.307087 -24.972441 -0.31496063,43.242302 -24.959554 -0.31496063,
  43.18738 -24.922857 -0.31496063,43.150682 -24.867935 -0.31496063,
  43.122985 -26.147097 -0.31496063,43.076231 -26.193852 -0.31496063,
  43.041052 -26.249837 -0.31496063,43.019214 -26.312248 -0.31496063,
  43.011811 -26.377953 -0.31496063,43.019214 -26.443658 -0.31496063,
  43.041052 -26.506068 -0.31496063,43.076231 -26.562054 -0.31496063,
  43.122985 -26.608809 -0.31496063,43.178971 -26.643987 -0.31496063,
  43.241381 -26.665825 -0.31496063,43.307087 -26.673228 -0.31496063,
  43.372792 -26.665825 -0.31496063,43.435202 -26.643987 -0.31496063,
  43.491188 -26.608809 -0.31496063,43.537943 -26.562054 -0.31496063,
  43.573121 -26.506068 -0.31496063,43.594959 -26.443658 -0.31496063,
  43.602362 -26.377953 -0.31496063,43.594959 -26.312248 -0.31496063,
  43.573121 -26.249837 -0.31496063,43.537943 -26.193852 -0.31496063,
  43.491188 -26.147097 -0.31496063,43.435202 -26.111919 -0.31496063,
  43.372792 -26.09008 -0.31496063,43.307087 -26.082677 -0.31496063,
  43.241381 -26.09008 -0.31496063,43.178971 -26.111919 -0.31496063,
  43.137795 -26.377953 -0.31496063,43.150682 -26.313168 -0.31496063,
  43.18738 -26.258246 -0.31496063,43.242302 -26.221548 -0.31496063,
  43.307087 -26.208661 -0.31496063,43.371872 -26.221548 -0.31496063,
  43.426794 -26.258246 -0.31496063,43.463491 -26.313168 -0.31496063,
  43.476378 -26.377953 -0.31496063,43.463491 -26.442738 -0.31496063,
  43.426794 -26.49766 -0.31496063,43.371872 -26.534358 -0.31496063,
  43.307087 -26.547244 -0.31496063,43.242302 -26.534358 -0.31496063,
  43.18738 -26.49766 -0.31496063,43.150682 -26.442738 -0.31496063,
  43.122985 -26.934498 -0.31496063,43.076231 -26.981253 -0.31496063,
  43.041052 -27.037239 -0.31496063,43.019214 -27.099649 -0.31496063,
  43.011811 -27.165354 -0.31496063,43.019214 -27.231059 -0.31496063,
  43.041052 -27.29347 -0.31496063,43.076231 -27.349456 -0.31496063,
  43.122985 -27.39621 -0.31496063,43.178971 -27.431389 -0.31496063,
  43.241381 -27.453227 -0.31496063,43.307087 -27.46063 -0.31496063,
  43.372792 -27.453227 -0.31496063,43.435202 -27.431389 -0.31496063,
  43.491188 -27.39621 -0.31496063,43.537943 -27.349456 -0.31496063,
  43.573121 -27.29347 -0.31496063,43.594959 -27.231059 -0.31496063,
  43.602362 -27.165354 -0.31496063,43.594959 -27.099649 -0.31496063,
  43.573121 -27.037239 -0.31496063,43.537943 -26.981253 -0.31496063,
  43.491188 -26.934498 -0.31496063,43.435202 -26.89932 -0.31496063,
  43.372792 -26.877482 -0.31496063,43.307087 -26.870079 -0.31496063,
  43.241381 -26.877482 -0.31496063,43.178971 -26.89932 -0.31496063,
  43.137795 -27.165354 -0.31496063,43.150682 -27.100569 -0.31496063,
  43.18738 -27.045647 -0.31496063,43.242302 -27.00895 -0.31496063,
  43.307087 -26.996063 -0.31496063,43.371872 -27.00895 -0.31496063,
  43.426794 -27.045647 -0.31496063,43.463491 -27.100569 -0.31496063,
  43.476378 -27.165354 -0.31496063,43.463491 -27.230139 -0.31496063,
  43.426794 -27.285061 -0.31496063,43.371872 -27.321759 -0.31496063,
  43.307087 -27.334646 -0.31496063,43.242302 -27.321759 -0.31496063,
  43.18738 -27.285061 -0.31496063,43.150682 -27.230139 -0.31496063] }
 coordIndex [
  19,18,17,-1,19,17,20,-1,20,17,16,-1,20,16,21,-1,21,16,15,-1,21,15,22,-1,22,15,14,-1,22,14,36,-1,
  36,14,37,-1,32,31,25,-1,32,25,33,-1,33,25,24,-1,33,24,34,-1,34,24,23,-1,34,23,35,-1,35,23,22,-1,
  35,22,36,-1,29,28,27,-1,29,27,30,-1,30,27,26,-1,30,26,31,-1,31,26,25,-1,5,4,3,-1,5,3,6,-1,
  6,3,2,-1,6,2,7,-1,7,2,1,-1,7,1,8,-1,8,1,0,-1,8,0,28,-1,28,0,27,-1,37,14,13,-1,
  37,13,38,-1,38,13,12,-1,38,12,39,-1,39,12,40,-1,40,12,11,-1,40,11,41,-1,41,11,10,-1,41,10,42,-1,
  42,10,9,-1,42,9,43,-1,43,9,28,-1,63,62,61,-1,63,61,64,-1,64,61,60,-1,64,60,65,-1,65,60,59,-1,
  65,59,66,-1,66,59,58,-1,66,58,80,-1,80,58,81,-1,76,75,69,-1,76,69,77,-1,77,69,68,-1,77,68,78,-1,
  78,68,67,-1,78,67,79,-1,79,67,66,-1,79,66,80,-1,73,72,71,-1,73,71,74,-1,74,71,70,-1,74,70,75,-1,
  75,70,69,-1,49,48,47,-1,49,47,50,-1,50,47,46,-1,50,46,51,-1,51,46,45,-1,51,45,52,-1,52,45,44,-1,
  52,44,72,-1,72,44,71,-1,81,58,57,-1,81,57,82,-1,82,57,56,-1,82,56,83,-1,83,56,84,-1,84,56,55,-1,
  84,55,85,-1,85,55,54,-1,85,54,86,-1,86,54,53,-1,86,53,87,-1,87,53,72,-1,107,106,105,-1,107,105,108,-1,
  108,105,104,-1,108,104,109,-1,109,104,103,-1,109,103,110,-1,110,103,102,-1,110,102,124,-1,124,102,125,-1,120,119,113,-1,
  120,113,121,-1,121,113,112,-1,121,112,122,-1,122,112,111,-1,122,111,123,-1,123,111,110,-1,123,110,124,-1,117,116,115,-1,
  117,115,118,-1,118,115,114,-1,118,114,119,-1,119,114,113,-1,93,92,91,-1,93,91,94,-1,94,91,90,-1,94,90,95,-1,
  95,90,89,-1,95,89,96,-1,96,89,88,-1,96,88,116,-1,116,88,115,-1,125,102,101,-1,125,101,126,-1,126,101,100,-1,
  126,100,127,-1,127,100,128,-1,128,100,99,-1,128,99,129,-1,129,99,98,-1,129,98,130,-1,130,98,97,-1,130,97,131,-1,
  131,97,116,-1,151,150,149,-1,151,149,152,-1,152,149,148,-1,152,148,153,-1,153,148,147,-1,153,147,154,-1,154,147,146,-1,
  154,146,168,-1,168,146,169,-1,164,163,157,-1,164,157,165,-1,165,157,156,-1,165,156,166,-1,166,156,155,-1,166,155,167,-1,
  167,155,154,-1,167,154,168,-1,161,160,159,-1,161,159,162,-1,162,159,158,-1,162,158,163,-1,163,158,157,-1,137,136,135,-1,
  137,135,138,-1,138,135,134,-1,138,134,139,-1,139,134,133,-1,139,133,140,-1,140,133,132,-1,140,132,160,-1,160,132,159,-1,
  169,146,145,-1,169,145,170,-1,170,145,144,-1,170,144,171,-1,171,144,172,-1,172,144,143,-1,172,143,173,-1,173,143,142,-1,
  173,142,174,-1,174,142,141,-1,174,141,175,-1,175,141,160,-1,195,194,193,-1,195,193,196,-1,196,193,192,-1,196,192,197,-1,
  197,192,191,-1,197,191,198,-1,198,191,190,-1,198,190,212,-1,212,190,213,-1,208,207,201,-1,208,201,209,-1,209,201,200,-1,
  209,200,210,-1,210,200,199,-1,210,199,211,-1,211,199,198,-1,211,198,212,-1,205,204,203,-1,205,203,206,-1,206,203,202,-1,
  206,202,207,-1,207,202,201,-1,181,180,179,-1,181,179,182,-1,182,179,178,-1,182,178,183,-1,183,178,177,-1,183,177,184,-1,
  184,177,176,-1,184,176,204,-1,204,176,203,-1,213,190,189,-1,213,189,214,-1,214,189,188,-1,214,188,215,-1,215,188,216,-1,
  216,188,187,-1,216,187,217,-1,217,187,186,-1,217,186,218,-1,218,186,185,-1,218,185,219,-1,219,185,204,-1,239,238,237,-1,
  239,237,240,-1,240,237,236,-1,240,236,241,-1,241,236,235,-1,241,235,242,-1,242,235,234,-1,242,234,256,-1,256,234,257,-1,
  252,251,245,-1,252,245,253,-1,253,245,244,-1,253,244,254,-1,254,244,243,-1,254,243,255,-1,255,243,242,-1,255,242,256,-1,
  249,248,247,-1,249,247,250,-1,250,247,246,-1,250,246,251,-1,251,246,245,-1,225,224,223,-1,225,223,226,-1,226,223,222,-1,
  226,222,227,-1,227,222,221,-1,227,221,228,-1,228,221,220,-1,228,220,248,-1,248,220,247,-1,257,234,233,-1,257,233,258,-1,
  258,233,232,-1,258,232,259,-1,259,232,260,-1,260,232,231,-1,260,231,261,-1,261,231,230,-1,261,230,262,-1,262,230,229,-1,
  262,229,263,-1,263,229,248,-1,283,282,281,-1,283,281,284,-1,284,281,280,-1,284,280,285,-1,285,280,279,-1,285,279,286,-1,
  286,279,278,-1,286,278,300,-1,300,278,301,-1,296,295,289,-1,296,289,297,-1,297,289,288,-1,297,288,298,-1,298,288,287,-1,
  298,287,299,-1,299,287,286,-1,299,286,300,-1,293,292,291,-1,293,291,294,-1,294,291,290,-1,294,290,295,-1,295,290,289,-1,
  269,268,267,-1,269,267,270,-1,270,267,266,-1,270,266,271,-1,271,266,265,-1,271,265,272,-1,272,265,264,-1,272,264,292,-1,
  292,264,291,-1,301,278,277,-1,301,277,302,-1,302,277,276,-1,302,276,303,-1,303,276,304,-1,304,276,275,-1,304,275,305,-1,
  305,275,274,-1,305,274,306,-1,306,274,273,-1,306,273,307,-1,307,273,292,-1,327,326,325,-1,327,325,328,-1,328,325,324,-1,
  328,324,329,-1,329,324,323,-1,329,323,330,-1,330,323,322,-1,330,322,344,-1,344,322,345,-1,340,339,333,-1,340,333,341,-1,
  341,333,332,-1,341,332,342,-1,342,332,331,-1,342,331,343,-1,343,331,330,-1,343,330,344,-1,337,336,335,-1,337,335,338,-1,
  338,335,334,-1,338,334,339,-1,339,334,333,-1,313,312,311,-1,313,311,314,-1,314,311,310,-1,314,310,315,-1,315,310,309,-1,
  315,309,316,-1,316,309,308,-1,316,308,336,-1,336,308,335,-1,345,322,321,-1,345,321,346,-1,346,321,320,-1,346,320,347,-1,
  347,320,348,-1,348,320,319,-1,348,319,349,-1,349,319,318,-1,349,318,350,-1,350,318,317,-1,350,317,351,-1,351,317,336,-1,
  371,370,369,-1,371,369,372,-1,372,369,368,-1,372,368,373,-1,373,368,367,-1,373,367,374,-1,374,367,366,-1,374,366,388,-1,
  388,366,389,-1,384,383,377,-1,384,377,385,-1,385,377,376,-1,385,376,386,-1,386,376,375,-1,386,375,387,-1,387,375,374,-1,
  387,374,388,-1,381,380,379,-1,381,379,382,-1,382,379,378,-1,382,378,383,-1,383,378,377,-1,357,356,355,-1,357,355,358,-1,
  358,355,354,-1,358,354,359,-1,359,354,353,-1,359,353,360,-1,360,353,352,-1,360,352,380,-1,380,352,379,-1,389,366,365,-1,
  389,365,390,-1,390,365,364,-1,390,364,391,-1,391,364,392,-1,392,364,363,-1,392,363,393,-1,393,363,362,-1,393,362,394,-1,
  394,362,361,-1,394,361,395,-1,395,361,380,-1,415,414,413,-1,415,413,416,-1,416,413,412,-1,416,412,417,-1,417,412,411,-1,
  417,411,418,-1,418,411,410,-1,418,410,432,-1,432,410,433,-1,428,427,421,-1,428,421,429,-1,429,421,420,-1,429,420,430,-1,
  430,420,419,-1,430,419,431,-1,431,419,418,-1,431,418,432,-1,425,424,423,-1,425,423,426,-1,426,423,422,-1,426,422,427,-1,
  427,422,421,-1,401,400,399,-1,401,399,402,-1,402,399,398,-1,402,398,403,-1,403,398,397,-1,403,397,404,-1,404,397,396,-1,
  404,396,424,-1,424,396,423,-1,433,410,409,-1,433,409,434,-1,434,409,408,-1,434,408,435,-1,435,408,436,-1,436,408,407,-1,
  436,407,437,-1,437,407,406,-1,437,406,438,-1,438,406,405,-1,438,405,439,-1,439,405,424,-1,459,458,457,-1,459,457,460,-1,
  460,457,456,-1,460,456,461,-1,461,456,455,-1,461,455,462,-1,462,455,454,-1,462,454,476,-1,476,454,477,-1,472,471,465,-1,
  472,465,473,-1,473,465,464,-1,473,464,474,-1,474,464,463,-1,474,463,475,-1,475,463,462,-1,475,462,476,-1,469,468,467,-1,
  469,467,470,-1,470,467,466,-1,470,466,471,-1,471,466,465,-1,445,444,443,-1,445,443,446,-1,446,443,442,-1,446,442,447,-1,
  447,442,441,-1,447,441,448,-1,448,441,440,-1,448,440,468,-1,468,440,467,-1,477,454,453,-1,477,453,478,-1,478,453,452,-1,
  478,452,479,-1,479,452,480,-1,480,452,451,-1,480,451,481,-1,481,451,450,-1,481,450,482,-1,482,450,449,-1,482,449,483,-1,
  483,449,468,-1,503,502,501,-1,503,501,504,-1,504,501,500,-1,504,500,505,-1,505,500,499,-1,505,499,506,-1,506,499,498,-1,
  506,498,520,-1,520,498,521,-1,516,515,509,-1,516,509,517,-1,517,509,508,-1,517,508,518,-1,518,508,507,-1,518,507,519,-1,
  519,507,506,-1,519,506,520,-1,513,512,511,-1,513,511,514,-1,514,511,510,-1,514,510,515,-1,515,510,509,-1,489,488,487,-1,
  489,487,490,-1,490,487,486,-1,490,486,491,-1,491,486,485,-1,491,485,492,-1,492,485,484,-1,492,484,512,-1,512,484,511,-1,
  521,498,497,-1,521,497,522,-1,522,497,496,-1,522,496,523,-1,523,496,524,-1,524,496,495,-1,524,495,525,-1,525,495,494,-1,
  525,494,526,-1,526,494,493,-1,526,493,527,-1,527,493,512,-1,547,546,545,-1,547,545,548,-1,548,545,544,-1,548,544,549,-1,
  549,544,543,-1,549,543,550,-1,550,543,542,-1,550,542,564,-1,564,542,565,-1,560,559,553,-1,560,553,561,-1,561,553,552,-1,
  561,552,562,-1,562,552,551,-1,562,551,563,-1,563,551,550,-1,563,550,564,-1,557,556,555,-1,557,555,558,-1,558,555,554,-1,
  558,554,559,-1,559,554,553,-1,533,532,531,-1,533,531,534,-1,534,531,530,-1,534,530,535,-1,535,530,529,-1,535,529,536,-1,
  536,529,528,-1,536,528,556,-1,556,528,555,-1,565,542,541,-1,565,541,566,-1,566,541,540,-1,566,540,567,-1,567,540,568,-1,
  568,540,539,-1,568,539,569,-1,569,539,538,-1,569,538,570,-1,570,538,537,-1,570,537,571,-1,571,537,556,-1,591,590,589,-1,
  591,589,592,-1,592,589,588,-1,592,588,593,-1,593,588,587,-1,593,587,594,-1,594,587,586,-1,594,586,608,-1,608,586,609,-1,
  604,603,597,-1,604,597,605,-1,605,597,596,-1,605,596,606,-1,606,596,595,-1,606,595,607,-1,607,595,594,-1,607,594,608,-1,
  601,600,599,-1,601,599,602,-1,602,599,598,-1,602,598,603,-1,603,598,597,-1,577,576,575,-1,577,575,578,-1,578,575,574,-1,
  578,574,579,-1,579,574,573,-1,579,573,580,-1,580,573,572,-1,580,572,600,-1,600,572,599,-1,609,586,585,-1,609,585,610,-1,
  610,585,584,-1,610,584,611,-1,611,584,612,-1,612,584,583,-1,612,583,613,-1,613,583,582,-1,613,582,614,-1,614,582,581,-1,
  614,581,615,-1,615,581,600,-1,635,634,633,-1,635,633,636,-1,636,633,632,-1,636,632,637,-1,637,632,631,-1,637,631,638,-1,
  638,631,630,-1,638,630,652,-1,652,630,653,-1,648,647,641,-1,648,641,649,-1,649,641,640,-1,649,640,650,-1,650,640,639,-1,
  650,639,651,-1,651,639,638,-1,651,638,652,-1,645,644,643,-1,645,643,646,-1,646,643,642,-1,646,642,647,-1,647,642,641,-1,
  621,620,619,-1,621,619,622,-1,622,619,618,-1,622,618,623,-1,623,618,617,-1,623,617,624,-1,624,617,616,-1,624,616,644,-1,
  644,616,643,-1,653,630,629,-1,653,629,654,-1,654,629,628,-1,654,628,655,-1,655,628,656,-1,656,628,627,-1,656,627,657,-1,
  657,627,626,-1,657,626,658,-1,658,626,625,-1,658,625,659,-1,659,625,644,-1,679,678,677,-1,679,677,680,-1,680,677,676,-1,
  680,676,681,-1,681,676,675,-1,681,675,682,-1,682,675,674,-1,682,674,696,-1,696,674,697,-1,692,691,685,-1,692,685,693,-1,
  693,685,684,-1,693,684,694,-1,694,684,683,-1,694,683,695,-1,695,683,682,-1,695,682,696,-1,689,688,687,-1,689,687,690,-1,
  690,687,686,-1,690,686,691,-1,691,686,685,-1,665,664,663,-1,665,663,666,-1,666,663,662,-1,666,662,667,-1,667,662,661,-1,
  667,661,668,-1,668,661,660,-1,668,660,688,-1,688,660,687,-1,697,674,673,-1,697,673,698,-1,698,673,672,-1,698,672,699,-1,
  699,672,700,-1,700,672,671,-1,700,671,701,-1,701,671,670,-1,701,670,702,-1,702,670,669,-1,702,669,703,-1,703,669,688,-1,
  723,722,721,-1,723,721,724,-1,724,721,720,-1,724,720,725,-1,725,720,719,-1,725,719,726,-1,726,719,718,-1,726,718,740,-1,
  740,718,741,-1,736,735,729,-1,736,729,737,-1,737,729,728,-1,737,728,738,-1,738,728,727,-1,738,727,739,-1,739,727,726,-1,
  739,726,740,-1,733,732,731,-1,733,731,734,-1,734,731,730,-1,734,730,735,-1,735,730,729,-1,709,708,707,-1,709,707,710,-1,
  710,707,706,-1,710,706,711,-1,711,706,705,-1,711,705,712,-1,712,705,704,-1,712,704,732,-1,732,704,731,-1,741,718,717,-1,
  741,717,742,-1,742,717,716,-1,742,716,743,-1,743,716,744,-1,744,716,715,-1,744,715,745,-1,745,715,714,-1,745,714,746,-1,
  746,714,713,-1,746,713,747,-1,747,713,732,-1,767,766,765,-1,767,765,768,-1,768,765,764,-1,768,764,769,-1,769,764,763,-1,
  769,763,770,-1,770,763,762,-1,770,762,784,-1,784,762,785,-1,780,779,773,-1,780,773,781,-1,781,773,772,-1,781,772,782,-1,
  782,772,771,-1,782,771,783,-1,783,771,770,-1,783,770,784,-1,777,776,775,-1,777,775,778,-1,778,775,774,-1,778,774,779,-1,
  779,774,773,-1,753,752,751,-1,753,751,754,-1,754,751,750,-1,754,750,755,-1,755,750,749,-1,755,749,756,-1,756,749,748,-1,
  756,748,776,-1,776,748,775,-1,785,762,761,-1,785,761,786,-1,786,761,760,-1,786,760,787,-1,787,760,788,-1,788,760,759,-1,
  788,759,789,-1,789,759,758,-1,789,758,790,-1,790,758,757,-1,790,757,791,-1,791,757,776,-1,811,810,809,-1,811,809,812,-1,
  812,809,808,-1,812,808,813,-1,813,808,807,-1,813,807,814,-1,814,807,806,-1,814,806,828,-1,828,806,829,-1,824,823,817,-1,
  824,817,825,-1,825,817,816,-1,825,816,826,-1,826,816,815,-1,826,815,827,-1,827,815,814,-1,827,814,828,-1,821,820,819,-1,
  821,819,822,-1,822,819,818,-1,822,818,823,-1,823,818,817,-1,797,796,795,-1,797,795,798,-1,798,795,794,-1,798,794,799,-1,
  799,794,793,-1,799,793,800,-1,800,793,792,-1,800,792,820,-1,820,792,819,-1,829,806,805,-1,829,805,830,-1,830,805,804,-1,
  830,804,831,-1,831,804,832,-1,832,804,803,-1,832,803,833,-1,833,803,802,-1,833,802,834,-1,834,802,801,-1,834,801,835,-1,
  835,801,820,-1,855,854,853,-1,855,853,856,-1,856,853,852,-1,856,852,857,-1,857,852,851,-1,857,851,858,-1,858,851,850,-1,
  858,850,872,-1,872,850,873,-1,868,867,861,-1,868,861,869,-1,869,861,860,-1,869,860,870,-1,870,860,859,-1,870,859,871,-1,
  871,859,858,-1,871,858,872,-1,865,864,863,-1,865,863,866,-1,866,863,862,-1,866,862,867,-1,867,862,861,-1,841,840,839,-1,
  841,839,842,-1,842,839,838,-1,842,838,843,-1,843,838,837,-1,843,837,844,-1,844,837,836,-1,844,836,864,-1,864,836,863,-1,
  873,850,849,-1,873,849,874,-1,874,849,848,-1,874,848,875,-1,875,848,876,-1,876,848,847,-1,876,847,877,-1,877,847,846,-1,
  877,846,878,-1,878,846,845,-1,878,845,879,-1,879,845,864,-1,844,864,845,-1,800,820,801,-1,756,776,757,-1,712,732,713,-1,
  668,688,669,-1,624,644,625,-1,580,600,581,-1,536,556,537,-1,492,512,493,-1,448,468,449,-1,404,424,405,-1,360,380,361,-1,
  316,336,317,-1,272,292,273,-1,228,248,229,-1,184,204,185,-1,140,160,141,-1,96,116,97,-1,52,72,53,-1,8,28,9,-1]
  normalPerVertex TRUE
  normal DEF NORM_6 Normal { vector [
  0 0 -1,0 0 -1,
  0 0 -1,0 0 -1,
  0 0 -1,0 0 -1,
  0 0 -1,0 0 -1,
  0 0 -1,0 0 -1,
  0 0 -1,0 0 -1,
  0 0 -1,0 0 -1,
  0 0 -1,0 0 -1,
  0 0 -1,0 0 -1,
  0 0 -1,0 0 -1,
  0 0 -1,0 0 -1,
  0 0 -1,0 0 -1,
  0 0 -1,0 0 -1,
  0 0 -1,0 0 -1,
  0 0 -1,0 0 -1,
  0 0 -1,0 0 -1,
  0 0 -1,0 0 -1,
  0 0 -1,0 0 -1,
  0 0 -1,0 0 -1,
  0 0 -1,0 0 -1,
  0 0 -1,0 0 -1,
  0 0 -1,0 0 -1,
  0 0 -1,0 0 -1,
  0 0 -1,0 0 -1,
  0 0 -1,0 0 -1,
  0 0 -1,0 0 -1,
  0 0 -1,0 0 -1,
  0 0 -1,0 0 -1,
  0 0 -1,0 0 -1,
  0 0 -1,0 0 -1,
  0 0 -1,0 0 -1,
  0 0 -1,0 0 -1,
  0 0 -1,0 0 -1,
  0 0 -1,0 0 -1,
  0 0 -1,0 0 -1,
  0 0 -1,0 0 -1,
  0 0 -1,0 0 -1,
  0 0 -1,0 0 -1,
  0 0 -1,0 0 -1,
  0 0 -1,0 0 -1,
  0 0 -1,0 0 -1,
  0 0 -1,0 0 -1,
  0 0 -1,0 0 -1,
  0 0 -1,0 0 -1,
  0 0 -1,0 0 -1,
  0 0 -1,0 0 -1,
  0 0 -1,0 0 -1,
  0 0 -1,0 0 -1,
  0 0 -1,0 0 -1,
  0 0 -1,0 0 -1,
  0 0 -1,0 0 -1,
  0 0 -1,0 0 -1,
  0 0 -1,0 0 -1,
  0 0 -1,0 0 -1,
  0 0 -1,0 0 -1,
  0 0 -1,0 0 -1,
  0 0 -1,0 0 -1,
  0 0 -1,0 0 -1,
  0 0 -1,0 0 -1,
  0 0 -1,0 0 -1,
  0 0 -1,0 0 -1,
  0 0 -1,0 0 -1,
  0 0 -1,0 0 -1,
  0 0 -1,0 0 -1,
  0 0 -1,0 0 -1,
  0 0 -1,0 0 -1,
  0 0 -1,0 0 -1,
  0 0 -1,0 0 -1,
  0 0 -1,0 0 -1,
  0 0 -1,0 0 -1,
  0 0 -1,0 0 -1,
  0 0 -1,0 0 -1,
  0 0 -1,0 0 -1,
  0 0 -1,0 0 -1,
  0 0 -1,0 0 -1,
  0 0 -1,0 0 -1,
  0 0 -1,0 0 -1,
  0 0 -1,0 0 -1,
  0 0 -1,0 0 -1,
  0 0 -1,0 0 -1,
  0 0 -1,0 0 -1,
  0 0 -1,0 0 -1,
  0 0 -1,0 0 -1,
  0 0 -1,0 0 -1,
  0 0 -1,0 0 -1,
  0 0 -1,0 0 -1,
  0 0 -1,0 0 -1,
  0 0 -1,0 0 -1,
  0 0 -1,0 0 -1,
  0 0 -1,0 0 -1,
  0 0 -1,0 0 -1,
  0 0 -1,0 0 -1,
  0 0 -1,0 0 -1,
  0 0 -1,0 0 -1,
  0 0 -1,0 0 -1,
  0 0 -1,0 0 -1,
  0 0 -1,0 0 -1,
  0 0 -1,0 0 -1,
  0 0 -1,0 0 -1,
  0 0 -1,0 0 -1,
  0 0 -1,0 0 -1,
  0 0 -1,0 0 -1,
  0 0 -1,0 0 -1,
  0 0 -1,0 0 -1,
  0 0 -1,0 0 -1,
  0 0 -1,0 0 -1,
  0 0 -1,0 0 -1,
  0 0 -1,0 0 -1,
  0 0 -1,0 0 -1,
  0 0 -1,0 0 -1,
  0 0 -1,0 0 -1,
  0 0 -1,0 0 -1,
  0 0 -1,0 0 -1,
  0 0 -1,0 0 -1,
  0 0 -1,0 0 -1,
  0 0 -1,0 0 -1,
  0 0 -1,0 0 -1,
  0 0 -1,0 0 -1,
  0 0 -1,0 0 -1,
  0 0 -1,0 0 -1,
  0 0 -1,0 0 -1,
  0 0 -1,0 0 -1,
  0 0 -1,0 0 -1,
  0 0 -1,0 0 -1,
  0 0 -1,0 0 -1,
  0 0 -1,0 0 -1,
  0 0 -1,0 0 -1,
  0 0 -1,0 0 -1,
  0 0 -1,0 0 -1,
  0 0 -1,0 0 -1,
  0 0 -1,0 0 -1,
  0 0 -1,0 0 -1,
  0 0 -1,0 0 -1,
  0 0 -1,0 0 -1,
  0 0 -1,0 0 -1,
  0 0 -1,0 0 -1,
  0 0 -1,0 0 -1,
  0 0 -1,0 0 -1,
  0 0 -1,0 0 -1,
  0 0 -1,0 0 -1,
  0 0 -1,0 0 -1,
  0 0 -1,0 0 -1,
  0 0 -1,0 0 -1,
  0 0 -1,0 0 -1,
  0 0 -1,0 0 -1,
  0 0 -1,0 0 -1,
  0 0 -1,0 0 -1,
  0 0 -1,0 0 -1,
  0 0 -1,0 0 -1,
  0 0 -1,0 0 -1,
  0 0 -1,0 0 -1,
  0 0 -1,0 0 -1,
  0 0 -1,0 0 -1,
  0 0 -1,0 0 -1,
  0 0 -1,0 0 -1,
  0 0 -1,0 0 -1,
  0 0 -1,0 0 -1,
  0 0 -1,0 0 -1,
  0 0 -1,0 0 -1,
  0 0 -1,0 0 -1,
  0 0 -1,0 0 -1,
  0 0 -1,0 0 -1,
  0 0 -1,0 0 -1,
  0 0 -1,0 0 -1,
  0 0 -1,0 0 -1,
  0 0 -1,0 0 -1,
  0 0 -1,0 0 -1,
  0 0 -1,0 0 -1,
  0 0 -1,0 0 -1,
  0 0 -1,0 0 -1,
  0 0 -1,0 0 -1,
  0 0 -1,0 0 -1,
  0 0 -1,0 0 -1,
  0 0 -1,0 0 -1,
  0 0 -1,0 0 -1,
  0 0 -1,0 0 -1,
  0 0 -1,0 0 -1,
  0 0 -1,0 0 -1,
  0 0 -1,0 0 -1,
  0 0 -1,0 0 -1,
  0 0 -1,0 0 -1,
  0 0 -1,0 0 -1,
  0 0 -1,0 0 -1,
  0 0 -1,0 0 -1,
  0 0 -1,0 0 -1,
  0 0 -1,0 0 -1,
  0 0 -1,0 0 -1,
  0 0 -1,0 0 -1,
  0 0 -1,0 0 -1,
  0 0 -1,0 0 -1,
  0 0 -1,0 0 -1,
  0 0 -1,0 0 -1,
  0 0 -1,0 0 -1,
  0 0 -1,0 0 -1,
  0 0 -1,0 0 -1,
  0 0 -1,0 0 -1,
  0 0 -1,0 0 -1,
  0 0 -1,0 0 -1,
  0 0 -1,0 0 -1,
  0 0 -1,0 0 -1,
  0 0 -1,0 0 -1,
  0 0 -1,0 0 -1,
  0 0 -1,0 0 -1,
  0 0 -1,0 0 -1,
  0 0 -1,0 0 -1,
  0 0 -1,0 0 -1,
  0 0 -1,0 0 -1,
  0 0 -1,0 0 -1,
  0 0 -1,0 0 -1,
  0 0 -1,0 0 -1,
  0 0 -1,0 0 -1,
  0 0 -1,0 0 -1,
  0 0 -1,0 0 -1,
  0 0 -1,0 0 -1,
  0 0 -1,0 0 -1,
  0 0 -1,0 0 -1,
  0 0 -1,0 0 -1,
  0 0 -1,0 0 -1,
  0 0 -1,0 0 -1,
  0 0 -1,0 0 -1,
  0 0 -1,0 0 -1,
  0 0 -1,0 0 -1,
  0 0 -1,0 0 -1,
  0 0 -1,0 0 -1,
  0 0 -1,0 0 -1,
  0 0 -1,0 0 -1,
  0 0 -1,0 0 -1,
  0 0 -1,0 0 -1,
  0 0 -1,0 0 -1,
  0 0 -1,0 0 -1,
  0 0 -1,0 0 -1,
  0 0 -1,0 0 -1,
  0 0 -1,0 0 -1,
  0 0 -1,0 0 -1,
  0 0 -1,0 0 -1,
  0 0 -1,0 0 -1,
  0 0 -1,0 0 -1,
  0 0 -1,0 0 -1,
  0 0 -1,0 0 -1,
  0 0 -1,0 0 -1,
  0 0 -1,0 0 -1,
  0 0 -1,0 0 -1,
  0 0 -1,0 0 -1,
  0 0 -1,0 0 -1,
  0 0 -1,0 0 -1,
  0 0 -1,0 0 -1,
  0 0 -1,0 0 -1,
  0 0 -1,0 0 -1,
  0 0 -1,0 0 -1,
  0 0 -1,0 0 -1,
  0 0 -1,0 0 -1,
  0 0 -1,0 0 -1,
  0 0 -1,0 0 -1,
  0 0 -1,0 0 -1,
  0 0 -1,0 0 -1,
  0 0 -1,0 0 -1,
  0 0 -1,0 0 -1,
  0 0 -1,0 0 -1,
  0 0 -1,0 0 -1,
  0 0 -1,0 0 -1,
  0 0 -1,0 0 -1,
  0 0 -1,0 0 -1,
  0 0 -1,0 0 -1,
  0 0 -1,0 0 -1,
  0 0 -1,0 0 -1,
  0 0 -1,0 0 -1,
  0 0 -1,0 0 -1,
  0 0 -1,0 0 -1,
  0 0 -1,0 0 -1,
  0 0 -1,0 0 -1,
  0 0 -1,0 0 -1,
  0 0 -1,0 0 -1,
  0 0 -1,0 0 -1,
  0 0 -1,0 0 -1,
  0 0 -1,0 0 -1,
  0 0 -1,0 0 -1,
  0 0 -1,0 0 -1,
  0 0 -1,0 0 -1,
  0 0 -1,0 0 -1,
  0 0 -1,0 0 -1,
  0 0 -1,0 0 -1,
  0 0 -1,0 0 -1,
  0 0 -1,0 0 -1,
  0 0 -1,0 0 -1,
  0 0 -1,0 0 -1,
  0 0 -1,0 0 -1,
  0 0 -1,0 0 -1,
  0 0 -1,0 0 -1,
  0 0 -1,0 0 -1,
  0 0 -1,0 0 -1,
  0 0 -1,0 0 -1,
  0 0 -1,0 0 -1,
  0 0 -1,0 0 -1,
  0 0 -1,0 0 -1,
  0 0 -1,0 0 -1,
  0 0 -1,0 0 -1,
  0 0 -1,0 0 -1,
  0 0 -1,0 0 -1,
  0 0 -1,0 0 -1,
  0 0 -1,0 0 -1,
  0 0 -1,0 0 -1,
  0 0 -1,0 0 -1,
  0 0 -1,0 0 -1,
  0 0 -1,0 0 -1,
  0 0 -1,0 0 -1,
  0 0 -1,0 0 -1,
  0 0 -1,0 0 -1,
  0 0 -1,0 0 -1,
  0 0 -1,0 0 -1,
  0 0 -1,0 0 -1,
  0 0 -1,0 0 -1,
  0 0 -1,0 0 -1,
  0 0 -1,0 0 -1,
  0 0 -1,0 0 -1,
  0 0 -1,0 0 -1,
  0 0 -1,0 0 -1,
  0 0 -1,0 0 -1,
  0 0 -1,0 0 -1,
  0 0 -1,0 0 -1,
  0 0 -1,0 0 -1,
  0 0 -1,0 0 -1,
  0 0 -1,0 0 -1,
  0 0 -1,0 0 -1,
  0 0 -1,0 0 -1,
  0 0 -1,0 0 -1,
  0 0 -1,0 0 -1,
  0 0 -1,0 0 -1,
  0 0 -1,0 0 -1,
  0 0 -1,0 0 -1,
  0 0 -1,0 0 -1,
  0 0 -1,0 0 -1,
  0 0 -1,0 0 -1,
  0 0 -1,0 0 -1,
  0 0 -1,0 0 -1,
  0 0 -1,0 0 -1,
  0 0 -1,0 0 -1,
  0 0 -1,0 0 -1,
  0 0 -1,0 0 -1,
  0 0 -1,0 0 -1,
  0 0 -1,0 0 -1,
  0 0 -1,0 0 -1,
  0 0 -1,0 0 -1,
  0 0 -1,0 0 -1,
  0 0 -1,0 0 -1,
  0 0 -1,0 0 -1,
  0 0 -1,0 0 -1,
  0 0 -1,0 0 -1,
  0 0 -1,0 0 -1,
  0 0 -1,0 0 -1,
  0 0 -1,0 0 -1,
  0 0 -1,0 0 -1,
  0 0 -1,0 0 -1,
  0 0 -1,0 0 -1,
  0 0 -1,0 0 -1,
  0 0 -1,0 0 -1,
  0 0 -1,0 0 -1,
  0 0 -1,0 0 -1,
  0 0 -1,0 0 -1,
  0 0 -1,0 0 -1,
  0 0 -1,0 0 -1,
  0 0 -1,0 0 -1,
  0 0 -1,0 0 -1,
  0 0 -1,0 0 -1,
  0 0 -1,0 0 -1,
  0 0 -1,0 0 -1,
  0 0 -1,0 0 -1,
  0 0 -1,0 0 -1,
  0 0 -1,0 0 -1,
  0 0 -1,0 0 -1,
  0 0 -1,0 0 -1,
  0 0 -1,0 0 -1,
  0 0 -1,0 0 -1,
  0 0 -1,0 0 -1,
  0 0 -1,0 0 -1,
  0 0 -1,0 0 -1,
  0 0 -1,0 0 -1,
  0 0 -1,0 0 -1,
  0 0 -1,0 0 -1,
  0 0 -1,0 0 -1,
  0 0 -1,0 0 -1,
  0 0 -1,0 0 -1,
  0 0 -1,0 0 -1,
  0 0 -1,0 0 -1,
  0 0 -1,0 0 -1,
  0 0 -1,0 0 -1,
  0 0 -1,0 0 -1,
  0 0 -1,0 0 -1,
  0 0 -1,0 0 -1,
  0 0 -1,0 0 -1,
  0 0 -1,0 0 -1,
  0 0 -1,0 0 -1,
  0 0 -1,0 0 -1,
  0 0 -1,0 0 -1,
  0 0 -1,0 0 -1,
  0 0 -1,0 0 -1,
  0 0 -1,0 0 -1,
  0 0 -1,0 0 -1,
  0 0 -1,0 0 -1,
  0 0 -1,0 0 -1,
  0 0 -1,0 0 -1,
  0 0 -1,0 0 -1,
  0 0 -1,0 0 -1,
  0 0 -1,0 0 -1,
  0 0 -1,0 0 -1,
  0 0 -1,0 0 -1,
  0 0 -1,0 0 -1,
  0 0 -1,0 0 -1,
  0 0 -1,0 0 -1,
  0 0 -1,0 0 -1,
  0 0 -1,0 0 -1,
  0 0 -1,0 0 -1,
  0 0 -1,0 0 -1,
  0 0 -1,0 0 -1,
  0 0 -1,0 0 -1,
  0 0 -1,0 0 -1,
  0 0 -1,0 0 -1,
  0 0 -1,0 0 -1,
  0 0 -1,0 0 -1,
  0 0 -1,0 0 -1,
  0 0 -1,0 0 -1,
  0 0 -1,0 0 -1,
  0 0 -1,0 0 -1,
  0 0 -1,0 0 -1,
  0 0 -1,0 0 -1,
  0 0 -1,0 0 -1,
  0 0 -1,0 0 -1,
  0 0 -1,0 0 -1,
  0 0 -1,0 0 -1,
  0 0 -1,0 0 -1,
  0 0 -1,0 0 -1,
  0 0 -1,0 0 -1,
  0 0 -1,0 0 -1,
  0 0 -1,0 0 -1,
  0 0 -1,0 0 -1,
  0 0 -1,0 0 -1,
  0 0 -1,0 0 -1,
  0 0 -1,0 0 -1,
  0 0 -1,0 0 -1,
  0 0 -1,0 0 -1,
  0 0 -1,0 0 -1] }
}
}
] }
DEF TXFM_7 Transform {
  center 0 0 0
  rotation 0 0 1 0
  scale 1 1 1
  scaleOrientation 0 0 1 0
  translation 0 0 0
 children [
DEF SHAPE_7 Shape {
 appearance DEF APP_5 Appearance {
  material Material {
   ambientIntensity 1
   diffuseColor 0.079999998 0.2 0.14
   emissiveColor 0 0 0
   shininess 0.30000001
   specularColor 0.35600001 0.44 0.398
   transparency 0.17
} }
 geometry DEF FACE_7 IndexedFaceSet {
  coord DEF COORD_7 Coordinate { point [
  51.633071 -20.07874 -0.31988189,51.640401 -20.009 -0.31988189,
  51.66207 -19.942307 -0.31988189,51.697133 -19.881578 -0.31988189,
  51.744056 -19.829465 -0.31988189,51.800787 -19.788246 -0.31988189,
  51.86485 -19.759724 -0.31988189,51.933442 -19.745144 -0.31988189,
  52.003566 -19.745144 -0.31988189,52.072158 -19.759724 -0.31988189,
  52.13622 -19.788246 -0.31988189,52.192952 -19.829465 -0.31988189,
  52.239875 -19.881578 -0.31988189,52.274937 -19.942307 -0.31988189,
  52.296607 -20.009 -0.31988189,52.303937 -20.07874 -0.31988189,
  52.296607 -20.148481 -0.31988189,52.274937 -20.215173 -0.31988189,
  52.239875 -20.275903 -0.31988189,52.192952 -20.328015 -0.31988189,
  52.13622 -20.369234 -0.31988189,52.072158 -20.397756 -0.31988189,
  52.003566 -20.412336 -0.31988189,51.933442 -20.412336 -0.31988189,
  51.86485 -20.397756 -0.31988189,51.800787 -20.369234 -0.31988189,
  51.744056 -20.328015 -0.31988189,51.697133 -20.275903 -0.31988189,
  51.66207 -20.215173 -0.31988189,51.640401 -20.148481 -0.31988189,
  51.633071 -20.866142 -0.31988189,51.640401 -20.796401 -0.31988189,
  51.66207 -20.729709 -0.31988189,51.697133 -20.668979 -0.31988189,
  51.744056 -20.616867 -0.31988189,51.800787 -20.575648 -0.31988189,
  51.86485 -20.547126 -0.31988189,51.933442 -20.532546 -0.31988189,
  52.003566 -20.532546 -0.31988189,52.072158 -20.547126 -0.31988189,
  52.13622 -20.575648 -0.31988189,52.192952 -20.616867 -0.31988189,
  52.239875 -20.668979 -0.31988189,52.274937 -20.729709 -0.31988189,
  52.296607 -20.796401 -0.31988189,52.303937 -20.866142 -0.31988189,
  52.296607 -20.935882 -0.31988189,52.274937 -21.002575 -0.31988189,
  52.239875 -21.063304 -0.31988189,52.192952 -21.115417 -0.31988189,
  52.13622 -21.156635 -0.31988189,52.072158 -21.185157 -0.31988189,
  52.003566 -21.199737 -0.31988189,51.933442 -21.199737 -0.31988189,
  51.86485 -21.185157 -0.31988189,51.800787 -21.156635 -0.31988189,
  51.744056 -21.115417 -0.31988189,51.697133 -21.063304 -0.31988189,
  51.66207 -21.002575 -0.31988189,51.640401 -20.935882 -0.31988189,
  51.633071 -21.653543 -0.31988189,51.640401 -21.583803 -0.31988189,
  51.66207 -21.51711 -0.31988189,51.697133 -21.456381 -0.31988189,
  51.744056 -21.404268 -0.31988189,51.800787 -21.36305 -0.31988189,
  51.86485 -21.334528 -0.31988189,51.933442 -21.319948 -0.31988189,
  52.003566 -21.319948 -0.31988189,52.072158 -21.334528 -0.31988189,
  52.13622 -21.36305 -0.31988189,52.192952 -21.404268 -0.31988189,
  52.239875 -21.456381 -0.31988189,52.274937 -21.51711 -0.31988189,
  52.296607 -21.583803 -0.31988189,52.303937 -21.653543 -0.31988189,
  52.296607 -21.723284 -0.31988189,52.274937 -21.789976 -0.31988189,
  52.239875 -21.850706 -0.31988189,52.192952 -21.902819 -0.31988189,
  52.13622 -21.944037 -0.31988189,52.072158 -21.972559 -0.31988189,
  52.003566 -21.987139 -0.31988189,51.933442 -21.987139 -0.31988189,
  51.86485 -21.972559 -0.31988189,51.800787 -21.944037 -0.31988189,
  51.744056 -21.902819 -0.31988189,51.697133 -21.850706 -0.31988189,
  51.66207 -21.789976 -0.31988189,51.640401 -21.723284 -0.31988189,
  51.633071 -22.440945 -0.31988189,51.640401 -22.371204 -0.31988189,
  51.66207 -22.304512 -0.31988189,51.697133 -22.243782 -0.31988189,
  51.744056 -22.19167 -0.31988189,51.800787 -22.150451 -0.31988189,
  51.86485 -22.121929 -0.31988189,51.933442 -22.107349 -0.31988189,
  52.003566 -22.107349 -0.31988189,52.072158 -22.121929 -0.31988189,
  52.13622 -22.150451 -0.31988189,52.192952 -22.19167 -0.31988189,
  52.239875 -22.243782 -0.31988189,52.274937 -22.304512 -0.31988189,
  52.296607 -22.371204 -0.31988189,52.303937 -22.440945 -0.31988189,
  52.296607 -22.510685 -0.31988189,52.274937 -22.577378 -0.31988189,
  52.239875 -22.638107 -0.31988189,52.192952 -22.69022 -0.31988189,
  52.13622 -22.731439 -0.31988189,52.072158 -22.759961 -0.31988189,
  52.003566 -22.774541 -0.31988189,51.933442 -22.774541 -0.31988189,
  51.86485 -22.759961 -0.31988189,51.800787 -22.731439 -0.31988189,
  51.744056 -22.69022 -0.31988189,51.697133 -22.638107 -0.31988189,
  51.66207 -22.577378 -0.31988189,51.640401 -22.510685 -0.31988189,
  51.633071 -23.228346 -0.31988189,51.640401 -23.158606 -0.31988189,
  51.66207 -23.091913 -0.31988189,51.697133 -23.031184 -0.31988189,
  51.744056 -22.979071 -0.31988189,51.800787 -22.937853 -0.31988189,
  51.86485 -22.909331 -0.31988189,51.933442 -22.894751 -0.31988189,
  52.003566 -22.894751 -0.31988189,52.072158 -22.909331 -0.31988189,
  52.13622 -22.937853 -0.31988189,52.192952 -22.979071 -0.31988189,
  52.239875 -23.031184 -0.31988189,52.274937 -23.091913 -0.31988189,
  52.296607 -23.158606 -0.31988189,52.303937 -23.228346 -0.31988189,
  52.296607 -23.298087 -0.31988189,52.274937 -23.36478 -0.31988189,
  52.239875 -23.425509 -0.31988189,52.192952 -23.477622 -0.31988189,
  52.13622 -23.51884 -0.31988189,52.072158 -23.547362 -0.31988189,
  52.003566 -23.561942 -0.31988189,51.933442 -23.561942 -0.31988189,
  51.86485 -23.547362 -0.31988189,51.800787 -23.51884 -0.31988189,
  51.744056 -23.477622 -0.31988189,51.697133 -23.425509 -0.31988189,
  51.66207 -23.36478 -0.31988189,51.640401 -23.298087 -0.31988189,
  51.633071 -24.015748 -0.31988189,51.640401 -23.946007 -0.31988189,
  51.66207 -23.879315 -0.31988189,51.697133 -23.818585 -0.31988189,
  51.744056 -23.766473 -0.31988189,51.800787 -23.725254 -0.31988189,
  51.86485 -23.696732 -0.31988189,51.933442 -23.682152 -0.31988189,
  52.003566 -23.682152 -0.31988189,52.072158 -23.696732 -0.31988189,
  52.13622 -23.725254 -0.31988189,52.192952 -23.766473 -0.31988189,
  52.239875 -23.818585 -0.31988189,52.274937 -23.879315 -0.31988189,
  52.296607 -23.946007 -0.31988189,52.303937 -24.015748 -0.31988189,
  52.296607 -24.085489 -0.31988189,52.274937 -24.152181 -0.31988189,
  52.239875 -24.212911 -0.31988189,52.192952 -24.265023 -0.31988189,
  52.13622 -24.306242 -0.31988189,52.072158 -24.334764 -0.31988189,
  52.003566 -24.349344 -0.31988189,51.933442 -24.349344 -0.31988189,
  51.86485 -24.334764 -0.31988189,51.800787 -24.306242 -0.31988189,
  51.744056 -24.265023 -0.31988189,51.697133 -24.212911 -0.31988189,
  51.66207 -24.152181 -0.31988189,51.640401 -24.085489 -0.31988189,
  51.633071 -24.80315 -0.31988189,51.640401 -24.733409 -0.31988189,
  51.66207 -24.666717 -0.31988189,51.697133 -24.605987 -0.31988189,
  51.744056 -24.553874 -0.31988189,51.800787 -24.512656 -0.31988189,
  51.86485 -24.484134 -0.31988189,51.933442 -24.469554 -0.31988189,
  52.003566 -24.469554 -0.31988189,52.072158 -24.484134 -0.31988189,
  52.13622 -24.512656 -0.31988189,52.192952 -24.553874 -0.31988189,
  52.239875 -24.605987 -0.31988189,52.274937 -24.666717 -0.31988189,
  52.296607 -24.733409 -0.31988189,52.303937 -24.80315 -0.31988189,
  52.296607 -24.87289 -0.31988189,52.274937 -24.939583 -0.31988189,
  52.239875 -25.000312 -0.31988189,52.192952 -25.052425 -0.31988189,
  52.13622 -25.093643 -0.31988189,52.072158 -25.122165 -0.31988189,
  52.003566 -25.136745 -0.31988189,51.933442 -25.136745 -0.31988189,
  51.86485 -25.122165 -0.31988189,51.800787 -25.093643 -0.31988189,
  51.744056 -25.052425 -0.31988189,51.697133 -25.000312 -0.31988189,
  51.66207 -24.939583 -0.31988189,51.640401 -24.87289 -0.31988189,
  51.633071 -25.590551 -0.31988189,51.640401 -25.520811 -0.31988189,
  51.66207 -25.454118 -0.31988189,51.697133 -25.393389 -0.31988189,
  51.744056 -25.341276 -0.31988189,51.800787 -25.300057 -0.31988189,
  51.86485 -25.271535 -0.31988189,51.933442 -25.256956 -0.31988189,
  52.003566 -25.256956 -0.31988189,52.072158 -25.271535 -0.31988189,
  52.13622 -25.300057 -0.31988189,52.192952 -25.341276 -0.31988189,
  52.239875 -25.393389 -0.31988189,52.274937 -25.454118 -0.31988189,
  52.296607 -25.520811 -0.31988189,52.303937 -25.590551 -0.31988189,
  52.296607 -25.660292 -0.31988189,52.274937 -25.726984 -0.31988189,
  52.239875 -25.787714 -0.31988189,52.192952 -25.839826 -0.31988189,
  52.13622 -25.881045 -0.31988189,52.072158 -25.909567 -0.31988189,
  52.003566 -25.924147 -0.31988189,51.933442 -25.924147 -0.31988189,
  51.86485 -25.909567 -0.31988189,51.800787 -25.881045 -0.31988189,
  51.744056 -25.839826 -0.31988189,51.697133 -25.787714 -0.31988189,
  51.66207 -25.726984 -0.31988189,51.640401 -25.660292 -0.31988189,
  51.633071 -26.377953 -0.31988189,51.640401 -26.308212 -0.31988189,
  51.66207 -26.24152 -0.31988189,51.697133 -26.18079 -0.31988189,
  51.744056 -26.128678 -0.31988189,51.800787 -26.087459 -0.31988189,
  51.86485 -26.058937 -0.31988189,51.933442 -26.044357 -0.31988189,
  52.003566 -26.044357 -0.31988189,52.072158 -26.058937 -0.31988189,
  52.13622 -26.087459 -0.31988189,52.192952 -26.128678 -0.31988189,
  52.239875 -26.18079 -0.31988189,52.274937 -26.24152 -0.31988189,
  52.296607 -26.308212 -0.31988189,52.303937 -26.377953 -0.31988189,
  52.296607 -26.447693 -0.31988189,52.274937 -26.514386 -0.31988189,
  52.239875 -26.575115 -0.31988189,52.192952 -26.627228 -0.31988189,
  52.13622 -26.668446 -0.31988189,52.072158 -26.696969 -0.31988189,
  52.003566 -26.711548 -0.31988189,51.933442 -26.711548 -0.31988189,
  51.86485 -26.696969 -0.31988189,51.800787 -26.668446 -0.31988189,
  51.744056 -26.627228 -0.31988189,51.697133 -26.575115 -0.31988189,
  51.66207 -26.514386 -0.31988189,51.640401 -26.447693 -0.31988189,
  49.606299 -16.535433 -0.31988189,45.669291 -16.535433 -0.31988189,
  42.519685 -19.685039 -0.31988189,42.519685 -20.07874 -0.31988189,
  42.519685 -20.866142 -0.31988189,42.519685 -21.653543 -0.31988189,
  42.519685 -22.440945 -0.31988189,42.519685 -23.228346 -0.31988189,
  42.519685 -24.015748 -0.31988189,42.519685 -24.80315 -0.31988189,
  42.519685 -25.590551 -0.31988189,42.519685 -26.377953 -0.31988189,
  42.519685 -27.165354 -0.31988189,42.519685 -30.314961 -0.31988189,
  52.755906 -30.314961 -0.31988189,52.755906 -19.685039 -0.31988189,
  51.633071 -27.165354 -0.31988189,51.640401 -27.095614 -0.31988189,
  51.66207 -27.028921 -0.31988189,51.697133 -26.968192 -0.31988189,
  51.744056 -26.916079 -0.31988189,51.800787 -26.874861 -0.31988189,
  51.86485 -26.846339 -0.31988189,51.933442 -26.831759 -0.31988189,
  52.003566 -26.831759 -0.31988189,52.072158 -26.846339 -0.31988189,
  52.13622 -26.874861 -0.31988189,52.192952 -26.916079 -0.31988189,
  52.239875 -26.968192 -0.31988189,52.274937 -27.028921 -0.31988189,
  52.296607 -27.095614 -0.31988189,52.303937 -27.165354 -0.31988189,
  52.296607 -27.235095 -0.31988189,52.274937 -27.301787 -0.31988189,
  52.239875 -27.362517 -0.31988189,52.192952 -27.41463 -0.31988189,
  52.13622 -27.455848 -0.31988189,52.072158 -27.48437 -0.31988189,
  52.003566 -27.49895 -0.31988189,51.933442 -27.49895 -0.31988189,
  51.86485 -27.48437 -0.31988189,51.800787 -27.455848 -0.31988189,
  51.744056 -27.41463 -0.31988189,51.697133 -27.362517 -0.31988189,
  51.66207 -27.301787 -0.31988189,51.640401 -27.235095 -0.31988189,
  43.64252 -26.377953 -0.31988189,43.63519 -26.447693 -0.31988189,
  43.61352 -26.514386 -0.31988189,43.578457 -26.575115 -0.31988189,
  43.531535 -26.627228 -0.31988189,43.474803 -26.668446 -0.31988189,
  43.410741 -26.696969 -0.31988189,43.342149 -26.711548 -0.31988189,
  43.272024 -26.711548 -0.31988189,43.203432 -26.696969 -0.31988189,
  43.13937 -26.668446 -0.31988189,43.082638 -26.627228 -0.31988189,
  43.035716 -26.575115 -0.31988189,43.000653 -26.514386 -0.31988189,
  42.978983 -26.447693 -0.31988189,42.971654 -26.377953 -0.31988189,
  42.978983 -26.308212 -0.31988189,43.000653 -26.24152 -0.31988189,
  43.035716 -26.18079 -0.31988189,43.082638 -26.128678 -0.31988189,
  43.13937 -26.087459 -0.31988189,43.203432 -26.058937 -0.31988189,
  43.272024 -26.044357 -0.31988189,43.342149 -26.044357 -0.31988189,
  43.410741 -26.058937 -0.31988189,43.474803 -26.087459 -0.31988189,
  43.531535 -26.128678 -0.31988189,43.578457 -26.18079 -0.31988189,
  43.61352 -26.24152 -0.31988189,43.63519 -26.308212 -0.31988189,
  43.64252 -27.165354 -0.31988189,43.63519 -27.235095 -0.31988189,
  43.61352 -27.301787 -0.31988189,43.578457 -27.362517 -0.31988189,
  43.531535 -27.41463 -0.31988189,43.474803 -27.455848 -0.31988189,
  43.410741 -27.48437 -0.31988189,43.342149 -27.49895 -0.31988189,
  43.272024 -27.49895 -0.31988189,43.203432 -27.48437 -0.31988189,
  43.13937 -27.455848 -0.31988189,43.082638 -27.41463 -0.31988189,
  43.035716 -27.362517 -0.31988189,43.000653 -27.301787 -0.31988189,
  42.978983 -27.235095 -0.31988189,42.971654 -27.165354 -0.31988189,
  42.978983 -27.095614 -0.31988189,43.000653 -27.028921 -0.31988189,
  43.035716 -26.968192 -0.31988189,43.082638 -26.916079 -0.31988189,
  43.13937 -26.874861 -0.31988189,43.203432 -26.846339 -0.31988189,
  43.272024 -26.831759 -0.31988189,43.342149 -26.831759 -0.31988189,
  43.410741 -26.846339 -0.31988189,43.474803 -26.874861 -0.31988189,
  43.531535 -26.916079 -0.31988189,43.578457 -26.968192 -0.31988189,
  43.61352 -27.028921 -0.31988189,43.63519 -27.095614 -0.31988189,
  42.971654 -20.07874 -0.31988189,42.978983 -20.009 -0.31988189,
  43.000653 -19.942307 -0.31988189,43.035716 -19.881578 -0.31988189,
  43.082638 -19.829465 -0.31988189,43.13937 -19.788246 -0.31988189,
  43.203432 -19.759724 -0.31988189,43.272024 -19.745144 -0.31988189,
  43.342149 -19.745144 -0.31988189,43.410741 -19.759724 -0.31988189,
  43.474803 -19.788246 -0.31988189,43.531535 -19.829465 -0.31988189,
  43.578457 -19.881578 -0.31988189,43.61352 -19.942307 -0.31988189,
  43.63519 -20.009 -0.31988189,43.64252 -20.07874 -0.31988189,
  43.63519 -20.148481 -0.31988189,43.61352 -20.215173 -0.31988189,
  43.578457 -20.275903 -0.31988189,43.531535 -20.328015 -0.31988189,
  43.474803 -20.369234 -0.31988189,43.410741 -20.397756 -0.31988189,
  43.342149 -20.412336 -0.31988189,43.272024 -20.412336 -0.31988189,
  43.203432 -20.397756 -0.31988189,43.13937 -20.369234 -0.31988189,
  43.082638 -20.328015 -0.31988189,43.035716 -20.275903 -0.31988189,
  43.000653 -20.215173 -0.31988189,42.978983 -20.148481 -0.31988189,
  42.971654 -20.866142 -0.31988189,42.978983 -20.796401 -0.31988189,
  43.000653 -20.729709 -0.31988189,43.035716 -20.668979 -0.31988189,
  43.082638 -20.616867 -0.31988189,43.13937 -20.575648 -0.31988189,
  43.203432 -20.547126 -0.31988189,43.272024 -20.532546 -0.31988189,
  43.342149 -20.532546 -0.31988189,43.410741 -20.547126 -0.31988189,
  43.474803 -20.575648 -0.31988189,43.531535 -20.616867 -0.31988189,
  43.578457 -20.668979 -0.31988189,43.61352 -20.729709 -0.31988189,
  43.63519 -20.796401 -0.31988189,43.64252 -20.866142 -0.31988189,
  43.63519 -20.935882 -0.31988189,43.61352 -21.002575 -0.31988189,
  43.578457 -21.063304 -0.31988189,43.531535 -21.115417 -0.31988189,
  43.474803 -21.156635 -0.31988189,43.410741 -21.185157 -0.31988189,
  43.342149 -21.199737 -0.31988189,43.272024 -21.199737 -0.31988189,
  43.203432 -21.185157 -0.31988189,43.13937 -21.156635 -0.31988189,
  43.082638 -21.115417 -0.31988189,43.035716 -21.063304 -0.31988189,
  43.000653 -21.002575 -0.31988189,42.978983 -20.935882 -0.31988189,
  42.971654 -21.653543 -0.31988189,42.978983 -21.583803 -0.31988189,
  43.000653 -21.51711 -0.31988189,43.035716 -21.456381 -0.31988189,
  43.082638 -21.404268 -0.31988189,43.13937 -21.36305 -0.31988189,
  43.203432 -21.334528 -0.31988189,43.272024 -21.319948 -0.31988189,
  43.342149 -21.319948 -0.31988189,43.410741 -21.334528 -0.31988189,
  43.474803 -21.36305 -0.31988189,43.531535 -21.404268 -0.31988189,
  43.578457 -21.456381 -0.31988189,43.61352 -21.51711 -0.31988189,
  43.63519 -21.583803 -0.31988189,43.64252 -21.653543 -0.31988189,
  43.63519 -21.723284 -0.31988189,43.61352 -21.789976 -0.31988189,
  43.578457 -21.850706 -0.31988189,43.531535 -21.902819 -0.31988189,
  43.474803 -21.944037 -0.31988189,43.410741 -21.972559 -0.31988189,
  43.342149 -21.987139 -0.31988189,43.272024 -21.987139 -0.31988189,
  43.203432 -21.972559 -0.31988189,43.13937 -21.944037 -0.31988189,
  43.082638 -21.902819 -0.31988189,43.035716 -21.850706 -0.31988189,
  43.000653 -21.789976 -0.31988189,42.978983 -21.723284 -0.31988189,
  42.971654 -22.440945 -0.31988189,42.978983 -22.371204 -0.31988189,
  43.000653 -22.304512 -0.31988189,43.035716 -22.243782 -0.31988189,
  43.082638 -22.19167 -0.31988189,43.13937 -22.150451 -0.31988189,
  43.203432 -22.121929 -0.31988189,43.272024 -22.107349 -0.31988189,
  43.342149 -22.107349 -0.31988189,43.410741 -22.121929 -0.31988189,
  43.474803 -22.150451 -0.31988189,43.531535 -22.19167 -0.31988189,
  43.578457 -22.243782 -0.31988189,43.61352 -22.304512 -0.31988189,
  43.63519 -22.371204 -0.31988189,43.64252 -22.440945 -0.31988189,
  43.63519 -22.510685 -0.31988189,43.61352 -22.577378 -0.31988189,
  43.578457 -22.638107 -0.31988189,43.531535 -22.69022 -0.31988189,
  43.474803 -22.731439 -0.31988189,43.410741 -22.759961 -0.31988189,
  43.342149 -22.774541 -0.31988189,43.272024 -22.774541 -0.31988189,
  43.203432 -22.759961 -0.31988189,43.13937 -22.731439 -0.31988189,
  43.082638 -22.69022 -0.31988189,43.035716 -22.638107 -0.31988189,
  43.000653 -22.577378 -0.31988189,42.978983 -22.510685 -0.31988189,
  42.971654 -23.228346 -0.31988189,42.978983 -23.158606 -0.31988189,
  43.000653 -23.091913 -0.31988189,43.035716 -23.031184 -0.31988189,
  43.082638 -22.979071 -0.31988189,43.13937 -22.937853 -0.31988189,
  43.203432 -22.909331 -0.31988189,43.272024 -22.894751 -0.31988189,
  43.342149 -22.894751 -0.31988189,43.410741 -22.909331 -0.31988189,
  43.474803 -22.937853 -0.31988189,43.531535 -22.979071 -0.31988189,
  43.578457 -23.031184 -0.31988189,43.61352 -23.091913 -0.31988189,
  43.63519 -23.158606 -0.31988189,43.64252 -23.228346 -0.31988189,
  43.63519 -23.298087 -0.31988189,43.61352 -23.36478 -0.31988189,
  43.578457 -23.425509 -0.31988189,43.531535 -23.477622 -0.31988189,
  43.474803 -23.51884 -0.31988189,43.410741 -23.547362 -0.31988189,
  43.342149 -23.561942 -0.31988189,43.272024 -23.561942 -0.31988189,
  43.203432 -23.547362 -0.31988189,43.13937 -23.51884 -0.31988189,
  43.082638 -23.477622 -0.31988189,43.035716 -23.425509 -0.31988189,
  43.000653 -23.36478 -0.31988189,42.978983 -23.298087 -0.31988189,
  42.971654 -24.015748 -0.31988189,42.978983 -23.946007 -0.31988189,
  43.000653 -23.879315 -0.31988189,43.035716 -23.818585 -0.31988189,
  43.082638 -23.766473 -0.31988189,43.13937 -23.725254 -0.31988189,
  43.203432 -23.696732 -0.31988189,43.272024 -23.682152 -0.31988189,
  43.342149 -23.682152 -0.31988189,43.410741 -23.696732 -0.31988189,
  43.474803 -23.725254 -0.31988189,43.531535 -23.766473 -0.31988189,
  43.578457 -23.818585 -0.31988189,43.61352 -23.879315 -0.31988189,
  43.63519 -23.946007 -0.31988189,43.64252 -24.015748 -0.31988189,
  43.63519 -24.085489 -0.31988189,43.61352 -24.152181 -0.31988189,
  43.578457 -24.212911 -0.31988189,43.531535 -24.265023 -0.31988189,
  43.474803 -24.306242 -0.31988189,43.410741 -24.334764 -0.31988189,
  43.342149 -24.349344 -0.31988189,43.272024 -24.349344 -0.31988189,
  43.203432 -24.334764 -0.31988189,43.13937 -24.306242 -0.31988189,
  43.082638 -24.265023 -0.31988189,43.035716 -24.212911 -0.31988189,
  43.000653 -24.152181 -0.31988189,42.978983 -24.085489 -0.31988189,
  42.971654 -24.80315 -0.31988189,42.978983 -24.733409 -0.31988189,
  43.000653 -24.666717 -0.31988189,43.035716 -24.605987 -0.31988189,
  43.082638 -24.553874 -0.31988189,43.13937 -24.512656 -0.31988189,
  43.203432 -24.484134 -0.31988189,43.272024 -24.469554 -0.31988189,
  43.342149 -24.469554 -0.31988189,43.410741 -24.484134 -0.31988189,
  43.474803 -24.512656 -0.31988189,43.531535 -24.553874 -0.31988189,
  43.578457 -24.605987 -0.31988189,43.61352 -24.666717 -0.31988189,
  43.63519 -24.733409 -0.31988189,43.64252 -24.80315 -0.31988189,
  43.63519 -24.87289 -0.31988189,43.61352 -24.939583 -0.31988189,
  43.578457 -25.000312 -0.31988189,43.531535 -25.052425 -0.31988189,
  43.474803 -25.093643 -0.31988189,43.410741 -25.122165 -0.31988189,
  43.342149 -25.136745 -0.31988189,43.272024 -25.136745 -0.31988189,
  43.203432 -25.122165 -0.31988189,43.13937 -25.093643 -0.31988189,
  43.082638 -25.052425 -0.31988189,43.035716 -25.000312 -0.31988189,
  43.000653 -24.939583 -0.31988189,42.978983 -24.87289 -0.31988189,
  42.971654 -25.590551 -0.31988189,42.978983 -25.520811 -0.31988189,
  43.000653 -25.454118 -0.31988189,43.035716 -25.393389 -0.31988189,
  43.082638 -25.341276 -0.31988189,43.13937 -25.300057 -0.31988189,
  43.203432 -25.271535 -0.31988189,43.272024 -25.256956 -0.31988189,
  43.342149 -25.256956 -0.31988189,43.410741 -25.271535 -0.31988189,
  43.474803 -25.300057 -0.31988189,43.531535 -25.341276 -0.31988189,
  43.578457 -25.393389 -0.31988189,43.61352 -25.454118 -0.31988189,
  43.63519 -25.520811 -0.31988189,43.64252 -25.590551 -0.31988189,
  43.63519 -25.660292 -0.31988189,43.61352 -25.726984 -0.31988189,
  43.578457 -25.787714 -0.31988189,43.531535 -25.839826 -0.31988189,
  43.474803 -25.881045 -0.31988189,43.410741 -25.909567 -0.31988189,
  43.342149 -25.924147 -0.31988189,43.272024 -25.924147 -0.31988189,
  43.203432 -25.909567 -0.31988189,43.13937 -25.881045 -0.31988189,
  43.082638 -25.839826 -0.31988189,43.035716 -25.787714 -0.31988189,
  43.000653 -25.726984 -0.31988189,42.978983 -25.660292 -0.31988189] }
 coordIndex [
  270,1,0,-1,270,0,286,-1,286,0,240,-1,286,240,287,-1,287,240,269,-1,287,269,288,-1,288,269,268,-1,288,268,289,-1,
  289,268,267,-1,289,267,290,-1,290,267,266,-1,290,266,291,-1,291,266,265,-1,291,265,292,-1,292,265,264,-1,292,264,293,-1,
  293,264,263,-1,293,263,294,-1,294,263,262,-1,294,262,295,-1,295,262,261,-1,295,261,296,-1,296,261,260,-1,296,260,297,-1,
  297,260,259,-1,297,259,298,-1,298,259,258,-1,298,258,299,-1,299,258,257,-1,299,257,300,-1,300,257,256,-1,300,256,301,-1,
  301,256,255,-1,301,255,284,-1,284,255,225,-1,284,225,195,-1,195,225,196,-1,240,0,210,-1,240,210,241,-1,241,210,239,-1,
  241,239,242,-1,242,239,238,-1,242,238,243,-1,243,238,237,-1,243,237,244,-1,244,237,236,-1,244,236,245,-1,245,236,235,-1,
  245,235,246,-1,246,235,234,-1,246,234,247,-1,247,234,233,-1,247,233,248,-1,248,233,232,-1,248,232,249,-1,249,232,231,-1,
  249,231,250,-1,250,231,230,-1,250,230,251,-1,251,230,229,-1,251,229,252,-1,252,229,228,-1,252,228,253,-1,253,228,227,-1,
  253,227,254,-1,254,227,226,-1,254,226,255,-1,255,226,225,-1,210,0,180,-1,210,180,211,-1,211,180,209,-1,211,209,212,-1,
  212,209,208,-1,212,208,213,-1,213,208,207,-1,213,207,214,-1,214,207,206,-1,214,206,215,-1,215,206,205,-1,215,205,216,-1,
  216,205,204,-1,216,204,217,-1,217,204,203,-1,217,203,218,-1,218,203,202,-1,218,202,219,-1,219,202,201,-1,219,201,220,-1,
  220,201,200,-1,220,200,221,-1,221,200,199,-1,221,199,222,-1,222,199,198,-1,222,198,223,-1,223,198,197,-1,223,197,224,-1,
  224,197,196,-1,224,196,225,-1,180,0,150,-1,180,150,181,-1,181,150,179,-1,181,179,182,-1,182,179,178,-1,182,178,183,-1,
  183,178,177,-1,183,177,184,-1,184,177,176,-1,184,176,185,-1,185,176,175,-1,185,175,186,-1,186,175,174,-1,186,174,187,-1,
  187,174,173,-1,187,173,188,-1,188,173,172,-1,188,172,189,-1,189,172,171,-1,189,171,190,-1,190,171,170,-1,190,170,191,-1,
  191,170,169,-1,191,169,192,-1,192,169,168,-1,192,168,193,-1,193,168,167,-1,193,167,194,-1,194,167,166,-1,194,166,195,-1,
  195,166,165,-1,195,165,284,-1,284,165,135,-1,284,135,105,-1,105,135,106,-1,150,0,120,-1,150,120,151,-1,151,120,149,-1,
  151,149,152,-1,152,149,148,-1,152,148,153,-1,153,148,147,-1,153,147,154,-1,154,147,146,-1,154,146,155,-1,155,146,145,-1,
  155,145,156,-1,156,145,144,-1,156,144,157,-1,157,144,143,-1,157,143,158,-1,158,143,142,-1,158,142,159,-1,159,142,141,-1,
  159,141,160,-1,160,141,140,-1,160,140,161,-1,161,140,139,-1,161,139,162,-1,162,139,138,-1,162,138,163,-1,163,138,137,-1,
  163,137,164,-1,164,137,136,-1,164,136,165,-1,165,136,135,-1,120,0,90,-1,120,90,121,-1,121,90,119,-1,121,119,122,-1,
  122,119,118,-1,122,118,123,-1,123,118,117,-1,123,117,124,-1,124,117,116,-1,124,116,125,-1,125,116,115,-1,125,115,126,-1,
  126,115,114,-1,126,114,127,-1,127,114,113,-1,127,113,128,-1,128,113,112,-1,128,112,129,-1,129,112,111,-1,129,111,130,-1,
  130,111,110,-1,130,110,131,-1,131,110,109,-1,131,109,132,-1,132,109,108,-1,132,108,133,-1,133,108,107,-1,133,107,134,-1,
  134,107,106,-1,134,106,135,-1,90,0,60,-1,90,60,91,-1,91,60,89,-1,91,89,92,-1,92,89,88,-1,92,88,93,-1,
  93,88,87,-1,93,87,94,-1,94,87,86,-1,94,86,95,-1,95,86,85,-1,95,85,96,-1,96,85,84,-1,96,84,97,-1,
  97,84,83,-1,97,83,98,-1,98,83,82,-1,98,82,99,-1,99,82,81,-1,99,81,100,-1,100,81,80,-1,100,80,101,-1,
  101,80,79,-1,101,79,102,-1,102,79,78,-1,102,78,103,-1,103,78,77,-1,103,77,104,-1,104,77,76,-1,104,76,105,-1,
  105,76,75,-1,105,75,284,-1,284,75,45,-1,284,45,15,-1,15,45,16,-1,60,0,30,-1,60,30,61,-1,61,30,59,-1,
  61,59,62,-1,62,59,58,-1,62,58,63,-1,63,58,57,-1,63,57,64,-1,64,57,56,-1,64,56,65,-1,65,56,55,-1,
  65,55,66,-1,66,55,54,-1,66,54,67,-1,67,54,53,-1,67,53,68,-1,68,53,52,-1,68,52,69,-1,69,52,51,-1,
  69,51,70,-1,70,51,50,-1,70,50,71,-1,71,50,49,-1,71,49,72,-1,72,49,48,-1,72,48,73,-1,73,48,47,-1,
  73,47,74,-1,74,47,46,-1,74,46,75,-1,75,46,45,-1,16,45,44,-1,16,44,17,-1,17,44,43,-1,17,43,18,-1,
  18,43,42,-1,18,42,19,-1,19,42,41,-1,19,41,20,-1,20,41,40,-1,20,40,21,-1,21,40,39,-1,21,39,22,-1,
  22,39,38,-1,22,38,23,-1,23,38,37,-1,23,37,24,-1,24,37,36,-1,24,36,25,-1,25,36,35,-1,25,35,26,-1,
  26,35,34,-1,26,34,27,-1,27,34,33,-1,27,33,28,-1,28,33,32,-1,28,32,29,-1,29,32,31,-1,29,31,0,-1,
  0,31,30,-1,270,285,7,-1,7,285,8,-1,8,285,9,-1,9,285,10,-1,10,285,11,-1,11,285,12,-1,12,285,13,-1,
  13,285,14,-1,14,285,15,-1,15,285,284,-1,1,270,2,-1,2,270,3,-1,3,270,4,-1,4,270,5,-1,5,270,6,-1,
  6,270,7,-1,301,284,302,-1,302,284,303,-1,303,284,304,-1,304,284,305,-1,305,284,306,-1,306,284,307,-1,307,284,308,-1,
  308,284,309,-1,309,284,310,-1,310,284,311,-1,311,284,312,-1,312,284,313,-1,313,284,314,-1,314,284,271,-1,271,284,391,-1,
  391,284,421,-1,421,284,451,-1,451,284,481,-1,481,284,511,-1,511,284,541,-1,541,284,571,-1,571,284,601,-1,601,284,316,-1,
  316,284,346,-1,346,284,347,-1,347,284,348,-1,348,284,349,-1,349,284,350,-1,350,284,351,-1,351,284,352,-1,352,284,353,-1,
  353,284,354,-1,354,284,355,-1,355,284,283,-1,286,315,270,-1,270,315,271,-1,271,315,314,-1,602,316,345,-1,602,345,603,-1,
  603,345,344,-1,603,344,604,-1,604,344,343,-1,604,343,605,-1,605,343,342,-1,605,342,606,-1,606,342,341,-1,606,341,607,-1,
  607,341,340,-1,607,340,608,-1,608,340,339,-1,608,339,609,-1,609,339,338,-1,609,338,610,-1,610,338,337,-1,610,337,611,-1,
  611,337,336,-1,611,336,612,-1,612,336,335,-1,612,335,613,-1,613,335,334,-1,613,334,614,-1,614,334,333,-1,614,333,615,-1,
  615,333,332,-1,615,332,586,-1,586,332,331,-1,586,331,376,-1,376,331,361,-1,376,361,272,-1,272,361,273,-1,273,361,274,-1,
  274,361,275,-1,275,361,276,-1,276,361,277,-1,277,361,360,-1,277,360,278,-1,278,360,279,-1,279,360,280,-1,280,360,281,-1,
  281,360,359,-1,283,282,356,-1,356,282,357,-1,357,282,358,-1,358,282,359,-1,359,282,281,-1,362,331,330,-1,362,330,363,-1,
  363,330,329,-1,363,329,364,-1,364,329,328,-1,364,328,365,-1,365,328,327,-1,365,327,366,-1,366,327,326,-1,366,326,367,-1,
  367,326,325,-1,367,325,368,-1,368,325,324,-1,368,324,369,-1,369,324,323,-1,369,323,370,-1,370,323,322,-1,370,322,371,-1,
  371,322,321,-1,371,321,372,-1,372,321,320,-1,372,320,373,-1,373,320,319,-1,373,319,374,-1,374,319,318,-1,374,318,375,-1,
  375,318,317,-1,375,317,346,-1,346,317,316,-1,586,376,556,-1,586,556,587,-1,587,556,585,-1,587,585,588,-1,588,585,584,-1,
  588,584,589,-1,589,584,583,-1,589,583,590,-1,590,583,582,-1,590,582,591,-1,591,582,581,-1,591,581,592,-1,592,581,580,-1,
  592,580,593,-1,593,580,579,-1,593,579,594,-1,594,579,578,-1,594,578,595,-1,595,578,577,-1,595,577,596,-1,596,577,576,-1,
  596,576,597,-1,597,576,575,-1,597,575,598,-1,598,575,574,-1,598,574,599,-1,599,574,573,-1,599,573,600,-1,600,573,572,-1,
  600,572,601,-1,601,572,571,-1,556,376,526,-1,556,526,557,-1,557,526,555,-1,557,555,558,-1,558,555,554,-1,558,554,559,-1,
  559,554,553,-1,559,553,560,-1,560,553,552,-1,560,552,561,-1,561,552,551,-1,561,551,562,-1,562,551,550,-1,562,550,563,-1,
  563,550,549,-1,563,549,564,-1,564,549,548,-1,564,548,565,-1,565,548,547,-1,565,547,566,-1,566,547,546,-1,566,546,567,-1,
  567,546,545,-1,567,545,568,-1,568,545,544,-1,568,544,569,-1,569,544,543,-1,569,543,570,-1,570,543,542,-1,570,542,571,-1,
  571,542,541,-1,526,376,496,-1,526,496,527,-1,527,496,525,-1,527,525,528,-1,528,525,524,-1,528,524,529,-1,529,524,523,-1,
  529,523,530,-1,530,523,522,-1,530,522,531,-1,531,522,521,-1,531,521,532,-1,532,521,520,-1,532,520,533,-1,533,520,519,-1,
  533,519,534,-1,534,519,518,-1,534,518,535,-1,535,518,517,-1,535,517,536,-1,536,517,516,-1,536,516,537,-1,537,516,515,-1,
  537,515,538,-1,538,515,514,-1,538,514,539,-1,539,514,513,-1,539,513,540,-1,540,513,512,-1,540,512,541,-1,541,512,511,-1,
  496,376,466,-1,496,466,497,-1,497,466,495,-1,497,495,498,-1,498,495,494,-1,498,494,499,-1,499,494,493,-1,499,493,500,-1,
  500,493,492,-1,500,492,501,-1,501,492,491,-1,501,491,502,-1,502,491,490,-1,502,490,503,-1,503,490,489,-1,503,489,504,-1,
  504,489,488,-1,504,488,505,-1,505,488,487,-1,505,487,506,-1,506,487,486,-1,506,486,507,-1,507,486,485,-1,507,485,508,-1,
  508,485,484,-1,508,484,509,-1,509,484,483,-1,509,483,510,-1,510,483,482,-1,510,482,511,-1,511,482,481,-1,466,376,436,-1,
  466,436,467,-1,467,436,465,-1,467,465,468,-1,468,465,464,-1,468,464,469,-1,469,464,463,-1,469,463,470,-1,470,463,462,-1,
  470,462,471,-1,471,462,461,-1,471,461,472,-1,472,461,460,-1,472,460,473,-1,473,460,459,-1,473,459,474,-1,474,459,458,-1,
  474,458,475,-1,475,458,457,-1,475,457,476,-1,476,457,456,-1,476,456,477,-1,477,456,455,-1,477,455,478,-1,478,455,454,-1,
  478,454,479,-1,479,454,453,-1,479,453,480,-1,480,453,452,-1,480,452,481,-1,481,452,451,-1,436,376,406,-1,436,406,437,-1,
  437,406,435,-1,437,435,438,-1,438,435,434,-1,438,434,439,-1,439,434,433,-1,439,433,440,-1,440,433,432,-1,440,432,441,-1,
  441,432,431,-1,441,431,442,-1,442,431,430,-1,442,430,443,-1,443,430,429,-1,443,429,444,-1,444,429,428,-1,444,428,445,-1,
  445,428,427,-1,445,427,446,-1,446,427,426,-1,446,426,447,-1,447,426,425,-1,447,425,448,-1,448,425,424,-1,448,424,449,-1,
  449,424,423,-1,449,423,450,-1,450,423,422,-1,450,422,451,-1,451,422,421,-1,407,376,405,-1,407,405,408,-1,408,405,404,-1,
  408,404,409,-1,409,404,403,-1,409,403,410,-1,410,403,402,-1,410,402,411,-1,411,402,401,-1,411,401,412,-1,412,401,400,-1,
  412,400,413,-1,413,400,399,-1,413,399,414,-1,414,399,398,-1,414,398,415,-1,415,398,397,-1,415,397,416,-1,416,397,396,-1,
  416,396,417,-1,417,396,395,-1,417,395,418,-1,418,395,394,-1,418,394,419,-1,419,394,393,-1,419,393,420,-1,420,393,392,-1,
  420,392,421,-1,421,392,391,-1,272,271,379,-1,379,271,380,-1,380,271,381,-1,381,271,382,-1,382,271,383,-1,383,271,384,-1,
  384,271,385,-1,385,271,386,-1,386,271,387,-1,387,271,388,-1,388,271,389,-1,389,271,390,-1,390,271,391,-1,376,272,377,-1,
  377,272,378,-1,378,272,379,-1,376,407,406,-1,316,602,601,-1,331,362,361,-1,283,356,355,-1]
  normalPerVertex TRUE
  normal DEF NORM_7 Normal { vector [
  0 0 -1,0 0 -1,
  0 0 -1,0 0 -1,
  0 0 -1,0 0 -1,
  0 0 -1,0 0 -1,
  0 0 -1,0 0 -1,
  0 0 -1,0 0 -1,
  0 0 -1,0 0 -1,
  0 0 -1,0 0 -1,
  0 0 -1,0 0 -1,
  0 0 -1,0 0 -1,
  0 0 -1,0 0 -1,
  0 0 -1,0 0 -1,
  0 0 -1,0 0 -1,
  0 0 -1,0 0 -1,
  0 0 -1,0 0 -1,
  0 0 -1,0 0 -1,
  0 0 -1,0 0 -1,
  0 0 -1,0 0 -1,
  0 0 -1,0 0 -1,
  0 0 -1,0 0 -1,
  0 0 -1,0 0 -1,
  0 0 -1,0 0 -1,
  0 0 -1,0 0 -1,
  0 0 -1,0 0 -1,
  0 0 -1,0 0 -1,
  0 0 -1,0 0 -1,
  0 0 -1,0 0 -1,
  0 0 -1,0 0 -1,
  0 0 -1,0 0 -1,
  0 0 -1,0 0 -1,
  0 0 -1,0 0 -1,
  0 0 -1,0 0 -1,
  0 0 -1,0 0 -1,
  0 0 -1,0 0 -1,
  0 0 -1,0 0 -1,
  0 0 -1,0 0 -1,
  0 0 -1,0 0 -1,
  0 0 -1,0 0 -1,
  0 0 -1,0 0 -1,
  0 0 -1,0 0 -1,
  0 0 -1,0 0 -1,
  0 0 -1,0 0 -1,
  0 0 -1,0 0 -1,
  0 0 -1,0 0 -1,
  0 0 -1,0 0 -1,
  0 0 -1,0 0 -1,
  0 0 -1,0 0 -1,
  0 0 -1,0 0 -1,
  0 0 -1,0 0 -1,
  0 0 -1,0 0 -1,
  0 0 -1,0 0 -1,
  0 0 -1,0 0 -1,
  0 0 -1,0 0 -1,
  0 0 -1,0 0 -1,
  0 0 -1,0 0 -1,
  0 0 -1,0 0 -1,
  0 0 -1,0 0 -1,
  0 0 -1,0 0 -1,
  0 0 -1,0 0 -1,
  0 0 -1,0 0 -1,
  0 0 -1,0 0 -1,
  0 0 -1,0 0 -1,
  0 0 -1,0 0 -1,
  0 0 -1,0 0 -1,
  0 0 -1,0 0 -1,
  0 0 -1,0 0 -1,
  0 0 -1,0 0 -1,
  0 0 -1,0 0 -1,
  0 0 -1,0 0 -1,
  0 0 -1,0 0 -1,
  0 0 -1,0 0 -1,
  0 0 -1,0 0 -1,
  0 0 -1,0 0 -1,
  0 0 -1,0 0 -1,
  0 0 -1,0 0 -1,
  0 0 -1,0 0 -1,
  0 0 -1,0 0 -1,
  0 0 -1,0 0 -1,
  0 0 -1,0 0 -1,
  0 0 -1,0 0 -1,
  0 0 -1,0 0 -1,
  0 0 -1,0 0 -1,
  0 0 -1,0 0 -1,
  0 0 -1,0 0 -1,
  0 0 -1,0 0 -1,
  0 0 -1,0 0 -1,
  0 0 -1,0 0 -1,
  0 0 -1,0 0 -1,
  0 0 -1,0 0 -1,
  0 0 -1,0 0 -1,
  0 0 -1,0 0 -1,
  0 0 -1,0 0 -1,
  0 0 -1,0 0 -1,
  0 0 -1,0 0 -1,
  0 0 -1,0 0 -1,
  0 0 -1,0 0 -1,
  0 0 -1,0 0 -1,
  0 0 -1,0 0 -1,
  0 0 -1,0 0 -1,
  0 0 -1,0 0 -1,
  0 0 -1,0 0 -1,
  0 0 -1,0 0 -1,
  0 0 -1,0 0 -1,
  0 0 -1,0 0 -1,
  0 0 -1,0 0 -1,
  0 0 -1,0 0 -1,
  0 0 -1,0 0 -1,
  0 0 -1,0 0 -1,
  0 0 -1,0 0 -1,
  0 0 -1,0 0 -1,
  0 0 -1,0 0 -1,
  0 0 -1,0 0 -1,
  0 0 -1,0 0 -1,
  0 0 -1,0 0 -1,
  0 0 -1,0 0 -1,
  0 0 -1,0 0 -1,
  0 0 -1,0 0 -1,
  0 0 -1,0 0 -1,
  0 0 -1,0 0 -1,
  0 0 -1,0 0 -1,
  0 0 -1,0 0 -1,
  0 0 -1,0 0 -1,
  0 0 -1,0 0 -1,
  0 0 -1,0 0 -1,
  0 0 -1,0 0 -1,
  0 0 -1,0 0 -1,
  0 0 -1,0 0 -1,
  0 0 -1,0 0 -1,
  0 0 -1,0 0 -1,
  0 0 -1,0 0 -1,
  0 0 -1,0 0 -1,
  0 0 -1,0 0 -1,
  0 0 -1,0 0 -1,
  0 0 -1,0 0 -1,
  0 0 -1,0 0 -1,
  0 0 -1,0 0 -1,
  0 0 -1,0 0 -1,
  0 0 -1,0 0 -1,
  0 0 -1,0 0 -1,
  0 0 -1,0 0 -1,
  0 0 -1,0 0 -1,
  0 0 -1,0 0 -1,
  0 0 -1,0 0 -1,
  0 0 -1,0 0 -1,
  0 0 -1,0 0 -1,
  0 0 -1,0 0 -1,
  0 0 -1,0 0 -1,
  0 0 -1,0 0 -1,
  0 0 -1,0 0 -1,
  0 0 -1,0 0 -1,
  0 0 -1,0 0 -1,
  0 0 -1,0 0 -1,
  0 0 -1,0 0 -1,
  0 0 -1,0 0 -1,
  0 0 -1,0 0 -1,
  0 0 -1,0 0 -1,
  0 0 -1,0 0 -1,
  0 0 -1,0 0 -1,
  0 0 -1,0 0 -1,
  0 0 -1,0 0 -1,
  0 0 -1,0 0 -1,
  0 0 -1,0 0 -1,
  0 0 -1,0 0 -1,
  0 0 -1,0 0 -1,
  0 0 -1,0 0 -1,
  0 0 -1,0 0 -1,
  0 0 -1,0 0 -1,
  0 0 -1,0 0 -1,
  0 0 -1,0 0 -1,
  0 0 -1,0 0 -1,
  0 0 -1,0 0 -1,
  0 0 -1,0 0 -1,
  0 0 -1,0 0 -1,
  0 0 -1,0 0 -1,
  0 0 -1,0 0 -1,
  0 0 -1,0 0 -1,
  0 0 -1,0 0 -1,
  0 0 -1,0 0 -1,
  0 0 -1,0 0 -1,
  0 0 -1,0 0 -1,
  0 0 -1,0 0 -1,
  0 0 -1,0 0 -1,
  0 0 -1,0 0 -1,
  0 0 -1,0 0 -1,
  0 0 -1,0 0 -1,
  0 0 -1,0 0 -1,
  0 0 -1,0 0 -1,
  0 0 -1,0 0 -1,
  0 0 -1,0 0 -1,
  0 0 -1,0 0 -1,
  0 0 -1,0 0 -1,
  0 0 -1,0 0 -1,
  0 0 -1,0 0 -1,
  0 0 -1,0 0 -1,
  0 0 -1,0 0 -1,
  0 0 -1,0 0 -1,
  0 0 -1,0 0 -1,
  0 0 -1,0 0 -1,
  0 0 -1,0 0 -1,
  0 0 -1,0 0 -1,
  0 0 -1,0 0 -1,
  0 0 -1,0 0 -1,
  0 0 -1,0 0 -1,
  0 0 -1,0 0 -1,
  0 0 -1,0 0 -1,
  0 0 -1,0 0 -1,
  0 0 -1,0 0 -1,
  0 0 -1,0 0 -1,
  0 0 -1,0 0 -1,
  0 0 -1,0 0 -1,
  0 0 -1,0 0 -1,
  0 0 -1,0 0 -1,
  0 0 -1,0 0 -1,
  0 0 -1,0 0 -1,
  0 0 -1,0 0 -1,
  0 0 -1,0 0 -1,
  0 0 -1,0 0 -1,
  0 0 -1,0 0 -1,
  0 0 -1,0 0 -1,
  0 0 -1,0 0 -1,
  0 0 -1,0 0 -1,
  0 0 -1,0 0 -1,
  0 0 -1,0 0 -1,
  0 0 -1,0 0 -1,
  0 0 -1,0 0 -1,
  0 0 -1,0 0 -1,
  0 0 -1,0 0 -1,
  0 0 -1,0 0 -1,
  0 0 -1,0 0 -1,
  0 0 -1,0 0 -1,
  0 0 -1,0 0 -1,
  0 0 -1,0 0 -1,
  0 0 -1,0 0 -1,
  0 0 -1,0 0 -1,
  0 0 -1,0 0 -1,
  0 0 -1,0 0 -1,
  0 0 -1,0 0 -1,
  0 0 -1,0 0 -1,
  0 0 -1,0 0 -1,
  0 0 -1,0 0 -1,
  0 0 -1,0 0 -1,
  0 0 -1,0 0 -1,
  0 0 -1,0 0 -1,
  0 0 -1,0 0 -1,
  0 0 -1,0 0 -1,
  0 0 -1,0 0 -1,
  0 0 -1,0 0 -1,
  0 0 -1,0 0 -1,
  0 0 -1,0 0 -1,
  0 0 -1,0 0 -1,
  0 0 -1,0 0 -1,
  0 0 -1,0 0 -1,
  0 0 -1,0 0 -1,
  0 0 -1,0 0 -1,
  0 0 -1,0 0 -1,
  0 0 -1,0 0 -1,
  0 0 -1,0 0 -1,
  0 0 -1,0 0 -1,
  0 0 -1,0 0 -1,
  0 0 -1,0 0 -1,
  0 0 -1,0 0 -1,
  0 0 -1,0 0 -1,
  0 0 -1,0 0 -1,
  0 0 -1,0 0 -1,
  0 0 -1,0 0 -1,
  0 0 -1,0 0 -1,
  0 0 -1,0 0 -1,
  0 0 -1,0 0 -1,
  0 0 -1,0 0 -1,
  0 0 -1,0 0 -1,
  0 0 -1,0 0 -1,
  0 0 -1,0 0 -1,
  0 0 -1,0 0 -1,
  0 0 -1,0 0 -1,
  0 0 -1,0 0 -1,
  0 0 -1,0 0 -1,
  0 0 -1,0 0 -1,
  0 0 -1,0 0 -1,
  0 0 -1,0 0 -1,
  0 0 -1,0 0 -1,
  0 0 -1,0 0 -1,
  0 0 -1,0 0 -1,
  0 0 -1,0 0 -1,
  0 0 -1,0 0 -1,
  0 0 -1,0 0 -1,
  0 0 -1,0 0 -1,
  0 0 -1,0 0 -1,
  0 0 -1,0 0 -1,
  0 0 -1,0 0 -1,
  0 0 -1,0 0 -1,
  0 0 -1,0 0 -1,
  0 0 -1,0 0 -1,
  0 0 -1,0 0 -1,
  0 0 -1,0 0 -1,
  0 0 -1,0 0 -1,
  0 0 -1,0 0 -1,
  0 0 -1,0 0 -1,
  0 0 -1,0 0 -1,
  0 0 -1,0 0 -1,
  0 0 -1,0 0 -1,
  0 0 -1,0 0 -1,
  0 0 -1,0 0 -1,
  0 0 -1,0 0 -1,
  0 0 -1,0 0 -1,
  0 0 -1,0 0 -1,
  0 0 -1,0 0 -1,
  0 0 -1,0 0 -1,
  0 0 -1,0 0 -1] }
}
}
] }
DEF TXFM_8 Transform {
  center 0 0 0
  rotation 0 0 1 0
  scale 1 1 1
  scaleOrientation 0 0 1 0
  translation 0 0 0
 children [
DEF SHAPE_8 Shape {
 appearance DEF APP_6 Appearance {
  material Material {
   ambientIntensity 0.74468082
   diffuseColor 0.94 0.94 0.94
   emissiveColor 0 0 0
   shininess 0.02
   specularColor 0.94599998 0.94599998 0.94599998
   transparency 0
} }
 geometry DEF FACE_8 IndexedFaceSet {
  coord DEF COORD_8 Coordinate { point [
  44.867839 -28.09456 0.34448819,44.866599 -28.097553 0.34448819,
  44.864152 -28.099676 0.34448819,44.854778 -28.118424 0.34448819,
  44.854619 -28.120655 0.34448819,44.853287 -28.122453 0.34448819,
  44.843914 -28.159948 0.34448819,44.844281 -28.162417 0.34448819,
  44.843326 -28.164722 0.34448819,44.843326 -28.192844 0.34448819,
  44.844281 -28.195149 0.34448819,44.843914 -28.197618 0.34448819,
  44.853287 -28.235113 0.34448819,44.854619 -28.236911 0.34448819,
  44.854778 -28.239143 0.34448819,44.864152 -28.25789 0.34448819,
  44.866599 -28.260012 0.34448819,44.867839 -28.263006 0.34448819,
  44.886587 -28.281754 0.34448819,44.89082 -28.283507 0.34448819,
  44.894281 -28.286509 0.34448819,44.922403 -28.295883 0.34448819,
  44.925634 -28.295653 0.34448819,44.928628 -28.296893 0.34448819,
  44.947375 -28.296893 0.34448819,44.950368 -28.295653 0.34448819,
  44.9536 -28.295883 0.34448819,44.981722 -28.286509 0.34448819,
  44.985183 -28.283507 0.34448819,44.989417 -28.281754 0.34448819,
  44.99879 -28.27238 0.34448819,45.004556 -28.25846 0.34448819,
  44.99879 -28.244541 0.34448819,44.98487 -28.238776 0.34448819,
  44.970951 -28.244541 0.34448819,44.964863 -28.25063 0.34448819,
  44.944181 -28.257523 0.34448819,44.931822 -28.257523 0.34448819,
  44.91114 -28.250629 0.34448819,44.897936 -28.237426 0.34448819,
  44.890958 -28.223468 0.34448819,44.882696 -28.19042 0.34448819,
  44.882696 -28.167145 0.34448819,44.890958 -28.134098 0.34448819,
  44.897937 -28.12014 0.34448819,44.91114 -28.106937 0.34448819,
  44.931822 -28.100043 0.34448819,44.944181 -28.100043 0.34448819,
  44.964863 -28.106937 0.34448819,44.970951 -28.113025 0.34448819,
  44.98487 -28.118791 0.34448819,44.99879 -28.113025 0.34448819,
  45.004556 -28.099106 0.34448819,44.99879 -28.085186 0.34448819,
  44.989416 -28.075813 0.34448819,44.985183 -28.074059 0.34448819,
  44.981722 -28.071057 0.34448819,44.9536 -28.061683 0.34448819,
  44.950369 -28.061913 0.34448819,44.947375 -28.060673 0.34448819,
  44.928628 -28.060673 0.34448819,44.925634 -28.061913 0.34448819,
  44.922402 -28.061683 0.34448819,44.894281 -28.071057 0.34448819,
  44.89082 -28.074059 0.34448819,44.886587 -28.075813 0.34448819,
  45.179836 -23.666868 0.34448819,45.180611 -23.664996 0.34448819,
  45.182296 -23.663868 0.34448819,45.201043 -23.635746 0.34448819,
  45.201711 -23.632368 0.34448819,45.203761 -23.629602 0.34448819,
  45.213135 -23.592106 0.34448819,45.212768 -23.589637 0.34448819,
  45.213723 -23.587332 0.34448819,45.213723 -23.512341 0.34448819,
  45.21197 -23.508108 0.34448819,45.211645 -23.503538 0.34448819,
  45.202271 -23.48479 0.34448819,45.199823 -23.482667 0.34448819,
  45.198583 -23.479674 0.34448819,45.18921 -23.470301 0.34448819,
  45.186217 -23.469061 0.34448819,45.184094 -23.466613 0.34448819,
  45.165346 -23.457239 0.34448819,45.160776 -23.456914 0.34448819,
  45.156543 -23.455161 0.34448819,45.119048 -23.455161 0.34448819,
  45.114814 -23.456914 0.34448819,45.110244 -23.457239 0.34448819,
  45.091496 -23.466613 0.34448819,45.089374 -23.469061 0.34448819,
  45.086381 -23.4703 0.34448819,45.077007 -23.479674 0.34448819,
  45.075767 -23.482667 0.34448819,45.073319 -23.484791 0.34448819,
  45.063945 -23.503538 0.34448819,45.06362 -23.508109 0.34448819,
  45.061867 -23.512341 0.34448819,45.061867 -23.554563 0.34448819,
  45.061867 -23.559211 0.34448819,45.06362 -23.563443 0.34448819,
  45.063945 -23.568014 0.34448819,45.073319 -23.586761 0.34448819,
  45.075767 -23.588884 0.34448819,45.077007 -23.591878 0.34448819,
  45.086381 -23.601252 0.34448819,45.089374 -23.602491 0.34448819,
  45.091496 -23.604939 0.34448819,45.110244 -23.614313 0.34448819,
  45.114814 -23.614637 0.34448819,45.119048 -23.616391 0.34448819,
  45.156543 -23.616391 0.34448819,45.160776 -23.614637 0.34448819,
  45.165346 -23.614313 0.34448819,45.167238 -23.613367 0.34448819,
  45.166394 -23.616745 0.34448819,45.150618 -23.640408 0.34448819,
  45.144881 -23.646144 0.34448819,45.133148 -23.652011 0.34448819,
  45.1003 -23.652011 0.34448819,45.086381 -23.657777 0.34448819,
  45.080615 -23.671696 0.34448819,45.086381 -23.685616 0.34448819,
  45.1003 -23.691381 0.34448819,45.137795 -23.691381 0.34448819,
  45.142028 -23.689628 0.34448819,45.146598 -23.689304 0.34448819,
  45.165346 -23.67993 0.34448819,45.167469 -23.677482 0.34448819,
  45.170463 -23.676242 0.34448819,45.174353 -23.516988 0.34448819,
  45.174353 -23.554563 0.34448819,45.168486 -23.566298 0.34448819,
  45.16363 -23.571154 0.34448819,45.151896 -23.577021 0.34448819,
  45.123694 -23.577021 0.34448819,45.111961 -23.571154 0.34448819,
  45.107104 -23.566297 0.34448819,45.101237 -23.554563 0.34448819,
  45.101237 -23.516988 0.34448819,45.107104 -23.505255 0.34448819,
  45.111961 -23.500398 0.34448819,45.123694 -23.494531 0.34448819,
  45.151896 -23.494531 0.34448819,45.16363 -23.500398 0.34448819,
  45.168486 -23.505254 0.34448819,45.162403 -28.072125 0.34448819,
  45.143656 -28.062751 0.34448819,45.139085 -28.062426 0.34448819,
  45.134852 -28.060673 0.34448819,45.087983 -28.060673 0.34448819,
  45.083749 -28.062426 0.34448819,45.079179 -28.062751 0.34448819,
  45.060431 -28.072125 0.34448819,45.058309 -28.074572 0.34448819,
  45.055316 -28.075813 0.34448819,45.045942 -28.085186 0.34448819,
  45.040176 -28.099106 0.34448819,45.045942 -28.113025 0.34448819,
  45.059861 -28.118791 0.34448819,45.073781 -28.113025 0.34448819,
  45.080895 -28.10591 0.34448819,45.09263 -28.100043 0.34448819,
  45.130205 -28.100043 0.34448819,45.141939 -28.10591 0.34448819,
  45.146795 -28.110766 0.34448819,45.152662 -28.1225 0.34448819,
  45.152662 -28.133406 0.34448819,45.145768 -28.154089 0.34448819,
  45.036568 -28.263289 0.34448819,45.036568 -28.263289 0.34448819,
  45.030802 -28.277208 0.34448819,45.036568 -28.291128 0.34448819,
  45.050487 -28.296893 0.34448819,45.172347 -28.296893 0.34448819,
  45.186267 -28.291128 0.34448819,45.192032 -28.277208 0.34448819,
  45.186267 -28.263289 0.34448819,45.172347 -28.257523 0.34448819,
  45.098011 -28.257523 0.34448819,45.176893 -28.178642 0.34448819,
  45.178646 -28.174408 0.34448819,45.181648 -28.170948 0.34448819,
  45.191022 -28.142826 0.34448819,45.190792 -28.139594 0.34448819,
  45.192032 -28.136601 0.34448819,45.192032 -28.117853 0.34448819,
  45.190279 -28.11362 0.34448819,45.189954 -28.10905 0.34448819,
  45.18058 -28.090302 0.34448819,45.178132 -28.088179 0.34448819,
  45.176893 -28.085186 0.34448819,45.167519 -28.075813 0.34448819,
  45.164526 -28.074572 0.34448819,45.640551 -22.914961 0.34448819,
  45.634785 -22.901041 0.34448819,45.620866 -22.895276 0.34448819,
  45.520866 -22.895276 0.34448819,45.506947 -22.901041 0.34448819,
  45.501181 -22.914961 0.34448819,45.506947 -22.92888 0.34448819,
  45.520866 -22.934646 0.34448819,45.620866 -22.934646 0.34448819,
  45.634785 -22.92888 0.34448819,45.340505 -28.285442 0.34448819,
  45.342628 -28.282994 0.34448819,45.345621 -28.281754 0.34448819,
  45.354995 -28.27238 0.34448819,45.356235 -28.269387 0.34448819,
  45.358683 -28.267264 0.34448819,45.368056 -28.248517 0.34448819,
  45.368215 -28.246285 0.34448819,45.369547 -28.244487 0.34448819,
  45.378921 -28.206992 0.34448819,45.378553 -28.204523 0.34448819,
  45.379509 -28.202218 0.34448819,45.379509 -28.155348 0.34448819,
  45.378553 -28.153043 0.34448819,45.378921 -28.150574 0.34448819,
  45.369547 -28.113079 0.34448819,45.368215 -28.111281 0.34448819,
  45.368056 -28.10905 0.34448819,45.358683 -28.090302 0.34448819,
  45.356235 -28.088179 0.34448819,45.354995 -28.085186 0.34448819,
  45.345621 -28.075812 0.34448819,45.342628 -28.074572 0.34448819,
  45.340506 -28.072125 0.34448819,45.321758 -28.062751 0.34448819,
  45.317187 -28.062426 0.34448819,45.312954 -28.060673 0.34448819,
  45.294207 -28.060673 0.34448819,45.289973 -28.062426 0.34448819,
  45.285403 -28.062751 0.34448819,45.266656 -28.072125 0.34448819,
  45.264533 -28.074572 0.34448819,45.26154 -28.075813 0.34448819,
  45.252166 -28.085186 0.34448819,45.250926 -28.088179 0.34448819,
  45.248479 -28.090302 0.34448819,45.239105 -28.10905 0.34448819,
  45.238946 -28.111281 0.34448819,45.237614 -28.113079 0.34448819,
  45.228241 -28.150574 0.34448819,45.228608 -28.153043 0.34448819,
  45.227653 -28.155348 0.34448819,45.227653 -28.199794 0.34448819,
  45.227653 -28.202218 0.34448819,45.228608 -28.204523 0.34448819,
  45.228241 -28.206992 0.34448819,45.237614 -28.244487 0.34448819,
  45.238946 -28.246285 0.34448819,45.239105 -28.248517 0.34448819,
  45.248479 -28.267264 0.34448819,45.250926 -28.269386 0.34448819,
  45.252166 -28.27238 0.34448819,45.261539 -28.281754 0.34448819,
  45.264533 -28.282994 0.34448819,45.266656 -28.285442 0.34448819,
  45.285403 -28.294815 0.34448819,45.289973 -28.295139 0.34448819,
  45.294207 -28.296893 0.34448819,45.312954 -28.296893 0.34448819,
  45.317187 -28.29514 0.34448819,45.321757 -28.294815 0.34448819,
  45.340139 -28.157772 0.34448819,45.340139 -28.199794 0.34448819,
  45.331876 -28.232842 0.34448819,45.324897 -28.2468 0.34448819,
  45.320041 -28.251656 0.34448819,45.308307 -28.257523 0.34448819,
  45.298854 -28.257523 0.34448819,45.287119 -28.251656 0.34448819,
  45.282263 -28.2468 0.34448819,45.275285 -28.232842 0.34448819,
  45.267023 -28.199794 0.34448819,45.267023 -28.157771 0.34448819,
  45.275285 -28.124724 0.34448819,45.282263 -28.110766 0.34448819,
  45.287119 -28.10591 0.34448819,45.298854 -28.100043 0.34448819,
  45.308307 -28.100043 0.34448819,45.320041 -28.10591 0.34448819,
  45.324897 -28.110765 0.34448819,45.331876 -28.124724 0.34448819,
  45.92693 -27.067206 0.34448819,45.913011 -27.06144 0.34448819,
  45.899091 -27.067206 0.34448819,45.893326 -27.081125 0.34448819,
  45.893326 -27.24048 0.34448819,45.895079 -27.244713 0.34448819,
  45.895404 -27.249283 0.34448819,45.904778 -27.268031 0.34448819,
  45.907225 -27.270153 0.34448819,45.908465 -27.273147 0.34448819,
  45.917839 -27.282521 0.34448819,45.920832 -27.283761 0.34448819,
  45.922955 -27.286209 0.34448819,45.941702 -27.295582 0.34448819,
  45.946272 -27.295906 0.34448819,45.950506 -27.29766 0.34448819,
  45.988001 -27.29766 0.34448819,45.992233 -27.295907 0.34448819,
  45.996804 -27.295582 0.34448819,46.015552 -27.286209 0.34448819,
  46.017675 -27.283761 0.34448819,46.020668 -27.282521 0.34448819,
  46.030042 -27.273147 0.34448819,46.031282 -27.270154 0.34448819,
  46.03373 -27.268031 0.34448819,46.043103 -27.249283 0.34448819,
  46.043428 -27.244713 0.34448819,46.045181 -27.24048 0.34448819,
  46.045181 -27.081125 0.34448819,46.039416 -27.067206 0.34448819,
  46.025496 -27.06144 0.34448819,46.011577 -27.067206 0.34448819,
  46.005811 -27.081125 0.34448819,46.005811 -27.235833 0.34448819,
  45.999944 -27.247567 0.34448819,45.995088 -27.252423 0.34448819,
  45.983354 -27.25829 0.34448819,45.955153 -27.25829 0.34448819,
  45.943418 -27.252423 0.34448819,45.938563 -27.247567 0.34448819,
  45.932696 -27.235833 0.34448819,45.932696 -27.081125 0.34448819,
  46.456588 -21.015522 0.34448819,46.453586 -21.012061 0.34448819,
  46.451833 -21.007827 0.34448819,46.442459 -20.998454 0.34448819,
  46.428539 -20.992688 0.34448819,46.41462 -20.998454 0.34448819,
  46.408854 -21.012374 0.34448819,46.41462 -21.026293 0.34448819,
  46.420708 -21.03238 0.34448819,46.427602 -21.053062 0.34448819,
  46.427602 -21.065422 0.34448819,46.420708 -21.086103 0.34448819,
  46.407504 -21.099307 0.34448819,46.393547 -21.106285 0.34448819,
  46.360499 -21.114548 0.34448819,46.337224 -21.114548 0.34448819,
  46.304176 -21.106285 0.34448819,46.290219 -21.099307 0.34448819,
  46.277016 -21.086104 0.34448819,46.270122 -21.065421 0.34448819,
  46.270122 -21.053063 0.34448819,46.277016 -21.03238 0.34448819,
  46.283104 -21.026293 0.34448819,46.288869 -21.012373 0.34448819,
  46.283104 -20.998454 0.34448819,46.269184 -20.992688 0.34448819,
  46.255265 -20.998454 0.34448819,46.245891 -21.007828 0.34448819,
  46.244138 -21.01206 0.34448819,46.241136 -21.015522 0.34448819,
  46.231762 -21.043643 0.34448819,46.231991 -21.046875 0.34448819,
  46.230752 -21.049869 0.34448819,46.230752 -21.068616 0.34448819,
  46.231991 -21.071609 0.34448819,46.231762 -21.074841 0.34448819,
  46.241136 -21.102963 0.34448819,46.244138 -21.106424 0.34448819,
  46.245891 -21.110657 0.34448819,46.264639 -21.129404 0.34448819,
  46.267632 -21.130644 0.34448819,46.269755 -21.133092 0.34448819,
  46.288502 -21.142466 0.34448819,46.290734 -21.142624 0.34448819,
  46.292531 -21.143956 0.34448819,46.330027 -21.15333 0.34448819,
  46.332495 -21.152962 0.34448819,46.334801 -21.153918 0.34448819,
  46.362922 -21.153918 0.34448819,46.365228 -21.152962 0.34448819,
  46.367697 -21.15333 0.34448819,46.405192 -21.143956 0.34448819,
  46.406989 -21.142624 0.34448819,46.409221 -21.142466 0.34448819,
  46.427969 -21.133092 0.34448819,46.430091 -21.130644 0.34448819,
  46.433085 -21.129405 0.34448819,46.451833 -21.110657 0.34448819,
  46.453586 -21.106424 0.34448819,46.456588 -21.102962 0.34448819,
  46.465962 -21.074841 0.34448819,46.465732 -21.071609 0.34448819,
  46.466972 -21.068616 0.34448819,46.466972 -21.049869 0.34448819,
  46.465732 -21.046875 0.34448819,46.465962 -21.043644 0.34448819,
  46.212403 -27.072892 0.34448819,46.193656 -27.063518 0.34448819,
  46.189085 -27.063193 0.34448819,46.184852 -27.06144 0.34448819,
  46.137983 -27.06144 0.34448819,46.133749 -27.063193 0.34448819,
  46.129179 -27.063518 0.34448819,46.110431 -27.072892 0.34448819,
  46.108309 -27.075339 0.34448819,46.105316 -27.07658 0.34448819,
  46.095942 -27.085953 0.34448819,46.090176 -27.099872 0.34448819,
  46.095942 -27.113792 0.34448819,46.109861 -27.119557 0.34448819,
  46.123781 -27.113792 0.34448819,46.130895 -27.106677 0.34448819,
  46.14263 -27.10081 0.34448819,46.180205 -27.10081 0.34448819,
  46.191939 -27.106677 0.34448819,46.196795 -27.111533 0.34448819,
  46.202662 -27.123267 0.34448819,46.202662 -27.134173 0.34448819,
  46.195768 -27.154856 0.34448819,46.086568 -27.264056 0.34448819,
  46.080802 -27.277975 0.34448819,46.086568 -27.291894 0.34448819,
  46.100487 -27.29766 0.34448819,46.222347 -27.29766 0.34448819,
  46.236267 -27.291894 0.34448819,46.242032 -27.277975 0.34448819,
  46.236267 -27.264056 0.34448819,46.222347 -27.25829 0.34448819,
  46.148011 -27.25829 0.34448819,46.226893 -27.179409 0.34448819,
  46.228646 -27.175175 0.34448819,46.231648 -27.171715 0.34448819,
  46.241022 -27.143593 0.34448819,46.240792 -27.140361 0.34448819,
  46.242032 -27.137368 0.34448819,46.242032 -27.11862 0.34448819,
  46.240279 -27.114387 0.34448819,46.239954 -27.109817 0.34448819,
  46.23058 -27.091069 0.34448819,46.228132 -27.088946 0.34448819,
  46.226893 -27.085953 0.34448819,46.217519 -27.07658 0.34448819,
  46.214526 -27.075339 0.34448819,49.886391 -27.114153 0.34448819,
  49.878284 -27.068178 0.34448819,49.854942 -27.027748 0.34448819,
  49.81918 -26.997739 0.34448819,49.775311 -26.981772 0.34448819,
  49.728626 -26.981772 0.34448819,49.684757 -26.997739 0.34448819,
  49.648995 -27.027748 0.34448819,49.625653 -27.068178 0.34448819,
  49.617546 -27.114153 0.34448819,49.625653 -27.160128 0.34448819,
  49.648995 -27.200558 0.34448819,49.684757 -27.230566 0.34448819,
  49.728626 -27.246533 0.34448819,49.775311 -27.246533 0.34448819,
  49.81918 -27.230566 0.34448819,49.854942 -27.200558 0.34448819,
  49.878284 -27.160128 0.34448819,48.444712 -27.002056 0.34448819,
  48.490581 -26.956187 0.34448819,48.525094 -26.90126 0.34448819,
  48.546519 -26.840031 0.34448819,48.553781 -26.77557 0.34448819,
  48.546519 -26.711109 0.34448819,48.525094 -26.64988 0.34448819,
  48.490581 -26.594954 0.34448819,48.444712 -26.549084 0.34448819,
  48.389785 -26.514572 0.34448819,48.328557 -26.493147 0.34448819,
  48.264095 -26.485884 0.34448819,48.199634 -26.493147 0.34448819,
  48.138405 -26.514572 0.34448819,48.083479 -26.549084 0.34448819,
  48.037609 -26.594954 0.34448819,48.003097 -26.64988 0.34448819,
  47.981672 -26.711109 0.34448819,47.974409 -26.77557 0.34448819,
  47.981672 -26.840031 0.34448819,48.003097 -26.90126 0.34448819,
  48.037609 -26.956187 0.34448819,48.083479 -27.002056 0.34448819,
  48.138405 -27.036569 0.34448819,48.199634 -27.057993 0.34448819,
  48.264095 -27.065256 0.34448819,48.328557 -27.057993 0.34448819,
  48.389785 -27.036569 0.34448819,48.41788 -26.77557 0.34448819,
  48.410353 -26.823092 0.34448819,48.388509 -26.865962 0.34448819,
  48.354487 -26.899984 0.34448819,48.311617 -26.921828 0.34448819,
  48.264095 -26.929354 0.34448819,48.216573 -26.921828 0.34448819,
  48.173703 -26.899984 0.34448819,48.139681 -26.865962 0.34448819,
  48.117838 -26.823092 0.34448819,48.110311 -26.77557 0.34448819,
  48.117838 -26.728048 0.34448819,48.139681 -26.685178 0.34448819,
  48.173703 -26.651156 0.34448819,48.216573 -26.629313 0.34448819,
  48.264095 -26.621786 0.34448819,48.311617 -26.629313 0.34448819,
  48.354487 -26.651156 0.34448819,48.388509 -26.685178 0.34448819,
  48.410353 -26.728048 0.34448819,48.677165 -27.188956 0.34448819,
  48.683096 -27.187029 0.34448819,48.689331 -27.187029 0.34448819,
  48.694376 -27.183364 0.34448819,48.700307 -27.181437 0.34448819,
  48.703972 -27.176392 0.34448819,48.709017 -27.172727 0.34448819,
  48.710943 -27.166796 0.34448819,48.714609 -27.161752 0.34448819,
  48.714609 -27.155516 0.34448819,48.716535 -27.149586 0.34448819,
  48.716535 -25.062972 0.34448819,48.714609 -25.057041 0.34448819,
  48.714609 -25.050806 0.34448819,48.710943 -25.045761 0.34448819,
  48.709017 -25.03983 0.34448819,48.703972 -25.036165 0.34448819,
  48.700307 -25.03112 0.34448819,48.694376 -25.029193 0.34448819,
  48.689331 -25.025528 0.34448819,48.683096 -25.025528 0.34448819,
  48.677165 -25.023602 0.34448819,46.598425 -25.023602 0.34448819,
  46.593558 -25.025183 0.34448819,46.593558 -25.003967 0.34448819,
  46.592782 -25.002095 0.34448819,46.593176 -25.000107 0.34448819,
  46.589985 -24.995343 0.34448819,46.587792 -24.990048 0.34448819,
  46.58592 -24.989272 0.34448819,46.584792 -24.987588 0.34448819,
  46.579168 -24.986476 0.34448819,46.573873 -24.984282 0.34448819,
  46.572 -24.985057 0.34448819,46.570012 -24.984665 0.34448819,
  46.565249 -24.987854 0.34448819,46.559954 -24.990048 0.34448819,
  46.559178 -24.99192 0.34448819,46.557494 -24.993048 0.34448819,
  46.539827 -25.019548 0.34448819,46.524717 -25.034658 0.34448819,
  46.508827 -25.042603 0.34448819,46.498955 -25.053985 0.34448819,
  46.500023 -25.069013 0.34448819,46.511405 -25.078885 0.34448819,
  46.526433 -25.077817 0.34448819,46.545181 -25.068444 0.34448819,
  46.547304 -25.065996 0.34448819,46.550297 -25.064756 0.34448819,
  46.554187 -25.060865 0.34448819,46.554187 -25.102342 0.34448819,
  46.554188 -25.181133 0.34448819,46.51763 -25.181133 0.34448819,
  46.503711 -25.186898 0.34448819,46.497945 -25.200818 0.34448819,
  46.503711 -25.214737 0.34448819,46.51763 -25.220503 0.34448819,
  46.559055 -25.220503 0.34448819,46.559055 -27.149586 0.34448819,
  46.560982 -27.155516 0.34448819,46.560982 -27.161752 0.34448819,
  46.564647 -27.166796 0.34448819,46.566574 -27.172727 0.34448819,
  46.571619 -27.176392 0.34448819,46.575284 -27.181437 0.34448819,
  46.581214 -27.183364 0.34448819,46.586259 -27.187029 0.34448819,
  46.592495 -27.187029 0.34448819,46.598425 -27.188956 0.34448819,
  48.637795 -25.102342 0.34448819,48.637795 -27.110216 0.34448819,
  46.637795 -27.110216 0.34448819,46.637795 -25.217322 0.34448819,
  46.644035 -25.214737 0.34448819,46.649801 -25.200818 0.34448819,
  46.644035 -25.186898 0.34448819,46.637795 -25.184313 0.34448819,
  46.637795 -25.102342 0.34448819,45.181102 -27.088189 0.34448819,
  45.175337 -27.07427 0.34448819,45.161417 -27.068504 0.34448819,
  45.061417 -27.068504 0.34448819,45.047498 -27.07427 0.34448819,
  45.041732 -27.088189 0.34448819,45.047498 -27.102108 0.34448819,
  45.061417 -27.107874 0.34448819,45.161417 -27.107874 0.34448819,
  45.175337 -27.102108 0.34448819,45.181102 -26.888189 0.34448819,
  45.175337 -26.87427 0.34448819,45.161417 -26.868504 0.34448819,
  45.061417 -26.868504 0.34448819,45.047498 -26.87427 0.34448819,
  45.041732 -26.888189 0.34448819,45.047498 -26.902108 0.34448819,
  45.061417 -26.907874 0.34448819,45.161417 -26.907874 0.34448819,
  45.175337 -26.902108 0.34448819,46.334698 -24.990048 0.34448819,
  46.320779 -24.984282 0.34448819,46.30686 -24.990048 0.34448819,
  46.301094 -25.003967 0.34448819,46.301094 -25.163322 0.34448819,
  46.302847 -25.167556 0.34448819,46.303172 -25.172126 0.34448819,
  46.312546 -25.190874 0.34448819,46.314993 -25.192996 0.34448819,
  46.316233 -25.195989 0.34448819,46.325607 -25.205363 0.34448819,
  46.3286 -25.206603 0.34448819,46.330724 -25.209051 0.34448819,
  46.349471 -25.218424 0.34448819,46.354041 -25.218749 0.34448819,
  46.358274 -25.220503 0.34448819,46.39577 -25.220503 0.34448819,
  46.400002 -25.218749 0.34448819,46.404573 -25.218425 0.34448819,
  46.42332 -25.209051 0.34448819,46.425443 -25.206603 0.34448819,
  46.428437 -25.205363 0.34448819,46.437811 -25.19599 0.34448819,
  46.43905 -25.192996 0.34448819,46.441498 -25.190873 0.34448819,
  46.450872 -25.172126 0.34448819,46.451196 -25.167556 0.34448819,
  46.45295 -25.163322 0.34448819,46.45295 -25.003967 0.34448819,
  46.447184 -24.990048 0.34448819,46.433265 -24.984282 0.34448819,
  46.419346 -24.990048 0.34448819,46.41358 -25.003967 0.34448819,
  46.41358 -25.158675 0.34448819,46.407713 -25.170409 0.34448819,
  46.402857 -25.175265 0.34448819,46.391122 -25.181133 0.34448819,
  46.362922 -25.181133 0.34448819,46.351187 -25.175265 0.34448819,
  46.346331 -25.170409 0.34448819,46.340464 -25.158675 0.34448819,
  46.340464 -25.003967 0.34448819,49.6 -25.012205 0.34448819,
  49.594234 -24.998285 0.34448819,49.580315 -24.99252 0.34448819,
  49.380315 -24.99252 0.34448819,49.366396 -24.998285 0.34448819,
  49.36063 -25.012205 0.34448819,49.366396 -25.026124 0.34448819,
  49.380315 -25.03189 0.34448819,49.580315 -25.03189 0.34448819,
  49.594234 -25.026124 0.34448819,47.886737 -24.768576 0.34448819,
  47.885497 -24.771569 0.34448819,47.88305 -24.773692 0.34448819,
  47.873676 -24.792439 0.34448819,47.873517 -24.794671 0.34448819,
  47.872185 -24.796469 0.34448819,47.862811 -24.833964 0.34448819,
  47.863179 -24.836432 0.34448819,47.862224 -24.838738 0.34448819,
  47.862224 -24.866859 0.34448819,47.863179 -24.869165 0.34448819,
  47.862811 -24.871634 0.34448819,47.872185 -24.909129 0.34448819,
  47.873517 -24.910926 0.34448819,47.873676 -24.913158 0.34448819,
  47.88305 -24.931906 0.34448819,47.885496 -24.934028 0.34448819,
  47.886737 -24.937022 0.34448819,47.905484 -24.95577 0.34448819,
  47.909717 -24.957523 0.34448819,47.913179 -24.960525 0.34448819,
  47.9413 -24.969899 0.34448819,47.944532 -24.969669 0.34448819,
  47.947525 -24.970909 0.34448819,47.966273 -24.970909 0.34448819,
  47.969266 -24.969669 0.34448819,47.972498 -24.969899 0.34448819,
  48.000619 -24.960525 0.34448819,48.00408 -24.957523 0.34448819,
  48.008314 -24.95577 0.34448819,48.017688 -24.946395 0.34448819,
  48.023453 -24.932476 0.34448819,48.017687 -24.918557 0.34448819,
  48.003768 -24.912791 0.34448819,47.989848 -24.918557 0.34448819,
  47.98376 -24.924645 0.34448819,47.963079 -24.931539 0.34448819,
  47.95072 -24.931539 0.34448819,47.930038 -24.924645 0.34448819,
  47.916834 -24.911441 0.34448819,47.909856 -24.897484 0.34448819,
  47.901594 -24.864436 0.34448819,47.901594 -24.841161 0.34448819,
  47.909856 -24.808113 0.34448819,47.916834 -24.794156 0.34448819,
  47.930037 -24.780953 0.34448819,47.95072 -24.774059 0.34448819,
  47.963078 -24.774059 0.34448819,47.983761 -24.780953 0.34448819,
  47.989849 -24.787041 0.34448819,48.003768 -24.792806 0.34448819,
  48.017687 -24.787041 0.34448819,48.023453 -24.773121 0.34448819,
  48.017687 -24.759202 0.34448819,48.008314 -24.749828 0.34448819,
  48.004081 -24.748075 0.34448819,48.00062 -24.745073 0.34448819,
  47.972498 -24.735699 0.34448819,47.969266 -24.735928 0.34448819,
  47.966273 -24.734689 0.34448819,47.947525 -24.734689 0.34448819,
  47.944531 -24.735928 0.34448819,47.9413 -24.735699 0.34448819,
  47.913179 -24.745073 0.34448819,47.909717 -24.748075 0.34448819,
  47.905484 -24.749828 0.34448819,48.118623 -24.743454 0.34448819,
  48.100956 -24.769954 0.34448819,48.085846 -24.785064 0.34448819,
  48.069956 -24.793009 0.34448819,48.060084 -24.804391 0.34448819,
  48.061152 -24.81942 0.34448819,48.072534 -24.829291 0.34448819,
  48.087562 -24.828224 0.34448819,48.10631 -24.81885 0.34448819,
  48.108433 -24.816402 0.34448819,48.111426 -24.815162 0.34448819,
  48.115317 -24.811271 0.34448819,48.115317 -24.931539 0.34448819,
  48.078759 -24.931539 0.34448819,48.06484 -24.937305 0.34448819,
  48.059074 -24.951224 0.34448819,48.06484 -24.965143 0.34448819,
  48.078759 -24.970909 0.34448819,48.135002 -24.970909 0.34448819,
  48.191245 -24.970909 0.34448819,48.205164 -24.965143 0.34448819,
  48.21093 -24.951224 0.34448819,48.205164 -24.937305 0.34448819,
  48.191245 -24.931539 0.34448819,48.154687 -24.931539 0.34448819,
  48.154687 -24.754374 0.34448819,48.153911 -24.752501 0.34448819,
  48.154305 -24.750513 0.34448819,48.151115 -24.745749 0.34448819,
  48.148921 -24.740454 0.34448819,48.147049 -24.739679 0.34448819,
  48.145921 -24.737994 0.34448819,48.140297 -24.736882 0.34448819,
  48.135002 -24.734689 0.34448819,48.13313 -24.735464 0.34448819,
  48.131141 -24.735071 0.34448819,48.126378 -24.738261 0.34448819,
  48.121083 -24.740454 0.34448819,48.120307 -24.742326 0.34448819,
  48.149502 -21.192687 0.34448819,48.1465 -21.189226 0.34448819,
  48.144746 -21.184993 0.34448819,48.135372 -21.175619 0.34448819,
  48.121452 -21.169854 0.34448819,48.107533 -21.175619 0.34448819,
  48.101768 -21.189539 0.34448819,48.107533 -21.203458 0.34448819,
  48.113621 -21.209546 0.34448819,48.120515 -21.230228 0.34448819,
  48.120515 -21.242587 0.34448819,48.113621 -21.263269 0.34448819,
  48.100418 -21.276472 0.34448819,48.08646 -21.283451 0.34448819,
  48.053413 -21.291713 0.34448819,48.030138 -21.291713 0.34448819,
  47.99709 -21.283451 0.34448819,47.983132 -21.276472 0.34448819,
  47.969929 -21.263269 0.34448819,47.963035 -21.242587 0.34448819,
  47.963035 -21.230228 0.34448819,47.969929 -21.209545 0.34448819,
  47.976017 -21.203458 0.34448819,47.981783 -21.189539 0.34448819,
  47.976017 -21.175619 0.34448819,47.962098 -21.169854 0.34448819,
  47.948178 -21.175619 0.34448819,47.938805 -21.184993 0.34448819,
  47.937051 -21.189226 0.34448819,47.934049 -21.192687 0.34448819,
  47.924675 -21.220809 0.34448819,47.924905 -21.22404 0.34448819,
  47.923665 -21.227034 0.34448819,47.923665 -21.245781 0.34448819,
  47.924905 -21.248775 0.34448819,47.924675 -21.252007 0.34448819,
  47.934049 -21.280128 0.34448819,47.937051 -21.283589 0.34448819,
  47.938805 -21.287822 0.34448819,47.957552 -21.30657 0.34448819,
  47.960545 -21.307809 0.34448819,47.962668 -21.310257 0.34448819,
  47.981416 -21.319631 0.34448819,47.983647 -21.319789 0.34448819,
  47.985445 -21.321122 0.34448819,48.02294 -21.330495 0.34448819,
  48.025409 -21.330128 0.34448819,48.027715 -21.331083 0.34448819,
  48.055836 -21.331083 0.34448819,48.058141 -21.330128 0.34448819,
  48.06061 -21.330495 0.34448819,48.098106 -21.321122 0.34448819,
  48.099903 -21.319789 0.34448819,48.102135 -21.319631 0.34448819,
  48.120882 -21.310257 0.34448819,48.123004 -21.30781 0.34448819,
  48.125998 -21.30657 0.34448819,48.144746 -21.287822 0.34448819,
  48.146499 -21.283589 0.34448819,48.149502 -21.280128 0.34448819,
  48.158875 -21.252006 0.34448819,48.158645 -21.248774 0.34448819,
  48.159885 -21.245781 0.34448819,48.159885 -21.227034 0.34448819,
  48.158645 -21.224041 0.34448819,48.158875 -21.220809 0.34448819,
  48.353256 -24.81337 0.34448819,48.393536 -24.767336 0.34448819,
  48.395755 -24.760773 0.34448819,48.398406 -24.754374 0.34448819,
  48.398138 -24.753727 0.34448819,48.398363 -24.753064 0.34448819,
  48.395291 -24.746854 0.34448819,48.392641 -24.740454 0.34448819,
  48.391994 -24.740186 0.34448819,48.391684 -24.739559 0.34448819,
  48.38512 -24.737339 0.34448819,48.378721 -24.734689 0.34448819,
  48.256861 -24.734689 0.34448819,48.242942 -24.740454 0.34448819,
  48.237176 -24.754374 0.34448819,48.242942 -24.768293 0.34448819,
  48.256861 -24.774059 0.34448819,48.33534 -24.774059 0.34448819,
  48.29829 -24.816402 0.34448819,48.29607 -24.822965 0.34448819,
  48.293419 -24.829364 0.34448819,48.293687 -24.830011 0.34448819,
  48.293463 -24.830674 0.34448819,48.296534 -24.836883 0.34448819,
  48.299185 -24.843283 0.34448819,48.299831 -24.843551 0.34448819,
  48.300142 -24.844179 0.34448819,48.306705 -24.846398 0.34448819,
  48.313104 -24.849049 0.34448819,48.336579 -24.849049 0.34448819,
  48.348313 -24.854916 0.34448819,48.353169 -24.859772 0.34448819,
  48.359036 -24.871506 0.34448819,48.359036 -24.909081 0.34448819,
  48.353169 -24.920815 0.34448819,48.348312 -24.925672 0.34448819,
  48.336579 -24.931539 0.34448819,48.28963 -24.931539 0.34448819,
  48.277896 -24.925672 0.34448819,48.270781 -24.918557 0.34448819,
  48.256861 -24.912791 0.34448819,48.242942 -24.918557 0.34448819,
  48.237176 -24.932476 0.34448819,48.242942 -24.946396 0.34448819,
  48.252316 -24.95577 0.34448819,48.255309 -24.957009 0.34448819,
  48.257432 -24.959457 0.34448819,48.27618 -24.968831 0.34448819,
  48.280749 -24.969155 0.34448819,48.284983 -24.970909 0.34448819,
  48.341226 -24.970909 0.34448819,48.345458 -24.969156 0.34448819,
  48.350029 -24.968831 0.34448819,48.368777 -24.959457 0.34448819,
  48.3709 -24.957009 0.34448819,48.373893 -24.95577 0.34448819,
  48.383267 -24.946395 0.34448819,48.384506 -24.943402 0.34448819,
  48.386954 -24.94128 0.34448819,48.396328 -24.922532 0.34448819,
  48.396653 -24.917962 0.34448819,48.398406 -24.913729 0.34448819,
  48.398406 -24.866859 0.34448819,48.396653 -24.862626 0.34448819,
  48.396328 -24.858056 0.34448819,48.386954 -24.839308 0.34448819,
  48.384506 -24.837185 0.34448819,48.383267 -24.834193 0.34448819,
  48.373893 -24.824819 0.34448819,48.3709 -24.823579 0.34448819,
  48.368777 -24.821131 0.34448819,46.424482 -24.517614 0.34448819,
  46.406991 -24.507515 0.34448819,46.387099 -24.511022 0.34448819,
  46.374116 -24.526494 0.34448819,46.372335 -24.536594 0.34448819,
  46.372335 -24.836594 0.34448819,46.374959 -24.843802 0.34448819,
  46.376291 -24.851357 0.34448819,46.378332 -24.85307 0.34448819,
  46.379244 -24.855574 0.34448819,46.385887 -24.859409 0.34448819,
  46.391764 -24.864341 0.34448819,46.395599 -24.865017 0.34448819,
  46.396735 -24.865673 0.34448819,46.398028 -24.865445 0.34448819,
  46.401863 -24.866121 0.34448819,46.701863 -24.866121 0.34448819,
  46.720843 -24.859213 0.34448819,46.730942 -24.841721 0.34448819,
  46.727435 -24.82183 0.34448819,46.711962 -24.808847 0.34448819,
  46.701863 -24.807066 0.34448819,46.431391 -24.807066 0.34448819,
  46.431391 -24.536594 0.34448819,48.930714 -24.840429 0.34448819,
  48.931391 -24.836594 0.34448819,48.931391 -24.536594 0.34448819,
  48.924482 -24.517614 0.34448819,48.906991 -24.507515 0.34448819,
  48.887099 -24.511022 0.34448819,48.874116 -24.526494 0.34448819,
  48.872335 -24.536594 0.34448819,48.872335 -24.807066 0.34448819,
  48.601863 -24.807066 0.34448819,48.582883 -24.813974 0.34448819,
  48.572784 -24.831466 0.34448819,48.576291 -24.851357 0.34448819,
  48.591764 -24.864341 0.34448819,48.601863 -24.866121 0.34448819,
  48.901863 -24.866121 0.34448819,48.909071 -24.863498 0.34448819,
  48.916627 -24.862165 0.34448819,48.918339 -24.860124 0.34448819,
  48.920843 -24.859213 0.34448819,48.924678 -24.85257 0.34448819,
  48.92961 -24.846693 0.34448819,48.930286 -24.842857 0.34448819,
  48.930942 -24.841721 0.34448819,49.6 -24.712205 0.34448819,
  49.594234 -24.698285 0.34448819,49.580315 -24.69252 0.34448819,
  49.380315 -24.69252 0.34448819,49.366396 -24.698285 0.34448819,
  49.36063 -24.712205 0.34448819,49.366396 -24.726124 0.34448819,
  49.380315 -24.73189 0.34448819,49.580315 -24.73189 0.34448819,
  49.594234 -24.726124 0.34448819,50.216431 -21.61076 0.34448819,
  50.213429 -21.607299 0.34448819,50.211675 -21.603065 0.34448819,
  50.202301 -21.593692 0.34448819,50.188381 -21.587926 0.34448819,
  50.174462 -21.593692 0.34448819,50.168697 -21.607612 0.34448819,
  50.174463 -21.621531 0.34448819,50.18055 -21.627619 0.34448819,
  50.187444 -21.6483 0.34448819,50.187444 -21.66066 0.34448819,
  50.18055 -21.681341 0.34448819,50.167347 -21.694545 0.34448819,
  50.153389 -21.701524 0.34448819,50.120342 -21.709786 0.34448819,
  50.097067 -21.709786 0.34448819,50.064019 -21.701524 0.34448819,
  50.050061 -21.694545 0.34448819,50.036858 -21.681342 0.34448819,
  50.029964 -21.660659 0.34448819,50.029964 -21.648301 0.34448819,
  50.036858 -21.627618 0.34448819,50.042946 -21.621531 0.34448819,
  50.048712 -21.607611 0.34448819,50.042946 -21.593692 0.34448819,
  50.029027 -21.587926 0.34448819,50.015107 -21.593692 0.34448819,
  50.005734 -21.603066 0.34448819,50.00398 -21.607298 0.34448819,
  50.000978 -21.61076 0.34448819,49.991604 -21.638881 0.34448819,
  49.991834 -21.642113 0.34448819,49.990594 -21.645107 0.34448819,
  49.990594 -21.663854 0.34448819,49.991834 -21.666848 0.34448819,
  49.991604 -21.67008 0.34448819,50.000978 -21.698201 0.34448819,
  50.00398 -21.701662 0.34448819,50.005734 -21.705895 0.34448819,
  50.024481 -21.724643 0.34448819,50.027474 -21.725882 0.34448819,
  50.029597 -21.72833 0.34448819,50.048345 -21.737704 0.34448819,
  50.050576 -21.737862 0.34448819,50.052374 -21.739194 0.34448819,
  50.089869 -21.748568 0.34448819,50.092338 -21.7482 0.34448819,
  50.094644 -21.749156 0.34448819,50.122765 -21.749156 0.34448819,
  50.12507 -21.7482 0.34448819,50.127539 -21.748568 0.34448819,
  50.165035 -21.739194 0.34448819,50.166832 -21.737862 0.34448819,
  50.169064 -21.737704 0.34448819,50.187811 -21.72833 0.34448819,
  50.189933 -21.725883 0.34448819,50.192927 -21.724643 0.34448819,
  50.211675 -21.705895 0.34448819,50.213428 -21.701662 0.34448819,
  50.216431 -21.6982 0.34448819,50.225804 -21.670079 0.34448819,
  50.225574 -21.666847 0.34448819,50.226815 -21.663854 0.34448819,
  50.226815 -21.645107 0.34448819,50.225574 -21.642113 0.34448819,
  50.225804 -21.638882 0.34448819,50.16811 -24.430709 0.34448819,
  50.162344 -24.416789 0.34448819,50.148425 -24.411024 0.34448819,
  50.048425 -24.411024 0.34448819,50.034506 -24.416789 0.34448819,
  50.02874 -24.430709 0.34448819,50.034506 -24.444628 0.34448819,
  50.048425 -24.450394 0.34448819,50.148425 -24.450394 0.34448819,
  50.162344 -24.444628 0.34448819,50.519452 -24.23708 0.34448819,
  50.518211 -24.240073 0.34448819,50.515764 -24.242196 0.34448819,
  50.50639 -24.260943 0.34448819,50.506231 -24.263175 0.34448819,
  50.5049 -24.264972 0.34448819,50.495526 -24.302468 0.34448819,
  50.495893 -24.304936 0.34448819,50.494938 -24.307242 0.34448819,
  50.494938 -24.335363 0.34448819,50.495893 -24.337669 0.34448819,
  50.495526 -24.340138 0.34448819,50.5049 -24.377633 0.34448819,
  50.506231 -24.37943 0.34448819,50.50639 -24.381662 0.34448819,
  50.515764 -24.40041 0.34448819,50.518211 -24.402532 0.34448819,
  50.519451 -24.405526 0.34448819,50.538199 -24.424274 0.34448819,
  50.542432 -24.426027 0.34448819,50.545894 -24.429029 0.34448819,
  50.574015 -24.438403 0.34448819,50.577246 -24.438173 0.34448819,
  50.58024 -24.439413 0.34448819,50.598987 -24.439413 0.34448819,
  50.60198 -24.438173 0.34448819,50.605212 -24.438403 0.34448819,
  50.633334 -24.429029 0.34448819,50.636795 -24.426027 0.34448819,
  50.641029 -24.424274 0.34448819,50.650402 -24.414899 0.34448819,
  50.656168 -24.40098 0.34448819,50.650402 -24.387061 0.34448819,
  50.636482 -24.381295 0.34448819,50.622563 -24.387061 0.34448819,
  50.616475 -24.393149 0.34448819,50.595793 -24.400043 0.34448819,
  50.583434 -24.400043 0.34448819,50.562752 -24.393149 0.34448819,
  50.549548 -24.379945 0.34448819,50.54257 -24.365988 0.34448819,
  50.534308 -24.33294 0.34448819,50.534308 -24.309665 0.34448819,
  50.54257 -24.276617 0.34448819,50.549549 -24.262659 0.34448819,
  50.562752 -24.249457 0.34448819,50.583434 -24.242563 0.34448819,
  50.595793 -24.242563 0.34448819,50.616476 -24.249457 0.34448819,
  50.622563 -24.255544 0.34448819,50.636483 -24.26131 0.34448819,
  50.650402 -24.255544 0.34448819,50.656168 -24.241625 0.34448819,
  50.650402 -24.227706 0.34448819,50.641028 -24.218332 0.34448819,
  50.636795 -24.216579 0.34448819,50.633334 -24.213577 0.34448819,
  50.605213 -24.204203 0.34448819,50.601981 -24.204432 0.34448819,
  50.598987 -24.203193 0.34448819,50.58024 -24.203193 0.34448819,
  50.577246 -24.204432 0.34448819,50.574015 -24.204203 0.34448819,
  50.545893 -24.213577 0.34448819,50.542432 -24.216579 0.34448819,
  50.538199 -24.218332 0.34448819,50.654293 -23.183452 0.34448819,
  50.605056 -23.109596 0.34448819,50.592537 -23.101213 0.34448819,
  50.577757 -23.104136 0.34448819,50.569374 -23.116655 0.34448819,
  50.572297 -23.131435 0.34448819,50.630634 -23.218941 0.34448819,
  50.572297 -23.306446 0.34448819,50.569374 -23.321226 0.34448819,
  50.577757 -23.333745 0.34448819,50.592537 -23.336669 0.34448819,
  50.605056 -23.328285 0.34448819,50.654293 -23.254428 0.34448819,
  50.703531 -23.328285 0.34448819,50.716049 -23.336669 0.34448819,
  50.730829 -23.333745 0.34448819,50.739213 -23.321226 0.34448819,
  50.736289 -23.306446 0.34448819,50.677952 -23.218941 0.34448819,
  50.736289 -23.131435 0.34448819,50.739213 -23.116655 0.34448819,
  50.730829 -23.104136 0.34448819,50.716049 -23.101213 0.34448819,
  50.703531 -23.109596 0.34448819,50.814015 -24.427961 0.34448819,
  50.816138 -24.425513 0.34448819,50.819131 -24.424274 0.34448819,
  50.828505 -24.414899 0.34448819,50.829744 -24.411906 0.34448819,
  50.832192 -24.409784 0.34448819,50.841566 -24.391036 0.34448819,
  50.841891 -24.386466 0.34448819,50.843644 -24.382233 0.34448819,
  50.843644 -24.335363 0.34448819,50.841891 -24.33113 0.34448819,
  50.841566 -24.32656 0.34448819,50.832192 -24.307812 0.34448819,
  50.829744 -24.305689 0.34448819,50.828505 -24.302696 0.34448819,
  50.819131 -24.293323 0.34448819,50.816138 -24.292083 0.34448819,
  50.814015 -24.289635 0.34448819,50.795268 -24.280261 0.34448819,
  50.790697 -24.279936 0.34448819,50.786464 -24.278183 0.34448819,
  50.748969 -24.278183 0.34448819,50.744735 -24.279936 0.34448819,
  50.740165 -24.280261 0.34448819,50.738273 -24.281207 0.34448819,
  50.739117 -24.27783 0.34448819,50.754893 -24.254166 0.34448819,
  50.76063 -24.24843 0.34448819,50.772363 -24.242563 0.34448819,
  50.805212 -24.242563 0.34448819,50.819131 -24.236797 0.34448819,
  50.824897 -24.222878 0.34448819,50.819131 -24.208958 0.34448819,
  50.805212 -24.203193 0.34448819,50.767717 -24.203193 0.34448819,
  50.763483 -24.204946 0.34448819,50.758913 -24.205271 0.34448819,
  50.740165 -24.214645 0.34448819,50.738043 -24.217092 0.34448819,
  50.73505 -24.218332 0.34448819,50.725676 -24.227706 0.34448819,
  50.7249 -24.229578 0.34448819,50.723216 -24.230706 0.34448819,
  50.704468 -24.258828 0.34448819,50.7038 -24.262206 0.34448819,
  50.70175 -24.264972 0.34448819,50.692376 -24.302468 0.34448819,
  50.692744 -24.304936 0.34448819,50.691789 -24.307242 0.34448819,
  50.691789 -24.377585 0.34448819,50.691789 -24.382233 0.34448819,
  50.693542 -24.386465 0.34448819,50.693867 -24.391036 0.34448819,
  50.70324 -24.409783 0.34448819,50.705688 -24.411906 0.34448819,
  50.706928 -24.4149 0.34448819,50.716302 -24.424274 0.34448819,
  50.719295 -24.425513 0.34448819,50.721418 -24.427961 0.34448819,
  50.740165 -24.437335 0.34448819,50.744735 -24.437659 0.34448819,
  50.748969 -24.439413 0.34448819,50.786464 -24.439413 0.34448819,
  50.790696 -24.437659 0.34448819,50.795267 -24.437335 0.34448819,
  50.804274 -24.34001 0.34448819,50.804274 -24.377585 0.34448819,
  50.798407 -24.389319 0.34448819,50.79355 -24.394176 0.34448819,
  50.781817 -24.400043 0.34448819,50.753616 -24.400043 0.34448819,
  50.741881 -24.394176 0.34448819,50.737026 -24.38932 0.34448819,
  50.731159 -24.377585 0.34448819,50.731159 -24.34001 0.34448819,
  50.737025 -24.328277 0.34448819,50.741882 -24.32342 0.34448819,
  50.753616 -24.317553 0.34448819,50.781817 -24.317553 0.34448819,
  50.793551 -24.32342 0.34448819,50.798407 -24.328276 0.34448819,
  50.825391 -23.109596 0.34448819,50.807724 -23.136096 0.34448819,
  50.792614 -23.151206 0.34448819,50.776724 -23.159151 0.34448819,
  50.766852 -23.170533 0.34448819,50.76792 -23.185561 0.34448819,
  50.779302 -23.195433 0.34448819,50.79433 -23.194365 0.34448819,
  50.813078 -23.184992 0.34448819,50.8152 -23.182544 0.34448819,
  50.818194 -23.181304 0.34448819,50.822085 -23.177413 0.34448819,
  50.822085 -23.297681 0.34448819,50.785527 -23.297681 0.34448819,
  50.771607 -23.303446 0.34448819,50.765842 -23.317366 0.34448819,
  50.771607 -23.331285 0.34448819,50.785527 -23.337051 0.34448819,
  50.84177 -23.337051 0.34448819,50.898013 -23.337051 0.34448819,
  50.911932 -23.331285 0.34448819,50.917698 -23.317366 0.34448819,
  50.911932 -23.303446 0.34448819,50.898013 -23.297681 0.34448819,
  50.861455 -23.297681 0.34448819,50.861455 -23.120515 0.34448819,
  50.860679 -23.118643 0.34448819,50.861072 -23.116655 0.34448819,
  50.857882 -23.111891 0.34448819,50.855689 -23.106596 0.34448819,
  50.853817 -23.10582 0.34448819,50.852689 -23.104136 0.34448819,
  50.847065 -23.103024 0.34448819,50.84177 -23.10083 0.34448819,
  50.839897 -23.101606 0.34448819,50.837909 -23.101213 0.34448819,
  50.833146 -23.104402 0.34448819,50.82785 -23.106596 0.34448819,
  50.827075 -23.108468 0.34448819,50.891139 -22.715895 0.34448819,
  50.873472 -22.742395 0.34448819,50.858362 -22.757505 0.34448819,
  50.842472 -22.76545 0.34448819,50.8326 -22.776832 0.34448819,
  50.833668 -22.791861 0.34448819,50.84505 -22.801732 0.34448819,
  50.860078 -22.800665 0.34448819,50.878826 -22.791291 0.34448819,
  50.880948 -22.788843 0.34448819,50.883942 -22.787603 0.34448819,
  50.887833 -22.783712 0.34448819,50.887833 -22.90398 0.34448819,
  50.851275 -22.90398 0.34448819,50.837356 -22.909746 0.34448819,
  50.83159 -22.923665 0.34448819,50.837356 -22.937584 0.34448819,
  50.851275 -22.94335 0.34448819,50.907518 -22.94335 0.34448819,
  50.963761 -22.94335 0.34448819,50.97768 -22.937584 0.34448819,
  50.983446 -22.923665 0.34448819,50.97768 -22.909746 0.34448819,
  50.963761 -22.90398 0.34448819,50.927203 -22.90398 0.34448819,
  50.927203 -22.726815 0.34448819,50.926427 -22.724942 0.34448819,
  50.92682 -22.722954 0.34448819,50.92363 -22.71819 0.34448819,
  50.921437 -22.712895 0.34448819,50.919565 -22.71212 0.34448819,
  50.918437 -22.710435 0.34448819,50.912813 -22.709323 0.34448819,
  50.907518 -22.70713 0.34448819,50.905645 -22.707905 0.34448819,
  50.903657 -22.707512 0.34448819,50.898894 -22.710702 0.34448819,
  50.893598 -22.712895 0.34448819,50.892823 -22.714767 0.34448819,
  50.16811 -24.230709 0.34448819,50.162344 -24.216789 0.34448819,
  50.148425 -24.211024 0.34448819,50.048425 -24.211024 0.34448819,
  50.034506 -24.216789 0.34448819,50.02874 -24.230709 0.34448819,
  50.034506 -24.244628 0.34448819,50.048425 -24.250394 0.34448819,
  50.148425 -24.250394 0.34448819,50.162344 -24.244628 0.34448819,
  45.660236 -23.682677 0.34448819,45.65447 -23.668758 0.34448819,
  45.640551 -23.662992 0.34448819,45.540551 -23.662992 0.34448819,
  45.526632 -23.668758 0.34448819,45.520866 -23.682677 0.34448819,
  45.526632 -23.696596 0.34448819,45.540551 -23.702362 0.34448819,
  45.640551 -23.702362 0.34448819,45.65447 -23.696596 0.34448819,
  44.88953 -23.489048 0.34448819,44.88829 -23.492041 0.34448819,
  44.885843 -23.494164 0.34448819,44.876469 -23.512912 0.34448819,
  44.87631 -23.515143 0.34448819,44.874978 -23.516941 0.34448819,
  44.865605 -23.554436 0.34448819,44.865972 -23.556905 0.34448819,
  44.865017 -23.559211 0.34448819,44.865017 -23.587332 0.34448819,
  44.865972 -23.589637 0.34448819,44.865605 -23.592106 0.34448819,
  44.874978 -23.629602 0.34448819,44.87631 -23.631399 0.34448819,
  44.876469 -23.633631 0.34448819,44.885843 -23.652378 0.34448819,
  44.88829 -23.6545 0.34448819,44.88953 -23.657494 0.34448819,
  44.908278 -23.676242 0.34448819,44.912511 -23.677995 0.34448819,
  44.915972 -23.680998 0.34448819,44.944094 -23.690371 0.34448819,
  44.947325 -23.690141 0.34448819,44.950319 -23.691381 0.34448819,
  44.969066 -23.691381 0.34448819,44.972059 -23.690141 0.34448819,
  44.975291 -23.690371 0.34448819,45.003413 -23.680998 0.34448819,
  45.006874 -23.677996 0.34448819,45.011107 -23.676242 0.34448819,
  45.020481 -23.666868 0.34448819,45.026246 -23.652948 0.34448819,
  45.020481 -23.639029 0.34448819,45.006561 -23.633264 0.34448819,
  44.992642 -23.63903 0.34448819,44.986554 -23.645118 0.34448819,
  44.965872 -23.652011 0.34448819,44.953513 -23.652011 0.34448819,
  44.932831 -23.645117 0.34448819,44.919627 -23.631914 0.34448819,
  44.912649 -23.617956 0.34448819,44.904387 -23.584909 0.34448819,
  44.904387 -23.561633 0.34448819,44.912649 -23.528586 0.34448819,
  44.919628 -23.514628 0.34448819,44.932831 -23.501425 0.34448819,
  44.953513 -23.494531 0.34448819,44.965872 -23.494531 0.34448819,
  44.986554 -23.501425 0.34448819,44.992642 -23.507513 0.34448819,
  45.006561 -23.513279 0.34448819,45.020481 -23.507513 0.34448819,
  45.026246 -23.493594 0.34448819,45.020481 -23.479674 0.34448819,
  45.011107 -23.470301 0.34448819,45.006874 -23.468547 0.34448819,
  45.003413 -23.465545 0.34448819,44.975291 -23.456171 0.34448819,
  44.972059 -23.456401 0.34448819,44.969066 -23.455161 0.34448819,
  44.950319 -23.455161 0.34448819,44.947325 -23.456401 0.34448819,
  44.944093 -23.456171 0.34448819,44.915972 -23.465545 0.34448819,
  44.912511 -23.468547 0.34448819,44.908278 -23.470301 0.34448819,
  45.660236 -23.482677 0.34448819,45.65447 -23.468758 0.34448819,
  45.640551 -23.462992 0.34448819,45.540551 -23.462992 0.34448819,
  45.526632 -23.468758 0.34448819,45.520866 -23.482677 0.34448819,
  45.526632 -23.496596 0.34448819,45.540551 -23.502362 0.34448819,
  45.640551 -23.502362 0.34448819,45.65447 -23.496596 0.34448819,
  50.155118 -22.954331 0.34448819,50.149352 -22.940411 0.34448819,
  50.135433 -22.934646 0.34448819,50.035433 -22.934646 0.34448819,
  50.021514 -22.940411 0.34448819,50.015748 -22.954331 0.34448819,
  50.021514 -22.96825 0.34448819,50.035433 -22.974016 0.34448819,
  50.135433 -22.974016 0.34448819,50.149352 -22.96825 0.34448819,
  50.471776 -22.741017 0.34448819,50.470536 -22.74401 0.34448819,
  50.468089 -22.746133 0.34448819,50.458715 -22.76488 0.34448819,
  50.458556 -22.767112 0.34448819,50.457224 -22.768909 0.34448819,
  50.447851 -22.806405 0.34448819,50.448218 -22.808873 0.34448819,
  50.447263 -22.811179 0.34448819,50.447263 -22.8393 0.34448819,
  50.448218 -22.841606 0.34448819,50.447851 -22.844075 0.34448819,
  50.457224 -22.88157 0.34448819,50.458556 -22.883367 0.34448819,
  50.458715 -22.885599 0.34448819,50.468089 -22.904347 0.34448819,
  50.470536 -22.906469 0.34448819,50.471776 -22.909463 0.34448819,
  50.490524 -22.928211 0.34448819,50.494757 -22.929964 0.34448819,
  50.498219 -22.932966 0.34448819,50.52634 -22.94234 0.34448819,
  50.529571 -22.94211 0.34448819,50.532565 -22.94335 0.34448819,
  50.551312 -22.94335 0.34448819,50.554305 -22.94211 0.34448819,
  50.557537 -22.94234 0.34448819,50.585659 -22.932966 0.34448819,
  50.58912 -22.929964 0.34448819,50.593354 -22.928211 0.34448819,
  50.602727 -22.918836 0.34448819,50.608493 -22.904917 0.34448819,
  50.602727 -22.890998 0.34448819,50.588807 -22.885232 0.34448819,
  50.574888 -22.890998 0.34448819,50.5688 -22.897086 0.34448819,
  50.548118 -22.90398 0.34448819,50.535759 -22.90398 0.34448819,
  50.515077 -22.897086 0.34448819,50.501873 -22.883882 0.34448819,
  50.494895 -22.869925 0.34448819,50.486633 -22.836877 0.34448819,
  50.486633 -22.813602 0.34448819,50.494895 -22.780554 0.34448819,
  50.501874 -22.766596 0.34448819,50.515077 -22.753394 0.34448819,
  50.535759 -22.7465 0.34448819,50.548118 -22.7465 0.34448819,
  50.5688 -22.753394 0.34448819,50.574888 -22.759481 0.34448819,
  50.588807 -22.765247 0.34448819,50.602727 -22.759481 0.34448819,
  50.608493 -22.745562 0.34448819,50.602727 -22.731643 0.34448819,
  50.593353 -22.722269 0.34448819,50.58912 -22.720516 0.34448819,
  50.585659 -22.717514 0.34448819,50.557537 -22.70814 0.34448819,
  50.554306 -22.708369 0.34448819,50.551312 -22.70713 0.34448819,
  50.532565 -22.70713 0.34448819,50.529571 -22.708369 0.34448819,
  50.526339 -22.70814 0.34448819,50.498218 -22.717514 0.34448819,
  50.494757 -22.720516 0.34448819,50.490524 -22.722269 0.34448819,
  50.751749 -22.324709 0.34448819,50.705817 -22.324709 0.34448819,
  50.691898 -22.330475 0.34448819,50.686132 -22.344394 0.34448819,
  50.691898 -22.358313 0.34448819,50.705817 -22.364079 0.34448819,
  50.751749 -22.364079 0.34448819,50.751749 -22.41082 0.34448819,
  50.637052 -22.372589 0.34448819,50.622023 -22.373657 0.34448819,
  50.612152 -22.385039 0.34448819,50.61322 -22.400067 0.34448819,
  50.624602 -22.409938 0.34448819,50.765209 -22.456807 0.34448819,
  50.768441 -22.456577 0.34448819,50.771434 -22.457817 0.34448819,
  50.775667 -22.456064 0.34448819,50.780237 -22.455739 0.34448819,
  50.78236 -22.453291 0.34448819,50.785353 -22.452052 0.34448819,
  50.787106 -22.447819 0.34448819,50.790109 -22.444357 0.34448819,
  50.789879 -22.441125 0.34448819,50.791119 -22.438132 0.34448819,
  50.791119 -22.364079 0.34448819,50.837051 -22.364079 0.34448819,
  50.85097 -22.358313 0.34448819,50.856736 -22.344394 0.34448819,
  50.85097 -22.330475 0.34448819,50.837051 -22.324709 0.34448819,
  50.791119 -22.324709 0.34448819,50.791119 -22.316273 0.34448819,
  50.785353 -22.302354 0.34448819,50.771434 -22.296588 0.34448819,
  50.757515 -22.302354 0.34448819,50.751749 -22.316273 0.34448819,
  50.703663 -22.715895 0.34448819,50.685995 -22.742395 0.34448819,
  50.670886 -22.757505 0.34448819,50.654995 -22.76545 0.34448819,
  50.645124 -22.776832 0.34448819,50.646191 -22.791861 0.34448819,
  50.657573 -22.801732 0.34448819,50.672602 -22.800665 0.34448819,
  50.691349 -22.791291 0.34448819,50.693472 -22.788843 0.34448819,
  50.696465 -22.787603 0.34448819,50.700356 -22.783712 0.34448819,
  50.700356 -22.90398 0.34448819,50.663798 -22.90398 0.34448819,
  50.649879 -22.909746 0.34448819,50.644113 -22.923665 0.34448819,
  50.649879 -22.937584 0.34448819,50.663798 -22.94335 0.34448819,
  50.720041 -22.94335 0.34448819,50.776284 -22.94335 0.34448819,
  50.790204 -22.937584 0.34448819,50.795969 -22.923665 0.34448819,
  50.790204 -22.909746 0.34448819,50.776284 -22.90398 0.34448819,
  50.739726 -22.90398 0.34448819,50.739726 -22.726815 0.34448819,
  50.738951 -22.724942 0.34448819,50.739344 -22.722954 0.34448819,
  50.736154 -22.71819 0.34448819,50.733961 -22.712895 0.34448819,
  50.732089 -22.71212 0.34448819,50.730961 -22.710435 0.34448819,
  50.725336 -22.709323 0.34448819,50.720041 -22.70713 0.34448819,
  50.718169 -22.707905 0.34448819,50.716181 -22.707512 0.34448819,
  50.711417 -22.710702 0.34448819,50.706122 -22.712895 0.34448819,
  50.705346 -22.714767 0.34448819,50.846352 -22.516272 0.34448819,
  50.84335 -22.512811 0.34448819,50.841596 -22.508577 0.34448819,
  50.832222 -22.499204 0.34448819,50.818303 -22.493438 0.34448819,
  50.804383 -22.499204 0.34448819,50.798618 -22.513124 0.34448819,
  50.804384 -22.527043 0.34448819,50.810472 -22.53313 0.34448819,
  50.817366 -22.553812 0.34448819,50.817366 -22.566172 0.34448819,
  50.810472 -22.586853 0.34448819,50.797268 -22.600057 0.34448819,
  50.783311 -22.607035 0.34448819,50.750263 -22.615298 0.34448819,
  50.726988 -22.615298 0.34448819,50.69394 -22.607035 0.34448819,
  50.679983 -22.600057 0.34448819,50.66678 -22.586854 0.34448819,
  50.659885 -22.566171 0.34448819,50.659885 -22.553813 0.34448819,
  50.66678 -22.53313 0.34448819,50.672867 -22.527043 0.34448819,
  50.678633 -22.513123 0.34448819,50.672867 -22.499204 0.34448819,
  50.658948 -22.493438 0.34448819,50.645029 -22.499204 0.34448819,
  50.635655 -22.508578 0.34448819,50.633902 -22.51281 0.34448819,
  50.6309 -22.516272 0.34448819,50.621526 -22.544393 0.34448819,
  50.621755 -22.547625 0.34448819,50.620515 -22.550619 0.34448819,
  50.620515 -22.569366 0.34448819,50.621755 -22.572359 0.34448819,
  50.621526 -22.575591 0.34448819,50.6309 -22.603713 0.34448819,
  50.633902 -22.607174 0.34448819,50.635655 -22.611407 0.34448819,
  50.654402 -22.630154 0.34448819,50.657396 -22.631394 0.34448819,
  50.659519 -22.633842 0.34448819,50.678266 -22.643216 0.34448819,
  50.680498 -22.643374 0.34448819,50.682295 -22.644706 0.34448819,
  50.719791 -22.65408 0.34448819,50.722259 -22.653712 0.34448819,
  50.724565 -22.654668 0.34448819,50.752686 -22.654668 0.34448819,
  50.754992 -22.653712 0.34448819,50.757461 -22.65408 0.34448819,
  50.794956 -22.644706 0.34448819,50.796753 -22.643374 0.34448819,
  50.798985 -22.643216 0.34448819,50.817733 -22.633842 0.34448819,
  50.819855 -22.631394 0.34448819,50.822848 -22.630155 0.34448819,
  50.841596 -22.611407 0.34448819,50.84335 -22.607174 0.34448819,
  50.846352 -22.603712 0.34448819,50.855726 -22.575591 0.34448819,
  50.855496 -22.572359 0.34448819,50.856736 -22.569366 0.34448819,
  50.856736 -22.550619 0.34448819,50.855496 -22.547625 0.34448819,
  50.855726 -22.544394 0.34448819,44.657997 -22.721332 0.34448819,
  44.656757 -22.724325 0.34448819,44.654309 -22.726448 0.34448819,
  44.644935 -22.745195 0.34448819,44.644777 -22.747427 0.34448819,
  44.643445 -22.749224 0.34448819,44.634071 -22.78672 0.34448819,
  44.634439 -22.789188 0.34448819,44.633483 -22.791494 0.34448819,
  44.633483 -22.819615 0.34448819,44.634439 -22.821921 0.34448819,
  44.634071 -22.82439 0.34448819,44.643445 -22.861885 0.34448819,
  44.644777 -22.863682 0.34448819,44.644935 -22.865914 0.34448819,
  44.654309 -22.884662 0.34448819,44.656756 -22.886784 0.34448819,
  44.657996 -22.889778 0.34448819,44.676744 -22.908526 0.34448819,
  44.680977 -22.910279 0.34448819,44.684439 -22.913281 0.34448819,
  44.71256 -22.922655 0.34448819,44.715792 -22.922425 0.34448819,
  44.718785 -22.923665 0.34448819,44.737533 -22.923665 0.34448819,
  44.740526 -22.922425 0.34448819,44.743757 -22.922655 0.34448819,
  44.771879 -22.913281 0.34448819,44.77534 -22.910279 0.34448819,
  44.779574 -22.908526 0.34448819,44.788948 -22.899151 0.34448819,
  44.794713 -22.885232 0.34448819,44.788947 -22.871313 0.34448819,
  44.775028 -22.865547 0.34448819,44.761108 -22.871313 0.34448819,
  44.75502 -22.877401 0.34448819,44.734339 -22.884295 0.34448819,
  44.72198 -22.884295 0.34448819,44.701298 -22.877401 0.34448819,
  44.688094 -22.864197 0.34448819,44.681115 -22.85024 0.34448819,
  44.672854 -22.817192 0.34448819,44.672854 -22.793917 0.34448819,
  44.681115 -22.760869 0.34448819,44.688094 -22.746911 0.34448819,
  44.701297 -22.733709 0.34448819,44.72198 -22.726815 0.34448819,
  44.734338 -22.726815 0.34448819,44.755021 -22.733709 0.34448819,
  44.761109 -22.739796 0.34448819,44.775028 -22.745562 0.34448819,
  44.788947 -22.739796 0.34448819,44.794713 -22.725877 0.34448819,
  44.788947 -22.711958 0.34448819,44.779574 -22.702584 0.34448819,
  44.775341 -22.700831 0.34448819,44.77188 -22.697829 0.34448819,
  44.743758 -22.688455 0.34448819,44.740526 -22.688684 0.34448819,
  44.737533 -22.687444 0.34448819,44.718785 -22.687444 0.34448819,
  44.715791 -22.688684 0.34448819,44.71256 -22.688455 0.34448819,
  44.684439 -22.697829 0.34448819,44.680977 -22.700831 0.34448819,
  44.676744 -22.702584 0.34448819,44.889883 -22.69621 0.34448819,
  44.872216 -22.72271 0.34448819,44.857106 -22.73782 0.34448819,
  44.841216 -22.745765 0.34448819,44.831344 -22.757147 0.34448819,
  44.832412 -22.772176 0.34448819,44.843794 -22.782047 0.34448819,
  44.858822 -22.78098 0.34448819,44.87757 -22.771606 0.34448819,
  44.879693 -22.769158 0.34448819,44.882686 -22.767918 0.34448819,
  44.886577 -22.764027 0.34448819,44.886577 -22.884295 0.34448819,
  44.850019 -22.884295 0.34448819,44.8361 -22.890061 0.34448819,
  44.830334 -22.90398 0.34448819,44.8361 -22.917899 0.34448819,
  44.850019 -22.923665 0.34448819,44.906262 -22.923665 0.34448819,
  44.962505 -22.923665 0.34448819,44.976424 -22.917899 0.34448819,
  44.98219 -22.90398 0.34448819,44.976424 -22.890061 0.34448819,
  44.962505 -22.884295 0.34448819,44.925947 -22.884295 0.34448819,
  44.925947 -22.70713 0.34448819,44.925171 -22.705257 0.34448819,
  44.925565 -22.703269 0.34448819,44.922374 -22.698505 0.34448819,
  44.920181 -22.69321 0.34448819,44.918309 -22.692435 0.34448819,
  44.917181 -22.69075 0.34448819,44.911557 -22.689638 0.34448819,
  44.906262 -22.687444 0.34448819,44.904389 -22.68822 0.34448819,
  44.902401 -22.687827 0.34448819,44.897638 -22.691017 0.34448819,
  44.892343 -22.69321 0.34448819,44.891567 -22.695082 0.34448819,
  45.159355 -22.687444 0.34448819,45.028121 -22.687444 0.34448819,
  45.014202 -22.69321 0.34448819,45.008436 -22.70713 0.34448819,
  45.014202 -22.721049 0.34448819,45.028121 -22.726815 0.34448819,
  45.129502 -22.726815 0.34448819,45.056897 -22.896226 0.34448819,
  45.056714 -22.911291 0.34448819,45.067236 -22.922073 0.34448819,
  45.082301 -22.922257 0.34448819,45.093084 -22.911734 0.34448819,
  45.177448 -22.714883 0.34448819,45.177497 -22.710853 0.34448819,
  45.17904 -22.70713 0.34448819,45.177585 -22.703619 0.34448819,
  45.177632 -22.699819 0.34448819,45.174816 -22.696933 0.34448819,
  45.173274 -22.69321 0.34448819,45.169764 -22.691756 0.34448819,
  45.167109 -22.689036 0.34448819,45.163078 -22.688987 0.34448819,
  50.155118 -22.754331 0.34448819,50.149352 -22.740411 0.34448819,
  50.135433 -22.734646 0.34448819,50.035433 -22.734646 0.34448819,
  50.021514 -22.740411 0.34448819,50.015748 -22.754331 0.34448819,
  50.021514 -22.76825 0.34448819,50.035433 -22.774016 0.34448819,
  50.135433 -22.774016 0.34448819,50.149352 -22.76825 0.34448819,
  45.640551 -22.714961 0.34448819,45.634785 -22.701041 0.34448819,
  45.620866 -22.695276 0.34448819,45.520866 -22.695276 0.34448819,
  45.506947 -22.701041 0.34448819,45.501181 -22.714961 0.34448819,
  45.506947 -22.72888 0.34448819,45.520866 -22.734646 0.34448819,
  45.620866 -22.734646 0.34448819,45.634785 -22.72888 0.34448819,
  46.37344 -22.33033 0.34448819,46.372784 -22.331466 0.34448819,
  46.373011 -22.332758 0.34448819,46.372335 -22.336594 0.34448819,
  46.372335 -22.636594 0.34448819,46.379244 -22.655574 0.34448819,
  46.396735 -22.665673 0.34448819,46.416627 -22.662165 0.34448819,
  46.42961 -22.646693 0.34448819,46.431391 -22.636594 0.34448819,
  46.431391 -22.366121 0.34448819,46.701863 -22.366121 0.34448819,
  46.720843 -22.359213 0.34448819,46.730942 -22.341721 0.34448819,
  46.727435 -22.32183 0.34448819,46.711962 -22.308847 0.34448819,
  46.701863 -22.307066 0.34448819,46.401863 -22.307066 0.34448819,
  46.394655 -22.309689 0.34448819,46.387099 -22.311022 0.34448819,
  46.385386 -22.313063 0.34448819,46.382883 -22.313974 0.34448819,
  46.379047 -22.320617 0.34448819,46.374116 -22.326494 0.34448819,
  48.879244 -22.655574 0.34448819,48.896735 -22.665673 0.34448819,
  48.916627 -22.662165 0.34448819,48.92961 -22.646693 0.34448819,
  48.931391 -22.636594 0.34448819,48.931391 -22.336594 0.34448819,
  48.928767 -22.329385 0.34448819,48.927435 -22.32183 0.34448819,
  48.925393 -22.320117 0.34448819,48.924482 -22.317614 0.34448819,
  48.917839 -22.313778 0.34448819,48.911962 -22.308847 0.34448819,
  48.908126 -22.30817 0.34448819,48.906991 -22.307515 0.34448819,
  48.905698 -22.307742 0.34448819,48.901863 -22.307066 0.34448819,
  48.601863 -22.307066 0.34448819,48.582883 -22.313974 0.34448819,
  48.572784 -22.331466 0.34448819,48.576291 -22.351357 0.34448819,
  48.591764 -22.364341 0.34448819,48.601863 -22.366121 0.34448819,
  48.872335 -22.366121 0.34448819,48.872335 -22.636594 0.34448819,
  50.325591 -22.580315 0.34448819,50.319825 -22.566396 0.34448819,
  50.305906 -22.56063 0.34448819,50.205906 -22.56063 0.34448819,
  50.191986 -22.566396 0.34448819,50.18622 -22.580315 0.34448819,
  50.191986 -22.594234 0.34448819,50.205906 -22.6 0.34448819,
  50.305906 -22.6 0.34448819,50.319825 -22.594234 0.34448819,
  50.325591 -22.380315 0.34448819,50.319825 -22.366396 0.34448819,
  50.305906 -22.36063 0.34448819,50.205906 -22.36063 0.34448819,
  50.191986 -22.366396 0.34448819,50.18622 -22.380315 0.34448819,
  50.191986 -22.394234 0.34448819,50.205906 -22.4 0.34448819,
  50.305906 -22.4 0.34448819,50.319825 -22.394234 0.34448819,
  49.604724 -22.240157 0.34448819,49.598959 -22.226238 0.34448819,
  49.585039 -22.220472 0.34448819,49.57112 -22.226238 0.34448819,
  49.565354 -22.240157 0.34448819,49.565354 -22.340157 0.34448819,
  49.57112 -22.354077 0.34448819,49.585039 -22.359843 0.34448819,
  49.598959 -22.354077 0.34448819,49.604724 -22.340157 0.34448819,
  49.804724 -22.240157 0.34448819,49.798959 -22.226238 0.34448819,
  49.785039 -22.220472 0.34448819,49.77112 -22.226238 0.34448819,
  49.765354 -22.240157 0.34448819,49.765354 -22.340157 0.34448819,
  49.77112 -22.354077 0.34448819,49.785039 -22.359843 0.34448819,
  49.798959 -22.354077 0.34448819,49.804724 -22.340157 0.34448819,
  49.429029 -21.787926 0.34448819,49.426027 -21.784464 0.34448819,
  49.424274 -21.780231 0.34448819,49.4149 -21.770857 0.34448819,
  49.40098 -21.765092 0.34448819,49.387061 -21.770857 0.34448819,
  49.381295 -21.784777 0.34448819,49.387061 -21.798696 0.34448819,
  49.393149 -21.804784 0.34448819,49.400043 -21.825466 0.34448819,
  49.400043 -21.837825 0.34448819,49.393149 -21.858507 0.34448819,
  49.379945 -21.871711 0.34448819,49.365988 -21.878689 0.34448819,
  49.33294 -21.886951 0.34448819,49.309665 -21.886951 0.34448819,
  49.276617 -21.878689 0.34448819,49.26266 -21.871711 0.34448819,
  49.249457 -21.858507 0.34448819,49.242563 -21.837825 0.34448819,
  49.242563 -21.825466 0.34448819,49.249457 -21.804783 0.34448819,
  49.255544 -21.798696 0.34448819,49.26131 -21.784777 0.34448819,
  49.255544 -21.770857 0.34448819,49.241625 -21.765092 0.34448819,
  49.227706 -21.770857 0.34448819,49.218332 -21.780231 0.34448819,
  49.216579 -21.784464 0.34448819,49.213577 -21.787925 0.34448819,
  49.204203 -21.816047 0.34448819,49.204432 -21.819278 0.34448819,
  49.203193 -21.822272 0.34448819,49.203193 -21.84102 0.34448819,
  49.204432 -21.844013 0.34448819,49.204203 -21.847245 0.34448819,
  49.213577 -21.875366 0.34448819,49.216579 -21.878827 0.34448819,
  49.218332 -21.88306 0.34448819,49.23708 -21.901808 0.34448819,
  49.240073 -21.903048 0.34448819,49.242196 -21.905495 0.34448819,
  49.260943 -21.914869 0.34448819,49.263175 -21.915028 0.34448819,
  49.264972 -21.91636 0.34448819,49.302468 -21.925733 0.34448819,
  49.304936 -21.925366 0.34448819,49.307242 -21.926321 0.34448819,
  49.335363 -21.926321 0.34448819,49.337669 -21.925366 0.34448819,
  49.340138 -21.925733 0.34448819,49.377633 -21.91636 0.34448819,
  49.37943 -21.915028 0.34448819,49.381662 -21.914869 0.34448819,
  49.40041 -21.905495 0.34448819,49.402532 -21.903048 0.34448819,
  49.405526 -21.901808 0.34448819,49.424274 -21.883061 0.34448819,
  49.426027 -21.878827 0.34448819,49.429029 -21.875366 0.34448819,
  49.438403 -21.847244 0.34448819,49.438173 -21.844013 0.34448819,
  49.439413 -21.84102 0.34448819,49.439413 -21.822272 0.34448819,
  49.438173 -21.819279 0.34448819,49.438403 -21.816047 0.34448819,
  49.250394 -22.233465 0.34448819,49.244628 -22.219545 0.34448819,
  49.230709 -22.21378 0.34448819,49.216789 -22.219545 0.34448819,
  49.211024 -22.233465 0.34448819,49.211024 -22.333465 0.34448819,
  49.216789 -22.347384 0.34448819,49.230709 -22.35315 0.34448819,
  49.244628 -22.347384 0.34448819,49.250394 -22.333465 0.34448819,
  49.670376 -21.796228 0.34448819,49.651628 -21.786855 0.34448819,
  49.647057 -21.78653 0.34448819,49.642825 -21.784777 0.34448819,
  49.614704 -21.784777 0.34448819,49.61047 -21.78653 0.34448819,
  49.6059 -21.786855 0.34448819,49.587153 -21.796228 0.34448819,
  49.58503 -21.798676 0.34448819,49.582036 -21.799916 0.34448819,
  49.572663 -21.80929 0.34448819,49.571422 -21.812283 0.34448819,
  49.568976 -21.814406 0.34448819,49.559602 -21.833154 0.34448819,
  49.559276 -21.837724 0.34448819,49.557523 -21.841957 0.34448819,
  49.557523 -21.897263 0.34448819,49.557523 -21.916947 0.34448819,
  49.557523 -21.916948 0.34448819,49.563289 -21.930867 0.34448819,
  49.577208 -21.936633 0.34448819,49.68032 -21.936633 0.34448819,
  49.774059 -21.936633 0.34448819,49.787978 -21.930867 0.34448819,
  49.793744 -21.916948 0.34448819,49.787978 -21.903028 0.34448819,
  49.774059 -21.897263 0.34448819,49.700006 -21.897263 0.34448819,
  49.700006 -21.880328 0.34448819,49.785347 -21.820588 0.34448819,
  49.793444 -21.807883 0.34448819,49.790185 -21.793173 0.34448819,
  49.77748 -21.785076 0.34448819,49.76277 -21.788335 0.34448819,
  49.697966 -21.833698 0.34448819,49.697927 -21.833154 0.34448819,
  49.688553 -21.814406 0.34448819,49.686106 -21.812283 0.34448819,
  49.684866 -21.809291 0.34448819,49.675493 -21.799916 0.34448819,
  49.672499 -21.798676 0.34448819,49.660635 -21.846604 0.34448819,
  49.660635 -21.897263 0.34448819,49.596893 -21.897263 0.34448819,
  49.596893 -21.846604 0.34448819,49.60276 -21.83487 0.34448819,
  49.607616 -21.830014 0.34448819,49.619351 -21.824147 0.34448819,
  49.638178 -21.824147 0.34448819,49.649911 -21.830013 0.34448819,
  49.654768 -21.83487 0.34448819,49.450394 -22.233465 0.34448819,
  49.444628 -22.219545 0.34448819,49.430709 -22.21378 0.34448819,
  49.416789 -22.219545 0.34448819,49.411024 -22.233465 0.34448819,
  49.411024 -22.333465 0.34448819,49.416789 -22.347384 0.34448819,
  49.430709 -22.35315 0.34448819,49.444628 -22.347384 0.34448819,
  49.450394 -22.333465 0.34448819,48.963178 -22.063773 0.34448819,
  48.956024 -22.014015 0.34448819,48.935141 -21.968287 0.34448819,
  48.902221 -21.930295 0.34448819,48.859931 -21.903117 0.34448819,
  48.811696 -21.888954 0.34448819,48.761426 -21.888954 0.34448819,
  48.713192 -21.903117 0.34448819,48.670902 -21.930295 0.34448819,
  48.637982 -21.968287 0.34448819,48.617099 -22.014015 0.34448819,
  48.609944 -22.063773 0.34448819,48.617099 -22.113532 0.34448819,
  48.637982 -22.159259 0.34448819,48.670902 -22.197252 0.34448819,
  48.713192 -22.22443 0.34448819,48.761426 -22.238593 0.34448819,
  48.811696 -22.238593 0.34448819,48.859931 -22.22443 0.34448819,
  48.902221 -22.197252 0.34448819,48.935141 -22.159259 0.34448819,
  48.956024 -22.113532 0.34448819,50.513386 -22.157874 0.34448819,
  50.50762 -22.143955 0.34448819,50.493701 -22.138189 0.34448819,
  50.293701 -22.138189 0.34448819,50.279781 -22.143955 0.34448819,
  50.274016 -22.157874 0.34448819,50.279781 -22.171793 0.34448819,
  50.293701 -22.177559 0.34448819,50.493701 -22.177559 0.34448819,
  50.50762 -22.171793 0.34448819,50.513386 -21.857874 0.34448819,
  50.50762 -21.843955 0.34448819,50.493701 -21.838189 0.34448819,
  50.293701 -21.838189 0.34448819,50.279781 -21.843955 0.34448819,
  50.274016 -21.857874 0.34448819,50.279781 -21.871793 0.34448819,
  50.293701 -21.877559 0.34448819,50.493701 -21.877559 0.34448819,
  50.50762 -21.871793 0.34448819,48.605118 -21.753543 0.34448819,
  48.601659 -21.745192 0.34448819,48.593307 -21.741732 0.34448819,
  48.493307 -21.741732 0.34448819,48.484956 -21.745192 0.34448819,
  48.481496 -21.753543 0.34448819,48.484956 -21.761895 0.34448819,
  48.493307 -21.765354 0.34448819,48.593307 -21.765354 0.34448819,
  48.601659 -21.761895 0.34448819,49.559717 -21.667933 0.34448819,
  49.557523 -21.673228 0.34448819,49.558298 -21.6751 0.34448819,
  49.557906 -21.677089 0.34448819,49.561095 -21.681852 0.34448819,
  49.563289 -21.687147 0.34448819,49.565161 -21.687922 0.34448819,
  49.566289 -21.689607 0.34448819,49.59279 -21.707274 0.34448819,
  49.607899 -21.722383 0.34448819,49.615844 -21.738274 0.34448819,
  49.627226 -21.748145 0.34448819,49.642254 -21.747078 0.34448819,
  49.652126 -21.735696 0.34448819,49.651058 -21.720667 0.34448819,
  49.641685 -21.70192 0.34448819,49.639237 -21.699797 0.34448819,
  49.637997 -21.696804 0.34448819,49.634106 -21.692913 0.34448819,
  49.754374 -21.692913 0.34448819,49.754374 -21.729471 0.34448819,
  49.760139 -21.74339 0.34448819,49.774059 -21.749156 0.34448819,
  49.787978 -21.74339 0.34448819,49.793744 -21.729471 0.34448819,
  49.793744 -21.616985 0.34448819,49.787978 -21.603066 0.34448819,
  49.774059 -21.5973 0.34448819,49.760139 -21.603066 0.34448819,
  49.754374 -21.616985 0.34448819,49.754374 -21.653543 0.34448819,
  49.577208 -21.653543 0.34448819,49.575336 -21.654318 0.34448819,
  49.573348 -21.653925 0.34448819,49.568584 -21.657115 0.34448819,
  49.563289 -21.659309 0.34448819,49.562513 -21.66118 0.34448819,
  49.560829 -21.662309 0.34448819,49.205386 -21.648248 0.34448819,
  49.203193 -21.653543 0.34448819,49.203968 -21.655415 0.34448819,
  49.203575 -21.657404 0.34448819,49.206765 -21.662167 0.34448819,
  49.208958 -21.667462 0.34448819,49.21083 -21.668237 0.34448819,
  49.211958 -21.669922 0.34448819,49.238459 -21.687589 0.34448819,
  49.253568 -21.702698 0.34448819,49.261513 -21.718589 0.34448819,
  49.272895 -21.72846 0.34448819,49.287924 -21.727393 0.34448819,
  49.297795 -21.716011 0.34448819,49.296727 -21.700982 0.34448819,
  49.287354 -21.682235 0.34448819,49.284906 -21.680112 0.34448819,
  49.283666 -21.677119 0.34448819,49.279776 -21.673228 0.34448819,
  49.400043 -21.673228 0.34448819,49.400043 -21.709786 0.34448819,
  49.405809 -21.723705 0.34448819,49.419728 -21.729471 0.34448819,
  49.433647 -21.723705 0.34448819,49.439413 -21.709786 0.34448819,
  49.439413 -21.5973 0.34448819,49.433647 -21.583381 0.34448819,
  49.419728 -21.577615 0.34448819,49.405809 -21.583381 0.34448819,
  49.400043 -21.5973 0.34448819,49.400043 -21.633858 0.34448819,
  49.222878 -21.633858 0.34448819,49.221005 -21.634633 0.34448819,
  49.219017 -21.63424 0.34448819,49.214253 -21.63743 0.34448819,
  49.208958 -21.639624 0.34448819,49.208183 -21.641495 0.34448819,
  49.206498 -21.642624 0.34448819,47.899183 -21.492423 0.34448819,
  47.885264 -21.486657 0.34448819,47.871345 -21.492423 0.34448819,
  47.865579 -21.506342 0.34448819,47.865579 -21.703193 0.34448819,
  47.871345 -21.717112 0.34448819,47.885264 -21.722878 0.34448819,
  47.979002 -21.722878 0.34448819,47.992922 -21.717112 0.34448819,
  47.998687 -21.703193 0.34448819,47.992922 -21.689273 0.34448819,
  47.979002 -21.683507 0.34448819,47.904949 -21.683507 0.34448819,
  47.904949 -21.506342 0.34448819,48.07511 -21.495423 0.34448819,
  48.057443 -21.521923 0.34448819,48.042333 -21.537033 0.34448819,
  48.026443 -21.544978 0.34448819,48.016571 -21.55636 0.34448819,
  48.017639 -21.571388 0.34448819,48.02902 -21.58126 0.34448819,
  48.044049 -21.580192 0.34448819,48.062796 -21.570819 0.34448819,
  48.064919 -21.56837 0.34448819,48.067913 -21.567131 0.34448819,
  48.071804 -21.56324 0.34448819,48.071804 -21.683507 0.34448819,
  48.035246 -21.683507 0.34448819,48.021326 -21.689273 0.34448819,
  48.015561 -21.703193 0.34448819,48.021326 -21.717112 0.34448819,
  48.035246 -21.722878 0.34448819,48.091489 -21.722878 0.34448819,
  48.147731 -21.722878 0.34448819,48.161651 -21.717112 0.34448819,
  48.167417 -21.703193 0.34448819,48.161651 -21.689273 0.34448819,
  48.147731 -21.683507 0.34448819,48.111174 -21.683507 0.34448819,
  48.111174 -21.506342 0.34448819,48.110398 -21.50447 0.34448819,
  48.110791 -21.502481 0.34448819,48.107601 -21.497718 0.34448819,
  48.105408 -21.492423 0.34448819,48.103536 -21.491647 0.34448819,
  48.102408 -21.489963 0.34448819,48.096783 -21.48885 0.34448819,
  48.091489 -21.486657 0.34448819,48.089616 -21.487432 0.34448819,
  48.087628 -21.487039 0.34448819,48.082865 -21.490229 0.34448819,
  48.077569 -21.492423 0.34448819,48.076794 -21.494295 0.34448819,
  46.909344 -21.009223 0.34448819,46.906342 -21.005761 0.34448819,
  46.904589 -21.001528 0.34448819,46.895215 -20.992154 0.34448819,
  46.881295 -20.986389 0.34448819,46.867376 -20.992155 0.34448819,
  46.86161 -21.006074 0.34448819,46.867376 -21.019994 0.34448819,
  46.873464 -21.026081 0.34448819,46.880358 -21.046763 0.34448819,
  46.880358 -21.059122 0.34448819,46.873464 -21.079804 0.34448819,
  46.86026 -21.093008 0.34448819,46.846303 -21.099986 0.34448819,
  46.813255 -21.108248 0.34448819,46.78998 -21.108248 0.34448819,
  46.756932 -21.099986 0.34448819,46.742975 -21.093008 0.34448819,
  46.729772 -21.079805 0.34448819,46.722878 -21.059122 0.34448819,
  46.722878 -21.046763 0.34448819,46.729772 -21.026081 0.34448819,
  46.735859 -21.019993 0.34448819,46.741625 -21.006074 0.34448819,
  46.735859 -20.992155 0.34448819,46.72194 -20.986389 0.34448819,
  46.708021 -20.992155 0.34448819,46.698647 -21.001528 0.34448819,
  46.696894 -21.005761 0.34448819,46.693892 -21.009222 0.34448819,
  46.684518 -21.037344 0.34448819,46.684747 -21.040576 0.34448819,
  46.683507 -21.043569 0.34448819,46.683507 -21.062317 0.34448819,
  46.684747 -21.06531 0.34448819,46.684518 -21.068542 0.34448819,
  46.693892 -21.096663 0.34448819,46.696894 -21.100124 0.34448819,
  46.698647 -21.104357 0.34448819,46.717394 -21.123105 0.34448819,
  46.720388 -21.124345 0.34448819,46.722511 -21.126793 0.34448819,
  46.741258 -21.136167 0.34448819,46.74349 -21.136325 0.34448819,
  46.745287 -21.137657 0.34448819,46.782783 -21.147031 0.34448819,
  46.785251 -21.146663 0.34448819,46.787557 -21.147619 0.34448819,
  46.815678 -21.147619 0.34448819,46.817984 -21.146663 0.34448819,
  46.820453 -21.147031 0.34448819,46.857948 -21.137657 0.34448819,
  46.859745 -21.136325 0.34448819,46.861977 -21.136167 0.34448819,
  46.880725 -21.126793 0.34448819,46.882847 -21.124345 0.34448819,
  46.885841 -21.123106 0.34448819,46.904589 -21.104358 0.34448819,
  46.906342 -21.100124 0.34448819,46.909344 -21.096663 0.34448819,
  46.918718 -21.068542 0.34448819,46.918488 -21.06531 0.34448819,
  46.919728 -21.062317 0.34448819,46.919728 -21.043569 0.34448819,
  46.918488 -21.040576 0.34448819,46.918718 -21.037344 0.34448819,
  47.19252 -21.297638 0.34448819,47.186754 -21.283719 0.34448819,
  47.172835 -21.277953 0.34448819,47.158915 -21.283719 0.34448819,
  47.15315 -21.297638 0.34448819,47.15315 -21.497638 0.34448819,
  47.158915 -21.511557 0.34448819,47.172835 -21.517323 0.34448819,
  47.186754 -21.511557 0.34448819,47.19252 -21.497638 0.34448819,
  46.730709 -21.472441 0.34448819,46.724943 -21.458522 0.34448819,
  46.711024 -21.452756 0.34448819,46.697104 -21.458522 0.34448819,
  46.691339 -21.472441 0.34448819,46.691339 -21.572441 0.34448819,
  46.697104 -21.58636 0.34448819,46.711024 -21.592126 0.34448819,
  46.724943 -21.58636 0.34448819,46.730709 -21.572441 0.34448819,
  46.930709 -21.472441 0.34448819,46.924943 -21.458522 0.34448819,
  46.911024 -21.452756 0.34448819,46.897104 -21.458522 0.34448819,
  46.891339 -21.472441 0.34448819,46.891339 -21.572441 0.34448819,
  46.897104 -21.58636 0.34448819,46.911024 -21.592126 0.34448819,
  46.924943 -21.58636 0.34448819,46.930709 -21.572441 0.34448819,
  46.277953 -21.465748 0.34448819,46.272187 -21.451829 0.34448819,
  46.258268 -21.446063 0.34448819,46.244348 -21.451829 0.34448819,
  46.238583 -21.465748 0.34448819,46.238583 -21.565748 0.34448819,
  46.244348 -21.579667 0.34448819,46.258268 -21.585433 0.34448819,
  46.272187 -21.579667 0.34448819,46.277953 -21.565748 0.34448819,
  46.477953 -21.465748 0.34448819,46.472187 -21.451829 0.34448819,
  46.458268 -21.446063 0.34448819,46.444348 -21.451829 0.34448819,
  46.438583 -21.465748 0.34448819,46.438583 -21.565748 0.34448819,
  46.444348 -21.579667 0.34448819,46.458268 -21.585433 0.34448819,
  46.472187 -21.579667 0.34448819,46.477953 -21.565748 0.34448819,
  48.605118 -21.553543 0.34448819,48.601659 -21.545192 0.34448819,
  48.593307 -21.541732 0.34448819,48.493307 -21.541732 0.34448819,
  48.484956 -21.545192 0.34448819,48.481496 -21.553543 0.34448819,
  48.484956 -21.561895 0.34448819,48.493307 -21.565354 0.34448819,
  48.593307 -21.565354 0.34448819,48.601659 -21.561895 0.34448819,
  50.029964 -21.499852 0.34448819,50.029964 -21.462277 0.34448819,
  50.035831 -21.450543 0.34448819,50.040687 -21.445687 0.34448819,
  50.052421 -21.43982 0.34448819,50.063328 -21.43982 0.34448819,
  50.08401 -21.446714 0.34448819,50.19321 -21.555914 0.34448819,
  50.20713 -21.56168 0.34448819,50.221049 -21.555914 0.34448819,
  50.226815 -21.541994 0.34448819,50.226815 -21.541994 0.34448819,
  50.226815 -21.420135 0.34448819,50.221049 -21.406215 0.34448819,
  50.20713 -21.40045 0.34448819,50.19321 -21.406215 0.34448819,
  50.187444 -21.420135 0.34448819,50.187444 -21.49447 0.34448819,
  50.108563 -21.415589 0.34448819,50.10433 -21.413836 0.34448819,
  50.100869 -21.410834 0.34448819,50.072747 -21.40146 0.34448819,
  50.069515 -21.401689 0.34448819,50.066522 -21.40045 0.34448819,
  50.047774 -21.40045 0.34448819,50.043541 -21.402203 0.34448819,
  50.038971 -21.402528 0.34448819,50.020223 -21.411902 0.34448819,
  50.0181 -21.414349 0.34448819,50.015107 -21.415589 0.34448819,
  50.005734 -21.424963 0.34448819,50.004494 -21.427956 0.34448819,
  50.002046 -21.430079 0.34448819,49.992672 -21.448826 0.34448819,
  49.992347 -21.453396 0.34448819,49.990594 -21.45763 0.34448819,
  49.990594 -21.504499 0.34448819,49.992347 -21.508732 0.34448819,
  49.992672 -21.513303 0.34448819,50.002046 -21.53205 0.34448819,
  50.004494 -21.534173 0.34448819,50.005734 -21.537166 0.34448819,
  50.015107 -21.54654 0.34448819,50.029027 -21.552306 0.34448819,
  50.042946 -21.54654 0.34448819,50.048712 -21.53262 0.34448819,
  50.042946 -21.518701 0.34448819,50.035831 -21.511586 0.34448819,
  49.577559 -21.517323 0.34448819,49.571793 -21.503404 0.34448819,
  49.557874 -21.497638 0.34448819,49.457874 -21.497638 0.34448819,
  49.443955 -21.503404 0.34448819,49.438189 -21.517323 0.34448819,
  49.443955 -21.531242 0.34448819,49.457874 -21.537008 0.34448819,
  49.557874 -21.537008 0.34448819,49.571793 -21.531242 0.34448819,
  47.49252 -21.297638 0.34448819,47.486754 -21.283719 0.34448819,
  47.472835 -21.277953 0.34448819,47.458915 -21.283719 0.34448819,
  47.45315 -21.297638 0.34448819,47.45315 -21.497638 0.34448819,
  47.458915 -21.511557 0.34448819,47.472835 -21.517323 0.34448819,
  47.486754 -21.511557 0.34448819,47.49252 -21.497638 0.34448819,
  49.577559 -21.317323 0.34448819,49.571793 -21.303404 0.34448819,
  49.557874 -21.297638 0.34448819,49.457874 -21.297638 0.34448819,
  49.443955 -21.303404 0.34448819,49.438189 -21.317323 0.34448819,
  49.443955 -21.331242 0.34448819,49.457874 -21.337008 0.34448819,
  49.557874 -21.337008 0.34448819,49.571793 -21.331242 0.34448819,
  49.429029 -21.098949 0.34448819,49.426027 -21.095488 0.34448819,
  49.424274 -21.091254 0.34448819,49.4149 -21.081881 0.34448819,
  49.40098 -21.076115 0.34448819,49.387061 -21.081881 0.34448819,
  49.381295 -21.095801 0.34448819,49.387061 -21.10972 0.34448819,
  49.393149 -21.115807 0.34448819,49.400043 -21.136489 0.34448819,
  49.400043 -21.148849 0.34448819,49.393149 -21.16953 0.34448819,
  49.379945 -21.182734 0.34448819,49.365988 -21.189713 0.34448819,
  49.33294 -21.197975 0.34448819,49.309665 -21.197975 0.34448819,
  49.276617 -21.189713 0.34448819,49.26266 -21.182734 0.34448819,
  49.249457 -21.169531 0.34448819,49.242563 -21.148848 0.34448819,
  49.242563 -21.13649 0.34448819,49.249457 -21.115807 0.34448819,
  49.255544 -21.10972 0.34448819,49.26131 -21.0958 0.34448819,
  49.255544 -21.081881 0.34448819,49.241625 -21.076115 0.34448819,
  49.227706 -21.081881 0.34448819,49.218332 -21.091255 0.34448819,
  49.216579 -21.095487 0.34448819,49.213577 -21.098949 0.34448819,
  49.204203 -21.12707 0.34448819,49.204432 -21.130302 0.34448819,
  49.203193 -21.133296 0.34448819,49.203193 -21.152043 0.34448819,
  49.204432 -21.155037 0.34448819,49.204203 -21.158269 0.34448819,
  49.213577 -21.18639 0.34448819,49.216579 -21.189851 0.34448819,
  49.218332 -21.194084 0.34448819,49.23708 -21.212831 0.34448819,
  49.240073 -21.214071 0.34448819,49.242196 -21.216519 0.34448819,
  49.260943 -21.225893 0.34448819,49.263175 -21.226051 0.34448819,
  49.264972 -21.227383 0.34448819,49.302468 -21.236757 0.34448819,
  49.304936 -21.236389 0.34448819,49.307242 -21.237345 0.34448819,
  49.335363 -21.237345 0.34448819,49.337669 -21.236389 0.34448819,
  49.340138 -21.236757 0.34448819,49.377633 -21.227383 0.34448819,
  49.37943 -21.226051 0.34448819,49.381662 -21.225893 0.34448819,
  49.40041 -21.216519 0.34448819,49.402532 -21.214072 0.34448819,
  49.405526 -21.212832 0.34448819,49.424274 -21.194084 0.34448819,
  49.426027 -21.189851 0.34448819,49.429029 -21.186389 0.34448819,
  49.438403 -21.158268 0.34448819,49.438173 -21.155036 0.34448819,
  49.439413 -21.152043 0.34448819,49.439413 -21.133296 0.34448819,
  49.438173 -21.130302 0.34448819,49.438403 -21.127071 0.34448819,
  47.925858 -21.053009 0.34448819,47.923665 -21.058305 0.34448819,
  47.92444 -21.060177 0.34448819,47.924047 -21.062165 0.34448819,
  47.927237 -21.066929 0.34448819,47.929431 -21.072224 0.34448819,
  47.931302 -21.072999 0.34448819,47.932431 -21.074684 0.34448819,
  47.958931 -21.092351 0.34448819,47.974041 -21.10746 0.34448819,
  47.981986 -21.123351 0.34448819,47.993368 -21.133222 0.34448819,
  48.008396 -21.132154 0.34448819,48.018267 -21.120772 0.34448819,
  48.0172 -21.105744 0.34448819,48.007826 -21.086997 0.34448819,
  48.005378 -21.084874 0.34448819,48.004139 -21.08188 0.34448819,
  48.000248 -21.07799 0.34448819,48.120515 -21.07799 0.34448819,
  48.120515 -21.114548 0.34448819,48.126281 -21.128467 0.34448819,
  48.1402 -21.134233 0.34448819,48.15412 -21.128467 0.34448819,
  48.159885 -21.114548 0.34448819,48.159885 -21.002062 0.34448819,
  48.15412 -20.988143 0.34448819,48.1402 -20.982377 0.34448819,
  48.126281 -20.988143 0.34448819,48.120515 -21.002062 0.34448819,
  48.120515 -21.03862 0.34448819,47.94335 -21.03862 0.34448819,
  47.941478 -21.039395 0.34448819,47.939489 -21.039002 0.34448819,
  47.934726 -21.042192 0.34448819,47.929431 -21.044385 0.34448819,
  47.928655 -21.046257 0.34448819,47.926971 -21.047385 0.34448819,
  48.299729 -20.063852 0.34448819,48.298489 -20.066844 0.34448819,
  48.296042 -20.068967 0.34448819,48.286668 -20.087715 0.34448819,
  48.286509 -20.089946 0.34448819,48.285177 -20.091744 0.34448819,
  48.275804 -20.129239 0.34448819,48.276171 -20.131708 0.34448819,
  48.275216 -20.134014 0.34448819,48.275216 -20.162135 0.34448819,
  48.276171 -20.164441 0.34448819,48.275804 -20.166909 0.34448819,
  48.285177 -20.204405 0.34448819,48.286509 -20.206202 0.34448819,
  48.286668 -20.208434 0.34448819,48.296042 -20.227181 0.34448819,
  48.298489 -20.229304 0.34448819,48.299729 -20.232297 0.34448819,
  48.318476 -20.251045 0.34448819,48.322709 -20.252798 0.34448819,
  48.326171 -20.255801 0.34448819,48.354293 -20.265174 0.34448819,
  48.357524 -20.264944 0.34448819,48.360517 -20.266185 0.34448819,
  48.379265 -20.266185 0.34448819,48.382258 -20.264944 0.34448819,
  48.38549 -20.265174 0.34448819,48.413611 -20.255801 0.34448819,
  48.417072 -20.252799 0.34448819,48.421306 -20.251045 0.34448819,
  48.43068 -20.241671 0.34448819,48.436445 -20.227752 0.34448819,
  48.43068 -20.213832 0.34448819,48.41676 -20.208067 0.34448819,
  48.402841 -20.213833 0.34448819,48.396752 -20.219921 0.34448819,
  48.376071 -20.226815 0.34448819,48.363712 -20.226815 0.34448819,
  48.34303 -20.21992 0.34448819,48.329826 -20.206717 0.34448819,
  48.322848 -20.192759 0.34448819,48.314586 -20.159712 0.34448819,
  48.314586 -20.136437 0.34448819,48.322848 -20.103389 0.34448819,
  48.329826 -20.089431 0.34448819,48.34303 -20.076228 0.34448819,
  48.363712 -20.069334 0.34448819,48.37607 -20.069334 0.34448819,
  48.396753 -20.076228 0.34448819,48.402841 -20.082316 0.34448819,
  48.41676 -20.088082 0.34448819,48.43068 -20.082316 0.34448819,
  48.436445 -20.068397 0.34448819,48.43068 -20.054478 0.34448819,
  48.421306 -20.045104 0.34448819,48.417073 -20.04335 0.34448819,
  48.413612 -20.040348 0.34448819,48.38549 -20.030974 0.34448819,
  48.382258 -20.031204 0.34448819,48.379265 -20.029964 0.34448819,
  48.360517 -20.029964 0.34448819,48.357524 -20.031204 0.34448819,
  48.354292 -20.030974 0.34448819,48.326171 -20.040348 0.34448819,
  48.322709 -20.04335 0.34448819,48.318476 -20.045104 0.34448819,
  48.305512 -20.993307 0.34448819,48.299746 -20.979388 0.34448819,
  48.285827 -20.973622 0.34448819,48.271907 -20.979388 0.34448819,
  48.266142 -20.993307 0.34448819,48.266142 -21.093307 0.34448819,
  48.271907 -21.107226 0.34448819,48.285827 -21.112992 0.34448819,
  48.299746 -21.107226 0.34448819,48.305512 -21.093307 0.34448819,
  48.505512 -20.993307 0.34448819,48.499746 -20.979388 0.34448819,
  48.485827 -20.973622 0.34448819,48.471907 -20.979388 0.34448819,
  48.466142 -20.993307 0.34448819,48.466142 -21.093307 0.34448819,
  48.471907 -21.107226 0.34448819,48.485827 -21.112992 0.34448819,
  48.499746 -21.107226 0.34448819,48.505512 -21.093307 0.34448819,
  49.40098 -21.049869 0.34448819,49.4149 -21.044103 0.34448819,
  49.424274 -21.034729 0.34448819,49.425513 -21.031735 0.34448819,
  49.427961 -21.029613 0.34448819,49.437335 -21.010865 0.34448819,
  49.437659 -21.006295 0.34448819,49.439413 -21.002062 0.34448819,
  49.439413 -20.945819 0.34448819,49.437659 -20.941585 0.34448819,
  49.437335 -20.937015 0.34448819,49.427961 -20.918268 0.34448819,
  49.425513 -20.916145 0.34448819,49.424274 -20.913152 0.34448819,
  49.4149 -20.903778 0.34448819,49.411906 -20.902538 0.34448819,
  49.409784 -20.900091 0.34448819,49.391036 -20.890717 0.34448819,
  49.386466 -20.890392 0.34448819,49.382233 -20.888639 0.34448819,
  49.335363 -20.888639 0.34448819,49.33113 -20.890392 0.34448819,
  49.32656 -20.890717 0.34448819,49.307812 -20.900091 0.34448819,
  49.305689 -20.902538 0.34448819,49.302696 -20.903778 0.34448819,
  49.293323 -20.913152 0.34448819,49.292083 -20.916145 0.34448819,
  49.289635 -20.918268 0.34448819,49.281874 -20.933789 0.34448819,
  49.23584 -20.893509 0.34448819,49.229277 -20.891289 0.34448819,
  49.222878 -20.888639 0.34448819,49.222231 -20.888906 0.34448819,
  49.221568 -20.888682 0.34448819,49.215358 -20.891753 0.34448819,
  49.208958 -20.894404 0.34448819,49.20869 -20.89505 0.34448819,
  49.208063 -20.895361 0.34448819,49.205843 -20.901924 0.34448819,
  49.203193 -20.908324 0.34448819,49.203193 -21.030183 0.34448819,
  49.208958 -21.044103 0.34448819,49.222878 -21.049869 0.34448819,
  49.236797 -21.044103 0.34448819,49.242563 -21.030183 0.34448819,
  49.242563 -20.951705 0.34448819,49.284906 -20.988755 0.34448819,
  49.291469 -20.990974 0.34448819,49.297868 -20.993626 0.34448819,
  49.298515 -20.993357 0.34448819,49.299178 -20.993582 0.34448819,
  49.305387 -20.990511 0.34448819,49.311787 -20.98786 0.34448819,
  49.312055 -20.987213 0.34448819,49.312683 -20.986903 0.34448819,
  49.314902 -20.98034 0.34448819,49.317553 -20.973941 0.34448819,
  49.317553 -20.950466 0.34448819,49.32342 -20.938731 0.34448819,
  49.328276 -20.933876 0.34448819,49.34001 -20.928009 0.34448819,
  49.377586 -20.928009 0.34448819,49.389319 -20.933876 0.34448819,
  49.394176 -20.938731 0.34448819,49.400043 -20.950466 0.34448819,
  49.400043 -20.997415 0.34448819,49.394176 -21.009149 0.34448819,
  49.387061 -21.016264 0.34448819,49.381295 -21.030183 0.34448819,
  49.387061 -21.044103 0.34448819,46.232945 -20.875844 0.34448819,
  46.230752 -20.881139 0.34448819,46.231527 -20.883011 0.34448819,
  46.231134 -20.885 0.34448819,46.234324 -20.889763 0.34448819,
  46.236517 -20.895059 0.34448819,46.238389 -20.895834 0.34448819,
  46.239517 -20.897519 0.34448819,46.266018 -20.915185 0.34448819,
  46.281127 -20.930295 0.34448819,46.289072 -20.946185 0.34448819,
  46.300454 -20.956057 0.34448819,46.315483 -20.954989 0.34448819,
  46.325354 -20.943607 0.34448819,46.324286 -20.928579 0.34448819,
  46.314913 -20.909831 0.34448819,46.312465 -20.907708 0.34448819,
  46.311225 -20.904715 0.34448819,46.307335 -20.900824 0.34448819,
  46.427602 -20.900824 0.34448819,46.427602 -20.937382 0.34448819,
  46.433368 -20.951302 0.34448819,46.447287 -20.957067 0.34448819,
  46.461206 -20.951302 0.34448819,46.466972 -20.937382 0.34448819,
  46.466972 -20.824896 0.34448819,46.461206 -20.810977 0.34448819,
  46.447287 -20.805211 0.34448819,46.433368 -20.810977 0.34448819,
  46.427602 -20.824896 0.34448819,46.427602 -20.861454 0.34448819,
  46.250437 -20.861454 0.34448819,46.248564 -20.86223 0.34448819,
  46.246576 -20.861837 0.34448819,46.241812 -20.865026 0.34448819,
  46.236517 -20.86722 0.34448819,46.235742 -20.869092 0.34448819,
  46.234057 -20.87022 0.34448819,46.685701 -20.869545 0.34448819,
  46.683507 -20.87484 0.34448819,46.684283 -20.876712 0.34448819,
  46.68389 -20.878701 0.34448819,46.68708 -20.883464 0.34448819,
  46.689273 -20.888759 0.34448819,46.691145 -20.889535 0.34448819,
  46.692273 -20.891219 0.34448819,46.718774 -20.908886 0.34448819,
  46.733883 -20.923996 0.34448819,46.741828 -20.939886 0.34448819,
  46.75321 -20.949757 0.34448819,46.768239 -20.94869 0.34448819,
  46.77811 -20.937308 0.34448819,46.777042 -20.92228 0.34448819,
  46.767669 -20.903532 0.34448819,46.765221 -20.901409 0.34448819,
  46.763981 -20.898416 0.34448819,46.760091 -20.894525 0.34448819,
  46.880358 -20.894525 0.34448819,46.880358 -20.931083 0.34448819,
  46.886124 -20.945002 0.34448819,46.900043 -20.950768 0.34448819,
  46.913962 -20.945002 0.34448819,46.919728 -20.931083 0.34448819,
  46.919728 -20.818597 0.34448819,46.913962 -20.804678 0.34448819,
  46.900043 -20.798912 0.34448819,46.886124 -20.804678 0.34448819,
  46.880358 -20.818597 0.34448819,46.880358 -20.855155 0.34448819,
  46.703193 -20.855155 0.34448819,46.70132 -20.85593 0.34448819,
  46.699332 -20.855537 0.34448819,46.694568 -20.858727 0.34448819,
  46.689273 -20.860921 0.34448819,46.688498 -20.862793 0.34448819,
  46.686813 -20.863921 0.34448819,48.130256 -20.935305 0.34448819,
  48.132379 -20.932857 0.34448819,48.135372 -20.931617 0.34448819,
  48.144746 -20.922243 0.34448819,48.145986 -20.91925 0.34448819,
  48.148434 -20.917127 0.34448819,48.157807 -20.89838 0.34448819,
  48.158131 -20.893809 0.34448819,48.159885 -20.889576 0.34448819,
  48.159885 -20.852081 0.34448819,48.158131 -20.847847 0.34448819,
  48.157807 -20.843277 0.34448819,48.148434 -20.82453 0.34448819,
  48.145986 -20.822407 0.34448819,48.144746 -20.819413 0.34448819,
  48.135372 -20.81004 0.34448819,48.132378 -20.8088 0.34448819,
  48.130256 -20.806353 0.34448819,48.111509 -20.796979 0.34448819,
  48.106938 -20.796654 0.34448819,48.102705 -20.7949 0.34448819,
  48.06521 -20.7949 0.34448819,48.060976 -20.796654 0.34448819,
  48.056406 -20.796979 0.34448819,48.037659 -20.806353 0.34448819,
  48.035536 -20.8088 0.34448819,48.032543 -20.81004 0.34448819,
  48.027714 -20.814868 0.34448819,48.022886 -20.81004 0.34448819,
  48.019893 -20.8088 0.34448819,48.01777 -20.806353 0.34448819,
  47.999023 -20.796979 0.34448819,47.994452 -20.796654 0.34448819,
  47.990219 -20.7949 0.34448819,47.980845 -20.7949 0.34448819,
  47.976612 -20.796654 0.34448819,47.972042 -20.796979 0.34448819,
  47.953294 -20.806353 0.34448819,47.951171 -20.8088 0.34448819,
  47.948178 -20.81004 0.34448819,47.938805 -20.819414 0.34448819,
  47.937565 -20.822407 0.34448819,47.935117 -20.82453 0.34448819,
  47.925743 -20.843277 0.34448819,47.925418 -20.847847 0.34448819,
  47.923665 -20.852081 0.34448819,47.923665 -20.884929 0.34448819,
  47.923665 -20.889576 0.34448819,47.925418 -20.893809 0.34448819,
  47.925743 -20.89838 0.34448819,47.935117 -20.917127 0.34448819,
  47.937564 -20.919249 0.34448819,47.938804 -20.922243 0.34448819,
  47.948178 -20.931617 0.34448819,47.951171 -20.932857 0.34448819,
  47.953294 -20.935305 0.34448819,47.972042 -20.944678 0.34448819,
  47.976611 -20.945002 0.34448819,47.980845 -20.946756 0.34448819,
  47.990219 -20.946756 0.34448819,47.994452 -20.945003 0.34448819,
  47.999022 -20.944678 0.34448819,48.01777 -20.935305 0.34448819,
  48.019893 -20.932857 0.34448819,48.022887 -20.931617 0.34448819,
  48.027714 -20.926789 0.34448819,48.032543 -20.931617 0.34448819,
  48.035536 -20.932857 0.34448819,48.037659 -20.935305 0.34448819,
  48.056406 -20.944678 0.34448819,48.060976 -20.945002 0.34448819,
  48.06521 -20.946756 0.34448819,48.102705 -20.946756 0.34448819,
  48.106937 -20.945003 0.34448819,48.111508 -20.944678 0.34448819,
  48.120515 -20.856728 0.34448819,48.120515 -20.884929 0.34448819,
  48.114648 -20.896663 0.34448819,48.109792 -20.901519 0.34448819,
  48.098058 -20.907386 0.34448819,48.069857 -20.907386 0.34448819,
  48.058122 -20.901519 0.34448819,48.053267 -20.896663 0.34448819,
  48.0474 -20.884929 0.34448819,48.0474 -20.856728 0.34448819,
  48.053266 -20.844994 0.34448819,48.058123 -20.840137 0.34448819,
  48.069857 -20.83427 0.34448819,48.098058 -20.83427 0.34448819,
  48.109792 -20.840137 0.34448819,48.114648 -20.844993 0.34448819,
  48.00803 -20.856728 0.34448819,48.00803 -20.884929 0.34448819,
  48.002162 -20.896663 0.34448819,47.997306 -20.901519 0.34448819,
  47.985572 -20.907386 0.34448819,47.985493 -20.907386 0.34448819,
  47.973757 -20.901519 0.34448819,47.968902 -20.896663 0.34448819,
  47.963035 -20.884929 0.34448819,47.963035 -20.856728 0.34448819,
  47.968902 -20.844993 0.34448819,47.973758 -20.840137 0.34448819,
  47.985492 -20.83427 0.34448819,47.985572 -20.83427 0.34448819,
  47.997306 -20.840137 0.34448819,48.002162 -20.844993 0.34448819,
  46.361985 -20.636483 0.34448819,46.316054 -20.636483 0.34448819,
  46.302134 -20.642248 0.34448819,46.296369 -20.656168 0.34448819,
  46.302134 -20.670087 0.34448819,46.316054 -20.675853 0.34448819,
  46.361985 -20.675853 0.34448819,46.361985 -20.722594 0.34448819,
  46.247288 -20.684362 0.34448819,46.232259 -20.68543 0.34448819,
  46.222388 -20.696812 0.34448819,46.223456 -20.711841 0.34448819,
  46.234838 -20.721712 0.34448819,46.375445 -20.768581 0.34448819,
  46.378677 -20.768351 0.34448819,46.38167 -20.769591 0.34448819,
  46.385903 -20.767837 0.34448819,46.390474 -20.767513 0.34448819,
  46.392596 -20.765065 0.34448819,46.395589 -20.763825 0.34448819,
  46.397343 -20.759593 0.34448819,46.400345 -20.756131 0.34448819,
  46.400115 -20.752898 0.34448819,46.401355 -20.749906 0.34448819,
  46.401355 -20.675853 0.34448819,46.447287 -20.675853 0.34448819,
  46.461206 -20.670087 0.34448819,46.466972 -20.656168 0.34448819,
  46.461206 -20.642248 0.34448819,46.447287 -20.636483 0.34448819,
  46.401355 -20.636483 0.34448819,46.401355 -20.628046 0.34448819,
  46.395589 -20.614127 0.34448819,46.38167 -20.608361 0.34448819,
  46.367751 -20.614127 0.34448819,46.361985 -20.628046 0.34448819,
  46.890098 -20.75184 0.34448819,46.892221 -20.749392 0.34448819,
  46.895215 -20.748152 0.34448819,46.904589 -20.738779 0.34448819,
  46.905828 -20.735785 0.34448819,46.908276 -20.733662 0.34448819,
  46.91765 -20.714915 0.34448819,46.917974 -20.710345 0.34448819,
  46.919728 -20.706111 0.34448819,46.919728 -20.668616 0.34448819,
  46.917974 -20.664382 0.34448819,46.91765 -20.659813 0.34448819,
  46.908276 -20.641065 0.34448819,46.905828 -20.638942 0.34448819,
  46.904589 -20.635949 0.34448819,46.895215 -20.626575 0.34448819,
  46.892221 -20.625335 0.34448819,46.890099 -20.622888 0.34448819,
  46.871351 -20.613514 0.34448819,46.866781 -20.613189 0.34448819,
  46.862548 -20.611436 0.34448819,46.815678 -20.611436 0.34448819,
  46.811445 -20.613189 0.34448819,46.806875 -20.613514 0.34448819,
  46.788127 -20.622888 0.34448819,46.786004 -20.625335 0.34448819,
  46.783011 -20.626576 0.34448819,46.773638 -20.635949 0.34448819,
  46.772398 -20.638942 0.34448819,46.76995 -20.641065 0.34448819,
  46.760576 -20.659813 0.34448819,46.760251 -20.664383 0.34448819,
  46.758498 -20.668616 0.34448819,46.758498 -20.701464 0.34448819,
  46.758498 -20.706111 0.34448819,46.760251 -20.710344 0.34448819,
  46.760576 -20.714915 0.34448819,46.761522 -20.716807 0.34448819,
  46.758143 -20.715963 0.34448819,46.73448 -20.700187 0.34448819,
  46.728744 -20.69445 0.34448819,46.722878 -20.682717 0.34448819,
  46.722878 -20.649869 0.34448819,46.717112 -20.635949 0.34448819,
  46.703193 -20.630183 0.34448819,46.689273 -20.635949 0.34448819,
  46.683507 -20.649869 0.34448819,46.683507 -20.687364 0.34448819,
  46.685261 -20.691597 0.34448819,46.685586 -20.696167 0.34448819,
  46.69496 -20.714915 0.34448819,46.697407 -20.717037 0.34448819,
  46.698647 -20.720031 0.34448819,46.70802 -20.729405 0.34448819,
  46.709893 -20.73018 0.34448819,46.711021 -20.731865 0.34448819,
  46.739143 -20.750612 0.34448819,46.742521 -20.75128 0.34448819,
  46.745287 -20.75333 0.34448819,46.782783 -20.762704 0.34448819,
  46.785251 -20.762336 0.34448819,46.787557 -20.763292 0.34448819,
  46.862548 -20.763292 0.34448819,46.86678 -20.761538 0.34448819,
  46.871351 -20.761214 0.34448819,46.880358 -20.673263 0.34448819,
  46.880358 -20.701464 0.34448819,46.874491 -20.713198 0.34448819,
  46.869635 -20.718054 0.34448819,46.8579 -20.723922 0.34448819,
  46.820326 -20.723922 0.34448819,46.808591 -20.718054 0.34448819,
  46.803735 -20.713198 0.34448819,46.797868 -20.701464 0.34448819,
  46.797868 -20.673263 0.34448819,46.803735 -20.661529 0.34448819,
  46.808591 -20.656673 0.34448819,46.820325 -20.650806 0.34448819,
  46.857901 -20.650806 0.34448819,46.869634 -20.656673 0.34448819,
  46.874491 -20.661528 0.34448819,47.421155 -20.618634 0.34448819,
  47.418153 -20.615173 0.34448819,47.4164 -20.610939 0.34448819,
  47.407026 -20.601566 0.34448819,47.393106 -20.5958 0.34448819,
  47.379187 -20.601566 0.34448819,47.373421 -20.615486 0.34448819,
  47.379187 -20.629405 0.34448819,47.385275 -20.635493 0.34448819,
  47.392169 -20.656174 0.34448819,47.392169 -20.668534 0.34448819,
  47.385275 -20.689215 0.34448819,47.372071 -20.702419 0.34448819,
  47.358114 -20.709398 0.34448819,47.325066 -20.71766 0.34448819,
  47.301791 -20.71766 0.34448819,47.268743 -20.709398 0.34448819,
  47.254786 -20.702419 0.34448819,47.241583 -20.689216 0.34448819,
  47.234689 -20.668533 0.34448819,47.234689 -20.656175 0.34448819,
  47.241583 -20.635492 0.34448819,47.24767 -20.629405 0.34448819,
  47.253436 -20.615485 0.34448819,47.24767 -20.601566 0.34448819,
  47.233751 -20.5958 0.34448819,47.219832 -20.601566 0.34448819,
  47.210458 -20.61094 0.34448819,47.208705 -20.615172 0.34448819,
  47.205703 -20.618634 0.34448819,47.196329 -20.646756 0.34448819,
  47.196558 -20.649987 0.34448819,47.195319 -20.652981 0.34448819,
  47.195319 -20.671728 0.34448819,47.196558 -20.674722 0.34448819,
  47.196329 -20.677954 0.34448819,47.205703 -20.706075 0.34448819,
  47.208705 -20.709536 0.34448819,47.210458 -20.713769 0.34448819,
  47.229206 -20.732517 0.34448819,47.232199 -20.733756 0.34448819,
  47.234322 -20.736204 0.34448819,47.253069 -20.745578 0.34448819,
  47.255301 -20.745736 0.34448819,47.257098 -20.747069 0.34448819,
  47.294594 -20.756442 0.34448819,47.297062 -20.756074 0.34448819,
  47.299368 -20.75703 0.34448819,47.327489 -20.75703 0.34448819,
  47.329795 -20.756074 0.34448819,47.332264 -20.756442 0.34448819,
  47.369759 -20.747069 0.34448819,47.371556 -20.745736 0.34448819,
  47.373788 -20.745578 0.34448819,47.392536 -20.736204 0.34448819,
  47.394658 -20.733757 0.34448819,47.397652 -20.732517 0.34448819,
  47.4164 -20.713769 0.34448819,47.418153 -20.709536 0.34448819,
  47.421155 -20.706074 0.34448819,47.430529 -20.677953 0.34448819,
  47.430299 -20.674721 0.34448819,47.431539 -20.671728 0.34448819,
  47.431539 -20.652981 0.34448819,47.430299 -20.649987 0.34448819,
  47.430529 -20.646756 0.34448819,47.430131 -20.495689 0.34448819,
  47.419608 -20.484906 0.34448819,47.222758 -20.400542 0.34448819,
  47.218728 -20.400493 0.34448819,47.215004 -20.39895 0.34448819,
  47.211492 -20.400404 0.34448819,47.207693 -20.400358 0.34448819,
  47.204808 -20.403173 0.34448819,47.201084 -20.404716 0.34448819,
  47.19963 -20.408226 0.34448819,47.19691 -20.410881 0.34448819,
  47.196861 -20.414911 0.34448819,47.195319 -20.418635 0.34448819,
  47.195319 -20.549869 0.34448819,47.201084 -20.563788 0.34448819,
  47.215004 -20.569554 0.34448819,47.228923 -20.563788 0.34448819,
  47.234689 -20.549869 0.34448819,47.234689 -20.448488 0.34448819,
  47.4041 -20.521093 0.34448819,47.419165 -20.521276 0.34448819,
  47.429948 -20.510754 0.34448819,48.632677 -20.533071 0.34448819,
  48.626911 -20.519152 0.34448819,48.612992 -20.513386 0.34448819,
  48.512992 -20.513386 0.34448819,48.499073 -20.519152 0.34448819,
  48.493307 -20.533071 0.34448819,48.499073 -20.54699 0.34448819,
  48.512992 -20.552756 0.34448819,48.612992 -20.552756 0.34448819,
  48.626911 -20.54699 0.34448819,48.632677 -20.333071 0.34448819,
  48.626911 -20.319152 0.34448819,48.612992 -20.313386 0.34448819,
  48.512992 -20.313386 0.34448819,48.499073 -20.319152 0.34448819,
  48.493307 -20.333071 0.34448819,48.499073 -20.34699 0.34448819,
  48.512992 -20.352756 0.34448819,48.612992 -20.352756 0.34448819,
  48.626911 -20.34699 0.34448819,48.531615 -20.03873 0.34448819,
  48.513948 -20.06523 0.34448819,48.498839 -20.08034 0.34448819,
  48.482948 -20.088285 0.34448819,48.473076 -20.099667 0.34448819,
  48.474144 -20.114695 0.34448819,48.485526 -20.124567 0.34448819,
  48.500554 -20.123499 0.34448819,48.519302 -20.114126 0.34448819,
  48.521425 -20.111678 0.34448819,48.524418 -20.110438 0.34448819,
  48.528309 -20.106547 0.34448819,48.528309 -20.226815 0.34448819,
  48.491751 -20.226815 0.34448819,48.477832 -20.23258 0.34448819,
  48.472066 -20.2465 0.34448819,48.477832 -20.260419 0.34448819,
  48.491751 -20.266185 0.34448819,48.547994 -20.266185 0.34448819,
  48.604237 -20.266185 0.34448819,48.618156 -20.260419 0.34448819,
  48.623922 -20.2465 0.34448819,48.618156 -20.23258 0.34448819,
  48.604237 -20.226815 0.34448819,48.567679 -20.226815 0.34448819,
  48.567679 -20.049649 0.34448819,48.566904 -20.047777 0.34448819,
  48.567297 -20.045789 0.34448819,48.564107 -20.041025 0.34448819,
  48.561913 -20.03573 0.34448819,48.560041 -20.034954 0.34448819,
  48.558913 -20.03327 0.34448819,48.553289 -20.032157 0.34448819,
  48.547994 -20.029964 0.34448819,48.546122 -20.030739 0.34448819,
  48.544133 -20.030346 0.34448819,48.53937 -20.033536 0.34448819,
  48.534075 -20.03573 0.34448819,48.533299 -20.037602 0.34448819,
  48.777511 -20.241671 0.34448819,48.778287 -20.239799 0.34448819,
  48.779971 -20.238671 0.34448819,48.798719 -20.21055 0.34448819,
  48.799387 -20.207171 0.34448819,48.801437 -20.204405 0.34448819,
  48.810811 -20.166909 0.34448819,48.810443 -20.164441 0.34448819,
  48.811398 -20.162135 0.34448819,48.811398 -20.087144 0.34448819,
  48.809645 -20.082911 0.34448819,48.80932 -20.078341 0.34448819,
  48.799946 -20.059593 0.34448819,48.797498 -20.05747 0.34448819,
  48.796259 -20.054478 0.34448819,48.786885 -20.045104 0.34448819,
  48.783892 -20.043864 0.34448819,48.781769 -20.041417 0.34448819,
  48.763022 -20.032043 0.34448819,48.758451 -20.031717 0.34448819,
  48.754218 -20.029964 0.34448819,48.716723 -20.029964 0.34448819,
  48.712489 -20.031717 0.34448819,48.707919 -20.032043 0.34448819,
  48.689172 -20.041417 0.34448819,48.687049 -20.043864 0.34448819,
  48.684056 -20.045104 0.34448819,48.674682 -20.054477 0.34448819,
  48.673442 -20.05747 0.34448819,48.670994 -20.059594 0.34448819,
  48.66162 -20.078341 0.34448819,48.661296 -20.082912 0.34448819,
  48.659543 -20.087144 0.34448819,48.659543 -20.129367 0.34448819,
  48.659543 -20.134014 0.34448819,48.661296 -20.138246 0.34448819,
  48.66162 -20.142817 0.34448819,48.670994 -20.161565 0.34448819,
  48.673442 -20.163687 0.34448819,48.674682 -20.166681 0.34448819,
  48.684056 -20.176055 0.34448819,48.687049 -20.177294 0.34448819,
  48.689172 -20.179742 0.34448819,48.707919 -20.189116 0.34448819,
  48.712489 -20.189441 0.34448819,48.716723 -20.191194 0.34448819,
  48.754218 -20.191194 0.34448819,48.758451 -20.189441 0.34448819,
  48.763022 -20.189116 0.34448819,48.764913 -20.18817 0.34448819,
  48.764069 -20.191548 0.34448819,48.748293 -20.215211 0.34448819,
  48.742557 -20.220948 0.34448819,48.730823 -20.226815 0.34448819,
  48.697975 -20.226815 0.34448819,48.684056 -20.23258 0.34448819,
  48.67829 -20.2465 0.34448819,48.684056 -20.260419 0.34448819,
  48.697975 -20.266185 0.34448819,48.73547 -20.266185 0.34448819,
  48.739703 -20.264431 0.34448819,48.744274 -20.264107 0.34448819,
  48.763021 -20.254733 0.34448819,48.765144 -20.252285 0.34448819,
  48.768138 -20.251045 0.34448819,48.772028 -20.091791 0.34448819,
  48.772028 -20.129367 0.34448819,48.766161 -20.141101 0.34448819,
  48.761305 -20.145957 0.34448819,48.749571 -20.151824 0.34448819,
  48.72137 -20.151824 0.34448819,48.709636 -20.145957 0.34448819,
  48.704779 -20.1411 0.34448819,48.698913 -20.129367 0.34448819,
  48.698913 -20.091791 0.34448819,48.704779 -20.080058 0.34448819,
  48.709636 -20.075201 0.34448819,48.72137 -20.069334 0.34448819,
  48.749571 -20.069334 0.34448819,48.761305 -20.075201 0.34448819,
  48.766161 -20.080057 0.34448819,51.279528 -30.216535 0.34448819,
  51.293462 -30.214532 0.34448819,51.307542 -30.214532 0.34448819,
  51.321052 -30.210565 0.34448819,51.334987 -30.208561 0.34448819,
  51.347792 -30.202713 0.34448819,51.361302 -30.198746 0.34448819,
  51.373147 -30.191134 0.34448819,51.385953 -30.185286 0.34448819,
  51.396593 -30.176067 0.34448819,51.408437 -30.168455 0.34448819,
  51.417657 -30.157814 0.34448819,51.428297 -30.148594 0.34448819,
  51.435909 -30.13675 0.34448819,51.445129 -30.12611 0.34448819,
  51.450977 -30.113304 0.34448819,51.458589 -30.10146 0.34448819,
  51.462556 -30.087949 0.34448819,51.468404 -30.075144 0.34448819,
  51.470407 -30.06121 0.34448819,51.474374 -30.0477 0.34448819,
  51.474374 -30.033619 0.34448819,51.476378 -30.019685 0.34448819,
  51.476378 -19.685039 0.34448819,51.474374 -19.671105 0.34448819,
  51.474374 -19.657025 0.34448819,51.470407 -19.643514 0.34448819,
  51.468404 -19.62958 0.34448819,51.462556 -19.616775 0.34448819,
  51.458589 -19.603265 0.34448819,51.450977 -19.59142 0.34448819,
  51.445129 -19.578614 0.34448819,51.435909 -19.567974 0.34448819,
  51.428297 -19.55613 0.34448819,51.417657 -19.54691 0.34448819,
  51.408437 -19.53627 0.34448819,51.396593 -19.528657 0.34448819,
  51.385953 -19.519438 0.34448819,51.373147 -19.51359 0.34448819,
  51.361302 -19.505978 0.34448819,51.347792 -19.502011 0.34448819,
  51.334987 -19.496163 0.34448819,51.321052 -19.494159 0.34448819,
  51.307542 -19.490193 0.34448819,51.293462 -19.490193 0.34448819,
  51.279528 -19.488189 0.34448819,43.996063 -19.488189 0.34448819,
  43.982128 -19.490193 0.34448819,43.968048 -19.490193 0.34448819,
  43.954538 -19.494159 0.34448819,43.940604 -19.496163 0.34448819,
  43.927798 -19.502011 0.34448819,43.914288 -19.505978 0.34448819,
  43.902443 -19.51359 0.34448819,43.889638 -19.519438 0.34448819,
  43.878998 -19.528657 0.34448819,43.867154 -19.53627 0.34448819,
  43.857933 -19.54691 0.34448819,43.847293 -19.55613 0.34448819,
  43.839681 -19.567974 0.34448819,43.830462 -19.578614 0.34448819,
  43.824613 -19.59142 0.34448819,43.817002 -19.603265 0.34448819,
  43.813034 -19.616775 0.34448819,43.807187 -19.62958 0.34448819,
  43.805183 -19.643514 0.34448819,43.801216 -19.657025 0.34448819,
  43.801216 -19.671105 0.34448819,43.799213 -19.685039 0.34448819,
  43.799213 -19.88189 0.34448819,43.799213 -30.019685 0.34448819,
  43.801216 -30.033619 0.34448819,43.801216 -30.0477 0.34448819,
  43.805183 -30.06121 0.34448819,43.807187 -30.075144 0.34448819,
  43.813034 -30.087949 0.34448819,43.817002 -30.10146 0.34448819,
  43.824613 -30.113304 0.34448819,43.830462 -30.12611 0.34448819,
  43.839681 -30.13675 0.34448819,43.847293 -30.148594 0.34448819,
  43.857933 -30.157814 0.34448819,43.867154 -30.168455 0.34448819,
  43.878998 -30.176067 0.34448819,43.889638 -30.185286 0.34448819,
  43.902443 -30.191134 0.34448819,43.914288 -30.198746 0.34448819,
  43.927798 -30.202713 0.34448819,43.940604 -30.208561 0.34448819,
  43.954538 -30.210565 0.34448819,43.968048 -30.214532 0.34448819,
  43.982128 -30.214532 0.34448819,43.996063 -30.216535 0.34448819,
  51.082677 -19.88189 0.34448819,51.082677 -29.822835 0.34448819,
  44.192913 -29.822835 0.34448819,44.192913 -19.88189 0.34448819,
  43.700787 -27.611417 0.34448819,43.723929 -27.603898 0.34448819,
  43.738231 -27.584213 0.34448819,43.738231 -27.564985 0.34448819,
  43.740157 -27.559055 0.34448819,43.740157 -19.685039 0.34448819,
  43.738231 -19.679109 0.34448819,43.738231 -19.672873 0.34448819,
  43.734565 -19.667828 0.34448819,43.732639 -19.661898 0.34448819,
  43.727594 -19.658233 0.34448819,43.723929 -19.653188 0.34448819,
  43.717998 -19.651261 0.34448819,43.712954 -19.647596 0.34448819,
  43.706718 -19.647596 0.34448819,43.700787 -19.645669 0.34448819,
  43.307087 -19.645669 0.34448819,42.913386 -19.645669 0.34448819,
  42.907456 -19.647596 0.34448819,42.90122 -19.647596 0.34448819,
  42.896175 -19.651261 0.34448819,42.890244 -19.653188 0.34448819,
  42.886579 -19.658233 0.34448819,42.881535 -19.661898 0.34448819,
  42.879607 -19.667828 0.34448819,42.875943 -19.672873 0.34448819,
  42.875943 -19.679109 0.34448819,42.874016 -19.685039 0.34448819,
  42.874016 -19.724409 0.34448819,42.874016 -27.559055 0.34448819,
  42.875943 -27.564985 0.34448819,42.875943 -27.584213 0.34448819,
  42.890244 -27.603898 0.34448819,42.913386 -27.611417 0.34448819,
  43.307087 -27.611417 0.34448819,43.661417 -19.724409 0.34448819,
  43.661417 -27.532677 0.34448819,43.307087 -27.532677 0.34448819,
  42.952756 -27.532677 0.34448819,42.952756 -19.724409 0.34448819,
  43.307087 -19.724409 0.34448819,52.362205 -27.611417 0.34448819,
  52.385346 -27.603898 0.34448819,52.399648 -27.584213 0.34448819,
  52.399648 -27.564985 0.34448819,52.401575 -27.559055 0.34448819,
  52.401575 -19.685039 0.34448819,52.399648 -19.679109 0.34448819,
  52.399648 -19.672873 0.34448819,52.395983 -19.667828 0.34448819,
  52.394056 -19.661898 0.34448819,52.389011 -19.658233 0.34448819,
  52.385346 -19.653188 0.34448819,52.379415 -19.651261 0.34448819,
  52.374371 -19.647596 0.34448819,52.368135 -19.647596 0.34448819,
  52.362205 -19.645669 0.34448819,51.968504 -19.645669 0.34448819,
  51.574803 -19.645669 0.34448819,51.568873 -19.647596 0.34448819,
  51.562637 -19.647596 0.34448819,51.557592 -19.651261 0.34448819,
  51.551662 -19.653188 0.34448819,51.547996 -19.658233 0.34448819,
  51.542952 -19.661898 0.34448819,51.541025 -19.667828 0.34448819,
  51.53736 -19.672873 0.34448819,51.537359 -19.679109 0.34448819,
  51.535433 -19.685039 0.34448819,51.535433 -19.724409 0.34448819,
  51.535433 -27.559055 0.34448819,51.537359 -27.564985 0.34448819,
  51.53736 -27.584213 0.34448819,51.551662 -27.603898 0.34448819,
  51.574803 -27.611417 0.34448819,51.968504 -27.611417 0.34448819,
  52.322835 -19.724409 0.34448819,52.322835 -27.532677 0.34448819,
  51.968504 -27.532677 0.34448819,51.614173 -27.532677 0.34448819,
  51.614173 -19.724409 0.34448819,51.968504 -19.724409 0.34448819,
  43.605389 -19.250297 0.34448819,43.59147 -19.244531 0.34448819,
  43.57755 -19.250297 0.34448819,43.571785 -19.264216 0.34448819,
  43.571785 -19.401629 0.34448819,43.564891 -19.422311 0.34448819,
  43.552714 -19.434487 0.34448819,43.532033 -19.441381 0.34448819,
  43.516479 -19.441381 0.34448819,43.50256 -19.447147 0.34448819,
  43.496794 -19.461067 0.34448819,43.50256 -19.474986 0.34448819,
  43.516479 -19.480752 0.34448819,43.535227 -19.480752 0.34448819,
  43.53822 -19.479511 0.34448819,43.541452 -19.479741 0.34448819,
  43.569573 -19.470368 0.34448819,43.573034 -19.467366 0.34448819,
  43.577268 -19.465612 0.34448819,43.596016 -19.446864 0.34448819,
  43.597769 -19.442631 0.34448819,43.600771 -19.43917 0.34448819,
  43.610144 -19.411048 0.34448819,43.609915 -19.407817 0.34448819,
  43.611155 -19.404824 0.34448819,43.611155 -19.264216 0.34448819,
  43.778376 -19.255983 0.34448819,43.759628 -19.246609 0.34448819,
  43.755058 -19.246284 0.34448819,43.750825 -19.244531 0.34448819,
  43.703956 -19.244531 0.34448819,43.699722 -19.246284 0.34448819,
  43.695152 -19.246609 0.34448819,43.676404 -19.255983 0.34448819,
  43.674281 -19.258431 0.34448819,43.671289 -19.259671 0.34448819,
  43.661915 -19.269044 0.34448819,43.656149 -19.282964 0.34448819,
  43.661915 -19.296883 0.34448819,43.675834 -19.302649 0.34448819,
  43.689754 -19.296883 0.34448819,43.696868 -19.289768 0.34448819,
  43.708602 -19.283901 0.34448819,43.746178 -19.283901 0.34448819,
  43.757912 -19.289768 0.34448819,43.762768 -19.294624 0.34448819,
  43.768635 -19.306358 0.34448819,43.768635 -19.317264 0.34448819,
  43.761741 -19.337947 0.34448819,43.652541 -19.447147 0.34448819,
  43.652541 -19.447147 0.34448819,43.646775 -19.461067 0.34448819,
  43.652541 -19.474986 0.34448819,43.66646 -19.480752 0.34448819,
  43.78832 -19.480752 0.34448819,43.802239 -19.474986 0.34448819,
  43.808005 -19.461067 0.34448819,43.802239 -19.447147 0.34448819,
  43.78832 -19.441381 0.34448819,43.713984 -19.441381 0.34448819,
  43.792866 -19.3625 0.34448819,43.794619 -19.358267 0.34448819,
  43.797621 -19.354806 0.34448819,43.806995 -19.326684 0.34448819,
  43.806765 -19.323452 0.34448819,43.808005 -19.320459 0.34448819,
  43.808005 -19.301711 0.34448819,43.806252 -19.297478 0.34448819,
  43.805927 -19.292908 0.34448819,43.796553 -19.27416 0.34448819,
  43.794105 -19.272037 0.34448819,43.792865 -19.269044 0.34448819,
  43.783492 -19.259671 0.34448819,43.780498 -19.258431 0.34448819,
  52.266806 -19.250297 0.34448819,52.252887 -19.244531 0.34448819,
  52.238968 -19.250297 0.34448819,52.233202 -19.264216 0.34448819,
  52.233202 -19.401629 0.34448819,52.226308 -19.422311 0.34448819,
  52.214131 -19.434487 0.34448819,52.19345 -19.441381 0.34448819,
  52.177896 -19.441381 0.34448819,52.163977 -19.447147 0.34448819,
  52.158211 -19.461067 0.34448819,52.163977 -19.474986 0.34448819,
  52.177896 -19.480752 0.34448819,52.196644 -19.480752 0.34448819,
  52.199637 -19.479511 0.34448819,52.202869 -19.479741 0.34448819,
  52.230991 -19.470368 0.34448819,52.234452 -19.467366 0.34448819,
  52.238685 -19.465612 0.34448819,52.257433 -19.446864 0.34448819,
  52.259186 -19.442631 0.34448819,52.262188 -19.43917 0.34448819,
  52.271562 -19.411048 0.34448819,52.271332 -19.407817 0.34448819,
  52.272572 -19.404824 0.34448819,52.272572 -19.264216 0.34448819,
  52.393494 -19.480752 0.34448819,52.449737 -19.480752 0.34448819,
  52.463657 -19.474986 0.34448819,52.469422 -19.461067 0.34448819,
  52.463657 -19.447147 0.34448819,52.449737 -19.441381 0.34448819,
  52.41318 -19.441381 0.34448819,52.413179 -19.342313 0.34448819,
  52.355056 -19.284189 0.34448819,52.344339 -19.294907 0.34448819,
  52.328448 -19.302852 0.34448819,52.318577 -19.314234 0.34448819,
  52.319644 -19.329262 0.34448819,52.331026 -19.339134 0.34448819,
  52.346055 -19.338066 0.34448819,52.364802 -19.328693 0.34448819,
  52.366925 -19.326244 0.34448819,52.369919 -19.325005 0.34448819,
  52.373809 -19.321114 0.34448819,52.373809 -19.441381 0.34448819,
  52.337252 -19.441381 0.34448819,52.323332 -19.447147 0.34448819,
  52.317567 -19.461067 0.34448819,52.323332 -19.474986 0.34448819,
  52.337252 -19.480752 0.34448819] }
 coordIndex [
  51,52,53,-1,51,53,54,-1,51,54,55,-1,51,55,50,-1,56,57,48,-1,56,48,49,-1,56,49,50,-1,56,50,55,-1,
  46,47,59,-1,59,47,48,-1,59,48,58,-1,58,48,57,-1,46,59,60,-1,46,60,61,-1,46,61,62,-1,46,62,45,-1,
  45,62,44,-1,44,62,63,-1,44,63,43,-1,43,63,64,-1,43,64,65,-1,43,65,42,-1,42,65,0,-1,42,0,41,-1,
  41,0,18,-1,41,18,40,-1,40,18,19,-1,40,19,20,-1,32,33,28,-1,32,28,29,-1,32,29,30,-1,32,30,31,-1,
  27,28,33,-1,27,33,34,-1,27,34,35,-1,27,35,26,-1,35,36,24,-1,35,24,25,-1,35,25,26,-1,37,38,21,-1,
  37,21,22,-1,37,22,23,-1,37,23,24,-1,37,24,36,-1,39,40,20,-1,39,20,21,-1,39,21,38,-1,18,0,17,-1,
  17,0,1,-1,17,1,16,-1,16,1,2,-1,16,2,15,-1,15,2,3,-1,15,3,14,-1,14,3,4,-1,14,4,13,-1,
  13,4,5,-1,13,5,12,-1,12,5,7,-1,12,7,10,-1,10,7,8,-1,10,8,9,-1,115,129,133,-1,133,129,130,-1,
  133,130,132,-1,132,130,66,-1,132,66,131,-1,131,66,83,-1,131,83,146,-1,146,83,84,-1,146,84,145,-1,145,84,85,-1,
  145,85,86,-1,112,113,134,-1,134,113,114,-1,134,114,133,-1,133,114,115,-1,110,111,136,-1,136,111,112,-1,136,112,135,-1,
  135,112,134,-1,137,138,109,-1,137,109,110,-1,137,110,136,-1,139,140,90,-1,139,90,108,-1,139,108,109,-1,139,109,138,-1,
  98,101,97,-1,97,101,102,-1,97,102,96,-1,96,102,103,-1,96,103,95,-1,95,103,104,-1,95,104,94,-1,94,104,105,-1,
  94,105,93,-1,93,105,106,-1,93,106,92,-1,92,106,107,-1,92,107,91,-1,91,107,108,-1,91,108,90,-1,99,100,101,-1,
  99,101,98,-1,125,126,118,-1,118,126,127,-1,118,127,117,-1,117,127,128,-1,117,128,116,-1,116,128,129,-1,116,129,115,-1,
  122,123,121,-1,121,123,124,-1,121,124,120,-1,120,124,125,-1,120,125,119,-1,119,125,118,-1,185,186,187,-1,185,187,188,-1,
  185,188,189,-1,185,189,183,-1,185,183,184,-1,73,74,75,-1,73,75,76,-1,73,76,77,-1,73,77,71,-1,73,71,72,-1,
  78,79,69,-1,78,69,70,-1,78,70,71,-1,78,71,77,-1,69,79,80,-1,69,80,81,-1,69,81,82,-1,69,82,83,-1,
  69,83,68,-1,83,66,67,-1,83,67,68,-1,86,87,143,-1,86,143,144,-1,86,144,145,-1,140,141,89,-1,89,141,142,-1,
  89,142,88,-1,88,142,143,-1,88,143,87,-1,192,181,191,-1,191,181,182,-1,191,182,190,-1,190,182,183,-1,190,183,189,-1,
  181,192,193,-1,181,193,194,-1,181,194,147,-1,181,147,167,-1,181,167,168,-1,181,168,169,-1,181,169,180,-1,177,178,176,-1,
  176,178,179,-1,176,179,175,-1,175,179,180,-1,175,180,174,-1,174,180,169,-1,174,169,170,-1,171,172,173,-1,171,173,174,-1,
  167,147,166,-1,166,147,148,-1,166,148,165,-1,165,148,149,-1,165,149,150,-1,150,151,163,-1,150,163,164,-1,150,164,165,-1,
  155,160,154,-1,154,160,161,-1,154,161,153,-1,153,161,162,-1,153,162,152,-1,152,162,163,-1,152,163,151,-1,158,159,157,-1,
  157,159,160,-1,157,160,156,-1,156,160,155,-1,206,207,226,-1,226,207,208,-1,226,208,225,-1,225,208,209,-1,225,209,224,-1,
  224,209,210,-1,224,210,223,-1,223,210,211,-1,223,211,222,-1,222,211,212,-1,222,212,221,-1,221,212,213,-1,221,213,220,-1,
  220,213,215,-1,220,215,218,-1,218,215,216,-1,218,216,217,-1,200,201,199,-1,199,201,202,-1,199,202,198,-1,198,202,203,-1,
  198,203,197,-1,197,203,204,-1,197,204,196,-1,196,204,195,-1,226,227,206,-1,206,227,228,-1,206,228,205,-1,205,228,266,-1,
  205,266,267,-1,230,283,229,-1,229,283,284,-1,229,284,228,-1,228,284,285,-1,228,285,266,-1,231,232,281,-1,231,281,282,-1,
  231,282,283,-1,231,283,230,-1,278,279,234,-1,234,279,280,-1,234,280,233,-1,233,280,281,-1,233,281,232,-1,278,234,277,-1,
  277,234,235,-1,277,235,259,-1,259,235,236,-1,259,236,258,-1,258,236,237,-1,258,237,257,-1,257,237,238,-1,257,238,256,-1,
  256,238,239,-1,256,239,255,-1,255,239,240,-1,255,240,254,-1,254,240,241,-1,254,241,253,-1,253,241,242,-1,253,242,252,-1,
  252,242,243,-1,252,243,251,-1,251,243,245,-1,251,245,249,-1,249,245,246,-1,249,246,247,-1,274,275,260,-1,260,275,276,-1,
  260,276,259,-1,259,276,277,-1,263,264,270,-1,270,264,265,-1,270,265,269,-1,269,265,205,-1,269,205,268,-1,268,205,267,-1,
  261,262,272,-1,272,262,263,-1,272,263,271,-1,271,263,270,-1,273,274,260,-1,273,260,261,-1,273,261,272,-1,286,287,296,-1,
  286,296,297,-1,286,297,298,-1,286,298,326,-1,286,326,327,-1,309,310,315,-1,315,310,311,-1,315,311,314,-1,314,311,312,-1,
  314,312,313,-1,306,307,316,-1,316,307,308,-1,316,308,315,-1,315,308,309,-1,305,306,316,-1,305,316,317,-1,305,317,318,-1,
  305,318,319,-1,305,319,320,-1,305,320,304,-1,321,322,302,-1,321,302,303,-1,321,303,304,-1,321,304,320,-1,323,324,300,-1,
  323,300,301,-1,323,301,302,-1,323,302,322,-1,299,300,324,-1,299,324,325,-1,299,325,326,-1,299,326,298,-1,287,288,293,-1,
  287,293,294,-1,287,294,295,-1,287,295,296,-1,288,289,291,-1,288,291,292,-1,288,292,293,-1,353,354,367,-1,367,354,355,-1,
  367,355,366,-1,366,355,356,-1,366,356,365,-1,365,356,357,-1,365,357,364,-1,364,357,359,-1,364,359,362,-1,362,359,360,-1,
  362,360,361,-1,352,353,348,-1,352,348,349,-1,352,349,350,-1,352,350,351,-1,345,346,370,-1,370,346,347,-1,370,347,369,-1,
  369,347,348,-1,369,348,353,-1,353,367,368,-1,353,368,369,-1,379,380,340,-1,340,380,381,-1,340,381,339,-1,339,381,382,-1,
  339,382,338,-1,338,382,337,-1,341,342,376,-1,341,376,377,-1,341,377,378,-1,341,378,379,-1,341,379,340,-1,343,344,373,-1,
  343,373,374,-1,343,374,375,-1,343,375,376,-1,343,376,342,-1,344,345,371,-1,344,371,372,-1,344,372,373,-1,431,432,433,-1,
  431,433,434,-1,431,434,435,-1,431,435,429,-1,431,429,430,-1,328,329,387,-1,328,387,388,-1,328,388,389,-1,328,389,392,-1,
  328,392,393,-1,392,389,390,-1,392,390,391,-1,383,384,331,-1,331,384,385,-1,331,385,330,-1,330,385,386,-1,330,386,329,-1,
  329,386,387,-1,332,333,335,-1,332,335,336,-1,332,336,337,-1,332,337,382,-1,332,382,383,-1,332,383,331,-1,438,427,437,-1,
  437,427,428,-1,437,428,436,-1,436,428,429,-1,436,429,435,-1,427,438,439,-1,427,439,440,-1,427,440,394,-1,427,394,414,-1,
  427,414,415,-1,427,415,416,-1,427,416,426,-1,423,424,422,-1,422,424,425,-1,422,425,421,-1,421,425,426,-1,421,426,420,-1,
  420,426,416,-1,420,416,417,-1,417,418,419,-1,417,419,420,-1,414,394,413,-1,413,394,395,-1,413,395,412,-1,412,395,396,-1,
  412,396,397,-1,397,398,410,-1,397,410,411,-1,397,411,412,-1,402,407,401,-1,401,407,408,-1,401,408,400,-1,400,408,409,-1,
  400,409,399,-1,399,409,410,-1,399,410,398,-1,405,406,404,-1,404,406,407,-1,404,407,403,-1,403,407,402,-1,450,451,449,-1,
  449,451,452,-1,449,452,448,-1,448,452,453,-1,448,453,447,-1,447,453,454,-1,447,454,446,-1,446,454,455,-1,446,455,445,-1,
  445,455,456,-1,445,456,444,-1,444,456,457,-1,444,457,443,-1,443,457,458,-1,443,458,442,-1,442,458,441,-1,463,464,462,-1,
  462,464,465,-1,462,465,461,-1,461,465,466,-1,461,466,460,-1,460,466,467,-1,460,467,459,-1,459,467,487,-1,459,487,488,-1,
  504,505,468,-1,468,505,506,-1,468,506,467,-1,467,506,487,-1,501,502,470,-1,470,502,503,-1,470,503,469,-1,469,503,504,-1,
  469,504,468,-1,471,472,499,-1,471,499,500,-1,471,500,501,-1,471,501,470,-1,481,482,473,-1,473,482,497,-1,473,497,472,-1,
  472,497,498,-1,472,498,499,-1,486,459,488,-1,486,488,489,-1,486,489,490,-1,486,490,485,-1,490,491,485,-1,485,491,492,-1,
  485,492,484,-1,484,492,493,-1,484,493,483,-1,483,493,494,-1,483,494,495,-1,482,483,495,-1,482,495,496,-1,482,496,497,-1,
  477,478,476,-1,476,478,479,-1,476,479,475,-1,475,479,480,-1,475,480,474,-1,474,480,481,-1,474,481,473,-1,581,582,580,-1,
  580,582,583,-1,580,583,579,-1,579,583,584,-1,579,584,578,-1,578,584,529,-1,578,529,575,-1,575,529,530,-1,575,530,532,-1,
  532,530,531,-1,2173,2174,2187,-1,2187,2174,2175,-1,2187,2175,2186,-1,2186,2175,2176,-1,2186,2176,2185,-1,2185,2176,2177,-1,2185,2177,2184,-1,
  2184,2177,2179,-1,2184,2179,2182,-1,2182,2179,2180,-1,2182,2180,2181,-1,2172,2173,2168,-1,2172,2168,2169,-1,2172,2169,2170,-1,2172,2170,2171,-1,
  2165,2166,2190,-1,2190,2166,2167,-1,2190,2167,2189,-1,2189,2167,2168,-1,2189,2168,2173,-1,2173,2187,2188,-1,2173,2188,2189,-1,2199,2200,2160,-1,
  2160,2200,2201,-1,2160,2201,2159,-1,2159,2201,2202,-1,2159,2202,2158,-1,2158,2202,2157,-1,2161,2162,2196,-1,2161,2196,2197,-1,2161,2197,2198,-1,
  2161,2198,2199,-1,2161,2199,2160,-1,2163,2164,2193,-1,2163,2193,2194,-1,2163,2194,2195,-1,2163,2195,2196,-1,2163,2196,2162,-1,2164,2165,2191,-1,
  2164,2191,2192,-1,2164,2192,2193,-1,555,556,545,-1,545,556,558,-1,545,558,564,-1,564,558,559,-1,564,559,563,-1,563,559,560,-1,
  563,560,562,-1,562,560,561,-1,549,550,548,-1,548,550,551,-1,548,551,547,-1,547,551,552,-1,547,552,546,-1,546,552,553,-1,
  546,553,545,-1,545,553,554,-1,545,554,555,-1,542,543,566,-1,566,543,544,-1,566,544,564,-1,564,544,545,-1,536,573,535,-1,
  535,573,574,-1,535,574,534,-1,534,574,532,-1,534,532,533,-1,539,571,538,-1,538,571,572,-1,538,572,537,-1,537,572,573,-1,
  537,573,536,-1,566,568,542,-1,542,568,569,-1,542,569,541,-1,541,569,570,-1,541,570,540,-1,540,570,571,-1,540,571,539,-1,
  576,507,528,-1,528,507,508,-1,528,508,527,-1,527,508,509,-1,527,509,526,-1,526,509,510,-1,526,510,525,-1,525,510,511,-1,
  525,511,524,-1,524,511,512,-1,524,512,523,-1,523,512,513,-1,523,513,522,-1,522,513,514,-1,522,514,521,-1,521,514,515,-1,
  521,515,520,-1,520,515,516,-1,520,516,519,-1,519,516,517,-1,519,517,518,-1,528,529,584,-1,528,584,576,-1,507,576,577,-1,
  507,577,578,-1,507,578,575,-1,590,591,589,-1,589,591,592,-1,589,592,588,-1,588,592,593,-1,588,593,587,-1,587,593,594,-1,
  587,594,586,-1,586,594,585,-1,600,601,599,-1,599,601,602,-1,599,602,598,-1,598,602,603,-1,598,603,597,-1,597,603,604,-1,
  597,604,596,-1,596,604,595,-1,605,606,615,-1,605,615,616,-1,605,616,617,-1,605,617,645,-1,605,645,646,-1,628,629,634,-1,
  634,629,630,-1,634,630,633,-1,633,630,631,-1,633,631,632,-1,625,626,635,-1,635,626,627,-1,635,627,634,-1,634,627,628,-1,
  624,625,635,-1,624,635,636,-1,624,636,637,-1,624,637,638,-1,624,638,639,-1,624,639,623,-1,640,641,621,-1,640,621,622,-1,
  640,622,623,-1,640,623,639,-1,642,643,619,-1,642,619,620,-1,642,620,621,-1,642,621,641,-1,618,619,643,-1,618,643,644,-1,
  618,644,645,-1,618,645,617,-1,606,607,612,-1,606,612,613,-1,606,613,614,-1,606,614,615,-1,607,608,610,-1,607,610,611,-1,
  607,611,612,-1,652,653,651,-1,651,653,654,-1,651,654,650,-1,650,654,655,-1,650,655,649,-1,649,655,656,-1,649,656,648,-1,
  648,656,647,-1,708,709,710,-1,708,710,711,-1,708,711,712,-1,708,712,707,-1,713,714,705,-1,713,705,706,-1,713,706,707,-1,
  713,707,712,-1,703,704,716,-1,716,704,705,-1,716,705,715,-1,715,705,714,-1,703,716,717,-1,703,717,718,-1,703,718,719,-1,
  703,719,702,-1,702,719,701,-1,701,719,720,-1,701,720,700,-1,700,720,721,-1,700,721,722,-1,700,722,699,-1,699,722,657,-1,
  699,657,698,-1,698,657,675,-1,698,675,697,-1,697,675,676,-1,697,676,677,-1,689,690,685,-1,689,685,686,-1,689,686,687,-1,
  689,687,688,-1,684,685,690,-1,684,690,691,-1,684,691,692,-1,684,692,683,-1,692,693,681,-1,692,681,682,-1,692,682,683,-1,
  694,695,678,-1,694,678,679,-1,694,679,680,-1,694,680,681,-1,694,681,693,-1,696,697,677,-1,696,677,678,-1,696,678,695,-1,
  675,657,674,-1,674,657,658,-1,674,658,673,-1,673,658,659,-1,673,659,672,-1,672,659,660,-1,672,660,671,-1,671,660,661,-1,
  671,661,670,-1,670,661,662,-1,670,662,669,-1,669,662,664,-1,669,664,667,-1,667,664,665,-1,667,665,666,-1,751,752,747,-1,
  751,747,749,-1,751,749,750,-1,762,763,821,-1,762,821,822,-1,762,822,823,-1,762,823,826,-1,762,826,827,-1,826,823,824,-1,
  826,824,825,-1,848,849,847,-1,847,849,851,-1,847,851,846,-1,846,851,852,-1,846,852,845,-1,845,852,853,-1,845,853,854,-1,
  834,835,829,-1,834,829,830,-1,834,830,832,-1,834,832,833,-1,829,835,836,-1,829,836,837,-1,829,837,838,-1,829,838,839,-1,
  829,839,828,-1,842,843,841,-1,841,843,844,-1,841,844,840,-1,840,844,845,-1,840,845,839,-1,839,845,857,-1,839,857,828,-1,
  828,857,858,-1,828,858,859,-1,884,885,894,-1,894,885,886,-1,894,886,893,-1,893,886,887,-1,893,887,892,-1,892,887,888,-1,
  892,888,891,-1,891,888,889,-1,891,889,890,-1,895,896,883,-1,895,883,884,-1,895,884,894,-1,860,881,898,-1,898,881,882,-1,
  898,882,897,-1,897,882,883,-1,897,883,896,-1,828,859,860,-1,828,860,898,-1,878,879,863,-1,863,879,880,-1,863,880,862,-1,
  862,880,881,-1,862,881,861,-1,861,881,860,-1,876,877,865,-1,865,877,878,-1,865,878,864,-1,864,878,863,-1,872,873,868,-1,
  868,873,874,-1,868,874,867,-1,867,874,875,-1,867,875,866,-1,866,875,876,-1,866,876,865,-1,869,870,871,-1,869,871,872,-1,
  869,872,868,-1,845,854,855,-1,845,855,856,-1,845,856,857,-1,817,818,765,-1,765,818,819,-1,765,819,764,-1,764,819,820,-1,
  764,820,763,-1,763,820,821,-1,766,767,769,-1,766,769,770,-1,766,770,771,-1,766,771,816,-1,766,816,817,-1,766,817,765,-1,
  744,745,743,-1,743,745,746,-1,743,746,742,-1,742,746,747,-1,742,747,741,-1,741,747,756,-1,741,756,757,-1,747,752,753,-1,
  747,753,754,-1,747,754,755,-1,747,755,756,-1,741,757,758,-1,741,758,759,-1,741,759,760,-1,741,760,761,-1,741,761,723,-1,
  741,723,734,-1,741,734,735,-1,741,735,736,-1,741,736,740,-1,737,738,739,-1,737,739,740,-1,737,740,736,-1,723,724,731,-1,
  723,731,732,-1,723,732,733,-1,723,733,734,-1,727,728,726,-1,726,728,729,-1,726,729,725,-1,725,729,730,-1,725,730,724,-1,
  724,730,731,-1,921,922,899,-1,921,899,900,-1,921,900,914,-1,921,914,915,-1,921,915,920,-1,916,917,918,-1,916,918,919,-1,
  916,919,920,-1,916,920,915,-1,900,901,910,-1,900,910,911,-1,900,911,912,-1,900,912,913,-1,900,913,914,-1,901,902,905,-1,
  901,905,906,-1,901,906,907,-1,901,907,908,-1,901,908,909,-1,901,909,910,-1,903,904,905,-1,903,905,902,-1,925,926,943,-1,
  925,943,944,-1,925,944,945,-1,925,945,923,-1,925,923,924,-1,926,927,939,-1,926,939,940,-1,926,940,941,-1,926,941,942,-1,
  926,942,943,-1,938,939,927,-1,938,927,928,-1,938,928,929,-1,938,929,930,-1,938,930,931,-1,938,931,932,-1,938,932,937,-1,
  934,935,933,-1,933,935,936,-1,933,936,932,-1,932,936,937,-1,1855,1856,1869,-1,1869,1856,1857,-1,1869,1857,1868,-1,1868,1857,1858,-1,
  1868,1858,1867,-1,1867,1858,1859,-1,1867,1859,1866,-1,1866,1859,1861,-1,1866,1861,1864,-1,1864,1861,1862,-1,1864,1862,1863,-1,1854,1855,1850,-1,
  1854,1850,1851,-1,1854,1851,1852,-1,1854,1852,1853,-1,1847,1848,1872,-1,1872,1848,1849,-1,1872,1849,1871,-1,1871,1849,1850,-1,1871,1850,1855,-1,
  1855,1869,1870,-1,1855,1870,1871,-1,1881,1882,1842,-1,1842,1882,1883,-1,1842,1883,1841,-1,1841,1883,1884,-1,1841,1884,1840,-1,1840,1884,1839,-1,
  1843,1844,1878,-1,1843,1878,1879,-1,1843,1879,1880,-1,1843,1880,1881,-1,1843,1881,1842,-1,1845,1846,1875,-1,1845,1875,1876,-1,1845,1876,1877,-1,
  1845,1877,1878,-1,1845,1878,1844,-1,1846,1847,1873,-1,1846,1873,1874,-1,1846,1874,1875,-1,952,953,951,-1,951,953,954,-1,951,954,950,-1,
  950,954,955,-1,950,955,949,-1,949,955,956,-1,949,956,948,-1,948,956,947,-1,957,958,1016,-1,957,1016,1017,-1,957,1017,1018,-1,
  957,1018,1021,-1,957,1021,1022,-1,1021,1018,1019,-1,1021,1019,1020,-1,1012,1013,960,-1,960,1013,1014,-1,960,1014,959,-1,959,1014,1015,-1,
  959,1015,958,-1,958,1015,1016,-1,961,962,964,-1,961,964,965,-1,961,965,966,-1,961,966,1011,-1,961,1011,1012,-1,961,1012,960,-1,
  1028,1029,1027,-1,1027,1029,1030,-1,1027,1030,1026,-1,1026,1030,1031,-1,1026,1031,1025,-1,1025,1031,1032,-1,1025,1032,1024,-1,1024,1032,1023,-1,
  1084,1085,1086,-1,1084,1086,1087,-1,1084,1087,1088,-1,1084,1088,1083,-1,1089,1090,1081,-1,1089,1081,1082,-1,1089,1082,1083,-1,1089,1083,1088,-1,
  1079,1080,1092,-1,1092,1080,1081,-1,1092,1081,1091,-1,1091,1081,1090,-1,1079,1092,1093,-1,1079,1093,1094,-1,1079,1094,1095,-1,1079,1095,1078,-1,
  1078,1095,1077,-1,1077,1095,1096,-1,1077,1096,1076,-1,1076,1096,1097,-1,1076,1097,1098,-1,1076,1098,1075,-1,1075,1098,1033,-1,1075,1033,1074,-1,
  1074,1033,1051,-1,1074,1051,1073,-1,1073,1051,1052,-1,1073,1052,1053,-1,1118,1119,1120,-1,1118,1120,1121,-1,1118,1121,1122,-1,1118,1122,1117,-1,
  1099,1100,1105,-1,1099,1105,1111,-1,1099,1111,1112,-1,1099,1112,1117,-1,1099,1117,1122,-1,1116,1117,1112,-1,1116,1112,1113,-1,1116,1113,1114,-1,
  1116,1114,1115,-1,1103,1104,1102,-1,1102,1104,1105,-1,1102,1105,1101,-1,1101,1105,1100,-1,1065,1066,1061,-1,1065,1061,1062,-1,1065,1062,1063,-1,
  1065,1063,1064,-1,1060,1061,1066,-1,1060,1066,1067,-1,1060,1067,1068,-1,1060,1068,1059,-1,1068,1069,1057,-1,1068,1057,1058,-1,1068,1058,1059,-1,
  1070,1071,1054,-1,1070,1054,1055,-1,1070,1055,1056,-1,1070,1056,1057,-1,1070,1057,1069,-1,1072,1073,1053,-1,1072,1053,1054,-1,1072,1054,1071,-1,
  1051,1033,1050,-1,1050,1033,1034,-1,1050,1034,1049,-1,1049,1034,1035,-1,1049,1035,1048,-1,1048,1035,1036,-1,1048,1036,1047,-1,1047,1036,1037,-1,
  1047,1037,1046,-1,1046,1037,1038,-1,1046,1038,1045,-1,1045,1038,1040,-1,1045,1040,1043,-1,1043,1040,1041,-1,1043,1041,1042,-1,1105,1106,1108,-1,
  1105,1108,1109,-1,1105,1109,1110,-1,1105,1110,1111,-1,1151,1152,1156,-1,1156,1152,1153,-1,1156,1153,1155,-1,1155,1153,1154,-1,1147,1148,1160,-1,
  1160,1148,1149,-1,1160,1149,1159,-1,1159,1149,1150,-1,1159,1150,1158,-1,1158,1150,1151,-1,1158,1151,1157,-1,1157,1151,1156,-1,1164,1196,1163,-1,
  1163,1196,1197,-1,1163,1197,1162,-1,1162,1197,1198,-1,1162,1198,1161,-1,1161,1198,1147,-1,1161,1147,1160,-1,1126,1127,1136,-1,1136,1127,1128,-1,
  1136,1128,1135,-1,1135,1128,1129,-1,1135,1129,1134,-1,1134,1129,1130,-1,1134,1130,1133,-1,1133,1130,1131,-1,1133,1131,1132,-1,1137,1138,1125,-1,
  1137,1125,1126,-1,1137,1126,1136,-1,1188,1123,1140,-1,1140,1123,1124,-1,1140,1124,1139,-1,1139,1124,1125,-1,1139,1125,1138,-1,1188,1140,1203,-1,
  1203,1140,1141,-1,1203,1141,1202,-1,1202,1141,1142,-1,1202,1142,1143,-1,1143,1144,1200,-1,1143,1200,1201,-1,1143,1201,1202,-1,1145,1146,1199,-1,
  1145,1199,1200,-1,1145,1200,1144,-1,1147,1198,1199,-1,1147,1199,1146,-1,1185,1186,1191,-1,1191,1186,1187,-1,1191,1187,1190,-1,1190,1187,1123,-1,
  1190,1123,1189,-1,1189,1123,1188,-1,1183,1184,1193,-1,1193,1184,1185,-1,1193,1185,1192,-1,1192,1185,1191,-1,1194,1195,1182,-1,1194,1182,1183,-1,
  1194,1183,1193,-1,1179,1180,1165,-1,1165,1180,1181,-1,1165,1181,1196,-1,1196,1181,1182,-1,1196,1182,1195,-1,1165,1166,1177,-1,1165,1177,1178,-1,
  1165,1178,1179,-1,1174,1175,1168,-1,1168,1175,1176,-1,1168,1176,1167,-1,1167,1176,1177,-1,1167,1177,1166,-1,1174,1168,1170,-1,1174,1170,1171,-1,
  1174,1171,1172,-1,1174,1172,1173,-1,1232,1233,1228,-1,1232,1228,1230,-1,1232,1230,1231,-1,1271,1272,1267,-1,1271,1267,1269,-1,1271,1269,1270,-1,
  1264,1265,1263,-1,1263,1265,1266,-1,1263,1266,1262,-1,1262,1266,1267,-1,1262,1267,1261,-1,1261,1267,1276,-1,1261,1276,1277,-1,1267,1272,1273,-1,
  1267,1273,1274,-1,1267,1274,1275,-1,1267,1275,1276,-1,1261,1277,1278,-1,1261,1278,1279,-1,1261,1279,1280,-1,1261,1280,1281,-1,1261,1281,1243,-1,
  1261,1243,1254,-1,1261,1254,1255,-1,1261,1255,1256,-1,1261,1256,1260,-1,1257,1258,1259,-1,1257,1259,1260,-1,1257,1260,1256,-1,1225,1226,1224,-1,
  1224,1226,1227,-1,1224,1227,1223,-1,1223,1227,1228,-1,1223,1228,1222,-1,1222,1228,1237,-1,1222,1237,1238,-1,1228,1233,1234,-1,1228,1234,1235,-1,
  1228,1235,1236,-1,1228,1236,1237,-1,1222,1238,1239,-1,1222,1239,1240,-1,1222,1240,1241,-1,1222,1241,1242,-1,1222,1242,1204,-1,1222,1204,1215,-1,
  1222,1215,1216,-1,1222,1216,1217,-1,1222,1217,1221,-1,1218,1219,1220,-1,1218,1220,1221,-1,1218,1221,1217,-1,1204,1205,1212,-1,1204,1212,1213,-1,
  1204,1213,1214,-1,1204,1214,1215,-1,1208,1209,1207,-1,1207,1209,1210,-1,1207,1210,1206,-1,1206,1210,1211,-1,1206,1211,1205,-1,1205,1211,1212,-1,
  1243,1244,1251,-1,1243,1251,1252,-1,1243,1252,1253,-1,1243,1253,1254,-1,1247,1248,1246,-1,1246,1248,1249,-1,1246,1249,1245,-1,1245,1249,1250,-1,
  1245,1250,1244,-1,1244,1250,1251,-1,1287,1288,1286,-1,1286,1288,1289,-1,1286,1289,1285,-1,1285,1289,1290,-1,1285,1290,1284,-1,1284,1290,1291,-1,
  1284,1291,1283,-1,1283,1291,1282,-1,1297,1298,1296,-1,1296,1298,1299,-1,1296,1299,1295,-1,1295,1299,1300,-1,1295,1300,1294,-1,1294,1300,1301,-1,
  1294,1301,1293,-1,1293,1301,1292,-1,1353,1354,1355,-1,1353,1355,1356,-1,1353,1356,1357,-1,1353,1357,1352,-1,1358,1359,1350,-1,1358,1350,1351,-1,
  1358,1351,1352,-1,1358,1352,1357,-1,1348,1349,1361,-1,1361,1349,1350,-1,1361,1350,1360,-1,1360,1350,1359,-1,1348,1361,1362,-1,1348,1362,1363,-1,
  1348,1363,1364,-1,1348,1364,1347,-1,1347,1364,1346,-1,1346,1364,1365,-1,1346,1365,1345,-1,1345,1365,1366,-1,1345,1366,1367,-1,1345,1367,1344,-1,
  1344,1367,1302,-1,1344,1302,1343,-1,1343,1302,1320,-1,1343,1320,1342,-1,1342,1320,1321,-1,1342,1321,1322,-1,1334,1335,1330,-1,1334,1330,1331,-1,
  1334,1331,1332,-1,1334,1332,1333,-1,1329,1330,1335,-1,1329,1335,1336,-1,1329,1336,1337,-1,1329,1337,1328,-1,1337,1338,1326,-1,1337,1326,1327,-1,
  1337,1327,1328,-1,1339,1340,1323,-1,1339,1323,1324,-1,1339,1324,1325,-1,1339,1325,1326,-1,1339,1326,1338,-1,1341,1342,1322,-1,1341,1322,1323,-1,
  1341,1323,1340,-1,1320,1302,1319,-1,1319,1302,1303,-1,1319,1303,1318,-1,1318,1303,1304,-1,1318,1304,1317,-1,1317,1304,1305,-1,1317,1305,1316,-1,
  1316,1305,1306,-1,1316,1306,1315,-1,1315,1306,1307,-1,1315,1307,1314,-1,1314,1307,1309,-1,1314,1309,1312,-1,1312,1309,1310,-1,1312,1310,1311,-1,
  1373,1374,1372,-1,1372,1374,1375,-1,1372,1375,1371,-1,1371,1375,1376,-1,1371,1376,1370,-1,1370,1376,1377,-1,1370,1377,1369,-1,1369,1377,1368,-1,
  1383,1384,1382,-1,1382,1384,1385,-1,1382,1385,1381,-1,1381,1385,1386,-1,1381,1386,1380,-1,1380,1386,1387,-1,1380,1387,1379,-1,1379,1387,1378,-1,
  1439,1440,1441,-1,1439,1441,1442,-1,1439,1442,1443,-1,1439,1443,1438,-1,1444,1445,1436,-1,1444,1436,1437,-1,1444,1437,1438,-1,1444,1438,1443,-1,
  1434,1435,1447,-1,1447,1435,1436,-1,1447,1436,1446,-1,1446,1436,1445,-1,1434,1447,1448,-1,1434,1448,1449,-1,1434,1449,1450,-1,1434,1450,1433,-1,
  1433,1450,1432,-1,1432,1450,1451,-1,1432,1451,1431,-1,1431,1451,1452,-1,1431,1452,1453,-1,1431,1453,1430,-1,1430,1453,1388,-1,1430,1388,1429,-1,
  1429,1388,1406,-1,1429,1406,1428,-1,1428,1406,1407,-1,1428,1407,1408,-1,1420,1421,1416,-1,1420,1416,1417,-1,1420,1417,1418,-1,1420,1418,1419,-1,
  1415,1416,1421,-1,1415,1421,1422,-1,1415,1422,1423,-1,1415,1423,1414,-1,1423,1424,1412,-1,1423,1412,1413,-1,1423,1413,1414,-1,1425,1426,1409,-1,
  1425,1409,1410,-1,1425,1410,1411,-1,1425,1411,1412,-1,1425,1412,1424,-1,1427,1428,1408,-1,1427,1408,1409,-1,1427,1409,1426,-1,1406,1388,1405,-1,
  1405,1388,1389,-1,1405,1389,1404,-1,1404,1389,1390,-1,1404,1390,1403,-1,1403,1390,1391,-1,1403,1391,1402,-1,1402,1391,1392,-1,1402,1392,1401,-1,
  1401,1392,1393,-1,1401,1393,1400,-1,1400,1393,1395,-1,1400,1395,1398,-1,1398,1395,1396,-1,1398,1396,1397,-1,1488,1489,1467,-1,1467,1489,1454,-1,
  1467,1454,1460,-1,1460,1454,1455,-1,1460,1455,1459,-1,1459,1455,1456,-1,1459,1456,1458,-1,1458,1456,1457,-1,1481,1482,1480,-1,1480,1482,1483,-1,
  1480,1483,1479,-1,1479,1483,1484,-1,1479,1484,1478,-1,1478,1484,1485,-1,1478,1485,1477,-1,1477,1485,1476,-1,1474,1475,1476,-1,1474,1476,1485,-1,
  1474,1485,1486,-1,1474,1486,1473,-1,1486,1487,1470,-1,1486,1470,1471,-1,1486,1471,1472,-1,1486,1472,1473,-1,1487,1488,1467,-1,1487,1467,1468,-1,
  1487,1468,1469,-1,1487,1469,1470,-1,1464,1465,1463,-1,1463,1465,1466,-1,1463,1466,1462,-1,1462,1466,1467,-1,1462,1467,1461,-1,1461,1467,1460,-1,
  1518,1519,1514,-1,1518,1514,1516,-1,1518,1516,1517,-1,1529,1530,1588,-1,1529,1588,1589,-1,1529,1589,1590,-1,1529,1590,1593,-1,1529,1593,1594,-1,
  1593,1590,1591,-1,1593,1591,1592,-1,1584,1585,1532,-1,1532,1585,1586,-1,1532,1586,1531,-1,1531,1586,1587,-1,1531,1587,1530,-1,1530,1587,1588,-1,
  1533,1534,1536,-1,1533,1536,1537,-1,1533,1537,1538,-1,1533,1538,1583,-1,1533,1583,1584,-1,1533,1584,1532,-1,1511,1512,1510,-1,1510,1512,1513,-1,
  1510,1513,1509,-1,1509,1513,1514,-1,1509,1514,1508,-1,1508,1514,1523,-1,1508,1523,1524,-1,1514,1519,1520,-1,1514,1520,1521,-1,1514,1521,1522,-1,
  1514,1522,1523,-1,1508,1524,1525,-1,1508,1525,1526,-1,1508,1526,1527,-1,1508,1527,1528,-1,1508,1528,1490,-1,1508,1490,1501,-1,1508,1501,1502,-1,
  1508,1502,1503,-1,1508,1503,1507,-1,1504,1505,1506,-1,1504,1506,1507,-1,1504,1507,1503,-1,1490,1491,1498,-1,1490,1498,1499,-1,1490,1499,1500,-1,
  1490,1500,1501,-1,1494,1495,1493,-1,1493,1495,1496,-1,1493,1496,1492,-1,1492,1496,1497,-1,1492,1497,1491,-1,1491,1497,1498,-1,1554,1555,1568,-1,
  1568,1555,1556,-1,1568,1556,1567,-1,1567,1556,1557,-1,1567,1557,1566,-1,1566,1557,1558,-1,1566,1558,1565,-1,1565,1558,1560,-1,1565,1560,1563,-1,
  1563,1560,1561,-1,1563,1561,1562,-1,1553,1554,1549,-1,1553,1549,1550,-1,1553,1550,1551,-1,1553,1551,1552,-1,1546,1547,1571,-1,1571,1547,1548,-1,
  1571,1548,1570,-1,1570,1548,1549,-1,1570,1549,1554,-1,1554,1568,1569,-1,1554,1569,1570,-1,1580,1581,1541,-1,1541,1581,1582,-1,1541,1582,1540,-1,
  1540,1582,1583,-1,1540,1583,1539,-1,1539,1583,1538,-1,1542,1543,1577,-1,1542,1577,1578,-1,1542,1578,1579,-1,1542,1579,1580,-1,1542,1580,1541,-1,
  1544,1545,1574,-1,1544,1574,1575,-1,1544,1575,1576,-1,1544,1576,1577,-1,1544,1577,1543,-1,1545,1546,1572,-1,1545,1572,1573,-1,1545,1573,1574,-1,
  1646,1647,1648,-1,1646,1648,1649,-1,1646,1649,1650,-1,1646,1650,1645,-1,1651,1652,1643,-1,1651,1643,1644,-1,1651,1644,1645,-1,1651,1645,1650,-1,
  1641,1642,1654,-1,1654,1642,1643,-1,1654,1643,1653,-1,1653,1643,1652,-1,1641,1654,1655,-1,1641,1655,1656,-1,1641,1656,1657,-1,1641,1657,1640,-1,
  1640,1657,1639,-1,1639,1657,1658,-1,1639,1658,1638,-1,1638,1658,1659,-1,1638,1659,1660,-1,1638,1660,1637,-1,1637,1660,1595,-1,1637,1595,1636,-1,
  1636,1595,1613,-1,1636,1613,1635,-1,1635,1613,1614,-1,1635,1614,1615,-1,1627,1628,1623,-1,1627,1623,1624,-1,1627,1624,1625,-1,1627,1625,1626,-1,
  1622,1623,1628,-1,1622,1628,1629,-1,1622,1629,1630,-1,1622,1630,1621,-1,1630,1631,1619,-1,1630,1619,1620,-1,1630,1620,1621,-1,1632,1633,1616,-1,
  1632,1616,1617,-1,1632,1617,1618,-1,1632,1618,1619,-1,1632,1619,1631,-1,1634,1635,1615,-1,1634,1615,1616,-1,1634,1616,1633,-1,1613,1595,1612,-1,
  1612,1595,1596,-1,1612,1596,1611,-1,1611,1596,1597,-1,1611,1597,1610,-1,1610,1597,1598,-1,1610,1598,1609,-1,1609,1598,1599,-1,1609,1599,1608,-1,
  1608,1599,1600,-1,1608,1600,1607,-1,1607,1600,1602,-1,1607,1602,1605,-1,1605,1602,1603,-1,1605,1603,1604,-1,1689,1690,1685,-1,1689,1685,1687,-1,
  1689,1687,1688,-1,1682,1683,1681,-1,1681,1683,1684,-1,1681,1684,1680,-1,1680,1684,1685,-1,1680,1685,1679,-1,1679,1685,1694,-1,1679,1694,1695,-1,
  1685,1690,1691,-1,1685,1691,1692,-1,1685,1692,1693,-1,1685,1693,1694,-1,1679,1695,1696,-1,1679,1696,1697,-1,1679,1697,1698,-1,1679,1698,1699,-1,
  1679,1699,1661,-1,1679,1661,1672,-1,1679,1672,1673,-1,1679,1673,1674,-1,1679,1674,1678,-1,1675,1676,1677,-1,1675,1677,1678,-1,1675,1678,1674,-1,
  1661,1662,1669,-1,1661,1669,1670,-1,1661,1670,1671,-1,1661,1671,1672,-1,1665,1666,1664,-1,1664,1666,1667,-1,1664,1667,1663,-1,1663,1667,1668,-1,
  1663,1668,1662,-1,1662,1668,1669,-1,1720,1721,1712,-1,1712,1721,1700,-1,1712,1700,1706,-1,1706,1700,1701,-1,1706,1701,1705,-1,1705,1701,1702,-1,
  1705,1702,1704,-1,1704,1702,1703,-1,1715,1716,1713,-1,1713,1716,1717,-1,1713,1717,1712,-1,1712,1717,1718,-1,1712,1718,1719,-1,1706,1707,1709,-1,
  1706,1709,1710,-1,1706,1710,1711,-1,1706,1711,1712,-1,1727,1728,1726,-1,1726,1728,1729,-1,1726,1729,1725,-1,1725,1729,1730,-1,1725,1730,1724,-1,
  1724,1730,1731,-1,1724,1731,1723,-1,1723,1731,1722,-1,1737,1738,1736,-1,1736,1738,1739,-1,1736,1739,1735,-1,1735,1739,1740,-1,1735,1740,1734,-1,
  1734,1740,1741,-1,1734,1741,1733,-1,1733,1741,1732,-1,1764,1765,1747,-1,1747,1765,1742,-1,1747,1742,1744,-1,1744,1742,1743,-1,1754,1755,1756,-1,
  1754,1756,1757,-1,1754,1757,1758,-1,1754,1758,1753,-1,1752,1753,1758,-1,1752,1758,1759,-1,1752,1759,1749,-1,1752,1749,1750,-1,1752,1750,1751,-1,
  1748,1749,1759,-1,1748,1759,1760,-1,1748,1760,1761,-1,1748,1761,1762,-1,1748,1762,1763,-1,1748,1763,1747,-1,1745,1746,1747,-1,1745,1747,1744,-1,
  1769,1770,1771,-1,1769,1771,1772,-1,1769,1772,1773,-1,1769,1773,1774,-1,1769,1774,1775,-1,1769,1775,1776,-1,1769,1776,1768,-1,1768,1776,1777,-1,
  1768,1777,1778,-1,1768,1778,1779,-1,1768,1779,1780,-1,1768,1780,1781,-1,1768,1781,1767,-1,1786,1787,1782,-1,1782,1787,1788,-1,1782,1788,1781,-1,
  1781,1788,1766,-1,1781,1766,1767,-1,1783,1784,1785,-1,1783,1785,1786,-1,1783,1786,1782,-1,1795,1796,1794,-1,1794,1796,1797,-1,1794,1797,1793,-1,
  1793,1797,1798,-1,1793,1798,1792,-1,1792,1798,1799,-1,1792,1799,1791,-1,1791,1799,1790,-1,1805,1806,1804,-1,1804,1806,1807,-1,1804,1807,1803,-1,
  1803,1807,1808,-1,1803,1808,1802,-1,1802,1808,1809,-1,1802,1809,1801,-1,1801,1809,1800,-1,1814,1816,1813,-1,1813,1816,1817,-1,1813,1817,1812,-1,
  1812,1817,1818,-1,1812,1818,1811,-1,1811,1818,1819,-1,1811,1819,1810,-1,1824,1826,1823,-1,1823,1826,1827,-1,1823,1827,1822,-1,1822,1827,1828,-1,
  1822,1828,1821,-1,1821,1828,1829,-1,1821,1829,1820,-1,1830,1831,1889,-1,1830,1889,1890,-1,1830,1890,1891,-1,1830,1891,1894,-1,1830,1894,1895,-1,
  1894,1891,1892,-1,1894,1892,1893,-1,1885,1886,1833,-1,1833,1886,1887,-1,1833,1887,1832,-1,1832,1887,1888,-1,1832,1888,1831,-1,1831,1888,1889,-1,
  1834,1835,1837,-1,1834,1837,1838,-1,1834,1838,1839,-1,1834,1839,1884,-1,1834,1884,1885,-1,1834,1885,1833,-1,1900,1902,1899,-1,1899,1902,1903,-1,
  1899,1903,1898,-1,1898,1903,1904,-1,1898,1904,1897,-1,1897,1904,1905,-1,1897,1905,1896,-1,1948,1927,1947,-1,1947,1927,1906,-1,1947,1906,1956,-1,
  1956,1906,1907,-1,1956,1907,1955,-1,1955,1907,1908,-1,1955,1908,1909,-1,1909,1910,1953,-1,1909,1953,1954,-1,1909,1954,1955,-1,1950,1951,1912,-1,
  1912,1951,1952,-1,1912,1952,1911,-1,1911,1952,1953,-1,1911,1953,1910,-1,1949,1950,1913,-1,1949,1913,1914,-1,1949,1914,1915,-1,1949,1915,1926,-1,
  1949,1926,1927,-1,1949,1927,1948,-1,1935,1936,1937,-1,1935,1937,1938,-1,1935,1938,1939,-1,1935,1939,1934,-1,1933,1934,1940,-1,1933,1940,1941,-1,
  1933,1941,1942,-1,1933,1942,1943,-1,1933,1943,1944,-1,1933,1944,1927,-1,1933,1927,1928,-1,1933,1928,1932,-1,982,983,996,-1,996,983,984,-1,
  996,984,995,-1,995,984,985,-1,995,985,994,-1,994,985,986,-1,994,986,993,-1,993,986,988,-1,993,988,991,-1,991,988,989,-1,
  991,989,990,-1,981,982,977,-1,981,977,978,-1,981,978,979,-1,981,979,980,-1,974,975,999,-1,999,975,976,-1,999,976,998,-1,
  998,976,977,-1,998,977,982,-1,982,996,997,-1,982,997,998,-1,1008,1009,969,-1,969,1009,1010,-1,969,1010,968,-1,968,1010,1011,-1,
  968,1011,967,-1,967,1011,966,-1,970,971,1005,-1,970,1005,1006,-1,970,1006,1007,-1,970,1007,1008,-1,970,1008,969,-1,972,973,1002,-1,
  972,1002,1003,-1,972,1003,1004,-1,972,1004,1005,-1,972,1005,971,-1,973,974,1000,-1,973,1000,1001,-1,973,1001,1002,-1,1929,1930,1931,-1,
  1929,1931,1932,-1,1929,1932,1928,-1,1927,1944,1945,-1,1927,1945,1946,-1,1927,1946,1906,-1,1926,1915,1916,-1,1926,1916,1917,-1,1926,1917,1918,-1,
  1926,1918,1925,-1,1925,1918,1919,-1,1925,1919,1920,-1,1925,1920,1921,-1,1925,1921,1922,-1,1925,1922,1923,-1,1961,1963,1960,-1,1960,1963,1964,-1,
  1960,1964,1959,-1,1959,1964,1965,-1,1959,1965,1958,-1,1958,1965,1966,-1,1958,1966,1957,-1,1978,1979,1977,-1,1977,1979,1980,-1,1977,1980,1976,-1,
  1976,1980,1981,-1,1976,1981,1975,-1,1975,1981,1982,-1,1975,1982,1974,-1,1974,1982,1983,-1,1974,1983,1973,-1,1973,1983,1984,-1,1973,1984,1972,-1,
  1972,1984,1985,-1,1972,1985,1971,-1,1971,1985,1986,-1,1971,1986,1970,-1,1970,1986,1987,-1,1970,1987,1969,-1,1969,1987,1988,-1,1969,1988,1968,-1,
  1968,1988,1967,-1,1994,1995,1993,-1,1993,1995,1996,-1,1993,1996,1992,-1,1992,1996,1997,-1,1992,1997,1991,-1,1991,1997,1998,-1,1991,1998,1990,-1,
  1990,1998,1989,-1,2004,2005,2003,-1,2003,2005,2006,-1,2003,2006,2002,-1,2002,2006,2007,-1,2002,2007,2001,-1,2001,2007,2008,-1,2001,2008,2000,-1,
  2000,2008,1999,-1,2014,2015,2013,-1,2013,2015,2016,-1,2013,2016,2012,-1,2012,2016,2017,-1,2012,2017,2011,-1,2011,2017,2018,-1,2011,2018,2010,-1,
  2010,2018,2009,-1,2055,2056,2023,-1,2023,2056,2019,-1,2023,2019,2021,-1,2021,2019,2020,-1,2037,2038,2049,-1,2037,2049,2050,-1,2037,2050,2027,-1,
  2037,2027,2028,-1,2037,2028,2029,-1,2037,2029,2030,-1,2037,2030,2031,-1,2037,2031,2036,-1,2027,2050,2051,-1,2027,2051,2052,-1,2027,2052,2053,-1,
  2027,2053,2026,-1,2026,2053,2025,-1,2025,2053,2054,-1,2025,2054,2024,-1,2024,2054,2055,-1,2024,2055,2023,-1,2048,2040,2047,-1,2047,2040,2041,-1,
  2047,2041,2046,-1,2046,2041,2042,-1,2046,2042,2045,-1,2045,2042,2043,-1,2045,2043,2044,-1,2040,2048,2049,-1,2040,2049,2038,-1,2040,2038,2039,-1,
  2031,2032,2033,-1,2031,2033,2034,-1,2031,2034,2035,-1,2031,2035,2036,-1,2093,2094,2061,-1,2061,2094,2057,-1,2061,2057,2059,-1,2059,2057,2058,-1,
  2075,2076,2087,-1,2075,2087,2088,-1,2075,2088,2065,-1,2075,2065,2066,-1,2075,2066,2067,-1,2075,2067,2068,-1,2075,2068,2069,-1,2075,2069,2074,-1,
  2065,2088,2089,-1,2065,2089,2090,-1,2065,2090,2091,-1,2065,2091,2064,-1,2064,2091,2063,-1,2063,2091,2092,-1,2063,2092,2062,-1,2062,2092,2093,-1,
  2062,2093,2061,-1,2086,2078,2085,-1,2085,2078,2079,-1,2085,2079,2084,-1,2084,2079,2080,-1,2084,2080,2083,-1,2083,2080,2081,-1,2083,2081,2082,-1,
  2078,2086,2087,-1,2078,2087,2076,-1,2078,2076,2077,-1,2069,2070,2071,-1,2069,2071,2072,-1,2069,2072,2073,-1,2069,2073,2074,-1,2108,2095,2107,-1,
  2107,2095,2096,-1,2107,2096,2101,-1,2101,2096,2097,-1,2101,2097,2100,-1,2100,2097,2098,-1,2100,2098,2099,-1,2137,2138,2133,-1,2137,2133,2135,-1,
  2137,2135,2136,-1,2130,2131,2129,-1,2129,2131,2132,-1,2129,2132,2128,-1,2128,2132,2133,-1,2128,2133,2127,-1,2127,2133,2142,-1,2127,2142,2143,-1,
  2133,2138,2139,-1,2133,2139,2140,-1,2133,2140,2141,-1,2133,2141,2142,-1,2127,2143,2144,-1,2127,2144,2145,-1,2127,2145,2146,-1,2127,2146,2147,-1,
  2127,2147,2109,-1,2127,2109,2120,-1,2127,2120,2121,-1,2127,2121,2122,-1,2127,2122,2126,-1,2123,2124,2125,-1,2123,2125,2126,-1,2123,2126,2122,-1,
  787,788,801,-1,801,788,789,-1,801,789,800,-1,800,789,790,-1,800,790,799,-1,799,790,791,-1,799,791,798,-1,798,791,793,-1,
  798,793,796,-1,796,793,794,-1,796,794,795,-1,786,787,782,-1,786,782,783,-1,786,783,784,-1,786,784,785,-1,779,780,804,-1,
  804,780,781,-1,804,781,803,-1,803,781,782,-1,803,782,787,-1,787,801,802,-1,787,802,803,-1,813,814,774,-1,774,814,815,-1,
  774,815,773,-1,773,815,816,-1,773,816,772,-1,772,816,771,-1,775,776,810,-1,775,810,811,-1,775,811,812,-1,775,812,813,-1,
  775,813,774,-1,777,778,807,-1,777,807,808,-1,777,808,809,-1,777,809,810,-1,777,810,776,-1,778,779,805,-1,778,805,806,-1,
  778,806,807,-1,2104,2105,2103,-1,2103,2105,2106,-1,2103,2106,2102,-1,2102,2106,2107,-1,2102,2107,2101,-1,2109,2110,2117,-1,2109,2117,2118,-1,
  2109,2118,2119,-1,2109,2119,2120,-1,2113,2114,2112,-1,2112,2114,2115,-1,2112,2115,2111,-1,2111,2115,2116,-1,2111,2116,2110,-1,2110,2116,2117,-1,
  2148,2149,2207,-1,2148,2207,2208,-1,2148,2208,2209,-1,2148,2209,2212,-1,2148,2212,2213,-1,2212,2209,2210,-1,2212,2210,2211,-1,2938,2939,2952,-1,
  2952,2939,2940,-1,2952,2940,2951,-1,2951,2940,2941,-1,2951,2941,2950,-1,2950,2941,2942,-1,2950,2942,2949,-1,2949,2942,2944,-1,2949,2944,2947,-1,
  2947,2944,2945,-1,2947,2945,2946,-1,2937,2938,2933,-1,2937,2933,2934,-1,2937,2934,2935,-1,2937,2935,2936,-1,2930,2931,2955,-1,2955,2931,2932,-1,
  2955,2932,2954,-1,2954,2932,2933,-1,2954,2933,2938,-1,2938,2952,2953,-1,2938,2953,2954,-1,2964,2965,2925,-1,2925,2965,2966,-1,2925,2966,2924,-1,
  2924,2966,2967,-1,2924,2967,2923,-1,2923,2967,2922,-1,2926,2927,2961,-1,2926,2961,2962,-1,2926,2962,2963,-1,2926,2963,2964,-1,2926,2964,2925,-1,
  2928,2929,2958,-1,2928,2958,2959,-1,2928,2959,2960,-1,2928,2960,2961,-1,2928,2961,2927,-1,2929,2930,2956,-1,2929,2956,2957,-1,2929,2957,2958,-1,
  2218,2220,2217,-1,2217,2220,2221,-1,2217,2221,2216,-1,2216,2221,2222,-1,2216,2222,2215,-1,2215,2222,2223,-1,2215,2223,2214,-1,2203,2204,2151,-1,
  2151,2204,2205,-1,2151,2205,2150,-1,2150,2205,2206,-1,2150,2206,2149,-1,2149,2206,2207,-1,2152,2153,2155,-1,2152,2155,2156,-1,2152,2156,2157,-1,
  2152,2157,2202,-1,2152,2202,2203,-1,2152,2203,2151,-1,2228,2230,2227,-1,2227,2230,2231,-1,2227,2231,2226,-1,2226,2231,2232,-1,2226,2232,2225,-1,
  2225,2232,2233,-1,2225,2233,2224,-1,2238,2240,2237,-1,2237,2240,2241,-1,2237,2241,2236,-1,2236,2241,2242,-1,2236,2242,2235,-1,2235,2242,2243,-1,
  2235,2243,2234,-1,2248,2250,2247,-1,2247,2250,2251,-1,2247,2251,2246,-1,2246,2251,2252,-1,2246,2252,2245,-1,2245,2252,2253,-1,2245,2253,2244,-1,
  2258,2260,2257,-1,2257,2260,2261,-1,2257,2261,2256,-1,2256,2261,2262,-1,2256,2262,2255,-1,2255,2262,2263,-1,2255,2263,2254,-1,2269,2270,2268,-1,
  2268,2270,2271,-1,2268,2271,2267,-1,2267,2271,2272,-1,2267,2272,2266,-1,2266,2272,2273,-1,2266,2273,2265,-1,2265,2273,2264,-1,2286,2287,2283,-1,
  2286,2283,2284,-1,2290,2281,2289,-1,2289,2281,2282,-1,2289,2282,2288,-1,2288,2282,2283,-1,2288,2283,2287,-1,2281,2290,2291,-1,2281,2291,2292,-1,
  2281,2292,2293,-1,2281,2293,2294,-1,2281,2294,2280,-1,2280,2294,2295,-1,2280,2295,2296,-1,2280,2296,2297,-1,2280,2297,2279,-1,2278,2279,2297,-1,
  2278,2297,2298,-1,2278,2298,2299,-1,2278,2299,2277,-1,2300,2301,2275,-1,2300,2275,2276,-1,2300,2276,2277,-1,2300,2277,2299,-1,2317,2318,2274,-1,
  2317,2274,2275,-1,2317,2275,2301,-1,2317,2301,2302,-1,2317,2302,2303,-1,2317,2303,2316,-1,2309,2311,2308,-1,2308,2311,2312,-1,2308,2312,2307,-1,
  2307,2312,2313,-1,2307,2313,2306,-1,2306,2313,2314,-1,2306,2314,2305,-1,2305,2314,2315,-1,2305,2315,2304,-1,2304,2315,2316,-1,2304,2316,2303,-1,
  2318,2319,2320,-1,2318,2320,2321,-1,2318,2321,2274,-1,2327,2328,2326,-1,2326,2328,2329,-1,2326,2329,2325,-1,2325,2329,2330,-1,2325,2330,2324,-1,
  2324,2330,2331,-1,2324,2331,2323,-1,2323,2331,2322,-1,2336,2338,2335,-1,2335,2338,2339,-1,2335,2339,2334,-1,2334,2339,2340,-1,2334,2340,2333,-1,
  2333,2340,2341,-1,2333,2341,2332,-1,2347,2348,2346,-1,2346,2348,2349,-1,2346,2349,2345,-1,2345,2349,2350,-1,2345,2350,2344,-1,2344,2350,2351,-1,
  2344,2351,2343,-1,2343,2351,2342,-1,2352,2353,2411,-1,2352,2411,2412,-1,2352,2412,2413,-1,2352,2413,2416,-1,2352,2416,2417,-1,2416,2413,2414,-1,
  2416,2414,2415,-1,2407,2408,2355,-1,2355,2408,2409,-1,2355,2409,2354,-1,2354,2409,2410,-1,2354,2410,2353,-1,2353,2410,2411,-1,2356,2357,2359,-1,
  2356,2359,2360,-1,2356,2360,2361,-1,2356,2361,2406,-1,2356,2406,2407,-1,2356,2407,2355,-1,2377,2378,2391,-1,2391,2378,2379,-1,2391,2379,2390,-1,
  2390,2379,2380,-1,2390,2380,2389,-1,2389,2380,2381,-1,2389,2381,2388,-1,2388,2381,2383,-1,2388,2383,2386,-1,2386,2383,2384,-1,2386,2384,2385,-1,
  2376,2377,2372,-1,2376,2372,2373,-1,2376,2373,2374,-1,2376,2374,2375,-1,2369,2370,2394,-1,2394,2370,2371,-1,2394,2371,2393,-1,2393,2371,2372,-1,
  2393,2372,2377,-1,2377,2391,2392,-1,2377,2392,2393,-1,2403,2404,2364,-1,2364,2404,2405,-1,2364,2405,2363,-1,2363,2405,2406,-1,2363,2406,2362,-1,
  2362,2406,2361,-1,2365,2366,2400,-1,2365,2400,2401,-1,2365,2401,2402,-1,2365,2402,2403,-1,2365,2403,2364,-1,2367,2368,2397,-1,2367,2397,2398,-1,
  2367,2398,2399,-1,2367,2399,2400,-1,2367,2400,2366,-1,2368,2369,2395,-1,2368,2395,2396,-1,2368,2396,2397,-1,2454,2455,2422,-1,2422,2455,2418,-1,
  2422,2418,2420,-1,2420,2418,2419,-1,2436,2437,2448,-1,2436,2448,2449,-1,2436,2449,2426,-1,2436,2426,2427,-1,2436,2427,2428,-1,2436,2428,2429,-1,
  2436,2429,2430,-1,2436,2430,2435,-1,2426,2449,2450,-1,2426,2450,2451,-1,2426,2451,2452,-1,2426,2452,2425,-1,2425,2452,2424,-1,2424,2452,2453,-1,
  2424,2453,2423,-1,2423,2453,2454,-1,2423,2454,2422,-1,2447,2439,2446,-1,2446,2439,2440,-1,2446,2440,2445,-1,2445,2440,2441,-1,2445,2441,2444,-1,
  2444,2441,2442,-1,2444,2442,2443,-1,2439,2447,2448,-1,2439,2448,2437,-1,2439,2437,2438,-1,2430,2431,2432,-1,2430,2432,2433,-1,2430,2433,2434,-1,
  2430,2434,2435,-1,2496,2497,2474,-1,2474,2497,2456,-1,2474,2456,2473,-1,2473,2456,2457,-1,2473,2457,2472,-1,2472,2457,2458,-1,2472,2458,2471,-1,
  2471,2458,2459,-1,2471,2459,2470,-1,2470,2459,2460,-1,2470,2460,2469,-1,2469,2460,2461,-1,2469,2461,2468,-1,2468,2461,2463,-1,2468,2463,2466,-1,
  2466,2463,2464,-1,2466,2464,2465,-1,2507,2508,2509,-1,2507,2509,2510,-1,2507,2510,2511,-1,2507,2511,2506,-1,2512,2513,2504,-1,2512,2504,2505,-1,
  2512,2505,2506,-1,2512,2506,2511,-1,2502,2503,2515,-1,2515,2503,2504,-1,2515,2504,2514,-1,2514,2504,2513,-1,2502,2515,2516,-1,2502,2516,2517,-1,
  2502,2517,2518,-1,2502,2518,2501,-1,2501,2518,2500,-1,2500,2518,2519,-1,2500,2519,2499,-1,2499,2519,2520,-1,2499,2520,2521,-1,2498,2499,2521,-1,
  2498,2521,2456,-1,2498,2456,2497,-1,2488,2489,2484,-1,2488,2484,2485,-1,2488,2485,2486,-1,2488,2486,2487,-1,2483,2484,2489,-1,2483,2489,2490,-1,
  2483,2490,2491,-1,2483,2491,2482,-1,2491,2492,2480,-1,2491,2480,2481,-1,2491,2481,2482,-1,2493,2494,2477,-1,2493,2477,2478,-1,2493,2478,2479,-1,
  2493,2479,2480,-1,2493,2480,2492,-1,2474,2475,2496,-1,2496,2475,2476,-1,2496,2476,2495,-1,2495,2476,2477,-1,2495,2477,2494,-1,2526,2528,2525,-1,
  2525,2528,2529,-1,2525,2529,2524,-1,2524,2529,2530,-1,2524,2530,2523,-1,2523,2530,2531,-1,2523,2531,2522,-1,2536,2538,2535,-1,2535,2538,2539,-1,
  2535,2539,2534,-1,2534,2539,2540,-1,2534,2540,2533,-1,2533,2540,2541,-1,2533,2541,2532,-1,2557,2543,2556,-1,2556,2543,2544,-1,2556,2544,2555,-1,
  2555,2544,2545,-1,2555,2545,2554,-1,2554,2545,2546,-1,2554,2546,2553,-1,2553,2546,2547,-1,2553,2547,2552,-1,2552,2547,2548,-1,2552,2548,2551,-1,
  2551,2548,2549,-1,2551,2549,2550,-1,2558,2559,2606,-1,2558,2606,2607,-1,2558,2607,2542,-1,2558,2542,2543,-1,2558,2543,2557,-1,2605,2606,2559,-1,
  2605,2559,2560,-1,2605,2560,2561,-1,2605,2561,2604,-1,2603,2604,2561,-1,2603,2561,2562,-1,2603,2562,2563,-1,2603,2563,2602,-1,2564,2565,2595,-1,
  2564,2595,2600,-1,2564,2600,2601,-1,2564,2601,2602,-1,2564,2602,2563,-1,2600,2595,2596,-1,2600,2596,2597,-1,2600,2597,2598,-1,2600,2598,2599,-1,
  2592,2593,2567,-1,2567,2593,2594,-1,2567,2594,2566,-1,2566,2594,2595,-1,2566,2595,2565,-1,2591,2592,2567,-1,2591,2567,2568,-1,2591,2568,2569,-1,
  2591,2569,2590,-1,2573,2586,2572,-1,2572,2586,2588,-1,2572,2588,2571,-1,2571,2588,2589,-1,2571,2589,2570,-1,2570,2589,2590,-1,2570,2590,2569,-1,
  2574,2575,2585,-1,2574,2585,2586,-1,2574,2586,2573,-1,2585,2575,2576,-1,2585,2576,2577,-1,2585,2577,2578,-1,2585,2578,2584,-1,2584,2578,2579,-1,
  2584,2579,2580,-1,2584,2580,2581,-1,2584,2581,2582,-1,2584,2582,2583,-1,2542,2607,2608,-1,2542,2608,2609,-1,2542,2609,2610,-1,2542,2610,2612,-1,
  2649,2650,2617,-1,2617,2650,2613,-1,2617,2613,2615,-1,2615,2613,2614,-1,2631,2632,2643,-1,2631,2643,2644,-1,2631,2644,2621,-1,2631,2621,2622,-1,
  2631,2622,2623,-1,2631,2623,2624,-1,2631,2624,2625,-1,2631,2625,2630,-1,2621,2644,2645,-1,2621,2645,2646,-1,2621,2646,2647,-1,2621,2647,2620,-1,
  2620,2647,2619,-1,2619,2647,2648,-1,2619,2648,2618,-1,2618,2648,2649,-1,2618,2649,2617,-1,2642,2634,2641,-1,2641,2634,2635,-1,2641,2635,2640,-1,
  2640,2635,2636,-1,2640,2636,2639,-1,2639,2636,2637,-1,2639,2637,2638,-1,2634,2642,2643,-1,2634,2643,2632,-1,2634,2632,2633,-1,2625,2626,2627,-1,
  2625,2627,2628,-1,2625,2628,2629,-1,2625,2629,2630,-1,2687,2688,2655,-1,2655,2688,2651,-1,2655,2651,2653,-1,2653,2651,2652,-1,2669,2670,2681,-1,
  2669,2681,2682,-1,2669,2682,2659,-1,2669,2659,2660,-1,2669,2660,2661,-1,2669,2661,2662,-1,2669,2662,2663,-1,2669,2663,2668,-1,2659,2682,2683,-1,
  2659,2683,2684,-1,2659,2684,2685,-1,2659,2685,2658,-1,2658,2685,2657,-1,2657,2685,2686,-1,2657,2686,2656,-1,2656,2686,2687,-1,2656,2687,2655,-1,
  2680,2672,2679,-1,2679,2672,2673,-1,2679,2673,2678,-1,2678,2673,2674,-1,2678,2674,2677,-1,2677,2674,2675,-1,2677,2675,2676,-1,2672,2680,2681,-1,
  2672,2681,2670,-1,2672,2670,2671,-1,2663,2664,2665,-1,2663,2665,2666,-1,2663,2666,2667,-1,2663,2667,2668,-1,2690,2691,2704,-1,2704,2691,2692,-1,
  2704,2692,2703,-1,2703,2692,2693,-1,2703,2693,2702,-1,2702,2693,2694,-1,2702,2694,2701,-1,2701,2694,2695,-1,2701,2695,2700,-1,2700,2695,2696,-1,
  2700,2696,2699,-1,2699,2696,2697,-1,2699,2697,2698,-1,2704,2705,2690,-1,2690,2705,2706,-1,2690,2706,2689,-1,2689,2706,2764,-1,2689,2764,2765,-1,
  2764,2706,2779,-1,2779,2706,2707,-1,2779,2707,2778,-1,2778,2707,2708,-1,2778,2708,2709,-1,2709,2710,2776,-1,2709,2776,2777,-1,2709,2777,2778,-1,
  2773,2774,2712,-1,2712,2774,2775,-1,2712,2775,2711,-1,2711,2775,2776,-1,2711,2776,2710,-1,2770,2771,2758,-1,2758,2771,2772,-1,2758,2772,2757,-1,
  2757,2772,2773,-1,2757,2773,2713,-1,2713,2773,2712,-1,2753,2754,2716,-1,2716,2754,2755,-1,2716,2755,2715,-1,2715,2755,2756,-1,2715,2756,2714,-1,
  2714,2756,2757,-1,2714,2757,2713,-1,2716,2717,2753,-1,2753,2717,2718,-1,2753,2718,2752,-1,2752,2718,2719,-1,2752,2719,2751,-1,2751,2719,2780,-1,
  2751,2780,2781,-1,2780,2719,2795,-1,2795,2719,2720,-1,2795,2720,2794,-1,2794,2720,2721,-1,2794,2721,2722,-1,2722,2723,2792,-1,2722,2792,2793,-1,
  2722,2793,2794,-1,2789,2790,2725,-1,2725,2790,2791,-1,2725,2791,2724,-1,2724,2791,2792,-1,2724,2792,2723,-1,2786,2787,2745,-1,2745,2787,2788,-1,
  2745,2788,2744,-1,2744,2788,2789,-1,2744,2789,2726,-1,2726,2789,2725,-1,2734,2737,2733,-1,2733,2737,2738,-1,2733,2738,2732,-1,2732,2738,2739,-1,
  2732,2739,2731,-1,2731,2739,2740,-1,2731,2740,2730,-1,2730,2740,2741,-1,2730,2741,2729,-1,2729,2741,2742,-1,2729,2742,2728,-1,2728,2742,2743,-1,
  2728,2743,2727,-1,2727,2743,2744,-1,2727,2744,2726,-1,2735,2736,2737,-1,2735,2737,2734,-1,2761,2762,2767,-1,2767,2762,2763,-1,2767,2763,2766,-1,
  2766,2763,2689,-1,2766,2689,2765,-1,2759,2760,2769,-1,2769,2760,2761,-1,2769,2761,2768,-1,2768,2761,2767,-1,2770,2758,2759,-1,2770,2759,2769,-1,
  2748,2749,2783,-1,2783,2749,2750,-1,2783,2750,2782,-1,2782,2750,2751,-1,2782,2751,2781,-1,2746,2747,2785,-1,2785,2747,2748,-1,2785,2748,2784,-1,
  2784,2748,2783,-1,2786,2745,2746,-1,2786,2746,2785,-1,2830,2831,2809,-1,2809,2831,2796,-1,2809,2796,2802,-1,2802,2796,2797,-1,2802,2797,2801,-1,
  2801,2797,2798,-1,2801,2798,2800,-1,2800,2798,2799,-1,2823,2824,2822,-1,2822,2824,2825,-1,2822,2825,2821,-1,2821,2825,2826,-1,2821,2826,2820,-1,
  2820,2826,2827,-1,2820,2827,2819,-1,2819,2827,2818,-1,2816,2817,2818,-1,2816,2818,2827,-1,2816,2827,2828,-1,2816,2828,2815,-1,2828,2829,2812,-1,
  2828,2812,2813,-1,2828,2813,2814,-1,2828,2814,2815,-1,2829,2830,2809,-1,2829,2809,2810,-1,2829,2810,2811,-1,2829,2811,2812,-1,2806,2807,2805,-1,
  2805,2807,2808,-1,2805,2808,2804,-1,2804,2808,2809,-1,2804,2809,2803,-1,2803,2809,2802,-1,2875,2876,2885,-1,2875,2885,2886,-1,2875,2886,2887,-1,
  2875,2887,2873,-1,2875,2873,2874,-1,2859,2860,2891,-1,2891,2860,2861,-1,2891,2861,2869,-1,2869,2861,2862,-1,2869,2862,2868,-1,2868,2862,2863,-1,
  2868,2863,2867,-1,2867,2863,2864,-1,2867,2864,2865,-1,2833,2834,2847,-1,2847,2834,2835,-1,2847,2835,2846,-1,2846,2835,2836,-1,2846,2836,2845,-1,
  2845,2836,2837,-1,2845,2837,2844,-1,2844,2837,2838,-1,2844,2838,2843,-1,2843,2838,2839,-1,2843,2839,2842,-1,2842,2839,2840,-1,2842,2840,2841,-1,
  2847,2848,2833,-1,2833,2848,2849,-1,2833,2849,2832,-1,2832,2849,2897,-1,2832,2897,2898,-1,2897,2849,2912,-1,2912,2849,2850,-1,2912,2850,2911,-1,
  2911,2850,2851,-1,2911,2851,2852,-1,2852,2853,2909,-1,2852,2909,2910,-1,2852,2910,2911,-1,2906,2907,2855,-1,2855,2907,2908,-1,2855,2908,2854,-1,
  2854,2908,2909,-1,2854,2909,2853,-1,2859,2891,2858,-1,2858,2891,2892,-1,2858,2892,2857,-1,2857,2892,2893,-1,2857,2893,2856,-1,2856,2893,2905,-1,
  2856,2905,2906,-1,2894,2895,2900,-1,2900,2895,2896,-1,2900,2896,2899,-1,2899,2896,2832,-1,2899,2832,2898,-1,2894,2900,2901,-1,2894,2901,2902,-1,
  2894,2902,2903,-1,2894,2903,2893,-1,2904,2905,2893,-1,2904,2893,2903,-1,2870,2871,2888,-1,2870,2888,2889,-1,2870,2889,2890,-1,2870,2890,2891,-1,
  2870,2891,2869,-1,2888,2871,2872,-1,2888,2872,2873,-1,2888,2873,2887,-1,2876,2877,2882,-1,2876,2882,2883,-1,2876,2883,2884,-1,2876,2884,2885,-1,
  2877,2878,2880,-1,2877,2880,2881,-1,2877,2881,2882,-1,2913,2914,2972,-1,2913,2972,2973,-1,2913,2973,2974,-1,2913,2974,2977,-1,2913,2977,2978,-1,
  2977,2974,2975,-1,2977,2975,2976,-1,2968,2969,2916,-1,2916,2969,2970,-1,2916,2970,2915,-1,2915,2970,2971,-1,2915,2971,2914,-1,2914,2971,2972,-1,
  2917,2918,2920,-1,2917,2920,2921,-1,2917,2921,2922,-1,2917,2922,2967,-1,2917,2967,2968,-1,2917,2968,2916,-1,2980,2981,2997,-1,2980,2997,2998,-1,
  2980,2998,2999,-1,2980,2999,3000,-1,2980,3000,2979,-1,2995,2996,2997,-1,2995,2997,2981,-1,2995,2981,2982,-1,2995,2982,2983,-1,2995,2983,2994,-1,
  2994,2983,2984,-1,2994,2984,2985,-1,2994,2985,2986,-1,2994,2986,2987,-1,2994,2987,2993,-1,2993,2987,2988,-1,2993,2988,2989,-1,2993,2989,2990,-1,
  2993,2990,2991,-1,2993,2991,2992,-1,3006,3007,3005,-1,3005,3007,3008,-1,3005,3008,3004,-1,3004,3008,3009,-1,3004,3009,3003,-1,3003,3009,3010,-1,
  3003,3010,3002,-1,3002,3010,3001,-1,3016,3017,3015,-1,3015,3017,3018,-1,3015,3018,3014,-1,3014,3018,3019,-1,3014,3019,3013,-1,3013,3019,3020,-1,
  3013,3020,3012,-1,3012,3020,3011,-1,3049,3050,3045,-1,3049,3045,3047,-1,3049,3047,3048,-1,3042,3043,3041,-1,3041,3043,3044,-1,3041,3044,3040,-1,
  3040,3044,3045,-1,3040,3045,3039,-1,3039,3045,3054,-1,3039,3054,3055,-1,3045,3050,3051,-1,3045,3051,3052,-1,3045,3052,3053,-1,3045,3053,3054,-1,
  3039,3055,3056,-1,3039,3056,3057,-1,3039,3057,3058,-1,3039,3058,3059,-1,3039,3059,3021,-1,3039,3021,3032,-1,3039,3032,3033,-1,3039,3033,3034,-1,
  3039,3034,3038,-1,3035,3036,3037,-1,3035,3037,3038,-1,3035,3038,3034,-1,3021,3022,3029,-1,3021,3029,3030,-1,3021,3030,3031,-1,3021,3031,3032,-1,
  3025,3026,3024,-1,3024,3026,3027,-1,3024,3027,3023,-1,3023,3027,3028,-1,3023,3028,3022,-1,3022,3028,3029,-1,3067,3068,3069,-1,3067,3069,3070,-1,
  3067,3070,3071,-1,3067,3071,3065,-1,3067,3065,3066,-1,3072,3073,3063,-1,3072,3063,3064,-1,3072,3064,3065,-1,3072,3065,3071,-1,3063,3073,3074,-1,
  3063,3074,3075,-1,3063,3075,3076,-1,3063,3076,3077,-1,3063,3077,3062,-1,3077,3078,3140,-1,3077,3140,3125,-1,3077,3125,3060,-1,3077,3060,3061,-1,
  3077,3061,3062,-1,3139,3140,3078,-1,3139,3078,3079,-1,3139,3079,3080,-1,3139,3080,3138,-1,3137,3138,3080,-1,3137,3080,3081,-1,3137,3081,3082,-1,
  3137,3082,3136,-1,3083,3084,3134,-1,3083,3134,3135,-1,3083,3135,3136,-1,3083,3136,3082,-1,3092,3095,3091,-1,3091,3095,3096,-1,3091,3096,3090,-1,
  3090,3096,3097,-1,3090,3097,3089,-1,3089,3097,3098,-1,3089,3098,3088,-1,3088,3098,3099,-1,3088,3099,3087,-1,3087,3099,3100,-1,3087,3100,3086,-1,
  3086,3100,3101,-1,3086,3101,3085,-1,3085,3101,3102,-1,3085,3102,3084,-1,3084,3102,3133,-1,3084,3133,3134,-1,3109,3123,3127,-1,3127,3123,3124,-1,
  3127,3124,3126,-1,3126,3124,3060,-1,3126,3060,3125,-1,3106,3107,3128,-1,3128,3107,3108,-1,3128,3108,3127,-1,3127,3108,3109,-1,3104,3105,3130,-1,
  3130,3105,3106,-1,3130,3106,3129,-1,3129,3106,3128,-1,3131,3132,3103,-1,3131,3103,3104,-1,3131,3104,3130,-1,3133,3102,3103,-1,3133,3103,3132,-1,
  3093,3094,3095,-1,3093,3095,3092,-1,3119,3120,3112,-1,3112,3120,3121,-1,3112,3121,3111,-1,3111,3121,3122,-1,3111,3122,3110,-1,3110,3122,3123,-1,
  3110,3123,3109,-1,3116,3117,3115,-1,3115,3117,3118,-1,3115,3118,3114,-1,3114,3118,3119,-1,3114,3119,3113,-1,3113,3119,3112,-1,3212,3213,3214,-1,
  3212,3214,3208,-1,3212,3208,3209,-1,3212,3209,3210,-1,3212,3210,3211,-1,3234,3141,3186,-1,3186,3141,3142,-1,3186,3142,3185,-1,3185,3142,3143,-1,
  3185,3143,3184,-1,3184,3143,3144,-1,3184,3144,3183,-1,3183,3144,3145,-1,3183,3145,3182,-1,3182,3145,3146,-1,3182,3146,3181,-1,3181,3146,3147,-1,
  3181,3147,3180,-1,3180,3147,3148,-1,3180,3148,3179,-1,3179,3148,3149,-1,3179,3149,3178,-1,3178,3149,3150,-1,3178,3150,3177,-1,3177,3150,3151,-1,
  3177,3151,3176,-1,3176,3151,3152,-1,3176,3152,3175,-1,3175,3152,3153,-1,3175,3153,3174,-1,3174,3153,3154,-1,3174,3154,3173,-1,3173,3154,3155,-1,
  3173,3155,3172,-1,3172,3155,3156,-1,3172,3156,3171,-1,3171,3156,3157,-1,3171,3157,3170,-1,3170,3157,3158,-1,3170,3158,3169,-1,3169,3158,3159,-1,
  3169,3159,3168,-1,3168,3159,3160,-1,3168,3160,3167,-1,3167,3160,3161,-1,3167,3161,3166,-1,3166,3161,3162,-1,3166,3162,3165,-1,3165,3162,3163,-1,
  3165,3163,3164,-1,3234,3186,3237,-1,3237,3186,3187,-1,3237,3187,3236,-1,3236,3187,3233,-1,3236,3233,3141,-1,3235,3236,3141,-1,3235,3141,3234,-1,
  3207,3214,3206,-1,3206,3214,3215,-1,3206,3215,3205,-1,3205,3215,3216,-1,3205,3216,3204,-1,3204,3216,3217,-1,3204,3217,3203,-1,3203,3217,3218,-1,
  3203,3218,3202,-1,3202,3218,3219,-1,3202,3219,3201,-1,3201,3219,3220,-1,3201,3220,3200,-1,3200,3220,3221,-1,3200,3221,3199,-1,3199,3221,3222,-1,
  3199,3222,3198,-1,3198,3222,3223,-1,3198,3223,3197,-1,3197,3223,3224,-1,3197,3224,3196,-1,3196,3224,3225,-1,3196,3225,3195,-1,3195,3225,3226,-1,
  3195,3226,3194,-1,3194,3226,3227,-1,3194,3227,3193,-1,3193,3227,3228,-1,3193,3228,3192,-1,3192,3228,3229,-1,3192,3229,3191,-1,3191,3229,3230,-1,
  3191,3230,3190,-1,3190,3230,3231,-1,3190,3231,3189,-1,3189,3231,3232,-1,3189,3232,3188,-1,3188,3232,3233,-1,3188,3233,3187,-1,3268,3269,3270,-1,
  3268,3270,3264,-1,3268,3264,3265,-1,3268,3265,3266,-1,3268,3266,3267,-1,3246,3240,3245,-1,3245,3240,3241,-1,3245,3241,3244,-1,3244,3241,3242,-1,
  3244,3242,3243,-1,3240,3246,3247,-1,3240,3247,3248,-1,3240,3248,3249,-1,3240,3249,3239,-1,3239,3249,3250,-1,3239,3250,3251,-1,3239,3251,3252,-1,
  3239,3252,3253,-1,3239,3253,3238,-1,3273,3274,3238,-1,3273,3238,3253,-1,3273,3253,3254,-1,3273,3254,3278,-1,3278,3254,3277,-1,3277,3254,3255,-1,
  3277,3255,3276,-1,3276,3255,3271,-1,3276,3271,3272,-1,3275,3276,3272,-1,3275,3272,3238,-1,3275,3238,3274,-1,3271,3255,3256,-1,3271,3256,3257,-1,
  3271,3257,3258,-1,3271,3258,3259,-1,3271,3259,3270,-1,3270,3259,3260,-1,3270,3260,3261,-1,3270,3261,3262,-1,3270,3262,3263,-1,3270,3263,3264,-1,
  3287,3281,3286,-1,3286,3281,3282,-1,3286,3282,3285,-1,3285,3282,3283,-1,3285,3283,3284,-1,3281,3287,3288,-1,3281,3288,3289,-1,3281,3289,3290,-1,
  3281,3290,3280,-1,3280,3290,3291,-1,3280,3291,3292,-1,3280,3292,3293,-1,3280,3293,3294,-1,3280,3294,3279,-1,3314,3315,3279,-1,3314,3279,3294,-1,
  3314,3294,3295,-1,3314,3295,3319,-1,3319,3295,3318,-1,3318,3295,3296,-1,3318,3296,3317,-1,3317,3296,3312,-1,3317,3312,3313,-1,3316,3317,3313,-1,
  3316,3313,3279,-1,3316,3279,3315,-1,3312,3296,3297,-1,3312,3297,3298,-1,3312,3298,3299,-1,3312,3299,3300,-1,3312,3300,3311,-1,3311,3300,3301,-1,
  3311,3301,3302,-1,3311,3302,3303,-1,3311,3303,3304,-1,3311,3304,3310,-1,3305,3306,3309,-1,3305,3309,3310,-1,3305,3310,3304,-1,3307,3308,3309,-1,
  3307,3309,3306,-1,3343,3344,3345,-1,3343,3345,3320,-1,3343,3320,3341,-1,3343,3341,3342,-1,3320,3321,3339,-1,3320,3339,3340,-1,3320,3340,3341,-1,
  3322,3323,3337,-1,3322,3337,3338,-1,3322,3338,3339,-1,3322,3339,3321,-1,3324,3325,3336,-1,3324,3336,3337,-1,3324,3337,3323,-1,3326,3327,3333,-1,
  3326,3333,3334,-1,3326,3334,3335,-1,3326,3335,3336,-1,3326,3336,3325,-1,3330,3331,3329,-1,3329,3331,3332,-1,3329,3332,3328,-1,3328,3332,3333,-1,
  3328,3333,3327,-1,3384,3385,3386,-1,3384,3386,3387,-1,3384,3387,3388,-1,3384,3388,3382,-1,3384,3382,3383,-1,3391,3380,3390,-1,3390,3380,3381,-1,
  3390,3381,3389,-1,3389,3381,3382,-1,3389,3382,3388,-1,3380,3391,3392,-1,3380,3392,3393,-1,3380,3393,3346,-1,3380,3346,3366,-1,3380,3366,3367,-1,
  3380,3367,3368,-1,3380,3368,3379,-1,3376,3377,3375,-1,3375,3377,3378,-1,3375,3378,3374,-1,3374,3378,3379,-1,3374,3379,3373,-1,3373,3379,3368,-1,
  3373,3368,3369,-1,3370,3371,3372,-1,3370,3372,3373,-1,3366,3346,3365,-1,3365,3346,3347,-1,3365,3347,3364,-1,3364,3347,3348,-1,3364,3348,3349,-1,
  3349,3350,3362,-1,3349,3362,3363,-1,3349,3363,3364,-1,3354,3359,3353,-1,3353,3359,3360,-1,3353,3360,3352,-1,3352,3360,3361,-1,3352,3361,3351,-1,
  3351,3361,3362,-1,3351,3362,3350,-1,3357,3358,3356,-1,3356,3358,3359,-1,3356,3359,3355,-1,3355,3359,3354,-1,3417,3418,3419,-1,3417,3419,3394,-1,
  3417,3394,3415,-1,3417,3415,3416,-1,3394,3395,3413,-1,3394,3413,3414,-1,3394,3414,3415,-1,3396,3397,3411,-1,3396,3411,3412,-1,3396,3412,3413,-1,
  3396,3413,3395,-1,3398,3399,3410,-1,3398,3410,3411,-1,3398,3411,3397,-1,3400,3401,3407,-1,3400,3407,3408,-1,3400,3408,3409,-1,3400,3409,3410,-1,
  3400,3410,3399,-1,3404,3405,3403,-1,3403,3405,3406,-1,3403,3406,3402,-1,3402,3406,3407,-1,3402,3407,3401,-1,3435,3436,3428,-1,3428,3436,3438,-1,
  3428,3438,3427,-1,3427,3438,3420,-1,3427,3420,3426,-1,3426,3420,3421,-1,3426,3421,3425,-1,3425,3421,3422,-1,3425,3422,3424,-1,3424,3422,3423,-1,
  3431,3432,3430,-1,3430,3432,3433,-1,3430,3433,3429,-1,3429,3433,3434,-1,3429,3434,3428,-1,3428,3434,3435,-1,3442,3443,3441,-1,3441,3443,3444,-1,
  3441,3444,3440,-1,3440,3444,3420,-1,3440,3420,3439,-1,3439,3420,3438,-1,3438,3436,3437,-1,3208,3214,3207,-1,3046,3047,3045,-1,2920,2918,2919,-1,
  2880,2878,2879,-1,2856,2906,2855,-1,2867,2865,2866,-1,2655,2653,2654,-1,2617,2615,2616,-1,2612,2610,2611,-1,2588,2586,2587,-1,2538,2536,2537,-1,
  2528,2526,2527,-1,2463,2461,2462,-1,2468,2466,2467,-1,2422,2420,2421,-1,2388,2386,2387,-1,2369,2394,2395,-1,2383,2381,2382,-1,2359,2357,2358,-1,
  2338,2336,2337,-1,2311,2309,2310,-1,2260,2258,2259,-1,2250,2248,2249,-1,2240,2238,2239,-1,2230,2228,2229,-1,2155,2153,2154,-1,2220,2218,2219,-1,
  2949,2947,2948,-1,2930,2955,2956,-1,2944,2942,2943,-1,798,796,797,-1,779,804,805,-1,793,791,792,-1,2134,2135,2133,-1,2061,2059,2060,-1,
  2023,2021,2022,-1,1963,1961,1962,-1,993,991,992,-1,974,999,1000,-1,988,986,987,-1,1940,1934,1939,-1,1913,1950,1912,-1,1902,1900,1901,-1,
  1837,1835,1836,-1,1826,1824,1825,-1,1816,1814,1815,-1,1766,1788,1789,-1,1764,1747,1763,-1,1714,1715,1713,-1,1709,1707,1708,-1,1720,1712,1719,-1,
  1686,1687,1685,-1,1607,1605,1606,-1,1602,1600,1601,-1,1565,1563,1564,-1,1546,1571,1572,-1,1560,1558,1559,-1,1536,1534,1535,-1,1515,1516,1514,-1,
  1400,1398,1399,-1,1395,1393,1394,-1,1314,1312,1313,-1,1309,1307,1308,-1,1268,1269,1267,-1,1229,1230,1228,-1,1170,1168,1169,-1,1165,1196,1164,-1,
  1108,1106,1107,-1,1045,1043,1044,-1,1040,1038,1039,-1,964,962,963,-1,946,923,945,-1,1866,1864,1865,-1,1847,1872,1873,-1,1861,1859,1860,-1,
  769,767,768,-1,851,849,850,-1,831,832,830,-1,748,749,747,-1,669,667,668,-1,664,662,663,-1,610,608,609,-1,575,532,574,-1,
  558,556,557,-1,568,566,567,-1,566,564,565,-1,2184,2182,2183,-1,2165,2190,2191,-1,2179,2177,2178,-1,335,333,334,-1,364,362,363,-1,
  345,370,371,-1,359,357,358,-1,291,289,290,-1,251,249,250,-1,249,247,248,-1,245,243,244,-1,215,213,214,-1,220,218,219,-1,
  90,140,89,-1,12,10,11,-1,7,5,6,-1]
  normalPerVertex TRUE
  normal DEF NORM_8 Normal { vector [
  0 0 1,0 0 1,
  0 0 1,0 0 1,
  0 0 1,0 0 1,
  0 0 1,0 0 1,
  0 0 1,0 0 1,
  0 0 1,0 0 1,
  0 0 1,0 0 1,
  0 0 1,0 0 1,
  0 0 1,0 0 1,
  0 0 1,0 0 1,
  0 0 1,0 0 1,
  0 0 1,0 0 1,
  0 0 1,0 0 1,
  0 0 1,0 0 1,
  0 0 1,0 0 1,
  0 0 1,0 0 1,
  0 0 1,0 0 1,
  0 0 1,0 0 1,
  0 0 1,0 0 1,
  0 0 1,0 0 1,
  0 0 1,0 0 1,
  0 0 1,0 0 1,
  0 0 1,0 0 1,
  0 0 1,0 0 1,
  0 0 1,0 0 1,
  0 0 1,0 0 1,
  0 0 1,0 0 1,
  0 0 1,0 0 1,
  0 0 1,0 0 1,
  0 0 1,0 0 1,
  0 0 1,0 0 1,
  0 0 1,0 0 1,
  0 0 1,0 0 1,
  0 0 1,0 0 1,
  0 0 1,0 0 1,
  0 0 1,0 0 1,
  0 0 1,0 0 1,
  0 0 1,0 0 1,
  0 0 1,0 0 1,
  0 0 1,0 0 1,
  0 0 1,0 0 1,
  0 0 1,0 0 1,
  0 0 1,0 0 1,
  0 0 1,0 0 1,
  0 0 1,0 0 1,
  0 0 1,0 0 1,
  0 0 1,0 0 1,
  0 0 1,0 0 1,
  0 0 1,0 0 1,
  0 0 1,0 0 1,
  0 0 1,0 0 1,
  0 0 1,0 0 1,
  0 0 1,0 0 1,
  0 0 1,0 0 1,
  0 0 1,0 0 1,
  0 0 1,0 0 1,
  0 0 1,0 0 1,
  0 0 1,0 0 1,
  0 0 1,0 0 1,
  0 0 1,0 0 1,
  0 0 1,0 0 1,
  0 0 1,0 0 1,
  0 0 1,0 0 1,
  0 0 1,0 0 1,
  0 0 1,0 0 1,
  0 0 1,0 0 1,
  0 0 1,0 0 1,
  0 0 1,0 0 1,
  0 0 1,0 0 1,
  0 0 1,0 0 1,
  0 0 1,0 0 1,
  0 0 1,0 0 1,
  0 0 1,0 0 1,
  0 0 1,0 0 1,
  0 0 1,0 0 1,
  0 0 1,0 0 1,
  0 0 1,0 0 1,
  0 0 1,0 0 1,
  0 0 1,0 0 1,
  0 0 1,0 0 1,
  0 0 1,0 0 1,
  0 0 1,0 0 1,
  0 0 1,0 0 1,
  0 0 1,0 0 1,
  0 0 1,0 0 1,
  0 0 1,0 0 1,
  0 0 1,0 0 1,
  0 0 1,0 0 1,
  0 0 1,0 0 1,
  0 0 1,0 0 1,
  0 0 1,0 0 1,
  0 0 1,0 0 1,
  0 0 1,0 0 1,
  0 0 1,0 0 1,
  0 0 1,0 0 1,
  0 0 1,0 0 1,
  0 0 1,0 0 1,
  0 0 1,0 0 1,
  0 0 1,0 0 1,
  0 0 1,0 0 1,
  0 0 1,0 0 1,
  0 0 1,0 0 1,
  0 0 1,0 0 1,
  0 0 1,0 0 1,
  0 0 1,0 0 1,
  0 0 1,0 0 1,
  0 0 1,0 0 1,
  0 0 1,0 0 1,
  0 0 1,0 0 1,
  0 0 1,0 0 1,
  0 0 1,0 0 1,
  0 0 1,0 0 1,
  0 0 1,0 0 1,
  0 0 1,0 0 1,
  0 0 1,0 0 1,
  0 0 1,0 0 1,
  0 0 1,0 0 1,
  0 0 1,0 0 1,
  0 0 1,0 0 1,
  0 0 1,0 0 1,
  0 0 1,0 0 1,
  0 0 1,0 0 1,
  0 0 1,0 0 1,
  0 0 1,0 0 1,
  0 0 1,0 0 1,
  0 0 1,0 0 1,
  0 0 1,0 0 1,
  0 0 1,0 0 1,
  0 0 1,0 0 1,
  0 0 1,0 0 1,
  0 0 1,0 0 1,
  0 0 1,0 0 1,
  0 0 1,0 0 1,
  0 0 1,0 0 1,
  0 0 1,0 0 1,
  0 0 1,0 0 1,
  0 0 1,0 0 1,
  0 0 1,0 0 1,
  0 0 1,0 0 1,
  0 0 1,0 0 1,
  0 0 1,0 0 1,
  0 0 1,0 0 1,
  0 0 1,0 0 1,
  0 0 1,0 0 1,
  0 0 1,0 0 1,
  0 0 1,0 0 1,
  0 0 1,0 0 1,
  0 0 1,0 0 1,
  0 0 1,0 0 1,
  0 0 1,0 0 1,
  0 0 1,0 0 1,
  0 0 1,0 0 1,
  0 0 1,0 0 1,
  0 0 1,0 0 1,
  0 0 1,0 0 1,
  0 0 1,0 0 1,
  0 0 1,0 0 1,
  0 0 1,0 0 1,
  0 0 1,0 0 1,
  0 0 1,0 0 1,
  0 0 1,0 0 1,
  0 0 1,0 0 1,
  0 0 1,0 0 1,
  0 0 1,0 0 1,
  0 0 1,0 0 1,
  0 0 1,0 0 1,
  0 0 1,0 0 1,
  0 0 1,0 0 1,
  0 0 1,0 0 1,
  0 0 1,0 0 1,
  0 0 1,0 0 1,
  0 0 1,0 0 1,
  0 0 1,0 0 1,
  0 0 1,0 0 1,
  0 0 1,0 0 1,
  0 0 1,0 0 1,
  0 0 1,0 0 1,
  0 0 1,0 0 1,
  0 0 1,0 0 1,
  0 0 1,0 0 1,
  0 0 1,0 0 1,
  0 0 1,0 0 1,
  0 0 1,0 0 1,
  0 0 1,0 0 1,
  0 0 1,0 0 1,
  0 0 1,0 0 1,
  0 0 1,0 0 1,
  0 0 1,0 0 1,
  0 0 1,0 0 1,
  0 0 1,0 0 1,
  0 0 1,0 0 1,
  0 0 1,0 0 1,
  0 0 1,0 0 1,
  0 0 1,0 0 1,
  0 0 1,0 0 1,
  0 0 1,0 0 1,
  0 0 1,0 0 1,
  0 0 1,0 0 1,
  0 0 1,0 0 1,
  0 0 1,0 0 1,
  0 0 1,0 0 1,
  0 0 1,0 0 1,
  0 0 1,0 0 1,
  0 0 1,0 0 1,
  0 0 1,0 0 1,
  0 0 1,0 0 1,
  0 0 1,0 0 1,
  0 0 1,0 0 1,
  0 0 1,0 0 1,
  0 0 1,0 0 1,
  0 0 1,0 0 1,
  0 0 1,0 0 1,
  0 0 1,0 0 1,
  0 0 1,0 0 1,
  0 0 1,0 0 1,
  0 0 1,0 0 1,
  0 0 1,0 0 1,
  0 0 1,0 0 1,
  0 0 1,0 0 1,
  0 0 1,0 0 1,
  0 0 1,0 0 1,
  0 0 1,0 0 1,
  0 0 1,0 0 1,
  0 0 1,0 0 1,
  0 0 1,0 0 1,
  0 0 1,0 0 1,
  0 0 1,0 0 1,
  0 0 1,0 0 1,
  0 0 1,0 0 1,
  0 0 1,0 0 1,
  0 0 1,0 0 1,
  0 0 1,0 0 1,
  0 0 1,0 0 1,
  0 0 1,0 0 1,
  0 0 1,0 0 1,
  0 0 1,0 0 1,
  0 0 1,0 0 1,
  0 0 1,0 0 1,
  0 0 1,0 0 1,
  0 0 1,0 0 1,
  0 0 1,0 0 1,
  0 0 1,0 0 1,
  0 0 1,0 0 1,
  0 0 1,0 0 1,
  0 0 1,0 0 1,
  0 0 1,0 0 1,
  0 0 1,0 0 1,
  0 0 1,0 0 1,
  0 0 1,0 0 1,
  0 0 1,0 0 1,
  0 0 1,0 0 1,
  0 0 1,0 0 1,
  0 0 1,0 0 1,
  0 0 1,0 0 1,
  0 0 1,0 0 1,
  0 0 1,0 0 1,
  0 0 1,0 0 1,
  0 0 1,0 0 1,
  0 0 1,0 0 1,
  0 0 1,0 0 1,
  0 0 1,0 0 1,
  0 0 1,0 0 1,
  0 0 1,0 0 1,
  0 0 1,0 0 1,
  0 0 1,0 0 1,
  0 0 1,0 0 1,
  0 0 1,0 0 1,
  0 0 1,0 0 1,
  0 0 1,0 0 1,
  0 0 1,0 0 1,
  0 0 1,0 0 1,
  0 0 1,0 0 1,
  0 0 1,0 0 1,
  0 0 1,0 0 1,
  0 0 1,0 0 1,
  0 0 1,0 0 1,
  0 0 1,0 0 1,
  0 0 1,0 0 1,
  0 0 1,0 0 1,
  0 0 1,0 0 1,
  0 0 1,0 0 1,
  0 0 1,0 0 1,
  0 0 1,0 0 1,
  0 0 1,0 0 1,
  0 0 1,0 0 1,
  0 0 1,0 0 1,
  0 0 1,0 0 1,
  0 0 1,0 0 1,
  0 0 1,0 0 1,
  0 0 1,0 0 1,
  0 0 1,0 0 1,
  0 0 1,0 0 1,
  0 0 1,0 0 1,
  0 0 1,0 0 1,
  0 0 1,0 0 1,
  0 0 1,0 0 1,
  0 0 1,0 0 1,
  0 0 1,0 0 1,
  0 0 1,0 0 1,
  0 0 1,0 0 1,
  0 0 1,0 0 1,
  0 0 1,0 0 1,
  0 0 1,0 0 1,
  0 0 1,0 0 1,
  0 0 1,0 0 1,
  0 0 1,0 0 1,
  0 0 1,0 0 1,
  0 0 1,0 0 1,
  0 0 1,0 0 1,
  0 0 1,0 0 1,
  0 0 1,0 0 1,
  0 0 1,0 0 1,
  0 0 1,0 0 1,
  0 0 1,0 0 1,
  0 0 1,0 0 1,
  0 0 1,0 0 1,
  0 0 1,0 0 1,
  0 0 1,0 0 1,
  0 0 1,0 0 1,
  0 0 1,0 0 1,
  0 0 1,0 0 1,
  0 0 1,0 0 1,
  0 0 1,0 0 1,
  0 0 1,0 0 1,
  0 0 1,0 0 1,
  0 0 1,0 0 1,
  0 0 1,0 0 1,
  0 0 1,0 0 1,
  0 0 1,0 0 1,
  0 0 1,0 0 1,
  0 0 1,0 0 1,
  0 0 1,0 0 1,
  0 0 1,0 0 1,
  0 0 1,0 0 1,
  0 0 1,0 0 1,
  0 0 1,0 0 1,
  0 0 1,0 0 1,
  0 0 1,0 0 1,
  0 0 1,0 0 1,
  0 0 1,0 0 1,
  0 0 1,0 0 1,
  0 0 1,0 0 1,
  0 0 1,0 0 1,
  0 0 1,0 0 1,
  0 0 1,0 0 1,
  0 0 1,0 0 1,
  0 0 1,0 0 1,
  0 0 1,0 0 1,
  0 0 1,0 0 1,
  0 0 1,0 0 1,
  0 0 1,0 0 1,
  0 0 1,0 0 1,
  0 0 1,0 0 1,
  0 0 1,0 0 1,
  0 0 1,0 0 1,
  0 0 1,0 0 1,
  0 0 1,0 0 1,
  0 0 1,0 0 1,
  0 0 1,0 0 1,
  0 0 1,0 0 1,
  0 0 1,0 0 1,
  0 0 1,0 0 1,
  0 0 1,0 0 1,
  0 0 1,0 0 1,
  0 0 1,0 0 1,
  0 0 1,0 0 1,
  0 0 1,0 0 1,
  0 0 1,0 0 1,
  0 0 1,0 0 1,
  0 0 1,0 0 1,
  0 0 1,0 0 1,
  0 0 1,0 0 1,
  0 0 1,0 0 1,
  0 0 1,0 0 1,
  0 0 1,0 0 1,
  0 0 1,0 0 1,
  0 0 1,0 0 1,
  0 0 1,0 0 1,
  0 0 1,0 0 1,
  0 0 1,0 0 1,
  0 0 1,0 0 1,
  0 0 1,0 0 1,
  0 0 1,0 0 1,
  0 0 1,0 0 1,
  0 0 1,0 0 1,
  0 0 1,0 0 1,
  0 0 1,0 0 1,
  0 0 1,0 0 1,
  0 0 1,0 0 1,
  0 0 1,0 0 1,
  0 0 1,0 0 1,
  0 0 1,0 0 1,
  0 0 1,0 0 1,
  0 0 1,0 0 1,
  0 0 1,0 0 1,
  0 0 1,0 0 1,
  0 0 1,0 0 1,
  0 0 1,0 0 1,
  0 0 1,0 0 1,
  0 0 1,0 0 1,
  0 0 1,0 0 1,
  0 0 1,0 0 1,
  0 0 1,0 0 1,
  0 0 1,0 0 1,
  0 0 1,0 0 1,
  0 0 1,0 0 1,
  0 0 1,0 0 1,
  0 0 1,0 0 1,
  0 0 1,0 0 1,
  0 0 1,0 0 1,
  0 0 1,0 0 1,
  0 0 1,0 0 1,
  0 0 1,0 0 1,
  0 0 1,0 0 1,
  0 0 1,0 0 1,
  0 0 1,0 0 1,
  0 0 1,0 0 1,
  0 0 1,0 0 1,
  0 0 1,0 0 1,
  0 0 1,0 0 1,
  0 0 1,0 0 1,
  0 0 1,0 0 1,
  0 0 1,0 0 1,
  0 0 1,0 0 1,
  0 0 1,0 0 1,
  0 0 1,0 0 1,
  0 0 1,0 0 1,
  0 0 1,0 0 1,
  0 0 1,0 0 1,
  0 0 1,0 0 1,
  0 0 1,0 0 1,
  0 0 1,0 0 1,
  0 0 1,0 0 1,
  0 0 1,0 0 1,
  0 0 1,0 0 1,
  0 0 1,0 0 1,
  0 0 1,0 0 1,
  0 0 1,0 0 1,
  0 0 1,0 0 1,
  0 0 1,0 0 1,
  0 0 1,0 0 1,
  0 0 1,0 0 1,
  0 0 1,0 0 1,
  0 0 1,0 0 1,
  0 0 1,0 0 1,
  0 0 1,0 0 1,
  0 0 1,0 0 1,
  0 0 1,0 0 1,
  0 0 1,0 0 1,
  0 0 1,0 0 1,
  0 0 1,0 0 1,
  0 0 1,0 0 1,
  0 0 1,0 0 1,
  0 0 1,0 0 1,
  0 0 1,0 0 1,
  0 0 1,0 0 1,
  0 0 1,0 0 1,
  0 0 1,0 0 1,
  0 0 1,0 0 1,
  0 0 1,0 0 1,
  0 0 1,0 0 1,
  0 0 1,0 0 1,
  0 0 1,0 0 1,
  0 0 1,0 0 1,
  0 0 1,0 0 1,
  0 0 1,0 0 1,
  0 0 1,0 0 1,
  0 0 1,0 0 1,
  0 0 1,0 0 1,
  0 0 1,0 0 1,
  0 0 1,0 0 1,
  0 0 1,0 0 1,
  0 0 1,0 0 1,
  0 0 1,0 0 1,
  0 0 1,0 0 1,
  0 0 1,0 0 1,
  0 0 1,0 0 1,
  0 0 1,0 0 1,
  0 0 1,0 0 1,
  0 0 1,0 0 1,
  0 0 1,0 0 1,
  0 0 1,0 0 1,
  0 0 1,0 0 1,
  0 0 1,0 0 1,
  0 0 1,0 0 1,
  0 0 1,0 0 1,
  0 0 1,0 0 1,
  0 0 1,0 0 1,
  0 0 1,0 0 1,
  0 0 1,0 0 1,
  0 0 1,0 0 1,
  0 0 1,0 0 1,
  0 0 1,0 0 1,
  0 0 1,0 0 1,
  0 0 1,0 0 1,
  0 0 1,0 0 1,
  0 0 1,0 0 1,
  0 0 1,0 0 1,
  0 0 1,0 0 1,
  0 0 1,0 0 1,
  0 0 1,0 0 1,
  0 0 1,0 0 1,
  0 0 1,0 0 1,
  0 0 1,0 0 1,
  0 0 1,0 0 1,
  0 0 1,0 0 1,
  0 0 1,0 0 1,
  0 0 1,0 0 1,
  0 0 1,0 0 1,
  0 0 1,0 0 1,
  0 0 1,0 0 1,
  0 0 1,0 0 1,
  0 0 1,0 0 1,
  0 0 1,0 0 1,
  0 0 1,0 0 1,
  0 0 1,0 0 1,
  0 0 1,0 0 1,
  0 0 1,0 0 1,
  0 0 1,0 0 1,
  0 0 1,0 0 1,
  0 0 1,0 0 1,
  0 0 1,0 0 1,
  0 0 1,0 0 1,
  0 0 1,0 0 1,
  0 0 1,0 0 1,
  0 0 1,0 0 1,
  0 0 1,0 0 1,
  0 0 1,0 0 1,
  0 0 1,0 0 1,
  0 0 1,0 0 1,
  0 0 1,0 0 1,
  0 0 1,0 0 1,
  0 0 1,0 0 1,
  0 0 1,0 0 1,
  0 0 1,0 0 1,
  0 0 1,0 0 1,
  0 0 1,0 0 1,
  0 0 1,0 0 1,
  0 0 1,0 0 1,
  0 0 1,0 0 1,
  0 0 1,0 0 1,
  0 0 1,0 0 1,
  0 0 1,0 0 1,
  0 0 1,0 0 1,
  0 0 1,0 0 1,
  0 0 1,0 0 1,
  0 0 1,0 0 1,
  0 0 1,0 0 1,
  0 0 1,0 0 1,
  0 0 1,0 0 1,
  0 0 1,0 0 1,
  0 0 1,0 0 1,
  0 0 1,0 0 1,
  0 0 1,0 0 1,
  0 0 1,0 0 1,
  0 0 1,0 0 1,
  0 0 1,0 0 1,
  0 0 1,0 0 1,
  0 0 1,0 0 1,
  0 0 1,0 0 1,
  0 0 1,0 0 1,
  0 0 1,0 0 1,
  0 0 1,0 0 1,
  0 0 1,0 0 1,
  0 0 1,0 0 1,
  0 0 1,0 0 1,
  0 0 1,0 0 1,
  0 0 1,0 0 1,
  0 0 1,0 0 1,
  0 0 1,0 0 1,
  0 0 1,0 0 1,
  0 0 1,0 0 1,
  0 0 1,0 0 1,
  0 0 1,0 0 1,
  0 0 1,0 0 1,
  0 0 1,0 0 1,
  0 0 1,0 0 1,
  0 0 1,0 0 1,
  0 0 1,0 0 1,
  0 0 1,0 0 1,
  0 0 1,0 0 1,
  0 0 1,0 0 1,
  0 0 1,0 0 1,
  0 0 1,0 0 1,
  0 0 1,0 0 1,
  0 0 1,0 0 1,
  0 0 1,0 0 1,
  0 0 1,0 0 1,
  0 0 1,0 0 1,
  0 0 1,0 0 1,
  0 0 1,0 0 1,
  0 0 1,0 0 1,
  0 0 1,0 0 1,
  0 0 1,0 0 1,
  0 0 1,0 0 1,
  0 0 1,0 0 1,
  0 0 1,0 0 1,
  0 0 1,0 0 1,
  0 0 1,0 0 1,
  0 0 1,0 0 1,
  0 0 1,0 0 1,
  0 0 1,0 0 1,
  0 0 1,0 0 1,
  0 0 1,0 0 1,
  0 0 1,0 0 1,
  0 0 1,0 0 1,
  0 0 1,0 0 1,
  0 0 1,0 0 1,
  0 0 1,0 0 1,
  0 0 1,0 0 1,
  0 0 1,0 0 1,
  0 0 1,0 0 1,
  0 0 1,0 0 1,
  0 0 1,0 0 1,
  0 0 1,0 0 1,
  0 0 1,0 0 1,
  0 0 1,0 0 1,
  0 0 1,0 0 1,
  0 0 1,0 0 1,
  0 0 1,0 0 1,
  0 0 1,0 0 1,
  0 0 1,0 0 1,
  0 0 1,0 0 1,
  0 0 1,0 0 1,
  0 0 1,0 0 1,
  0 0 1,0 0 1,
  0 0 1,0 0 1,
  0 0 1,0 0 1,
  0 0 1,0 0 1,
  0 0 1,0 0 1,
  0 0 1,0 0 1,
  0 0 1,0 0 1,
  0 0 1,0 0 1,
  0 0 1,0 0 1,
  0 0 1,0 0 1,
  0 0 1,0 0 1,
  0 0 1,0 0 1,
  0 0 1,0 0 1,
  0 0 1,0 0 1,
  0 0 1,0 0 1,
  0 0 1,0 0 1,
  0 0 1,0 0 1,
  0 0 1,0 0 1,
  0 0 1,0 0 1,
  0 0 1,0 0 1,
  0 0 1,0 0 1,
  0 0 1,0 0 1,
  0 0 1,0 0 1,
  0 0 1,0 0 1,
  0 0 1,0 0 1,
  0 0 1,0 0 1,
  0 0 1,0 0 1,
  0 0 1,0 0 1,
  0 0 1,0 0 1,
  0 0 1,0 0 1,
  0 0 1,0 0 1,
  0 0 1,0 0 1,
  0 0 1,0 0 1,
  0 0 1,0 0 1,
  0 0 1,0 0 1,
  0 0 1,0 0 1,
  0 0 1,0 0 1,
  0 0 1,0 0 1,
  0 0 1,0 0 1,
  0 0 1,0 0 1,
  0 0 1,0 0 1,
  0 0 1,0 0 1,
  0 0 1,0 0 1,
  0 0 1,0 0 1,
  0 0 1,0 0 1,
  0 0 1,0 0 1,
  0 0 1,0 0 1,
  0 0 1,0 0 1,
  0 0 1,0 0 1,
  0 0 1,0 0 1,
  0 0 1,0 0 1,
  0 0 1,0 0 1,
  0 0 1,0 0 1,
  0 0 1,0 0 1,
  0 0 1,0 0 1,
  0 0 1,0 0 1,
  0 0 1,0 0 1,
  0 0 1,0 0 1,
  0 0 1,0 0 1,
  0 0 1,0 0 1,
  0 0 1,0 0 1,
  0 0 1,0 0 1,
  0 0 1,0 0 1,
  0 0 1,0 0 1,
  0 0 1,0 0 1,
  0 0 1,0 0 1,
  0 0 1,0 0 1,
  0 0 1,0 0 1,
  0 0 1,0 0 1,
  0 0 1,0 0 1,
  0 0 1,0 0 1,
  0 0 1,0 0 1,
  0 0 1,0 0 1,
  0 0 1,0 0 1,
  0 0 1,0 0 1,
  0 0 1,0 0 1,
  0 0 1,0 0 1,
  0 0 1,0 0 1,
  0 0 1,0 0 1,
  0 0 1,0 0 1,
  0 0 1,0 0 1,
  0 0 1,0 0 1,
  0 0 1,0 0 1,
  0 0 1,0 0 1,
  0 0 1,0 0 1,
  0 0 1,0 0 1,
  0 0 1,0 0 1,
  0 0 1,0 0 1,
  0 0 1,0 0 1,
  0 0 1,0 0 1,
  0 0 1,0 0 1,
  0 0 1,0 0 1,
  0 0 1,0 0 1,
  0 0 1,0 0 1,
  0 0 1,0 0 1,
  0 0 1,0 0 1,
  0 0 1,0 0 1,
  0 0 1,0 0 1,
  0 0 1,0 0 1,
  0 0 1,0 0 1,
  0 0 1,0 0 1,
  0 0 1,0 0 1,
  0 0 1,0 0 1,
  0 0 1,0 0 1,
  0 0 1,0 0 1,
  0 0 1,0 0 1,
  0 0 1,0 0 1,
  0 0 1,0 0 1,
  0 0 1,0 0 1,
  0 0 1,0 0 1,
  0 0 1,0 0 1,
  0 0 1,0 0 1,
  0 0 1,0 0 1,
  0 0 1,0 0 1,
  0 0 1,0 0 1,
  0 0 1,0 0 1,
  0 0 1,0 0 1,
  0 0 1,0 0 1,
  0 0 1,0 0 1,
  0 0 1,0 0 1,
  0 0 1,0 0 1,
  0 0 1,0 0 1,
  0 0 1,0 0 1,
  0 0 1,0 0 1,
  0 0 1,0 0 1,
  0 0 1,0 0 1,
  0 0 1,0 0 1,
  0 0 1,0 0 1,
  0 0 1,0 0 1,
  0 0 1,0 0 1,
  0 0 1,0 0 1,
  0 0 1,0 0 1,
  0 0 1,0 0 1,
  0 0 1,0 0 1,
  0 0 1,0 0 1,
  0 0 1,0 0 1,
  0 0 1,0 0 1,
  0 0 1,0 0 1,
  0 0 1,0 0 1,
  0 0 1,0 0 1,
  0 0 1,0 0 1,
  0 0 1,0 0 1,
  0 0 1,0 0 1,
  0 0 1,0 0 1,
  0 0 1,0 0 1,
  0 0 1,0 0 1,
  0 0 1,0 0 1,
  0 0 1,0 0 1,
  0 0 1,0 0 1,
  0 0 1,0 0 1,
  0 0 1,0 0 1,
  0 0 1,0 0 1,
  0 0 1,0 0 1,
  0 0 1,0 0 1,
  0 0 1,0 0 1,
  0 0 1,0 0 1,
  0 0 1,0 0 1,
  0 0 1,0 0 1,
  0 0 1,0 0 1,
  0 0 1,0 0 1,
  0 0 1,0 0 1,
  0 0 1,0 0 1,
  0 0 1,0 0 1,
  0 0 1,0 0 1,
  0 0 1,0 0 1,
  0 0 1,0 0 1,
  0 0 1,0 0 1,
  0 0 1,0 0 1,
  0 0 1,0 0 1,
  0 0 1,0 0 1,
  0 0 1,0 0 1,
  0 0 1,0 0 1,
  0 0 1,0 0 1,
  0 0 1,0 0 1,
  0 0 1,0 0 1,
  0 0 1,0 0 1,
  0 0 1,0 0 1,
  0 0 1,0 0 1,
  0 0 1,0 0 1,
  0 0 1,0 0 1,
  0 0 1,0 0 1,
  0 0 1,0 0 1,
  0 0 1,0 0 1,
  0 0 1,0 0 1,
  0 0 1,0 0 1,
  0 0 1,0 0 1,
  0 0 1,0 0 1,
  0 0 1,0 0 1,
  0 0 1,0 0 1,
  0 0 1,0 0 1,
  0 0 1,0 0 1,
  0 0 1,0 0 1,
  0 0 1,0 0 1,
  0 0 1,0 0 1,
  0 0 1,0 0 1,
  0 0 1,0 0 1,
  0 0 1,0 0 1,
  0 0 1,0 0 1,
  0 0 1,0 0 1,
  0 0 1,0 0 1,
  0 0 1,0 0 1,
  0 0 1,0 0 1,
  0 0 1,0 0 1,
  0 0 1,0 0 1,
  0 0 1,0 0 1,
  0 0 1,0 0 1,
  0 0 1,0 0 1,
  0 0 1,0 0 1,
  0 0 1,0 0 1,
  0 0 1,0 0 1,
  0 0 1,0 0 1,
  0 0 1,0 0 1,
  0 0 1,0 0 1,
  0 0 1,0 0 1,
  0 0 1,0 0 1,
  0 0 1,0 0 1,
  0 0 1,0 0 1,
  0 0 1,0 0 1,
  0 0 1,0 0 1,
  0 0 1,0 0 1,
  0 0 1,0 0 1,
  0 0 1,0 0 1,
  0 0 1,0 0 1,
  0 0 1,0 0 1,
  0 0 1,0 0 1,
  0 0 1,0 0 1,
  0 0 1,0 0 1,
  0 0 1,0 0 1,
  0 0 1,0 0 1,
  0 0 1,0 0 1,
  0 0 1,0 0 1,
  0 0 1,0 0 1,
  0 0 1,0 0 1,
  0 0 1,0 0 1,
  0 0 1,0 0 1,
  0 0 1,0 0 1,
  0 0 1,0 0 1,
  0 0 1,0 0 1,
  0 0 1,0 0 1,
  0 0 1,0 0 1,
  0 0 1,0 0 1,
  0 0 1,0 0 1,
  0 0 1,0 0 1,
  0 0 1,0 0 1,
  0 0 1,0 0 1,
  0 0 1,0 0 1,
  0 0 1,0 0 1,
  0 0 1,0 0 1,
  0 0 1,0 0 1,
  0 0 1,0 0 1,
  0 0 1,0 0 1,
  0 0 1,0 0 1,
  0 0 1,0 0 1,
  0 0 1,0 0 1,
  0 0 1,0 0 1,
  0 0 1,0 0 1,
  0 0 1,0 0 1,
  0 0 1,0 0 1,
  0 0 1,0 0 1,
  0 0 1,0 0 1,
  0 0 1,0 0 1,
  0 0 1,0 0 1,
  0 0 1,0 0 1,
  0 0 1,0 0 1,
  0 0 1,0 0 1,
  0 0 1,0 0 1,
  0 0 1,0 0 1,
  0 0 1,0 0 1,
  0 0 1,0 0 1,
  0 0 1,0 0 1,
  0 0 1,0 0 1,
  0 0 1,0 0 1,
  0 0 1,0 0 1,
  0 0 1,0 0 1,
  0 0 1,0 0 1,
  0 0 1,0 0 1,
  0 0 1,0 0 1,
  0 0 1,0 0 1,
  0 0 1,0 0 1,
  0 0 1,0 0 1,
  0 0 1,0 0 1,
  0 0 1,0 0 1,
  0 0 1,0 0 1,
  0 0 1,0 0 1,
  0 0 1,0 0 1,
  0 0 1,0 0 1,
  0 0 1,0 0 1,
  0 0 1,0 0 1,
  0 0 1,0 0 1,
  0 0 1,0 0 1,
  0 0 1,0 0 1,
  0 0 1,0 0 1,
  0 0 1,0 0 1,
  0 0 1,0 0 1,
  0 0 1,0 0 1,
  0 0 1,0 0 1,
  0 0 1,0 0 1,
  0 0 1,0 0 1,
  0 0 1,0 0 1,
  0 0 1,0 0 1,
  0 0 1,0 0 1,
  0 0 1,0 0 1,
  0 0 1,0 0 1,
  0 0 1,0 0 1,
  0 0 1,0 0 1,
  0 0 1,0 0 1,
  0 0 1,0 0 1,
  0 0 1,0 0 1,
  0 0 1,0 0 1,
  0 0 1,0 0 1,
  0 0 1,0 0 1,
  0 0 1,0 0 1,
  0 0 1,0 0 1,
  0 0 1,0 0 1,
  0 0 1,0 0 1,
  0 0 1,0 0 1,
  0 0 1,0 0 1,
  0 0 1,0 0 1,
  0 0 1,0 0 1,
  0 0 1,0 0 1,
  0 0 1,0 0 1,
  0 0 1,0 0 1,
  0 0 1,0 0 1,
  0 0 1,0 0 1,
  0 0 1,0 0 1,
  0 0 1,0 0 1,
  0 0 1,0 0 1,
  0 0 1,0 0 1,
  0 0 1,0 0 1,
  0 0 1,0 0 1,
  0 0 1,0 0 1,
  0 0 1,0 0 1,
  0 0 1,0 0 1,
  0 0 1,0 0 1,
  0 0 1,0 0 1,
  0 0 1,0 0 1,
  0 0 1,0 0 1,
  0 0 1,0 0 1,
  0 0 1,0 0 1,
  0 0 1,0 0 1,
  0 0 1,0 0 1,
  0 0 1,0 0 1,
  0 0 1,0 0 1,
  0 0 1,0 0 1,
  0 0 1,0 0 1,
  0 0 1,0 0 1,
  0 0 1,0 0 1,
  0 0 1,0 0 1,
  0 0 1,0 0 1,
  0 0 1,0 0 1,
  0 0 1,0 0 1,
  0 0 1,0 0 1,
  0 0 1,0 0 1,
  0 0 1,0 0 1,
  0 0 1,0 0 1,
  0 0 1,0 0 1,
  0 0 1,0 0 1,
  0 0 1,0 0 1,
  0 0 1,0 0 1,
  0 0 1,0 0 1,
  0 0 1,0 0 1,
  0 0 1,0 0 1,
  0 0 1,0 0 1,
  0 0 1,0 0 1,
  0 0 1,0 0 1,
  0 0 1,0 0 1,
  0 0 1,0 0 1,
  0 0 1,0 0 1,
  0 0 1,0 0 1,
  0 0 1,0 0 1,
  0 0 1,0 0 1,
  0 0 1,0 0 1,
  0 0 1,0 0 1,
  0 0 1,0 0 1,
  0 0 1,0 0 1,
  0 0 1,0 0 1,
  0 0 1,0 0 1,
  0 0 1,0 0 1,
  0 0 1,0 0 1,
  0 0 1,0 0 1,
  0 0 1,0 0 1,
  0 0 1,0 0 1,
  0 0 1,0 0 1,
  0 0 1,0 0 1,
  0 0 1,0 0 1,
  0 0 1,0 0 1,
  0 0 1,0 0 1,
  0 0 1,0 0 1,
  0 0 1,0 0 1,
  0 0 1,0 0 1,
  0 0 1,0 0 1,
  0 0 1,0 0 1,
  0 0 1,0 0 1,
  0 0 1,0 0 1,
  0 0 1,0 0 1,
  0 0 1,0 0 1,
  0 0 1,0 0 1,
  0 0 1,0 0 1,
  0 0 1,0 0 1,
  0 0 1,0 0 1,
  0 0 1,0 0 1,
  0 0 1,0 0 1,
  0 0 1,0 0 1,
  0 0 1,0 0 1,
  0 0 1,0 0 1,
  0 0 1,0 0 1,
  0 0 1,0 0 1,
  0 0 1,0 0 1,
  0 0 1,0 0 1,
  0 0 1,0 0 1,
  0 0 1,0 0 1,
  0 0 1,0 0 1,
  0 0 1,0 0 1,
  0 0 1,0 0 1,
  0 0 1,0 0 1,
  0 0 1,0 0 1,
  0 0 1,0 0 1,
  0 0 1,0 0 1,
  0 0 1,0 0 1,
  0 0 1,0 0 1,
  0 0 1,0 0 1,
  0 0 1,0 0 1,
  0 0 1,0 0 1,
  0 0 1,0 0 1,
  0 0 1,0 0 1,
  0 0 1,0 0 1,
  0 0 1,0 0 1,
  0 0 1,0 0 1,
  0 0 1,0 0 1,
  0 0 1,0 0 1,
  0 0 1,0 0 1,
  0 0 1,0 0 1,
  0 0 1,0 0 1,
  0 0 1,0 0 1,
  0 0 1,0 0 1,
  0 0 1,0 0 1,
  0 0 1,0 0 1,
  0 0 1,0 0 1,
  0 0 1,0 0 1,
  0 0 1,0 0 1,
  0 0 1,0 0 1,
  0 0 1,0 0 1,
  0 0 1,0 0 1,
  0 0 1,0 0 1,
  0 0 1,0 0 1,
  0 0 1,0 0 1,
  0 0 1,0 0 1,
  0 0 1,0 0 1,
  0 0 1,0 0 1,
  0 0 1,0 0 1,
  0 0 1,0 0 1,
  0 0 1,0 0 1,
  0 0 1,0 0 1,
  0 0 1,0 0 1,
  0 0 1,0 0 1,
  0 0 1,0 0 1,
  0 0 1,0 0 1,
  0 0 1,0 0 1,
  0 0 1,0 0 1,
  0 0 1,0 0 1,
  0 0 1,0 0 1,
  0 0 1,0 0 1,
  0 0 1,0 0 1,
  0 0 1,0 0 1,
  0 0 1,0 0 1,
  0 0 1,0 0 1,
  0 0 1,0 0 1,
  0 0 1,0 0 1,
  0 0 1,0 0 1,
  0 0 1,0 0 1,
  0 0 1,0 0 1,
  0 0 1,0 0 1,
  0 0 1,0 0 1,
  0 0 1,0 0 1,
  0 0 1,0 0 1,
  0 0 1,0 0 1,
  0 0 1,0 0 1,
  0 0 1,0 0 1,
  0 0 1,0 0 1,
  0 0 1,0 0 1,
  0 0 1,0 0 1,
  0 0 1,0 0 1,
  0 0 1,0 0 1,
  0 0 1,0 0 1,
  0 0 1,0 0 1,
  0 0 1,0 0 1,
  0 0 1,0 0 1,
  0 0 1,0 0 1,
  0 0 1,0 0 1,
  0 0 1,0 0 1,
  0 0 1,0 0 1,
  0 0 1,0 0 1,
  0 0 1,0 0 1,
  0 0 1,0 0 1,
  0 0 1,0 0 1,
  0 0 1,0 0 1,
  0 0 1,0 0 1,
  0 0 1,0 0 1,
  0 0 1,0 0 1,
  0 0 1,0 0 1,
  0 0 1,0 0 1,
  0 0 1,0 0 1,
  0 0 1,0 0 1,
  0 0 1,0 0 1,
  0 0 1,0 0 1,
  0 0 1,0 0 1,
  0 0 1,0 0 1,
  0 0 1,0 0 1,
  0 0 1,0 0 1,
  0 0 1,0 0 1,
  0 0 1,0 0 1,
  0 0 1,0 0 1,
  0 0 1,0 0 1,
  0 0 1,0 0 1,
  0 0 1,0 0 1,
  0 0 1,0 0 1,
  0 0 1,0 0 1,
  0 0 1,0 0 1,
  0 0 1,0 0 1,
  0 0 1,0 0 1,
  0 0 1,0 0 1,
  0 0 1,0 0 1,
  0 0 1,0 0 1,
  0 0 1,0 0 1,
  0 0 1,0 0 1,
  0 0 1,0 0 1,
  0 0 1,0 0 1,
  0 0 1,0 0 1,
  0 0 1,0 0 1,
  0 0 1,0 0 1,
  0 0 1,0 0 1,
  0 0 1,0 0 1,
  0 0 1,0 0 1,
  0 0 1,0 0 1,
  0 0 1,0 0 1,
  0 0 1,0 0 1,
  0 0 1,0 0 1,
  0 0 1,0 0 1,
  0 0 1,0 0 1,
  0 0 1,0 0 1,
  0 0 1,0 0 1,
  0 0 1,0 0 1,
  0 0 1,0 0 1,
  0 0 1,0 0 1,
  0 0 1,0 0 1,
  0 0 1,0 0 1,
  0 0 1,0 0 1,
  0 0 1,0 0 1,
  0 0 1,0 0 1,
  0 0 1,0 0 1,
  0 0 1,0 0 1,
  0 0 1,0 0 1,
  0 0 1,0 0 1,
  0 0 1,0 0 1,
  0 0 1,0 0 1,
  0 0 1,0 0 1,
  0 0 1,0 0 1,
  0 0 1,0 0 1,
  0 0 1,0 0 1,
  0 0 1,0 0 1,
  0 0 1,0 0 1,
  0 0 1,0 0 1,
  0 0 1,0 0 1,
  0 0 1,0 0 1,
  0 0 1,0 0 1,
  0 0 1,0 0 1,
  0 0 1,0 0 1,
  0 0 1,0 0 1,
  0 0 1,0 0 1,
  0 0 1,0 0 1,
  0 0 1,0 0 1,
  0 0 1,0 0 1,
  0 0 1,0 0 1,
  0 0 1,0 0 1,
  0 0 1,0 0 1,
  0 0 1,0 0 1,
  0 0 1,0 0 1,
  0 0 1,0 0 1,
  0 0 1,0 0 1,
  0 0 1,0 0 1,
  0 0 1,0 0 1,
  0 0 1,0 0 1,
  0 0 1,0 0 1,
  0 0 1,0 0 1,
  0 0 1,0 0 1,
  0 0 1,0 0 1,
  0 0 1,0 0 1,
  0 0 1,0 0 1,
  0 0 1,0 0 1,
  0 0 1,0 0 1,
  0 0 1,0 0 1,
  0 0 1,0 0 1,
  0 0 1,0 0 1,
  0 0 1,0 0 1,
  0 0 1,0 0 1,
  0 0 1,0 0 1,
  0 0 1,0 0 1,
  0 0 1,0 0 1,
  0 0 1,0 0 1,
  0 0 1,0 0 1,
  0 0 1,0 0 1,
  0 0 1,0 0 1,
  0 0 1,0 0 1,
  0 0 1,0 0 1,
  0 0 1,0 0 1,
  0 0 1,0 0 1,
  0 0 1,0 0 1,
  0 0 1,0 0 1,
  0 0 1,0 0 1,
  0 0 1,0 0 1,
  0 0 1,0 0 1,
  0 0 1,0 0 1,
  0 0 1,0 0 1,
  0 0 1,0 0 1,
  0 0 1,0 0 1,
  0 0 1,0 0 1,
  0 0 1,0 0 1,
  0 0 1,0 0 1,
  0 0 1,0 0 1,
  0 0 1,0 0 1,
  0 0 1,0 0 1,
  0 0 1,0 0 1,
  0 0 1,0 0 1,
  0 0 1,0 0 1,
  0 0 1,0 0 1,
  0 0 1,0 0 1,
  0 0 1,0 0 1,
  0 0 1,0 0 1,
  0 0 1,0 0 1,
  0 0 1,0 0 1,
  0 0 1,0 0 1,
  0 0 1,0 0 1,
  0 0 1,0 0 1,
  0 0 1,0 0 1,
  0 0 1,0 0 1,
  0 0 1,0 0 1,
  0 0 1,0 0 1,
  0 0 1,0 0 1,
  0 0 1,0 0 1,
  0 0 1,0 0 1,
  0 0 1,0 0 1,
  0 0 1,0 0 1,
  0 0 1,0 0 1,
  0 0 1,0 0 1,
  0 0 1,0 0 1,
  0 0 1,0 0 1,
  0 0 1,0 0 1,
  0 0 1,0 0 1,
  0 0 1,0 0 1,
  0 0 1,0 0 1,
  0 0 1,0 0 1,
  0 0 1,0 0 1,
  0 0 1,0 0 1,
  0 0 1,0 0 1,
  0 0 1,0 0 1,
  0 0 1,0 0 1,
  0 0 1,0 0 1,
  0 0 1,0 0 1,
  0 0 1,0 0 1,
  0 0 1,0 0 1,
  0 0 1,0 0 1,
  0 0 1,0 0 1,
  0 0 1,0 0 1,
  0 0 1,0 0 1,
  0 0 1,0 0 1,
  0 0 1,0 0 1,
  0 0 1,0 0 1,
  0 0 1,0 0 1,
  0 0 1,0 0 1,
  0 0 1,0 0 1,
  0 0 1,0 0 1,
  0 0 1,0 0 1,
  0 0 1,0 0 1,
  0 0 1,0 0 1,
  0 0 1,0 0 1,
  0 0 1,0 0 1,
  0 0 1,0 0 1,
  0 0 1,0 0 1,
  0 0 1,0 0 1,
  0 0 1,0 0 1,
  0 0 1,0 0 1,
  0 0 1,0 0 1,
  0 0 1,0 0 1,
  0 0 1,0 0 1,
  0 0 1,0 0 1,
  0 0 1,0 0 1,
  0 0 1,0 0 1,
  0 0 1,0 0 1,
  0 0 1,0 0 1,
  0 0 1,0 0 1,
  0 0 1,0 0 1,
  0 0 1,0 0 1,
  0 0 1,0 0 1,
  0 0 1,0 0 1,
  0 0 1,0 0 1,
  0 0 1,0 0 1,
  0 0 1,0 0 1,
  0 0 1,0 0 1,
  0 0 1,0 0 1,
  0 0 1,0 0 1,
  0 0 1,0 0 1,
  0 0 1,0 0 1,
  0 0 1,0 0 1,
  0 0 1,0 0 1,
  0 0 1,0 0 1,
  0 0 1,0 0 1,
  0 0 1,0 0 1,
  0 0 1,0 0 1,
  0 0 1,0 0 1,
  0 0 1,0 0 1,
  0 0 1,0 0 1,
  0 0 1,0 0 1,
  0 0 1,0 0 1,
  0 0 1,0 0 1,
  0 0 1,0 0 1,
  0 0 1,0 0 1,
  0 0 1,0 0 1,
  0 0 1,0 0 1,
  0 0 1,0 0 1,
  0 0 1,0 0 1,
  0 0 1,0 0 1,
  0 0 1,0 0 1,
  0 0 1,0 0 1,
  0 0 1,0 0 1,
  0 0 1,0 0 1,
  0 0 1,0 0 1,
  0 0 1,0 0 1,
  0 0 1,0 0 1,
  0 0 1,0 0 1,
  0 0 1,0 0 1,
  0 0 1,0 0 1,
  0 0 1,0 0 1,
  0 0 1,0 0 1,
  0 0 1,0 0 1,
  0 0 1,0 0 1,
  0 0 1,0 0 1,
  0 0 1,0 0 1,
  0 0 1,0 0 1,
  0 0 1,0 0 1,
  0 0 1,0 0 1,
  0 0 1,0 0 1,
  0 0 1,0 0 1,
  0 0 1,0 0 1,
  0 0 1,0 0 1,
  0 0 1,0 0 1,
  0 0 1,0 0 1,
  0 0 1,0 0 1,
  0 0 1,0 0 1,
  0 0 1,0 0 1,
  0 0 1,0 0 1,
  0 0 1,0 0 1,
  0 0 1,0 0 1,
  0 0 1,0 0 1,
  0 0 1,0 0 1,
  0 0 1,0 0 1,
  0 0 1,0 0 1,
  0 0 1,0 0 1,
  0 0 1,0 0 1,
  0 0 1,0 0 1,
  0 0 1,0 0 1,
  0 0 1,0 0 1,
  0 0 1,0 0 1,
  0 0 1,0 0 1,
  0 0 1,0 0 1,
  0 0 1,0 0 1,
  0 0 1,0 0 1,
  0 0 1,0 0 1,
  0 0 1,0 0 1,
  0 0 1,0 0 1,
  0 0 1,0 0 1,
  0 0 1,0 0 1,
  0 0 1,0 0 1,
  0 0 1,0 0 1,
  0 0 1,0 0 1,
  0 0 1,0 0 1,
  0 0 1,0 0 1,
  0 0 1,0 0 1,
  0 0 1,0 0 1,
  0 0 1,0 0 1,
  0 0 1,0 0 1,
  0 0 1,0 0 1,
  0 0 1,0 0 1,
  0 0 1,0 0 1,
  0 0 1,0 0 1,
  0 0 1,0 0 1,
  0 0 1,0 0 1,
  0 0 1,0 0 1,
  0 0 1,0 0 1,
  0 0 1,0 0 1,
  0 0 1,0 0 1,
  0 0 1,0 0 1,
  0 0 1,0 0 1,
  0 0 1,0 0 1,
  0 0 1,0 0 1,
  0 0 1,0 0 1,
  0 0 1,0 0 1,
  0 0 1,0 0 1,
  0 0 1,0 0 1,
  0 0 1,0 0 1,
  0 0 1,0 0 1,
  0 0 1,0 0 1,
  0 0 1,0 0 1,
  0 0 1,0 0 1,
  0 0 1,0 0 1,
  0 0 1,0 0 1,
  0 0 1,0 0 1,
  0 0 1,0 0 1,
  0 0 1,0 0 1,
  0 0 1,0 0 1,
  0 0 1,0 0 1,
  0 0 1,0 0 1,
  0 0 1,0 0 1,
  0 0 1,0 0 1,
  0 0 1,0 0 1,
  0 0 1,0 0 1,
  0 0 1,0 0 1,
  0 0 1,0 0 1,
  0 0 1,0 0 1,
  0 0 1,0 0 1,
  0 0 1,0 0 1,
  0 0 1,0 0 1,
  0 0 1,0 0 1,
  0 0 1,0 0 1,
  0 0 1,0 0 1,
  0 0 1,0 0 1,
  0 0 1,0 0 1,
  0 0 1,0 0 1,
  0 0 1,0 0 1,
  0 0 1,0 0 1,
  0 0 1,0 0 1,
  0 0 1,0 0 1,
  0 0 1,0 0 1,
  0 0 1,0 0 1,
  0 0 1,0 0 1,
  0 0 1,0 0 1,
  0 0 1,0 0 1,
  0 0 1,0 0 1,
  0 0 1,0 0 1,
  0 0 1,0 0 1,
  0 0 1,0 0 1,
  0 0 1,0 0 1,
  0 0 1,0 0 1,
  0 0 1,0 0 1,
  0 0 1,0 0 1,
  0 0 1,0 0 1,
  0 0 1,0 0 1,
  0 0 1,0 0 1,
  0 0 1,0 0 1,
  0 0 1,0 0 1,
  0 0 1,0 0 1,
  0 0 1,0 0 1,
  0 0 1,0 0 1,
  0 0 1,0 0 1,
  0 0 1,0 0 1,
  0 0 1,0 0 1,
  0 0 1,0 0 1,
  0 0 1,0 0 1,
  0 0 1,0 0 1,
  0 0 1,0 0 1,
  0 0 1,0 0 1,
  0 0 1,0 0 1,
  0 0 1,0 0 1,
  0 0 1,0 0 1,
  0 0 1,0 0 1,
  0 0 1,0 0 1,
  0 0 1,0 0 1,
  0 0 1,0 0 1,
  0 0 1,0 0 1,
  0 0 1,0 0 1,
  0 0 1,0 0 1,
  0 0 1,0 0 1,
  0 0 1,0 0 1,
  0 0 1,0 0 1,
  0 0 1,0 0 1,
  0 0 1,0 0 1,
  0 0 1,0 0 1,
  0 0 1,0 0 1,
  0 0 1,0 0 1,
  0 0 1,0 0 1,
  0 0 1,0 0 1,
  0 0 1,0 0 1,
  0 0 1,0 0 1,
  0 0 1,0 0 1,
  0 0 1,0 0 1,
  0 0 1,0 0 1,
  0 0 1,0 0 1,
  0 0 1,0 0 1,
  0 0 1,0 0 1,
  0 0 1,0 0 1,
  0 0 1,0 0 1,
  0 0 1,0 0 1,
  0 0 1,0 0 1,
  0 0 1,0 0 1,
  0 0 1,0 0 1,
  0 0 1,0 0 1,
  0 0 1,0 0 1,
  0 0 1,0 0 1,
  0 0 1,0 0 1,
  0 0 1,0 0 1,
  0 0 1,0 0 1,
  0 0 1,0 0 1,
  0 0 1,0 0 1,
  0 0 1,0 0 1,
  0 0 1,0 0 1,
  0 0 1,0 0 1,
  0 0 1,0 0 1,
  0 0 1,0 0 1,
  0 0 1,0 0 1,
  0 0 1,0 0 1,
  0 0 1,0 0 1,
  0 0 1,0 0 1,
  0 0 1,0 0 1,
  0 0 1,0 0 1,
  0 0 1,0 0 1,
  0 0 1,0 0 1,
  0 0 1,0 0 1,
  0 0 1,0 0 1,
  0 0 1,0 0 1,
  0 0 1,0 0 1,
  0 0 1,0 0 1,
  0 0 1,0 0 1,
  0 0 1,0 0 1,
  0 0 1,0 0 1,
  0 0 1,0 0 1,
  0 0 1,0 0 1,
  0 0 1,0 0 1,
  0 0 1,0 0 1,
  0 0 1,0 0 1,
  0 0 1,0 0 1,
  0 0 1,0 0 1,
  0 0 1,0 0 1,
  0 0 1,0 0 1,
  0 0 1,0 0 1,
  0 0 1,0 0 1,
  0 0 1,0 0 1,
  0 0 1,0 0 1,
  0 0 1,0 0 1,
  0 0 1,0 0 1,
  0 0 1,0 0 1,
  0 0 1,0 0 1,
  0 0 1,0 0 1,
  0 0 1,0 0 1,
  0 0 1,0 0 1,
  0 0 1,0 0 1,
  0 0 1,0 0 1,
  0 0 1,0 0 1,
  0 0 1,0 0 1,
  0 0 1,0 0 1,
  0 0 1,0 0 1,
  0 0 1,0 0 1,
  0 0 1,0 0 1,
  0 0 1,0 0 1,
  0 0 1,0 0 1,
  0 0 1,0 0 1,
  0 0 1,0 0 1,
  0 0 1,0 0 1,
  0 0 1,0 0 1,
  0 0 1,0 0 1,
  0 0 1,0 0 1,
  0 0 1,0 0 1,
  0 0 1,0 0 1,
  0 0 1,0 0 1,
  0 0 1,0 0 1,
  0 0 1,0 0 1,
  0 0 1,0 0 1,
  0 0 1,0 0 1,
  0 0 1,0 0 1,
  0 0 1,0 0 1,
  0 0 1,0 0 1,
  0 0 1,0 0 1,
  0 0 1,0 0 1,
  0 0 1,0 0 1,
  0 0 1,0 0 1,
  0 0 1,0 0 1,
  0 0 1,0 0 1,
  0 0 1,0 0 1,
  0 0 1,0 0 1,
  0 0 1,0 0 1,
  0 0 1,0 0 1,
  0 0 1,0 0 1,
  0 0 1,0 0 1,
  0 0 1,0 0 1,
  0 0 1,0 0 1,
  0 0 1,0 0 1,
  0 0 1,0 0 1,
  0 0 1,0 0 1,
  0 0 1,0 0 1,
  0 0 1,0 0 1,
  0 0 1,0 0 1,
  0 0 1,0 0 1,
  0 0 1,0 0 1,
  0 0 1,0 0 1,
  0 0 1,0 0 1,
  0 0 1,0 0 1,
  0 0 1,0 0 1,
  0 0 1,0 0 1,
  0 0 1,0 0 1,
  0 0 1,0 0 1,
  0 0 1,0 0 1,
  0 0 1,0 0 1,
  0 0 1,0 0 1,
  0 0 1,0 0 1,
  0 0 1,0 0 1,
  0 0 1,0 0 1,
  0 0 1,0 0 1,
  0 0 1,0 0 1,
  0 0 1,0 0 1,
  0 0 1,0 0 1,
  0 0 1,0 0 1,
  0 0 1,0 0 1,
  0 0 1,0 0 1,
  0 0 1,0 0 1,
  0 0 1,0 0 1,
  0 0 1,0 0 1,
  0 0 1,0 0 1,
  0 0 1,0 0 1,
  0 0 1,0 0 1,
  0 0 1,0 0 1,
  0 0 1,0 0 1,
  0 0 1,0 0 1,
  0 0 1,0 0 1,
  0 0 1,0 0 1,
  0 0 1,0 0 1,
  0 0 1,0 0 1,
  0 0 1,0 0 1,
  0 0 1,0 0 1,
  0 0 1,0 0 1,
  0 0 1,0 0 1,
  0 0 1,0 0 1,
  0 0 1,0 0 1,
  0 0 1,0 0 1,
  0 0 1,0 0 1,
  0 0 1,0 0 1,
  0 0 1,0 0 1,
  0 0 1,0 0 1,
  0 0 1,0 0 1,
  0 0 1,0 0 1,
  0 0 1,0 0 1,
  0 0 1,0 0 1,
  0 0 1,0 0 1,
  0 0 1,0 0 1,
  0 0 1,0 0 1,
  0 0 1,0 0 1,
  0 0 1,0 0 1,
  0 0 1,0 0 1,
  0 0 1,0 0 1,
  0 0 1,0 0 1,
  0 0 1,0 0 1,
  0 0 1,0 0 1,
  0 0 1,0 0 1,
  0 0 1,0 0 1,
  0 0 1,0 0 1,
  0 0 1,0 0 1,
  0 0 1,0 0 1,
  0 0 1,0 0 1,
  0 0 1,0 0 1,
  0 0 1,0 0 1,
  0 0 1,0 0 1,
  0 0 1,0 0 1,
  0 0 1,0 0 1,
  0 0 1,0 0 1,
  0 0 1,0 0 1,
  0 0 1,0 0 1,
  0 0 1,0 0 1,
  0 0 1,0 0 1,
  0 0 1,0 0 1,
  0 0 1,0 0 1,
  0 0 1,0 0 1,
  0 0 1,0 0 1,
  0 0 1,0 0 1,
  0 0 1,0 0 1,
  0 0 1,0 0 1,
  0 0 1,0 0 1,
  0 0 1,0 0 1,
  0 0 1,0 0 1,
  0 0 1,0 0 1,
  0 0 1,0 0 1,
  0 0 1,0 0 1,
  0 0 1,0 0 1,
  0 0 1,0 0 1,
  0 0 1,0 0 1,
  0 0 1,0 0 1,
  0 0 1,0 0 1,
  0 0 1,0 0 1,
  0 0 1,0 0 1,
  0 0 1,0 0 1,
  0 0 1,0 0 1,
  0 0 1,0 0 1,
  0 0 1,0 0 1,
  0 0 1,0 0 1,
  0 0 1,0 0 1,
  0 0 1,0 0 1,
  0 0 1,0 0 1,
  0 0 1,0 0 1,
  0 0 1,0 0 1,
  0 0 1,0 0 1,
  0 0 1,0 0 1,
  0 0 1] }
}
}
] }
DEF TXFM_9 Transform {
  center 0 0 0
  rotation 0 0 1 0
  scale 1 1 1
  scaleOrientation 0 0 1 0
  translation 0 0 0
 children [
DEF SHAPE_9 Shape {
 appearance DEF APP_7 Appearance {
  material Material {
   ambientIntensity 0.74468082
   diffuseColor 0.94 0.94 0.94
   emissiveColor 0 0 0
   shininess 0.02
   specularColor 0.94599998 0.94599998 0.94599998
   transparency 0
} }
 geometry DEF FACE_9 IndexedFaceSet {
  coord DEF COORD_9 Coordinate { point [
  52.595042 -19.990204 -0.34448819,52.597165 -19.987756 -0.34448819,
  52.600158 -19.986516 -0.34448819,52.609532 -19.977142 -0.34448819,
  52.610772 -19.974148 -0.34448819,52.61322 -19.972026 -0.34448819,
  52.622593 -19.953278 -0.34448819,52.622917 -19.948708 -0.34448819,
  52.624671 -19.944475 -0.34448819,52.624671 -19.925727 -0.34448819,
  52.622917 -19.921493 -0.34448819,52.622593 -19.916924 -0.34448819,
  52.61322 -19.898176 -0.34448819,52.610772 -19.896053 -0.34448819,
  52.609532 -19.89306 -0.34448819,52.600158 -19.883686 -0.34448819,
  52.597164 -19.882446 -0.34448819,52.595042 -19.879999 -0.34448819,
  52.576294 -19.870625 -0.34448819,52.571724 -19.8703 -0.34448819,
  52.567491 -19.868547 -0.34448819,52.520622 -19.868547 -0.34448819,
  52.517628 -19.869787 -0.34448819,52.514397 -19.869557 -0.34448819,
  52.486275 -19.878931 -0.34448819,52.474894 -19.888803 -0.34448819,
  52.473826 -19.903831 -0.34448819,52.483697 -19.915213 -0.34448819,
  52.498726 -19.916281 -0.34448819,52.523817 -19.907917 -0.34448819,
  52.562844 -19.907917 -0.34448819,52.574578 -19.913784 -0.34448819,
  52.579434 -19.918639 -0.34448819,52.585301 -19.930374 -0.34448819,
  52.585301 -19.939828 -0.34448819,52.579434 -19.951562 -0.34448819,
  52.574578 -19.956418 -0.34448819,52.56062 -19.963397 -0.34448819,
  52.525221 -19.972247 -0.34448819,52.523424 -19.973579 -0.34448819,
  52.521192 -19.973737 -0.34448819,52.502445 -19.983111 -0.34448819,
  52.500322 -19.985558 -0.34448819,52.497328 -19.986798 -0.34448819,
  52.487955 -19.996172 -0.34448819,52.486715 -19.999166 -0.34448819,
  52.484268 -20.001288 -0.34448819,52.474894 -20.020036 -0.34448819,
  52.474569 -20.024606 -0.34448819,52.472815 -20.028839 -0.34448819,
  52.472815 -20.047587 -0.34448819,52.474569 -20.05182 -0.34448819,
  52.474894 -20.056391 -0.34448819,52.484268 -20.075138 -0.34448819,
  52.486715 -20.07726 -0.34448819,52.487955 -20.080254 -0.34448819,
  52.497328 -20.089628 -0.34448819,52.500322 -20.090868 -0.34448819,
  52.502445 -20.093316 -0.34448819,52.521192 -20.102689 -0.34448819,
  52.525762 -20.103013 -0.34448819,52.529996 -20.104767 -0.34448819,
  52.576865 -20.104767 -0.34448819,52.579858 -20.103527 -0.34448819,
  52.58309 -20.103757 -0.34448819,52.611211 -20.094383 -0.34448819,
  52.622593 -20.084512 -0.34448819,52.623661 -20.069484 -0.34448819,
  52.61379 -20.058102 -0.34448819,52.598761 -20.057034 -0.34448819,
  52.573671 -20.065397 -0.34448819,52.534643 -20.065397 -0.34448819,
  52.522908 -20.05953 -0.34448819,52.518052 -20.054674 -0.34448819,
  52.512185 -20.04294 -0.34448819,52.512185 -20.033486 -0.34448819,
  52.518052 -20.021752 -0.34448819,52.522908 -20.016896 -0.34448819,
  52.536867 -20.009917 -0.34448819,52.572265 -20.001067 -0.34448819,
  52.574062 -19.999735 -0.34448819,52.576294 -19.999577 -0.34448819,
  52.138167 -19.869322 -0.34448819,52.136295 -19.868547 -0.34448819,
  52.131 -19.87074 -0.34448819,52.125376 -19.871853 -0.34448819,
  52.124247 -19.873537 -0.34448819,52.122376 -19.874313 -0.34448819,
  52.120182 -19.879607 -0.34448819,52.116992 -19.884371 -0.34448819,
  52.117385 -19.886359 -0.34448819,52.11661 -19.888232 -0.34448819,
  52.116609 -20.001535 -0.34448819,52.124909 -20.013955 -0.34448819,
  52.137795 -20.07874 -0.34448819,52.132617 -20.104767 -0.34448819,
  52.136295 -20.104767 -0.34448819,52.192538 -20.104767 -0.34448819,
  52.206457 -20.099002 -0.34448819,52.212223 -20.085082 -0.34448819,
  52.206457 -20.071163 -0.34448819,52.192538 -20.065397 -0.34448819,
  52.15598 -20.065397 -0.34448819,52.15598 -19.94513 -0.34448819,
  52.15987 -19.94902 -0.34448819,52.162864 -19.95026 -0.34448819,
  52.164987 -19.952708 -0.34448819,52.183734 -19.962081 -0.34448819,
  52.198763 -19.963149 -0.34448819,52.210144 -19.953278 -0.34448819,
  52.211212 -19.93825 -0.34448819,52.201341 -19.926868 -0.34448819,
  52.18545 -19.918922 -0.34448819,52.170341 -19.903813 -0.34448819,
  52.152674 -19.877313 -0.34448819,52.150989 -19.876184 -0.34448819,
  52.150214 -19.874313 -0.34448819,52.144919 -19.872119 -0.34448819,
  52.140156 -19.868929 -0.34448819,52.446033 -19.892791 -0.34448819,
  52.443649 -19.877915 -0.34448819,52.431443 -19.869082 -0.34448819,
  52.416567 -19.871467 -0.34448819,52.407734 -19.883672 -0.34448819,
  52.378934 -20.004632 -0.34448819,52.36154 -19.939403 -0.34448819,
  52.359908 -19.937271 -0.34448819,52.359555 -19.934612 -0.34448819,
  52.355493 -19.931503 -0.34448819,52.352382 -19.927439 -0.34448819,
  52.349722 -19.927085 -0.34448819,52.347591 -19.925455 -0.34448819,
  52.34252 -19.926128 -0.34448819,52.337447 -19.925454 -0.34448819,
  52.335316 -19.927085 -0.34448819,52.332656 -19.927439 -0.34448819,
  52.329546 -19.931502 -0.34448819,52.325483 -19.934612 -0.34448819,
  52.32513 -19.937272 -0.34448819,52.323499 -19.939403 -0.34448819,
  52.306104 -20.004631 -0.34448819,52.277305 -19.883672 -0.34448819,
  52.268472 -19.871467 -0.34448819,52.253596 -19.869082 -0.34448819,
  52.241391 -19.877915 -0.34448819,52.239006 -19.892791 -0.34448819,
  52.285874 -20.089642 -0.34448819,52.2876 -20.092026 -0.34448819,
  52.287988 -20.094945 -0.34448819,52.291853 -20.097904 -0.34448819,
  52.294707 -20.101847 -0.34448819,52.297614 -20.102313 -0.34448819,
  52.299952 -20.104103 -0.34448819,52.304777 -20.103461 -0.34448819,
  52.309583 -20.104232 -0.34448819,52.311968 -20.102506 -0.34448819,
  52.314887 -20.102118 -0.34448819,52.317845 -20.098253 -0.34448819,
  52.321789 -20.095399 -0.34448819,52.322255 -20.092492 -0.34448819,
  52.324044 -20.090154 -0.34448819,52.342519 -20.020874 -0.34448819,
  52.360994 -20.090154 -0.34448819,52.362783 -20.092492 -0.34448819,
  52.36325 -20.095399 -0.34448819,52.367193 -20.098253 -0.34448819,
  52.370152 -20.102118 -0.34448819,52.37307 -20.102506 -0.34448819,
  52.375455 -20.104232 -0.34448819,52.380262 -20.103461 -0.34448819,
  52.385087 -20.104102 -0.34448819,52.387424 -20.102313 -0.34448819,
  52.390331 -20.101847 -0.34448819,52.393186 -20.097903 -0.34448819,
  52.39705 -20.094945 -0.34448819,52.397438 -20.092027 -0.34448819,
  52.399164 -20.089642 -0.34448819] }
 coordIndex [
  2,1,15,-1,2,15,3,-1,3,15,14,-1,3,14,4,-1,4,14,13,-1,4,13,5,-1,5,13,12,-1,5,12,6,-1,
  6,12,11,-1,6,11,7,-1,7,11,10,-1,7,10,8,-1,8,10,9,-1,16,15,1,-1,16,1,17,-1,17,1,0,-1,
  17,0,33,-1,33,0,34,-1,17,33,32,-1,17,32,18,-1,18,32,31,-1,18,31,19,-1,19,31,20,-1,21,20,29,-1,
  29,20,30,-1,30,20,31,-1,22,21,29,-1,22,29,23,-1,23,29,28,-1,23,28,24,-1,24,28,27,-1,24,27,25,-1,
  25,27,26,-1,80,79,36,-1,80,36,81,-1,81,36,35,-1,81,35,0,-1,0,35,34,-1,38,37,78,-1,78,37,79,-1,
  79,37,36,-1,76,75,40,-1,76,40,77,-1,77,40,39,-1,77,39,78,-1,78,39,38,-1,42,41,58,-1,58,41,59,-1,
  59,41,74,-1,74,41,75,-1,75,41,40,-1,64,63,69,-1,64,69,65,-1,65,69,68,-1,65,68,66,-1,66,68,67,-1,
  63,62,69,-1,69,62,70,-1,70,62,71,-1,71,62,61,-1,71,61,60,-1,71,60,72,-1,72,60,59,-1,72,59,73,-1,
  73,59,74,-1,42,58,57,-1,42,57,43,-1,43,57,56,-1,43,56,44,-1,44,56,55,-1,44,55,45,-1,45,55,54,-1,
  45,54,46,-1,46,54,53,-1,46,53,47,-1,47,53,52,-1,47,52,48,-1,48,52,51,-1,48,51,49,-1,49,51,50,-1,
  106,105,113,-1,106,113,107,-1,107,113,112,-1,107,112,108,-1,108,112,111,-1,108,111,109,-1,109,111,110,-1,102,115,114,-1,
  102,114,103,-1,103,114,113,-1,103,113,104,-1,104,113,105,-1,120,119,121,-1,121,119,122,-1,122,119,123,-1,123,119,176,-1,
  124,123,169,-1,169,123,170,-1,170,123,171,-1,171,123,172,-1,172,123,173,-1,173,123,174,-1,174,123,175,-1,175,123,176,-1,
  125,124,163,-1,163,124,164,-1,164,124,165,-1,165,124,166,-1,166,124,167,-1,167,124,168,-1,168,124,169,-1,163,162,125,-1,
  125,162,126,-1,126,162,127,-1,127,162,128,-1,128,162,129,-1,129,162,130,-1,130,162,131,-1,131,162,132,-1,132,162,161,-1,
  132,161,133,-1,133,161,134,-1,134,161,135,-1,135,161,136,-1,136,161,137,-1,137,161,138,-1,138,161,160,-1,140,139,154,-1,
  154,139,155,-1,155,139,156,-1,156,139,157,-1,157,139,158,-1,158,139,159,-1,159,139,160,-1,160,139,138,-1,141,140,146,-1,
  146,140,147,-1,147,140,148,-1,148,140,149,-1,149,140,150,-1,150,140,151,-1,151,140,152,-1,152,140,153,-1,153,140,154,-1,
  141,146,142,-1,142,146,143,-1,143,146,144,-1,144,146,145,-1,100,99,98,-1,100,98,101,-1,101,98,97,-1,101,97,102,-1,
  102,97,94,-1,102,94,82,-1,82,94,83,-1,115,102,116,-1,116,102,117,-1,117,102,118,-1,118,102,82,-1,95,94,96,-1,
  96,94,97,-1,87,86,93,-1,87,93,88,-1,88,93,90,-1,88,90,89,-1,93,86,85,-1,93,85,94,-1,94,85,84,-1,
  94,84,83,-1,92,91,93,-1,93,91,90,-1]
  normalPerVertex TRUE
  normal DEF NORM_9 Normal { vector [
  0 0 -1,0 0 -1,
  0 0 -1,0 0 -1,
  0 0 -1,0 0 -1,
  0 0 -1,0 0 -1,
  0 0 -1,0 0 -1,
  0 0 -1,0 0 -1,
  0 0 -1,0 0 -1,
  0 0 -1,0 0 -1,
  0 0 -1,0 0 -1,
  0 0 -1,0 0 -1,
  0 0 -1,0 0 -1,
  0 0 -1,0 0 -1,
  0 0 -1,0 0 -1,
  0 0 -1,0 0 -1,
  0 0 -1,0 0 -1,
  0 0 -1,0 0 -1,
  0 0 -1,0 0 -1,
  0 0 -1,0 0 -1,
  0 0 -1,0 0 -1,
  0 0 -1,0 0 -1,
  0 0 -1,0 0 -1,
  0 0 -1,0 0 -1,
  0 0 -1,0 0 -1,
  0 0 -1,0 0 -1,
  0 0 -1,0 0 -1,
  0 0 -1,0 0 -1,
  0 0 -1,0 0 -1,
  0 0 -1,0 0 -1,
  0 0 -1,0 0 -1,
  0 0 -1,0 0 -1,
  0 0 -1,0 0 -1,
  0 0 -1,0 0 -1,
  0 0 -1,0 0 -1,
  0 0 -1,0 0 -1,
  0 0 -1,0 0 -1,
  0 0 -1,0 0 -1,
  0 0 -1,0 0 -1,
  0 0 -1,0 0 -1,
  0 0 -1,0 0 -1,
  0 0 -1,0 0 -1,
  0 0 -1,0 0 -1,
  0 0 -1,0 0 -1,
  0 0 -1,0 0 -1,
  0 0 -1,0 0 -1,
  0 0 -1,0 0 -1,
  0 0 -1,0 0 -1,
  0 0 -1,0 0 -1,
  0 0 -1,0 0 -1,
  0 0 -1,0 0 -1,
  0 0 -1,0 0 -1,
  0 0 -1,0 0 -1,
  0 0 -1,0 0 -1,
  0 0 -1,0 0 -1,
  0 0 -1,0 0 -1,
  0 0 -1,0 0 -1,
  0 0 -1,0 0 -1,
  0 0 -1,0 0 -1,
  0 0 -1,0 0 -1,
  0 0 -1,0 0 -1,
  0 0 -1,0 0 -1,
  0 0 -1,0 0 -1,
  0 0 -1,0 0 -1,
  0 0 -1,0 0 -1,
  0 0 -1,0 0 -1,
  0 0 -1,0 0 -1,
  0 0 -1,0 0 -1,
  0 0 -1,0 0 -1,
  0 0 -1,0 0 -1,
  0 0 -1,0 0 -1,
  0 0 -1,0 0 -1,
  0 0 -1,0 0 -1,
  0 0 -1,0 0 -1,
  0 0 -1,0 0 -1,
  0 0 -1,0 0 -1,
  0 0 -1,0 0 -1,
  0 0 -1,0 0 -1,
  0 0 -1,0 0 -1,
  0 0 -1,0 0 -1,
  0 0 -1,0 0 -1,
  0 0 -1,0 0 -1,
  0 0 -1,0 0 -1,
  0 0 -1,0 0 -1,
  0 0 -1,0 0 -1,
  0 0 -1,0 0 -1,
  0 0 -1,0 0 -1,
  0 0 -1,0 0 -1,
  0 0 -1,0 0 -1,
  0 0 -1,0 0 -1,
  0 0 -1] }
}
}
] }
] }
